31
 energy: -44.108160250350 gnorm: 0.046560292709 xtb: 6.7.1 (edcfbbe)
C           -3.42488408832400       -0.10672732427700       -2.01530946967800
C           -2.46233641097000        0.20109923412400       -0.91265020035900
C           -2.59597460839000       -0.06861122075400        0.40272207249100
C           -3.77732633955200       -0.73833530007900        1.04391577199200
C           -1.51676044562000        0.28917521795900        1.38026230789000
O           -1.52129785496600       -0.08569075869800        2.54423582552400
O           -0.56347194547500        1.06785291880900        0.81235717265900
C            0.53480328177000        1.44137054794900        1.66212468097700
C            1.57701956016000        0.32474233950800        1.75874039993800
C            2.31112966107300        0.10816253701700        0.45543711612000
C            1.83821103751000       -0.82193827866700       -0.48034146023200
C            2.50598166327900       -1.00948974831900       -1.69130106148000
C            3.65021506129300       -0.26818355985700       -1.97942894823100
C            4.12691102935700        0.66216568821100       -1.05774452669100
C            3.46021780139400        0.85170452959600        0.15386285046400
H           -3.78426115941100        0.82537371482700       -2.46224903741100
H           -2.91428933565900       -0.68170396450400       -2.79468476769400
H           -4.29191630251200       -0.68734518271900       -1.69629535980800
H           -1.55582136408500        0.69212583264200       -1.26720664790100
H           -4.15467363171200       -0.13192793584400        1.87489743785400
H           -4.61593721970900       -0.88681348571200        0.36061245687800
H           -3.49071394490600       -1.72043710755100        1.43479152774600
H            0.97496873049600        2.34976030578900        1.23573126291100
H            0.16347892911700        1.70942023140600        2.65870185630600
H            1.11047281546200       -0.61892127983400        2.06527376283800
H            2.30683257980500        0.57595249293000        2.53825005270600
H            0.94387351291100       -1.40467838600200       -0.27097693956500
H            2.13238898526700       -1.73406481679000       -2.40988375779600
H            4.17001986057700       -0.41504978984900       -2.92233593936700
H            5.01870739956000        1.24112055615100       -1.28280255654200
H            3.84443274226100        1.58287690149100        0.86129411746100
31
 energy: -44.111683964838 gnorm: 0.012787206356 xtb: 6.7.1 (edcfbbe)
C           -3.42024147615357       -0.10935615499638       -2.00489545284327
C           -2.46001662745895        0.19796701810166       -0.90652948141189
C           -2.59761530873398       -0.06360155981045        0.39703908854356
C           -3.77351688323925       -0.73498300344794        1.03929535351121
C           -1.51478811045457        0.28844689142797        1.36077262158575
O           -1.51581868875994       -0.06921907939609        2.51544373391349
O           -0.55736630075756        1.06111875680370        0.81087613379436
C            0.53481743885587        1.42674988707537        1.65827054142266
C            1.58499835542575        0.31911581692173        1.75452877208051
C            2.30753016010853        0.11004364143113        0.44778429205136
C            1.84000282153606       -0.81213789031788       -0.48229267751447
C            2.50308852142011       -0.99957810026851       -1.68507152853095
C            3.64213714591350       -0.26540507449510       -1.97276279660194
C            4.11336143627287        0.65935593778960       -1.05525861862726
C            3.44812801259494        0.84734615907420        0.14614139241213
H           -3.77108095371456        0.82139540415747       -2.45319542843242
H           -2.90982033137214       -0.67517650036414       -2.78582594931105
H           -4.28417846871892       -0.68166550419582       -1.67543406582870
H           -1.55417690988662        0.68795764012115       -1.24506380095420
H           -4.12990274507486       -0.13382390395794        1.87656865820940
H           -4.59925239958716       -0.88146085211107        0.34627890176842
H           -3.47665835527927       -1.70518689779694        1.43911933971612
H            0.96564321256226        2.32865029502462        1.21205176214384
H            0.14913286723314        1.67084055588287        2.65583265697542
H            1.09269135291275       -0.60753351331796        2.06238260981989
H            2.30186524105920        0.59250774383484        2.53470089604095
H            0.95288635117894       -1.39306708136329       -0.26586443469014
H            2.13258523587968       -1.72413515935000       -2.39784147702790
H            4.16253355484258       -0.41440292694102       -2.90948493413585
H            5.00352173787416        1.23367485051264       -1.27516310049994
H            3.82951011352203        1.56854751292457        0.85759699242091
31
 energy: -44.112069358914 gnorm: 0.006183229803 xtb: 6.7.1 (edcfbbe)
C           -3.41385775309964       -0.10866259536496       -2.00483150090379
C           -2.45357723235251        0.19549023786028       -0.90835839837615
C           -2.59425837118664       -0.06346823899843        0.39254943727545
C           -3.76594652736426       -0.73439691555738        1.04181608486460
C           -1.51463758871619        0.29360534888664        1.35101989021348
O           -1.50517787926578       -0.05856039064264        2.50549661197377
O           -0.55254905634240        1.05610991802999        0.80322034417036
C            0.53286910008328        1.42149364000872        1.65114869116626
C            1.58564089930209        0.31399602861252        1.75426191396759
C            2.30428814309664        0.10508217328349        0.44967424444751
C            1.83588897998466       -0.81193458880408       -0.48063790299917
C            2.49534207743737       -0.99551739254588       -1.68300917092012
C            3.63322939337589       -0.26266112251916       -1.97082045314199
C            4.10343456778992        0.65997690339209       -1.05298742220845
C            3.44099151938447        0.84331450097364        0.14738098923950
H           -3.76149975953594        0.82269855028381       -2.45213580357015
H           -2.90603981954347       -0.67322202338310       -2.78608622835367
H           -4.27553735695809       -0.67627321714087       -1.66805376017543
H           -1.54628499184362        0.68569762390048       -1.23576195267870
H           -4.11196821109739       -0.13303559444861        1.88071389070031
H           -4.58729191855237       -0.88038251401646        0.34841915303674
H           -3.46232246662847       -1.69970900050718        1.44431541171004
H            0.95779321257221        2.32115741514859        1.19856885320918
H            0.13991969575490        1.65178852580105        2.64855307616362
H            1.08647926575041       -0.60609940460217        2.06483288082547
H            2.29739057469539        0.59992816790597        2.53158760616228
H            0.94960668390030       -1.38983212187163       -0.26104938994511
H            2.12437814972829       -1.71832269884949       -2.39484152734283
H            4.15401364244258       -0.41218982838857       -2.90522016684877
H            4.99220241058374        1.23420215466691       -1.27076288455648
H            3.81748061660564        1.56271136783940        0.86099748289464
31
 energy: -44.112138136978 gnorm: 0.002825390376 xtb: 6.7.1 (edcfbbe)
C           -3.40901091141551       -0.10840896157928       -2.00752217310826
C           -2.44899368051832        0.19518664476739       -0.91141178496682
C           -2.59138665920007       -0.06301274877679        0.38994799551668
C           -3.76088727730963       -0.73390996311732        1.04399575762214
C           -1.50946976793938        0.28988886245020        1.34404293273611
O           -1.50031157296538       -0.05173690202667        2.50293257591926
O           -0.54651355296923        1.05074772825671        0.79646535339667
C            0.53201007174410        1.42072344410313        1.64813359023293
C            1.58595972195396        0.31263081827783        1.75701651225320
C            2.30174909452467        0.10168125268083        0.45298743945853
C            1.83062247754995       -0.81318376290895       -0.47843435376175
C            2.48785382727525       -0.99431210633541       -1.68239362319279
C            3.62577724791030       -0.26126507535474       -1.97083821109392
C            4.09760364864589        0.66036272237694       -1.05227375422526
C            3.43739836178504        0.84140219884758        0.14938929814815
H           -3.75492270136996        0.82371560577050       -2.45453313450811
H           -2.90322449975466       -0.67417607505041       -2.78886363999263
H           -4.27064470367494       -0.67346361009989       -1.66766957337600
H           -1.53914289904770        0.68331167620690       -1.23408004158934
H           -4.10125348229847       -0.13190698546513        1.88432787594300
H           -4.58388613342205       -0.88063611684389        0.35406089058030
H           -3.45305995368345       -1.69806218116028        1.44581103212136
H            0.95691287119180        2.31944740464288        1.19586189501296
H            0.13461368309652        1.64670961416645        2.64421326504114
H            1.08499976816811       -0.60473363571988        2.07073629441731
H            2.29613988375615        0.60386540161707        2.53264139390276
H            0.94434532161468       -1.39029972199727       -0.25675520185145
H            2.11452059501835       -1.71459613793847       -2.39545754872153
H            4.14450826420416       -0.40877342051220       -2.90640405830727
H            4.98492944840662        1.23628828872656       -1.27078593183379
H            3.81276350872421        1.55950065094859        0.86485892822637
31
 energy: -44.112176204698 gnorm: 0.002038631600 xtb: 6.7.1 (edcfbbe)
C           -3.40383966599522       -0.10798959200964       -2.01098312106676
C           -2.44250367466598        0.19251144380002       -0.91555203085444
C           -2.58606191787485       -0.06551361952720        0.38664227624615
C           -3.75413012585912       -0.73555976985508        1.04485760755676
C           -1.50751540807374        0.29323428642165        1.33964284685025
O           -1.49652074419066       -0.04462655808409        2.50069947871918
O           -0.54011996789150        1.04812755315117        0.79027957524389
C            0.53252820017568        1.42079872873018        1.64622467541301
C            1.58686639149468        0.31173531640404        1.76186000920546
C            2.29946249086826        0.09763658142318        0.45770085468256
C            1.82413805911314       -0.81499061857547       -0.47473036754278
C            2.47762149270877       -0.99284140632585       -1.68164114176676
C            3.61507510403578       -0.25903238657205       -1.97193255570901
C            4.09066424832099        0.66058451871833       -1.05255232344082
C            3.43446090496934        0.83862912016382        0.15187963327209
H           -3.74746932182790        0.82521257259130       -2.45798470141014
H           -2.90084719103247       -0.67583724030840       -2.79267345346374
H           -4.26651504631847       -0.67015203115337       -1.66897753241292
H           -1.53075570964294        0.67946697367307       -1.23494829469074
H           -4.09007154360759       -0.13196489639667        1.88584962741850
H           -4.58035524785685       -0.88358335109369        0.35923808426605
H           -3.44302042623819       -1.69884998812595        1.44656365289491
H            0.96040746703200        2.31823014972573        1.19564152496967
H            0.13071859717579        1.64647196628388        2.64002371950019
H            1.08469746517908       -0.60310464898828        2.08018620552430
H            2.29687609867685        0.60707000582035        2.53548457850032
H            0.93778940326842       -1.39165180241267       -0.25080750574940
H            2.10102230590833       -1.71033389890305       -2.39618423045031
H            4.13046482419074       -0.40396543203735       -2.90984995230477
H            4.97673315314347        1.23804866446306       -1.27290646365572
H            3.81019978481522        1.55522426795198        0.86894932425497
31
 energy: -44.112199259001 gnorm: 0.002381877166 xtb: 6.7.1 (edcfbbe)
C           -3.40041857574857       -0.10859045603059       -2.01355004683918
C           -2.43835388128172        0.19109201741980       -0.91864359726644
C           -2.58170545002718       -0.06679431957984        0.38398810835224
C           -3.74886862804034       -0.73689755133165        1.04385341524877
C           -1.50390211643914        0.29297072416728        1.33675234623148
O           -1.49607977553864       -0.04012004521385        2.49943843164957
O           -0.53447525594014        1.04669667474497        0.78741157199287
C            0.53431757545572        1.42176510929395        1.64679798011780
C            1.58840389210437        0.31230964058256        1.76675100164900
C            2.29854219648122        0.09533946318718        0.46175991257022
C            1.81934102038178       -0.81583387342945       -0.47050328732694
C            2.46853296443200       -0.99130375361034       -1.68034890332747
C            3.60504589852924       -0.25695429627875       -1.97341541686155
C            4.08510708808938        0.66033137213465       -1.05382200891298
C            3.43337239659390        0.83618039223464        0.15348283070128
H           -3.74215061862682        0.82511834152749       -2.46124524875338
H           -2.89938837778639       -0.67843367484862       -2.79531976161629
H           -4.26451181293534       -0.66850352494524       -1.67078957083555
H           -1.52586068479929        0.67688542014685       -1.23808201000881
H           -4.08298241819044       -0.13333495483033        1.88576387732780
H           -4.57771344997513       -0.88532789343969        0.36092888096787
H           -3.43681732467150       -1.70052147185973        1.44438431596422
H            0.96499430748210        2.31878163221444        1.19773974967820
H            0.12912839331001        1.64944637991982        2.63864427231835
H            1.08634610042298       -0.60135272506941        2.08895396467040
H            2.29942430816552        0.60967132336381        2.53874329447786
H            0.93317888705771       -1.39238713346045       -0.24471872332092
H            2.08891869231898       -1.70691907011359       -2.39549940857704
H            4.11659297248388       -0.39973289111524       -2.91400884511817
H            4.97062753665692        1.23807487383140       -1.27645879307734
H            3.81135414003600        1.55132917934086        0.87101166792409
31
 energy: -44.112226349693 gnorm: 0.001812890333 xtb: 6.7.1 (edcfbbe)
C           -3.39684088972135       -0.10979433496284       -2.01610650347027
C           -2.43380203562988        0.18968821500307       -0.92198354174811
C           -2.57600800883156       -0.06830491272414        0.38075543849467
C           -3.74222204488025       -0.73940262337500        1.04088965479473
C           -1.49991850301202        0.29386071907037        1.33490183071819
O           -1.49641014065842       -0.03568492476097        2.49830183077685
O           -0.52841016775723        1.04671676079468        0.78606196505989
C            0.53743526365370        1.42316076421897        1.64873365769394
C            1.59091107996816        0.31391619842796        1.77311570414329
C            2.29795702919498        0.09368746602779        0.46661454087023
C            1.81371399596251       -0.81595424870851       -0.46444139981594
C            2.45682950694419       -0.98936534752382       -1.67792882883325
C            3.59196608226649       -0.25482954155372       -1.97541948558719
C            4.07836702343804        0.65929018040646       -1.05607596632148
C            3.43278328066258        0.83317839800439        0.15483293839855
H           -3.73637912794648        0.82407818291580       -2.46527860781359
H           -2.89781257020063       -0.68220031987277       -2.79753446837122
H           -4.26268532240426       -0.66706977260360       -1.67280242099562
H           -1.52183434617112        0.67561405867140       -1.24303134786822
H           -4.07555258235500       -0.13726917533145        1.88427823466536
H           -4.57304523445638       -0.88724624239688        0.35957493775252
H           -3.43012391984709       -1.70402445929725        1.43921861650294
H            0.97106818677216        2.31979402964555        1.20067317527568
H            0.12880251579350        1.65426891711348        2.63850817228753
H            1.08965841926169       -0.59879283813419        2.09984209383751
H            2.30379604171099        0.61344831243647        2.54291221498705
H            0.92832105010339       -1.39269269922691       -0.23589036546961
H            2.07313706077307       -1.70303771888803       -2.39299988178568
H            4.09762303300560       -0.39479994681322       -2.91984759593218
H            4.96343424863545        1.23658413443366       -1.28210468846424
H            3.81524107572625        1.54616767795613        0.87223009621760
31
 energy: -44.112263697725 gnorm: 0.001846234880 xtb: 6.7.1 (edcfbbe)
C           -3.39005832826461       -0.11197730126485       -2.01992969173894
C           -2.42563724726674        0.18837535258902       -0.92705011678130
C           -2.56567591763743       -0.07053496061322        0.37534378787547
C           -3.73034113285694       -0.74508697899214        1.03400281139380
C           -1.49268116677910        0.29545314421843        1.33274394052019
O           -1.49581414312109       -0.02948900737078        2.49678052442882
O           -0.51893494890646        1.04754878354876        0.78559012984583
C            0.54303744128310        1.42597323586586        1.65275039223262
C            1.59589629477048        0.31807802510256        1.78427480284301
C            2.29758509451942        0.09184165919137        0.47539522828929
C            1.80350750927920       -0.81497069588281       -0.45267047115219
C            2.43449879654742       -0.98568894907966       -1.67285969496601
C            3.56737890213040       -0.25176930018036       -1.97938924862018
C            4.06612709954423        0.65642561047109       -1.06095115068957
C            3.43249649114059        0.82773306281233        0.15656124691674
H           -3.72560723666185        0.82154745963561       -2.47279854946984
H           -2.89389277997909       -0.68952151104694       -2.79951607254286
H           -4.25867307464352       -0.66428573431174       -1.67522611621018
H           -1.51558974222035        0.67617427320515       -1.25096281056819
H           -4.06269363466380       -0.14757369101226        1.88111343543901
H           -4.56256676463652       -0.88976049838115        0.35332402105980
H           -3.41838299045062       -1.71206261538105        1.42681369769138
H            0.97962915837135        2.32172201459164        1.20440985975173
H            0.12916159421787        1.66195578210833        2.63957402835044
H            1.09648289004238       -0.59308091389467        2.11852762222645
H            2.31156326171526        0.62261514990409        2.54997395606401
H            0.91938515789487       -1.39111694980018       -0.21828201417712
H            2.04265230300922       -1.69622044955516       -2.38658118531033
H            4.06199813865857       -0.38780921092333       -2.93035297190856
H            4.95088113885616        1.23160589632528       -1.29333826628311
H            3.82426783610871        1.53688422707356        0.87272887548972
31
 energy: -44.112292461776 gnorm: 0.001594154094 xtb: 6.7.1 (edcfbbe)
C           -3.38296003839511       -0.11298424887760       -2.02225082078442
C           -2.41916034271468        0.18921399888197       -0.92909409114671
C           -2.55888124832587       -0.07166937476106        0.37274720915907
C           -3.72266019742500       -0.75054675553981        1.02872917420183
C           -1.48823269767739        0.29637200834383        1.33247640394885
O           -1.49375187509231       -0.02768715948864        2.49663036797976
O           -0.51437863194067        1.04855884202407        0.78708661801995
C            0.54591142765479        1.42877029963923        1.65588746122689
C            1.59937640603558        0.32232989392211        1.79108561651217
C            2.29692728453952        0.09218238676217        0.48074125410649
C            1.79517538201497       -0.81273431271321       -0.44482857155830
C            2.41768114970941       -0.98352714881072       -1.66915409272132
C            3.55008681743987       -0.25170735141823       -1.98222392471997
C            4.05770069165612        0.65299398917888       -1.06527203927934
C            3.43230516861294        0.82451355081042        0.15635165675740
H           -3.71574324067201        0.81958605500376       -2.47894250402027
H           -2.88713074543834       -0.69456255604847       -2.79888385315079
H           -4.25307827663356       -0.66203666317709       -1.67666656177698
H           -1.51066686657867        0.67991201683568       -1.25302267781218
H           -4.05426257082962       -0.15819003962756        1.87963154342882
H           -4.55464590315077       -0.89126643995155        0.34735256848230
H           -3.41010288694183       -1.71967237949872        1.41565580709167
H            0.98209664972980        2.32380803739597        1.20600566712259
H            0.12982144959670        1.66582811811106        2.64153039537048
H            1.10133337356700       -0.58774827759435        2.12993186500719
H            2.31621122197275        0.63120612677456        2.55379952270079
H            0.91149129616314       -1.38726684586817       -0.20531541077178
H            2.01902575445513       -1.69182820913675       -2.38115494817699
H            4.03697387694838       -0.38626410244462       -2.93716166199162
H            4.94244024788395        1.22603496974986       -1.30248147978338
H            3.83109732383692        1.53136648047567        0.87080950657772
31
 energy: -44.112327059213 gnorm: 0.001088854186 xtb: 6.7.1 (edcfbbe)
C           -3.37329659212113       -0.11317815408055       -2.02416987321276
C           -2.41264144574608        0.19209411766853       -0.92883491925475
C           -2.55337563791455       -0.07250156387755        0.37207543177852
C           -3.71630775196916       -0.75782175296196        1.02337887666203
C           -1.48497275010539        0.29645376994787        1.33428443704582
O           -1.49109551642162       -0.03010858568303        2.49786734759338
O           -0.51292064251399        1.05093872499258        0.79140196031740
C            0.54710701140144        1.43314313258668        1.66023230480586
C            1.60252150442767        0.32868016504619        1.79613236487183
C            2.29569249117300        0.09484847393452        0.48429506923983
C            1.78596769194193       -0.80875526322970       -0.43825346606867
C            2.40058887946219       -0.98196839152550       -1.66596743191719
C            3.53386916003115       -0.25419872844631       -1.98548462276001
C            4.05016262479705        0.64805757846492       -1.07108858074938
C            3.43225359426444        0.82233158827659        0.15396516697714
H           -3.70307834059746        0.81768735943103       -2.48627849990965
H           -2.87528408412883       -0.69906862885939       -2.79602050492947
H           -4.24503905048942       -0.65957077826065       -1.67906500246632
H           -1.50592207896350        0.68737485204670       -1.25067022259664
H           -4.04735518985176       -0.17305873234711        1.87964831258178
H           -4.54792010978450       -0.89263085096959        0.34081073207501
H           -3.40295459520241       -1.73013950566692        1.40151432646984
H            0.98084952897380        2.32806767763471        1.20850542708992
H            0.13066862584680        1.66951961983457        2.64576018824838
H            1.10641091679725       -0.58079240698179        2.13899121023828
H            2.32060631666910        0.64159970855355        2.55572116955364
H            0.90150298774278       -1.37969959840826       -0.19342019446120
H            1.99499078580689       -1.68891562297526       -2.37518785401406
H            4.01474104608851       -0.39045669998782       -2.94288735813995
H            4.93608204648327        1.21721751186824       -1.31290445637737
H            3.83814857390374        1.52783589292730        0.86564866130867
31
 energy: -44.112374635514 gnorm: 0.001355894155 xtb: 6.7.1 (edcfbbe)
C           -3.35799331774281       -0.11251990678346       -2.02685290579783
C           -2.40356021938138        0.19677744475266       -0.92710699190481
C           -2.54651126408652       -0.07403159815147        0.37232128282625
C           -3.70759929826930       -0.76939186548864        1.01679971529852
C           -1.48144395050156        0.29640430920714        1.33784299657098
O           -1.48671494700914       -0.03575614928172        2.50011548112565
O           -0.51289005967572        1.05620280813413        0.79863980268699
C            0.54708013116279        1.44051700985696        1.66705609772622
C            1.60601955951845        0.33895321713005        1.80166199174975
C            2.29176591469787        0.10088585614935        0.48688055809523
C            1.77131378498131       -0.80138745118399       -0.43129095543345
C            2.37741985525827       -0.98092336731371       -1.66203498759508
C            3.51366294110180       -0.26100876932641       -1.98930891609549
C            4.04080139460013        0.63941246294733       -1.07939033433727
C            3.43093445083214        0.82045495605867        0.14881763715753
H           -3.68260388508339        0.81592710191005       -2.49726812692463
H           -2.85553904226244       -0.70448039936487       -2.79120556405236
H           -4.23273349824920       -0.65525298099202       -1.68394744066411
H           -1.49912723718271        0.69918892086385       -1.24415800309650
H           -4.03689192355193       -0.19701422653725        1.88212316850524
H           -4.53998511262491       -0.89446513146791        0.33357143438558
H           -3.39302335652490       -1.74703544845183        1.38015424196447
H            0.97685527968054        2.33644467084181        1.21427503487343
H            0.13110789744821        1.67423886932340        2.65325889508949
H            1.11330109839249       -0.57008358599171        2.15036975641595
H            2.32683903258413        0.65714082821323        2.55625661163119
H            0.88533035885991       -1.36678838897793       -0.17920324660976
H            1.96240966952723       -1.68610169858572       -2.36752152271089
H            3.98718609207310       -0.40087343199072       -2.94978864164246
H            4.92855630292716        1.20295179644207       -1.32759769287954
H            3.84603334850168        1.52459905701110        0.85653062364161
31
 energy: -44.112439973685 gnorm: 0.002078423971 xtb: 6.7.1 (edcfbbe)
C           -3.33465546402444       -0.11107564707348       -2.03082542878758
C           -2.39002932665180        0.20343240433188       -0.92415542229758
C           -2.53628797798679       -0.07666105558322        0.37307236570874
C           -3.69383720008679       -0.78718135923324        1.00784453198177
C           -1.47610144127123        0.29602804463643        1.34316172833948
O           -1.47963246774474       -0.04431528810835        2.50336729431590
O           -0.51351943997691        1.06621141911254        0.80966326412511
C            0.54573657898866        1.45262838127980        1.67806934343080
C            1.60993640814848        0.35514107436354        1.80848592133471
C            2.28485362620523        0.10946207276666        0.48963538500020
C            1.74904829283604       -0.79085982792804       -0.42215380053079
C            2.34318433413944       -0.97931766325080       -1.65734344952090
C            3.48386932158161       -0.27110818486612       -1.99549288205905
C            4.02627173077166        0.62698880673941       -1.09223551172555
C            3.42775057784715        0.81763135016805        0.14044878850869
H           -3.65056277666436        0.81412562952568       -2.51337935205221
H           -2.82582737592081       -0.71198919499398       -2.78417093909601
H           -4.21457380544382       -0.64797475289524       -1.69212115953106
H           -1.48875948771452        0.71622719068909       -1.23352364761272
H           -4.01891119668540       -0.23459009832961        1.88784224877501
H           -4.52908048552767       -0.89662062441568        0.32533131315106
H           -3.37756880009631       -1.77332301193602        1.34708070474582
H            0.97028845365991        2.35111297252819        1.22607283695784
H            0.13038670068752        1.68142362603343        2.66560079090269
H            1.12282289725083       -0.55328789075373        2.16656760017718
H            2.33585231476182        0.68037314401749        2.55497272028205
H            0.85926386929804       -1.34628394340636       -0.16124626104237
H            1.91635756395854       -1.68340315644169       -2.35680509287886
H            3.95045503208890       -0.42060282776319       -2.95770970432107
H            4.91850586646516        1.18005626744208       -1.34816787279077
H            3.85476367710805        1.52073705229666        0.84211368650937
31
 energy: -44.112497232378 gnorm: 0.002282444098 xtb: 6.7.1 (edcfbbe)
C           -3.31302222953772       -0.10969097821658       -2.03447112638718
C           -2.37704005264002        0.20882985116498       -0.92179183133150
C           -2.52605166576661       -0.07943620387341        0.37349334427324
C           -3.67976347988820       -0.80377273346811        0.99981321595398
C           -1.47089757789736        0.29632635692598        1.34775981131845
O           -1.47256350632313       -0.05124459237298        2.50596218155011
O           -0.51398133247235        1.07718951564996        0.81953253187919
C            0.54434518667831        1.46431229734474        1.68843711967755
C            1.61272180649813        0.37002577212228        1.81447224026560
C            2.27614896121026        0.11826441008290        0.49087759541094
C            1.72696827468447       -0.78046381830884       -0.41491624214664
C            2.31229982264697       -0.97881080636403       -1.65262216730449
C            3.45783115507326       -0.28248761141324       -1.99957239191214
C            4.01297049508353        0.61445305424712       -1.10297163073454
C            3.42289361069590        0.81548786581132        0.13222926050406
H           -3.62030295224182        0.81286926200734       -2.52754029466722
H           -2.79933548855074       -0.71878188516607       -2.77816785549203
H           -4.19806481610650       -0.64076031693009       -1.69976893293928
H           -1.47864088517191        0.73070321300010       -1.22429532972525
H           -3.99962701480662       -0.27024906877964        1.89368320440659
H           -4.51898186858574       -0.89826166954642        0.31963349270043
H           -3.36210784341878       -1.79768274856293        1.31550626077430
H            0.96498949644677        2.36585802025416        1.23904745372943
H            0.12960212956749        1.68795249759822        2.67734277185200
H            1.13089671898826       -0.53777417446423        2.18148672466163
H            2.34441383696566        0.70102272867521        2.55277164550612
H            0.83444215779476       -1.32784138332130       -0.14618970171439
H            1.87451280296799       -1.68092076389109       -2.34746523225050
H            3.91693060411262       -0.43890467024861       -2.96451723098903
H            4.90802721720704        1.15945136359014       -1.36656564645987
H            3.86038643678763        1.51732212540502        0.82880675959035
31
 energy: -44.112566624350 gnorm: 0.002359739393 xtb: 6.7.1 (edcfbbe)
C           -3.28374857701005       -0.10806827285606       -2.03928560319017
C           -2.35875146225888        0.21536741815689       -0.91918672519860
C           -2.51110974464609       -0.08321909357279        0.37356519626489
C           -3.65905203091469       -0.82601969283621        0.98892766627663
C           -1.46329093513229        0.29754137016104        1.35351211221788
O           -1.46242131651503       -0.05923791375494        2.50896615065578
O           -0.51426256521724        1.09375203286949        0.83259213621464
C            0.54240400565403        1.48061545079546        1.70290005003038
C            1.61558547456571        0.38988165598096        1.82224546160307
C            2.26357734115427        0.12905195162934        0.49256732672034
C            1.69683412149949       -0.76730999817970       -0.40520496038838
C            2.27017224931791       -0.97789597488186       -1.64658983969735
C            3.42147850227399       -0.29693252214923       -2.00532757921030
C            3.99337719588701        0.59828727605425       -1.11748576000074
C            3.41493194455351        0.81213435295165        0.12130768811699
H           -3.57914966247202        0.81117449846053       -2.54566352027293
H           -2.76472442104102       -0.72799396806474       -2.77059958979780
H           -4.17574248457733       -0.63096311030080       -1.70974494031388
H           -1.46435727126309        0.74903938957680       -1.21293776796957
H           -3.97056116197067       -0.31913051453171        1.90158141376117
H           -4.50471296871100       -0.89996186633326        0.31351502843327
H           -3.33967428706314       -1.82998264139447        1.27159918371031
H            0.95891150908404        2.38656348229999        1.25838609857899
H            0.12812367306651        1.69720181765424        2.69360627249043
H            1.14062950661854       -0.51672509408523        2.20144587879088
H            2.35564074832074        0.72774377566883        2.54915099034291
H            0.80038287931040       -1.30361135781199       -0.12693780549548
H            1.81906529463812       -1.67819826013170       -2.33487350022292
H            3.87224646241674       -0.46436520483266       -2.97257018056036
H            4.89279286855368        1.13161352747955       -1.39049472944003
H            3.86540511187956        1.51263239492991        0.81103384754989
31
 energy: -44.112629264244 gnorm: 0.002380111389 xtb: 6.7.1 (edcfbbe)
C           -3.25287903060735       -0.10696393926247       -2.04420810773256
C           -2.33860063710616        0.22149882637929       -0.91716000553917
C           -2.49416533710684       -0.08683831180861        0.37308511679462
C           -3.63552070216883       -0.84864105549036        0.97729058987889
C           -1.45455448531492        0.29982660835484        1.35904645025106
O           -1.45131723126721       -0.06566870056141        2.51170484967072
O           -0.51402846708412        1.11260807728929        0.84598854949631
C            0.54075723446669        1.49790155210208        1.71834661029865
C            1.61767160968604        0.40975720422016        1.83022187344384
C            2.24926968181701        0.13930936229669        0.49431998115307
C            1.66500674093718       -0.75457688365690       -0.39495541376794
C            2.22593108904744       -0.97706788740562       -1.64009026785465
C            3.38238164270106       -0.31140424247922       -2.01096890019682
C            3.97103809398464        0.58204051914798       -1.13225991113864
C            3.40468044630400        0.80839284999977        0.11005644400718
H           -3.53617224168025        0.80886741344499       -2.56341769950446
H           -2.72956615750611       -0.73778386370708       -2.76334026515704
H           -4.15179580409246       -0.62135284335765       -1.71966648721434
H           -1.44857796993837        0.76693672433589       -1.20246897412053
H           -3.93728859587971       -0.37018639815709        1.90864567901856
H           -4.48867642548120       -0.90154772532435        0.30866536362157
H           -3.31451459389429       -1.86184657378559        1.22487939887663
H            0.95423235481376        2.40844972616411        1.28002688466009
H            0.12680276011400        1.70725068454747        2.71082889357423
H            1.14937573811816       -0.49519740089261        2.22183986518484
H            2.36688579184974        0.75349523711411        2.54503451492526
H            0.76484460739294       -1.27979753418345       -0.10742223539458
H            1.76163771867550       -1.67545156756645       -2.32169818272549
H            3.82466197063757       -0.48999887033516       -2.98036129055457
H            4.87453635463854        1.10354541209543       -1.41480089869023
H            3.86794384394542        1.50742850943316        0.79283757473541
31
 energy: -44.112679707718 gnorm: 0.002014744934 xtb: 6.7.1 (edcfbbe)
C           -3.22607056188858       -0.10691024464966       -2.04832365900674
C           -2.32016767624368        0.22619031445381       -0.91626760983162
C           -2.47825487989398       -0.08920706813183        0.37202249906171
C           -3.61342027046507       -0.86692892115007        0.96695974661959
C           -1.44637539175490        0.30335426759827        1.36333425898444
O           -1.44153622709020       -0.06867152398141        2.51369903216210
O           -0.51313010381573        1.13008900305991        0.85713935867568
C            0.54014889244745        1.51260623235807        1.73171014298998
C            1.61858930585530        0.42523807495066        1.83715731241669
C            2.23595222763447        0.14671355212251        0.49612155372566
C            1.63757957900196       -0.74502201104872       -0.38580342561742
C            2.18772452308150       -0.97642295811150       -1.63419279124008
C            3.34735903737552       -0.32268227048664       -2.01543688332000
C            3.94965368438298        0.56910693787014       -1.14442385765735
C            3.39385152543186        0.80487441000772        0.10084055048957
H           -3.49982253425416        0.80588479344946       -2.57741341207260
H           -2.70016197260469       -0.74642146173972       -2.75779358928096
H           -4.13023758769435       -0.61445689175055       -1.72746893833576
H           -1.43412328323276        0.78108567077463       -1.19523099443043
H           -3.90602115593848       -0.41328923836932        1.91300140047883
H           -4.47346742990978       -0.90276503520595        0.30586198674440
H           -3.29096533510154       -1.88634370165566        1.18418572169608
H            0.95255257686181        2.42671070069342        1.29934488589599
H            0.12635918847522        1.71633260035590        2.72549164774142
H            1.15505386098291       -0.47779853450714        2.23871394915877
H            2.37587187680696        0.77242605591445        2.54168672183093
H            0.73522651351272       -1.26199927323578       -0.09062778296012
H            1.71289957587429       -1.67315415685448       -2.31019735333688
H            3.78200186914943       -0.50967049783572       -2.98680162859724
H            4.85568442703800        1.08147215977389       -1.43511114497535
H            3.86724574597752        1.50264392428223        0.77782230199063
31
 energy: -44.112724587286 gnorm: 0.001975888299 xtb: 6.7.1 (edcfbbe)
C           -3.20195507774040       -0.10809835923672       -2.05199657503296
C           -2.30282510373807        0.23064690677710       -0.91643863754574
C           -2.46285704514096       -0.08977620939727        0.37033090064335
C           -3.59194219861377       -0.88195114677877        0.95711813632320
C           -1.43830362040199        0.30839848114775        1.36670208197889
O           -1.43290922359996       -0.06868887285012        2.51515060034067
O           -0.51127991935121        1.14664681348723        0.86673209613152
C            0.54106221119455        1.52545674576065        1.74354807523498
C            1.61889401919684        0.43719988052875        1.84416312258208
C            2.22365562407395        0.15167722580965        0.49879736523164
C            1.61333334230217       -0.73839323988797       -0.37626435618493
C            2.15291277121231       -0.97608108322378       -1.62814271057969
C            3.31379270697763       -0.33112599084020       -2.01936355841289
C            3.92806464143452        0.55898356326264       -1.15510930618366
C            3.38258051416224        0.80152713849543        0.09326196431937
H           -3.46867599064329        0.80147509476915       -2.58961334662029
H           -2.67409457981792       -0.75501081356541       -2.75316707843780
H           -4.10982421628549       -0.61038317175117       -1.73339905459660
H           -1.42062644036760        0.79348329736348       -1.19105002214624
H           -3.87484753188529       -0.45231825859187        1.91691191614484
H           -4.45878198223609       -0.90180833523967        0.30398047696261
H           -3.26782920009774       -1.90652688593504        1.14462969936419
H            0.95413202772208        2.44177906408113        1.31610481590176
H            0.12718660408226        1.72555285221385        2.73806382840246
H            1.15815296769830       -0.46356082028960        2.25374705486288
H            2.38333194078843        0.78599959858696        2.53998908732555
H            0.71024608678539       -1.24963427297791       -0.07394376432566
H            1.66888392517985       -1.67124895159960       -2.29915796193757
H            3.74037779625884       -0.52368756456962       -2.99322761056581
H            4.83526661394737        1.06444689267634       -1.45351096311271
H            3.86487833690519        1.49800533072527        0.76515372393247
31
 energy: -44.112795731452 gnorm: 0.002595765581 xtb: 6.7.1 (edcfbbe)
C           -3.16352381540550       -0.11210017843394       -2.05780009171578
C           -2.27418884380187        0.23834044366335       -0.91805301379187
C           -2.43708133933015       -0.08813059421517        0.36671229705266
C           -3.55609826301781       -0.90369560325478        0.94036682633261
C           -1.42458318242472        0.31956173465818        1.37145357580067
O           -1.41995874601940       -0.06448590711597        2.51725770465062
O           -0.50635070674808        1.17353034874885        0.88131777318350
C            0.54540667174132        1.54509267699782        1.76179357139063
C            1.61901652809303        0.45261307126994        1.85695100189002
C            2.20460361475767        0.15639068693075        0.50528511209581
C            1.57628232704997       -0.73170356723830       -0.35846749449976
C            2.09699694999426       -0.97611289481340       -1.61722756263829
C            3.25691950619307       -0.34115937208265       -2.02593237191794
C            3.88998863055588        0.54599288579065       -1.17216502510434
C            3.36292213461853        0.79602923712448        0.08245126116708
H           -3.42229257734870        0.79123150460804       -2.60909047852080
H           -2.63203878661974       -0.76982670743245       -2.74601050700209
H           -4.07543698493876       -0.60809112790367       -1.74112362415277
H           -1.39902785872250        0.81450015279451       -1.18753664981061
H           -3.82090379682896       -0.51502514052289        1.92257304291126
H           -4.43487821558960       -0.89583756558697        0.30213443692256
H           -3.23014834867254       -1.93602642161086        1.07682564347266
H            0.96208223961841        2.46269272675422        1.34012604159145
H            0.13104040325503        1.74234037456837        2.75671873980665
H            1.15961655181573       -0.44359418278680        2.27754663983591
H            2.39417030541826        0.80160328513914        2.54055116195605
H            0.67428953514167       -1.23695426855090       -0.04353376755004
H            1.59870770537165       -1.66903879118408       -2.28004694318579
H            3.66843832500765       -0.53898694631843       -3.00523335052208
H            4.79699769299431        1.04322290940588       -1.48394846528412
H            3.85903234384420        1.49061213954735        0.74610451563606
31
 energy: -44.112849079921 gnorm: 0.002161221116 xtb: 6.7.1 (edcfbbe)
C           -3.13873980245093       -0.11612538297691       -2.06133344873170
C           -2.25571635022771        0.24372107700035       -0.91937679011277
C           -2.42072702336895       -0.08556823356808        0.36436304284120
C           -3.53382793525825       -0.91498921355473        0.92929220986560
C           -1.41598816121654        0.32831287867566        1.37441126244738
O           -1.41317871923648       -0.05902645004868        2.51909065160006
O           -0.50205369847920        1.18957048739218        0.89017177628932
C            0.55025178758545        1.55609009446308        1.77250432993953
C            1.61903268920066        0.45874860130083        1.86575520399795
C            2.19352527039134        0.15674457355871        0.51066118046699
C            1.55538085463080       -0.73113564216478       -0.34567574157091
C            2.06282064244529       -0.97697118342809       -1.60954787259269
C            3.21943407061275       -0.34433622390709       -2.03044224317390
C            3.86326991883616        0.54123826024077       -1.18325708168941
C            3.34916807469964        0.79316379702248        0.07619040615109
H           -3.39545523653651        0.78235205890611       -2.62121787271508
H           -2.60353279354354       -0.77915038289329       -2.74143640935950
H           -4.05162070191442       -0.61051260103873       -1.74512395844673
H           -1.38546909031236        0.82850507617073       -1.18624086140126
H           -3.78576054998004       -0.55257343797686        1.92354067359335
H           -4.42022507678593       -0.88899019971973        0.30243443044950
H           -3.20895483835502       -1.95044039193260        1.03331969074755
H            0.97076824435263        2.47254920406679        1.35218576017258
H            0.13578642547245        1.75384508244413        2.76730338971631
H            1.15785019253731       -0.43401926799056        2.29141927265888
H            2.40008066886192        0.80576724355192        2.54346355541895
H            0.65593754505277       -1.23517687736502       -0.02170019013728
H            1.55622781648565       -1.66888641125846       -2.26696108870949
H            3.62011290666199       -0.54258909140639       -3.01405419824842
H            4.76831467619363        1.03596822755721       -1.50425592366901
H            3.85328819364787        1.48689923782909        0.73451684420176
31
 energy: -44.112916869428 gnorm: 0.005102498108 xtb: 6.7.1 (edcfbbe)
C           -3.09184176706551       -0.12406360151104       -2.06785185603117
C           -2.22250625157830        0.25580695205997       -0.92102099097182
C           -2.39176352119407       -0.07975476632758        0.36058715925768
C           -3.49474699164977       -0.93459261854952        0.90874107662925
C           -1.40066354970670        0.34400484332372        1.38035187443876
O           -1.40185492850667       -0.04942559804357        2.52312584563851
O           -0.49399544795483        1.21753723696166        0.90681983875138
C            0.55986797400724        1.57582296039894        1.79171979927613
C            1.61986559432841        0.46959389646263        1.88247055539076
C            2.17437467230747        0.15722277915171        0.52117895026563
C            1.51835980060867       -0.73155735666257       -0.32073151441580
C            2.00005713056648       -0.97974357519088       -1.59448548668543
C            3.14943248447026       -0.34963461579668       -2.03925977613940
C            3.81312975165896        0.53386510027365       -1.20492964193027
C            3.32403642027190        0.78903733722203        0.06406524526120
H           -3.34629713562243        0.76441303740583       -2.64492294342426
H           -2.54691543358712       -0.79630318949297       -2.73162502880018
H           -4.00561877289395       -0.61750099588320       -1.75294306354490
H           -1.36120881695228        0.85630091957334       -1.18258674820620
H           -3.71869912317769       -0.62612524232452        1.93157942616806
H           -4.39682866158466       -0.86755406972140        0.30372840512683
H           -3.17324042893520       -1.97995849499041        0.94400401643284
H            0.98697364898798        2.48928620258596        1.37174710028268
H            0.14574314156752        1.77573394390939        2.78622709064069
H            1.15464122288849       -0.41681463191307        2.31704449088506
H            2.41116317176379        0.81309851293272        2.55023497906559
H            0.62466810320709       -1.23438793084295        0.02155678698421
H            1.47818181543923       -1.67078458003650       -2.24097336999756
H            3.52907673008320       -0.54803580248962       -3.03135500529000
H            4.71352242577990        1.02539922844965       -1.54415270549511
H            3.84308674247523        1.48209902801490        0.71165549043672
31
 energy: -44.112996468638 gnorm: 0.002986270801 xtb: 6.7.1 (edcfbbe)
C           -3.06352215167624       -0.13098554532425       -2.07106897384951
C           -2.20257560145892        0.26185488762639       -0.92217009037933
C           -2.37564500692452       -0.07483237878661        0.35858034107588
C           -3.47475083634683       -0.94014791683096        0.89699815953062
C           -1.39298819653244        0.35508042146332        1.38405367643230
O           -1.39894276010930       -0.03868989950523        2.52690873448870
O           -0.48764922745419        1.23062360928255        0.91566232156981
C            0.56834403656645        1.58337667053365        1.80122868595613
C            1.62005666429362        0.46882396971241        1.89218169144275
C            2.16499742910538        0.15292880410424        0.52830791226803
C            1.50258160604680       -0.73861180395377       -0.30520211536256
C            1.96809501846736       -0.98325121643956       -1.58532092967545
C            3.10829633169890       -0.34711446009395       -2.04479899521663
C            3.78010521142200        0.53657491544993       -1.21774099825228
C            3.30674887752186        0.78860297633143        0.05768096875383
H           -3.32152576010000        0.75109490347470       -2.65567388622370
H           -2.51047661439398       -0.80402085450528       -2.72664054131653
H           -3.97496408524331       -0.62893591870738       -1.75687677958557
H           -1.34714406844484        0.87174953428902       -1.18082585233121
H           -3.68225025727358       -0.65986233172873        1.92876072130847
H           -4.38434041030692       -0.85178631250418        0.30759805202701
H           -3.15965106738209       -1.98574372049240        0.89732927962960
H            1.00159890438485        2.49244344052269        1.37856393169359
H            0.15527139124975        1.78772087210043        2.79518812691905
H            1.14858235017642       -0.41329405324680        2.32827968041392
H            2.41568121342352        0.80663674095094        2.55738716313978
H            0.61596895501296       -1.24575716519900        0.04886542107610
H            1.44016130580388       -1.67533084953595       -2.22516359278442
H            3.47444110746302       -0.54093473947571       -3.04264557734898
H            4.67389728208047        1.03198248577979       -1.56828916638778
H            3.83159835893270        1.48278984365771        0.69884263098819
31
 energy: -44.113023732158 gnorm: 0.001126588882 xtb: 6.7.1 (edcfbbe)
C           -3.06164876663010       -0.13112951439649       -2.07107148017051
C           -2.20327434417398        0.26283018139425       -0.92116471862862
C           -2.37677176804067       -0.07503895945203        0.35931834569839
C           -3.47758664727043       -0.93900314296586        0.89717360082463
C           -1.39369997086220        0.35403235890077        1.38453530255072
O           -1.39965413941500       -0.03939781979464        2.52773199748200
O           -0.48726204503685        1.22847074571549        0.91542571130455
C            0.56841283611711        1.58248478538864        1.80063878743059
C            1.62102114705275        0.46869220872476        1.89201435523452
C            2.16613544593560        0.15290989024725        0.52817237619356
C            1.50470104226491       -0.74054640778871       -0.30464606913457
C            1.96943781702663       -0.98528155363070       -1.58470715771453
C            3.10827475097750       -0.34719892283817       -2.04500746196764
C            3.77910915926227        0.53838610963419       -1.21893449747513
C            3.30649651402803        0.79038127804127        0.05664748515864
H           -3.32094300940728        0.75065864014984       -2.65578618879295
H           -2.50566786897822       -0.80247601341408       -2.72601669552600
H           -3.97226818620451       -0.63181636396256       -1.75788342291195
H           -1.34788313219162        0.87295816710118       -1.17843279387476
H           -3.68093971109680       -0.66414287889846        1.92964709625327
H           -4.38812269345358       -0.84417061781716        0.31289739356255
H           -3.16735999573443       -1.98442407883440        0.89112747744186
H            1.00075756148843        2.49147527216447        1.37726555897725
H            0.15572420623850        1.78667292058060        2.79473203773099
H            1.14989081352086       -0.41366500847891        2.32826981620357
H            2.41605740864397        0.80747037576533        2.55755379969797
H            0.61881916030847       -1.24799509526101        0.05037671237760
H            1.44192049448902       -1.67846543764010       -2.22393791980436
H            3.47380141613698       -0.54095405038536       -3.04285267603575
H            4.67180423463323        1.03533276359410       -1.57017220864411
H            3.83071827037418        1.48593507710596        0.69708543655803
31
 energy: -44.113089478358 gnorm: 0.003313784849 xtb: 6.7.1 (edcfbbe)
C           -3.05417824225904       -0.13253310270538       -2.07036717182755
C           -2.20526530829482        0.26586045788463       -0.91645874955098
C           -2.38181281037047       -0.07506066794660        0.36307162787094
C           -3.48961630573240       -0.93414909109471        0.89707915042833
C           -1.39817211488641        0.35151121281825        1.38791166663202
O           -1.40433914095959       -0.03991521732708        2.53220547185524
O           -0.48636230594170        1.21997747019776        0.91558736500846
C            0.56854668267007        1.57827817702133        1.79900275964736
C            1.62503609174736        0.46769036406414        1.89132866711605
C            2.17074513952584        0.15280328965936        0.52764938260097
C            1.51368170172616       -0.74852410472079       -0.30164968285168
C            1.97577319077502       -0.99372375574566       -1.58174871550493
C            3.10849017079150       -0.34733113295917       -2.04639540844548
C            3.77457696529404        0.54635817787668       -1.22487598357504
C            3.30466118503950        0.79824537922441        0.05158871583092
H           -3.32010290201548        0.74755169722113       -2.65519704098049
H           -2.48604666781850       -0.79587433761608       -2.72356282899432
H           -3.96063847973953       -0.64522112502518       -1.76205744913498
H           -1.34952249317781        0.87685168873997       -1.16823764325300
H           -3.67074601215160       -0.68266778421046        1.93701541128273
H           -4.40626703309094       -0.80524360950989        0.33282306833105
H           -3.20053795937663       -1.98228060215597        0.85792935773523
H            0.99740164665162        2.48724642453585        1.37294506763420
H            0.15726006163394        1.78215641018453        2.79356081142414
H            1.15587710610270       -0.41575480857505        2.32810692603085
H            2.41826429513795        0.80988220675804        2.55754336079003
H            0.63233261185373       -1.25957717227753        0.05863514265919
H            1.45152172330848       -1.69302022236633       -2.21756543243801
H            3.47193612299053       -0.54105521732382       -3.04447499562266
H            4.66195670899041        1.05038491523480       -1.57983966382340
H            3.82554637157880        1.50011898908835        0.68844681312444
31
 energy: -44.113171027740 gnorm: 0.003388119558 xtb: 6.7.1 (edcfbbe)
C           -3.04728183456039       -0.13541046889663       -2.06917274640398
C           -2.20554104966971        0.26731699887919       -0.91227156818120
C           -2.38614685366812       -0.07408586217988        0.36672320862942
C           -3.50128491125070       -0.92796242445994        0.89578651449820
C           -1.40227299126745        0.34977137672337        1.39184343858665
O           -1.41087907090049       -0.03719172483496        2.53768603947253
O           -0.48527386816920        1.21211831378626        0.91678955061794
C            0.56887614786729        1.57405356407976        1.79876156176299
C            1.62906597774486        0.46658443799090        1.89095448257435
C            2.17479264340016        0.15288085722522        0.52716046279412
C            1.52305378401201       -0.75704327388131       -0.29763640819455
C            1.98321192032815       -1.00281704694684       -1.57796834383126
C            3.10881735616393       -0.34737061505573       -2.04805408233716
C            3.76914502476344        0.55518116293416       -1.23168223908627
C            3.30139268197131        0.80704546498068        0.04570935932593
H           -3.32125500336331        0.74304649434180       -2.65291682415617
H           -2.46849147822672       -0.79002978071765       -2.72224316428059
H           -3.94864047533298       -0.65995780938591       -1.76491932131108
H           -1.34903282663860        0.87856113061583       -1.16009632862806
H           -3.65368718721079       -0.70674050562661        1.94807871534852
H           -4.42709078310363       -0.75604423475222        0.35518284562955
H           -3.23854526881397       -1.98183028813007        0.81309731188893
H            0.99464101587632        2.48356925470507        1.37092253215571
H            0.15847255082468        1.77743081754098        2.79369788950446
H            1.16254293896741       -0.41813440295400        2.32813817508152
H            2.42117819356428        0.81169605808480        2.55704376620002
H            0.64715532439645       -1.27348057390264        0.06829947540996
H            1.46335052520879       -1.70908636252657       -2.20987134765406
H            3.47067150921469       -0.54124430344634       -3.04657843031737
H            4.65070584214459        1.06653542153941       -1.59101461624663
H            3.81835016573038        1.51562323321955        0.67855009114707
31
 energy: -44.112688120391 gnorm: 0.022086374446 xtb: 6.7.1 (edcfbbe)
C           -3.02690803858540       -0.14676295424865       -2.06445102197362
C           -2.20183787931120        0.26767040682476       -0.90099793518256
C           -2.39754728291890       -0.06967207917844        0.37728718660944
C           -3.53591929967072       -0.90666307717710        0.88890798972039
C           -1.41675707001727        0.34983183282653        1.40576230681613
O           -1.43480496956307       -0.02200480883962        2.55640566022295
O           -0.48169398417822        1.19020915272857        0.92230681403386
C            0.57068701272504        1.56077897011983        1.80052089726372
C            1.64164370532392        0.46252307253556        1.89049078286641
C            2.18627374119519        0.15296681193456        0.52570364226697
C            1.55282633090831       -0.78495670392902       -0.28369471396640
C            2.00780192444401       -1.03232332269430       -1.56506443295950
C            3.10951140788856       -0.34737335365740       -2.05350119688365
C            3.75010913202826        0.58427558631324       -1.25404807735654
C            3.28841088428757        0.83591678868588        0.02620767838133
H           -3.32789411252761        0.72740360002476       -2.64219377661083
H           -2.41931841957252       -0.77352369621888       -2.72071232485624
H           -3.91103913965561       -0.70671800478601       -1.76960033288553
H           -1.34193137399053        0.87754517550513       -1.13980337729082
H           -3.59033138846353       -0.79286972911501        1.98356085874101
H           -4.49256741301169       -0.58939159344419        0.43157579466573
H           -3.36499079723136       -1.97881159826461        0.65550403117514
H            0.98801533082950        2.47278865097912        1.36927157301805
H            0.16240070528416        1.76197184008643        2.79662796697644
H            1.18395701459691       -0.42633615409839        2.32871740620124
H            2.43162823853850        0.81552188711617        2.55498866036619
H            0.69569204297788       -1.32130222017267        0.10011233934123
H            1.50383039414182       -1.76222905639430       -2.18381171163797
H            3.46703016838005       -0.54179526012621       -3.05361470778139
H            4.61217917528337        1.11957643435067       -1.62810588975953
H            3.79154395986716        1.56673831126367        0.64564791047739
31
 energy: -44.113282909482 gnorm: 0.002848231952 xtb: 6.7.1 (edcfbbe)
C           -3.03821758393481       -0.14111742321514       -2.06694718209119
C           -2.20090151529558        0.26528880792579       -0.90809845264089
C           -2.39131235674342       -0.06959348415380        0.37118152132977
C           -3.51586615748342       -0.91659344545030        0.89137681147071
C           -1.40988869621540        0.35248455727004        1.39921987041180
O           -1.42536824213647       -0.02607887287460        2.54731304932993
O           -0.48400438019923        1.20380608427735        0.92136448414796
C            0.57018026655094        1.56683909403527        1.80213908224032
C            1.63476415469465        0.46313154470074        1.89106453419424
C            2.17908761005454        0.15230796190562        0.52620432816887
C            1.53677455347891       -0.77061210261827       -0.29082879824055
C            1.99526980115506       -1.01657897419909       -1.57203839335125
C            3.10862350061332       -0.34670981201892       -2.05151902972082
C            3.75873393289782        0.56963618699747       -1.24320604139270
C            3.29338520644156        0.82065879800419        0.03572359273386
H           -3.32455108731667        0.73607891881395       -2.64623250948895
H           -2.44975914507711       -0.78321962322208       -2.72353526352570
H           -3.93168549844033       -0.67947099371195       -1.76586574829211
H           -1.34230485109077        0.87522270397087       -1.15326961873057
H           -3.63445349386358       -0.73732290799214        1.95786469970464
H           -4.45036041562997       -0.69244414571244        0.38156980582777
H           -3.28950823998422       -1.97511727172260        0.75353043661246
H            0.99316681089003        2.47815039346998        1.37454345416190
H            0.16057246569976        1.76852951671350        2.79777528221766
H            1.17316663938760       -0.42386007762283        2.32839651727487
H            2.42706192740745        0.81082333152628        2.55535453885949
H            0.67088490378788       -1.29873265321893        0.08341188589005
H            1.48419983020305       -1.73462508326992       -2.19744086352047
H            3.46890587616763       -0.54045188716941       -3.05112230634324
H            4.63038942672079        1.09269634899957       -1.61003115773114
H            3.80301475726262        1.53985941851168        0.66210147049255
31
 energy: -44.113315746249 gnorm: 0.002511498084 xtb: 6.7.1 (edcfbbe)
C           -3.03795041199399       -0.14282631323021       -2.06659875752625
C           -2.19790975741359        0.26287953383036       -0.90919466812677
C           -2.38999503972283       -0.06878535407829        0.37064142694423
C           -3.51588471555307       -0.91412711434183        0.88998146187968
C           -1.41011142350760        0.35439023219025        1.39999039599642
O           -1.42843898901758       -0.02192620306718        2.54876452424397
O           -0.48290856767389        1.20405277571643        0.92243557765329
C            0.57093928898917        1.56627176022832        1.80416489297064
C            1.63510623487116        0.46228939587153        1.89158171741964
C            2.17842119443911        0.15203157069235        0.52604769766533
C            1.53829485295889       -0.77329862778151       -0.28966970315330
C            1.99689979843597       -1.01897733506904       -1.57103446773712
C            3.10794721874351       -0.34657258931031       -2.05183909912874
C            3.75591180365675        0.57235450052381       -1.24468145924675
C            3.29048856644130        0.82305928085892        0.03424028504761
H           -3.32620095699582        0.73538513007190       -2.64341165968062
H           -2.45148346402709       -0.78355012622649       -2.72601345749087
H           -3.93030598458699       -0.68144245496536       -1.76349846431241
H           -1.33784044329736        0.86994765743122       -1.15640562201492
H           -3.62947140041610       -0.74155108122828        1.95823672989560
H           -4.45164290383976       -0.68202642050005        0.38573585604412
H           -3.29512735408924       -1.97271010235127        0.74340271420524
H            0.99422060176806        2.47836538167180        1.37830935646766
H            0.16084424000714        1.76653285712311        2.79994286144541
H            1.17398878492445       -0.42505822610498        2.32862444223345
H            2.42807259812743        0.80944399602512        2.55535643051186
H            0.67377068973867       -1.30339203466536        0.08471930459322
H            1.48748791598845       -1.73875534780554       -2.19563233023404
H            3.46830916093413       -0.54014077882698       -3.05150801076877
H            4.62597578706893        1.09718917408674       -1.61247278231644
H            3.79859267504442        1.54393177218075        0.65978480651885
31
 energy: -44.113447686124 gnorm: 0.006961288795 xtb: 6.7.1 (edcfbbe)
C           -3.03319574110089       -0.15771593869691       -2.06367616766373
C           -2.17234938521573        0.24329809717595       -0.91747948668515
C           -2.37900223813595       -0.06284259473786        0.36635294932280
C           -3.51911215738653       -0.89199414504141        0.87884428030176
C           -1.41008453252852        0.36769982226396        1.40466376181681
O           -1.45134535877730        0.00994363222158        2.55900326055486
O           -0.47284759206478        1.20463786315364        0.92924939224621
C            0.57735808906076        1.56072074597337        1.81959479174920
C            1.63875947693872        0.45475145853365        1.89616331879876
C            2.17420121339264        0.14894328517519        0.52561535668766
C            1.55063982214742       -0.79511601184842       -0.27959356269857
C            2.00938119842016       -1.03849257392580       -1.56246587867727
C            3.10149358748236       -0.34465724695513       -2.05455914224360
C            3.73199281347526        0.59584003847859       -1.25738415112851
C            3.26723956328534        0.84314359996020        0.02209598858802
H           -3.34015740840235        0.72857197596049       -2.61937889688174
H           -2.46063185639459       -0.78487713100018       -2.74732267703719
H           -3.91565564362516       -0.70234717286050       -1.74527051362777
H           -1.30198399205888        0.83043267713436       -1.17889345744519
H           -3.58606038964443       -0.77801542182715        1.96241703332021
H           -4.46606429870722       -0.59017239855969        0.42469763373449
H           -3.34915827202412       -1.95124021792857        0.65668830049119
H            1.00264042620470        2.47881085974353        1.40762869456637
H            0.16213222789194        1.74949705233279        2.81586372675365
H            1.17976458364947       -0.43461246695611        2.33090534613411
H            2.43748530588277        0.79632254102326        2.55600498827313
H            0.69954992181304       -1.34420304079791        0.09877331738951
H            1.51454353558753       -1.77499701041908       -2.17911861697872
H            3.46219507319904       -0.53692863091536       -3.05470187037825
H            4.58713634744454        1.13822772265183       -1.63451328813750
H            3.76113568019320        1.58035553963786        0.63979556885335
31
 energy: -44.113485493256 gnorm: 0.003730439826 xtb: 6.7.1 (edcfbbe)
C           -3.03224231505710       -0.15822594359541       -2.06389022762393
C           -2.17102820014679        0.24265057163289       -0.91807286061334
C           -2.37811299123420       -0.06255598826348        0.36566123805016
C           -3.51868563735701       -0.89076217845671        0.87887896662624
C           -1.40933852305300        0.36822115481643        1.40370443207873
O           -1.44992117363698        0.00902505149177        2.55726390812353
O           -0.47212259715570        1.20538445286488        0.92887456968455
C            0.57791618234446        1.56032708709181        1.82002373425942
C            1.63863034249301        0.45363957349942        1.89665653684318
C            2.17377948654629        0.14823761826197        0.52603612522337
C            1.55050815261554       -0.79578616538370       -0.27914930768584
C            2.00887307683308       -1.03858678593810       -1.56229601226015
C            3.10014394809022       -0.34385879186180       -2.05470898702986
C            3.73007611244466        0.59687576899926       -1.25768292754602
C            3.26582718096935        0.84347314238231        0.02207750590447
H           -3.34032890188230        0.72817463091026       -2.61836579483024
H           -2.46038100553979       -0.78464664647197       -2.74865093945234
H           -3.91424847445742       -0.70373572867944       -1.74531071859361
H           -1.30036449250260        0.82899757119572       -1.17939810176803
H           -3.58894941589079       -0.77307869852068        1.95942716475767
H           -4.46286656272087       -0.59364947808863        0.42285945603755
H           -3.34766330046947       -1.94793388532314        0.66313321227604
H            1.00382793989115        2.47824000497870        1.40873051070057
H            0.16197826946597        1.74881624497739        2.81594447681836
H            1.17869475947792       -0.43537184298125        2.33119882001557
H            2.43769137118357        0.79421045648098        2.55656027976390
H            0.69986397878961       -1.34519747698106        0.09953501845788
H            1.51398584767248       -1.77483423729454       -2.17896108577874
H            3.46065400607328       -0.53567857919320       -3.05498301388551
H            4.58451989079671        1.13999034229479       -1.63506419059738
H            3.75928304541918        1.58062366410470        0.63996821204267
31
 energy: -44.113541802132 gnorm: 0.002435204667 xtb: 6.7.1 (edcfbbe)
C           -3.02616826400527       -0.16475712185630       -2.06371802126543
C           -2.16083072167203        0.23591825904558       -0.92094145981815
C           -2.37405623069604       -0.05998853367570        0.36373138810419
C           -3.52208151289758       -0.87910553371409        0.87595083230765
C           -1.40765708312795        0.37134831277349        1.40339210233369
O           -1.45371699288240        0.01529030230498        2.55745219637518
O           -0.46682070195509        1.20467692598489        0.92997359067815
C            0.58130041343663        1.55677462243312        1.82511951646910
C            1.64043796195606        0.44851667502636        1.89922788295992
C            2.17277568211131        0.14556004574474        0.52705943427074
C            1.55645744652036       -0.80627842194204       -0.27383273159321
C            2.01292790079421       -1.04686135026743       -1.55827434559145
C            3.09455684538131       -0.34113938645983       -2.05625925088598
C            3.71659959940113        0.60873677520239       -1.26387769424893
C            3.25472972550821        0.85248597751164        0.01713480830126
H           -3.34519698829590        0.72345317057284       -2.60903162792627
H           -2.45615427075972       -0.78239704753944       -2.75776017628550
H           -3.90226300597145       -0.71810400762542       -1.74165066933829
H           -1.28608132685090        0.81455524113943       -1.18483100582327
H           -3.57734690415388       -0.77974584595966        1.95753577308768
H           -4.46549450363974       -0.55885983511776        0.43822110097151
H           -3.37225377244058       -1.93310036886480        0.63939799033373
H            1.00851324177034        2.47590743307140        1.41847919459879
H            0.16239860734718        1.74142121487024        2.82039444957446
H            1.17938213901055       -0.44050476875105        2.33269036166188
H            2.44129235346369        0.78606008510573        2.55845504829391
H            0.71252438823718       -1.36347956622571        0.10865871503523
H            1.52336788148938       -1.78936581363996       -2.17153419073233
H            3.45385909219843       -0.53125117496132       -3.05728148161820
H            4.56313700029198        1.16099707453420       -1.64591532181830
H            3.74186200043295        1.59622157022975        0.63203359158691
31
 energy: -44.113629615652 gnorm: 0.003411968886 xtb: 6.7.1 (edcfbbe)
C           -3.01172847059035       -0.17740950692554       -2.06424535558453
C           -2.14356980039034        0.22453980258939       -0.92461142018556
C           -2.36842290501573       -0.05589162603823        0.36157696229746
C           -3.53228259805056       -0.85559607624459        0.87163473836081
C           -1.40486066260703        0.37397329043470        1.40367959811294
O           -1.45865018058719        0.02221770685652        2.55871842795615
O           -0.45738615618648        1.20068599558190        0.93224658212813
C            0.58743734985611        1.54938997592959        1.83318879638995
C            1.64474106087232        0.43913634326583        1.90391322867447
C            2.17250519843423        0.14056952881700        0.52924391665534
C            1.56994819191560       -0.82741249921237       -0.26292375757849
C            2.02117920870519       -1.06341989157286       -1.55009406596923
C            3.08301704697369       -0.33549449042071       -2.05967949468806
C            3.68986948551941        0.63223166956783       -1.27679720011693
C            3.23397234860017        0.87039889266963        0.00722310955674
H           -3.35359792163510        0.71261982625658       -2.59336273188359
H           -2.43869034779597       -0.77478403347415       -2.77352173578991
H           -3.87478899058923       -0.75028003324559       -1.73919785719532
H           -1.26118308742472        0.78998982512070       -1.19044943676925
H           -3.55294443709238       -0.79835435187228        1.95788464057662
H           -4.47530866685300       -0.48041606594919        0.47430391720249
H           -3.42967196315562       -1.90444966782023        0.58590186448032
H            1.01626889253083        2.47009132441212        1.43276397888863
H            0.16424697162371        1.72838159236408        2.82746406326979
H            1.18212353923840       -0.45012236521206        2.33543946997126
H            2.44764677778094        0.77261640291597        2.56267749277886
H            0.74050910547392       -1.40028597927925        0.12901322478474
H            1.54259106275925       -1.81927454384489       -2.15602901237761
H            3.43852096206887       -0.52180679046458       -3.06268756698505
H            4.51987386153865        1.20323056530968       -1.66869667270037
H            3.70863512408461        1.62791008843554        0.61542229573745
31
 energy: -44.113698527452 gnorm: 0.004234868325 xtb: 6.7.1 (edcfbbe)
C           -2.99387385282084       -0.18852529325042       -2.06698953212892
C           -2.13117789942207        0.21659685905099       -0.92568701150351
C           -2.36590738478139       -0.05325192850367        0.36119254881345
C           -3.54499689734916       -0.83265856634107        0.87079991938846
C           -1.40084885837858        0.37007005255491        1.40348192380211
O           -1.45510498559976        0.01620928733855        2.55824020294146
O           -0.45014400944284        1.19508591981229        0.93407066077123
C            0.59255784593595        1.54248278253667        1.83776513491773
C            1.64888772452090        0.43082666632052        1.90817252423759
C            2.17379935387253        0.13575771542961        0.53209515347316
C            1.58324167403009       -0.84644290783067       -0.25249399295387
C            2.02679753719448       -1.07716899860731       -1.54278486659450
C            3.06929389076879       -0.32880300817479       -2.06346375248457
C            3.66339727491083        0.65330307628665       -1.28897472532487
C            3.21561588788842        0.88555997805226       -0.00104269656901
H           -3.35812979992242        0.70032300324074       -2.58338259408199
H           -2.40937940106862       -0.76317287886433       -2.78590499124950
H           -3.84341520105818       -0.78463441978945       -1.74585202550946
H           -1.24162985402229        0.77166649113855       -1.18826425060173
H           -3.53737194829611       -0.81248071692413        1.95891020018765
H           -4.48281595944288       -0.40829387176434        0.50908435812569
H           -3.48660045275957       -1.87413926806509        0.54515001525148
H            1.02249233433138        2.46282278225124        1.43879792358306
H            0.16740813336045        1.71956225124365        2.83122989410784
H            1.18442514980968       -0.45838614412836        2.33804211506718
H            2.45176972102556        0.76220793727742        2.56803826379489
H            0.76866797909667       -1.43309884861175        0.15056256506818
H            1.55779029311162       -1.84466679947947       -2.14200115145593
H            3.41860463195728       -0.51018012467663       -3.06936324154245
H            4.47709869342694        1.24143558302192       -1.69028633452001
H            3.67954837912516        1.65497829840629        0.60085776298700
31
 energy: -44.113726126986 gnorm: 0.003499502625 xtb: 6.7.1 (edcfbbe)
C           -2.98386722091654       -0.19072103836913       -2.07048360521932
C           -2.13046913327780        0.21594888114771       -0.92358377236073
C           -2.36741003516821       -0.05448344316697        0.36279360645061
C           -3.55125095059743       -0.82538360170175        0.87388833674551
C           -1.39832688514291        0.36259634565307        1.40339120436301
O           -1.44381751271032       -0.00078102078810        2.55604757015980
O           -0.45065138882275        1.19283164740878        0.93495744451198
C            0.59318457895756        1.54101026595261        1.83611698359891
C            1.64983514567077        0.42930041820269        1.90938044467617
C            2.17539677573716        0.13429475367746        0.53384279778889
C            1.58717101179636       -0.85089515743458       -0.24912427306000
C            2.02545486458587       -1.07914460191796       -1.54096250246490
C            3.06134045245380       -0.32536926565677       -2.06528320615788
C            3.65377415920099        0.65813336194710       -1.29254972787748
C            3.21115312311748        0.88799144027085       -0.00231044350229
H           -3.35477948280471        0.69499902972632       -2.58566321057968
H           -2.38810916661087       -0.75532290640914       -2.78748361267469
H           -3.82863636786624       -0.79724033119915       -1.75763420911182
H           -1.23830883075672        0.76945985810914       -1.17999677852848
H           -3.54195767434246       -0.81183081808589        1.95895355734740
H           -4.48140502348081       -0.39107030740013        0.51907958176051
H           -3.50490957015918       -1.86140180075061        0.54555938310757
H            1.02322348682588        2.45925877846267        1.43275057626633
H            0.17022955483580        1.72163623448178        2.82973455657659
H            1.18456918157650       -0.45952508274446        2.33920264955520
H            2.45090684236603        0.76195802715070        2.57089892124497
H            0.77818586438488       -1.44038270023372        0.15913521919339
H            1.55807673772389       -1.84846666314334       -2.13867326185492
H            3.40566809798085       -0.50375813960101       -3.07324964108883
H            4.46214052323257        1.25014373749384       -1.69660760087660
H            3.67358884221256        1.65919900786880        0.59787301200848
31
 energy: -44.113760706847 gnorm: 0.002949253788 xtb: 6.7.1 (edcfbbe)
C           -2.97408775839433       -0.19744288027982       -2.07172412651891
C           -2.11918325255930        0.20698612532514       -0.92431501943334
C           -2.36403835684953       -0.05425930306515        0.36285813068579
C           -3.55705246274050       -0.81251182599787        0.87129273237581
C           -1.39705692283317        0.36214573300677        1.40597902597022
O           -1.44238105164869       -0.00424735210163        2.55772428466327
O           -0.44896100730845        1.19262694122242        0.93939170313373
C            0.59553113575093        1.53822185342104        1.84075099547169
C            1.65176836829847        0.42607167673164        1.91192634298600
C            2.17493049509125        0.13237076343752        0.53498513336151
C            1.59444531308255       -0.86212459356994       -0.24229702643221
C            2.02892956713201       -1.08819429738692       -1.53589939152686
C            3.05237710989991       -0.32217094359685       -2.06803567244742
C            3.63754049371810        0.67031168555753       -1.30055936832034
C            3.19908845988891        0.89740620871966       -0.00833776720056
H           -3.35597959786088        0.68946871831798       -2.57774714292551
H           -2.37592871858529       -0.74965121192561       -2.79668609617052
H           -3.81222943546378       -0.81286579517357       -1.76008362055411
H           -1.22091784609017        0.75174713499687       -1.18110057598771
H           -3.53164624754640       -0.82427778606649        1.95839841183266
H           -4.48419412218506       -0.34612762048017        0.53949306879117
H           -3.53975871204831       -1.84389043676856        0.51546340402367
H            1.02622460089536        2.45710113887708        1.43861395150904
H            0.17326778113459        1.71824301637261        2.83496849587814
H            1.18742951968631       -0.46319253457964        2.34154012552899
H            2.45404154341724        0.75816531364993        2.57240487571051
H            0.79452290831070       -1.46062692252138        0.17117245133309
H            1.56753000319580       -1.86419413243472       -2.12975307254283
H            3.39272669249434       -0.49796964126850       -3.07791145271295
H            4.43680126500404        1.27087334632659       -1.71021614022268
H            3.65626023511522        1.67499253020503        0.58770333973808
31
 energy: -44.113779666525 gnorm: 0.002498308213 xtb: 6.7.1 (edcfbbe)
C           -2.97046374884953       -0.19947913740541       -2.07201395118206
C           -2.11277010985069        0.20130418213509       -0.92450705407576
C           -2.36147284961680       -0.05540228279453        0.36280013833716
C           -3.55778060856141       -0.80849325202537        0.86924831807043
C           -1.39477007641675        0.35958734328934        1.40734129642800
O           -1.44055698676717       -0.00872878647821        2.55840870901227
O           -0.44995462404219        1.19434901629791        0.94299486583675
C            0.59562278278257        1.53884707082631        1.84357180019018
C            1.65182530383716        0.42684055751693        1.91282692822887
C            2.17348689034358        0.13267844958222        0.53507080843765
C            1.59533430746536       -0.86475746256604       -0.23968151554084
C            2.02865225572652       -1.09071674190841       -1.53395103207806
C            3.04795765574275       -0.32181354448986       -2.06919298490725
C            3.63179835301183        0.67300618268048       -1.30345162435238
C            3.19447523954863        0.90003871702151       -0.01085604548150
H           -3.35385652000482        0.68974420224060       -2.57317022387323
H           -2.37451074974227       -0.74820069548638       -2.80096524560164
H           -3.80754693936145       -0.81522398483659       -1.76042122757266
H           -1.21165692894783        0.74140782298297       -1.18247563834127
H           -3.52932126069694       -0.82913021457460        1.95673283449544
H           -4.48281441317987       -0.33230805898856        0.54505264241727
H           -3.55044387475713       -1.83704445804162        0.50474481815136
H            1.02619892483872        2.45834282704781        1.44172213000521
H            0.17474954612269        1.71901642857542        2.83863222460875
H            1.18908224307888       -0.46271996474733        2.34324317622377
H            2.45525838980009        0.75947760130573        2.57167855434067
H            0.79852875360896       -1.46654001462893        0.17472998019835
H            1.56938048523651       -1.86907032203570       -2.12635342159172
H            3.38661787685591       -0.49724981376693       -3.07975973743733
H            4.42821375699805        1.27570139073629       -1.71539674481427
H            3.65073692579849        1.67952185148685        0.58339722186517
31
 energy: -44.113808594722 gnorm: 0.002157069708 xtb: 6.7.1 (edcfbbe)
C           -2.96168444998140       -0.20239980340001       -2.07231550648315
C           -2.09878491896589        0.18899208201208       -0.92408898678822
C           -2.35507461873605       -0.06009995307330        0.36275668657386
C           -3.55875722024344       -0.80204278665491        0.86488337246569
C           -1.39001532219444        0.35315787661280        1.41062342465420
O           -1.43267589297297       -0.02461286410956        2.55838220501498
O           -0.45349468961464        1.19890923519906        0.95107736826217
C            0.59511576787238        1.54122457467641        1.84897972982702
C            1.65191380922139        0.43021292010841        1.91453408634466
C            2.16968246018523        0.13455969915671        0.53503737366564
C            1.59505775385543       -0.86814702802378       -0.23435082830264
C            2.02579905781782       -1.09497352830252       -1.52987308004700
C            3.03767083431203       -0.32182453383802       -2.07159865414922
C            3.62003315669649        0.67718753421970       -1.30969904357472
C            3.18539067523397        0.90493049681012       -0.01638702324055
H           -3.34654770183862        0.69282428020395       -2.56220130461859
H           -2.37017503594776       -0.74395141154250       -2.80952877369886
H           -3.79775868550946       -0.81942029616554       -1.76213155030300
H           -1.19234362036084        0.71965994489323       -1.18328770469563
H           -3.52750544795414       -0.83756273477649        1.95145010999115
H           -4.47784868678961       -0.30775852539401        0.55369351938580
H           -3.57085463803661       -1.82405454012826        0.48643929506240
H            1.02459958768074        2.46160678168724        1.44670089771587
H            0.17776734870637        1.72219572330949        2.84579757991152
H            1.19292849408182       -0.45976069368238        2.34764744464247
H            2.45792457550242        0.76490520821985        2.56926971457138
H            0.80367764527750       -1.47504711368109        0.18214371726776
H            1.56970823070426       -1.87749259238879       -2.11900391153249
H            3.37301167304464       -0.49766852470729       -3.08326741518006
H            4.41208652994834        1.28214066226883       -1.72597471355249
H            3.64115332900673        1.68729481944157        0.57429197080720
31
 energy: -44.113821983366 gnorm: 0.002781809233 xtb: 6.7.1 (edcfbbe)
C           -2.94854381650411       -0.20709495677791       -2.07342036392948
C           -2.08505808683365        0.17826647025797       -0.92362924479188
C           -2.34979252460576       -0.06308883050922        0.36287869302243
C           -3.56366051824489       -0.79078525045573        0.86198565633194
C           -1.38399676145558        0.34465111196818        1.41240004488164
O           -1.42278090750812       -0.04261916131347        2.55713493100618
O           -0.45394538701642        1.19991464544915        0.95727739675092
C            0.59579369869573        1.54145332112802        1.85406702463502
C            1.65361802489668        0.43141923309649        1.91693425047613
C            2.16693474800077        0.13550924583857        0.53575491225188
C            1.59739434731504       -0.87472335711244       -0.22743564928708
C            2.02354959989620       -1.10149645839753       -1.52466107518371
C            3.02531657719829       -0.32063065492448       -2.07425856549306
C            3.60331203278101        0.68556982101243       -1.31815757517237
C            3.17352175742346        0.91293419173680       -0.02319808326805
H           -3.34008642726428        0.69182071349108       -2.55147704644826
H           -2.35662266531689       -0.73717081448122       -2.81870982520971
H           -3.78089475640433       -0.83169930353984       -1.76686551388368
H           -1.17193142329064        0.69792818834945       -1.18157079300303
H           -3.52269410959815       -0.84833492677032        1.94811308981574
H           -4.47540248652635       -0.26977534408224        0.56948834803351
H           -3.60222039340490       -1.80497128988599        0.46235667900631
H            1.02377511190068        2.46239404341185        1.45158637951578
H            0.18011696721334        1.72168290406846        2.85172896068281
H            1.19703215581633       -0.45877326064654        2.35207291671471
H            2.46144700756519        0.76747055419032        2.56873745659761
H            0.81367176352291       -1.48789871077198        0.19472160617790
H            1.57163919535835       -1.89018901335863       -2.10890372862346
H            3.35653066602751       -0.49607275937717       -3.08736794959194
H            4.38791748959721        1.29647545152732       -1.74047211439786
H            3.62605912076696        1.70081910582970        0.56288918237995
31
 energy: -44.113837456650 gnorm: 0.001809234917 xtb: 6.7.1 (edcfbbe)
C           -2.93939170676112       -0.20774787588319       -2.07408921363857
C           -2.07559812489248        0.17091604345693       -0.92290757650335
C           -2.34526183526621       -0.06713784740780        0.36292120408678
C           -3.56477147799219       -0.78664023870313        0.86024543335544
C           -1.37803852495990        0.33529903548129        1.41302421405577
O           -1.41096001843803       -0.06258271058361        2.55427701202306
O           -0.45581231244842        1.20142514392937        0.96182408647636
C            0.59463464272100        1.54384174519359        1.85748870732817
C            1.65472330454255        0.43582988799466        1.91807344837026
C            2.16363987865938        0.13868253303943        0.53569635724919
C            1.59421930016394       -0.87403759748694       -0.22380121138095
C            2.01751384829463       -1.10317321982088       -1.52160802202984
C            3.01640594898312       -0.32223256730268       -2.07530181781311
C            3.59414922220495        0.68691781664872       -1.32310377755399
C            3.16742392822968        0.91647861967332       -0.02767027289839
H           -3.33062110575526        0.69436500663207       -2.54492471802136
H           -2.34989652979968       -0.73387625131249       -2.82329940091532
H           -3.77280545796136       -0.83324097781126       -1.77104588414833
H           -1.15809540910969        0.68270685320808       -1.17891922041378
H           -3.52214987731217       -0.85457650795381        1.94499046586525
H           -4.47003757484525       -0.25463010312802        0.57490327217289
H           -3.61505465166757       -1.79453581695589        0.45221692374075
H            1.01978625956490        2.46561858865887        1.45468873865294
H            0.18009351089499        1.72236015405661        2.85576793796340
H            1.20092890652442       -0.45446175472046        2.35611045468126
H            2.46421141725878        0.77407994548620        2.56660483693950
H            0.81271906208578       -1.48735587288270        0.20184212228261
H            1.56568426652012       -1.89424767895616       -2.10237992427227
H            3.34576621034396       -0.49968789664310       -3.08858522182191
H            4.37671502012046        1.29814403067226       -1.74869652887946
H            3.61987988009821        1.70648442237182        0.55565757504369
31
 energy: -44.113846195553 gnorm: 0.001443470368 xtb: 6.7.1 (edcfbbe)
C           -2.92622155981464       -0.21064944641116       -2.07635605052449
C           -2.06228373557364        0.16004159708765       -0.92336743481114
C           -2.33867805799703       -0.07241429040922        0.36229573677827
C           -3.56728779172347       -0.77835648512918        0.85856123785186
C           -1.37213584736182        0.32638445025766        1.41371750781297
O           -1.39703835487940       -0.08411188772698        2.55070898458322
O           -0.45587510262927        1.20137764368837        0.96678045925901
C            0.59414601105838        1.54429276073448        1.86292310921687
C            1.65767769920059        0.43904241623034        1.92034619190328
C            2.16077179861576        0.14180681322792        0.53622513116575
C            1.59280175014402       -0.87605965318969       -0.21784274225100
C            2.01108823591411       -1.10740306293595       -1.51670785226139
C            3.00387574634100       -0.32298973124286       -2.07699499350160
C            3.57875124442779        0.69242768714300       -1.33119379283920
C            3.15730132126172        0.92396696316378       -0.03446905351906
H           -3.32247514981150        0.69414148950385       -2.53790465748463
H           -2.33689423788471       -0.72842449006232       -2.83169231186671
H           -3.75803286537845       -0.84082219897134       -1.77719513611896
H           -1.13908071211369        0.66261372130843       -1.17574111118327
H           -3.51653190720978       -0.86312427778266        1.94078250279672
H           -4.46529475297732       -0.22272416221727        0.58934853115450
H           -3.64053599720906       -1.77868546680432        0.43360917522379
H            1.01586617592779        2.46811778153174        1.46192864450349
H            0.17932179177717        1.71841039307510        2.86163178368116
H            1.20721738270214       -0.45169710089648        2.36111270793476
H            2.46899071565613        0.77947200617577        2.56540468173160
H            0.81601708191207       -1.49099540017942        0.21457722063023
H            1.56028101091821       -1.90291559658902       -2.09220705742995
H            3.33054229792064       -0.50260479266176       -3.09071947781497
H            4.35633476304545        1.30633853856111       -1.76205993389382
H            3.60738104574218        1.71852869047156        0.54449799926914
31
 energy: -44.113853624728 gnorm: 0.001066446323 xtb: 6.7.1 (edcfbbe)
C           -2.92645293458482       -0.20949268296814       -2.07742486502398
C           -2.06285022752800        0.16091598205206       -0.92435345042177
C           -2.33810686960179       -0.07254443719328        0.36140389296218
C           -3.56488544070684       -0.78018942137662        0.85852798488881
C           -1.37097066304038        0.32512409779751        1.41224968442829
O           -1.39499995238661       -0.08563873423959        2.54880272264752
O           -0.45508421566002        1.20069243376005        0.96642888744585
C            0.59308245134456        1.54468040057561        1.86456758112727
C            1.65915204214047        0.44155507597016        1.92061944155030
C            2.16051714643670        0.14414787653107        0.53611951231087
C            1.58906428203115       -0.87213570255693       -0.21781946547917
C            2.00677436910454       -1.10591805419878       -1.51622358690063
C            3.00293283449728       -0.32532966467802       -2.07628203081454
C            3.57960521285101        0.68946401712731       -1.33151037521142
C            3.15858351187864        0.92364799142273       -0.03508146561997
H           -3.32060733576147        0.69500717701296       -2.54108689964599
H           -2.33737356589805       -0.72990242694625       -2.83123220857538
H           -3.76006973557267       -0.83726769875884       -1.77799226032614
H           -1.13893206196759        0.66277591755994       -1.17581705358719
H           -3.51390920682743       -0.86558150023577        1.94098417755098
H           -4.46295109639214       -0.22822854156925        0.58864024937685
H           -3.63498576248324       -1.77998703538326        0.43433379245486
H            1.01273872204713        2.47067461134421        1.46651716557656
H            0.17634711911430        1.71467039636577        2.86311881383097
H            1.21075035289312       -0.44971696306684        2.36246748720334
H            2.47081949554140        0.78353692550415        2.56434634989335
H            0.80985869949750       -1.48337997815135        0.21561180827233
H            1.55299788366229       -1.89997419366834       -2.09121799734084
H            3.33043376625985       -0.50737948718784       -3.08934449278453
H            4.35887045966793        1.30094679882411       -1.76270219323845
H            3.60965071944455        1.71781172928256        0.54334879344612
31
 energy: -44.113860118563 gnorm: 0.000942700774 xtb: 6.7.1 (edcfbbe)
C           -2.92386337208995       -0.21016161967260       -2.07899881479068
C           -2.05941133271595        0.15862084405995       -0.92567706640853
C           -2.33552346971229       -0.07393444432604        0.35998042202132
C           -3.56310967650642       -0.78005330463937        0.85659151904464
C           -1.36785430208466        0.32157015523037        1.41131263527633
O           -1.39259626120034       -0.09010427725059        2.54757846993406
O           -0.45403681142005        1.20051024690726        0.96832749509206
C            0.59217796527191        1.54505770636387        1.86863852485122
C            1.66156468648070        0.44508503383495        1.92197191197297
C            2.15985872298910        0.14712152786059        0.53636390027789
C            1.58538522395991       -0.86904260679513       -0.21561574766790
C            2.00100081596293       -1.10518756038769       -1.51421922428006
C            2.99844166153663       -0.32756375071696       -2.07637654838307
C            3.57694583569236        0.68773305443417       -1.33408172684669
C            3.15758014676103        0.92476323241731       -0.03744230857424
H           -3.31610471380162        0.69535845121519       -2.54246090534748
H           -2.33587532546501       -0.73127479442144       -2.83308671022338
H           -3.75852104807241       -0.83626930573645       -1.77966851216828
H           -1.13398048861291        0.65827586167280       -1.17683235997006
H           -3.50905410667874       -0.87135114966964        1.93874171672935
H           -4.46067714276328       -0.22372053644691        0.59268984650584
H           -3.63834861948286       -1.77790558662185        0.42791770165881
H            1.00909651814227        2.47414268832278        1.47459246799193
H            0.17382036990805        1.71008363340748        2.86745182530004
H            1.21735955595590       -0.44721989776342        2.36592545338490
H            2.47428640759258        0.79011858850616        2.56277036920681
H            0.80565404925591       -1.47842764754862        0.21968437141556
H            1.54506486196636       -1.89910501847874       -2.08774059946265
H            3.32503757076934       -0.51194132300660       -3.08943791109988
H            4.35601878291082        1.29798431422179       -1.76767734434852
H            3.60966349545202        1.71982239397844        0.53877714890410
31
 energy: -44.113867484566 gnorm: 0.001058645383 xtb: 6.7.1 (edcfbbe)
C           -2.92116846885081       -0.21006458918558       -2.08137609871374
C           -2.05642037660082        0.15744024570903       -0.92738426536387
C           -2.33243471780868       -0.07655338280662        0.35794435458635
C           -3.55925696746068       -0.78385633351460        0.85382725032718
C           -1.36669018576006        0.31997426220085        1.41103648251528
O           -1.39157144714845       -0.09422345352448        2.54663640233776
O           -0.45340508030805        1.20057205474479        0.97071602262995
C            0.59041489698075        1.54543329865987        1.87362627607208
C            1.66550613365137        0.45109128226389        1.92387366339090
C            2.15967682467743        0.15171379792656        0.53683373450726
C            1.57876415225196       -0.86279914939742       -0.21285943440515
C            1.99117582213451       -1.10260691869714       -1.51170261254271
C            2.99223121493134       -0.33091538008738       -2.07650862229435
C            3.57588494280140        0.68333921476797       -1.33705430400204
C            3.15896039474782        0.92465579581666       -0.04008711396909
H           -3.30838792269285        0.69639973164195       -2.54754619670423
H           -2.33403170983941       -0.73490299756042       -2.83346219387695
H           -3.75837655715095       -0.83217559339123       -1.78192379013754
H           -1.13188129559547        0.65868821985517       -1.17805024009052
H           -3.50270136758456       -0.88010731246794        1.93525080027548
H           -4.45720722695920       -0.22561449689424        0.59576340424090
H           -3.63733532232391       -1.78003988759298        0.42153913492166
H            1.00328100752027        2.47878803549413        1.48512109371428
H            0.17009069193493        1.70385577338795        2.87282280530166
H            1.22862222430097       -0.44286611485617        2.37167682403821
H            2.47948686298896        0.80206126745367        2.55994006324959
H            0.79680418884161       -1.46814023178043        0.22417067489464
H            1.53049010303154       -1.89489764821266       -2.08388473688660
H            3.31726204558913       -0.51928765084353       -3.08942919884952
H            4.35706860736229        1.28892600398893       -1.77293975637529
H            3.61514853233889        1.71909706585236        0.53342957720475
31
 energy: -44.113873455642 gnorm: 0.001121344123 xtb: 6.7.1 (edcfbbe)
C           -2.91749234160122       -0.20988450826649       -2.08270468602698
C           -2.05511603499235        0.15879386169448       -0.92742558537876
C           -2.33129442326837       -0.07807298861101        0.35734959559248
C           -3.55741652438370       -0.78780978546793        0.85194345859451
C           -1.36608322435857        0.31810334081717        1.41124409012667
O           -1.39135333840581       -0.09753252326543        2.54635089205219
O           -0.45310614259543        1.19970713979395        0.97213971099027
C            0.58917597367665        1.54606166250052        1.87600114998127
C            1.66852899806640        0.45586311295233        1.92523905449551
C            2.15979479361041        0.15467042596464        0.53748028221583
C            1.57406336622498       -0.85843186634666       -0.21054915328080
C            1.98319653372954       -1.10036792490848       -1.50989374026289
C            2.98626508425867       -0.33285143208415       -2.07683691963956
C            3.57496477290236        0.67964850108387       -1.33902900000034
C            3.16071939671783        0.92355834010885       -0.04159803501976
H           -3.30101778181763        0.69626254803345       -2.55236311732770
H           -2.32918972373661       -0.73793912990969       -2.83171490365132
H           -3.75681259299728       -0.82959106335322       -1.78414473146301
H           -1.13112435161004        0.66184164436160       -1.17746897239407
H           -3.49810336046098       -0.88966739236089        1.93302251325806
H           -4.45545069581968       -0.22662831921555        0.59892619681801
H           -3.63709135403042       -1.78192881438294        0.41447589596927
H            0.99903768893211        2.48147280180860        1.48961892080298
H            0.16799706733148        1.70104169542451        2.87532457756569
H            1.23693649670068       -0.43893603934190        2.37643395038647
H            2.48297426537536        0.81177935724079        2.55793945290132
H            0.79104533795003       -1.46117333330935        0.22807520462126
H            1.51871716703527       -1.89117346506270       -2.08108367458561
H            3.30861835818428       -0.52315184872849       -3.09018383827200
H            4.35755244269549        1.28229479876429       -1.77669878993219
H            3.62106414668777        1.71702611301675        0.53013020085944
31
 energy: -44.113878618468 gnorm: 0.000340465839 xtb: 6.7.1 (edcfbbe)
C           -2.91653430599967       -0.20963245814724       -2.08222295328561
C           -2.05477550138513        0.15947301498053       -0.92680130763444
C           -2.33092523503903       -0.07862290050065        0.35790344484119
C           -3.55714355287092       -0.78936471578956        0.85202205373656
C           -1.36622787450601        0.31845982965230        1.41182576093286
O           -1.39128910304620       -0.09683704546236        2.54695912205627
O           -0.45339247228473        1.19984501734442        0.97178441715046
C            0.58935347964477        1.54718471318135        1.87476366688040
C            1.66804547233062        0.45617462636080        1.92514725337566
C            2.15937546384924        0.15431703446083        0.53765298330563
C            1.57375003498480       -0.85869965622970       -0.21047045383544
C            1.98233924271088       -1.10020206876246       -1.51009446888998
C            2.98447624121210       -0.33193184334223       -2.07726685205242
C            3.57470357560102        0.67953514683653       -1.33866457827449
C            3.16144021281424        0.92261956104799       -0.04098075069254
H           -3.29965254283018        0.69621590399363       -2.55314303797494
H           -2.32802179104405       -0.73923084549741       -2.83038537831412
H           -3.75671473713642       -0.82855449838228       -1.78346128190149
H           -1.13157351695644        0.66402285000929       -1.17666434759155
H           -3.49694899311324       -0.89419392434630        1.93219343354525
H           -4.45514861210011       -0.22746476665610        0.60132181516072
H           -3.63755765052347       -1.78142278932895        0.41106918155249
H            0.99954614629887        2.48161472258289        1.48640089559565
H            0.16868107430515        1.70384685085591        2.87402532259461
H            1.23539476238401       -0.43795728520863        2.37668125150903
H            2.48238707703053        0.81180865770648        2.55805810366695
H            0.79110418324945       -1.46171894870284        0.22827751907373
H            1.51769809461061       -1.89106571678806       -2.08111975687327
H            3.30608002418656       -0.52171274288340       -3.09081590510551
H            4.35830017585729        1.28152138390007       -1.77561099255403
H            3.62323062776669        1.71495780206609        0.53161583999860
31
 energy: -44.113885574631 gnorm: 0.000879919376 xtb: 6.7.1 (edcfbbe)
C           -2.91491784762900       -0.20915239043706       -2.08145241417552
C           -2.05490932983650        0.16164708966883       -0.92556194392658
C           -2.33054665066308       -0.07887607418933        0.35885724695069
C           -3.55542272856356       -0.79353128757214        0.85187397988578
C           -1.36638158103946        0.31940335864444        1.41276223160415
O           -1.39150350569814       -0.09433852450627        2.54837639809589
O           -0.45412562426321        1.20071117696337        0.97103264923824
C            0.58984026133524        1.54976417251544        1.87196553710276
C            1.66683688738365        0.45687287189497        1.92526904530534
C            2.15891274962064        0.15302008691982        0.53865089280434
C            1.57252218971565       -0.85888028527777       -0.20994675404030
C            1.97975748013328       -1.09916696190838       -1.51043475425725
C            2.98140343616846       -0.33076209459454       -2.07763462924640
C            3.57469055244605        0.67819143613155       -1.33745169702486
C            3.16307283310782        0.91983633410534       -0.03929222689445
H           -3.29528305860670        0.69579575237888       -2.55646539075191
H           -2.32591164462936       -0.74279011844814       -2.82664845452430
H           -3.75732601208175       -0.82539872868060       -1.78267534736386
H           -1.13275900896109        0.66822120523757       -1.17500135379608
H           -3.49136085532948       -0.90655792960139        1.93057738807090
H           -4.45368270204493       -0.22876331478663        0.60856835303567
H           -3.63784481054325       -1.78129532264352        0.40226176778263
H            1.00122591030698        2.48178552157422        1.47916021500529
H            0.17043920769567        1.71102858938634        2.87097792815094
H            1.23153664176754       -0.43564544445804        2.37746677100677
H            2.48092108519233        0.81179908257956        2.55880628828785
H            0.79017054440156       -1.46213950911984        0.22892423846741
H            1.51407893433365       -1.88942041102783       -2.08148534835750
H            3.30023007042185       -0.51798632385941       -3.09245817092847
H            4.35907196342014        1.27967570311432       -1.77378949831525
H            3.62726461244020        1.70993724894715        0.53476705280434
31
 energy: -44.113891987946 gnorm: 0.001107322188 xtb: 6.7.1 (edcfbbe)
C           -2.91337429514391       -0.20868989754375       -2.08131903007606
C           -2.05479662831089        0.16326001154565       -0.92486652463304
C           -2.32934287942621       -0.07974159155933        0.35934300396687
C           -3.55183581877454       -0.79908839440411        0.85167161329034
C           -1.36690792024085        0.32214128967782        1.41356218221619
O           -1.39152453921573       -0.09012176466702        2.54968497397192
O           -0.45478094393471        1.20277230413659        0.97003873619188
C            0.59070254923279        1.55278365351460        1.86878660492276
C            1.66521808740105        0.45747779440170        1.92586666538008
C            2.15831842166044        0.15147476798661        0.54018365302340
C            1.57020828921224       -0.85869807953317       -0.20911818570867
C            1.97589808285637       -1.09764957091307       -1.51050372264092
C            2.97754644283020       -0.32952981222967       -2.07775524045743
C            3.57415109055072        0.67648395070840       -1.33603887828972
C            3.16440256673918        0.91654524492078       -0.03714019698405
H           -3.28853532829413        0.69557540695535       -2.56171285946229
H           -2.32411005819095       -0.74799564074056       -2.82231157952517
H           -3.75907898858370       -0.82033287218122       -1.78245012518925
H           -1.13474639220780        0.67388364771068       -1.17379270488887
H           -3.48165724020976       -0.92376935686939        1.92882413410122
H           -4.45111496802273       -0.23069817815855        0.62001511320811
H           -3.63772766593599       -1.78164144907778        0.39139710187544
H            1.00410538904763        2.48194418027331        1.47126370812399
H            0.17269659293396        1.71975461424406        2.86741771590971
H            1.22694954012197       -0.43330248568491        2.37862490287469
H            2.47893411948460        0.81158657006311        2.56029850961139
H            0.78708984560128       -1.46129388566059        0.22934297981852
H            1.50808057766789       -1.88620703205992       -2.08215083862416
H            3.29444578661356       -0.51486648065162       -3.09354576160733
H            4.35984852965176        1.27664438617566       -1.77182841333344
H            3.63093775488742        1.70428357857122        0.53821246293015
31
 energy: -44.113898478102 gnorm: 0.000814979408 xtb: 6.7.1 (edcfbbe)
C           -2.91222162656879       -0.20845884639558       -2.08200979998870
C           -2.05513935229842        0.16535104195834       -0.92502081933863
C           -2.32791022307534       -0.07995999802900        0.35911073913834
C           -3.54690637201696       -0.80457213066760        0.85178945307941
C           -1.36564584803964        0.32363428329020        1.41294600442128
O           -1.39119034659515       -0.08575850305525        2.55011059893759
O           -0.45458394978502        1.20509873102349        0.96890057990750
C            0.59146129440968        1.55579776634946        1.86660594065141
C            1.66346945842654        0.45825834374279        1.92670844689128
C            2.15713236315270        0.15068889259105        0.54156229250518
C            1.56640267730596       -0.85739675722243       -0.20856256966288
C            1.97101773929031       -1.09572545370217       -1.51038601174678
C            2.97436383181522       -0.32938662186138       -2.07714619695617
C            3.57380515310323        0.67411403552720       -1.33444931717335
C            3.16491271489524        0.91379541680032       -0.03517315572132
H           -3.28088307271723        0.69539958901098       -2.56800394302520
H           -2.32318983418554       -0.75423516562288       -2.81849414918609
H           -3.76177002953610       -0.81435308059143       -1.78276494238270
H           -1.13666130351448        0.67891535354169       -1.17377244201014
H           -3.46900875145323       -0.94177977482798        1.92723247708637
H           -4.44771065769062       -0.23274839778130        0.63408675042816
H           -3.63730601997968       -1.78176237703594        0.38089518132503
H            1.00702436921134        2.48260614908104        1.46576146804451
H            0.17411897159844        1.72729950662769        2.86473364262699
H            1.22272553176028       -0.43118695962901        2.37962895367847
H            2.47696533858148        0.81134135197375        2.56200345850593
H            0.78210657812582       -1.45886449248454        0.22938366811268
H            1.50088492973044       -1.88231108086238       -2.08285085935681
H            3.29009329939984       -0.51373819064083       -3.09351216486043
H            4.36039573242767        1.27309304652636       -1.77018993076323
H            3.63324740422320        1.69982923131620        0.54087664682856
31
 energy: -44.113905043873 gnorm: 0.000552161308 xtb: 6.7.1 (edcfbbe)
C           -2.91131481927241       -0.20782937250012       -2.08331643002029
C           -2.05523586171486        0.16737852175763       -0.92588066488019
C           -2.32555579180363       -0.08063449783631        0.35819150622684
C           -3.53961810300603       -0.81178715248047        0.85206572725749
C           -1.36519916370050        0.32777831521292        1.41207633586875
O           -1.38968737509601       -0.08113738033898        2.54952312055276
O           -0.45463738685368        1.20953097731928        0.96772990842816
C            0.59188660033202        1.55915662130259        1.86520439737255
C            1.66133204075652        0.45946055292879        1.92761560614861
C            2.15515755928919        0.15062629109965        0.54275755447440
C            1.56060871205240       -0.85477108185609       -0.20824512801746
C            1.96452288903397       -1.09333575183677       -1.51008947173102
C            2.97140380611540       -0.33055206005322       -2.07588331959017
C            3.57354224820729        0.67066031091973       -1.33276830956582
C            3.16473327776494        0.91117633953567       -0.03341695182919
H           -3.27100851012577        0.69561065388977       -2.57654860078672
H           -2.32347297816661       -0.76247655107965       -2.81404690472593
H           -3.76610768910325       -0.80563616425451       -1.78336761590019
H           -1.13858779763678        0.68431161079112       -1.17458094387413
H           -3.45136198835414       -0.96316541792649        1.92522929372773
H           -4.44238076884437       -0.23628492397451        0.65184634961114
H           -3.63565870710907       -1.78270967839225        0.36923462993845
H            1.01008468890569        2.48405294951229        1.46275282337423
H            0.17460105060325        1.73411192055498        2.86272838303266
H            1.21834209995764       -0.42884786227517        2.38045622315013
H            2.47506601685368        0.81097690905657        2.56352278250682
H            0.77402431529343       -1.45381468823387        0.22898923630379
H            1.49151009006560       -1.87736498364133       -2.08367449651639
H            3.28680676454777       -0.51520742574444       -3.09233800931414
H            4.36143730349960        1.26780949563731       -1.76855644983933
H            3.63476747750987        1.69589843185669        0.54278941861273
31
 energy: -44.113909147683 gnorm: 0.000628611387 xtb: 6.7.1 (edcfbbe)
C           -2.91089983603625       -0.20729630588655       -2.08426137516493
C           -2.05511251678679        0.16882330319891       -0.92685529896179
C           -2.32361713960326       -0.08103317784073        0.35719474786660
C           -3.53434650812319       -0.81648377491163        0.85236524356178
C           -1.36342467080943        0.32888208483156        1.41063978300059
O           -1.38772531233764       -0.07973471917012        2.54829895598996
O           -0.45456434709717        1.21279154155047        0.96721991369369
C            0.59143794634157        1.56175203427695        1.86562602513527
C            1.65985850043928        0.46117120719492        1.92791948259383
C            2.15321585071939        0.15169023081819        0.54295520641440
C            1.55604209885954       -0.85215105340729       -0.20827770870458
C            1.95997784935534       -1.09194797809298       -1.50976309113488
C            2.96950305208700       -0.33205354960769       -2.07511644910148
C            3.57339507465718        0.66797681318610       -1.33217668362114
C            3.16438079901081        0.90990490113881       -0.03296418542323
H           -3.26364000692778        0.69566508535247       -2.58317072377672
H           -2.32468030858378       -0.76931282070624       -2.81059624676187
H           -3.76992598140647       -0.79835657461407       -1.78332937023266
H           -1.14028064792781        0.68903921093967       -1.17564472753774
H           -3.43842536224769       -0.97751538257450        1.92351786838596
H           -4.43846393902137       -0.23906074980118        0.66438618521257
H           -3.63412038314706       -1.78287987629072        0.36146402461540
H            1.01046778701775        2.48669738899985        1.46419783815548
H            0.17347892605402        1.73623866479111        2.86292350946782
H            1.21632498638538       -0.42685663893103        2.38077878712755
H            2.47409206451420        0.81185530929913        2.56362810981659
H            0.76701650647888       -1.44836015169059        0.22846346280653
H            1.48486030159168       -1.87419699361218       -2.08401571281696
H            3.28600940002453       -0.51885692294919       -3.09086434863225
H            4.36342437599837        1.26262348013433       -1.76750806059868
H            3.63574144052194        1.69397032332501        0.54296483862113
31
 energy: -44.113912737267 gnorm: 0.000509488750 xtb: 6.7.1 (edcfbbe)
C           -2.91068324818830       -0.20623457247862       -2.08485165548780
C           -2.05531010322837        0.17120997809272       -0.92757441140201
C           -2.32200910920659       -0.08116531868742        0.35638710753564
C           -3.52969407984166       -0.82118959078665        0.85238124099062
C           -1.36206799780709        0.32971976162031        1.40962117261702
O           -1.38463927143054       -0.08119290457957        2.54654010037513
O           -0.45529380294568        1.21639083724944        0.96754530769927
C            0.59028921922719        1.56429564615558        1.86703920378198
C            1.65888586985981        0.46383977362302        1.92774853305951
C            2.15082004779876        0.15396452731661        0.54230951525378
C            1.55110845850912       -0.84858363217300       -0.20882088026102
C            1.95560516627312       -1.09073480864295       -1.50958255327864
C            2.96852855414851       -0.33477054785514       -2.07433138433129
C            3.57432144768061        0.66441262098119       -1.33186481200856
C            3.16435932876735        0.90906635478905       -0.03337810583206
H           -3.25624740740813        0.69597971846412       -2.59000237871141
H           -2.32638545915769       -0.77653291783506       -2.80644379303983
H           -3.77422420082978       -0.79001665307696       -1.78251154403347
H           -1.14157627139758        0.69322563836619       -1.17654023047053
H           -3.42743692615653       -0.99054891504091        1.92143906316799
H           -4.43479329465071       -0.24246248620393        0.67469807559745
H           -3.63236702709442       -1.78335732099971        0.35425676723809
H            1.00898037423617        2.49039113168215        1.46797343703764
H            0.17160880690646        1.73619228883799        2.86451623271577
H            1.21579447371648       -0.42421676315767        2.38102186451501
H            2.47394394820856        0.81426804064981        2.56253442783721
H            0.76042870218748       -1.44243093828797        0.22807904157413
H            1.47907612262317       -1.87217646510149       -2.08373329882546
H            3.28566237222382       -0.52389646481854       -3.08946409012841
H            4.36608762518789        1.25687238200476       -1.76701171449419
H            3.63722768178973        1.69266650884341        0.54201976130466
31
 energy: -44.113915585592 gnorm: 0.000336615406 xtb: 6.7.1 (edcfbbe)
C           -2.91071433356298       -0.20473113076916       -2.08485117294248
C           -2.05548551776058        0.17312154621220       -0.92766889053408
C           -2.32087282359665       -0.08186725400717        0.35605076241772
C           -3.52686392906930       -0.82502633460958        0.85187698031164
C           -1.36095992501975        0.32884417844554        1.40928690678448
O           -1.38128099520160       -0.08541185001731        2.54506129350229
O           -0.45675497927058        1.21886011006939        0.96866178201601
C            0.58860569767295        1.56644150653898        1.86870622931252
C            1.65869437353488        0.46720298389592        1.92717283986841
C            2.14935783357791        0.15633323287741        0.54151268651716
C            1.54785423228808       -0.84561900810357       -0.20896330803697
C            1.95258764254211       -1.09020414898105       -1.50920137616467
C            2.96768042289751       -0.33735147201536       -2.07406599845323
C            3.57512658658650        0.66149517917893       -1.33239170980259
C            3.16492598540586        0.90859754074211       -0.03447966105211
H           -3.24975981374286        0.69675868513795       -2.59562845409622
H           -2.32827723583662       -0.78244608534161       -2.80215259679956
H           -3.77836735459452       -0.78194511377296       -1.78148718324443
H           -1.14296301172222        0.69733197219233       -1.17654013383366
H           -3.42040662613294       -1.00058547150501        1.91931594295440
H           -4.43249128896813       -0.24518743176841        0.68107440346835
H           -3.63117266287929       -1.78391858914387        0.34808798623188
H            1.00573523462403        2.49415428955165        1.47183796625275
H            0.16963581415061        1.73523673881044        2.86665601095406
H            1.21724511763455       -0.42110252940301        2.38159670150809
H            2.47451153512624        0.81859900615186        2.56039741292865
H            0.75527500201277       -1.43683770141006        0.22805230889288
H            1.47467242237147       -1.87126068734363       -2.08275603900624
H            3.28555162521176       -0.52910284031430       -3.08844394952631
H            4.36934423271615        1.25102212505399       -1.76713495287203
H            3.63956673900578        1.69158346259809        0.54041721243948
31
 energy: -44.113917817330 gnorm: 0.000302397347 xtb: 6.7.1 (edcfbbe)
C           -2.91093805351833       -0.20271442303956       -2.08465139272027
C           -2.05590211962071        0.17489943060033       -0.92731480549443
C           -2.32022789835227       -0.08288862825757        0.35608243568381
C           -3.52515923785950       -0.82862941430526        0.85105796802007
C           -1.36012143354334        0.32693449664571        1.40946293953929
O           -1.37786517361070       -0.09102296437410        2.54390153229330
O           -0.45851221342416        1.22020563533174        0.97006801340584
C            0.58709679328763        1.56823129882609        1.86970117861990
C            1.65917271342706        0.47072517124064        1.92678399414598
C            2.14838809423725        0.15881025502296        0.54087395845079
C            1.54527129343244       -0.84276315335707       -0.20872320314311
C            1.95010027845530       -1.08983799111490       -1.50853969401386
C            2.96688969175812       -0.33979998161161       -2.07387718832604
C            3.57634467132660        0.65851847752007       -1.33293685046311
C            3.16612507897826        0.90806096968842       -0.03558155772748
H           -3.24344351902014        0.69827579471200       -2.60055191204531
H           -2.33021689988464       -0.78736625604692       -2.79785904048585
H           -3.78263320509995       -0.77356815970958       -1.78067473905674
H           -1.14423994062445        0.70070868733047       -1.17589292038106
H           -3.41640045472444       -1.00938483991123        1.91730830404128
H           -4.43110761218705       -0.24786241613445        0.68503632881504
H           -3.63056203741082       -1.78483452332857        0.34259181448692
H            1.00215642710122        2.49728998529718        1.47381437039734
H            0.16860636597921        1.73483220704138        2.86823418903318
H            1.21993462501345       -0.41786601214872        2.38287860181062
H            2.47549979823578        0.82414906286078        2.55823294189984
H            0.75179318853055       -1.43233938133138        0.22882938189767
H            1.47094300276937       -1.87090924161620       -2.08105544784749
H            3.28474043350203       -0.53339537695729       -3.08789296858195
H            4.37198435616243        1.24589158578469       -1.76797163917425
H            3.64228298668490        1.69063461429267        0.53866540691629
31
 energy: -44.113919513581 gnorm: 0.000346990845 xtb: 6.7.1 (edcfbbe)
C           -2.91144527977895       -0.20053411582957       -2.08451034569751
C           -2.05656042497845        0.17627370608322       -0.92681570209178
C           -2.32000315428553       -0.08408173811526        0.35624404386350
C           -3.52427817703941       -0.83165241359965        0.85015841164913
C           -1.35944747839696        0.32447026276120        1.40975889970504
O           -1.37493390829503       -0.09655008962106        2.54304083397068
O           -0.45996076347284        1.22030942529360        0.97123150447776
C            0.58593442851598        1.56940990501636        1.87001435109473
C            1.66009226225086        0.47381213751544        1.92665335184928
C            2.14861347466359        0.16036111278002        0.54087067570413
C            1.54413482183737       -0.84102926144496       -0.20778624265579
C            1.94824500622053       -1.08964285980289       -1.50759184529934
C            2.96587416397228       -0.34151272640518       -2.07373317487843
C            3.57686534659322        0.65658855460584       -1.33364283317242
C            3.16734371359654        0.90770312824288       -0.03644929614646
H           -3.23785827849283        0.70033824212578       -2.60438988327769
H           -2.33235033674919       -0.79095123394491       -2.79435926413738
H           -3.78677395051620       -0.76572238312247       -1.78039715085153
H           -1.14518505364055        0.70269955994742       -1.17500818010016
H           -3.41453807430849       -1.01586464995521        1.91567989032047
H           -4.43041271953089       -0.25029016355210        0.68695629548924
H           -3.63023506054164       -1.78609260350151        0.33859667438286
H            0.99928451205381        2.49902016646721        1.47363098108782
H            0.16813678620784        1.73561930376181        2.86892764524428
H            1.22307856046912       -0.41490168804000        2.38461368771458
H            2.47648483538854        0.82975820938243        2.55660146335692
H            0.74993318040503       -1.42927922620381        0.23024790965451
H            1.46787250034679       -1.87070925060520       -2.07910561866716
H            3.28330342373685       -0.53625725882755       -3.08764990578896
H            4.37370664052775        1.24201820803644       -1.76912855749961
H            3.64507900324195        1.68967464950241        0.53734138069548
31
 energy: -44.113920924102 gnorm: 0.000326418574 xtb: 6.7.1 (edcfbbe)
C           -2.91232731386396       -0.19774130104292       -2.08455314109351
C           -2.05708527456909        0.17689520461270       -0.92641792728819
C           -2.31959191713395       -0.08609435177845        0.35626834060126
C           -3.52341962104797       -0.83491024447043        0.84924891862748
C           -1.35834542601337        0.32110868832707        1.40977414485110
O           -1.37170055998280       -0.10248448814644        2.54207965052401
O           -0.46109188613185        1.21954636532936        0.97194550385996
C            0.58500945826532        1.57044489180153        1.86963421664334
C            1.66134436023009        0.47694849192270        1.92696659265661
C            2.14904336897109        0.16204440399132        0.54123912101741
C            1.54306294911838       -0.83927746828029       -0.20627552226050
C            1.94626251788795       -1.08951853727322       -1.50608235421003
C            2.96451036796705       -0.34314338074643       -2.07336578773436
C            3.57741472384205        0.65451143091291       -1.33421434512827
C            3.16877956357189        0.90730257132280       -0.03707029147036
H           -3.23112661741565        0.70353428149507       -2.60838120589849
H           -2.33560108125750       -0.79463778478876       -2.79093402663512
H           -3.79211196246302       -0.75601176479307       -1.78053240355644
H           -1.14605798799855        0.70422406316760       -1.17408443405430
H           -3.41285112536233       -1.02205869800314        1.91423195989413
H           -4.42979673874507       -0.25310560022585        0.68841721237991
H           -3.62978860601582       -1.78794783433951        0.33516031437694
H            0.99656373108517        2.50037712334752        1.47203996644864
H            0.16794238625448        1.73700995592067        2.86877994627462
H            1.22679681999194       -0.41189487648353        2.38701145608174
H            2.47761829222967        0.83593805291902        2.55538300016130
H            0.74860089228485       -1.42652175922224        0.23262239392299
H            1.46446235189675       -1.87043916988873       -2.07659485938739
H            3.28109287748135       -0.53881803249602       -3.08737488052609
H            4.37466300294157        1.23856672056890       -1.77075866093440
H            3.64772845398239        1.68913795529061        0.53583710185221
31
 energy: -44.113921800731 gnorm: 0.000229605818 xtb: 6.7.1 (edcfbbe)
C           -2.91334772104731       -0.19521974103251       -2.08483828558342
C           -2.05751723896966        0.17731441363008       -0.92643412273022
C           -2.31911896230452       -0.08770237670689        0.35601287082959
C           -3.52240350228620       -0.83751956457216        0.84872703817912
C           -1.35716476675403        0.31845667374548        1.40935589949508
O           -1.36904794163977       -0.10677341317250        2.54104635579981
O           -0.46142452877020        1.21862053988287        0.97199537544183
C            0.58444515570492        1.57107868888123        1.86921522574676
C            1.66237676750346        0.47920503438056        1.92742338560093
C            2.14971331091108        0.16303823239448        0.54184577501111
C            1.54254240976035       -0.83831786093100       -0.20472249281232
C            1.94465525664837       -1.08949312024693       -1.50464790115211
C            2.96317252894481       -0.34420231701041       -2.07295302782236
C            3.57723174356586        0.65338094773428       -1.33475388187071
C            3.16953598881276        0.90725287217325       -0.03747860742433
H           -3.22539880355579        0.70664333800326       -2.61161670158984
H           -2.33927670551951       -0.79773417302304       -2.78866305749530
H           -3.79702523494868       -0.74718960274662       -1.78071016801102
H           -1.14615768209925        0.70413275125263       -1.17383724461297
H           -3.41141261134557       -1.02601669876098        1.91346579483459
H           -4.42902900528837       -0.25578030734113        0.68913343823180
H           -3.62889643218036       -1.78997906031096        0.33357592611012
H            0.99487701964259        2.50109305938615        1.47060470555180
H            0.16744688767983        1.73825901896390        2.86828918586119
H            1.22955601479918       -0.40965038686689        2.38902131541303
H            2.47840440289557        0.84049701462067        2.55484063059607
H            0.74791059084046       -1.42472749909862        0.23498493910060
H            1.46187074759628       -1.87028794872871       -2.07447540661745
H            3.27914615903177       -0.54075024087160       -3.08699308333166
H            4.37487154671040        1.23632923053131       -1.77208292805874
H            3.64946460566256        1.68902740479154        0.53466904730523
