compound_id,canonical_smiles,source_dataset,repellent_active,scaffold_smiles,method,convergence,charge,multiplicity,mmff_energy,homo_ev,lumo_ev,homo_lumo_gap_ev,total_energy_eh,dipole_debye,partial_charge_mean,partial_charge_std,partial_charge_max,partial_charge_min,dft_subset
REP_00001,CC(C)=CCC/C(C)=C/COC(=O)c1cc(-c2ccccc2)nn1-c1ccc([N+](=O)[O-])cc1,repellent,1.0,C1CCC(C2CCC(C3CCCCC3)C2)CC1,GFN2-xTB,converged,0.0,1.0,87.74365639616094,-8.931281836733465,-8.081993953929587,0.8492878828038783,-94.3428743791106,3.7630294561827244,-5.181040781584064e-17,0.1372989528074387,0.5214133139996764,-0.4216499851821607,False
REP_00002,CC(C)=CCC/C(C)=C/COC(=O)c1cc(C(C)C)nn1-c1ccc([N+](=O)[O-])cc1,repellent,1.0,C1CCC(C2CCCC2)CC1,GFN2-xTB,converged,0.0,1.0,71.6816193691217,-9.041544792983226,-7.968838942198711,1.0727058507845149,-88.95772510356693,1.3061634528314832,3.8975414233133145e-16,0.1403428697639919,0.5223924203300785,-0.4124304301984141,False
REP_00005,CC1(C)C(C=C(Cl)Cl)C1C(=O)OC(C#N)c1cccc(Oc2ccccc2)c1,repellent,1.0,CC(CCC1CCCC(CC2CCCCC2)C1)C1CC1,GFN2-xTB,converged,0.0,1.0,67.65248353297332,-10.721160718977437,-7.066567727016353,3.654592991961084,-80.94452726678959,1.1776874442290166,-7.189875172771958e-17,0.12185450376686945,0.35872933078093117,-0.4071099567769248,False
REP_00007,C=C(C)[C@H]1Cc2c(ccc3c2O[C@@H]2COc4cc(OC)c(OC)cc4[C@@H]2C3=O)O1,repellent,1.0,CC1C2CCC3CCCC3C2CC2CCC3CCCCC3C21,GFN2-xTB,converged,0.0,1.0,108.79528352995975,-7.749392027209954,-6.492146555329003,1.2572454718809505,-84.87433567670357,1.3828963343169451,-2.677596706448907e-16,0.12459885960111666,0.22568389854152776,-0.3795915317105437,False
REP_00009,O=C1NC(=O)c2c1cccc2[N+](=O)[O-],repellent,1.0,CC1CC(C)C2CCCCC12,GFN2-xTB,converged,0.0,1.0,-18.545570653579368,-12.147079903350383,-9.48210772916011,2.6649721741902734,-41.18490754366565,2.0181976338699075,4.880355379081417e-16,0.24279929679882567,0.5465347533843664,-0.35789713672018764,False
REP_00010,c1cc2c(cc1CCCCOCCCCc1ccc3c(c1)OCO3)OCO2,repellent,1.0,C(CCCCC1CCC2CCCC2C1)CCCCC1CCC2CCCC2C1,GFN2-xTB,converged,0.0,1.0,47.84912796333796,-10.022624286804556,-6.14085333776896,3.8817709490355954,-80.7074141434662,0.4509493877204669,-8.811086032697292e-17,0.11379454452539733,0.21404233352905191,-0.3215198525465218,True
REP_00011,CC1(C)C(C=C(Cl)Cl)C1C(=O)OCc1cccc(Oc2ccccc2)c1,repellent,1.0,CC(CCC1CCCC(CC2CCCCC2)C1)C1CC1,GFN2-xTB,converged,0.0,1.0,54.808934619435824,-10.536965552465237,-6.760511149345739,3.776454403119498,-76.43440980042894,1.5135096926323122,-6.085108262687339e-16,0.11760540517414486,0.35769279104939256,-0.4093717017415787,False
REP_00012,C=C/C=C/CC1=C(C)[C@@H](OC(=O)[C@@H]2[C@@H](/C=C(\C)C(=O)OC)C2(C)C)CC1=O,repellent,1.0,CC1CCC(CC(C)C2CC2)C1,GFN2-xTB,converged,0.0,1.0,1.5084540304772271,-10.405982364767684,-7.730386756777641,2.6755956079900436,-81.65225067749684,1.256715211520362,1.4659990393345818e-16,0.14096128135083164,0.3556099584209302,-0.42037715177536916,True
REP_00014,CC(=O)OC[C@](C)(O)C(=O)OCCC(C)C,repellent,1.0,,GFN2-xTB,converged,0.0,1.0,30.244456865342585,-11.222140507969321,-6.900348507763455,4.321792000205866,-54.12078736189122,0.6943696861844827,-2.8719310880060476e-17,0.17871770631093223,0.358572970892393,-0.4318938500711425,False
REP_00015,C=C(CC1CC/C(=N/OC(=O)CCCCl)C1CCCCC)OC/C=C(\C)CCC=C(C)C,repellent,1.0,CC1CCCC1,GFN2-xTB,converged,0.0,1.0,75.63222577001967,-10.143861053577087,-7.163364522231082,2.980496531346005,-99.85948274110847,1.5823196749567838,1.9100218482860424e-16,0.09521826419796622,0.35029657329254327,-0.3720873678328108,True
REP_00020,CCOC(=O)CCC1(C)OCC(COC)O1,repellent,1.0,C1CCCC1,GFN2-xTB,converged,0.0,1.0,16.813524617164592,-10.860445078290422,-6.272999348245911,4.587445730044511,-54.10868192404294,0.8106617596172772,1.2335811384723962e-16,0.15906045038189404,0.3604005608698885,-0.4130243911534089,False
REP_00022,CC(C)=CCC/C(C)=C/COC(=O)c1cc(-c2ccccc2)nn1C(C)(C)C,repellent,1.0,C1CCC(C2CCCC2)CC1,GFN2-xTB,converged,0.0,1.0,41.987029473436976,-10.167684110324522,-7.39050773510066,2.7771763752238625,-81.6727176938892,0.7558520930187066,-1.3079815008865126e-16,0.10056876685449309,0.34859738344127544,-0.43318496874072976,False
REP_00023,CC(C)=CCC/C(C)=C/COC(=O)c1cc(C)nn1C(C)(C)C,repellent,1.0,C1CCCC1,GFN2-xTB,converged,0.0,1.0,22.225002251162454,-10.186851664528682,-7.326319807608677,2.860531856920005,-69.9542435333663,0.8988081163201733,1.148190557306913e-16,0.10837116346122976,0.3475954420783577,-0.4342345184192583,False
REP_00026,CC(C)=CCC/C(C)=C/COC(=O)c1cc(-c2ccccc2)nn1-c1ccccc1,repellent,1.0,C1CCC(C2CCC(C3CCCCC3)C2)CC1,GFN2-xTB,converged,0.0,1.0,54.65471334828897,-10.2627617403289,-7.648586695374983,2.6141750449539165,-83.88598154464523,1.507411546658993,1.4966476334117144e-16,0.09779005353067638,0.3511029582629075,-0.4188331392222303,False
REP_00027,CC(C)=CCC/C(C)=C/COC(=O)c1cc(C)nn1-c1ccccc1,repellent,1.0,C1CCC(C2CCCC2)CC1,GFN2-xTB,converged,0.0,1.0,37.26444769336507,-7.619024960173357,-6.2398644555682115,1.3791605046051458,-72.16798663300268,1.16580644384671,-2.3388154158463774e-16,0.10564620490167873,0.34793323854883845,-0.42475768757492627,False
REP_00030,CC(C)=CCC/C(C)=C/COC(=O)c1cc(C(C)C)nn1-c1ccccc1,repellent,1.0,C1CCC(C2CCCC2)CC1,GFN2-xTB,converged,0.0,1.0,38.58549829108903,-10.244612578634618,-7.5546426607888195,2.689969917845798,-78.49945882335474,1.382861177489658,-5.721544096204206e-17,0.10039021236803906,0.35065059055793846,-0.4199951043455657,False
REP_00031,CC(C)=CCC/C(C)=C/COC(=O)c1cc(C(C)C)nn1C(C)(C)C,repellent,1.0,C1CCCC1,GFN2-xTB,converged,0.0,1.0,23.626551467674478,-10.166300929978267,-7.303362097583706,2.86293883239456,-76.28443781340955,0.8056998526763512,7.07531961456032e-16,0.10314070639909541,0.34759102156205607,-0.4344979092489914,False
REP_00033,CC1(CC(=O)OC2CCCCC2)OCCO1,repellent,1.0,CC(CC1CCCCC1)CC1CCCC1,GFN2-xTB,converged,0.0,1.0,-0.8732134721068565,-11.080543719963584,-6.471874842700316,4.608668877263268,-52.20970350850598,1.2768061664240118,1.5998005389563886e-17,0.14752209603359723,0.3553852050254253,-0.4083913615091121,True
REP_00034,CC[C@H](C)OC(=O)CCC(=O)N(C(C)C)C(C)C,repellent,1.0,,GFN2-xTB,converged,0.0,1.0,-27.317939316373458,-10.303537461950077,-6.108272344100424,4.195265117849653,-58.92481045719085,1.0921221676707438,3.23815048849004e-17,0.13552639965327765,0.36190454500239844,-0.43896804823444413,False
REP_00037,CCC(=O)Oc1ccccc1C(=O)OC,repellent,1.0,C1CCCCC1,GFN2-xTB,converged,0.0,1.0,35.059382947789615,-11.222951771697357,-7.693761053087635,3.5291907186097218,-45.947268231876315,0.7548128285496051,1.3929187021917472e-16,0.17315408765443738,0.3598444687073978,-0.40825068187043,False
REP_00039,C=C(CC1CC/C(=N/OC(=O)C(C)(C)CC)C1CCCCC)OC/C=C(\C)CCC=C(C)C,repellent,1.0,CC1CCCC1,GFN2-xTB,converged,0.0,1.0,93.76541175591503,-10.1243638029823,-6.7901455347144815,3.3342182682678185,-102.1518808814704,2.2071466575484093,-5.3226393482410326e-17,0.08929222533147371,0.34945525620776496,-0.3779892517974722,False
REP_00040,C=C(CC1CC/C(=N/OC(=O)C2CC2)C1CCCCC)OC/C=C(\C)CCC=C(C)C,repellent,1.0,CC(CCC1CCCC1)C1CC1,GFN2-xTB,converged,0.0,1.0,110.27936299209138,-10.158105398076565,-6.939195993772133,3.2189094043044317,-94.76944618281365,2.0643288917058005,8.833024402000823e-17,0.0916812326438161,0.3552741175310312,-0.3754000985975255,False
REP_00041,C=C(CC1CC/C(=N/OC(=O)C2CCC2)C1CCCCC)OC/C=C(\C)CCC=C(C)C,repellent,1.0,CC(CCC1CCCC1)C1CCC1,GFN2-xTB,converged,0.0,1.0,90.55095031342044,-10.137782981807613,-6.94611267393221,3.1916703078754027,-97.9423315567076,1.7819079182450004,-4.0101399834269046e-17,0.08975038996881604,0.3435378989115843,-0.37247739700320504,False
REP_00042,C=C(CC1CC/C(=N/OC(=O)C2CCCC2)C1CCCCC)OC/C=C(\C)CCC=C(C)C,repellent,1.0,CC(CCC1CCCC1)C1CCCC1,GFN2-xTB,converged,0.0,1.0,86.50977563923296,-10.051348877772634,-6.81957287534211,3.231776002430524,-101.14241707279983,1.306866111397117,-1.209969624493823e-16,0.08925829672342815,0.3512331333317538,-0.3713831857935026,False
REP_00043,C=C(CC1CC/C(=N/OC(=O)CC)C1CCCCC)OC/C=C(\C)CCC=C(C)C,repellent,1.0,CC1CCCC1,GFN2-xTB,converged,0.0,1.0,79.72481582566263,-10.152454865450412,-6.872095984275495,3.2803588811749176,-92.65698269098816,2.4063614836226295,4.594878511162677e-16,0.09284328080558335,0.3527225978595149,-0.37569203188694605,True
REP_00044,C=CCC(=O)O/N=C1/CCC(CC(=C)OC/C=C(\C)CCC=C(C)C)C1CCCCC,repellent,1.0,CC1CCCC1,GFN2-xTB,converged,0.0,1.0,109.5490025293208,-10.074248552605301,-6.927902739868543,3.146345812736758,-94.76425864263155,2.4010178581258077,1.641892327802913e-16,0.09296239788584038,0.3551041094408721,-0.3646321430462944,False
REP_00045,C=CCCC(=O)O/N=C1/CCC(CC(=C)OC/C=C(\C)CCC=C(C)C)C1CCCCC,repellent,1.0,CC1CCCC1,GFN2-xTB,converged,0.0,1.0,85.99265588352223,-10.154022254175617,-6.962642339855766,3.1913799143198505,-97.92803683029902,2.405250738666877,-2.8751351948592224e-16,0.09090017043797534,0.35282196391510284,-0.3718402699926963,False
REP_00046,C=C(CC1CC/C(=N/OC(=O)CCCCC)C1CCCCC)OC/C=C(\C)CCC=C(C)C,repellent,1.0,CC1CCCC1,GFN2-xTB,converged,0.0,1.0,80.16251616562866,-10.123159275440353,-6.876886290240481,3.2462729851998713,-102.15015298855378,2.2544251540508715,9.223651652754731e-18,0.08910393553187226,0.3512100564554859,-0.37024087709869663,False
REP_00047,C=C(CC1CC/C(=N/OC(=O)c2ccccc2)C1CCCCC)OC/C=C(\C)CCC=C(C)C,repellent,1.0,CC(CCC1CCCC1)C1CCCCC1,GFN2-xTB,converged,0.0,1.0,120.62073108783058,-10.158074529132861,-7.4681470523064375,2.6899274768264236,-101.20793057085837,2.5734103687552614,-5.605184426273112e-17,0.08976323571963352,0.3496193230150116,-0.3802849073285892,False
REP_00051,CCCCOC(=O)C1=CC(=O)CC(C)(C)O1,repellent,1.0,CC1CCCCC1,GFN2-xTB,converged,0.0,1.0,4.0349662309230325,-8.479680418634088,-6.411524824582485,2.0681555940516025,-51.14522125443265,2.206478190162719,2.204119240064649e-16,0.1478018030531533,0.3415881305735737,-0.39058640793740546,False
REP_00053,CCCCOCCOC(=O)C1(O)CCCC1,repellent,1.0,C1CCCC1,GFN2-xTB,converged,0.0,1.0,50.784093778064204,-11.043765229399087,-6.957484853377447,4.08628037602164,-53.20357625773958,0.9852276734513031,1.542990881263581e-16,0.14922021554915185,0.3329837757401228,-0.44133819711679234,False
REP_00054,CCCCOCCOC(=O)C1(O)CCCCC1,repellent,1.0,C1CCCCC1,GFN2-xTB,converged,0.0,1.0,47.90690263508947,-10.998462720456702,-6.934782668870687,4.063680051586015,-56.37248984715527,1.5814338489591069,1.9039647907062516e-16,0.14329908976308334,0.3317956240910307,-0.44068198442312057,False
REP_00057,CCCOC(=O)CCC(=O)N(CCC)CCC,repellent,1.0,,GFN2-xTB,converged,0.0,1.0,-41.829229366483915,-10.307022577564021,-6.204368395662209,4.102654181901812,-55.75556807722197,1.1084207468987641,-3.443839129213004e-16,0.13518818609121994,0.35897508927360455,-0.44217436432005397,False
REP_00061,CCCc1cc(C(=O)OC/C=C(\C)CCC=C(C)C)n(-c2ccccc2)n1,repellent,1.0,C1CCC(C2CCCC2)CC1,GFN2-xTB,converged,0.0,1.0,34.73459091536044,-10.210760456868579,-7.573418971122086,2.637341485746493,-78.49923554525938,1.2019356086605306,-3.408579461568463e-17,0.10042464437339975,0.35055503697679086,-0.41963813149733104,True
REP_00062,CCCc1cc(C(=O)OC/C=C(\C)CCC=C(C)C)n(C(C)(C)C)n1,repellent,1.0,C1CCCC1,GFN2-xTB,converged,0.0,1.0,19.3243652106265,-10.129414987978093,-7.323318889315051,2.8060960986630414,-76.28476634643965,0.6678355570838767,-1.7770624896277663e-16,0.10264846683713781,0.3479046422084875,-0.434428310654808,False
REP_00068,CCOC(=O)C(=O)[C@@H]1CCCCC1=O,repellent,1.0,CC1CCCCC1,GFN2-xTB,converged,0.0,1.0,11.10629991678891,-8.407503456855386,-7.4472581411782075,0.9602453156771782,-44.81234736969134,0.9982175189347351,-7.979727989493313e-17,0.16337186040894058,0.34251864529248577,-0.3930064064990213,False
REP_00069,CCOC(=O)C1=CC(=O)CC(C)(C)O1,repellent,1.0,CC1CCCCC1,GFN2-xTB,converged,0.0,1.0,5.027422181865912,-8.493142478084074,-6.422757456539131,2.0703850215449435,-44.81690468124565,2.063184934846259,-5.516420653606247e-16,0.16208005077248516,0.34387339757192753,-0.39017745022069994,False
REP_00075,COC(=O)[C@@H]1[C@H](C(=O)OC)[C@@H]2C=C[C@H]1C2,repellent,1.0,C1CC2CCC1C2,GFN2-xTB,converged,0.0,1.0,6.081496119697038,-10.675258482198524,-6.75239522255864,3.9228632596398842,-46.95722659962333,1.4754255933827838,2.0433846185988872e-16,0.16230847118179953,0.3589532567866656,-0.3975649575411174,False
REP_00078,O=C(CCCl)OC[C@H]1CCCO1,repellent,1.0,C1CCCC1,GFN2-xTB,converged,0.0,1.0,-1.498920699159405,-10.875500268926015,-6.826791691536237,4.048708577389777,-40.52549358570884,1.5604188974058801,2.248201624865942e-16,0.15463274956513468,0.35157402435052887,-0.4089083840320377,False
REP_00079,C=C(Cl)COC(=O)Cc1ccccc1,repellent,1.0,C1CCCCC1,GFN2-xTB,converged,0.0,1.0,30.55467050238776,-10.880007673374877,-6.84773156728935,4.032276106085527,-41.81407883509417,0.7789376753826295,-2.2870594307278225e-16,0.13439495257156464,0.35634480825574133,-0.40342662778615407,False
REP_00081,C=CCC1=C(C)C(OC(=O)C2C(C=C(C)C)C2(C)C)CC1=O,repellent,1.0,CC1CCC(CC(C)C2CC2)C1,GFN2-xTB,converged,0.0,1.0,11.21073251031776,-10.357584779432358,-7.670556807218736,2.687027972213622,-66.08653857946858,1.9002340373631132,4.7415775010032725e-17,0.12293578450123752,0.35451892795168766,-0.4125731162640172,False
REP_00082,CC1(C)OC(=O)[C@@H](c2ccccc2)O1,repellent,1.0,CC1CCCC1C1CCCCC1,GFN2-xTB,converged,0.0,1.0,45.88379649395315,-11.071479493971594,-7.034105991324535,4.03737350264706,-41.88523587019549,1.3644470626452356,3.712308238590367e-16,0.15158176619841612,0.34806954127550543,-0.37328039121668294,False
REP_00086,CC(C)CN1C(=O)C2CCC(C)CC2C1=O,repellent,1.0,CC1CC(C)C2CCCCC12,GFN2-xTB,converged,0.0,1.0,-33.29651204831072,-11.040096404630892,-7.233178946743679,3.806917457887214,-49.68636243992771,0.5645015060890142,-3.872652949072548e-16,0.12295798641642486,0.2736051487159505,-0.3961780531148364,True
REP_00087,CC(C)CN1C(=O)C2CC=CCC2C1=O,repellent,1.0,CC1CC(C)C2CCCCC12,GFN2-xTB,converged,0.0,1.0,-39.55839150266077,-10.802911136942008,-7.283975614940947,3.518935522001061,-45.461979834134816,0.42893979464801046,4.49293380277993e-16,0.13067240891746096,0.2743101366703596,-0.3965290319087417,False
REP_00088,CC(C)CN1C(=O)C2CCCCC2C1=O,repellent,1.0,CC1CC(C)C2CCCCC12,GFN2-xTB,converged,0.0,1.0,-37.55529781457277,-11.043710958377357,-7.24164366928942,3.802067289087937,-46.519270074456124,0.5391357355643994,-5.163353404966261e-17,0.1268767222833815,0.27437930798657817,-0.3962861815143061,False
REP_00090,CC(C)COC(=O)[C@H](O)c1ccccc1,repellent,1.0,C1CCCCC1,GFN2-xTB,converged,0.0,1.0,64.27055846364962,-10.834818412975059,-6.958243741273781,3.8765746717012775,-46.05077565604488,1.362019838779472,3.964122936716033e-16,0.15084702535643138,0.33630556801834294,-0.43779855784797667,True
REP_00092,CC(=O)CCC(=O)N(C(C)C)C(C)C,repellent,1.0,,GFN2-xTB,converged,0.0,1.0,-14.177919202311902,-10.364254413018353,-6.683264067671134,3.680990345347219,-45.339514345622526,1.425671038613481,-8.643879263153004e-16,0.1338172283509213,0.2640364089316614,-0.4446833916628073,True
REP_00093,CC1CCC2C(=O)N(C(C)C)C(=O)C2C1,repellent,1.0,CC1CC(C)C2CCCCC12,GFN2-xTB,converged,0.0,1.0,-32.05084123101741,-11.003837897508228,-7.216557120797142,3.7872807767110865,-46.52114392099499,0.5288407184884519,5.1592717026698455e-16,0.12940651932781827,0.2791520149121257,-0.39846072978040087,False
REP_00099,CC1CCCC(OC(=O)CC#N)C1,repellent,1.0,C1CCCCC1,GFN2-xTB,converged,0.0,1.0,-8.26584059085221,-11.544522834574442,-7.0047742736366665,4.539748560937776,-40.115356521054395,2.332485089220971,-1.1052666718366514e-16,0.13494138508952888,0.36226616176386,-0.3912361937661731,False
REP_00102,C=C(C)COC(=O)C(=C)c1ccco1,repellent,1.0,C1CCCC1,GFN2-xTB,converged,0.0,1.0,19.892131282458447,-10.386076532390348,-7.744010487035175,2.6420660453551728,-41.81317006374864,0.7735986525313261,4.013883242875566e-16,0.13655522477354332,0.34824040635671605,-0.4071005596509237,False
REP_00106,CCC(C)N1C(=O)C2CC=CCC2C1=O,repellent,1.0,CC1CC(C)C2CCCCC12,GFN2-xTB,converged,0.0,1.0,-38.940028585567,-10.777987397261414,-7.261352436526887,3.5166349607345273,-45.46236623135387,0.38626580894689294,3.907464629637758e-16,0.1320776053487326,0.2755277834707805,-0.3977753796519613,False
REP_00107,CCC(C)N1C(=O)C2CCCCC2C1=O,repellent,1.0,CC1CC(C)C2CCCCC12,GFN2-xTB,converged,0.0,1.0,-36.86939937193355,-10.997052574340717,-7.221684213778204,3.7753683605625135,-46.51967477467097,0.5123238947913137,3.5469992955855185e-16,0.12824650885651462,0.2778651525470669,-0.3985362048777133,False
REP_00108,CC[C@H](C)N1C(=O)c2ccccc2C1=O,repellent,1.0,CC1CC(C)C2CCCCC12,GFN2-xTB,converged,0.0,1.0,-3.0376483880973755,-11.16157135352784,-8.501023274829672,2.6605480786981683,-43.41471235450488,0.6423211490398009,-8.767788082865634e-16,0.1370054441457526,0.27993555670509623,-0.38589038512620716,False
REP_00109,CC[C@H](C)OC(=O)C=Cc1ccco1,repellent,1.0,C1CCCC1,GFN2-xTB,converged,0.0,1.0,-14.75545280202061,-10.606578688411426,-7.840523061164548,2.766055627246878,-42.87989514285605,0.9226512829106178,-5.870799877984366e-16,0.1362178138458062,0.34954383269953604,-0.4248921664481155,False
REP_00110,CCOC(=O)C1C(C)=CC(=O)CC1CC,repellent,1.0,CC1CCCCC1,GFN2-xTB,converged,0.0,1.0,23.91068914332309,-10.443280622391187,-7.52775415182711,2.9155264705640773,-47.08151147692862,2.474660162806232,-9.441101099558622e-17,0.14255441735804636,0.35162627222680565,-0.4018472010680512,False
REP_00115,CCCC(=O)O[C@H]1CCCCC1=O,repellent,1.0,CC1CCCCC1,GFN2-xTB,converged,0.0,1.0,0.7161420459834318,-10.874448064109309,-7.284787992383486,3.589660071725823,-41.79456137839287,1.6133280383705353,-2.2060897170353325e-16,0.14789522040516143,0.3592007157705748,-0.40630364722454365,False
REP_00117,CCCCC(CC)CN1C(=O)C2C3C=CC(C3)C2C1=O,repellent,1.0,CC1CC(C)C2C3CCC(C3)C12,GFN2-xTB,converged,0.0,1.0,-11.287214046522088,-10.99988186471914,-7.3883957785992465,3.6114860861198927,-60.25840564610941,0.4348552365011647,6.615078855058224e-16,0.1115796394252997,0.27573980519725244,-0.39494179691382797,False
REP_00121,CCCCCCCC(=O)OC(=O)CCCCCCC,repellent,1.0,,GFN2-xTB,converged,0.0,1.0,-21.60357218249845,-11.166399911640186,-7.647435219234906,3.5189646924052793,-61.79482263526619,1.8769590913884284,4.0783702945413916e-17,0.11863296369641915,0.36230541383884524,-0.3494279524303487,True
REP_00122,CCCCCCCCN1C(=O)CCC1=O,repellent,1.0,CC1CCC(C)C1,GFN2-xTB,converged,0.0,1.0,-52.12494674569264,-11.245352759196466,-7.329392178624465,3.9159605805720012,-47.52143696355401,0.5094856845374669,1.7925475918427006e-16,0.12654348665725532,0.2767194939328866,-0.3988361814397417,False
REP_00125,CCCCCN1C(=O)CCC1=O,repellent,1.0,CC1CCC(C)C1,GFN2-xTB,converged,0.0,1.0,-52.26562255668978,-11.244554342195295,-7.327966838008656,3.916587504186639,-38.02909452274262,0.5020921091946366,-1.0279842820603301e-16,0.1442223621379976,0.2766852833872745,-0.3985129764375883,False
REP_00126,CCCCN1C(=O)C2CC=CCC2C1=O,repellent,1.0,CC1CC(C)C2CCCCC12,GFN2-xTB,converged,0.0,1.0,-44.25567593158352,-10.80517639315819,-7.298144258705272,3.507032134452918,-45.459798127189316,0.46930018001881696,-5.785302792382652e-16,0.12990961032179751,0.27410367626172233,-0.3961597272881514,True
REP_00127,CCCCN1C(=O)C2CCCCC2C1=O,repellent,1.0,CC1CC(C)C2CCCCC12,GFN2-xTB,converged,0.0,1.0,-41.75566960049179,-11.06135844431954,-7.260297704311611,3.8010607400079284,-46.51665832780856,0.518558466318758,1.512270700822134e-16,0.1262204450487555,0.2740776640485272,-0.3952105774022723,False
REP_00133,CCCN1C(=O)C2CC=CCC2C1=O,repellent,1.0,CC1CC(C)C2CCCCC12,GFN2-xTB,converged,0.0,1.0,-43.75474784076684,-10.801608893236068,-7.2974268415225225,3.5041820517135456,-42.29440131049882,0.45720965290926174,2.007493788061436e-16,0.13573164807308363,0.2743188659127808,-0.39606390105440387,False
REP_00134,CCCN1C(=O)C2CCCCC2C1=O,repellent,1.0,CC1CC(C)C2CCCCC12,GFN2-xTB,converged,0.0,1.0,-41.65086892304039,-11.059450190923666,-7.254791940746007,3.804658250177659,-43.35211957185709,0.5420353713543228,2.771080855818435e-16,0.13152730865079978,0.2746334536576816,-0.3955051817407096,True
REP_00138,CCCOCc1ccc2c(c1)OCO2,repellent,1.0,C1CCC2CCCC2C1,GFN2-xTB,converged,0.0,1.0,25.17090881438053,-10.196917341850233,-6.270820551330212,3.9260967905200204,-42.88466205048132,0.47642724460901476,3.7940880596007025e-16,0.12042014942299127,0.21258450538486034,-0.32243175604508295,False
REP_00139,CCCS(=O)(=O)CCC,repellent,1.0,,GFN2-xTB,converged,0.0,1.0,-2.576893689387463,-11.112347542566136,-3.4529942793717083,7.659353263194427,-31.349545184635502,1.9530387334490313,-8.058167659711395e-16,0.2658333880363382,0.9568036395266286,-0.5512834214429974,False
REP_00151,CCOc1ccccc1C(=O)OC,repellent,1.0,C1CCCCC1,GFN2-xTB,converged,0.0,1.0,41.135586007302585,-10.56211152533787,-7.061662591009397,3.5004489343284737,-39.72539757239682,1.4891897576176383,-4.246603069191224e-17,0.1436424889936869,0.358301173645447,-0.41042004189415304,False
REP_00154,N#CCC(=O)OC1CCCCC1,repellent,1.0,C1CCCCC1,GFN2-xTB,converged,0.0,1.0,-12.472784021717434,-11.602223401302664,-7.014754232424412,4.587469168878252,-36.9485119058049,2.3301204934689226,-8.659739592076221e-16,0.14113215572375884,0.36220455433155085,-0.3911181412781312,False
REP_00155,O=C1CCC[C@H]1C(=O)OC1CCCC1,repellent,1.0,CC1CCCC1C(C)CC1CCCC1,GFN2-xTB,converged,0.0,1.0,-10.771233228246643,-10.931808120663838,-7.162591208496316,3.769216912167522,-43.94359692571443,1.6939635374321438,3.751628637379175e-16,0.1462734936122517,0.3628196947029893,-0.40272188059000064,False
REP_00156,O=c1ccc2cc3ccoc3cc2o1,repellent,1.0,CC1CCC2CC3CCCC3CC2C1,GFN2-xTB,converged,0.0,1.0,28.12159224598735,-10.97030333306333,-8.16641280518009,2.8038905278832384,-38.81273711138178,2.5538345286100683,-2.3731017151362723e-16,0.1488842061068729,0.34529511720564426,-0.3854067418066865,False
REP_00157,O=C(Cn1cccc1)OC1CCCC1,repellent,1.0,CC(CC1CCCC1)CC1CCCC1,GFN2-xTB,converged,0.0,1.0,18.267545713986717,-9.82634902633145,-6.831517753234203,2.9948312730972466,-42.27840120664459,1.7156566154142066,3.7230754877516025e-16,0.1200012782376286,0.3487893384534784,-0.3871969619271861,False
REP_00158,O[C@@H](Cc1ccc(Cl)cc1)c1ccco1,repellent,1.0,C1CCC(CCC2CCCC2)CC1,GFN2-xTB,converged,0.0,1.0,37.23869689967662,-10.652135705112332,-6.6099447506918745,4.042190954420458,-43.96911896791455,0.7777489651719931,5.350954722051536e-16,0.13008005908009385,0.3034260459221781,-0.4453030513002066,False
REP_00159,O=C(CC1(O)CCCCC1)OC1CCCC1,repellent,1.0,CC(CC1CCCCC1)CC1CCCC1,GFN2-xTB,converged,0.0,1.0,5.556159701184974,-10.74848157165773,-6.6359214880162,4.112560083641531,-51.313747085479314,1.3893661246365825,-1.406039027896991e-16,0.1443570607569926,0.3550282630797748,-0.45595914175459823,False
REP_00160,O=C(CC1(O)CCCC1)OC1CCCCC1,repellent,1.0,CC(CC1CCCCC1)CC1CCCC1,GFN2-xTB,converged,0.0,1.0,4.5938734426569745,-10.836850221883804,-6.633683468679258,4.203166753204546,-51.315552624891666,1.4495443672212613,-4.040992686670183e-16,0.14477281844744339,0.35556082902146385,-0.45260995784702374,False
REP_00161,O=C(OC1CCCC1)C1(O)CCCC1,repellent,1.0,CC(CC1CCCC1)C1CCCC1,GFN2-xTB,converged,0.0,1.0,42.887237508251026,-11.008288286186767,-6.745896877688051,4.262391408498716,-44.975883831852556,1.3881095509815247,-5.967448757360216e-16,0.15074796708542976,0.33320945980911676,-0.4427381658190135,False
REP_00162,O=C(OC1CCCCC1)C1(O)CCCC1,repellent,1.0,CC(CC1CCCCC1)C1CCCC1,GFN2-xTB,converged,0.0,1.0,38.24100274949059,-10.992909246165958,-6.7441245382433905,4.248784707922567,-48.1489532420938,1.410927327330026,2.4742113120217775e-16,0.14523934924693085,0.3343114311492818,-0.44250310036438995,True
REP_00163,O=C(OC1CCCC1)C1(O)CCCCC1,repellent,1.0,CC(CC1CCCC1)C1CCCCC1,GFN2-xTB,converged,0.0,1.0,39.796107625359234,-10.91018515230566,-6.714137978389586,4.196047173916074,-48.14478515716333,1.439784086120472,3.943274278534708e-16,0.1459935801908936,0.335743920439717,-0.4561953674346646,True
REP_00164,O=C(OC1CCCCC1)C1(O)CCCCC1,repellent,1.0,CC(CC1CCCCC1)C1CCCCC1,GFN2-xTB,converged,0.0,1.0,35.00175874826552,-10.888053677953376,-6.752085491362073,4.135968186591303,-51.31885079237593,1.3719895620567752,2.1948817032885496e-16,0.13934366413647095,0.3322138004507167,-0.44286467902218635,True
REP_00165,OCC(O)CO,repellent,1.0,,GFN2-xTB,converged,0.0,1.0,34.31941212648264,-11.201246820506364,-0.17984198112061947,11.021404839385745,-22.675720724734102,0.9697011145667298,-3.925431408496089e-16,0.2559974757812281,0.3106693867873925,-0.45456233565536236,False
REP_00168,C/C=C/C(=O)N(C)c1ccccc1,repellent,1.0,C1CCCCC1,GFN2-xTB,converged,0.0,1.0,24.28849569509207,-10.22893547616516,-7.046532293149317,3.1824031830158432,-37.146774076735376,1.293847945038267,2.6821493743949094e-16,0.11213490004218132,0.2635796725954547,-0.43312250590964074,False
REP_00169,C=CCC1CCCC/C1=N\O,repellent,1.0,CC1CCCCC1,GFN2-xTB,converged,0.0,1.0,32.15973197612518,-10.435088857636295,-6.330631742223352,4.104457115412943,-33.83841309527453,0.38606493334096254,-2.177745163687807e-16,0.10740261025573969,0.3058751064855842,-0.35856966697911646,False
REP_00172,C=CCc1ccc2c(c1)OCO2,repellent,1.0,C1CCC2CCCC2C1,GFN2-xTB,converged,0.0,1.0,31.644344737184024,-10.105853154003695,-6.203732304625298,3.902120849378397,-34.60683917684168,0.1416700772703416,1.1165311099923449e-16,0.11358117859565324,0.2137370389518043,-0.2854474433445306,False
REP_00173,CC1(C)C2CC(O)C(C)(O)C1C2,repellent,1.0,C1CC2CC(C1)C2,GFN2-xTB,converged,0.0,1.0,60.887758380212446,-10.396109839254052,-0.7929385555129964,9.603171283741055,-38.71695188237092,1.286307688376101,-5.768533798781543e-16,0.15199435657518637,0.3135238229401888,-0.45590215673493284,True
REP_00179,CC(C)CC(O)C(CO)C(C)C,repellent,1.0,,GFN2-xTB,converged,0.0,1.0,20.480387925391724,-10.463833186995904,-0.05599590893267324,10.407837278063232,-40.76867377516006,1.5992047582301727,2.0081975298366802e-16,0.14364506953766873,0.3192895742975535,-0.464556871064253,False
REP_00181,CC(C)CCC(O)CC(C)O,repellent,1.0,,GFN2-xTB,converged,0.0,1.0,8.809225569938704,-10.50858241322229,0.07179775006268975,10.58038016328498,-37.61088024579634,1.5449588230355242,5.19297866356928e-17,0.15129089648460617,0.3158014958965342,-0.4677821660865702,False
REP_00189,CC1CCC(=NO)CC1,repellent,1.0,CC1CCCCC1,GFN2-xTB,converged,0.0,1.0,23.685274079255105,-10.412912644670667,-6.217605671759648,4.19530697291102,-28.5721561867237,0.4366892515958583,-2.6446647901937325e-16,0.11663541469323697,0.3054079289120663,-0.35959362004930967,False
REP_00193,CC1=CNC(=O)C2C(C)CCC12,repellent,1.0,CC1CCCC2CCCC12,GFN2-xTB,converged,0.0,1.0,0.888049018826667,-9.989759854189165,-6.3642058935747565,3.6255539606144085,-36.08385730052999,1.4987633124542146,3.3409489166960727e-16,0.11762862677079096,0.2672619281607818,-0.4403290026399145,False
REP_00196,CC1CCCCN1C(=O)C1CC=CCC1,repellent,1.0,CC(C1CCCCC1)C1CCCCC1,GFN2-xTB,converged,0.0,1.0,-3.2052825307638253,-10.201993263563432,-5.73852860962459,4.463464653938842,-45.56365212709883,1.6784214439936092,2.509566628579781e-16,0.09774493344293579,0.25385627404634425,-0.439925896427923,False
REP_00199,CC(=O)N1CCCc2ccccc21,repellent,1.0,C1CCC2CCCCC2C1,GFN2-xTB,converged,0.0,1.0,14.502335343511762,-10.09967969989687,-6.425888542383143,3.673791157513726,-37.191733617883685,1.8395364038473967,7.739535508204216e-17,0.11165981461173993,0.26699856552139695,-0.4215462585675418,False
REP_00200,COc1ccc([C@H](C)O)cc1,repellent,1.0,C1CCCCC1,GFN2-xTB,converged,0.0,1.0,25.19154861819064,-10.333160792425959,-6.2709935736307445,4.0621672187952145,-33.50429731425726,0.8514659244603129,-1.227882529952279e-16,0.13759007371206758,0.28391446481225147,-0.44931790902343954,False
REP_00201,CC1(C)COC(c2ccccc2)N1,repellent,1.0,C1CCC(C2CCCC2)CC1,GFN2-xTB,converged,0.0,1.0,19.273886049798847,-10.298049369122353,-6.1721613638079145,4.1258880053144384,-38.18565549495332,0.7347896567766766,-4.649058915617843e-16,0.10731351511187781,0.1786922473123707,-0.3484585232479333,False
REP_00202,CC1=NCCS1,repellent,1.0,C1CCCC1,GFN2-xTB,converged,0.0,1.0,9.810146112767601,-10.201208712660621,-6.663505013040168,3.5377036996204536,-18.293988229706873,0.3292094988268766,9.20737844941536e-16,0.10927572226833522,0.14734947195889309,-0.271966577440395,False
REP_00206,CCC(C)(O)C(C)C(C)O,repellent,1.0,,GFN2-xTB,converged,0.0,1.0,21.005380790557332,-10.501456447077793,-0.017495806731812762,10.48396064034598,-34.44554156341954,1.1668769124972043,5.17443231119939e-16,0.16147393799150098,0.30894931363153927,-0.4811043241083081,True
REP_00207,CC[C@H](C)Oc1ccc(CO)cc1,repellent,1.0,C1CCCCC1,GFN2-xTB,converged,0.0,1.0,24.934351036027586,-10.325209124557764,-6.302262792262178,4.022946332295586,-39.8339081772375,1.2726131938710274,1.9787811236314752e-16,0.12588666499918685,0.2879275782090901,-0.4445685945570483,True
REP_00212,CCC(=O)N1c2ccccc2CC[C@@H]1C,repellent,1.0,C1CCC2CCCCC2C1,GFN2-xTB,converged,0.0,1.0,18.666530324551445,-10.073133180514304,-6.341621299551284,3.73151188096302,-43.52226613495663,1.8236631399628602,2.2985086056692694e-16,0.10182815106045229,0.2615869438113833,-0.41773901566248317,False
REP_00217,CCCC(=O)O[C@H]1CCc2ccccc2C1,repellent,1.0,C1CCC2CCCCC2C1,GFN2-xTB,converged,0.0,1.0,14.592646041027745,-10.556086812568305,-6.400691346592612,4.155395465975693,-47.32140979644686,0.8977549744315784,-3.679654620219039e-16,0.11584263818159381,0.35486551793654547,-0.41604583155850033,False
REP_00227,CCCCCCC[C@H]1CCC(=O)O1,repellent,1.0,CC1CCCC1,GFN2-xTB,converged,0.0,1.0,-8.11017802684565,-11.287017949158715,-6.5053185917243725,4.781699357434342,-41.921937695376904,2.128641070491256,-5.101138366933011e-16,0.11498423924612683,0.3543160283482252,-0.3823760554385831,False
REP_00228,CCCCCCCCC(=O)O,repellent,1.0,,GFN2-xTB,converged,0.0,1.0,-28.25329325657241,-11.272972747933029,-6.5470265060427915,4.725946241890237,-36.6072544420556,0.6595034961228807,9.13062728872758e-16,0.14630263297470622,0.3548976734821561,-0.4135173129998863,True
REP_00256,COC1c2ccccc2CC1O,repellent,1.0,C1CCC2CCCC2C1,GFN2-xTB,converged,0.0,1.0,65.59342006161415,-10.685890262760557,-6.213547137155492,4.472343125605065,-35.65234446716503,0.8439624467971993,2.544261098099317e-16,0.1370730186712229,0.3055389037068169,-0.4524204789702548,False
REP_00263,COc1ccc(CO)cc1,repellent,1.0,C1CCCCC1,GFN2-xTB,converged,0.0,1.0,22.694326282484898,-10.45843982393155,-6.36839254439648,4.090047279535071,-30.33572204248952,1.1363346521379605,4.836409051023338e-16,0.14306361075495302,0.2880353040904356,-0.443904041329104,False
REP_00264,Cn1cccc1-c1cccnc1,repellent,1.0,C1CCC(C2CCCC2)CC1,GFN2-xTB,converged,0.0,1.0,34.66932273327623,-9.81023962426933,-6.960048974444958,2.8501906498243725,-32.34137849727412,0.9090397935277725,4.920306586406944e-17,0.0635918064521798,0.060994262408516915,-0.228020309851875,False
REP_00266,Cc1ccc2c(c1)C(=O)CO2,repellent,1.0,CC1CCC2CCCCC12,GFN2-xTB,converged,0.0,1.0,44.81389325071566,-10.781334464562375,-7.806881017692633,2.9744534468697426,-31.477990089818544,1.1799808045160367,9.027866173925615e-16,0.13335860562408935,0.22104159381302996,-0.3789795092939892,False
REP_00270,O=C(c1ccccc1)N1CCCCC1,repellent,1.0,CC(C1CCCCC1)C1CCCCC1,GFN2-xTB,converged,0.0,1.0,21.651468965592986,-10.316393633462292,-6.780414925415181,3.535978708047111,-40.34850002495675,1.6701450917338776,3.589083053745118e-17,0.10313645794234182,0.25897705560810885,-0.4326369796590406,False
REP_00271,O=C(OCc1ccccc1)c1ccccc1,repellent,1.0,CC(CCC1CCCCC1)C1CCCCC1,GFN2-xTB,converged,0.0,1.0,47.04014784647632,-10.990309435611476,-7.456400617816073,3.5339088177954023,-44.209102805934215,1.0379445040202377,3.8337388819087437e-16,0.11989375144239306,0.34813657042535623,-0.415983800401825,False
REP_00272,O=c1ccc2ccccc2o1,repellent,1.0,CC1CCC2CCCCC2C1,GFN2-xTB,converged,0.0,1.0,33.79786651534771,-11.199207864880453,-8.099946118045246,3.0992617468352073,-30.451851886406917,2.287964865623677,-1.2081838797391408e-16,0.14903954139070388,0.3445219603785075,-0.3883960505393511,True
REP_00273,O=CC12CC=CCC1C1CC=CCC1O2,repellent,1.0,C1CCC2C(C1)CC1CCCCC12,GFN2-xTB,converged,0.0,1.0,65.88985099198496,-10.606639855551817,-7.673550349125633,2.9330895064261844,-44.089040189853904,1.098477356572472,3.142647432608306e-16,0.1062879131434499,0.20361420160229232,-0.3493785997707971,False
REP_00275,OC1CCCCC1c1ccc(F)cc1,repellent,1.0,C1CCC(C2CCCCC2)CC1,GFN2-xTB,converged,0.0,1.0,34.22856244813838,-10.865407586365109,-6.6628802127439,4.2025273736212085,-42.15667401744476,0.8612359130179773,-9.128234566691751e-16,0.12066833375068649,0.2831681055670621,-0.4509932389994526,False
REP_00280,OCCc1ccccc1Br,repellent,1.0,C1CCCCC1,GFN2-xTB,converged,0.0,1.0,28.715745637068725,-10.902849615773954,-6.904593723940696,3.9982558918332582,-29.852100447280286,1.258043588681119,-4.791488843119097e-16,0.13539625582646972,0.28593140622926605,-0.4434095233131711,False
REP_00283,c1ccc(COCc2ccccc2)cc1,repellent,1.0,C1CCC(CCCC2CCCCC2)CC1,GFN2-xTB,converged,0.0,1.0,46.425974870776116,-10.722797359001712,-6.194205992842396,4.528591366159316,-41.14553002066258,0.4730293610565999,-7.61364151801131e-16,0.06993140844722916,0.07744426222012066,-0.3189774601196878,True
REP_00284,c1ccc(Cc2ccccn2)cc1,repellent,1.0,C1CCC(CC2CCCCC2)CC1,GFN2-xTB,converged,0.0,1.0,50.17471514498701,-10.027029921215643,-6.844906898392746,3.182123022822897,-34.19878236238965,0.7081645767195357,-3.9320398788807626e-16,0.06486043373930872,0.10121542693717536,-0.23835087517248915,True
REP_00285,CC1c2ccccc2CCC1O,repellent,1.0,C1CCC2CCCCC2C1,GFN2-xTB,converged,0.0,1.0,35.674211538699346,-10.611826854661995,-6.142061565808145,4.46976528885385,-34.7661242137624,0.6562019337621059,-1.772086750844e-16,0.11457399719568263,0.2874758926714523,-0.4529245495665269,False
REP_00286,CC1(C)C2CCC3(C2)C1C(O)CCC3(C)C,repellent,1.0,C1CCC23CCC(CC2C1)C3,GFN2-xTB,converged,0.0,1.0,77.68682089376388,-10.64907571572487,-0.14411064840157642,10.504965067323292,-49.50006760860929,0.6536417256856691,3.2794534283942494e-16,0.09605593303485624,0.2793975359478838,-0.45276884122258293,True
REP_00287,CC(C)(C)C1CCC(=O)CC1,repellent,1.0,CC1CCCCC1,GFN2-xTB,converged,0.0,1.0,23.372791231006076,-10.526286638765276,-6.866257308891785,3.660029329873491,-34.67501517501268,1.5053431242433646,-1.3112116756348832e-16,0.09893294225378595,0.23670934084248785,-0.37423525565989263,False
REP_00288,CC12CCC(C1)C(C)(C)C2=O,repellent,1.0,CC1CC2CCC1C2,GFN2-xTB,converged,0.0,1.0,40.8222201944882,-10.291724260916283,-6.796484705695155,3.4952395552211275,-33.661680813271644,1.2350884686098922,1.36978905584539e-16,0.09627769566140656,0.23176533539888416,-0.36069106271365564,True
REP_00295,CC(C)C[C@H](O)c1ccccc1,repellent,1.0,C1CCCCC1,GFN2-xTB,converged,0.0,1.0,25.24312467479798,-10.758144839683881,-6.294202012606323,4.463942827077558,-35.7659438769597,0.6822083294785228,6.790203320252074e-17,0.11152433369594277,0.2844495324992535,-0.45269384094271575,False
REP_00298,COc1cc(C(C)C)ccc1C,repellent,1.0,C1CCCCC1,GFN2-xTB,converged,0.0,1.0,31.08721770878493,-9.949859616032121,-5.8353740470273765,4.114485569004745,-35.7807795430357,0.563772618520839,-1.2836953722228372e-16,0.07471057489560017,0.13116033748038053,-0.2735764974122268,False
REP_00303,C[C@H](CC=O)CC(C)(C)C,repellent,1.0,,GFN2-xTB,converged,0.0,1.0,21.745039430581222,-10.901687155110386,-7.270503016240856,3.6311841388695294,-32.50808343069905,1.2203896420915856,-1.4199950739067293e-16,0.0934206593439523,0.20720224534317233,-0.33604949922385335,True
REP_00306,C=CC(C)(O)CCC=C(C)C,repellent,1.0,,GFN2-xTB,converged,0.0,1.0,15.830012868124333,-10.021781733776852,-5.779788304237899,4.241993429538953,-34.60462291509731,0.7113085701968757,8.637726549346585e-17,0.1149301553827264,0.2847316623941031,-0.4479107478029826,False
REP_00310,CC(=O)CCC=Cc1ccccc1,repellent,1.0,C1CCCCC1,GFN2-xTB,converged,0.0,1.0,22.266769118577745,-10.317822357345845,-6.977029804601903,3.3407925527439417,-36.851892912255046,1.2447071311423585,3.080097905123264e-16,0.09755002860202462,0.23416368769167142,-0.3644990737974993,True
REP_00313,CC12CCC(CC1)C(C)(C)O2,repellent,1.0,C1CC2CCC1CC2,GFN2-xTB,converged,0.0,1.0,38.38193511384351,-10.16251774292128,-0.19068875913764535,9.971828983783634,-34.69571981856772,0.5780007240984225,-1.5313421029312504e-17,0.08949990905863854,0.14676346667783408,-0.3391327675959925,False
REP_00315,CCC1c2ccccc2CCC1O,repellent,1.0,C1CCC2CCCCC2C1,GFN2-xTB,converged,0.0,1.0,36.80773811790398,-10.591973407283055,-6.139369097574615,4.452604309708439,-37.92937739084997,0.6605800875010264,2.584139798696485e-16,0.10937985571611897,0.2865461511031252,-0.45349400483695645,False
REP_00321,CCCCCCC(C)C(C)=O,repellent,1.0,,GFN2-xTB,converged,0.0,1.0,3.7443508948932034,-10.634411456771836,-6.9054287866628075,3.728982670109029,-35.68316171648815,1.2488812921897008,1.5265566588595902e-16,0.0943601851374836,0.23451199433089864,-0.36466564347895136,False
REP_00329,CCCCCc1ccco1,repellent,1.0,C1CCCC1,GFN2-xTB,converged,0.0,1.0,-0.7618156405414971,-10.192588569232417,-5.670456605327929,4.522131963904488,-30.47255821286368,0.2418929173717482,2.2898349882893854e-16,0.06575766814234413,0.10718104383686033,-0.1970139846329521,False
REP_00331,C[C@H]1CC[C@@H](C(C)(C)O)CC2=C1CC[C@@H]2C,repellent,1.0,C1CCC2CCCC2CC1,GFN2-xTB,converged,0.0,1.0,40.698145108850746,-9.836770320365158,-5.146753652636528,4.69001666772863,-49.46992823020094,0.6298312826121958,-3.447969423203425e-16,0.09736642307959141,0.2812089070948443,-0.4553667738264106,False
REP_00332,C=C(C)[C@@H]1CCC2=CC(=O)C[C@@H](C)[C@]2(C)C1,repellent,1.0,CC1CCC2CCCCC2C1,GFN2-xTB,converged,0.0,1.0,43.441461045816425,-10.328388583492599,-7.428326209200171,2.9000623742924274,-47.3940173021537,1.767184780409002,-3.9496914510924564e-16,0.09009493177321076,0.22729392618394573,-0.388163410015433,False
REP_00333,C[C@@H]1CC[C@H]2C(C)(C)[C@H]3C[C@@]12CC[C@@]3(C)O,repellent,1.0,C1CC2CC3CCCC3(C1)C2,GFN2-xTB,converged,0.0,1.0,77.39268954813063,-10.535070493579386,-0.27887115269308077,10.256199340886306,-49.504695814557564,0.6544476083366269,5.418945715432312e-16,0.09738802317533726,0.28242213150531065,-0.4539427081108859,False
REP_00334,CC1=CCC[C@@H]2[C@@](C)(CC=O)[C@H](C)CC[C@@]12C,repellent,1.0,C1CCC2CCCCC2C1,GFN2-xTB,converged,0.0,1.0,60.752697711832035,-10.031277312790323,-7.313754131944816,2.7175231808455065,-51.582465275769344,1.3637945487440903,-3.1854364107704346e-16,0.07793042861376807,0.21028981390021947,-0.33909707193664573,False
REP_00337,Cc1ccc(C)c2c1CCCC2=O,repellent,1.0,CC1CCCC2CCCCC12,GFN2-xTB,converged,0.0,1.0,43.607015657068196,-10.237795204933876,-7.369724849194829,2.8680703557390475,-36.909723650555776,1.4498607408117248,-1.1436325137921172e-16,0.1002334064291144,0.22703047252152853,-0.38497640751636886,False
REP_00339,N#Cc1cccc2ccccc12,repellent,1.0,C1CCC2CCCCC2C1,GFN2-xTB,converged,0.0,1.0,44.31494330055698,-10.66704948992055,-8.014534957217847,2.6525145327027033,-29.991235049683397,1.7318454447973726,-8.688225577576472e-16,0.06677837878533097,0.10839696201987759,-0.23660440327603766,False
REP_00341,O=C1CCCCC1,repellent,1.0,CC1CCCCC1,GFN2-xTB,converged,0.0,1.0,1.061055718028968,-10.61464372937326,-6.93019565141978,3.68444807795348,-22.01705305838335,1.4255086741257885,3.963332929819952e-16,0.11878337780836468,0.23742085746021302,-0.37185117461525274,True
REP_00342,O=C1CCCCCCC1,repellent,1.0,CC1CCCCCCC1,GFN2-xTB,converged,0.0,1.0,11.718056212309802,-10.523003675052037,-6.834078299636117,3.68892537541592,-28.33649084636105,1.3584817563427227,-2.383359210472483e-16,0.10499088448901592,0.23747793408321993,-0.3804427041438138,False
REP_00343,O=C1CCCCCCCCCCC1,repellent,1.0,CC1CCCCCCCCCCC1,GFN2-xTB,converged,0.0,1.0,13.471490697190928,-10.56049777427847,-6.897085096511056,3.6634126777674147,-40.989892298641195,1.2679386625981728,7.073706699754568e-16,0.086493424211612,0.23449626976235982,-0.36859607101434083,False
REP_00345,O[C@H]1CCc2ccccc2C1,repellent,1.0,C1CCC2CCCCC2C1,GFN2-xTB,converged,0.0,1.0,30.43972988721359,-10.597289623581917,-6.1360587634141375,4.461230860167779,-31.60079588460482,0.6233473435368475,-6.697541072466977e-17,0.1208834611888486,0.28983466075102343,-0.45208606810071916,False
REP_00346,OC1CCc2ccccc2C1,repellent,1.0,C1CCC2CCCCC2C1,GFN2-xTB,converged,0.0,1.0,30.439729891423667,-10.59729430364777,-6.136060275185207,4.461234028462563,-31.600795901829002,0.6233494816565239,4.142217969593315e-16,0.12088347858757491,0.28983459943237383,-0.45208617769319154,False
REP_00347,OC1CCCc2ccccc21,repellent,1.0,C1CCC2CCCCC2C1,GFN2-xTB,converged,0.0,1.0,22.959850485124182,-10.735716959830073,-6.26368802374236,4.472028936087713,-31.597520633968728,0.7779604223650103,2.6850502497727973e-16,0.11927377656958574,0.28674615433200235,-0.4493531215885735,False
REP_00348,OC1CCCCC1C1=CCCCC1,repellent,1.0,C1CCC(C2CCCCC2)CC1,GFN2-xTB,converged,0.0,1.0,22.20341837343942,-10.211605697980085,-5.42919950327971,4.782406194700375,-39.977807460893686,0.8423895598066172,6.284955720842032e-16,0.1035101869410474,0.2858953172734878,-0.45552995902900045,False
REP_00349,OC1CCCCC1C1CCCCC1,repellent,1.0,C1CCC(C2CCCCC2)CC1,GFN2-xTB,converged,0.0,1.0,15.25227991841919,-10.679801315926948,0.5141699493262252,11.193971265253174,-41.02250325579616,0.6214799148161917,6.938893903907228e-18,0.0982139303160134,0.2792635357916305,-0.44571990877270307,False
REP_00350,OC1CCCCC1c1ccccc1,repellent,1.0,C1CCC(C2CCCCC2)CC1,GFN2-xTB,converged,0.0,1.0,36.053785995868914,-10.67109713576123,-6.198676429100149,4.47242070666108,-37.92669920165432,0.6847550704072504,-2.488430917263282e-17,0.10782945980132272,0.28356266612137715,-0.4529113171172107,False
REP_00351,OC1(Cc2ccccc2)CCCCC1,repellent,1.0,C1CCC(CC2CCCCC2)CC1,GFN2-xTB,converged,0.0,1.0,39.04705815320683,-10.564332278547578,-6.13087272885337,4.433459549694208,-41.09332383206983,0.5705249441901495,5.551115123125783e-17,0.1045247532922132,0.28275077822656314,-0.4486357157853852,False
REP_00352,OCCc1cccc2c1CCCC2,repellent,1.0,C1CCC2CCCCC2C1,GFN2-xTB,converged,0.0,1.0,34.02227279230233,-10.47409495880923,-6.03057753862019,4.44351742018904,-37.92954804233562,0.9716726237592098,4.54138642400549e-16,0.10678652209647876,0.2892000964007322,-0.44582210464166966,False
REP_00353,C=C1CCC2CC1C2(C)C,repellent,1.0,CC1CCC2CC1C2,GFN2-xTB,converged,0.0,1.0,39.82234445691583,-10.212040115852167,-5.380253062637341,4.831787053214826,-29.544220288680613,0.2465460028200532,-2.5620531337503614e-17,0.04822050827617858,0.040828816477649583,-0.1095464432317588,True
REP_00354,C=C1CC/C=C(\C)CC[C@@H]2[C@@H]1CC2(C)C,repellent,1.0,CC1CCCCCCC2CCC12,GFN2-xTB,converged,0.0,1.0,49.91541112344607,-9.9946154977711,-5.489768104359745,4.504847393411356,-44.3220250053293,0.3426374064956512,1.4562781180379656e-16,0.04801519707352521,0.042203797412937304,-0.10930989037024368,False
REP_00358,C=C1/C=C/[C@H](C(C)C)CC/C(C)=C/CC1,repellent,1.0,CC1CCCCCCCCC1,GFN2-xTB,converged,0.0,1.0,46.9057216284391,-9.933717475429109,-5.954236378713318,3.9794810967157908,-44.29615652631071,0.3604252892788619,3.7558987259354256e-16,0.047298618423855014,0.041675114531236054,-0.10733554583146789,False
REP_00360,CC1=CCC2CC1C2(C)C,repellent,1.0,C1CC2CC(C1)C2,GFN2-xTB,converged,0.0,1.0,36.80647561569546,-9.956102800339364,-5.271222723476524,4.68488007686284,-29.54992182740988,0.09544403455645609,9.07393818203253e-18,0.04790803614191631,0.04313397728405844,-0.10249255880284616,False
REP_00361,CC1CCC2CC1C2(C)C,repellent,1.0,C1CC2CC(C1)C2,GFN2-xTB,converged,0.0,1.0,33.484769360035266,-10.484518000429317,-0.10598300340729665,10.37853499702202,-30.59533272045172,0.07205399392101469,-2.334442163385932e-16,0.04575070214011119,0.037292173428333235,-0.1033896952386279,False
REP_00365,C=C(C)[C@@H]1CCC2=CCC[C@@H](C)[C@]2(C)C1,repellent,1.0,C1CCC2CCCCC2C1,GFN2-xTB,converged,0.0,1.0,39.42921224883326,-10.047343812761705,-5.373140109390236,4.674203703371469,-44.355949626655146,0.19127531750209323,1.734723475976807e-16,0.04678460379615966,0.04260453979372212,-0.10756358150089795,False
REP_00372,CC(O)(Cc1ccccc1)c1ccccc1,repellent,1.0,C1CCC(CCC2CCCCC2)CC1,GFN2-xTB,converged,0.0,1.0,62.859255148008074,-10.532447780470385,-6.241637341425875,4.29081043904451,-44.3181228665783,0.6486125450797898,1.8561541192951836e-16,0.10525799852415516,0.285743369697063,-0.4517233034668156,False
REP_00373,CC1(C)[C@@H](C=C(Cl)Cl)[C@@H]1C(=O)OCc1cccc(Oc2ccccc2)c1,repellent,1.0,CC(CCC1CCCC(CC2CCCCC2)C1)C1CC1,GFN2-xTB,converged,0.0,1.0,53.136400092082965,-10.506156321414714,-6.791629467091883,3.7145268543228314,-76.43485985533964,0.6118955866461822,6.542170187227315e-16,0.11735278711733077,0.35562541014388493,-0.4088250942484404,True
DEC_00010,CC(C)(C)O,non_repellent,0.0,,GFN2-xTB,converged,0.0,1.0,8.004776829960516,-10.972384277211406,0.8930576288242811,11.865441906035686,-17.730629348582724,0.7297223164371459,5.699144859742471e-16,0.15604070008224818,0.2817415175441428,-0.4547117680727674,False
DEC_00013,N#CC1CC1,non_repellent,0.0,C1CC1,GFN2-xTB,converged,0.0,1.0,20.35224070339626,-11.54950462598295,-5.946082667300491,5.603421958682459,-13.96617288308373,1.5872155978027098,-7.216449660063518e-16,0.09284602258742708,0.10862619206852261,-0.23844713256942596,False
DEC_00017,O=C1CCCO1,non_repellent,0.0,CC1CCCC1,GFN2-xTB,converged,0.0,1.0,-10.047294272935847,-11.419075153808478,-6.626413186343524,4.792661967464954,-19.766965260585437,1.9951641244896174,1.4976446009266434e-16,0.1771845535640379,0.35502546971727944,-0.37893662611543644,False
DEC_00018,C1COCCO1,non_repellent,0.0,C1CCCCC1,GFN2-xTB,converged,0.0,1.0,52.26989391575375,-10.708308258183221,-0.2772024414480526,10.431105816735169,-20.765688717587338,1.2659190476473766e-07,1.5860328923216522e-16,0.13172854173553564,0.0706880966233201,-0.3212271311091888,False
DEC_00019,CC1(CCl)CO1,non_repellent,0.0,C1CC1,GFN2-xTB,converged,0.0,1.0,14.197078790826332,-11.442984405085317,-4.820679918318097,6.62230448676722,-20.723014870962952,0.2843712734070266,-2.9196730503363494e-16,0.12865491589780906,0.13611828514186713,-0.33649226975274604,False
DEC_00021,CC(=O)[C@H](C)O,non_repellent,0.0,,GFN2-xTB,converged,0.0,1.0,22.295330601417945,-11.118823668437285,-7.461599584770354,3.6572240836669314,-20.756084049797725,1.4093287225641697,-8.723180907769087e-17,0.1973019309046733,0.3093054358982392,-0.4474406304223294,False
DEC_00028,CC(C)[N+](=O)[O-],non_repellent,0.0,,GFN2-xTB,converged,0.0,1.0,4.919575641756022,-11.940904436970767,-8.74050287077515,3.200401566195616,-20.954337839703495,1.753732821377882,-2.0229544535237227e-16,0.21418311455239386,0.5197590768810555,-0.37191375536866017,True
DEC_00029,CCC(=O)NC,non_repellent,0.0,,GFN2-xTB,converged,0.0,1.0,-25.7900282987124,-10.548602106887836,-5.661742454675132,4.886859652212705,-20.146440931646758,1.647216580059537,3.6637359812630164e-16,0.1528198150676031,0.26792880944395686,-0.42283841137863604,True
DEC_00031,CCCC=NO,non_repellent,0.0,,GFN2-xTB,converged,0.0,1.0,12.114584841260314,-10.837298240162387,-6.561629939846436,4.27566830031595,-20.075319508380513,0.36835092163153726,-6.402286108671736e-16,0.13506832918677622,0.3086466402555111,-0.35924474613972085,False
DEC_00032,CC(C)(O)C#N,non_repellent,0.0,,GFN2-xTB,converged,0.0,1.0,26.25082289000129,-11.56095703671011,-6.379046783016033,5.1819102536940775,-19.071971639619115,1.0819092763247014,-5.850021322063325e-16,0.17433106570103316,0.2889235054705312,-0.4365893977831829,False
DEC_00037,CC(C)OCCO,non_repellent,0.0,,GFN2-xTB,converged,0.0,1.0,22.19900119533905,-11.00778367233569,-0.35707350048216974,10.65071017185352,-24.94518665663465,1.1434862877797738,-2.5126100030990384e-16,0.15791470200930968,0.3054457423729366,-0.4444269267343258,False
DEC_00042,C=CCOCC=C,non_repellent,0.0,,GFN2-xTB,converged,0.0,1.0,9.292154214604992,-10.765074550212574,-6.015782051498254,4.74929249871432,-21.925275880526147,0.5960718082548468,1.8653379494621197e-16,0.09501206258709227,0.08700648721784013,-0.322539245028784,True
DEC_00043,CCC(C)(C)OC,non_repellent,0.0,,GFN2-xTB,converged,0.0,1.0,17.89704143337019,-10.53192261094917,0.17971287344210604,10.711635484391277,-24.049975681167716,0.5802255012094817,-7.943381402377608e-16,0.0946401522461898,0.14674153138812518,-0.3257429296186557,False
DEC_00048,N#CCCCC#N,non_repellent,0.0,,GFN2-xTB,converged,0.0,1.0,-5.228680740998191,-11.849841989753333,-6.225475790228332,5.624366199525001,-19.52707372992335,1.5352796440767131,-1.270351345484554e-16,0.11143767636272771,0.11050308517140267,-0.2293162680923511,False
DEC_00055,O=C1CCCCO1,non_repellent,0.0,CC1CCCCC1,GFN2-xTB,converged,0.0,1.0,-2.225695819281695,-11.08147799077129,-6.527389544962844,4.554088445808446,-22.928729967098587,2.0897319143084183,9.769962616701378e-16,0.16163310957097343,0.3540947954520992,-0.3917598049559531,False
DEC_00056,OCc1ccco1,non_repellent,0.0,C1CCCC1,GFN2-xTB,converged,0.0,1.0,5.420873000361996,-10.669230756350894,-6.1603323813031965,4.508898375047697,-21.868420797595302,0.7631259291679472,-1.5100100657041191e-15,0.16647561377470788,0.3003475607642701,-0.4395082716892621,False
DEC_00057,OC[C@H]1CCCO1,non_repellent,0.0,C1CCCC1,GFN2-xTB,converged,0.0,1.0,23.851064055395348,-10.802399135377971,-0.5504935021310139,10.251905633246958,-23.932791186327222,1.3235780934666976,3.020459699347852e-17,0.16325166133865146,0.30495969769210063,-0.443670663090918,False
DEC_00059,OC1CCCCC1,non_repellent,0.0,C1CCCCC1,GFN2-xTB,converged,0.0,1.0,2.0720833385472406,-10.883308203398284,0.7093564794144372,11.592664682812721,-23.04645956166043,0.7285179064198347,-5.386772899085875e-16,0.13177543056547217,0.28281556427833343,-0.45304524239707555,False
DEC_00060,O=C1C[C@H](O)CO1,non_repellent,0.0,CC1CCCC1,GFN2-xTB,converged,0.0,1.0,3.96883761956407,-11.625501113584225,-6.916226496243024,4.7092746173412,-23.82743143742963,1.3801823525020251,1.772086750844e-16,0.22665335507960044,0.34971473321259045,-0.43820717936931874,False
DEC_00061,OC1COCOC1,non_repellent,0.0,C1CCCCC1,GFN2-xTB,converged,0.0,1.0,16.25703578873533,-11.153872454159899,-0.15835870374003697,10.995513750419862,-24.835910151409873,1.0757369015739715,-1.27675647831893e-16,0.1974644421741692,0.31202203147889424,-0.4419797873901888,False
DEC_00063,CC1CCC(O)C1O,non_repellent,0.0,C1CCCC1,GFN2-xTB,converged,0.0,1.0,32.477562264567496,-10.835116963834242,-0.0009283439819629715,10.834188619852279,-27.103737679199774,1.2585942087922892,5.745404152435185e-16,0.17980758634658203,0.30725014844432647,-0.454045428469763,True
DEC_00064,O=C1CCCC(=O)C1,non_repellent,0.0,CC1CCCC(C)C1,GFN2-xTB,converged,0.0,1.0,-7.02250514753174,-11.191987905628997,-7.499865305142149,3.692122600486848,-25.045044272445743,1.5309443130969043,-1.2988742026376343e-15,0.16658639312439544,0.23618912835285066,-0.3588694911018966,False
DEC_00065,CC1(C)COCCO1,non_repellent,0.0,C1CCCCC1,GFN2-xTB,converged,0.0,1.0,63.18664706890621,-10.493113208490632,-0.3697132409396077,10.123399967551025,-27.101478026689996,0.11547969871583015,-5.377642775528102e-17,0.12215882941477854,0.1413203049499791,-0.3303101179236501,False
DEC_00066,OCC1CCCCC1,non_repellent,0.0,C1CCCCC1,GFN2-xTB,converged,0.0,1.0,3.973003982559691,-10.97990411365742,0.7554601816405637,11.735364295297984,-26.207324660832718,0.662079475337843,8.329826727372268e-16,0.11953105327664572,0.28377910647612364,-0.445805925195428,False
DEC_00067,C[C@H]1CCCC(=O)C1,non_repellent,0.0,CC1CCCCC1,GFN2-xTB,converged,0.0,1.0,5.2555296089285095,-10.602974328083823,-6.90724449101863,3.695729837065193,-25.18407613784888,1.4450703879120073,7.164407955784213e-16,0.11232605256644393,0.23601134103608384,-0.372302308581834,True
DEC_00068,CC1CCCC(O)C1,non_repellent,0.0,C1CCCCC1,GFN2-xTB,converged,0.0,1.0,6.300301593340078,-10.874210736346434,0.6482909175912619,11.522501653937695,-26.213177450016076,0.7358418694691042,-1.2915804789318227e-16,0.12463201985707344,0.28302668111794604,-0.4528798805484069,False
DEC_00070,CC1CCCCC1O,non_repellent,0.0,C1CCCCC1,GFN2-xTB,converged,0.0,1.0,6.52834272718536,-10.849219140818096,0.6523100711333958,11.501529211951492,-26.212396052296345,0.6951422973570255,9.840613172813887e-17,0.1238115744813952,0.2819848655144926,-0.45136296878671883,False
DEC_00071,COc1ccccc1,non_repellent,0.0,C1CCCCC1,GFN2-xTB,converged,0.0,1.0,20.50113745035518,-10.268949094129493,-6.098685120277485,4.170263973852007,-23.111678210414574,0.5780437170998467,9.54097911787244e-16,0.08703527031096378,0.14465699797343357,-0.2740566491032034,False
DEC_00072,CC(=O)c1cccs1,non_repellent,0.0,C1CCCC1,GFN2-xTB,converged,0.0,1.0,21.752222529929863,-10.849798869332922,-7.976735369865649,2.873063499467273,-23.18534983469099,1.687818555124031,-1.0081221571819501e-15,0.13080818107766046,0.22802142904240885,-0.37695946283707393,False
DEC_00073,O=CN1CCOCC1,non_repellent,0.0,C1CCCCC1,GFN2-xTB,converged,0.0,1.0,27.497397156972458,-10.786773468382943,-6.260026283957786,4.526747184425157,-26.35480395006698,1.3131683880333522,-7.045018163614045e-16,0.14624747332807556,0.23618725700627305,-0.4034046856769917,True
DEC_00074,Cn1ccccc1=O,non_repellent,0.0,CC1CCCCC1,GFN2-xTB,converged,0.0,1.0,2.7390712090880402,-10.393083494999173,-7.048397106712396,3.3446863882867772,-23.400123094015115,1.7882067033243796,-5.551115123125783e-16,0.14310949637692702,0.2562333868018905,-0.45195855166865423,False
DEC_00075,CCC(=O)[C@@H](O)CC,non_repellent,0.0,,GFN2-xTB,converged,0.0,1.0,20.69499066802357,-11.09948270774607,-7.37776005304695,3.7217226546991196,-27.084290277327266,1.3507482306331438,-3.3410774147313304e-16,0.16385252688866364,0.31108403657165656,-0.4471434754813839,False
DEC_00078,CC(C)CCC(=O)O,non_repellent,0.0,,GFN2-xTB,converged,0.0,1.0,-22.886758806607503,-11.473246560804006,-6.540260575640194,4.932985985163811,-27.116646824070955,0.7133844539655632,-2.7200464103316337e-16,0.17529196826104643,0.35322287123715823,-0.41509708647788085,False
DEC_00084,CCCCCCC=O,non_repellent,0.0,,GFN2-xTB,converged,0.0,1.0,-2.209315384397857,-10.985494480461403,-7.339841088825134,3.6456533916362694,-26.176027500604476,1.183835227906848,-7.569702440626067e-18,0.09583883214659508,0.20718817515899696,-0.32890127905968347,False
DEC_00088,COC(=O)CC(C)=O,non_repellent,0.0,,GFN2-xTB,converged,0.0,1.0,-21.057192346615913,-11.120520703916462,-7.264866263100347,3.8556544408161146,-26.974468431748416,1.609198709642006,5.811323644522304e-16,0.19801071550636026,0.35933165354538604,-0.39686310666376595,False
DEC_00089,CC(=O)COC(C)=O,non_repellent,0.0,,GFN2-xTB,converged,0.0,1.0,-0.31093806498804,-11.220811166387131,-7.409791272379596,3.8110198940075355,-26.97585095795518,1.3297514096739733,-1.3183898417423734e-16,0.19767854937980575,0.3618407372285573,-0.40815250790264207,True
DEC_00093,COCC(=O)N(C)C,non_repellent,0.0,,GFN2-xTB,converged,0.0,1.0,25.16146020697863,-10.476592835449427,-6.116085896888511,4.360506938560916,-27.36648403461177,1.2255110443245714,7.194537363524863e-17,0.14466740630396077,0.24413108993354804,-0.43407776398168824,False
DEC_00098,COCCOC(=O)CO,non_repellent,0.0,,GFN2-xTB,converged,0.0,1.0,39.62624319053342,-11.27106302494032,-6.979306526415475,4.291756498524845,-32.05502095141009,1.2454434685253946,3.9734297723426655e-16,0.20160685844231535,0.34038038988345204,-0.4289027285961429,False
DEC_00099,CCCCC(=O)OCC,non_repellent,0.0,,GFN2-xTB,converged,0.0,1.0,-12.89194982923367,-11.249219772226633,-6.41345832877356,4.835761443453073,-30.277496977670015,0.9048269478510154,-9.865296985120276e-16,0.13852782419347767,0.3495434493239191,-0.40604668070781297,True
DEC_00100,CCCCCOC(C)=O,non_repellent,0.0,,GFN2-xTB,converged,0.0,1.0,-11.845058657138901,-11.349517212855268,-6.445930301230447,4.903586911624821,-30.277694348750046,1.0122983355548816,-5.520946019195751e-16,0.14020243106982425,0.3558260932838033,-0.40856008138849553,False
DEC_00101,CC(=O)OCCC(C)C,non_repellent,0.0,,GFN2-xTB,converged,0.0,1.0,-6.300196913801418,-11.336801132532639,-6.432959577421742,4.903841555110897,-30.27908352196822,1.0137647268782477,-9.494217006780891e-16,0.14161495873160862,0.3558285478100708,-0.4094613154542551,False
DEC_00102,CCCC[C@H](CC)CO,non_repellent,0.0,,GFN2-xTB,converged,0.0,1.0,4.392622057133174,-10.947097856135002,0.7124122182513244,11.659510074386327,-30.37520164616257,0.6610636572073815,-1.3774989379608423e-16,0.11139121595802011,0.282984431438876,-0.444197706583366,False
DEC_00108,CCCCOC(=O)CO,non_repellent,0.0,,GFN2-xTB,converged,0.0,1.0,20.874191065189237,-11.467018519614447,-6.950140178161226,4.5168783414532205,-31.16869390745442,1.3700907682398915,8.987519723156029e-17,0.1807475883468902,0.33790639765235797,-0.430242987188038,False
DEC_00109,CC(C)COC(=O)CO,non_repellent,0.0,,GFN2-xTB,converged,0.0,1.0,25.658144947229736,-11.461010743773612,-6.926730533332726,4.534280210440886,-31.17107005955713,1.3522119814732294,-8.009466106224344e-16,0.18149965400321036,0.3377341767684556,-0.4306219659111055,False
DEC_00111,CCOC(=O)CC(C)=O,non_repellent,0.0,,GFN2-xTB,converged,0.0,1.0,-23.32729475455831,-11.084648806382614,-7.23007408648419,3.854574719898424,-30.141792404004935,1.7112298279463016,-6.325349600824905e-16,0.1856112355903614,0.3587048030066193,-0.40130696496071316,False
DEC_00115,CCCC(C)=C(C)C#N,non_repellent,0.0,,GFN2-xTB,converged,0.0,1.0,13.28850165513088,-10.747236227875876,-7.008979791560724,3.738256436315152,-26.629908819006523,1.8155874617580152,-5.866519391485202e-16,0.07812423137312277,0.10762651791269459,-0.2505447874991121,True
DEC_00120,c1ccc2c(c1)CCC2,non_repellent,0.0,C1CCC2CCCC2C1,GFN2-xTB,converged,0.0,1.0,22.824543941520137,-10.336736187034548,-5.856032823085566,4.480703363948982,-24.370085386885787,0.28852896951645884,-6.46412747890305e-16,0.03736990448379639,0.040930170689768015,-0.06062121847479104,True
DEC_00121,c1ccc2ocnc2c1,non_repellent,0.0,C1CCC2CCCC2C1,GFN2-xTB,converged,0.0,1.0,18.66089557488735,-11.019511730956985,-7.286327352017485,3.7331843789395,-24.52239108922344,0.6468155688105526,-9.189078069888572e-16,0.11417675524233664,0.18186670434004878,-0.2562137141717353,False
DEC_00122,Cc1ccc(Cl)c(Cl)c1,non_repellent,0.0,C1CCCCC1,GFN2-xTB,converged,0.0,1.0,26.679732882560696,-10.754349377698334,-6.834141670253099,3.9202077074452353,-27.150202214766722,1.28002581304113,3.4046839421838136e-16,0.08203444684750022,0.08736426535415637,-0.15262480996656386,True
DEC_00124,CC(C)(O)[C@@H]1OC1(C)C,non_repellent,0.0,C1CC1,GFN2-xTB,converged,0.0,1.0,18.903030382411973,-10.89835490706277,-3.1649687765825076,7.733386130480262,-30.245817244589567,0.9354503348747697,9.355439128702746e-16,0.15624868379455503,0.3048445446556082,-0.45478707724590894,False
DEC_00126,CCCC1OCCCO1,non_repellent,0.0,C1CCCCC1,GFN2-xTB,converged,0.0,1.0,-19.010709147451706,-11.120913019987578,0.15432625135308126,11.27523927134066,-30.272732624949278,0.7531976994094084,-5.1287476681053427e-17,0.12221116319272439,0.24942884197937154,-0.3325336499651979,False
DEC_00129,Cc1cccc(C=O)c1,non_repellent,0.0,C1CCCCC1,GFN2-xTB,converged,0.0,1.0,32.99039311531697,-10.831892714252213,-7.932821034874846,2.899071679377367,-25.240877009733463,1.6720306193801173,-6.86542326257174e-16,0.10600426394579282,0.20037395672749564,-0.34367812600339065,False
DEC_00130,C#CC1(O)CCCCC1,non_repellent,0.0,C1CCCCC1,GFN2-xTB,converged,0.0,1.0,3.444065128739144,-10.864342166467749,-4.458273784078159,6.40606838238959,-27.257235306538174,0.650469038315573,-1.7297671231883018e-16,0.13018418699007273,0.2848966959024478,-0.4475541909771751,False
DEC_00133,N#CCc1ccccc1,non_repellent,0.0,C1CCCCC1,GFN2-xTB,converged,0.0,1.0,33.08371699941919,-11.071695151546646,-6.5289391837770605,4.542755967769585,-23.56186092718851,1.4983746919383558,-4.98732999343332e-16,0.0752152509010735,0.114078287028617,-0.2320752045463681,False
DEC_00135,CN1CCCCCC1=O,non_repellent,0.0,CC1CCCCCC1,GFN2-xTB,converged,0.0,1.0,-10.612107514201275,-10.297370853554701,-5.556393535959765,4.740977317594936,-28.635755229109844,1.8207394512419162,4.481894653387351e-16,0.12207586590836432,0.26130636483520425,-0.4484363199630593,False
DEC_00137,C=C(C)[C@@H]1CC=C(C)CC1,non_repellent,0.0,C1CCCCC1,GFN2-xTB,converged,0.0,1.0,23.66255117391047,-10.04848039058113,-5.326263539081091,4.722216851500039,-29.54085850028145,0.22306295535164622,-3.2692865508793673e-17,0.050467057332272684,0.04186465020793094,-0.10756362960089906,False
DEC_00138,Cc1ccc(C(C)C)cc1,non_repellent,0.0,C1CCCCC1,GFN2-xTB,converged,0.0,1.0,25.132774399474915,-10.323814985421972,-5.885590458250559,4.438224527171413,-28.54916470270378,0.05199993069157987,8.153200337090993e-17,0.046805384269766125,0.04506742297040949,-0.10539097216418186,False
DEC_00139,COC1OCCOC1OC,non_repellent,0.0,C1CCCCC1,GFN2-xTB,converged,0.0,1.0,75.53149492285286,-10.996352833442778,-1.2499657848158623,9.746387048626916,-35.22286766539239,0.022093719062523245,-2.040665616285444e-16,0.16126660285962988,0.2294122449172239,-0.3275296196383411,False
DEC_00144,CC(=O)OC1CCCCC1,non_repellent,0.0,C1CCCCC1,GFN2-xTB,converged,0.0,1.0,-7.229338040422401,-11.221178279904358,-6.372373348990936,4.848804930913421,-32.44019040513779,0.9870724475836624,-5.782411586589357e-16,0.1385465134606477,0.35732986369463393,-0.4116603702760265,False
DEC_00147,CCCC1(C)OCCCO1,non_repellent,0.0,C1CCCCC1,GFN2-xTB,converged,0.0,1.0,-10.45070266847811,-10.714295505125415,0.12208868681222483,10.83638419193764,-33.43846631837151,0.7524938870391862,-4.408866434328747e-16,0.12008080266901994,0.2679691312521725,-0.3340725471970905,False
DEC_00151,CC(=O)Cc1ccccc1,non_repellent,0.0,C1CCCCC1,GFN2-xTB,converged,0.0,1.0,31.622377109034968,-10.675222854706542,-7.076429160411978,3.5987936942945637,-28.409971882334965,1.295401983827722,-2.997602166487923e-16,0.11183449470978057,0.24048102785261072,-0.3659360674376063,False
DEC_00153,C=CCOc1ccccc1,non_repellent,0.0,C1CCCCC1,GFN2-xTB,converged,0.0,1.0,28.49364280799651,-10.252020251967712,-6.1083371698018585,4.143683082165854,-28.38096923182375,0.553587485325298,6.002143226879753e-17,0.08406168465692335,0.14447062994784432,-0.2785721532574069,True
DEC_00155,CC(=O)c1ccc(Cl)cc1,non_repellent,0.0,C1CCCCC1,GFN2-xTB,converged,0.0,1.0,34.13119182019656,-10.921120701536614,-7.966216650002942,2.9549040515336715,-29.296965839725914,1.109060303381029,-3.3020971578005574e-16,0.12779703424104222,0.2306469021135343,-0.36830140830671065,False
DEC_00156,CCOc1ccccc1Br,non_repellent,0.0,C1CCCCC1,GFN2-xTB,converged,0.0,1.0,30.388713220920177,-10.504393697695564,-6.761213261797045,3.743180435898519,-29.857651795321985,1.8382587972181168,3.9880379700351017e-16,0.09263326383638379,0.1407564900057781,-0.26154590978839276,False
DEC_00158,BrCCOc1ccccc1,non_repellent,0.0,C1CCCCC1,GFN2-xTB,converged,0.0,1.0,25.85476518107091,-10.616562414534792,-6.382409604604133,4.234152809930659,-29.851834338828553,1.146202406817277,-5.83597497812829e-16,0.0956248572345783,0.14509643151744606,-0.289882474244867,False
DEC_00160,CC(=O)OCc1ccco1,non_repellent,0.0,C1CCCC1,GFN2-xTB,converged,0.0,1.0,-7.578679081556611,-10.738860472547026,-6.597919090007777,4.140941382539249,-31.25889318739631,1.0055963958391865,-4.271274691960672e-16,0.16357812314154188,0.356811761441151,-0.4051469395463209,False
DEC_00166,COC(=O)CCC(=O)OC,non_repellent,0.0,,GFN2-xTB,converged,0.0,1.0,-34.159356638915,-11.396659152653854,-6.543848827664818,4.8528103249890355,-34.22722198359083,0.5986319873316547,-2.3592239273284576e-16,0.1982163507553929,0.35613437008078386,-0.40293341104830144,False
DEC_00174,C=CCOC(=O)C(C)(C)C,non_repellent,0.0,,GFN2-xTB,converged,0.0,1.0,3.6114111411834493,-11.082269715587652,-6.466675311367269,4.615594404220382,-32.383987772892745,0.8571453163752335,-1.6422048905913775e-16,0.13472884201261248,0.34632307470964036,-0.4084054600983146,False
DEC_00177,C=C(OCC)C(=C)OCC,non_repellent,0.0,,GFN2-xTB,converged,0.0,1.0,4.084375805620246,-9.887184697421844,-6.257843784054528,3.629340913367316,-32.34796865186996,4.0373834920495865e-06,7.690607410163844e-16,0.11122340377944002,0.13180098137308424,-0.2828936140142271,False
DEC_00186,CCOC(=O)CCC(C)=O,non_repellent,0.0,,GFN2-xTB,converged,0.0,1.0,-22.124227523944565,-10.840589707262655,-6.927358500037709,3.913231207224946,-33.310177806041565,1.024465992553984,5.727741513407058e-16,0.17413403196297245,0.3555961301721191,-0.412027334366195,False
DEC_00188,CC=CCOC(=O)[C@H](C)O,non_repellent,0.0,,GFN2-xTB,converged,0.0,1.0,24.054418026491984,-11.058009616243003,-6.8809195461699675,4.177090070073036,-33.281130032610974,1.5224135640780978,1.6905668784064883e-16,0.17901334910544153,0.33452155659709576,-0.43799391232797047,False
DEC_00189,C=C(C)COC(=O)OCC,non_repellent,0.0,,GFN2-xTB,converged,0.0,1.0,-31.570595468295878,-11.007018740611937,-6.117739787400096,4.889278953211841,-33.30644330171958,0.4919022760150134,-5.204170427930421e-16,0.17124165825989077,0.47050650819884543,-0.44734064374324345,False
DEC_00190,C=CCOC(=O)CCOC,non_repellent,0.0,,GFN2-xTB,converged,0.0,1.0,-8.1915442986356,-10.97845895280333,-6.649978194780193,4.328480758023137,-33.26815871194437,0.3196401814052531,6.979896458793953e-16,0.15549507892455264,0.3490318673303676,-0.4082163805555802,False
DEC_00191,C=CCOC(=O)CC(C)=O,non_repellent,0.0,,GFN2-xTB,converged,0.0,1.0,-20.082438318137413,-11.100904036441294,-7.2551635067219955,3.845740529719299,-32.24453692599694,1.671732959803139,7.844419558367121e-16,0.18003880698967714,0.35953962088574337,-0.4009029170915968,False
DEC_00192,CCOC(=O)CC(=O)CC,non_repellent,0.0,,GFN2-xTB,converged,0.0,1.0,-24.456080972880113,-10.983840969971022,-7.174862890997307,3.8089780789737144,-33.30543076369331,1.7017257853812118,8.862859940899688e-17,0.17067705892108154,0.35912947583449084,-0.4021721305503466,False
DEC_00195,CC(=O)CC(=O)OCCCl,non_repellent,0.0,,GFN2-xTB,converged,0.0,1.0,-16.67862628630744,-11.215734989414393,-7.36677288873757,3.8489621006768235,-34.179966835430335,1.0651724701183645,-2.0451476769410777e-17,0.18933320424308916,0.3627073895721529,-0.4021438582276672,False
DEC_00201,c1ccc2c(c1)CCCC2,non_repellent,0.0,C1CCC2CCCCC2C1,GFN2-xTB,converged,0.0,1.0,20.49724711875342,-10.357208830667302,-5.892314451709892,4.46489437895741,-27.53925164447576,0.31614178119869907,-4.3967355009303077e-16,0.03683220605643845,0.039566887020902976,-0.058020695338317586,False
DEC_00202,C1CCC2CCCCC2C1,non_repellent,0.0,C1CCC2CCCCC2C1,GFN2-xTB,converged,0.0,1.0,6.260608414895994,-10.828886566646446,1.4732319577081643,12.30211852435461,-30.64076114440438,7.127441352602608e-07,-2.884597322910005e-16,0.03685030333257263,0.029915543827215344,-0.05675326314343964,False
DEC_00203,c1ccc2c(c1)OCCO2,non_repellent,0.0,C1CCC2CCCCC2C1,GFN2-xTB,converged,0.0,1.0,41.49229871021853,-10.222553210553935,-6.09836342119764,4.124189789356294,-29.338128476215083,0.5254582587790037,-4.001428817919835e-16,0.11174494712947812,0.1160277471083281,-0.2819551333678125,True
DEC_00204,Brc1cccc2ccccc12,non_repellent,0.0,C1CCC2CCCCC2C1,GFN2-xTB,converged,0.0,1.0,37.55178324164715,-10.438041860085516,-7.7093515765260685,2.7286902835594473,-29.05198177493378,1.3948059523746068,9.899488636240978e-16,0.054769864041868066,0.07240900581269114,-0.16982833397824149,False
DEC_00205,CC(C)[C@]12CC(=O)[C@@H](C)[C@H]1C2,non_repellent,0.0,CC1CC2CC2C1,GFN2-xTB,converged,0.0,1.0,47.42112620930702,-10.6300412447402,-6.899015200058455,3.7310260446817454,-33.63201612864494,1.2894167715625735,-4.787836793695988e-16,0.09929163781311265,0.23336298814405038,-0.36595887330309124,False
DEC_00207,CC12CCC(C1)C(C)(C)C2O,non_repellent,0.0,C1CC2CCC1C2,GFN2-xTB,converged,0.0,1.0,52.55168556606002,-10.742162167813925,0.1817015533961762,10.9238637212101,-34.68691992321766,0.6442772348513363,9.188052617587502e-17,0.1100940865272394,0.28469914203105195,-0.4424650282641614,False
DEC_00208,CC1(C)O[C@]2(C)CC[C@H]1CC2,non_repellent,0.0,C1CC2CCC1CC2,GFN2-xTB,converged,0.0,1.0,38.381935115976425,-10.162518007104524,-0.19069219410607463,9.97182581299845,-34.69571981238385,0.5780014024727376,4.522244647718849e-17,0.08949988263732145,0.14676328006442724,-0.3391326740253013,False
DEC_00209,Cc1ccc2c(c1)C[C@H](C)O2,non_repellent,0.0,C1CCC2CCCC2C1,GFN2-xTB,converged,0.0,1.0,28.11738440515602,-9.910653806687087,-5.962990185525457,3.94766362116163,-31.607896867789357,0.705194557124161,4.670177288368865e-16,0.08767944760973086,0.13461752272984245,-0.294950386294219,False
DEC_00210,Cc1cc2cccc(C)c2o1,non_repellent,0.0,C1CCC2CCCC2C1,GFN2-xTB,converged,0.0,1.0,19.609312361807913,-9.972148527893792,-6.4261440088209305,3.546004519072861,-30.584944132095703,0.3992044379044661,-2.9738116731030977e-16,0.0799764481238157,0.12208593487531769,-0.22246503751964997,False
DEC_00211,c1ccc(-n2cccc2)cc1,non_repellent,0.0,C1CCC(C2CCCC2)CC1,GFN2-xTB,converged,0.0,1.0,36.54603438970472,-9.94131696748035,-6.559691326696605,3.3816256407837457,-28.90567469827061,0.6042852541950541,-1.231653667943533e-16,0.03731816892232455,0.062470710708628044,-0.059998408961957295,False
DEC_00214,CCC(=O)O[C@@H](C)C(=O)OC,non_repellent,0.0,,GFN2-xTB,converged,0.0,1.0,-1.6898394941168977,-11.326765706310754,-6.9321718577586955,4.394593848552058,-37.39251653745867,1.0143300229019645,-2.045465246456131e-16,0.18456734398829655,0.3553413240410148,-0.40331785037419693,True
DEC_00223,CCCC(=O)OCCC(C)C,non_repellent,0.0,,GFN2-xTB,converged,0.0,1.0,-7.889495713844708,-11.218226681857098,-6.3776928838604094,4.840533797996689,-36.60778185212766,0.9405870684230813,6.661338147750939e-16,0.12583686797915764,0.3497470487843208,-0.4072513983627374,False
DEC_00224,CCCC(=O)OC(C)(C)CC,non_repellent,0.0,,GFN2-xTB,converged,0.0,1.0,0.6560248000025055,-10.91984903750879,-6.22073291373249,4.6991161237763,-36.612771584901665,0.8588114510435488,-6.922144849656418e-16,0.13120772287068422,0.3578112810657583,-0.4123043186315557,False
DEC_00225,C=CC(=O)O[C@@H](C)CC(=C)C,non_repellent,0.0,,GFN2-xTB,converged,0.0,1.0,17.46755898214293,-10.578637160575905,-7.607144296379755,2.9714928641961498,-34.49790343871284,0.8110723305796236,-8.965050923848139e-17,0.13694644429235314,0.3543518663942112,-0.4139210083045728,False
DEC_00230,OCCCCCCCCCO,non_repellent,0.0,,GFN2-xTB,converged,0.0,1.0,1.2064639390430187,-11.073983252368372,0.5896313983116115,11.663614650679984,-37.599413219174615,1.1031751380181003,7.699933880464795e-16,0.14166030756937048,0.285300444114058,-0.44709780139847005,False
DEC_00231,CCCC(=O)OC[C@H](C)CCl,non_repellent,0.0,,GFN2-xTB,converged,0.0,1.0,-11.238171069256431,-11.2788497104102,-6.568448820449992,4.710400889960208,-37.485689017606155,0.8613595095420091,2.8235960578207107e-16,0.13728945205484056,0.3503571736970541,-0.40792598608101993,False
DEC_00232,CCCCOC(=O)C(Cl)(Cl)Cl,non_repellent,0.0,,GFN2-xTB,converged,0.0,1.0,58.52419977533722,-12.042864820582423,-8.180948376180185,3.8619164444022385,-39.21905878243895,1.3175271458091222,7.840950111415169e-17,0.14128054959512729,0.3447970608410661,-0.34620747326061385,False
DEC_00234,CCCCCCCCCCO,non_repellent,0.0,,GFN2-xTB,converged,0.0,1.0,-1.936176979922364,-10.990922808741601,0.9648655772189701,11.955788385960572,-36.70710121769795,0.7676877734082519,-7.401486830834377e-17,0.10199428003863494,0.28569336430803566,-0.4443672847155717,False
DEC_00240,CCOC(=O)[C@@H](C)C(=O)CC,non_repellent,0.0,,GFN2-xTB,converged,0.0,1.0,-20.892143429709712,-10.861583730706963,-7.1156374355782,3.745946295128763,-36.46981894629936,1.7921687858797732,1.8596235662471373e-17,0.1581565657440091,0.3549807140533297,-0.40361105265364194,False
DEC_00242,CCCCCOC(=O)[C@H](C)O,non_repellent,0.0,,GFN2-xTB,converged,0.0,1.0,22.73528940397231,-11.23591948696667,-6.8976226125820235,4.338296874384647,-37.50053867855966,1.355968295080585,-2.878355989768924e-17,0.16231809951160184,0.3340874813655318,-0.43829158012110353,False
DEC_00243,CC(C)CCOC(=O)[C@H](C)O,non_repellent,0.0,,GFN2-xTB,converged,0.0,1.0,28.14544429045243,-11.219265204253576,-6.885920780345729,4.333344423907847,-37.50181398871066,1.409529632566856,-2.6521994477156517e-16,0.16375774236875454,0.3346902961408199,-0.43835328365727844,False
DEC_00246,CC=CCOC(=O)CC(C)=O,non_repellent,0.0,,GFN2-xTB,converged,0.0,1.0,-21.977961909945805,-11.020723213342997,-7.209835540227008,3.810887673115989,-35.41592506072689,1.9257761413633654,-3.7017490522148563e-16,0.16918726724223107,0.35935714601363594,-0.40211355061783893,False
DEC_00247,CCCCCCCCCC#N,non_repellent,0.0,,GFN2-xTB,converged,0.0,1.0,-2.4552019559218943,-11.428036876167711,-5.763890105305773,5.664146770861938,-33.99977252952264,1.5104819926374953,4.0338103228047354e-16,0.06550590702249288,0.11212274311138068,-0.23795104940972117,True
DEC_00251,CCOC(=O)C(C#N)=C(C)C,non_repellent,0.0,,GFN2-xTB,converged,0.0,1.0,4.871917213514695,-11.395789200865027,-7.864541800947224,3.5312473999178025,-33.74969487157733,1.3736375191269619,-4.2831899643209164e-16,0.15452232357543322,0.3589380995001674,-0.41084236328238277,False
DEC_00252,CCCN(CCC)C(=O)CC,non_repellent,0.0,,GFN2-xTB,converged,0.0,1.0,-17.120612748916702,-10.275467172414325,-5.522784769475104,4.752682402939222,-35.976243060344565,1.715401703803234,4.302114220422482e-17,0.1079814253627177,0.25787100252206857,-0.43767957833882193,False
DEC_00254,Clc1ccc(C(Cl)(Cl)Cl)cc1,non_repellent,0.0,C1CCCCC1,GFN2-xTB,converged,0.0,1.0,46.13970583512865,-11.391913234615801,-7.518268835885052,3.8736443987307494,-35.22099338371193,0.4568766670297798,2.335169095128246e-15,0.09986471311836721,0.22313174999784463,-0.14960943150607073,False
DEC_00261,CCOC(=O)c1ccccc1,non_repellent,0.0,C1CCCCC1,GFN2-xTB,converged,0.0,1.0,27.692158310337117,-11.13481377702848,-7.451491833580469,3.6833219434480107,-32.49782667981157,1.0029655842695933,-2.6466923890617573e-16,0.14053386835412193,0.3467906417130641,-0.41616932647825705,False
DEC_00264,COC(=O)CC1CCCCC1,non_repellent,0.0,C1CCCCC1,GFN2-xTB,converged,0.0,1.0,-4.80797394449531,-11.088458471848226,-6.45084384259168,4.637614629256546,-35.59866711993973,0.7692197895764865,-2.233295852776067e-16,0.12428110701347231,0.3513795752481691,-0.40362433423400823,False
DEC_00266,CC(=O)Oc1cccc(C)c1,non_repellent,0.0,C1CCCCC1,GFN2-xTB,converged,0.0,1.0,26.95535676148009,-10.838162859658885,-6.736870367604216,4.101292492054669,-32.50476911956418,0.7318489142274294,-6.013708050052931e-17,0.14661120217994417,0.3578526346271941,-0.3923295562933315,False
DEC_00267,CC(=O)Oc1ccccc1C,non_repellent,0.0,C1CCCCC1,GFN2-xTB,converged,0.0,1.0,27.916909021545546,-10.86692004722926,-6.675838693194848,4.191081354034413,-32.503650002857334,0.8859877325847996,6.9686320206382595e-16,0.14564938518067158,0.35851935000150575,-0.394787943916455,False
DEC_00268,CCCOc1ccccc1O,non_repellent,0.0,C1CCCCC1,GFN2-xTB,converged,0.0,1.0,16.722311561209693,-10.012398706188238,-5.939373949487394,4.0730247567008435,-33.516527804318244,1.2409384656417748,3.8616453030440226e-17,0.13553939214093158,0.31595256785861614,-0.39424194105074795,True
DEC_00269,CCCOC1CCCCC1O,non_repellent,0.0,C1CCCCC1,GFN2-xTB,converged,0.0,1.0,24.973939115720142,-10.685970957207054,-0.42885008536188657,10.257120871845167,-36.60015514586087,1.028288378683475,2.220446049250313e-16,0.1312364748596091,0.30008466173148596,-0.45374739108496204,False
DEC_00270,OCC[C@H](O)c1ccccc1,non_repellent,0.0,C1CCCCC1,GFN2-xTB,converged,0.0,1.0,20.028696405480478,-10.695484524991206,-6.531395164415468,4.164089360575739,-33.496398907042995,1.6678674814916041,2.424087500778025e-16,0.16776260590620826,0.31824964536837214,-0.46156293379556945,False
DEC_00275,CC(C)[C@@H]1CC[C@@H](C)CC1=O,non_repellent,0.0,CC1CCCCC1,GFN2-xTB,converged,0.0,1.0,14.51607916804679,-10.463333995335372,-6.8335124726743475,3.6298215226610244,-34.678586656985296,1.3577801864526893,-6.871897686903986e-16,0.09660133097142228,0.2311856090340913,-0.3713469223401884,False
DEC_00278,CC(=O)c1cc(C)ccc1C,non_repellent,0.0,C1CCCCC1,GFN2-xTB,converged,0.0,1.0,42.92012489700364,-10.49026412011481,-7.3447376548502685,3.145526465264542,-31.58337202727832,1.312078906019352,-8.453382921194806e-16,0.10850575656882508,0.23364655478749635,-0.3739999260870914,False
DEC_00282,CC=CC1=CC[C@H](OC)C=C1,non_repellent,0.0,C1CCCCC1,GFN2-xTB,converged,0.0,1.0,20.77154172728975,-9.767264096441103,-6.823841802455268,2.9434222939858348,-32.54624672748855,0.6742129964000918,-1.2184697695261092e-16,0.08140701981788478,0.1193025688215238,-0.32478385583642533,False
DEC_00283,COCC=Cc1ccccc1,non_repellent,0.0,C1CCCCC1,GFN2-xTB,converged,0.0,1.0,20.516917428286238,-10.404254812258609,-6.685183688962466,3.7190711232961426,-31.54285726744121,0.6196038942986399,1.2248656195592759e-16,0.0765910815484818,0.08629615208645222,-0.31897752795195816,False
DEC_00284,C=C(C)C[C@H]1CCCCC1=O,non_repellent,0.0,CC1CCCCC1,GFN2-xTB,converged,0.0,1.0,13.537660038877611,-10.46161832909519,-6.921186260513321,3.540432068581869,-33.623304520797056,1.3678805287785474,-1.4880072482823278e-16,0.09913843431146793,0.2320776154820503,-0.36969486715793054,False
DEC_00285,C=C(C)CC1CCCCC1O,non_repellent,0.0,C1CCCCC1,GFN2-xTB,converged,0.0,1.0,17.520527771912445,-10.291665918997525,-5.254883962180339,5.036781956817186,-34.65276452469675,0.7249575352826142,-1.81846874723086e-16,0.11187327146433604,0.28260862024621936,-0.45281137223448503,False
DEC_00291,CCOC(=O)C1(C(C)=O)CC1,non_repellent,0.0,C1CC1,GFN2-xTB,converged,0.0,1.0,11.854295119730024,-11.05476648011315,-7.439154943978812,3.615611536134338,-35.42195551798469,0.7999633639041144,-2.1359725582462252e-16,0.16549254733892757,0.3553200896124892,-0.4071235750453605,False
DEC_00292,COc1cc(C=O)ccc1O,non_repellent,0.0,C1CCCCC1,GFN2-xTB,converged,0.0,1.0,27.930153371254395,-10.669813722115915,-7.85064561141036,2.8191681107055553,-33.37912197917417,0.9663641029564404,3.6520494231090673e-16,0.17033581265031017,0.32357052891215016,-0.3779841470390071,True
DEC_00293,N#CCCOCc1ccco1,non_repellent,0.0,C1CCCC1,GFN2-xTB,converged,0.0,1.0,13.795078684540368,-10.739015100311473,-6.222406152062543,4.51660894824893,-32.708776845628016,1.3427372856913198,-8.77423134149069e-16,0.11680748144648262,0.1094943592782884,-0.3245069958180789,False
DEC_00294,COC(=O)c1cccc(N)c1,non_repellent,0.0,C1CCCCC1,GFN2-xTB,converged,0.0,1.0,16.335077034426376,-10.111754963947874,-7.262869753569467,2.8488852103784073,-32.76788011296352,0.9317110286244555,9.228728892196614e-17,0.16281105350570307,0.3476704073984851,-0.41664277569316943,False
DEC_00295,CNS(=O)(=O)c1ccccc1,non_repellent,0.0,C1CCCCC1,GFN2-xTB,converged,0.0,1.0,-39.00845221431143,-10.74862955174234,-7.167110928994031,3.581518622748309,-33.843429931289116,2.0144986400146454,-5.363764987720287e-16,0.31762832856736506,1.0853791652128675,-0.5671368724842796,False
DEC_00300,C=CC1CC(C(=O)OC)C(=O)O1,non_repellent,0.0,CC1CCCC1,GFN2-xTB,converged,0.0,1.0,-34.466931972301296,-11.52321604969033,-7.235838218901019,4.2873778307893105,-38.48079319296709,2.254894936229005,1.6590264515705465e-16,0.18349993455025304,0.35972166826775664,-0.3920421617943407,False
DEC_00301,CCOC(=O)CC1(C)OCCO1,non_repellent,0.0,C1CCCC1,GFN2-xTB,converged,0.0,1.0,-4.4335475043880415,-11.124551239256213,-6.571903691831759,4.5526475474244545,-40.55350548169479,1.2533215066775625,-4.518287453582668e-16,0.17119300065041976,0.3533763037984473,-0.4054161282493179,False
DEC_00305,CCCC(=O)OC1CCCCC1,non_repellent,0.0,C1CCCCC1,GFN2-xTB,converged,0.0,1.0,-8.854550108743762,-11.081829407652796,-6.304197732343338,4.777631675309458,-38.76877191157212,0.8964873691439361,-2.2042552968078628e-16,0.12371997781034945,0.3540297547471193,-0.4088740286241658,False
DEC_00306,CCC(=O)Oc1cccc(C)c1,non_repellent,0.0,C1CCCCC1,GFN2-xTB,converged,0.0,1.0,25.58787279422581,-10.807030740657503,-6.695847320302272,4.11118342035523,-35.668754916430544,0.6604930592523445,-1.7115938296304497e-16,0.13586567108473419,0.3522281826517901,-0.3870131054470533,False
DEC_00307,CCC(=O)Oc1ccccc1C,non_repellent,0.0,C1CCCCC1,GFN2-xTB,converged,0.0,1.0,26.530531045188894,-10.835808675369863,-6.626511907075947,4.209296768293917,-35.667626673639845,0.8250922447885695,-8.581098794498606e-16,0.13498485397572033,0.3529916329132291,-0.38962941883359015,False
DEC_00310,CCOC(=O)c1ccccc1C,non_repellent,0.0,C1CCCCC1,GFN2-xTB,converged,0.0,1.0,33.274523377171924,-10.880213061838148,-7.216861413542135,3.663351648296013,-35.66617240512006,0.7621911499838783,-1.5959455978986625e-16,0.1346383792140358,0.3490562353534855,-0.414788414495449,False
DEC_00311,COC(=O)[C@H](C)c1ccccc1,non_repellent,0.0,C1CCCCC1,GFN2-xTB,converged,0.0,1.0,32.88934203382204,-10.806715907923474,-6.650912613134979,4.155803294788495,-35.65980280630596,0.7537932217460405,-2.9259002628142145e-16,0.12919283331595874,0.3508802338428749,-0.4000091136664462,False
DEC_00312,C#CC1(OC(C)=O)CCCCC1,non_repellent,0.0,C1CCCCC1,GFN2-xTB,converged,0.0,1.0,-3.0877082445881383,-11.085063284619688,-6.395133161354978,4.68993012326471,-36.647187567896815,0.7506307502231419,-4.312789441813108e-16,0.13778649710422713,0.360822843723659,-0.416191811638603,False
DEC_00314,CCCCOC1=CC(=O)CCC1,non_repellent,0.0,CC1CCCCC1,GFN2-xTB,converged,0.0,1.0,5.170085852819652,-10.376839600864749,-7.194057283363843,3.182782317500905,-37.70118671229901,1.6923981274590691,-5.199214075141916e-16,0.11804580225353062,0.22699572064551957,-0.3922303457797233,False
DEC_00317,CC1CCC(CO)(CO)C(C)C1,non_repellent,0.0,C1CCCCC1,GFN2-xTB,converged,0.0,1.0,26.234257627293225,-10.4687204697446,-0.33814536748505525,10.130575102259545,-39.76088314964061,1.5768283782080055,6.245004513516506e-17,0.14471615728298934,0.3184198109649778,-0.4649819426079967,True
DEC_00318,CCCOc1ccccc1C=O,non_repellent,0.0,C1CCCCC1,GFN2-xTB,converged,0.0,1.0,36.874331475476666,-10.620369204920665,-7.7839338293890314,2.836435375531634,-35.63457816950443,2.1100924948828217,1.0408340855860843e-16,0.11428429798230645,0.20207977458725238,-0.3504419063630797,False
DEC_00319,COC(Cc1ccccc1)OC,non_repellent,0.0,C1CCCCC1,GFN2-xTB,converged,0.0,1.0,31.77255234611788,-10.697516988926546,-6.150790917135483,4.546726071791063,-36.658040287882045,0.9810810319040512,-8.006416042969878e-18,0.10929023231436827,0.24788153012882247,-0.32383571735416006,True
DEC_00322,CC(C)Oc1ccc(CO)cc1,non_repellent,0.0,C1CCCCC1,GFN2-xTB,converged,0.0,1.0,25.089827160912943,-10.339243405097024,-6.305105524891409,4.034137880205615,-36.669795248261586,1.2809247991215282,-2.6688053476566264e-18,0.13307167388824206,0.28790542854054685,-0.44450350166077185,False
DEC_00323,CCOC(=O)c1cccc(Cl)c1,non_repellent,0.0,C1CCCCC1,GFN2-xTB,converged,0.0,1.0,17.33374287936166,-11.110084464549809,-7.7944978811438075,3.3155865834060014,-36.549038851685054,0.35846455675084193,1.2688263138573217e-16,0.14672974584388218,0.3490953739402498,-0.40791968784292604,False
DEC_00325,C=C(C)CC1CC(C)CCC1=O,non_repellent,0.0,CC1CCCCC1,GFN2-xTB,converged,0.0,1.0,17.772226014265854,-10.452752343187644,-6.915098420548555,3.5376539226390893,-36.79004550879529,1.3833481964028238,5.07464440839082e-16,0.09592110254930512,0.23116308532333613,-0.3692073009486529,True
DEC_00326,C=C(C)CC1CC(C)CCC1O,non_repellent,0.0,C1CCCCC1,GFN2-xTB,converged,0.0,1.0,21.750689218990434,-10.286339259030358,-5.25059686803599,5.035742390994368,-37.819589938736954,0.7295069689291477,3.5735303605122226e-16,0.10817408033179265,0.2827442130586057,-0.4528833770640641,False
DEC_00328,CCCCOc1ccc(C)cc1,non_repellent,0.0,C1CCCCC1,GFN2-xTB,converged,0.0,1.0,19.803530960389153,-9.974717121522785,-5.96961974454278,4.005097376980005,-35.77694482753576,0.5233674621668554,-1.1275702593849246e-17,0.07784568805897121,0.14013836553117845,-0.28415546516701484,False
DEC_00332,C=C(C)COCc1ccccc1,non_repellent,0.0,C1CCCCC1,GFN2-xTB,converged,0.0,1.0,29.230712207793925,-10.614921280848675,-6.192116630066834,4.422804650781841,-34.706813405778064,0.49667189226807523,-1.499868605383024e-16,0.07904640581360664,0.08440558564850192,-0.31889785681489713,False
DEC_00334,CCCCOc1ccc(Br)cc1,non_repellent,0.0,C1CCCCC1,GFN2-xTB,converged,0.0,1.0,16.149589077799074,-10.491870680613028,-6.740565985519877,3.7513046950931503,-36.18875529803023,1.9484489171678019,5.523359547510154e-17,0.0869055113367727,0.14578133250946052,-0.2739647472403899,False
DEC_00336,C=C(C)C(=O)OC[C@H]1CCCO1,non_repellent,0.0,C1CCCC1,GFN2-xTB,converged,0.0,1.0,21.166689106704812,-10.727846496659213,-7.539656739215906,3.1881897574433067,-38.5971758218058,1.3887431529933791,5.817995657891445e-16,0.14657988715978987,0.3464112076160831,-0.407071256644881,True
DEC_00339,CCOC(=O)[C@@]1(C(C)(C)C)CO1,non_repellent,0.0,C1CC1,GFN2-xTB,converged,0.0,1.0,20.801450687769005,-11.152729786855026,-6.935422243687046,4.217307543167981,-39.61771022471403,0.5045602280779138,-2.185751579730777e-16,0.14068954058519728,0.3486735866678856,-0.40255669492500396,False
DEC_00341,C=CC[C@H]1CCCCC1=CC#N,non_repellent,0.0,CC1CCCCC1,GFN2-xTB,converged,0.0,1.0,28.155479343973777,-10.918994612153844,-7.193122327647794,3.7258722845060497,-34.05479803066063,1.909567867532835,8.043977007122084e-17,0.06819243083401176,0.1115319290411281,-0.25082750555056393,False
DEC_00344,C1=C(c2ccccc2)CCCC1,non_repellent,0.0,C1CCC(C2CCCCC2)CC1,GFN2-xTB,converged,0.0,1.0,22.88753222844712,-10.039768127320166,-6.282988428052958,3.7567796992672076,-32.815790560778254,0.2710553314330095,5.871371764844578e-18,0.034920647440562974,0.038636818739515084,-0.053787915679556764,False
DEC_00345,C1CCC(C2CCCCC2)CC1,non_repellent,0.0,C1CCC(C2CCCCC2)CC1,GFN2-xTB,converged,0.0,1.0,8.908340132736917,-10.833527426271552,0.9747307168623638,11.808258143133916,-36.965430011727776,0.012603294596546173,-2.6357592579106427e-16,0.036989768999474065,0.03080616287177039,-0.05640621884474734,False
DEC_00347,C=CCC1=CC=C2OCO[C@H]2C1,non_repellent,0.0,C1CCC2CCCC2C1,GFN2-xTB,converged,0.0,1.0,34.59742673688702,-9.809180099641447,-6.681064827486206,3.1281152721552408,-35.60475795862832,0.4069541964352695,6.29704621779581e-16,0.11523306977238809,0.21540229725459326,-0.33008361369141537,False
DEC_00349,CCCCCCCCCCCCl,non_repellent,0.0,,GFN2-xTB,converged,0.0,1.0,-3.185955954866499,-11.067470318380622,-4.119733536088373,6.947736782292249,-39.85610277689764,0.8881688312038722,3.245419805913181e-16,0.05743469522290119,0.058847331861857914,-0.2115127544001139,False
DEC_00350,CCOC(=O)/C=C/C(=O)OCC,non_repellent,0.0,,GFN2-xTB,converged,0.0,1.0,-37.315150410352864,-11.479002496802623,-8.58814358460227,2.890858912200354,-39.50564927945935,0.13700832909560023,6.059967342745646e-16,0.18207984687709478,0.3550094947086724,-0.3993604584272008,False
DEC_00354,CC(=O)O[C@@H](C)C(=O)OC(C)C,non_repellent,0.0,,GFN2-xTB,converged,0.0,1.0,0.23268761608605004,-11.368671155460333,-6.812282079973415,4.556389075486918,-40.5658812714281,1.0817312311733092,-1.3771035593908192e-16,0.18099458853717643,0.36087665396386215,-0.40886536031539644,False
DEC_00355,CC(C)OC(=O)C(=O)OC(C)C,non_repellent,0.0,,GFN2-xTB,converged,0.0,1.0,54.77461198163521,-11.251427618237505,-8.218325610321438,3.0331020079160673,-40.55193100642312,0.11838629227606215,-2.0950121979104517e-16,0.16622953658404707,0.3277702422213506,-0.3654826701545678,False
DEC_00366,CCCCCC[C@H](C)OC(C)=O,non_repellent,0.0,,GFN2-xTB,converged,0.0,1.0,-9.152177698552688,-11.266959323429012,-6.371259706065906,4.895699617363105,-39.77571046775675,1.0052773576354606,2.0643209364124004e-16,0.12349623141134095,0.35724619712539385,-0.41251071344120205,False
LIC_00001,CC(C)N1CC[C@@]2(C[C@H]3CC[C@@H](C2)N3)OC1=O,insecticide,,CC1CCCC2(C1)CC1CCC(C1)C2,GFN2-xTB,converged,0.0,1.0,-38.04154603528355,-9.926898713309871,-5.167534712231485,4.759364001078386,-53.11688266298614,1.8163997703323418,-2.654571719135791e-16,0.1315344403950961,0.38940145706177653,-0.4549671461430236,False
LIC_00002,Cc1cc(C(=O)NC2CCC3OCCOC3C2)n(C)n1,insecticide,,CC(CC1CCC2CCCCC2C1)C1CCCC1,GFN2-xTB,converged,0.0,1.0,23.413097460853542,-10.574700878746631,-7.071127321612684,3.5035735571339472,-61.70107962235529,1.2381246775040968,1.6416407528756127e-16,0.13526439526692546,0.2668220203814714,-0.44589774372189955,False
LIC_00003,CC(=O)N1CCCCC1c1cccnc1,insecticide,,C1CCC(C2CCCCC2)CC1,GFN2-xTB,converged,0.0,1.0,4.360387645562605,-10.09603307959358,-6.975949114342241,3.1200839652513386,-43.78821767548467,1.4828919681181796,-1.119176436114069e-16,0.1148387316613721,0.26397133844320664,-0.44842085864733866,False
LIC_00004,c1cncc(CN2C3CCC2CC3)c1,insecticide,,C1CCC(CC2C3CCC2CC3)CC1,GFN2-xTB,converged,0.0,1.0,37.41978398637943,-9.696348494352915,-6.833770669743398,2.8625778246095166,-39.704256057942224,0.9480413429926468,-3.3792413312028204e-16,0.06561194555082693,0.05413534278887974,-0.2282422995701482,False
LIC_00005,c1cncc(CN2CCCC2)c1,insecticide,,C1CCC(CC2CCCC2)CC1,GFN2-xTB,converged,0.0,1.0,21.40312613848651,-9.708184169247554,-6.851907590704957,2.856276578542597,-34.38831946748533,0.9453937112255912,3.418739650348138e-16,0.06601617784561738,0.05401035458903114,-0.2268062483832055,False
LIC_00006,CC(C)CCn1c(N)nc2c1c(=O)n(C)c(=O)n2C,insecticide,,CC1CC(C)C2CCCC2C1,GFN2-xTB,converged,0.0,1.0,-155.23402364223705,-9.964657558355158,-6.661960810338283,3.302696748016875,-58.252726086781394,2.48248571754107,4.3934154560002084e-16,0.16143900612747314,0.30303043411795705,-0.45331801799199023,False
LIC_00007,Nc1ccnc2c1CCCC2,insecticide,,C1CCC2CCCCC2C1,GFN2-xTB,converged,0.0,1.0,10.428337327927705,-9.605712876492998,-6.112473289658447,3.4932395868345507,-31.249726496062653,1.4642949693016871,-1.0679862791231126e-16,0.10469567587550331,0.15831431025599502,-0.28715746420066646,False
LIC_00008,CC(C)c1noc(-c2ccccn2)n1,insecticide,,C1CCC(C2CCCC2)CC1,GFN2-xTB,converged,0.0,1.0,53.21087929792164,-8.173199006442701,-7.27166413501393,0.9015348714287708,-39.82306903831963,1.59445085978901,-2.65898414397725e-16,0.11027906127189112,0.2256417770813713,-0.2856587307831522,False
LIC_00009,CC(C)c1noc(-c2ccncc2)n1,insecticide,,C1CCC(C2CCCC2)CC1,GFN2-xTB,converged,0.0,1.0,20.979736063769778,-8.368577045744301,-6.942506408677048,1.4260706370672533,-39.82636258849733,0.6104149950208044,-3.0808688933348097e-17,0.11128661046121244,0.22828279812255364,-0.2818405687351331,False
LIC_00010,C=CCCC(=O)N1C2CCC1CC(=C)C2,insecticide,,CC1CC2CCC(C1)C2,GFN2-xTB,converged,0.0,1.0,46.33945415578362,-10.301026322742576,-5.822262284876228,4.478764037866348,-44.506968297445674,1.6108378137163961,1.934726888501192e-16,0.10357392400844112,0.26168032812116493,-0.44215921457466123,True
LIC_00011,c1ccc(-c2nc(C3CC3)no2)nc1,insecticide,,C1CCC(C2CCC(C3CC3)C2)CC1,GFN2-xTB,converged,0.0,1.0,60.335929023684976,-8.227710001629454,-7.304303708222623,0.9234062934068312,-38.766135317232745,1.5686113227931606,-1.6804190889027504e-16,0.1105961432577821,0.2268609532671791,-0.28302903191146733,False
LIC_00012,c1cncc(-c2nc(C3CC3)no2)c1,insecticide,,C1CCC(C2CCC(C3CC3)C2)CC1,GFN2-xTB,converged,0.0,1.0,43.297254304581685,-8.224698969844875,-7.4572186149484745,0.7674803548964002,-38.7687575448162,1.2402840911279487,-3.6655461274988187e-16,0.11218528182506234,0.23064096052342803,-0.28240901500887833,False
LIC_00013,c1ccc(OCC2CCOCC2)cc1,insecticide,,C1CCC(CCC2CCCCC2)CC1,GFN2-xTB,converged,0.0,1.0,27.410896824106437,-10.293239652901416,-6.136951772898833,4.1562878800025835,-41.98620423746411,0.5641368837044023,-4.887294272985325e-16,0.09391117645623784,0.14468779887161595,-0.3199611746056008,False
LIC_00014,c1cc(-c2nc(C3CC3)no2)ccn1,insecticide,,C1CCC(C2CCC(C3CC3)C2)CC1,GFN2-xTB,converged,0.0,1.0,28.83054025770581,-8.423336848461041,-6.973135561089842,1.4502012873711987,-38.76926915164494,0.5284828144899634,-1.5114721068945746e-16,0.11157838454714562,0.22947788395727375,-0.27915931091677343,False
LIC_00015,Cc1ccc(-c2nc(C)no2)cn1,insecticide,,C1CCC(C2CCCC2)CC1,GFN2-xTB,converged,0.0,1.0,35.428848848716555,-7.99550185584084,-7.264435049789888,0.7310668060509515,-36.66883251439172,1.3449311834385675,2.1100545553245163e-16,0.12653027620504503,0.22998844172204086,-0.29229932793785846,False
LIC_00016,Oc1ccc(OC2CCCCC2)cc1,insecticide,,C1CCC(CC2CCCCC2)CC1,GFN2-xTB,converged,0.0,1.0,11.835667874564056,-9.810422883786432,-6.129113896675343,3.6813089871110884,-42.004776581722055,0.38680534505708636,-5.088522196198634e-18,0.12019237918580207,0.2973111999943088,-0.3974026961537012,True
LIC_00017,Cc1csc(C(=O)N2CC(N3C(=O)CCC3=O)C2)c1,insecticide,,CC1CCC(C)C1C1CC(C(C)C2CCCC2)C1,GFN2-xTB,converged,0.0,1.0,-22.816491005000675,-10.579503410929666,-7.595955715964319,2.983547694965347,-56.285529079165954,1.4242875340954997,-7.247990086899459e-16,0.16241644249149662,0.2841948677153816,-0.4313468583140917,True
LIC_00018,Cn1c(=O)c2c(ncn2C)n(C)c1=O,insecticide,,CC1CC(C)C2CCCC2C1,GFN2-xTB,converged,0.0,1.0,-122.52841057575777,-10.592493416075968,-7.23079006893315,3.361703347142818,-42.14742583428627,1.534882601168471,3.5388358909926865e-16,0.17430387290073604,0.30410523576715653,-0.4407249359785331,False
LIC_00019,Cc1noc(-c2ccc(Cl)nc2)n1,insecticide,,C1CCC(C2CCCC2)CC1,GFN2-xTB,converged,0.0,1.0,30.35572801661405,-11.120543335458258,-8.41948422264712,2.701059112811139,-37.54753094128875,1.2440755602118343,4.053774859651065e-16,0.1370822827210376,0.23012910682887858,-0.28610629445829927,True
LIC_00020,Cn1cc2c(=O)[nH]c(=O)[nH]c2n1,insecticide,,CC1CC(C)C2CCCC2C1,GFN2-xTB,converged,0.0,1.0,-132.55634857335104,-11.059994148831601,-7.470369149654171,3.5896249991774303,-35.789440547872566,2.367286108423734,-1.4340380734741606e-16,0.21566304655399718,0.3305543091265952,-0.4449905263546298,True
LIC_00021,O=C(NC1CCCC1)c1cnccc1C(F)(F)F,insecticide,,CC(CC1CCCC1)C1CCCCC1,GFN2-xTB,converged,0.0,1.0,2.2698543617256126,-8.376352719987777,-7.733190909445124,0.6431618105426526,-56.457620731722926,1.4572607798816664,1.0744093786695063e-17,0.15786874445096843,0.4808711422982046,-0.4209362557635617,False
LIC_00022,CN1CCN(C(=O)c2cnccc2C(F)(F)F)CC1,insecticide,,CC(C1CCCCC1)C1CCCCC1,GFN2-xTB,converged,0.0,1.0,63.43801608527529,-8.311433335864615,-7.696828971239185,0.6146043646254302,-59.89017502803646,1.6653756990733515,2.7776602566852875e-16,0.14883125841760536,0.4841346432529871,-0.4173590808586791,False
LIC_00023,O=C1CCCCN1CCO,insecticide,,CC1CCCCC1,GFN2-xTB,converged,0.0,1.0,-2.925837471836518,-10.575562885832408,-6.261592205599429,4.313970680232979,-32.70010832096945,2.3921694947022396,-8.423213817264775e-16,0.17008618768992573,0.3241176209389304,-0.4726136573214443,False
LIC_00024,Cc1noc(-c2cncc(F)c2)n1,insecticide,,C1CCC(C2CCCC2)CC1,GFN2-xTB,converged,0.0,1.0,37.02101393005741,-8.564143740090936,-7.809609566938626,0.7545341731523099,-37.72082617876763,0.6769671883565035,2.315399334251149e-16,0.14025676021544728,0.23063037579080667,-0.2825422317733616,False
LIC_00025,NCCCCOc1ccccc1,insecticide,,C1CCCCC1,GFN2-xTB,converged,0.0,1.0,14.07115182898354,-9.965605119398917,-6.003930072881866,3.961675046517051,-36.02177887923157,0.6968416016480738,9.12336050328543e-18,0.10441183860667928,0.143927385125989,-0.3437275788841231,True
LIC_00026,Cc1nc(-c2ccncc2)no1,insecticide,,C1CCC(C2CCCC2)CC1,GFN2-xTB,converged,0.0,1.0,14.66257764606396,-8.034176255714813,-7.034379898216368,0.999796357498445,-33.49692247314633,1.4081858709298074,5.733717594281236e-16,0.12927518136185417,0.24204215170904647,-0.2894001345602036,False
LIC_00027,Cn1nc2c(c1CNC(=O)c1ccccc1C(F)(F)F)CCC2,insecticide,,CC(CCC1CCC2CCCC21)C1CCCCC1,GFN2-xTB,converged,0.0,1.0,16.488661276443825,-7.7343662437667025,-7.442278695417175,0.2920875483495271,-69.47271013896399,2.481655090325212,-1.142248688797036e-16,0.14336993479462662,0.4827955189372983,-0.4188863943617689,False
LIC_00028,Cn1c(=O)c2c(nc(N)n2C)n(C)c1=O,insecticide,,CC1CC(C)C2CCCC2C1,GFN2-xTB,converged,0.0,1.0,-157.12372211500406,-10.024701536407564,-6.701330680655829,3.323370855751735,-45.58865755236023,2.486694653232177,6.79477841513377e-16,0.1916428458708808,0.3030373465055343,-0.45223600972931244,False
LIC_00029,O=C1CCC(=O)N1Cc1csc(Nc2ccccn2)n1,insecticide,,CC1CCC(C)C1CC1CCC(CC2CCCCC2)C1,GFN2-xTB,converged,0.0,1.0,-91.52810306429596,-10.215596258918275,-7.339414955173537,2.8761813037447377,-57.077629173490614,0.7308532668980637,-7.615436059538183e-16,0.160988183639192,0.2791943906585226,-0.40011501416044903,False
LIC_00030,O=C(O)CCc1nc(-c2cccnc2)no1,insecticide,,C1CCC(C2CCCC2)CC1,GFN2-xTB,converged,0.0,1.0,-10.117336883878037,-7.869635544909695,-7.140820039458451,0.7288155054512435,-46.946169006408105,0.7929813039433928,4.346523141407488e-16,0.1873320958966879,0.357592637019972,-0.4110392664884869,True
LIC_00031,CSc1nc2c(c(=O)n(C)c(=O)n2C)n1C,insecticide,,CC1CC(C)C2CCCC2C1,GFN2-xTB,converged,0.0,1.0,-134.19505464494358,-10.222137332993404,-7.138976896253156,3.083160436740248,-48.56120104312624,1.6767339256526255,1.0061396160665481e-16,0.16931896879945446,0.30433388931593436,-0.44188522192912444,True
LIC_00032,CC(NC1CC1)c1cccnc1,insecticide,,C1CCC(CCC2CC2)CC1,GFN2-xTB,converged,0.0,1.0,15.209086834066662,-9.859760740978297,-6.888383953618951,2.971376787359346,-34.34949369076249,0.7753456080090138,-1.307714620351747e-16,0.08545014099691885,0.1315855954319602,-0.2640726186416942,False
LIC_00033,CCn1c(CN2CCCCC2)nc2c1c(=O)n(C)c(=O)n2C,insecticide,,CC1CC(C)C2CC(CC3CCCCC3)CC2C1,GFN2-xTB,converged,0.0,1.0,-117.08277898094732,-9.971532270791554,-7.06441423992057,2.9071180308709845,-66.73020251534531,2.0865643376652603,3.108624468950438e-16,0.13492166751656248,0.304004907399544,-0.4453819557776379,False
LIC_00034,c1cncc(C2CCCCN2)c1,insecticide,,C1CCC(C2CCCCC2)CC1,GFN2-xTB,converged,0.0,1.0,11.937125401651674,-9.748390474354906,-6.849748367097037,2.898642107257869,-34.390687869829065,0.8689989350723529,1.299708204308777e-16,0.08086555472337363,0.12748609857117227,-0.26186218101072034,False
LIC_00035,CN1CCN(c2nc3c(c(=O)n(C)c(=O)n3C)n2C)CC1,insecticide,,CC1CC(C)C2CC(C3CCCCC3)CC2C1,GFN2-xTB,converged,0.0,1.0,-71.92967625533441,-9.84493993770537,-6.847736510279658,2.9972034274257116,-63.83312883687962,1.9571264154595849,9.494437756321842e-17,0.14586976377337313,0.30357753125696474,-0.44866013337391525,False
LIC_00036,OCCc1cn(-c2cccc(Br)c2)nn1,insecticide,,C1CCC(C2CCCC2)CC1,GFN2-xTB,converged,0.0,1.0,37.98571247074688,-10.923656447394578,-7.990612959680629,2.933043487713949,-43.40077316380796,1.2525690112634837,6.800116025829084e-17,0.1323737949280007,0.30790243757175273,-0.44874783443603866,False
LIC_00037,OCCc1cn(-c2ccc(Br)cc2)nn1,insecticide,,C1CCC(C2CCCC2)CC1,GFN2-xTB,converged,0.0,1.0,42.97341246809256,-10.923919026787791,-7.998567927916623,2.925351098871168,-43.40094204376084,1.6205898987103367,-3.5638159090467525e-16,0.132273012362606,0.3081024099916215,-0.4486880478423705,False
LIC_00039,Cn1c(=O)c2c(nc(N3CCNCC3)n2C)n(C)c1=O,insecticide,,CC1CC(C)C2CC(C3CCCCC3)CC2C1,GFN2-xTB,converged,0.0,1.0,-74.09594872149034,-9.927579185212652,-6.8547866881352695,3.0727924970773826,-60.66093932935533,1.8788130672482528,-2.4505251629061845e-16,0.15590718066407944,0.30356418551399444,-0.4485265728635913,False
LIC_00040,Cc1cccnc1Nc1nc(CN2C(=O)CCC2=O)cs1,insecticide,,CC1CCC(C)C1CC1CCC(CC2CCCCC2)C1,GFN2-xTB,converged,0.0,1.0,-81.87731064027405,-10.256141280688611,-7.326776062659818,2.929365218028793,-60.24160399994175,0.8384337459768966,-2.402839831867303e-16,0.15654724647457421,0.2802881557200588,-0.39854255866899635,True
LIC_00041,O=C(CN1C(=O)CCC1=O)N1CCSC(c2ccccc2Cl)CC1,insecticide,,CC(CC1C(C)CCC1C)C1CCCC(C2CCCCC2)CC1,GFN2-xTB,converged,0.0,1.0,-9.60530063714418,-7.4223349803306595,-6.654008114658151,0.7683268656725089,-72.00045736904823,1.2406319220075186,6.236936032232892e-16,0.1473754051833232,0.2828771413855736,-0.4295507389711235,False
LIC_00042,Cc1cc(C)cc(C(=O)NCc2c3c(nn2C)CCC3)c1,insecticide,,CC(CCC1CCC2CCCC21)C1CCCCC1,GFN2-xTB,converged,0.0,1.0,21.113438461924993,-10.234036979321022,-6.924517245055599,3.3095197342654235,-59.968138238376305,1.323007536387903,-7.854167052184515e-16,0.10825056530716695,0.2656720129428187,-0.4367499552755039,False
LIC_00043,CC(C)Cn1cnc2c1c(=O)n(C)c(=O)n2C,insecticide,,CC1CC(C)C2CCCC2C1,GFN2-xTB,converged,0.0,1.0,-120.925733218223,-10.531819943456249,-7.185034024561459,3.34678591889479,-51.64752358744854,1.5968560504335603,1.5938429027762663e-16,0.1515121426593562,0.3041583087474733,-0.44245742485588263,False
LIC_00044,OCCc1cn(-c2cc(C(F)(F)F)ccc2Cl)nn1,insecticide,,C1CCC(C2CCCC2)CC1,GFN2-xTB,converged,0.0,1.0,67.91573107558851,-11.03098884453945,-8.38896840584305,2.6420204386964006,-59.71064474963684,2.8208282596052303,-7.92025175603125e-16,0.16770750802785883,0.47927217224098856,-0.44798987881743507,False
LIC_00045,OCCc1cn(-c2ccccc2Cl)nn1,insecticide,,C1CCC(C2CCCC2)CC1,GFN2-xTB,converged,0.0,1.0,41.75833060133655,-10.738254521925736,-7.76218770790183,2.9760668140239055,-43.86679748378408,2.3846435676583084,-3.297362383136715e-16,0.13310373765763955,0.3078243002497222,-0.4497764556969658,False
LIC_00046,CCn1cnc2c1c(=O)n(C)c(=O)n2C,insecticide,,CC1CC(C)C2CCCC2C1,GFN2-xTB,converged,0.0,1.0,-124.75859923304377,-10.566253219811475,-7.22021707831115,3.346036141500325,-45.31546615964545,1.5601229011515778,8.06453669276329e-16,0.16555805729902168,0.30417103495281367,-0.44190110865909044,False
LIC_00047,C=CCn1c(N(C)C)nc2c1c(=O)n(C)c(=O)n2C,insecticide,,CC1CC(C)C2CCCC2C1,GFN2-xTB,converged,0.0,1.0,-127.2313125684913,-10.111683395352093,-6.94622358674547,3.1654598086066237,-57.189979979806395,2.091913508995058,7.837095170357442e-16,0.1529658891946458,0.3038548124606617,-0.4470049806077234,True
LIC_00048,COc1cccc(CC(=O)NCc2c3c(nn2C)CCC3)c1,insecticide,,CC(CCC1CCC2CCCC21)CC1CCCCC1,GFN2-xTB,converged,0.0,1.0,23.690710705313872,-10.204342405593637,-6.3813196636058125,3.823022741987825,-64.03298724056782,1.0315968998790015,-3.011157215044393e-16,0.11725940481661895,0.2746985205947479,-0.4341983455126204,False
LIC_00049,CCOC(=O)c1ccc(C(=O)O)cc1,insecticide,,C1CCCCC1,GFN2-xTB,converged,0.0,1.0,23.157871214476575,-11.418316723452635,-8.25558178663436,3.162734936818275,-42.788205883458566,0.40403734435563665,1.0373646386341306e-15,0.2002443354153585,0.35114862900261035,-0.41509680697119683,False
LIC_00050,O=C1CCC(=O)N1Cc1csc(Nc2cccnc2)n1,insecticide,,CC1CCC(C)C1CC1CCC(CC2CCCCC2)C1,GFN2-xTB,converged,0.0,1.0,-42.49498342982519,-10.27689685536644,-7.287882932180623,2.9890139231858166,-57.070337669248815,1.2670765953858978,7.884318198314588e-16,0.15732003276065845,0.279984496871191,-0.4006418160169098,False
LIC_00051,O=C(O)C1CCCOC1,insecticide,,C1CCCCC1,GFN2-xTB,converged,0.0,1.0,-20.93587716783337,-10.914666477606932,-6.853022833483879,4.061643644123053,-30.163401403040652,1.0741049692867752,-7.388095982949644e-16,0.19058394798442074,0.34789054357621246,-0.4133178678148272,False
LIC_00052,CC(O)COC(C)(C)C,insecticide,,,GFN2-xTB,converged,0.0,1.0,33.42401624470152,-10.835709440794131,-0.5308612166348877,10.304848224159244,-31.280590504389185,1.117142252247239,-4.513056595101262e-16,0.1459789570780923,0.301675584949609,-0.4513730193872039,False
LIC_00053,Cc1ccncc1Nc1nc(CN2C(=O)CCC2=O)cs1,insecticide,,CC1CCC(C)C1CC1CCC(CC2CCCCC2)C1,GFN2-xTB,converged,0.0,1.0,-38.381980377674,-10.165631438047768,-7.164618841787077,3.001012596260691,-60.240994377974815,1.5422414363267987,3.039235529911366e-16,0.15275463443757717,0.280375008649019,-0.4011820426868431,False
LIC_00054,C=C(C)Cn1c(N)nc2c1c(=O)n(C)c(=O)n2C,insecticide,,CC1CC(C)C2CCCC2C1,GFN2-xTB,converged,0.0,1.0,-141.3053505135025,-10.02729599761067,-6.738935658412541,3.288360339198129,-54.035384158568945,2.256526635603885,-3.7217703666411495e-16,0.17348075136525634,0.303158855965932,-0.4557294545886103,False
LIC_00055,C/C=C/Cn1cnc2c1c(=O)n(C)c(=O)n2C,insecticide,,CC1CC(C)C2CCCC2C1,GFN2-xTB,converged,0.0,1.0,-110.37278619612286,-10.525495552362717,-7.186857572789672,3.3386379795730443,-50.59005288849506,1.697034979153538,-3.3754361313200326e-16,0.15526664602254117,0.3042022521495308,-0.44229621436845656,False
LIC_00056,C=CCn1c(NC)nc2c1c(=O)n(C)c(=O)n2C,insecticide,,CC1CC(C)C2CCCC2C1,GFN2-xTB,converged,0.0,1.0,-137.64802421814187,-9.89629321572155,-6.669298853575705,3.226994362145846,-54.027512646406564,2.5496320389710023,-5.15580844011531e-16,0.16456065198641676,0.3031473079597852,-0.4560862582606737,False
LIC_00057,COC(CNC(=O)CN1C(=O)CCC1=O)c1ccc(C)s1,insecticide,,CC(CCCC1CCCC1)CC1C(C)CCC1C,GFN2-xTB,converged,0.0,1.0,-24.096588153595615,-10.255264701551582,-7.295845311295427,2.959419390256155,-64.55367344889332,0.8613901421783601,-4.145544306693293e-16,0.1620802797791312,0.2816316738756114,-0.4123915434578413,True
LIC_00058,O=C(CN1C(=O)CCC1=O)NCc1nn(C2CCCC2)c2c1CCCC2,insecticide,,CC(CCC1CC(C2CCCC2)C2CCCCC12)CC1C(C)CCC1C,GFN2-xTB,converged,0.0,1.0,-38.01714212310085,-10.3316286717859,-7.060596503968248,3.271032167817652,-77.94470000616732,2.2207813656354936,3.3693667514164906e-16,0.1385553349128084,0.28122537494375166,-0.42727641898071206,True
LIC_00059,CC1(C)CCCC1O,insecticide,,C1CCCC1,GFN2-xTB,converged,0.0,1.0,22.1565038501538,-10.78864952230596,0.6174466518152528,11.406096174121213,-26.20762590127988,0.7107659626869104,2.27091073218782e-16,0.12453049032034798,0.28513584482396875,-0.44476651804072964,False
LIC_00060,O=C(CN1C(=O)CCC1=O)N1CCC(Oc2ncccc2Cl)CC1,insecticide,,CC(CC1C(C)CCC1C)C1CCC(CC2CCCCC2)CC1,GFN2-xTB,converged,0.0,1.0,-29.470207533339472,-10.813777776665084,-7.474509090015768,3.3392686866493166,-73.10886788447353,1.5795915299769534,-4.009689405900677e-16,0.15991288388014224,0.2816864205934443,-0.42087875895408233,False
LIC_00061,O=C(c1ccccc1C(F)(F)F)N1CC(N2C(=O)CCC2=O)C1,insecticide,,CC1CCC(C)C1C1CC(C(C)C2CCCCC2)C1,GFN2-xTB,converged,0.0,1.0,-7.106383590913783,-10.938225148133206,-7.781417576683462,3.156807571449744,-71.03342926565901,3.255665260350777,4.718447854656915e-16,0.18079512618962248,0.4829156370249616,-0.4138219411779424,False
LIC_00062,CSc1ncccc1C(=O)O,insecticide,,C1CCCCC1,GFN2-xTB,converged,0.0,1.0,4.433953153956436,-7.720979264057963,-7.2250876619456585,0.4958916021123043,-32.84712035605631,1.0898819954909411,-5.797831350820262e-16,0.19118742773108624,0.35467314622850415,-0.4029905069458772,True
LIC_00063,Cn1nc2c(c1CNC(=O)c1ccccc1OC(F)(F)F)CCC2,insecticide,,CC(CCC1CCC2CCCC21)C1CCCCC1,GFN2-xTB,converged,0.0,1.0,26.840789545402707,-7.658409257246427,-7.166282310562452,0.4921269466839746,-73.5521201354073,1.7711388863086168,-3.8528208401444885e-16,0.1619177913850972,0.6096620151873912,-0.43278118951443506,False
LIC_00064,C=CCn1c(N)nc2c1c(=O)n(C)c(=O)n2C,insecticide,,CC1CC(C)C2CCCC2C1,GFN2-xTB,converged,0.0,1.0,-142.35862646371362,-10.042667299288484,-6.743564687368984,3.2991026119194995,-50.861633965079456,2.396064182088165,-3.6914915568786457e-16,0.17981549931339963,0.3032498454028866,-0.45374557224278383,False
LIC_00065,O=C(c1ccc(F)cc1Cl)N1CC(N2C(=O)CCC2=O)C1,insecticide,,CC1CCC(C)C1C1CC(C(C)C2CCCCC2)C1,GFN2-xTB,converged,0.0,1.0,-19.826217852602614,-10.967385107635383,-7.745025221919295,3.222359885716088,-63.46168754226851,2.090360935872364,-1.5812267320418897e-16,0.16834534021110767,0.2777318566419308,-0.41240521201409086,False
LIC_00066,Cn1ccnc1SCC1CCN(C(=O)CN2C(=O)CCC2=O)CC1,insecticide,,CC(CC1C(C)CCC1C)C1CCC(CCC2CCCC2)CC1,GFN2-xTB,converged,0.0,1.0,-53.22267319395685,-9.85026960724124,-7.171259939547849,2.67900966769339,-72.71526747717901,1.2838931728950487,-8.522771860233878e-17,0.1475317288370536,0.2819450271998925,-0.42499051119375586,False
LIC_00067,CCn1c(=O)c2c(nc(N3CCCC3)n2C)n(C)c1=O,insecticide,,CC1CC(C)C2CC(C3CCCC3)CC2C1,GFN2-xTB,converged,0.0,1.0,-142.65335385838497,-9.807290630968126,-6.682747561667807,3.1245430693003184,-60.40858356506867,2.6136973878911944,-2.654571719135791e-16,0.14838195173581586,0.30517112719940476,-0.45159724112376093,True
LIC_00068,Cc1ccc(-n2cc(C3CC3)nn2)cc1,insecticide,,C1CCC(C2CCC(C3CC3)C2)CC1,GFN2-xTB,converged,0.0,1.0,45.796180881838104,-10.286039512468397,-7.251520705224564,3.034518807243833,-41.042886067133,1.9382285853252303,-1.1895246692412391e-17,0.06405417009797973,0.07506447726526488,-0.1789047822826029,True
LIC_00069,c1ccc(-n2cc(C3CC3)nn2)cc1,insecticide,,C1CCC(C2CCC(C3CC3)C2)CC1,GFN2-xTB,converged,0.0,1.0,43.74301251397097,-10.36470899592493,-7.382323477342993,2.9823855185819372,-37.87183039821863,1.7350210236569312,-3.530509218307998e-16,0.06200276501842116,0.07516721817856453,-0.17683322513140118,True
LIC_00070,NC1(Cc2c[nH]c3ccccc23)CC1,insecticide,,C1CCC2C(C1)CCC2CC1CC1,GFN2-xTB,converged,0.0,1.0,32.610448722795994,-9.649147030418774,-6.379901048834647,3.2692459815841275,-38.651614383792264,1.0363477173404738,-5.719631117934958e-16,0.09172830474886985,0.15291327807280314,-0.3437447579204784,True
LIC_00071,Cn1c(=O)c2c(nc3n2CCN3)n(C)c1=O,insecticide,,CC1CC(C)C2C(C1)CC1CCCC12,GFN2-xTB,converged,0.0,1.0,-136.00673924358642,-9.94106336318054,-6.7364129240673085,3.204650439113231,-47.73297391826519,2.446197991252361,2.518561491047809e-17,0.17983233814819694,0.3023878445874085,-0.45286201069820325,True
LIC_00072,O=C(CCc1ccccc1Br)N1CC(N2C(=O)CCC2=O)C1,insecticide,,CC(CCC1CCCCC1)C1CC(C2C(C)CCC2C)C1,GFN2-xTB,converged,0.0,1.0,-25.414642345514654,-10.61538040855015,-7.58493204675839,3.03044836179176,-65.09779821719063,1.0149271460920666,1.2098584242710038e-16,0.1503510972948481,0.2775079316971836,-0.4288180082136301,False
LIC_00073,O=C(c1c[nH]c2ccccc12)N1CC(N2C(=O)CCC2=O)C1,insecticide,,CC1CCC(C)C1C1CC(C(C)C2CCC3CCCCC32)C1,GFN2-xTB,converged,0.0,1.0,-11.629508075986237,-7.585904964590531,-6.827735259256393,0.7581697053341383,-62.92399822015813,2.3023415245890875,2.663034957715747e-17,0.15365798872356046,0.27992147573897264,-0.4280100585047097,False
LIC_00074,CC1(C)CCC(=O)CC1,insecticide,,CC1CCCCC1,GFN2-xTB,converged,0.0,1.0,15.835856937815405,-10.55765111189923,-6.878388374056864,3.6792627378423655,-28.34933355101528,1.4703768849879473,7.759493530804083e-16,0.10805876638826566,0.2357889309996192,-0.37486733473187556,False
LIC_00075,Cn1c(=O)c2[nH]c(CN3CCCCC3)nc2n(C)c1=O,insecticide,,CC1CC(C)C2CC(CC3CCCCC3)CC2C1,GFN2-xTB,converged,0.0,1.0,-120.0830967552967,-10.142814085339332,-7.123917928734178,3.0188961566051535,-60.38914998957703,2.1083319908176597,-1.6973602011096142e-16,0.14599770828286426,0.30341244532205963,-0.44092392210503134,False
LIC_00076,Cn1c(=O)c2[nH]c(N3CCCCCC3)nc2n(C)c1=O,insecticide,,CC1CC(C)C2CC(C3CCCCCC3)CC2C1,GFN2-xTB,converged,0.0,1.0,-145.82647752230315,-9.76443257302353,-6.550853816560165,3.213578756463365,-60.40110631323166,2.898326834973305,-3.170540753016072e-16,0.15049938537366475,0.30263536361205684,-0.4574844908376917,False
LIC_00077,O=C(Cc1ccc(F)cc1)N1CC(N2C(=O)CCC2=O)C1,insecticide,,CC(CC1CCCCC1)C1CC(C2C(C)CCC2C)C1,GFN2-xTB,converged,0.0,1.0,-9.286760391007132,-10.67765596066012,-7.7556853415399765,2.9219706191201436,-62.582700591416234,2.3784016011200113,-2.0469737016526324e-16,0.16061157243771046,0.2777491674170127,-0.4283462365429177,True
LIC_00078,Cn1c(=O)c2c(nc(N3CCOCC3)n2C)n(C)c1=O,insecticide,,CC1CC(C)C2CC(C3CCCCC3)CC2C1,GFN2-xTB,converged,0.0,1.0,-83.99411071250253,-10.085372815084096,-6.955372292890526,3.13000052219357,-61.29814014847248,1.6690735125086218,-2.006653101940739e-16,0.16037363116320932,0.30365090616613594,-0.4469439831158088,True
LIC_00079,O=C(O)C1CCOC1,insecticide,,C1CCCC1,GFN2-xTB,converged,0.0,1.0,-27.705379706339606,-10.792184083079862,-6.9142166277571055,3.8779674553227563,-26.991441006322162,0.8626176696891957,2.445960101127298e-16,0.20816890645716543,0.35263537847266396,-0.4063411378208992,False
LIC_00080,Cn1c(=O)c2[nH]c(N3CCCCC3)nc2n(C)c1=O,insecticide,,CC1CC(C)C2CC(C3CCCCC3)CC2C1,GFN2-xTB,converged,0.0,1.0,-153.20934372327497,-9.95522478203298,-6.7453032215869975,3.2099215604459825,-57.23931517340425,2.6592764718711046,-2.386208514732541e-16,0.15560774598930713,0.30287177466709037,-0.45132848764021544,True
LIC_00081,Cn1c(=O)c2[nH]cnc2n(C)c1=O,insecticide,,CC1CC(C)C2CCCC2C1,GFN2-xTB,converged,0.0,1.0,-125.25914934586827,-10.765088522074773,-7.39257832899492,3.3725101930798536,-38.97356596685584,1.3593539749638806,2.5046102757912757e-16,0.18779227135947898,0.3039050006412894,-0.4375628265047308,True
LIC_00082,COC(CNC(=O)CN1C(=O)CCC1=O)c1cccc(F)c1,insecticide,,CC(CCCC1CCCCC1)CC1C(C)CCC1C,GFN2-xTB,converged,0.0,1.0,-14.269658252628627,-11.041555196863877,-7.36201849930013,3.679536697563747,-67.67739465523343,0.9571997780116962,-2.465976141234723e-16,0.16704409701987807,0.28138220282125914,-0.4143941288180044,False
LIC_00083,CN(C)Cc1nc2c([nH]1)c(=O)n(C)c(=O)n2C,insecticide,,CC1CC(C)C2CCCC2C1,GFN2-xTB,converged,0.0,1.0,-113.12311610949557,-10.26738090913591,-7.1454165739527875,3.121964335183123,-51.901278658601186,2.071536989666209,-6.904199434387692e-16,0.15983279331305986,0.3034321158997,-0.4406631057927742,False
LIC_00084,Cc1cccc(OC2CCN(C(=O)CN3C(=O)CCC3=O)CC2)n1,insecticide,,CC(CC1C(C)CCC1C)C1CCC(CC2CCCCC2)CC1,GFN2-xTB,converged,0.0,1.0,-53.929690960061095,-10.38129704652716,-7.191135132871707,3.190161913655454,-72.23362977679037,1.5897277188541132,5.2273000742767786e-17,0.1568756999302308,0.2817322777918696,-0.4224720554656573,True
LIC_00085,CCn1c(NC)nc2c1c(=O)n(C)c(=O)n2C,insecticide,,CC1CC(C)C2CCCC2C1,GFN2-xTB,converged,0.0,1.0,-154.9408505208107,-9.84869065902441,-6.612384086511149,3.2363065725132607,-51.923071920964226,2.660452997644235,-5.958775139980332e-16,0.16700506418152025,0.30300416912039696,-0.4560815394260585,False
LIC_00086,O=C(Nc1ccc(Cl)c(Cl)c1)N1CC(N2C(=O)CCC2=O)C1,insecticide,,CC(CC1CCCCC1)C1CC(C2C(C)CCC2C)C1,GFN2-xTB,converged,0.0,1.0,-68.4853879396684,-10.567135240848526,-7.779367928642286,2.787767312206239,-66.74215655638089,2.566751281080936,-3.713299509148068e-16,0.17138324412244446,0.31906920475352357,-0.44684470740666804,True
LIC_00087,CC(C)c1cn(-c2ccccc2)nn1,insecticide,,C1CCC(C2CCCC2)CC1,GFN2-xTB,converged,0.0,1.0,37.360633097030494,-10.286711344169461,-7.3163581613891955,2.970353182780266,-38.927113395292,1.6162590763729339,7.709882115452476e-18,0.06473065937938764,0.07478507181338875,-0.18086527444589243,False
LIC_00088,Cn1c(=O)c2[nH]c(N3CCCC3)nc2n(C)c1=O,insecticide,,CC1CC(C)C2CC(C3CCCC3)CC2C1,GFN2-xTB,converged,0.0,1.0,-149.8647086104424,-9.787612896857485,-6.5582905631567225,3.229322333700763,-54.074155771815974,2.9871534961465844,1.9723280248075699e-16,0.1626489391855919,0.3025872258793929,-0.4563838322979753,True
LIC_00089,CC(C)CNc1nc2c([nH]1)c(=O)n(C)c(=O)n2C,insecticide,,CC1CC(C)C2CCCC2C1,GFN2-xTB,converged,0.0,1.0,-157.29766630668826,-9.938476461819123,-6.643043252873514,3.2954332089456093,-55.080873759046014,2.7773938376785154,-5.344930847123968e-16,0.16364741933154647,0.30257550365608576,-0.45394525820937015,False
LIC_00090,Cc1cccc2c(CCN)c[nH]c12,insecticide,,C1CCC2CCCC2C1,GFN2-xTB,converged,0.0,1.0,28.65456763530759,-9.50150656651117,-6.1528874342069635,3.348619132304206,-36.533720258378516,1.3883991780413525,1.8503717077085943e-16,0.09120425304306239,0.15041339942935253,-0.34515284258071827,False
LIC_00091,CCNc1nc2c([nH]1)c(=O)n(C)c(=O)n2C,insecticide,,CC1CC(C)C2CCCC2C1,GFN2-xTB,converged,0.0,1.0,-161.2567678113318,-9.969495601765061,-6.666090073629315,3.3034055281357464,-48.74980574790947,2.7188290265649564,1.8615377438758013e-16,0.1783775636971298,0.3026074542860292,-0.45334616485529905,False
LIC_00092,O=C1CCC(=O)N1C1CN(S(=O)(=O)C2CCCCC2)C1,insecticide,,CC1CCC(C)C1C1CC(C(C)(C)C2CCCCC2)C1,GFN2-xTB,converged,0.0,1.0,-84.62124740544097,-10.686016099216978,-7.573948174930926,3.112067924286052,-63.443754930513066,1.7253075291205102,-1.4641066137244253e-16,0.2530034606829652,1.1014072641496635,-0.5820720981236321,False
LIC_00093,O=C(CN1C(=O)CCC1=O)N1CC(S(=O)(=O)c2ccc(F)cc2)C1,insecticide,,CC(CC1C(C)CCC1C)C1CC(C(C)(C)C2CCCCC2)C1,GFN2-xTB,converged,0.0,1.0,-36.44847069148316,-11.246592731675335,-7.725239912732059,3.521352818943276,-73.9298485620104,1.1468386523131304,9.230508095761718e-16,0.24852392272894613,0.9485636126539565,-0.5384405048978733,False
LIC_00094,Cc1ccccc1OCC(=O)N1CC(N2C(=O)CCC2=O)C1,insecticide,,CC(CCC1CCCCC1)C1CC(C2C(C)CCC2C)C1,GFN2-xTB,converged,0.0,1.0,5.169023560543473,-7.712997667537074,-6.378572068547716,1.334425598989358,-65.58459934610826,1.9892823157903516,-3.8302694349567903e-16,0.15320116738536693,0.27763085033402624,-0.4239460723577188,False
LIC_00095,CC(C)(C)c1ccc(NC(=O)N2CC(N3C(=O)CCC3=O)C2)cc1,insecticide,,CC(CC1CCCCC1)C1CC(C2C(C)CCC2C)C1,GFN2-xTB,converged,0.0,1.0,-54.149146557285555,-7.644874975202743,-6.095057293305057,1.5498176818976859,-71.3061774236226,1.9560043199802737,3.2989273251661067e-16,0.14653172983495127,0.3194786681600504,-0.4544070768922582,True
LIC_00096,CNc1nc2c(c(=O)n(C)c(=O)n2C)n1CC(C)C,insecticide,,CC1CC(C)C2CCCC2C1,GFN2-xTB,converged,0.0,1.0,-151.04126395918985,-9.812819828652545,-6.580612043106693,3.232207785545852,-58.25551625289031,2.6684906396661248,-6.254134637074278e-16,0.15483572001401366,0.302951479152929,-0.4569363407678804,False
LIC_00097,CCn1c(N(C)C)nc2c1c(=O)[nH]c(=O)n2C,insecticide,,CC1CC(C)C2CCCC2C1,GFN2-xTB,converged,0.0,1.0,-160.81007393120979,-10.190211257154505,-7.059587954169252,3.1306233029852537,-51.91821746024986,2.441584132562845,-1.2663481374630692e-16,0.16870662433180086,0.3140028501195544,-0.45110940776200753,True
LIC_00098,Cc1cccc(C(=O)CCC(=O)O)c1,insecticide,,C1CCCCC1,GFN2-xTB,converged,0.0,1.0,-0.7184624072821855,-10.688106387888272,-7.6314123548483,3.056694033039972,-41.86661579611484,1.0112003173400699,1.1902871850548553e-16,0.177692578141428,0.361077811707003,-0.41796381501580543,False
LIC_00099,CCn1c(N(C)C)nc2c1c(=O)n(C)c(=O)n2C,insecticide,,CC1CC(C)C2CCCC2C1,GFN2-xTB,converged,0.0,1.0,-144.60058252986045,-10.089652531289463,-6.934933690229137,3.154718841060326,-55.08474043650508,2.1063648151887917,-1.189524669241239e-16,0.1550916298837489,0.30375329968490933,-0.44643268987156154,False
LIC_00100,O=C(CN1C(=O)CCC1=O)N1CCC(c2cccs2)CC1,insecticide,,CC(CC1C(C)CCC1C)C1CCC(C2CCCC2)CC1,GFN2-xTB,converged,0.0,1.0,-48.17843996169643,-10.576290382479467,-7.218070033213873,3.3582203492655935,-62.65280750721732,1.074677484721336,-2.629662869224329e-16,0.14677196541216977,0.2819372133363037,-0.42370713225696394,False
LIC_00101,O=C1CCC(=O)N1Cc1csc(Nc2ccccc2F)n1,insecticide,,CC1CCC(C)C1CC1CCC(CC2CCCCC2)C1,GFN2-xTB,converged,0.0,1.0,-44.44366464192703,-10.160521251478677,-7.328885831874899,2.831635419603778,-61.02953141929377,0.7653516596380424,-1.9744307199299658e-16,0.15696190515425812,0.27936790743592893,-0.4001531605355089,False
LIC_00102,O=C(COc1ccccc1)N1CC(N2C(=O)CCC2=O)C1,insecticide,,CC(CCC1CCCCC1)C1CC(C2C(C)CCC2C)C1,GFN2-xTB,converged,0.0,1.0,0.9226091418579618,-10.35922437683995,-7.683162988234042,2.676061388605908,-62.414413874747865,1.6924788808283144,1.350271246165731e-16,0.15829530407747075,0.2776714772395295,-0.42026522063609334,False
LIC_00103,O=C(COc1ccccc1F)N1CC(N2C(=O)CCC2=O)C1,insecticide,,CC(CCC1CCCCC1)C1CC(C2C(C)CCC2C)C1,GFN2-xTB,converged,0.0,1.0,13.510343108517045,-10.697188498129732,-7.7224889126478296,2.9746995854819023,-66.63731182113743,2.4034889377300597,-2.1829385146345983e-16,0.16305518082866474,0.2793553086997741,-0.4094210109754737,False
LIC_00104,CCN(CC)c1ccc(C(=O)NCc2c3c(nn2C)CCC3)cc1,insecticide,,CC(CCC1CCC2CCCC21)C1CCCCC1,GFN2-xTB,converged,0.0,1.0,17.139644618701823,-9.544310438924487,-6.433244791399093,3.111065647525394,-69.72645252016264,2.2294722885716,3.4867941867133823e-16,0.10228255649149723,0.2634573572518374,-0.4460514965969762,False
LIC_00105,COC(C)(CNC(=O)CN1C(=O)CCC1=O)c1ccccc1F,insecticide,,CC(CCCC1CCCCC1)CC1C(C)CCC1C,GFN2-xTB,converged,0.0,1.0,-5.118784302577434,-10.921062334257766,-7.223619296583399,3.6974430376743666,-70.83974983869317,1.4600892610766134,4.080730462535918e-17,0.16278428695014646,0.28162431181754477,-0.4131629069786281,False
LIC_00106,CC(C)Cn1c(N(C)C)nc2c1c(=O)n(C)c(=O)n2C,insecticide,,CC1CC(C)C2CCCC2C1,GFN2-xTB,converged,0.0,1.0,-141.02649126565893,-10.043852755669006,-6.894816621352821,3.1490361343161846,-61.41719758607824,2.124068461783573,-2.2678336173745574e-17,0.1447047813848837,0.3037035447976596,-0.4471747478191105,True
LIC_00107,O=C1CCC(=O)N1Cc1csc(NCc2ccccc2)n1,insecticide,,CC1CCC(C)C1CC1CCC(CCC2CCCCC2)C1,GFN2-xTB,converged,0.0,1.0,-70.83373381844861,-9.986559812943536,-7.20539158472379,2.7811682282197463,-59.9527712173723,1.0060661531718231,3.0723880230078117e-16,0.14359763163212197,0.27884334005933586,-0.4010400593815281,False
LIC_00108,Cc1ccc(S(=O)(=O)O)cc1,insecticide,,C1CCCCC1,GFN2-xTB,converged,0.0,1.0,-9.56520392076688,-11.435735546971697,-7.111903546271162,4.323832000700535,-34.502305813602476,2.1942264689292967,4.521237185809026e-16,0.38368964739441747,1.2739572601455098,-0.613146144439364,False
LIC_00109,c1ccc(OCC2CCOC2)cc1,insecticide,,C1CCC(CCC2CCCC2)CC1,GFN2-xTB,converged,0.0,1.0,26.478101751155503,-10.36550291423519,-6.188182083739853,4.177320830495337,-38.814246511505644,1.0616536494144788,-1.9300404895682697e-16,0.09910666783382546,0.14479501607500175,-0.33015119090249034,False
LIC_00110,Cn1c(=O)c2c(nc(NCCO)n2C)n(C)c1=O,insecticide,,CC1CC(C)C2CCCC2C1,GFN2-xTB,converged,0.0,1.0,-135.54309459606623,-10.146402109562688,-6.8914827081438395,3.2549194014188485,-55.9815738674585,2.5474506683371496,-6.64451658677177e-16,0.19082233635186416,0.31410172220572374,-0.469229615359586,False
LIC_00111,O=C1CC2CCC1C2,insecticide,,CC1CC2CCC1C2,GFN2-xTB,converged,0.0,1.0,20.47475811200743,-10.587368464985607,-6.835660437560334,3.7517080274252734,-24.163579637447917,1.3913986157977827,-1.5959455978986625e-16,0.11481415613603373,0.24214207115408132,-0.3675564301898135,False
LIC_00112,CCNc1nc2c(c(=O)[nH]c(=O)n2C)n1CC,insecticide,,CC1CC(C)C2CCCC2C1,GFN2-xTB,converged,0.0,1.0,-173.25755832592367,-9.922405950471262,-6.70433814067907,3.218067809792192,-51.92423234652293,3.0739766799355803,4.85722573273506e-16,0.17520903072988056,0.31320987210828916,-0.45545695619999627,False
LIC_00113,CNCCCOc1ccccc1OC,insecticide,,C1CCCCC1,GFN2-xTB,converged,0.0,1.0,36.92361542426388,-9.637322090703606,-6.026076399498864,3.6112456912047417,-43.2487449118218,1.1119259372991424,3.5903180070539337e-16,0.1021603507060106,0.1361124386815277,-0.28720012078073726,False
LIC_00114,O=C1CCC(=O)N1Cc1csc(Nc2ccc(F)c(F)c2)n1,insecticide,,CC1CCC(C)C1CC1CCC(CC2CCCCC2)C1,GFN2-xTB,converged,0.0,1.0,-53.76084241268047,-10.433451310507396,-7.431512033336278,3.0019392771711173,-65.25130835411734,1.3285899830260801,-2.397072439531588e-16,0.16239991021267863,0.27924439866989376,-0.39991792944165644,False
LIC_00115,Cn1c(=O)[nH]c(=O)c2c1ncn2CC(=O)O,insecticide,,CC1CC(C)C2CCCC2C1,GFN2-xTB,converged,0.0,1.0,-154.318321809228,-10.821897657209384,-7.5129162567079675,3.308981400501416,-49.26243983219626,1.994611939124419,-7.401486830834377e-16,0.2358740090043528,0.3596313319846422,-0.4414361383338541,False
LIC_00116,Cn1cc(C(=O)O)c(=O)c2cc(F)c(N3CCCCC3)cc21,insecticide,,CC1CCCC2CC(C3CCCCC3)CCC12,GFN2-xTB,converged,0.0,1.0,38.849848526128845,-7.621600222558598,-7.285211154186729,0.33638906837186955,-65.75267746390898,3.1668212263355433,-3.9533903216620155e-16,0.15440360719140278,0.36036966305116536,-0.4422701144187346,False
LIC_00117,CC(C)C1CCCCC1O,insecticide,,C1CCCCC1,GFN2-xTB,converged,0.0,1.0,13.555205422173023,-10.758436326897128,0.6631465846425915,11.42158291153972,-32.53932817760841,0.6728522060871985,2.3195731050204165e-16,0.11237315476503677,0.28203465670792105,-0.4530394713629518,True
LIC_00118,CC(C)(Oc1ccc(Cl)cc1)C(=O)N1CC(N2C(=O)CCC2=O)C1,insecticide,,CC(CCC1CCCCC1)C1CC(C2C(C)CCC2C)C1,GFN2-xTB,converged,0.0,1.0,15.028621746430666,-7.780775979306147,-6.613366260282552,1.1674097190235946,-72.80308162163173,2.2485254660516,4.479620808661969e-16,0.15448618535832337,0.27933186097671076,-0.4330560465630894,False
LIC_00119,O=C(CN1C(=O)CCC1=O)N1CCC(CSc2ccccn2)CC1,insecticide,,CC(CC1C(C)CCC1C)C1CCC(CCC2CCCCC2)CC1,GFN2-xTB,converged,0.0,1.0,-45.770070453897574,-10.120934754285214,-7.194460425553247,2.926474328731967,-71.39398764194178,1.5708154979346571,2.8942897461408593e-16,0.1455867385280876,0.2819294925749548,-0.42337998580730907,False
LIC_00120,c1ccc(OCC2CCCOC2)cc1,insecticide,,C1CCC(CCC2CCCCC2)CC1,GFN2-xTB,converged,0.0,1.0,26.719409586455814,-10.318423531539782,-6.162257521858882,4.1561660096809,-41.98583729534562,0.661390411763422,-2.9999151311225585e-16,0.09363893795741969,0.14449973906957428,-0.3222069364377047,False
LIC_00121,NCCc1c[nH]c2ccc(F)cc12,insecticide,,C1CCC2CCCC2C1,GFN2-xTB,converged,0.0,1.0,20.89572806929541,-9.896188430349746,-6.692393885604234,3.203794544745511,-37.59572474344028,1.3223980920928833,-1.008452580701184e-15,0.11157597515986421,0.15864595980787466,-0.34522124240540103,False
LIC_00122,CCOc1ccc(CC(=O)N2CC(N3C(=O)CCC3=O)C2)cc1,insecticide,,CC(CC1CCCCC1)C1CC(C2C(C)CCC2C)C1,GFN2-xTB,converged,0.0,1.0,-3.510457882642422,-7.695455732572611,-6.1856382207879985,1.5098175117846129,-68.75462743777496,1.6795153819748505,-1.3877787807814457e-16,0.15082171780628514,0.27983954729247473,-0.4322674658662594,False
LIC_00124,COc1cc(O)cc(OC)c1,insecticide,,C1CCCCC1,GFN2-xTB,converged,0.0,1.0,10.973803694818562,-10.136774286660179,-5.706325134041713,4.430449152618466,-34.41947343313491,0.1940871526970496,-3.5520528317620335e-16,0.1550983000841031,0.3017931930303278,-0.38995151972600867,False
LIC_00125,O=C1CC(c2c[nH]c3ccccc23)CN1,insecticide,,CC1CCC(C2CCC3CCCCC32)C1,GFN2-xTB,converged,0.0,1.0,0.24439680265046926,-9.926933295807023,-6.520066458885577,3.4068668369214468,-41.756451921703274,1.4677354476714424,-5.2941190526107e-16,0.12279221913953899,0.2758681472425011,-0.43886795335971435,True
LIC_00126,O=C(CN1C(=O)CCC1=O)N1CC(S(=O)(=O)C2CCCCC2)C1,insecticide,,CC(CC1C(C)CCC1C)C1CC(C(C)(C)C2CCCCC2)C1,GFN2-xTB,converged,0.0,1.0,-68.86055337293782,-11.121011739437275,-7.306434964629962,3.814576774807313,-72.81224828590507,1.3365152772989901,-2.516505522483688e-16,0.2292993926171461,0.951131695464338,-0.5440674499221785,False
LIC_00127,Cn1c(=O)c2[nH]c(N3CCOCC3)nc2n(C)c1=O,insecticide,,CC1CC(C)C2CC(C3CCCCC3)CC2C1,GFN2-xTB,converged,0.0,1.0,-91.66036032916426,-10.124953745060763,-6.872091796863774,3.2528619481969887,-58.127119250740755,1.9164717379921727,-1.1102230246251565e-16,0.16888183128054782,0.3029604071591431,-0.44965133380186106,True
LIC_00128,Cn1c(=O)c2c(ncn2CC(N)=O)n(C)c1=O,insecticide,,CC1CC(C)C2CCCC2C1,GFN2-xTB,converged,0.0,1.0,-138.59888587329866,-10.813742730394628,-7.590809936290228,3.2229327941044,-51.79848484648537,0.8938309442040119,6.071532165918825e-16,0.20366323394343833,0.3043329538928729,-0.46121749161531267,True
LIC_00129,CCn1c(N)nc2c1c(=O)[nH]c(=O)n2C,insecticide,,CC1CC(C)C2CCCC2C1,GFN2-xTB,converged,0.0,1.0,-175.86423120489405,-10.108182762397366,-6.808055035724296,3.30012772667307,-45.59105571541717,2.827551788825753,1.0189498817352999e-15,0.19974508756108536,0.31334992284359364,-0.4533721569121377,False
LIC_00130,Cc1ccc(Nc2nc(CN3C(=O)CCC3=O)cs2)cc1,insecticide,,CC1CCC(C)C1CC1CCC(CC2CCCCC2)C1,GFN2-xTB,converged,0.0,1.0,-53.15046035569691,-9.884054560207607,-7.205512514475552,2.6785420457320557,-59.971307107674534,0.9624956575264098,1.374286487079404e-16,0.14472564899631638,0.28075855020684515,-0.4011345719727855,False
LIC_00131,CCc1ccc(C(O)CN)cc1,insecticide,,C1CCCCC1,GFN2-xTB,converged,0.0,1.0,50.11543092594072,-10.357603126906767,-5.976357655410392,4.381245471496375,-36.02510460703051,1.2140546117740092,5.5254155160742743e-17,0.13658597626498117,0.30549734244643456,-0.45384129466392165,True
LIC_00132,CCn1c(NCCO)nc2c1c(=O)n(C)c(=O)n2C,insecticide,,CC1CC(C)C2CCCC2C1,GFN2-xTB,converged,0.0,1.0,-136.53279938555562,-9.84328944988939,-6.608995788832566,3.2342936610568245,-59.14790648176395,2.4779248917773384,-1.5419764230904951e-16,0.18248125071200672,0.30294812807564186,-0.45475929312662244,False
LIC_00133,CCn1c(=O)c2c(nc(NCCCOC)n2C)n(C)c1=O,insecticide,,CC1CC(C)C2CCCC2C1,GFN2-xTB,converged,0.0,1.0,-152.24864603259533,-9.609493424042256,-6.414389309796757,3.195104114245499,-65.4759152502844,3.430012144417365,-2.0783639359798317e-16,0.15809109111538577,0.30448937368800094,-0.45637864917897863,False
LIC_00134,Cn1cc(C(=O)O)c(=O)c2cc(F)c(N3CCOCC3)cc21,insecticide,,CC1CCCC2CC(C3CCCCC3)CCC12,GFN2-xTB,converged,0.0,1.0,103.46825406728048,-7.728016883409658,-7.384637155451537,0.343379727958121,-66.6412665994568,2.8440675944506153,-2.0235314925178106e-16,0.16711362402494595,0.36046503187392365,-0.4410404495867133,False
LIC_00135,O=C1CCC(=O)N1C1CN(C(=O)C23CC4CC(CC(C4)C2)C3)C1,insecticide,,CC1CCC(C)C1C1CC(C(C)C23CC4CC(CC(C4)C2)C3)C1,GFN2-xTB,converged,0.0,1.0,-11.674966855792052,-10.33855303448283,-7.653307080792796,2.6852459536900337,-68.93886523225008,1.9663689861107951,-5.010767214864071e-16,0.13435141893035343,0.2777685704002097,-0.4343973627746867,True
LIC_00136,CC(C)c1nccn1CC1CCN(C(=O)CN2C(=O)CCC2=O)CC1,insecticide,,CC(CC1C(C)CCC1C)C1CCC(CC2CCCC2)CC1,GFN2-xTB,converged,0.0,1.0,-43.237040233451076,-10.01989345422253,-7.299722350470522,2.7201711037520075,-75.80664386765316,0.455833868415744,-3.6000614254389268e-16,0.1376678976497216,0.2822191143754983,-0.42604771852236034,False
LIC_00137,O=C(CN1C(=O)CCC1=O)N1CCC(Oc2ncccc2Br)CC1,insecticide,,CC(CC1C(C)CCC1C)C1CCC(CC2CCCCC2)CC1,GFN2-xTB,converged,0.0,1.0,-33.88033092020862,-10.870763459183072,-7.695070923128669,3.1756925360544033,-72.63891948225474,2.022169061761306,2.0915808767491788e-16,0.15981619194893532,0.28172576804700306,-0.42004130282069524,False
LIC_00138,O=C(NCc1ccc(Cl)cc1)N1CC(N2C(=O)CCC2=O)C1,insecticide,,CC(CCC1CCCCC1)C1CC(C2C(C)CCC2C)C1,GFN2-xTB,converged,0.0,1.0,-93.28166754821237,-10.440631017927265,-7.679012508610722,2.761618509316543,-65.84800351506424,2.0228772179838033,3.4018840376260965e-16,0.16435031221085614,0.31555936536929624,-0.4745193104550129,True
LIC_00139,CCCN1C(=O)CC(N2CCN(c3ccccc3)CC2)C1=O,insecticide,,CC1CC(C)C(C2CCC(C3CCCCC3)CC2)C1,GFN2-xTB,converged,0.0,1.0,81.24634850567593,-7.514451799748686,-5.979683340453537,1.5347684592951492,-65.07930584510885,0.2274148406961813,-9.860939225663716e-17,0.11595063308786734,0.27570428588361146,-0.3923658626721479,False
LIC_00140,COc1ccc(Nc2nc(CN3C(=O)CCC3=O)cs2)cc1F,insecticide,,CC1CCC(C)C1CC1CCC(CC2CCCCC2)C1,GFN2-xTB,converged,0.0,1.0,-43.000881433552756,-10.014552462722936,-7.34726384535395,2.6672886173689854,-68.25726866585187,0.8833590901611829,3.041861057334466e-16,0.1557417127347527,0.2796376957546409,-0.39984503833062585,True
LIC_00141,COc1cc(Nc2nc(CN3C(=O)CCC3=O)cs2)ccc1F,insecticide,,CC1CCC(C)C1CC1CCC(CC2CCCCC2)C1,GFN2-xTB,converged,0.0,1.0,-42.506011888874525,-10.113856988996368,-7.469485535917469,2.6443714530788984,-68.26021116919016,1.2058815872174418,2.092920431556883e-16,0.15623695658004552,0.27921471051749336,-0.39805455748019025,False
LIC_00142,O=C(CN1C(=O)CCC1=O)NCCc1ccsc1,insecticide,,CC(CCCC1CCCC1)CC1C(C)CCC1C,GFN2-xTB,converged,0.0,1.0,-47.32177302568592,-10.709134670056512,-7.730563323443652,2.97857134661286,-54.16765660249442,1.6931869335935783,-1.7564075194265172e-17,0.16628538249227168,0.277259156152859,-0.41331284090891623,False
LIC_00143,CCCOc1ccc(CCC(=O)O)cc1,insecticide,,C1CCCCC1,GFN2-xTB,converged,0.0,1.0,-9.119521425324521,-10.172162886475341,-6.5808652016634515,3.59129768481189,-46.06340889363898,1.006853819427869,-7.095578604963199e-17,0.1536974822720267,0.35421445895829756,-0.4139636439249953,False
LIC_00144,Cn1c(=O)[nH]c(=O)c2[nH]cnc21,insecticide,,CC1CC(C)C2CCCC2C1,GFN2-xTB,converged,0.0,1.0,-141.17056636112264,-10.900471055120612,-7.541379544548896,3.359091510571716,-35.80663574725895,1.688826198482335,-7.494005416219807e-16,0.21174220290749213,0.3143812772186418,-0.44085658254500193,False
LIC_00145,CC(C)(N)C1CCC1,insecticide,,C1CCC1,GFN2-xTB,converged,0.0,1.0,14.799466469221477,-9.77287739694898,0.523761129424983,10.296638526373963,-25.539089060663457,0.5269974702006521,-1.1811204188607303e-16,0.09623729379372344,0.13438360957122175,-0.3467452966424422,False
LIC_00146,CCOc1ccc(O)cc1,insecticide,,C1CCCCC1,GFN2-xTB,converged,0.0,1.0,6.341301976454396,-9.895803076993616,-6.17216569338141,3.723637383612206,-30.35067374829755,0.30543786128394484,-3.289035710452026e-16,0.14381233993994405,0.29777021868249326,-0.39661721783003456,True
LIC_00147,O=C1CCC(=O)N1Cc1csc(Nc2ccc(F)cc2F)n1,insecticide,,CC1CCC(C)C1CC1CCC(CC2CCCCC2)C1,GFN2-xTB,converged,0.0,1.0,-56.28395556325838,-10.349190922867505,-7.413865069132427,2.935325853735078,-65.25674226451493,0.7318939686281446,1.278438634416847e-16,0.16402363418771584,0.2789187202275848,-0.399758889375884,False
LIC_00148,O=C1CCC(=O)N1Cc1csc(Nc2cc(F)ccc2F)n1,insecticide,,CC1CCC(C)C1CC1CCC(CC2CCCCC2)C1,GFN2-xTB,converged,0.0,1.0,-50.78598434207325,-10.420638168127951,-7.424329494666584,2.9963086734613666,-65.25811584918571,0.5281636757353847,-2.481180244427433e-17,0.1648278192545863,0.27898027162895594,-0.3988107686591417,False
LIC_00149,COc1ccc(Nc2nc(CN3C(=O)CCC3=O)cs2)c(C)c1,insecticide,,CC1CCC(C)C1CC1CCC(CC2CCCCC2)C1,GFN2-xTB,converged,0.0,1.0,-48.14492186565389,-7.1968963941998885,-6.753397846684224,0.44349854751566475,-67.2018510626122,0.710844887222611,2.185751579730777e-16,0.14699306780861313,0.28120006982044443,-0.4009202989887934,False
LIC_00150,O=C1CCC(=O)N1Cc1csc(Nc2c(F)cccc2F)n1,insecticide,,CC1CCC(C)C1CC1CCC(CC2CCCCC2)C1,GFN2-xTB,converged,0.0,1.0,-34.945130243936205,-10.314543590832184,-7.311011668084082,3.0035319227481017,-65.24917575733244,1.1785061235626118,-2.4096886102659647e-16,0.16286292187602244,0.2828497534971205,-0.40207613189487423,False
LIC_00151,O=C(CN1C(=O)CCC1=O)N1CCC(Oc2ccc(C(F)(F)F)cn2)CC1,insecticide,,CC(CC1C(C)CCC1C)C1CCC(CC2CCCCC2)CC1,GFN2-xTB,converged,0.0,1.0,-45.31502009427243,-10.962223304316868,-7.989391807862079,2.9728314964547895,-84.90913417128189,0.7432532092676527,5.754656010973728e-16,0.17743027888018323,0.48009984974077097,-0.4194536045589563,True
LIC_00152,CC(N)Cc1cccc(O)c1,insecticide,,C1CCCCC1,GFN2-xTB,converged,0.0,1.0,17.411370833070336,-9.932650156032235,-6.0785577208340635,3.8540924351981714,-32.87141016209537,0.5522180745544499,-2.3360942809821e-16,0.14023906794667182,0.2980698716891684,-0.3956434693164529,False
LIC_00153,Cc1ccc(C(=O)N2CCN(C3CCC3)CC2)cc1F,insecticide,,CC(C1CCCCC1)C1CCC(C2CCC2)CC1,GFN2-xTB,converged,0.0,1.0,80.98879003697347,-10.001542707449355,-6.961573061743563,3.039969645705792,-59.620372350010065,1.3554887496712449,3.80285234197062e-16,0.10461319823085603,0.2617406302485315,-0.4277677502729393,True
LIC_00154,O=C(CN1C(=O)CCC1=O)NCC1(c2cccs2)CC1,insecticide,,CC(CCC1(C2CCCC2)CC1)CC1C(C)CCC1C,GFN2-xTB,converged,0.0,1.0,-45.25162136633152,-10.679901635626893,-7.637473378931857,3.042428256695035,-59.44306254611059,2.0045740932747056,-2.771702620505165e-16,0.1579985237091567,0.27698798320248064,-0.4161103912397036,False
LIC_00155,COCCOc1ccc(O)cc1,insecticide,,C1CCCCC1,GFN2-xTB,converged,0.0,1.0,26.29203002963053,-9.975992090487306,-6.232642464539389,3.743349625947917,-37.56691523607809,0.7739692585198775,6.938893903907228e-17,0.1466762182940406,0.29849062864662884,-0.3950444354390562,True
LIC_00156,Cn1c(=O)c2c(ncn2CC(O)CN2CCOCC2)n(C)c1=O,insecticide,,CC1CC(C)C2C(CCCC3CCCCC3)CCC2C1,GFN2-xTB,converged,0.0,1.0,-41.422441215312105,-10.363063164060964,-7.226701838415209,3.1363613256457556,-71.67117270928362,1.4326846083326612,-6.308085367188389e-18,0.16608628260595337,0.30957096318226984,-0.4561253285009417,False
LIC_00157,O=C(CN1CCN(C(=O)CN2C(=O)CCC2=O)CC1)c1cccs1,insecticide,,CC(CC1CCC(C(C)CC2C(C)CCC2C)CC1)C1CCCC1,GFN2-xTB,converged,0.0,1.0,63.93255457162024,-8.254885293528252,-7.235419323767436,1.019465969760816,-72.27030987009395,1.1387076202635253,5.359085268575792e-16,0.15696217453383413,0.28176317825226704,-0.4231160514696695,False
LIC_00158,O=C(CN1C(=O)CCC1=O)NCC1(Sc2ccccc2)CCOCC1,insecticide,,CC(CCC1(CC2CCCCC2)CCCCC1)CC1C(C)CCC1C,GFN2-xTB,converged,0.0,1.0,-23.516807737423,-10.1003207421307,-7.382327570254176,2.7179931718765236,-75.17303695825179,1.2543885330444253,-2.3296967192267247e-16,0.15124036173919764,0.2820852260144156,-0.41615830213150035,False
LIC_00159,CCN(CC)CCn1cnc2c1c(=O)n(C)c(=O)n2C,insecticide,,CC1CC(C)C2CCCC2C1,GFN2-xTB,converged,0.0,1.0,-109.79834141969211,-7.229929177245477,-6.156073007464251,1.0738561697812266,-61.393307870299836,1.331444248612852,-2.6740127727252245e-17,0.13927519085986878,0.3041531312681665,-0.4435012453728889,False
LIC_00160,CCNc1nc2c(c(=O)n(C)c(=O)n2C)n1CC(C)C,insecticide,,CC1CC(C)C2CCCC2C1,GFN2-xTB,converged,0.0,1.0,-153.21536137546005,-9.780882221681468,-6.556523671256614,3.2243585504248538,-61.422999150888614,2.755956460389202,-3.742771675241667e-16,0.1507559001818282,0.30293805600246293,-0.457283282541759,False
LIC_00161,CCn1c(NCC(C)C)nc2c1c(=O)n(C)c(=O)n2C,insecticide,,CC1CC(C)C2CCCC2C1,GFN2-xTB,converged,0.0,1.0,-153.17340581778052,-9.787977818440458,-6.566643668924963,3.221334149515495,-61.42156134576416,2.802426146688652,8.258976158796896e-17,0.15040528435637476,0.3029568673802996,-0.4569675473111021,True
LIC_00162,O=C(CN1C(=O)CCC1=O)NCC1(O)CCc2ccccc2C1,insecticide,,CC(CCC1CCC2CCCCC2C1)CC1C(C)CCC1C,GFN2-xTB,converged,0.0,1.0,-11.537727174318569,-10.5859423052058,-7.268205775544664,3.3177365296611354,-68.78451604418798,0.8782222682658227,2.4705689690423177e-16,0.16862647263777528,0.2951432668186016,-0.46205718060539563,False
LIC_00163,CNC(=O)c1c[nH]c2ccccc12,insecticide,,C1CCC2CCCC2C1,GFN2-xTB,converged,0.0,1.0,-1.2996801515719865,-10.054814013716928,-6.796722738303091,3.258091275413838,-36.433272603007005,2.354378070141305,2.4376635975465393e-16,0.13061429772507363,0.2672971151676746,-0.4412765540814586,False
LIC_00164,CC1CN(C)CCN1CC1CCN(C(=O)c2c(F)cccc2F)CC1,insecticide,,CC(C1CCCCC1)C1CCC(CC2CCCCC2)CC1,GFN2-xTB,converged,0.0,1.0,83.97931676320874,-7.077768110809778,-6.951838681876197,0.12592942893358128,-76.79241407922338,1.631562505803318,-4.562322741819003e-16,0.10370751552321614,0.27661915381347224,-0.42079044339294797,False
LIC_00165,CCCC(C)C(C)N,insecticide,,,GFN2-xTB,converged,0.0,1.0,0.9967925492516564,-9.711519657361482,0.9078610277451952,10.619380685106677,-26.5741420941073,0.4996577362423394,-3.8746783559417966e-16,0.09258550068550765,0.13490133029192886,-0.34657647806873026,False
LIC_00166,CC(C)(C)C(NC(=O)OCc1ccccc1)C(=O)O,insecticide,,C1CCCCC1,GFN2-xTB,converged,0.0,1.0,-28.920776834065073,-10.95044978968969,-6.954917608660615,3.995532181029075,-58.89435130589606,1.5943825929579243,4.601582273117425e-16,0.17571147584035923,0.4003392975227778,-0.4654190979905056,False
LIC_00167,CCNC(=O)Cn1cnc2c1c(=O)[nH]c(=O)n2C,insecticide,,CC1CC(C)C2CCCC2C1,GFN2-xTB,converged,0.0,1.0,-154.40187372265345,-10.832782204602657,-7.687957261324544,3.1448249432781124,-54.96690860017272,0.6876465546951502,-4.879609261457341e-17,0.19344486704470792,0.31448908391204267,-0.45662621707650003,True
LIC_00168,O=c1[nH]cc(F)c(=O)[nH]1,insecticide,,CC1CCCC(C)C1,GFN2-xTB,converged,0.0,1.0,-65.18628959778033,-11.76724977932815,-8.074708376366607,3.6925414029615435,-28.82755733179229,1.744144133732987,3.6544841227244734e-16,0.24373139206165215,0.3246986452115862,-0.4287003190212793,True
LIC_00169,COCCNCc1nc2c([nH]1)c(=O)n(C)c(=O)n2C,insecticide,,CC1CC(C)C2CCCC2C1,GFN2-xTB,converged,0.0,1.0,-101.08112142624833,-10.36078761364546,-7.11697303714465,3.24381457650081,-59.115088755495286,2.3160056369270965,7.94117857891605e-17,0.1660225293390271,0.30337168090866146,-0.44072298257606685,False
LIC_00170,O=C(c1cc2ccccc2o1)N1CC(N2C(=O)CCC2=O)C1,insecticide,,CC1CCC(C)C1C1CC(C(C)C2CC3CCCCC3C2)C1,GFN2-xTB,converged,0.0,1.0,-11.68647165987813,-10.626194329490808,-7.6553163626614245,2.9708779668293834,-63.55335091179149,1.9006687277117083,2.7177334456969977e-17,0.1586840779794241,0.2799109588462951,-0.42799655582135465,False
LIC_00171,COCCCNc1nc2c([nH]1)c(=O)n(C)c(=O)n2C,insecticide,,CC1CC(C)C2CCCC2C1,GFN2-xTB,converged,0.0,1.0,-157.77468391456105,-9.839233294524767,-6.53068387612803,3.308549418396737,-59.1383279738837,2.822266162502723,4.722302795714642e-16,0.17194414778839326,0.30246126379870164,-0.45601442696484495,False
LIC_00172,CC1CN(C)CCN1CC1CCN(C(=O)c2ccc(F)cc2F)CC1,insecticide,,CC(C1CCCCC1)C1CCC(CC2CCCCC2)CC1,GFN2-xTB,converged,0.0,1.0,83.17118708403937,-7.281780200994219,-7.074433402547695,0.20734679844652426,-76.79997603446442,1.6137462763465436,-6.956241138666996e-16,0.10458215403195949,0.2681655549462581,-0.4320355741091565,False
LIC_00174,NC(=O)c1ccncc1,insecticide,,C1CCCCC1,GFN2-xTB,converged,0.0,1.0,-15.556487548540328,-7.82336341320958,-6.778141259740472,1.0452221534691075,-25.79751020069644,1.5342251442675625,5.375329810893466e-16,0.1764220793152173,0.277974485161102,-0.4241473081510425,True
LIC_00175,COC(CNC(=O)CN1C(=O)CCC1=O)c1ccccc1C,insecticide,,CC(CCCC1CCCCC1)CC1C(C)CCC1C,GFN2-xTB,converged,0.0,1.0,-6.924058208869576,-10.605749550313751,-7.306456343559558,3.299293206754193,-66.61766932336835,0.6832499558889722,-1.201089492414418e-16,0.1561435510625853,0.28138343745885214,-0.41710082782195124,False
LIC_00176,CC1CN(C)CCN1CC1CCN(C(=O)c2ccccc2F)CC1,insecticide,,CC(C1CCCCC1)C1CCC(CC2CCCCC2)CC1,GFN2-xTB,converged,0.0,1.0,93.87259523948526,-7.040200879681066,-6.618781539094243,0.42141934058682295,-72.57188611610817,1.557491487621213,-3.498803810777837e-16,0.09676704624349489,0.26556412195645346,-0.4338759707168564,False
LIC_00177,O=C1Cc2cc(Br)ccc2N1,insecticide,,CC1CC2CCCCC2C1,GFN2-xTB,converged,0.0,1.0,7.962535220103346,-10.757938713850892,-7.161003355475109,3.5969353583757835,-31.286225707835687,0.8055996514201634,-9.79608551139844e-18,0.14781479145022547,0.2761080024241962,-0.4033372443143407,False
LIC_00178,O=C(O)c1ccc2c(c1)CCCC2,insecticide,,C1CCC2CCCCC2C1,GFN2-xTB,converged,0.0,1.0,15.170454581783424,-10.809290810014645,-7.334229661508863,3.475061148505781,-37.83300853404858,1.1299143818148665,1.40165656858926e-16,0.1547258269812516,0.34905893645064806,-0.42880050251695456,True
LIC_00179,CCCNC(=O)Cn1cnc2c1c(=O)[nH]c(=O)n2C,insecticide,,CC1CC(C)C2CCCC2C1,GFN2-xTB,converged,0.0,1.0,-155.30290220087002,-10.826815133638773,-7.694867768682685,3.131947364956088,-58.13194350919535,0.589419490531857,-2.228609453843145e-16,0.1848436545288152,0.31455058507011535,-0.4564863769829976,False
LIC_00180,C=CCNc1nc2c([nH]1)c(=O)[nH]c(=O)n2C,insecticide,,CC1CC(C)C2CCCC2C1,GFN2-xTB,converged,0.0,1.0,-180.06845318128399,-10.121031044694224,-6.827090389039476,3.2939406556547475,-47.68610738180279,2.9526852762942823,4.574530055168469e-17,0.1909315017768479,0.3131134812599382,-0.4502932659594072,False
LIC_00181,Cc1noc(-c2cncc(Br)c2)n1,insecticide,,C1CCC(C2CCCC2)CC1,GFN2-xTB,converged,0.0,1.0,37.383862408196904,-8.658311862332932,-8.003770236390363,0.6545416259425689,-37.07271736753372,0.6817900477909817,-3.652049423109067e-18,0.13108478722820252,0.23015005067689717,-0.28294600279135135,True
LIC_00182,Cc1ccc2c(c1)CC(=O)N2,insecticide,,CC1CC2CCCCC2C1,GFN2-xTB,converged,0.0,1.0,11.46787123978866,-10.286620982002889,-6.491117785153811,3.7955031968490776,-30.876209770351462,1.5607699348171997,-2.220446049250313e-16,0.13417667976553102,0.2744224393824785,-0.41681953045551656,False
LIC_00183,COc1ccc(Nc2nc(CN3C(=O)CCC3=O)cs2)c(OC)c1,insecticide,,CC1CCC(C)C1CC1CCC(CC2CCCCC2)C1,GFN2-xTB,converged,0.0,1.0,-40.044060221777116,-7.198124807655151,-6.6624159323114345,0.5357088753437163,-71.26615293251788,1.2678267072064944,-2.0816681711721685e-17,0.15259396924390264,0.27963303568649533,-0.4005921697101571,False
LIC_00184,O=C(Nc1ccc(Cl)c(Cl)c1)N1CCC(n2ccnn2)CC1,insecticide,,CC(CC1CCCCC1)C1CCC(C2CCCC2)CC1,GFN2-xTB,converged,0.0,1.0,-56.85782260148564,-10.491221067522394,-6.903885397296608,3.5873356702257864,-65.44534231654912,1.7961462957059642,-7.722801377375666e-16,0.12499314135212262,0.3163413405125653,-0.4533158551877681,False
LIC_00185,Cc1ccc(S(=O)(=O)N2CC(N3C(=O)CCC3=O)C2)cc1C,insecticide,,CC1CCC(C)C1C1CC(C(C)(C)C2CCCCC2)C1,GFN2-xTB,converged,0.0,1.0,-41.17018338561155,-10.396428049805937,-7.541887653728866,2.8545403960770717,-66.67375983899646,2.6132608343739783,3.2127078775090465e-16,0.2528781070204102,1.098352023614198,-0.5791087245764144,False
LIC_00186,COc1ccc(O)cc1,insecticide,,C1CCCCC1,GFN2-xTB,converged,0.0,1.0,8.557622015401652,-9.940599943476485,-6.2022581590101105,3.7383417844663747,-27.184278144049518,0.1865914953206558,1.3138999692163157e-15,0.15135636750505854,0.29794669656878675,-0.3962919145557163,True
LIC_00187,Cn1c(=O)c2c(ncn2CCN2CCOCC2)n(C)c1=O,insecticide,,CC1CC(C)C2C(CCC3CCCCC3)CCC2C1,GFN2-xTB,converged,0.0,1.0,-53.77583385634586,-10.065643961533992,-7.316285116919429,2.7493588446145623,-64.44345183347784,1.3468990196305959,-3.3618940964430523e-16,0.14863039949801776,0.3041384299228326,-0.4437792216868882,False
LIC_00188,Cn1c(=O)[nH]c(=O)c2c1ncn2CCN1CCCCC1,insecticide,,CC1CC(C)C2C(CCC3CCCCC3)CCC2C1,GFN2-xTB,converged,0.0,1.0,-128.83496179010058,-7.366993916357944,-6.208726016602097,1.158267899755847,-60.386672916767154,1.5789164669351343,2.2533613152047446e-16,0.1471828845419831,0.314403751526514,-0.44573475464966256,False
LIC_00189,CCCCNc1nc2c(c(=O)n(C)c(=O)n2C)n1CC,insecticide,,CC1CC(C)C2CCCC2C1,GFN2-xTB,converged,0.0,1.0,-157.55625492476517,-9.804208542852946,-6.577563152304589,3.2266453905483568,-61.41922423121802,2.7981534184645955,4.682907178563732e-16,0.14986120509292752,0.30296242479632035,-0.45653368537332306,False
LIC_00190,COc1cccc(O)c1,insecticide,,C1CCCCC1,GFN2-xTB,converged,0.0,1.0,9.150242786906334,-10.165923540094854,-5.981434387279444,4.184489152815409,-27.186292540232603,0.412801309968224,1.0004252328515658e-15,0.15237372920258518,0.2996651627255812,-0.3938358377725563,True
LIC_00191,CCn1c(CN2CCOCC2)nc2c1c(=O)n(C)c(=O)n2C,insecticide,,CC1CC(C)C2CC(CC3CCCCC3)CC2C1,GFN2-xTB,converged,0.0,1.0,-60.56120578182203,-10.316175332302969,-7.1611013932288685,3.1550739390741,-67.62031391958297,1.5721973091775336,-4.2440211551804675e-16,0.1464342205341009,0.30398237357147967,-0.4436000992685107,False
LIC_00193,Cn1c(=O)[nH]c(=O)c2c1ncn2CCN1CCOCC1,insecticide,,CC1CC(C)C2C(CCC3CCCCC3)CCC2C1,GFN2-xTB,converged,0.0,1.0,-69.80963896715795,-10.110044307044456,-7.453099958347139,2.6569443486973165,-61.27667041502628,1.6883549614668643,-6.28251204813222e-17,0.16033233374920647,0.31443962650541074,-0.4442173364511408,False
LIC_00194,CCn1cc(C(=O)O)c(=O)c2cc(F)c(N3CCN(C)CC3)cc21,insecticide,,CC1CCCC2CC(C3CCCCC3)CCC12,GFN2-xTB,converged,0.0,1.0,116.77212560592301,-7.583888309784664,-7.206449903047143,0.3774384067375207,-72.34018775416673,3.861704257225197,1.0944528112071856e-16,0.1473550756741823,0.35552195702941014,-0.4018707460657352,False
LIC_00195,Cc1cc(F)ccc1S(=O)(=O)N1CC(N2C(=O)CCC2=O)C1,insecticide,,CC1CCC(C)C1C1CC(C(C)(C)C2CCCCC2)C1,GFN2-xTB,converged,0.0,1.0,-46.708710612509776,-10.838470077374465,-7.6620681049122235,3.1764019724622417,-67.73091026917892,1.8312302290467817,-7.208948153140374e-16,0.26727986830686884,1.1062303480350713,-0.5707059748423113,False
LIC_00196,Cc1cc(S(=O)(=O)N2CC(N3C(=O)CCC3=O)C2)ccc1F,insecticide,,CC1CCC(C)C1C1CC(C(C)(C)C2CCCCC2)C1,GFN2-xTB,converged,0.0,1.0,-50.39571560937787,-10.67968202043971,-7.460276848624518,3.2194051718151924,-67.7310861571332,1.0458280044264678,-6.147484923515647e-16,0.26987310158920924,1.1177127319551237,-0.5870379257045137,False
LIC_00197,Cc1ccc(C(O)CN)cc1,insecticide,,C1CCCCC1,GFN2-xTB,converged,0.0,1.0,50.497194261518146,-10.334618400880982,-5.963869767427523,4.370748633453459,-32.86076732417269,1.2559069952376718,-1.3993436039546245e-16,0.1448048123703788,0.3054481749520558,-0.45386333553082536,False
LIC_00198,CCCCOc1ccc(NC(=O)N2CC(N3C(=O)CCC3=O)C2)cc1,insecticide,,CC(CC1CCCCC1)C1CC(C2C(C)CCC2C)C1,GFN2-xTB,converged,0.0,1.0,-71.86462405293713,-7.6375654152778045,-6.116787441377679,1.5207779739001257,-75.36925476407077,2.309422756839344,-2.5847379792054426e-16,0.15181321162859787,0.3185939902687454,-0.45428812592883105,False
LIC_00199,CSc1ccc(C(O)CNC(=O)CN2C(=O)CCC2=O)cc1,insecticide,,CC(CCCC1CCCCC1)CC1C(C)CCC1C,GFN2-xTB,converged,0.0,1.0,-19.73236043957057,-7.481849513853269,-6.916431045091455,0.5654184687618136,-66.6934947409531,0.8048134736338673,2.55351295663786e-16,0.1776679995877284,0.3220024652114029,-0.4669132322962198,False
LIC_00200,O=C(CN1C(=O)CCC1=O)NCCn1ccc(-c2cccs2)n1,insecticide,,CC(CCCC1CCC(C2CCCC2)C1)CC1C(C)CCC1C,GFN2-xTB,converged,0.0,1.0,-40.666966902031135,-10.10992792226477,-7.42989688216395,2.68003104010082,-67.4493627980032,0.5755242132945421,-1.2276504599220482e-16,0.1569835491044294,0.2816056597467604,-0.4133742199185838,True
LIC_00201,CCN(CC)CCNc1nc2c(c(=O)n(C)c(=O)n2C)n1CC,insecticide,,CC1CC(C)C2CCCC2C1,GFN2-xTB,converged,0.0,1.0,-132.47305232416886,-9.68999646090591,-6.485985768909258,3.2040106919966513,-71.17203645428806,3.2302807770689212,2.540484829308075e-16,0.14139192281797738,0.3027838774707805,-0.4576102435043719,False
LIC_00202,COc1ccccc1C(=O)NCc1nn(C)c2c1CCCC2,insecticide,,CC(CCC1CCC2CCCCC21)C1CCCCC1,GFN2-xTB,converged,0.0,1.0,38.90061539118148,-10.134866781539522,-6.95091245199024,3.183954329549282,-64.03881306587641,2.087476823339841,2.804604094183898e-16,0.11937439665314023,0.269660286676937,-0.4495268549102078,True
LIC_00203,COc1cccc(C(CNC(=O)CN2C(=O)CCC2=O)OC)c1,insecticide,,CC(CCCC1CCCCC1)CC1C(C)CCC1C,GFN2-xTB,converged,0.0,1.0,-7.4490964831671445,-10.341296091765818,-7.302838815460943,3.038457276304875,-70.68055374318227,1.2258084936567324,-6.357963251487089e-17,0.1608659250751968,0.2814657224053438,-0.4138955240725743,False
LIC_00204,O=C(c1ccc(-c2ccsc2)cc1)N1CC(N2C(=O)CCC2=O)C1,insecticide,,CC1CCC(C)C1C1CC(C(C)C2CCC(C3CCCC3)CC2)C1,GFN2-xTB,converged,0.0,1.0,2.5497476210671635,-10.421861411921547,-7.661422430520204,2.760438981401343,-68.00630989971104,1.697626866613045,4.1078251911130794e-16,0.14446767608778677,0.2816184531193859,-0.4270314478112099,False
REP_00070,CCOC(=O)C1=C2CCC(C2)C1C(=O)OCC,repellent,1.0,C1CC2CCC1C2,none,conformer_failed,,,,,,,,,,,,,False
REP_00074,COC(=O)C1=C2CC[C@H](C2)[C@@H]1C(=O)OC,repellent,1.0,C1CC2CCC1C2,none,conformer_failed,,,,,,,,,,,,,False
