compound_id,canonical_smiles,p_repellent,p_insecticidal,repel_lower_90,repel_upper_90,insect_lower_90,insect_upper_90,Category
LIC_02875,O=C(O)CN1C(=O)CC2(CSc3[nH]c(=O)sc3C2c2ccccc2O)C1=O,1.0,0.5000000000000001,0.4339622641509434,1.0,0.0,1.0,Toxic Repellent
LIC_02874,O=C(CN1C(=O)CCC1=O)Nc1nc(-c2nc3ccccc3s2)cs1,1.0,0.5000000000000001,0.4339622641509434,1.0,0.0,1.0,Toxic Repellent
LIC_02873,COc1ccc(N2C(=O)CC(NNc3ccccc3)C2=O)cc1,1.0,0.43902439024390244,0.4339622641509434,1.0,0.0,1.0,Toxic Repellent
LIC_02872,N#Cc1ccsc1NC(=O)c1ccc(Cl)c([N+](=O)[O-])c1,1.0,0.5000000000000001,0.4339622641509434,1.0,0.0,1.0,Toxic Repellent
LIC_02871,O=C(Nc1ccccc1-c1nc2ccccc2s1)c1ccc(N2C(=O)CCC2=O)cc1,1.0,0.6825396825396826,0.4339622641509434,1.0,0.03737839221710193,1.0,Toxic Repellent
LIC_02870,O=C1CC(NC23CC4CC(CC(C4)C2)C3)C(=O)N1Cc1ccc2c(c1)OCO2,1.0,0.75,0.4339622641509434,1.0,0.10483870967741937,1.0,Toxic Repellent
LIC_02869,CC(C)c1cccc2sc(N(Cc3cccnc3)C(=O)c3cccc(N4C(=O)CCC4=O)c3)nc12,1.0,0.6825396825396826,0.4339622641509434,1.0,0.03737839221710193,1.0,Toxic Repellent
LIC_02868,O=C(c1cccc(N2C(=O)CCC2=O)c1)N(CCn1cccn1)c1nc2ccccc2s1,1.0,0.6825396825396826,0.4339622641509434,1.0,0.03737839221710193,1.0,Toxic Repellent
LIC_02867,COc1ccc(CCN2C(=O)CC(Nc3ccc(N4CCOCC4)cc3)C2=O)cc1OC,1.0,0.6825396825396826,0.4339622641509434,1.0,0.03737839221710193,1.0,Toxic Repellent
LIC_02866,CCN1C(=O)/C(=C/c2ccc(O)c(Cl)c2)NC1=S,1.0,0.43902439024390244,0.4339622641509434,1.0,0.0,1.0,Toxic Repellent
LIC_02865,CCOc1ccc(N2C(=O)CC(/C=C3/N(C)c4ccccc4C3(C)C)C2=O)cc1,1.0,0.72,0.4339622641509434,1.0,0.07483870967741935,1.0,Toxic Repellent
LIC_02864,Oc1c(Cl)cc(Cl)cc1/C=N/CC1CCCO1,1.0,0.6825396825396826,0.4339622641509434,1.0,0.03737839221710193,1.0,Toxic Repellent
LIC_02863,O=C(Nc1cccc(O)c1)c1ccc([N+](=O)[O-])cc1Cl,1.0,0.43902439024390244,0.4339622641509434,1.0,0.0,1.0,Toxic Repellent
LIC_02862,CCc1ccc(NC2CC(=O)N(c3ccc(OC)cc3)C2=O)cc1,1.0,0.5000000000000001,0.4339622641509434,1.0,0.0,1.0,Toxic Repellent
LIC_02861,O=C1CC(Nc2ccc3c(c2)OCO3)C(=O)N1Cc1ccccc1,1.0,0.43902439024390244,0.4339622641509434,1.0,0.0,1.0,Toxic Repellent
LIC_02860,Cc1ccc(N2C(=O)CC(I)C2=O)cc1,1.0,0.41304347826086957,0.4339622641509434,1.0,0.0,1.0,Toxic Repellent
LIC_00031,CSc1nc2c(c(=O)n(C)c(=O)n2C)n1C,1.0,0.8,0.4339622641509434,1.0,0.15483870967741942,1.0,Toxic Repellent
LIC_00030,O=C(O)CCc1nc(-c2cccnc2)no1,1.0,0.3,0.4339622641509434,1.0,0.0,0.9451612903225806,Toxic Repellent
LIC_00029,O=C1CCC(=O)N1Cc1csc(Nc2ccccn2)n1,1.0,0.43902439024390244,0.4339622641509434,1.0,0.0,1.0,Toxic Repellent
LIC_00028,Cn1c(=O)c2c(nc(N)n2C)n(C)c1=O,1.0,0.72,0.4339622641509434,1.0,0.07483870967741935,1.0,Toxic Repellent
LIC_00027,Cn1nc2c(c1CNC(=O)c1ccccc1C(F)(F)F)CCC2,1.0,0.5714285714285714,0.4339622641509434,1.0,0.0,1.0,Toxic Repellent
LIC_00024,Cc1noc(-c2cncc(F)c2)n1,1.0,0.5000000000000001,0.4339622641509434,1.0,0.0,1.0,Toxic Repellent
LIC_00022,CN1CCN(C(=O)c2cnccc2C(F)(F)F)CC1,1.0,0.5000000000000001,0.4339622641509434,1.0,0.0,1.0,Toxic Repellent
LIC_00021,O=C(NC1CCCC1)c1cnccc1C(F)(F)F,1.0,0.4541617316236961,0.4339622641509434,1.0,0.0,1.0,Toxic Repellent
LIC_00019,Cc1noc(-c2ccc(Cl)nc2)n1,1.0,0.5000000000000001,0.4339622641509434,1.0,0.0,1.0,Toxic Repellent
LIC_00018,Cn1c(=O)c2c(ncn2C)n(C)c1=O,1.0,0.72,0.4339622641509434,1.0,0.07483870967741935,1.0,Toxic Repellent
LIC_00017,Cc1csc(C(=O)N2CC(N3C(=O)CCC3=O)C2)c1,1.0,0.43902439024390244,0.4339622641509434,1.0,0.0,1.0,Toxic Repellent
LIC_00049,CCOC(=O)c1ccc(C(=O)O)cc1,1.0,0.5000000000000001,0.4339622641509434,1.0,0.0,1.0,Toxic Repellent
LIC_00048,COc1cccc(CC(=O)NCc2c3c(nn2C)CCC3)c1,1.0,0.43902439024390244,0.4339622641509434,1.0,0.0,1.0,Toxic Repellent
LIC_00047,C=CCn1c(N(C)C)nc2c1c(=O)n(C)c(=O)n2C,1.0,0.6825396825396826,0.4339622641509434,1.0,0.03737839221710193,1.0,Toxic Repellent
LIC_00046,CCn1cnc2c1c(=O)n(C)c(=O)n2C,1.0,0.6825396825396826,0.4339622641509434,1.0,0.03737839221710193,1.0,Toxic Repellent
LIC_00045,OCCc1cn(-c2ccccc2Cl)nn1,1.0,0.6825396825396826,0.4339622641509434,1.0,0.03737839221710193,1.0,Toxic Repellent
LIC_00044,OCCc1cn(-c2cc(C(F)(F)F)ccc2Cl)nn1,1.0,0.8727272727272727,0.4339622641509434,1.0,0.22756598240469206,1.0,Toxic Repellent
LIC_00043,CC(C)Cn1cnc2c1c(=O)n(C)c(=O)n2C,1.0,0.6825396825396826,0.4339622641509434,1.0,0.03737839221710193,1.0,Toxic Repellent
LIC_00042,Cc1cc(C)cc(C(=O)NCc2c3c(nn2C)CCC3)c1,1.0,0.43902439024390244,0.4339622641509434,1.0,0.0,1.0,Toxic Repellent
LIC_00041,O=C(CN1C(=O)CCC1=O)N1CCSC(c2ccccc2Cl)CC1,1.0,0.6825396825396826,0.4339622641509434,1.0,0.03737839221710193,1.0,Toxic Repellent
LIC_00040,Cc1cccnc1Nc1nc(CN2C(=O)CCC2=O)cs1,1.0,0.43902439024390244,0.4339622641509434,1.0,0.0,1.0,Toxic Repellent
LIC_00039,Cn1c(=O)c2c(nc(N3CCNCC3)n2C)n(C)c1=O,1.0,0.6825396825396826,0.4339622641509434,1.0,0.03737839221710193,1.0,Toxic Repellent
LIC_00037,OCCc1cn(-c2ccc(Br)cc2)nn1,1.0,0.6825396825396826,0.4339622641509434,1.0,0.03737839221710193,1.0,Toxic Repellent
LIC_00036,OCCc1cn(-c2cccc(Br)c2)nn1,1.0,0.5000000000000001,0.4339622641509434,1.0,0.0,1.0,Toxic Repellent
LIC_00035,CN1CCN(c2nc3c(c(=O)n(C)c(=O)n3C)n2C)CC1,1.0,0.6825396825396826,0.4339622641509434,1.0,0.03737839221710193,1.0,Toxic Repellent
LIC_00033,CCn1c(CN2CCCCC2)nc2c1c(=O)n(C)c(=O)n2C,1.0,0.6825396825396826,0.4339622641509434,1.0,0.03737839221710193,1.0,Toxic Repellent
LIC_00065,O=C(c1ccc(F)cc1Cl)N1CC(N2C(=O)CCC2=O)C1,1.0,0.5000000000000001,0.4339622641509434,1.0,0.0,1.0,Toxic Repellent
LIC_00064,C=CCn1c(N)nc2c1c(=O)n(C)c(=O)n2C,1.0,0.6825396825396826,0.4339622641509434,1.0,0.03737839221710193,1.0,Toxic Repellent
LIC_00063,Cn1nc2c(c1CNC(=O)c1ccccc1OC(F)(F)F)CCC2,1.0,0.6825396825396826,0.4339622641509434,1.0,0.03737839221710193,1.0,Toxic Repellent
LIC_00061,O=C(c1ccccc1C(F)(F)F)N1CC(N2C(=O)CCC2=O)C1,1.0,0.5000000000000001,0.4339622641509434,1.0,0.0,1.0,Toxic Repellent
LIC_00060,O=C(CN1C(=O)CCC1=O)N1CCC(Oc2ncccc2Cl)CC1,1.0,0.8,0.4339622641509434,1.0,0.15483870967741942,1.0,Toxic Repellent
LIC_00058,O=C(CN1C(=O)CCC1=O)NCc1nn(C2CCCC2)c2c1CCCC2,1.0,0.72,0.4339622641509434,1.0,0.07483870967741935,1.0,Toxic Repellent
LIC_00057,COC(CNC(=O)CN1C(=O)CCC1=O)c1ccc(C)s1,1.0,0.5000000000000001,0.4339622641509434,1.0,0.0,1.0,Toxic Repellent
LIC_00056,C=CCn1c(NC)nc2c1c(=O)n(C)c(=O)n2C,1.0,0.6825396825396826,0.4339622641509434,1.0,0.03737839221710193,1.0,Toxic Repellent
LIC_00055,C/C=C/Cn1cnc2c1c(=O)n(C)c(=O)n2C,1.0,0.6825396825396826,0.4339622641509434,1.0,0.03737839221710193,1.0,Toxic Repellent
LIC_00054,C=C(C)Cn1c(N)nc2c1c(=O)n(C)c(=O)n2C,1.0,0.5000000000000001,0.4339622641509434,1.0,0.0,1.0,Toxic Repellent
LIC_00053,Cc1ccncc1Nc1nc(CN2C(=O)CCC2=O)cs1,1.0,0.43902439024390244,0.4339622641509434,1.0,0.0,1.0,Toxic Repellent
LIC_00050,O=C1CCC(=O)N1Cc1csc(Nc2cccnc2)n1,1.0,0.41304347826086957,0.4339622641509434,1.0,0.0,1.0,Toxic Repellent
LIC_00081,Cn1c(=O)c2[nH]cnc2n(C)c1=O,1.0,0.6825396825396826,0.4339622641509434,1.0,0.03737839221710193,1.0,Toxic Repellent
LIC_00080,Cn1c(=O)c2[nH]c(N3CCCCC3)nc2n(C)c1=O,1.0,0.5000000000000001,0.4339622641509434,1.0,0.0,1.0,Toxic Repellent
LIC_00078,Cn1c(=O)c2c(nc(N3CCOCC3)n2C)n(C)c1=O,1.0,0.6825396825396826,0.4339622641509434,1.0,0.03737839221710193,1.0,Toxic Repellent
LIC_00077,O=C(Cc1ccc(F)cc1)N1CC(N2C(=O)CCC2=O)C1,1.0,0.43902439024390244,0.4339622641509434,1.0,0.0,1.0,Toxic Repellent
LIC_00076,Cn1c(=O)c2[nH]c(N3CCCCCC3)nc2n(C)c1=O,1.0,0.5000000000000001,0.4339622641509434,1.0,0.0,1.0,Toxic Repellent
LIC_00075,Cn1c(=O)c2[nH]c(CN3CCCCC3)nc2n(C)c1=O,1.0,0.5,0.4339622641509434,1.0,0.0,1.0,Toxic Repellent
LIC_00073,O=C(c1c[nH]c2ccccc12)N1CC(N2C(=O)CCC2=O)C1,1.0,0.5,0.4339622641509434,1.0,0.0,1.0,Toxic Repellent
LIC_00072,O=C(CCc1ccccc1Br)N1CC(N2C(=O)CCC2=O)C1,1.0,0.5000000000000001,0.4339622641509434,1.0,0.0,1.0,Toxic Repellent
LIC_00071,Cn1c(=O)c2c(nc3n2CCN3)n(C)c1=O,1.0,0.8,0.4339622641509434,1.0,0.15483870967741942,1.0,Toxic Repellent
LIC_00070,NC1(Cc2c[nH]c3ccccc23)CC1,1.0,0.43902439024390244,0.4339622641509434,1.0,0.0,1.0,Toxic Repellent
LIC_00069,c1ccc(-n2cc(C3CC3)nn2)cc1,1.0,0.5000000000000001,0.4339622641509434,1.0,0.0,1.0,Toxic Repellent
LIC_00068,Cc1ccc(-n2cc(C3CC3)nn2)cc1,1.0,0.6825396825396826,0.4339622641509434,1.0,0.03737839221710193,1.0,Toxic Repellent
LIC_00067,CCn1c(=O)c2c(nc(N3CCCC3)n2C)n(C)c1=O,1.0,0.5000000000000001,0.4339622641509434,1.0,0.0,1.0,Toxic Repellent
LIC_00066,Cn1ccnc1SCC1CCN(C(=O)CN2C(=O)CCC2=O)CC1,1.0,0.72,0.4339622641509434,1.0,0.07483870967741935,1.0,Toxic Repellent
LIC_00097,CCn1c(N(C)C)nc2c1c(=O)[nH]c(=O)n2C,1.0,0.5714285714285714,0.4339622641509434,1.0,0.0,1.0,Toxic Repellent
LIC_00096,CNc1nc2c(c(=O)n(C)c(=O)n2C)n1CC(C)C,1.0,0.6825396825396826,0.4339622641509434,1.0,0.03737839221710193,1.0,Toxic Repellent
LIC_00095,CC(C)(C)c1ccc(NC(=O)N2CC(N3C(=O)CCC3=O)C2)cc1,1.0,0.6825396825396826,0.4339622641509434,1.0,0.03737839221710193,1.0,Toxic Repellent
LIC_00094,Cc1ccccc1OCC(=O)N1CC(N2C(=O)CCC2=O)C1,1.0,0.5000000000000001,0.4339622641509434,1.0,0.0,1.0,Toxic Repellent
LIC_00093,O=C(CN1C(=O)CCC1=O)N1CC(S(=O)(=O)c2ccc(F)cc2)C1,1.0,0.72,0.4339622641509434,1.0,0.07483870967741935,1.0,Toxic Repellent
LIC_00092,O=C1CCC(=O)N1C1CN(S(=O)(=O)C2CCCCC2)C1,1.0,0.6825396825396826,0.4339622641509434,1.0,0.03737839221710193,1.0,Toxic Repellent
LIC_00091,CCNc1nc2c([nH]1)c(=O)n(C)c(=O)n2C,1.0,0.6825396825396826,0.4339622641509434,1.0,0.03737839221710193,1.0,Toxic Repellent
LIC_00090,Cc1cccc2c(CCN)c[nH]c12,1.0,0.41304347826086957,0.4339622641509434,1.0,0.0,1.0,Toxic Repellent
LIC_00089,CC(C)CNc1nc2c([nH]1)c(=O)n(C)c(=O)n2C,1.0,0.5000000000000001,0.4339622641509434,1.0,0.0,1.0,Toxic Repellent
LIC_00088,Cn1c(=O)c2[nH]c(N3CCCC3)nc2n(C)c1=O,1.0,0.6825396825396826,0.4339622641509434,1.0,0.03737839221710193,1.0,Toxic Repellent
LIC_00087,CC(C)c1cn(-c2ccccc2)nn1,1.0,0.5000000000000001,0.4339622641509434,1.0,0.0,1.0,Toxic Repellent
LIC_00086,O=C(Nc1ccc(Cl)c(Cl)c1)N1CC(N2C(=O)CCC2=O)C1,1.0,0.6825396825396826,0.4339622641509434,1.0,0.03737839221710193,1.0,Toxic Repellent
LIC_00085,CCn1c(NC)nc2c1c(=O)n(C)c(=O)n2C,1.0,0.6825396825396826,0.4339622641509434,1.0,0.03737839221710193,1.0,Toxic Repellent
LIC_00084,Cc1cccc(OC2CCN(C(=O)CN3C(=O)CCC3=O)CC2)n1,1.0,0.6825396825396826,0.4339622641509434,1.0,0.03737839221710193,1.0,Toxic Repellent
LIC_00083,CN(C)Cc1nc2c([nH]1)c(=O)n(C)c(=O)n2C,1.0,0.5714285714285714,0.4339622641509434,1.0,0.0,1.0,Toxic Repellent
LIC_00082,COC(CNC(=O)CN1C(=O)CCC1=O)c1cccc(F)c1,1.0,0.43902439024390244,0.4339622641509434,1.0,0.0,1.0,Toxic Repellent
LIC_00113,CNCCCOc1ccccc1OC,1.0,0.6825396825396826,0.4339622641509434,1.0,0.03737839221710193,1.0,Toxic Repellent
LIC_00112,CCNc1nc2c(c(=O)[nH]c(=O)n2C)n1CC,1.0,0.5000000000000001,0.4339622641509434,1.0,0.0,1.0,Toxic Repellent
LIC_00110,Cn1c(=O)c2c(nc(NCCO)n2C)n(C)c1=O,1.0,0.5714285714285714,0.4339622641509434,1.0,0.0,1.0,Toxic Repellent
LIC_00107,O=C1CCC(=O)N1Cc1csc(NCc2ccccc2)n1,1.0,0.43902439024390244,0.4339622641509434,1.0,0.0,1.0,Toxic Repellent
LIC_00106,CC(C)Cn1c(N(C)C)nc2c1c(=O)n(C)c(=O)n2C,1.0,0.6825396825396826,0.4339622641509434,1.0,0.03737839221710193,1.0,Toxic Repellent
LIC_00105,COC(C)(CNC(=O)CN1C(=O)CCC1=O)c1ccccc1F,1.0,0.5,0.4339622641509434,1.0,0.0,1.0,Toxic Repellent
LIC_00104,CCN(CC)c1ccc(C(=O)NCc2c3c(nn2C)CCC3)cc1,1.0,0.6825396825396826,0.4339622641509434,1.0,0.03737839221710193,1.0,Toxic Repellent
LIC_00103,O=C(COc1ccccc1F)N1CC(N2C(=O)CCC2=O)C1,1.0,0.5000000000000001,0.4339622641509434,1.0,0.0,1.0,Toxic Repellent
LIC_00102,O=C(COc1ccccc1)N1CC(N2C(=O)CCC2=O)C1,1.0,0.5000000000000001,0.4339622641509434,1.0,0.0,1.0,Toxic Repellent
LIC_00101,O=C1CCC(=O)N1Cc1csc(Nc2ccccc2F)n1,1.0,0.43902439024390244,0.4339622641509434,1.0,0.0,1.0,Toxic Repellent
LIC_00100,O=C(CN1C(=O)CCC1=O)N1CCC(c2cccs2)CC1,1.0,0.43902439024390244,0.4339622641509434,1.0,0.0,1.0,Toxic Repellent
LIC_00099,CCn1c(N(C)C)nc2c1c(=O)n(C)c(=O)n2C,1.0,0.6825396825396826,0.4339622641509434,1.0,0.03737839221710193,1.0,Toxic Repellent
LIC_00098,Cc1cccc(C(=O)CCC(=O)O)c1,1.0,0.41304347826086957,0.4339622641509434,1.0,0.0,1.0,Toxic Repellent
LIC_00130,Cc1ccc(Nc2nc(CN3C(=O)CCC3=O)cs2)cc1,1.0,0.41304347826086957,0.4339622641509434,1.0,0.0,1.0,Toxic Repellent
LIC_00129,CCn1c(N)nc2c1c(=O)[nH]c(=O)n2C,1.0,0.6825396825396826,0.4339622641509434,1.0,0.03737839221710193,1.0,Toxic Repellent
LIC_00128,Cn1c(=O)c2c(ncn2CC(N)=O)n(C)c1=O,1.0,0.6825396825396826,0.4339622641509434,1.0,0.03737839221710193,1.0,Toxic Repellent
LIC_00127,Cn1c(=O)c2[nH]c(N3CCOCC3)nc2n(C)c1=O,1.0,0.5000000000000001,0.4339622641509434,1.0,0.0,1.0,Toxic Repellent
LIC_00126,O=C(CN1C(=O)CCC1=O)N1CC(S(=O)(=O)C2CCCCC2)C1,1.0,0.72,0.4339622641509434,1.0,0.07483870967741935,1.0,Toxic Repellent
LIC_00125,O=C1CC(c2c[nH]c3ccccc23)CN1,1.0,0.43902439024390244,0.4339622641509434,1.0,0.0,1.0,Toxic Repellent
LIC_00122,CCOc1ccc(CC(=O)N2CC(N3C(=O)CCC3=O)C2)cc1,1.0,0.6825396825396826,0.4339622641509434,1.0,0.03737839221710193,1.0,Toxic Repellent
LIC_00121,NCCc1c[nH]c2ccc(F)cc12,1.0,0.5000000000000001,0.4339622641509434,1.0,0.0,1.0,Toxic Repellent
LIC_00120,c1ccc(OCC2CCCOC2)cc1,1.0,0.6825396825396826,0.4339622641509434,1.0,0.03737839221710193,1.0,Toxic Repellent
LIC_00119,O=C(CN1C(=O)CCC1=O)N1CCC(CSc2ccccn2)CC1,1.0,0.6825396825396826,0.4339622641509434,1.0,0.03737839221710193,1.0,Toxic Repellent
LIC_00118,CC(C)(Oc1ccc(Cl)cc1)C(=O)N1CC(N2C(=O)CCC2=O)C1,1.0,0.6825396825396826,0.4339622641509434,1.0,0.03737839221710193,1.0,Toxic Repellent
LIC_00116,Cn1cc(C(=O)O)c(=O)c2cc(F)c(N3CCCCC3)cc21,1.0,0.43902439024390244,0.4339622641509434,1.0,0.0,1.0,Toxic Repellent
LIC_00115,Cn1c(=O)[nH]c(=O)c2c1ncn2CC(=O)O,1.0,0.6825396825396826,0.4339622641509434,1.0,0.03737839221710193,1.0,Toxic Repellent
LIC_00114,O=C1CCC(=O)N1Cc1csc(Nc2ccc(F)c(F)c2)n1,1.0,0.5000000000000001,0.4339622641509434,1.0,0.0,1.0,Toxic Repellent
LIC_02859,O=C(/C=C/c1ccccn1)c1cc(Cl)cc(Cl)c1O,1.0,0.43902439024390244,0.4339622641509434,1.0,0.0,1.0,Toxic Repellent
LIC_02858,Cc1nn(C(=O)CCC(=O)n2nc(C)c(Cl)c2C)c(C)c1Cl,1.0,0.6825396825396826,0.4339622641509434,1.0,0.03737839221710193,1.0,Toxic Repellent
LIC_02857,O=C1CC(Nc2ccc(F)cc2)C(=O)N1c1ccc(O)cc1,1.0,0.41304347826086957,0.4339622641509434,1.0,0.0,1.0,Toxic Repellent
LIC_02856,Cc1nc(-n2cccc2)sc1C(=O)N1CC(=O)N(CCc2ccccc2)C(=O)C1,1.0,0.6825396825396826,0.4339622641509434,1.0,0.03737839221710193,1.0,Toxic Repellent
LIC_02855,COC(=O)/C(O)=C1/C(=O)C2(C)CCC1C2(C)CBr,1.0,0.6825396825396826,0.4339622641509434,1.0,0.03737839221710193,1.0,Toxic Repellent
LIC_02854,CCOc1ccc(NC2CC(=O)N(c3ccccc3C)C2=O)cc1,1.0,0.6825396825396826,0.4339622641509434,1.0,0.03737839221710193,1.0,Toxic Repellent
LIC_02853,CN(C)CCCN(C(=O)c1cccc(N2C(=O)CCC2=O)c1)c1nc2c(F)cccc2s1,1.0,0.6825396825396826,0.4339622641509434,1.0,0.03737839221710193,1.0,Toxic Repellent
LIC_02852,CS(=O)(=O)N1CCCc2ccc(NS(=O)(=O)CCN3C(=O)CCCC3=O)cc21,1.0,0.8727272727272727,0.4339622641509434,1.0,0.22756598240469206,1.0,Toxic Repellent
LIC_02851,O=C(Nc1nnc(-c2ccccc2Cl)o1)c1cccc(N2C(=O)CCC2=O)c1,1.0,0.6825396825396826,0.4339622641509434,1.0,0.03737839221710193,1.0,Toxic Repellent
LIC_02850,CCSc1ccc(Cc2nnc(NC(=O)c3ccc(N4C(=O)CCC4=O)cc3)o2)cc1,1.0,0.6825396825396826,0.4339622641509434,1.0,0.03737839221710193,1.0,Toxic Repellent
LIC_02849,O=C(Nc1ccc(S(=O)(=O)N2CCOCC2)cc1)c1ccc(N2C(=O)CCC2=O)cc1,1.0,0.72,0.4339622641509434,1.0,0.07483870967741935,1.0,Toxic Repellent
LIC_02848,C=CCN1C(=O)CC(Sc2ccccc2C(=O)O)C1=O,1.0,0.41304347826086957,0.4339622641509434,1.0,0.0,1.0,Toxic Repellent
LIC_02847,Cc1cc(C)c(S(=O)(=O)NCCn2nc(C)c(Cl)c2C)c(C)c1,1.0,0.8727272727272727,0.4339622641509434,1.0,0.22756598240469206,1.0,Toxic Repellent
LIC_02846,O=C(Nc1nc2c(F)cc(F)cc2s1)c1ccc(N2C(=O)CCC2=O)cc1,1.0,0.6825396825396826,0.4339622641509434,1.0,0.03737839221710193,1.0,Toxic Repellent
LIC_02845,O=C(O)CSC1CC(=O)N(c2ccccc2)C1=O,1.0,0.41304347826086957,0.4339622641509434,1.0,0.0,1.0,Toxic Repellent
LIC_02844,C=CCN1C(=O)CC(Sc2ncccc2C(=O)O)C1=O,1.0,0.43902439024390244,0.4339622641509434,1.0,0.0,1.0,Toxic Repellent
LIC_00143,CCCOc1ccc(CCC(=O)O)cc1,1.0,0.6825396825396826,0.4339622641509434,1.0,0.03737839221710193,1.0,Toxic Repellent
LIC_00142,O=C(CN1C(=O)CCC1=O)NCCc1ccsc1,1.0,0.43902439024390244,0.4339622641509434,1.0,0.0,1.0,Toxic Repellent
LIC_00141,COc1cc(Nc2nc(CN3C(=O)CCC3=O)cs2)ccc1F,1.0,0.43902439024390244,0.4339622641509434,1.0,0.0,1.0,Toxic Repellent
LIC_00140,COc1ccc(Nc2nc(CN3C(=O)CCC3=O)cs2)cc1F,1.0,0.5000000000000001,0.4339622641509434,1.0,0.0,1.0,Toxic Repellent
LIC_00139,CCCN1C(=O)CC(N2CCN(c3ccccc3)CC2)C1=O,1.0,0.43902439024390244,0.4339622641509434,1.0,0.0,1.0,Toxic Repellent
LIC_00138,O=C(NCc1ccc(Cl)cc1)N1CC(N2C(=O)CCC2=O)C1,1.0,0.6825396825396826,0.4339622641509434,1.0,0.03737839221710193,1.0,Toxic Repellent
LIC_00137,O=C(CN1C(=O)CCC1=O)N1CCC(Oc2ncccc2Br)CC1,1.0,0.6825396825396826,0.4339622641509434,1.0,0.03737839221710193,1.0,Toxic Repellent
LIC_00136,CC(C)c1nccn1CC1CCN(C(=O)CN2C(=O)CCC2=O)CC1,1.0,0.8,0.4339622641509434,1.0,0.15483870967741942,1.0,Toxic Repellent
LIC_00135,O=C1CCC(=O)N1C1CN(C(=O)C23CC4CC(CC(C4)C2)C3)C1,1.0,0.6825396825396826,0.4339622641509434,1.0,0.03737839221710193,1.0,Toxic Repellent
LIC_00134,Cn1cc(C(=O)O)c(=O)c2cc(F)c(N3CCOCC3)cc21,1.0,0.5,0.4339622641509434,1.0,0.0,1.0,Toxic Repellent
LIC_00133,CCn1c(=O)c2c(nc(NCCCOC)n2C)n(C)c1=O,1.0,0.6825396825396826,0.4339622641509434,1.0,0.03737839221710193,1.0,Toxic Repellent
LIC_00132,CCn1c(NCCO)nc2c1c(=O)n(C)c(=O)n2C,1.0,0.5000000000000001,0.4339622641509434,1.0,0.0,1.0,Toxic Repellent
LIC_00162,O=C(CN1C(=O)CCC1=O)NCC1(O)CCc2ccccc2C1,1.0,0.5000000000000001,0.4339622641509434,1.0,0.0,1.0,Toxic Repellent
LIC_00161,CCn1c(NCC(C)C)nc2c1c(=O)n(C)c(=O)n2C,1.0,0.6825396825396826,0.4339622641509434,1.0,0.03737839221710193,1.0,Toxic Repellent
LIC_00160,CCNc1nc2c(c(=O)n(C)c(=O)n2C)n1CC(C)C,1.0,0.6825396825396826,0.4339622641509434,1.0,0.03737839221710193,1.0,Toxic Repellent
LIC_00159,CCN(CC)CCn1cnc2c1c(=O)n(C)c(=O)n2C,1.0,0.5000000000000001,0.4339622641509434,1.0,0.0,1.0,Toxic Repellent
LIC_00158,O=C(CN1C(=O)CCC1=O)NCC1(Sc2ccccc2)CCOCC1,1.0,0.5000000000000001,0.4339622641509434,1.0,0.0,1.0,Toxic Repellent
LIC_00157,O=C(CN1CCN(C(=O)CN2C(=O)CCC2=O)CC1)c1cccs1,1.0,0.6825396825396826,0.4339622641509434,1.0,0.03737839221710193,1.0,Toxic Repellent
LIC_00156,Cn1c(=O)c2c(ncn2CC(O)CN2CCOCC2)n(C)c1=O,1.0,0.6825396825396826,0.4339622641509434,1.0,0.03737839221710193,1.0,Toxic Repellent
LIC_00154,O=C(CN1C(=O)CCC1=O)NCC1(c2cccs2)CC1,1.0,0.43902439024390244,0.4339622641509434,1.0,0.0,1.0,Toxic Repellent
LIC_00153,Cc1ccc(C(=O)N2CCN(C3CCC3)CC2)cc1F,1.0,0.43902439024390244,0.4339622641509434,1.0,0.0,1.0,Toxic Repellent
LIC_00151,O=C(CN1C(=O)CCC1=O)N1CCC(Oc2ccc(C(F)(F)F)cn2)CC1,1.0,0.72,0.4339622641509434,1.0,0.07483870967741935,1.0,Toxic Repellent
LIC_00150,O=C1CCC(=O)N1Cc1csc(Nc2c(F)cccc2F)n1,1.0,0.43902439024390244,0.4339622641509434,1.0,0.0,1.0,Toxic Repellent
LIC_00149,COc1ccc(Nc2nc(CN3C(=O)CCC3=O)cs2)c(C)c1,1.0,0.43902439024390244,0.4339622641509434,1.0,0.0,1.0,Toxic Repellent
LIC_00148,O=C1CCC(=O)N1Cc1csc(Nc2cc(F)ccc2F)n1,1.0,0.5000000000000001,0.4339622641509434,1.0,0.0,1.0,Toxic Repellent
LIC_00147,O=C1CCC(=O)N1Cc1csc(Nc2ccc(F)cc2F)n1,1.0,0.5000000000000001,0.4339622641509434,1.0,0.0,1.0,Toxic Repellent
LIC_00179,CCCNC(=O)Cn1cnc2c1c(=O)[nH]c(=O)n2C,1.0,0.43902439024390244,0.4339622641509434,1.0,0.0,1.0,Toxic Repellent
LIC_00178,O=C(O)c1ccc2c(c1)CCCC2,1.0,0.43902439024390244,0.4339622641509434,1.0,0.0,1.0,Toxic Repellent
LIC_00176,CC1CN(C)CCN1CC1CCN(C(=O)c2ccccc2F)CC1,1.0,0.5000000000000001,0.4339622641509434,1.0,0.0,1.0,Toxic Repellent
LIC_00175,COC(CNC(=O)CN1C(=O)CCC1=O)c1ccccc1C,1.0,0.43902439024390244,0.4339622641509434,1.0,0.0,1.0,Toxic Repellent
LIC_00172,CC1CN(C)CCN1CC1CCN(C(=O)c2ccc(F)cc2F)CC1,1.0,0.6825396825396826,0.4339622641509434,1.0,0.03737839221710193,1.0,Toxic Repellent
LIC_00171,COCCCNc1nc2c([nH]1)c(=O)n(C)c(=O)n2C,1.0,0.5000000000000001,0.4339622641509434,1.0,0.0,1.0,Toxic Repellent
LIC_00170,O=C(c1cc2ccccc2o1)N1CC(N2C(=O)CCC2=O)C1,1.0,0.43902439024390244,0.4339622641509434,1.0,0.0,1.0,Toxic Repellent
LIC_00169,COCCNCc1nc2c([nH]1)c(=O)n(C)c(=O)n2C,1.0,0.5000000000000001,0.4339622641509434,1.0,0.0,1.0,Toxic Repellent
LIC_00167,CCNC(=O)Cn1cnc2c1c(=O)[nH]c(=O)n2C,1.0,0.43902439024390244,0.4339622641509434,1.0,0.0,1.0,Toxic Repellent
LIC_00166,CC(C)(C)C(NC(=O)OCc1ccccc1)C(=O)O,1.0,0.43902439024390244,0.4339622641509434,1.0,0.0,1.0,Toxic Repellent
LIC_00164,CC1CN(C)CCN1CC1CCN(C(=O)c2c(F)cccc2F)CC1,1.0,0.6825396825396826,0.4339622641509434,1.0,0.03737839221710193,1.0,Toxic Repellent
LIC_00163,CNC(=O)c1c[nH]c2ccccc12,1.0,0.43902439024390244,0.4339622641509434,1.0,0.0,1.0,Toxic Repellent
LIC_00196,Cc1cc(S(=O)(=O)N2CC(N3C(=O)CCC3=O)C2)ccc1F,1.0,0.6825396825396826,0.4339622641509434,1.0,0.03737839221710193,1.0,Toxic Repellent
LIC_00195,Cc1cc(F)ccc1S(=O)(=O)N1CC(N2C(=O)CCC2=O)C1,1.0,0.6825396825396826,0.4339622641509434,1.0,0.03737839221710193,1.0,Toxic Repellent
LIC_00194,CCn1cc(C(=O)O)c(=O)c2cc(F)c(N3CCN(C)CC3)cc21,1.0,0.5000000000000001,0.4339622641509434,1.0,0.0,1.0,Toxic Repellent
LIC_00193,Cn1c(=O)[nH]c(=O)c2c1ncn2CCN1CCOCC1,1.0,0.5000000000000001,0.4339622641509434,1.0,0.0,1.0,Toxic Repellent
LIC_00191,CCn1c(CN2CCOCC2)nc2c1c(=O)n(C)c(=O)n2C,1.0,0.6825396825396826,0.4339622641509434,1.0,0.03737839221710193,1.0,Toxic Repellent
LIC_00189,CCCCNc1nc2c(c(=O)n(C)c(=O)n2C)n1CC,1.0,0.5000000000000001,0.4339622641509434,1.0,0.0,1.0,Toxic Repellent
LIC_00188,Cn1c(=O)[nH]c(=O)c2c1ncn2CCN1CCCCC1,1.0,0.43902439024390244,0.4339622641509434,1.0,0.0,1.0,Toxic Repellent
LIC_00187,Cn1c(=O)c2c(ncn2CCN2CCOCC2)n(C)c1=O,1.0,0.6825396825396826,0.4339622641509434,1.0,0.03737839221710193,1.0,Toxic Repellent
LIC_00185,Cc1ccc(S(=O)(=O)N2CC(N3C(=O)CCC3=O)C2)cc1C,1.0,0.6825396825396826,0.4339622641509434,1.0,0.03737839221710193,1.0,Toxic Repellent
LIC_00184,O=C(Nc1ccc(Cl)c(Cl)c1)N1CCC(n2ccnn2)CC1,1.0,0.6825396825396826,0.4339622641509434,1.0,0.03737839221710193,1.0,Toxic Repellent
LIC_00183,COc1ccc(Nc2nc(CN3C(=O)CCC3=O)cs2)c(OC)c1,1.0,0.5000000000000001,0.4339622641509434,1.0,0.0,1.0,Toxic Repellent
LIC_00181,Cc1noc(-c2cncc(Br)c2)n1,1.0,0.5000000000000001,0.4339622641509434,1.0,0.0,1.0,Toxic Repellent
LIC_00180,C=CCNc1nc2c([nH]1)c(=O)[nH]c(=O)n2C,1.0,0.5000000000000001,0.4339622641509434,1.0,0.0,1.0,Toxic Repellent
LIC_00212,O=C(CN1C(=O)CCC1=O)N1CCOC(c2ccc(C(F)(F)F)cc2)C1,1.0,0.6825396825396826,0.4339622641509434,1.0,0.03737839221710193,1.0,Toxic Repellent
LIC_00211,Cc1nc(-c2ccccc2NC(=O)CN2C(=O)CCC2=O)cs1,1.0,0.43902439024390244,0.4339622641509434,1.0,0.0,1.0,Toxic Repellent
LIC_00210,COc1cccc(C(=O)NCc2nn(C)c3c2CCCC3)c1,1.0,0.43902439024390244,0.4339622641509434,1.0,0.0,1.0,Toxic Repellent
LIC_00209,CCn1c(=O)c2c(nc3[nH]c(C)cn32)n(C)c1=O,1.0,0.43902439024390244,0.4339622641509434,1.0,0.0,1.0,Toxic Repellent
LIC_00208,Cc1ccccc1C(=O)NCc1nn(C)c2c1CCCC2,1.0,0.41304347826086957,0.4339622641509434,1.0,0.0,1.0,Toxic Repellent
LIC_00207,O=C(O)CNC(=O)c1ccc(O)cc1,1.0,0.43902439024390244,0.4339622641509434,1.0,0.0,1.0,Toxic Repellent
LIC_00206,COc1ccc(CNC(=O)N2CC(N3C(=O)CCC3=O)C2)cc1OC,1.0,0.5695631330558354,0.4339622641509434,1.0,0.0,1.0,Toxic Repellent
LIC_00204,O=C(c1ccc(-c2ccsc2)cc1)N1CC(N2C(=O)CCC2=O)C1,1.0,0.5000000000000001,0.4339622641509434,1.0,0.0,1.0,Toxic Repellent
LIC_00203,COc1cccc(C(CNC(=O)CN2C(=O)CCC2=O)OC)c1,1.0,0.43902439024390244,0.4339622641509434,1.0,0.0,1.0,Toxic Repellent
LIC_00202,COc1ccccc1C(=O)NCc1nn(C)c2c1CCCC2,1.0,0.5000000000000001,0.4339622641509434,1.0,0.0,1.0,Toxic Repellent
LIC_00201,CCN(CC)CCNc1nc2c(c(=O)n(C)c(=O)n2C)n1CC,1.0,0.6825396825396826,0.4339622641509434,1.0,0.03737839221710193,1.0,Toxic Repellent
LIC_00200,O=C(CN1C(=O)CCC1=O)NCCn1ccc(-c2cccs2)n1,1.0,0.5000000000000001,0.4339622641509434,1.0,0.0,1.0,Toxic Repellent
LIC_00199,CSc1ccc(C(O)CNC(=O)CN2C(=O)CCC2=O)cc1,1.0,0.43902439024390244,0.4339622641509434,1.0,0.0,1.0,Toxic Repellent
LIC_00198,CCCCOc1ccc(NC(=O)N2CC(N3C(=O)CCC3=O)C2)cc1,1.0,0.6825396825396826,0.4339622641509434,1.0,0.03737839221710193,1.0,Toxic Repellent
LIC_02843,CCOC(=O)N1CCN(C2CC(=O)N(c3ccc(NC(C)=O)cc3)C2=O)CC1,1.0,0.6825396825396826,0.4339622641509434,1.0,0.03737839221710193,1.0,Toxic Repellent
LIC_02842,Cc1cccc2sc(N(CCCN(C)C)C(=O)CN3C(=O)CCC3=O)nc12,1.0,0.6825396825396826,0.4339622641509434,1.0,0.03737839221710193,1.0,Toxic Repellent
LIC_02841,O=C(O)C1CCCN(S(=O)(=O)c2cc(Cl)cc(Cl)c2O)C1,1.0,0.72,0.4339622641509434,1.0,0.07483870967741935,1.0,Toxic Repellent
LIC_02840,O=S(=O)(c1cc(Cl)cc(Cl)c1O)N1CCCCC1,1.0,0.6825396825396826,0.4339622641509434,1.0,0.03737839221710193,1.0,Toxic Repellent
LIC_02839,O=C(Nc1ccc2ncsc2c1)c1ccc(N2C(=O)CCC2=O)cc1,1.0,0.5,0.4339622641509434,1.0,0.0,1.0,Toxic Repellent
LIC_02838,CCOC(=O)N1CCN(C2CC(=O)N(c3ccccc3OC(F)F)C2=O)CC1,1.0,0.6825396825396826,0.4339622641509434,1.0,0.03737839221710193,1.0,Toxic Repellent
LIC_02837,Cc1cc(C)c(-c2csc(NC(=O)CN3C(=O)CCC3=O)n2)c(C)c1,1.0,0.5000000000000001,0.4339622641509434,1.0,0.0,1.0,Toxic Repellent
LIC_02836,O=C1CC(c2ccc(Br)cc2)CC(=O)N1Cc1ccccc1,1.0,0.43902439024390244,0.4339622641509434,1.0,0.0,1.0,Toxic Repellent
LIC_02835,O=C(Nc1cc(C(F)(F)F)ccc1Cl)c1cccc(N2C(=O)CCC2=O)c1,1.0,0.5000000000000001,0.4339622641509434,1.0,0.0,1.0,Toxic Repellent
LIC_02834,CC1SCC(=O)N(CC(=O)Nc2ccc(OC(F)(F)F)cc2)C1=O,1.0,0.5000000000000001,0.4339622641509434,1.0,0.0,1.0,Toxic Repellent
LIC_02833,O=C(CN1C(=O)CCC1=O)Nc1nc(-c2ccccn2)cs1,1.0,0.43902439024390244,0.4339622641509434,1.0,0.0,1.0,Toxic Repellent
LIC_02832,Cn1ncc(Br)c1C(=O)Nc1nc2ccc(Br)cc2s1,1.0,0.5000000000000001,0.4339622641509434,1.0,0.0,1.0,Toxic Repellent
LIC_02831,CCN1C(=O)CC(Nc2ccc(N3CCCCC3)cc2)C1=O,1.0,0.43902439024390244,0.4339622641509434,1.0,0.0,1.0,Toxic Repellent
LIC_02830,O=C(CN1C(=O)CSCC1=O)NCc1ccc(F)cc1,1.0,0.43902439024390244,0.4339622641509434,1.0,0.0,1.0,Toxic Repellent
LIC_02829,O=C1CC(Nc2ccc(N3CCOCC3)cc2)C(=O)N1C1CCCC1,1.0,0.6825396825396826,0.4339622641509434,1.0,0.03737839221710193,1.0,Toxic Repellent
LIC_02828,O=C(CN1C(=O)CSCC1=O)Nc1ccccc1,1.0,0.43902439024390244,0.4339622641509434,1.0,0.0,1.0,Toxic Repellent
LIC_00228,CCN1CCN(Cc2nc3c([nH]2)c(=O)n(C)c(=O)n3C)CC1,1.0,0.6825396825396826,0.4339622641509434,1.0,0.03737839221710193,1.0,Toxic Repellent
LIC_00227,O=C(CN1C(=O)CCC1=O)NCCn1nc(-c2ccncc2)cc1C1CC1,1.0,0.6825396825396826,0.4339622641509434,1.0,0.03737839221710193,1.0,Toxic Repellent
LIC_00226,CCOc1ccccc1S(=O)(=O)N1CC(N2C(=O)CCC2=O)C1,1.0,0.6825396825396826,0.4339622641509434,1.0,0.03737839221710193,1.0,Toxic Repellent
LIC_00225,O=C(CN1C(=O)CCC1=O)N1CCOC(c2cc(Cl)cc(Cl)c2)C1,1.0,0.6825396825396826,0.4339622641509434,1.0,0.03737839221710193,1.0,Toxic Repellent
LIC_00224,CN1C(=O)CC(N2CCN(c3ccccc3)CC2)C1=O,1.0,0.41304347826086957,0.4339622641509434,1.0,0.0,1.0,Toxic Repellent
LIC_00223,Cc1cc(NC(=O)CN2C(=O)CC(c3cccs3)CC2=O)no1,1.0,0.43902439024390244,0.4339622641509434,1.0,0.0,1.0,Toxic Repellent
LIC_00222,Cc1cn2c(nc3c2c(=O)n(C)c(=O)n3C)[nH]1,1.0,0.5000000000000001,0.4339622641509434,1.0,0.0,1.0,Toxic Repellent
LIC_00221,Cn1c(=O)c2[nH]c(CN3CCOCC3)nc2n(C)c1=O,1.0,0.6825396825396826,0.4339622641509434,1.0,0.03737839221710193,1.0,Toxic Repellent
LIC_00220,COc1ccc(-c2noc(CCCN)n2)cc1,1.0,0.43902439024390244,0.4339622641509434,1.0,0.0,1.0,Toxic Repellent
LIC_00219,Cc1cc(C)n(-c2nc(CCNC(=O)CN3C(=O)CCC3=O)cs2)n1,1.0,0.6825396825396826,0.4339622641509434,1.0,0.03737839221710193,1.0,Toxic Repellent
LIC_00218,Cc1ccc(OCC(=O)N2CCC(CN3CCN(C)CC3C)CC2)cc1,1.0,0.8727272727272727,0.4339622641509434,1.0,0.22756598240469206,1.0,Toxic Repellent
LIC_00217,CCCCCNc1nc2c(c(=O)n(CC)c(=O)n2C)n1C,1.0,0.5000000000000001,0.4339622641509434,1.0,0.0,1.0,Toxic Repellent
LIC_00216,O=C(CN1C(=O)CCC1=O)N1CCOC(Cc2ccccc2)C1,1.0,0.5000000000000001,0.4339622641509434,1.0,0.0,1.0,Toxic Repellent
LIC_00215,NCCCc1nc(-c2ccccc2Cl)no1,1.0,0.43902439024390244,0.4339622641509434,1.0,0.0,1.0,Toxic Repellent
LIC_00214,NCCCc1nc(-c2ccc(Cl)cc2)no1,1.0,0.5000000000000001,0.4339622641509434,1.0,0.0,1.0,Toxic Repellent
LIC_00213,Cn1cc(-c2cccs2)nc1CCNC(=O)CN1C(=O)CCC1=O,1.0,0.5000000000000001,0.4339622641509434,1.0,0.0,1.0,Toxic Repellent
LIC_00244,COc1ccc(S(=O)(=O)C2CN(C(=O)CN3C(=O)CCC3=O)C2)cc1,1.0,0.6825396825396826,0.4339622641509434,1.0,0.03737839221710193,1.0,Toxic Repellent
LIC_00243,NC(=O)C1CCN(C(=O)COc2ccc3c(c2)C(=O)CC3)CC1,1.0,0.6825396825396826,0.4339622641509434,1.0,0.03737839221710193,1.0,Toxic Repellent
LIC_00242,Cn1nc(CNC(=O)c2cccc(C(F)(F)F)c2)c2c1CCCC2,1.0,0.6825396825396826,0.4339622641509434,1.0,0.03737839221710193,1.0,Toxic Repellent
LIC_00241,COc1ccc(S(=O)(=O)N2CC(N3C(=O)CCC3=O)C2)cc1C,1.0,0.6825396825396826,0.4339622641509434,1.0,0.03737839221710193,1.0,Toxic Repellent
LIC_00240,O=C(CN1C(=O)CCC1=O)NCCn1nc(-c2ccncc2)c2c1CCCC2,1.0,0.6825396825396826,0.4339622641509434,1.0,0.03737839221710193,1.0,Toxic Repellent
LIC_00239,CN1CCC(CNC(=O)COc2ccccc2)CC1,1.0,0.41304347826086957,0.4339622641509434,1.0,0.0,1.0,Toxic Repellent
LIC_00237,COC1CCN(C2CCN(C(=O)Nc3ccc(Cl)c(Cl)c3)CC2)CC1,1.0,0.6825396825396826,0.4339622641509434,1.0,0.03737839221710193,1.0,Toxic Repellent
LIC_00236,CC1CCCN(C(=O)CCC2NC(=O)c3ccccc3NC2=O)C1,1.0,0.5000000000000001,0.4339622641509434,1.0,0.0,1.0,Toxic Repellent
LIC_00235,O=C1NC(CCC(=O)N2CCCCCC2)C(=O)Nc2ccccc21,1.0,0.5000000000000001,0.4339622641509434,1.0,0.0,1.0,Toxic Repellent
LIC_00233,CCCCCCCCCn1cnc2c1c(=O)[nH]c(=O)n2C,1.0,0.43902439024390244,0.4339622641509434,1.0,0.0,1.0,Toxic Repellent
LIC_00232,CN1C(=O)CC(N2CCN(Cc3ccccc3)CC2)C1=O,1.0,0.43902439024390244,0.4339622641509434,1.0,0.0,1.0,Toxic Repellent
LIC_00230,O=C(CN1C(=O)CCC1=O)N1CC(S(=O)(=O)c2ccc(Cl)cc2)C1,1.0,0.75,0.4339622641509434,1.0,0.10483870967741937,1.0,Toxic Repellent
LIC_00229,Cc1cccc(OCC(=O)N2CCC(CN3CCN(C)CC3C)CC2)c1,1.0,0.6825396825396826,0.4339622641509434,1.0,0.03737839221710193,1.0,Toxic Repellent
LIC_00260,COc1ccc(CCC(=O)NCc2nn(C)c3c2CCCC3)cc1,1.0,0.6825396825396826,0.4339622641509434,1.0,0.03737839221710193,1.0,Toxic Repellent
LIC_00259,COc1ccc(CC(C)(O)CNC(=O)CN2C(=O)CCC2=O)cc1,1.0,0.43902439024390244,0.4339622641509434,1.0,0.0,1.0,Toxic Repellent
LIC_00258,NC(=O)c1ccccc1OCC#CCNC(=O)CN1C(=O)CCC1=O,1.0,0.43902439024390244,0.4339622641509434,1.0,0.0,1.0,Toxic Repellent
LIC_00257,O=C(CN1C(=O)CCC1=O)NCC#CCOc1ccc2c(c1)OCO2,1.0,0.43902439024390244,0.4339622641509434,1.0,0.0,1.0,Toxic Repellent
LIC_00256,CSCCC(NC(C)=O)C(=O)N1CCCCC(c2ccccc2)C1,1.0,0.43902439024390244,0.4339622641509434,1.0,0.0,1.0,Toxic Repellent
LIC_00255,Cc1ccc(NC(=O)CN2C(=O)CCC2=O)cc1C,1.0,0.3548387096774194,0.4339622641509434,1.0,0.0,1.0,Toxic Repellent
LIC_00254,COc1ccc(S(=O)(=O)N2CC(N3C(=O)CCC3=O)C2)cc1Cl,1.0,0.8,0.4339622641509434,1.0,0.15483870967741942,1.0,Toxic Repellent
LIC_00253,O=C(CN1C(=O)CCC1=O)Nc1ccc2c(c1)C(=O)N1CCCCC1CCO2,1.0,0.6825396825396826,0.4339622641509434,1.0,0.03737839221710193,1.0,Toxic Repellent
LIC_00251,CC(O)(CNC(=O)CN1C(=O)CCC1=O)c1ccc2c(c1)OCO2,1.0,0.43902439024390244,0.4339622641509434,1.0,0.0,1.0,Toxic Repellent
LIC_00250,Cn1c(=O)[nH]c(=O)c2[nH]c(NCCO)nc21,1.0,0.5000000000000001,0.4339622641509434,1.0,0.0,1.0,Toxic Repellent
LIC_00249,CCc1ccc(N2C(=O)CC(C3CCCC=C3N3CCOCC3)C2=O)cc1,1.0,0.6825396825396826,0.4339622641509434,1.0,0.03737839221710193,1.0,Toxic Repellent
LIC_00248,COc1cccc(S(=O)(=O)N2CC(N3C(=O)CCC3=O)C2)c1,1.0,0.5000000000000001,0.4339622641509434,1.0,0.0,1.0,Toxic Repellent
LIC_00247,O=C(Nc1ccc(Cl)c(Cl)c1)N1CCOC2(CCOCC2)C1,1.0,0.6825396825396826,0.4339622641509434,1.0,0.03737839221710193,1.0,Toxic Repellent
LIC_00245,c1ccc2c(C3CCNC3)c[nH]c2c1,1.0,0.5000000000000001,0.4339622641509434,1.0,0.0,1.0,Toxic Repellent
LIC_00276,O=C(CCN1C(=O)CCC1=O)Nc1cccc(C(F)(F)F)c1,1.0,0.43902439024390244,0.4339622641509434,1.0,0.0,1.0,Toxic Repellent
LIC_00275,COc1ccc(SCC2CCN(C(=O)CN3C(=O)CCC3=O)CC2)cc1,1.0,0.6825396825396826,0.4339622641509434,1.0,0.03737839221710193,1.0,Toxic Repellent
LIC_00274,CC1CCc2nc(NC(=O)c3ccc(N4C(=O)CCC4=O)cc3)sc2C1,1.0,0.6825396825396826,0.4339622641509434,1.0,0.03737839221710193,1.0,Toxic Repellent
LIC_00273,CC(O)(CCc1ccccc1)CNC(=O)CN1C(=O)CCC1=O,1.0,0.43902439024390244,0.4339622641509434,1.0,0.0,1.0,Toxic Repellent
LIC_00272,O=C(Nc1cc(Cl)ccc1O)c1cc2n(n1)CCCO2,1.0,0.5000000000000001,0.4339622641509434,1.0,0.0,1.0,Toxic Repellent
LIC_00271,COC(=O)C12CC3CC(CC(NC(=O)CN4C(=O)CCC4=O)(C3)C1)C2,1.0,0.72,0.4339622641509434,1.0,0.07483870967741935,1.0,Toxic Repellent
LIC_00270,O=C(Nc1cc(Cl)ccc1O)c1cnn2c1OCCC2,1.0,0.43902439024390244,0.4339622641509434,1.0,0.0,1.0,Toxic Repellent
LIC_00269,O=C1CC(N2CCCCC2)C(=O)N1c1ccc(Br)cc1,1.0,0.43902439024390244,0.4339622641509434,1.0,0.0,1.0,Toxic Repellent
LIC_00268,CC(NC(=O)c1ccc(F)cc1)C(=O)O,1.0,0.5000000000000001,0.4339622641509434,1.0,0.0,1.0,Toxic Repellent
LIC_00267,O=C(O)CCc1ccc(O)cc1O,1.0,0.43902439024390244,0.4339622641509434,1.0,0.0,1.0,Toxic Repellent
LIC_00266,O=C(Nc1ccc(Cl)c(Cl)c1)N1CCC(N2CCCC2=O)CC1,1.0,0.6825396825396826,0.4339622641509434,1.0,0.03737839221710193,1.0,Toxic Repellent
LIC_00265,Cc1ccc(N2C(=O)CC(C3CCCC=C3N3CCCCC3)C2=O)cc1,1.0,0.5000000000000001,0.4339622641509434,1.0,0.0,1.0,Toxic Repellent
LIC_00264,Cn1c(=O)c2c(ncn2CN2CCN(CCO)CC2)n(C)c1=O,1.0,0.6825396825396826,0.4339622641509434,1.0,0.03737839221710193,1.0,Toxic Repellent
LIC_00263,CC(C)N1C(=O)CC(N2CCN(c3ccc(F)cc3)CC2)C1=O,1.0,0.5000000000000001,0.4339622641509434,1.0,0.0,1.0,Toxic Repellent
LIC_00262,O=C(CN1C(=O)CCC1=O)Nc1ccc(-c2cnc3n2CCC3)cc1,1.0,0.5000000000000001,0.4339622641509434,1.0,0.0,1.0,Toxic Repellent
LIC_00261,Cn1cc(C(O)CNC(=O)CN2C(=O)CCC2=O)c2ccccc21,1.0,0.5000000000000001,0.4339622641509434,1.0,0.0,1.0,Toxic Repellent
LIC_00292,CC(C)CCNC(=O)COc1ccc2c(c1)C(=O)CC2,1.0,0.43902439024390244,0.4339622641509434,1.0,0.0,1.0,Toxic Repellent
LIC_00291,CC(C)N1C(=O)CC(N2CCN(Cc3ccccc3)CC2)C1=O,1.0,0.5000000000000001,0.4339622641509434,1.0,0.0,1.0,Toxic Repellent
LIC_00290,Cc1ccnc(Nc2ccccc2)n1,1.0,0.41304347826086957,0.4339622641509434,1.0,0.0,1.0,Toxic Repellent
LIC_00289,COc1cccc(Cn2ccn3nc4c(c3c2=O)CCCC4)c1,1.0,0.43902439024390244,0.4339622641509434,1.0,0.0,1.0,Toxic Repellent
LIC_00288,COc1ccc(Cn2ccn3nc4c(c3c2=O)CCCC4)cc1,1.0,0.6825396825396826,0.4339622641509434,1.0,0.03737839221710193,1.0,Toxic Repellent
LIC_00287,Cn1nc(C2CCCN(C(=O)CN3C(=O)CCC3=O)C2)n(-c2ccccc2)c1=O,1.0,0.8727272727272727,0.4339622641509434,1.0,0.22756598240469206,1.0,Toxic Repellent
LIC_00284,O=C(O)CNC(=O)c1ccccc1F,1.0,0.43902439024390244,0.4339622641509434,1.0,0.0,1.0,Toxic Repellent
LIC_00283,Cn1c(NCCO)nc2c1c(=O)[nH]c(=O)n2C,1.0,0.43902439024390244,0.4339622641509434,1.0,0.0,1.0,Toxic Repellent
LIC_00282,COc1ccc(CCC(=O)O)cc1,1.0,0.43902439024390244,0.4339622641509434,1.0,0.0,1.0,Toxic Repellent
LIC_00281,CN(C)Cc1nc2c([nH]1)c(=O)[nH]c(=O)n2C,1.0,0.5000000000000001,0.4339622641509434,1.0,0.0,1.0,Toxic Repellent
LIC_00280,O=C(O)CCc1nc(-c2ccccc2)no1,1.0,0.125,0.4339622641509434,1.0,0.0,0.7701612903225806,Holy Grail (Safe Repellent)
LIC_00279,O=C1CCC(=O)N1C1CN(S(=O)(=O)c2cccc3cccnc23)C1,1.0,0.6825396825396826,0.4339622641509434,1.0,0.03737839221710193,1.0,Toxic Repellent
LIC_00278,COCCN1C(=O)CC(N2CCN(c3ccc(F)cc3)CC2)C1=O,1.0,0.6825396825396826,0.4339622641509434,1.0,0.03737839221710193,1.0,Toxic Repellent
LIC_00277,Cc1ccc(CN2C(=O)CC(N3CCCCC3)C2=O)cc1,1.0,0.43902439024390244,0.4339622641509434,1.0,0.0,1.0,Toxic Repellent
LIC_00308,O=C(CN1C(=O)CCC1=O)N1CCC(COCc2ccccc2)CC1,1.0,0.6825396825396826,0.4339622641509434,1.0,0.03737839221710193,1.0,Toxic Repellent
LIC_00307,O=C(Cc1c[nH]c2ccccc12)NC1CC1,1.0,0.41304347826086957,0.4339622641509434,1.0,0.0,1.0,Toxic Repellent
LIC_00306,Cc1nn(S(=O)(=O)N(C)C)c(C)c1Br,1.0,0.8727272727272727,0.4339622641509434,1.0,0.22756598240469206,1.0,Toxic Repellent
LIC_00305,Cn1c(=O)[nH]c(=O)c2c1nc(N1CCNCC1)n2CCO,1.0,0.43902439024390244,0.4339622641509434,1.0,0.0,1.0,Toxic Repellent
LIC_00304,Cn1nc(CNC(=O)c2ccc(OC(F)(F)F)cc2)c2c1CCCC2,1.0,0.6825396825396826,0.4339622641509434,1.0,0.03737839221710193,1.0,Toxic Repellent
LIC_00303,CC1(C)NC(C(=O)O)Cc2c1[nH]c1ccccc21,1.0,0.43902439024390244,0.4339622641509434,1.0,0.0,1.0,Toxic Repellent
LIC_00302,O=C1CCCC(=O)N1CCS(=O)(=O)NCc1ccsc1,1.0,0.6825396825396826,0.4339622641509434,1.0,0.03737839221710193,1.0,Toxic Repellent
LIC_00301,CC(C)CS(=O)(=O)C1CCN(C(=O)Nc2ccc(Cl)c(Cl)c2)CC1,1.0,0.72,0.4339622641509434,1.0,0.07483870967741935,1.0,Toxic Repellent
LIC_00300,O=C(Nc1ccc(Cl)c(Cl)c1)N1C2CCC1COC2,1.0,0.5000000000000001,0.4339622641509434,1.0,0.0,1.0,Toxic Repellent
LIC_00299,COCCOc1ccc(C(=O)O)cc1,1.0,0.6825396825396826,0.4339622641509434,1.0,0.03737839221710193,1.0,Toxic Repellent
LIC_00298,CC(=O)Nc1ccc2c(c1)CC(=O)N2,1.0,0.43902439024390244,0.4339622641509434,1.0,0.0,1.0,Toxic Repellent
LIC_00297,O=C(O)c1ccc2c(c1)OCCO2,1.0,0.5000000000000001,0.4339622641509434,1.0,0.0,1.0,Toxic Repellent
LIC_00296,O=C(CN1C(=O)CCC1=O)N(CCc1cccs1)Cc1ccoc1,1.0,0.5000000000000001,0.4339622641509434,1.0,0.0,1.0,Toxic Repellent
LIC_00295,O=C1CCCC(=O)N1CCS(=O)(=O)NC1CC(=O)N(C2CC2)C1,1.0,0.72,0.4339622641509434,1.0,0.07483870967741935,1.0,Toxic Repellent
LIC_00294,O=C(c1ccccc1)N1CCNCC1,1.0,0.5000000000000001,0.4339622641509434,1.0,0.0,1.0,Toxic Repellent
LIC_00293,O=C1CCCC(=O)N1CCS(=O)(=O)N1CCC(Oc2ccccn2)CC1,1.0,0.72,0.4339622641509434,1.0,0.07483870967741935,1.0,Toxic Repellent
LIC_00324,O=C(O)CNC(=O)c1ccccc1,1.0,0.43902439024390244,0.4339622641509434,1.0,0.0,1.0,Toxic Repellent
LIC_00323,COc1cccc(-c2cc(C(=O)NCc3c4c(nn3C)CCC4)n(C)n2)c1,1.0,0.6825396825396826,0.4339622641509434,1.0,0.03737839221710193,1.0,Toxic Repellent
LIC_00322,O=C(Nc1ccc(Cl)c(Cl)c1)N1C2CCCC1COC2,1.0,0.5000000000000001,0.4339622641509434,1.0,0.0,1.0,Toxic Repellent
LIC_00321,CC(=O)Cc1nc(-c2ccc(C)cc2)no1,1.0,0.3548387096774194,0.4339622641509434,1.0,0.0,1.0,Toxic Repellent
LIC_00320,COCCN1CCC(CNC(=O)COc2ccc(C)cc2)CC1,1.0,0.5000000000000001,0.4339622641509434,1.0,0.0,1.0,Toxic Repellent
LIC_00319,O=C(O)c1cccc(O)c1C(=O)O,1.0,0.6825396825396826,0.4339622641509434,1.0,0.03737839221710193,1.0,Toxic Repellent
LIC_00318,CN1CCN(Cc2nc3c([nH]2)c(=O)n(C)c(=O)n3C)CC1,1.0,0.6825396825396826,0.4339622641509434,1.0,0.03737839221710193,1.0,Toxic Repellent
LIC_00317,COc1ccc(C(=O)NCC(=O)O)cc1,1.0,0.43902439024390244,0.4339622641509434,1.0,0.0,1.0,Toxic Repellent
LIC_00316,COc1cccc(C(=O)NCC(=O)O)c1,1.0,0.43902439024390244,0.4339622641509434,1.0,0.0,1.0,Toxic Repellent
LIC_00315,O=C(CN1C(=O)CCC1=O)N(CCc1cccs1)Cc1ccco1,1.0,0.5000000000000001,0.4339622641509434,1.0,0.0,1.0,Toxic Repellent
LIC_00314,COCCCN1C(=O)CC(N2CCN(c3ccc(F)cc3)CC2)C1=O,1.0,0.6825396825396826,0.4339622641509434,1.0,0.03737839221710193,1.0,Toxic Repellent
LIC_00313,O=C(CN1C(=O)CCC1=O)N1CCN(C2=NN=C(c3ccccc3)CS2)CC1,1.0,0.72,0.4339622641509434,1.0,0.07483870967741935,1.0,Toxic Repellent
LIC_00312,Cn1c(CN2CCN(C(=O)CN3C(=O)CCC3=O)CC2)nc2ccccc21,1.0,0.6825396825396826,0.4339622641509434,1.0,0.03737839221710193,1.0,Toxic Repellent
LIC_00311,O=c1[nH]c(=O)n(Cc2ccccc2)c2nc[nH]c12,1.0,0.5000000000000001,0.4339622641509434,1.0,0.0,1.0,Toxic Repellent
LIC_00310,CNC(=O)c1cc2ccccc2[nH]1,1.0,0.41304347826086957,0.4339622641509434,1.0,0.0,1.0,Toxic Repellent
LIC_00309,O=C(CN1C(=O)CCC1=O)N1CC(Oc2nc3ccccc3s2)C1,1.0,0.6825396825396826,0.4339622641509434,1.0,0.03737839221710193,1.0,Toxic Repellent
LIC_00340,O=C(Nc1nc2c(s1)CCCC2)c1ccc(N2C(=O)CCC2=O)cc1,1.0,0.6825396825396826,0.4339622641509434,1.0,0.03737839221710193,1.0,Toxic Repellent
LIC_00339,COCCNc1nc2c([nH]1)c(=O)[nH]c(=O)n2C,1.0,0.43902439024390244,0.4339622641509434,1.0,0.0,1.0,Toxic Repellent
LIC_00338,Cc1ccc(OCC(=O)NCC2CCN(C(C)C)CC2)cc1,1.0,0.6825396825396826,0.4339622641509434,1.0,0.03737839221710193,1.0,Toxic Repellent
LIC_00336,O=C(CN1C(=O)CCC1=O)N1CCN(c2nc3ccc(F)cc3s2)CC1,1.0,0.6825396825396826,0.4339622641509434,1.0,0.03737839221710193,1.0,Toxic Repellent
LIC_00335,O=C(O)c1[nH]nc(-c2ccc(F)cc2)c1Br,1.0,0.5000000000000001,0.4339622641509434,1.0,0.0,1.0,Toxic Repellent
LIC_00333,COc1ccc(-c2cc(CO)no2)cc1,1.0,0.5000000000000001,0.4339622641509434,1.0,0.0,1.0,Toxic Repellent
LIC_00332,Cn1c(O)nc2c1c(=O)n(Cc1ccccc1)c(=O)n2C,1.0,0.43902439024390244,0.4339622641509434,1.0,0.0,1.0,Toxic Repellent
LIC_00331,Cc1nn(CCNC(=O)c2cccs2)c(C)c1Cl,1.0,0.43902439024390244,0.4339622641509434,1.0,0.0,1.0,Toxic Repellent
LIC_00330,CN(Cc1ccccc1)c1nc2c([nH]1)c(=O)n(C)c(=O)n2C,1.0,0.43902439024390244,0.4339622641509434,1.0,0.0,1.0,Toxic Repellent
LIC_00329,O=C(O)CNC(=O)c1ccc(Cl)cc1Cl,1.0,0.6825396825396826,0.4339622641509434,1.0,0.03737839221710193,1.0,Toxic Repellent
LIC_00328,O=C(CN1C(=O)CC(c2cccs2)CC1=O)NCc1ccccc1,1.0,0.43902439024390244,0.4339622641509434,1.0,0.0,1.0,Toxic Repellent
LIC_00327,Cn1c(=O)c2c(ncn2CCc2ccccc2)n(C)c1=O,1.0,0.43902439024390244,0.4339622641509434,1.0,0.0,1.0,Toxic Repellent
LIC_00326,Cn1ccnc1SCC1CCN(S(=O)(=O)CCN2C(=O)CCCC2=O)CC1,1.0,0.8727272727272727,0.4339622641509434,1.0,0.22756598240469206,1.0,Toxic Repellent
LIC_00325,C=CCN1C(=O)CC(N2CCN(Cc3ccccc3)CC2)C1=O,1.0,0.5714285714285714,0.4339622641509434,1.0,0.0,1.0,Toxic Repellent
LIC_00357,NCC(c1ccc2c(c1)OCO2)N1CCOCC1,1.0,0.5000000000000001,0.4339622641509434,1.0,0.0,1.0,Toxic Repellent
LIC_00356,COc1ccc(C(=O)CN2C(=O)CC(c3cccs3)CC2=O)cc1,1.0,0.5000000000000001,0.4339622641509434,1.0,0.0,1.0,Toxic Repellent
LIC_00355,Cn1c(C(F)(F)F)nn(CCNS(=O)(=O)CCN2C(=O)CCCC2=O)c1=O,1.0,0.8727272727272727,0.4339622641509434,1.0,0.22756598240469206,1.0,Toxic Repellent
LIC_00354,Cc1cn2nnc(C(=O)N3CC(=O)N(CCc4ccccc4)C(=O)C3)c2c(=O)[nH]1,1.0,0.6825396825396826,0.4339622641509434,1.0,0.03737839221710193,1.0,Toxic Repellent
LIC_00353,Cc1ccc(N2C(=O)CC(N3CCN(C(=O)OC(C)(C)C)CC3)C2=O)cc1,1.0,0.6825396825396826,0.4339622641509434,1.0,0.03737839221710193,1.0,Toxic Repellent
LIC_00352,O=C(CN1C(=O)CCC1=O)N1CCN(c2nc3c(F)cccc3s2)CC1,1.0,0.6825396825396826,0.4339622641509434,1.0,0.03737839221710193,1.0,Toxic Repellent
LIC_00351,O=C1CC(c2cccs2)CC(=O)N1Cc1cccc(C(F)(F)F)c1,1.0,0.43902439024390244,0.4339622641509434,1.0,0.0,1.0,Toxic Repellent
LIC_00350,Oc1c(Cl)c(C(F)(F)F)nn1-c1ccccc1,1.0,0.8727272727272727,0.4339622641509434,1.0,0.22756598240469206,1.0,Toxic Repellent
LIC_00349,C=CCc1ccccc1OCC(O)CN1CCCCC1,1.0,0.6825396825396826,0.4339622641509434,1.0,0.03737839221710193,1.0,Toxic Repellent
LIC_00348,Cn1c(=O)c2c(ncn2Cc2ccccc2Cl)n(C)c1=O,1.0,0.5000000000000001,0.4339622641509434,1.0,0.0,1.0,Toxic Repellent
LIC_00347,O=C(CN1C(=O)CCC1=O)N(Cc1ccsc1)Cc1ccco1,1.0,0.5,0.4339622641509434,1.0,0.0,1.0,Toxic Repellent
LIC_00346,COc1ccc2[nH]cc(CCNC(C)=O)c2c1,1.0,0.41304347826086957,0.4339622641509434,1.0,0.0,1.0,Toxic Repellent
LIC_00344,CC(=O)C1CCN(C(=O)C2CCCC2)C1,1.0,0.6825396825396826,0.4339622641509434,1.0,0.03737839221710193,1.0,Toxic Repellent
LIC_00343,Cc1cc(C)n(CCNS(=O)(=O)CCN2C(=O)CCCC2=O)n1,1.0,0.72,0.4339622641509434,1.0,0.07483870967741935,1.0,Toxic Repellent
LIC_00341,Cc1nc(NC(=O)c2ccc(N3C(=O)CCC3=O)cc2)sc1C,1.0,0.43902439024390244,0.4339622641509434,1.0,0.0,1.0,Toxic Repellent
LIC_00373,CC(C)c1nnc(NC(=O)c2ccc(N3C(=O)CCC3=O)cc2)s1,1.0,0.6825396825396826,0.4339622641509434,1.0,0.03737839221710193,1.0,Toxic Repellent
LIC_00372,Cc1cc(C)nc(Nc2cccc(O)c2)n1,1.0,0.41304347826086957,0.4339622641509434,1.0,0.0,1.0,Toxic Repellent
LIC_00371,CN(CCO)c1nc2c([nH]1)c(=O)[nH]c(=O)n2C,1.0,0.43902439024390244,0.4339622641509434,1.0,0.0,1.0,Toxic Repellent
LIC_00369,O=C(CN1C(=O)CCC1=O)Nc1ccc2c(c1)N(C(=O)C1CC1)CC2,1.0,0.6825396825396826,0.4339622641509434,1.0,0.03737839221710193,1.0,Toxic Repellent
LIC_00367,COc1ccc(CCNC2CC(=O)N(C3CCCCC3)C2=O)cc1OC,1.0,0.6825396825396826,0.4339622641509434,1.0,0.03737839221710193,1.0,Toxic Repellent
LIC_00366,O=C(CN1C(=O)CC(c2cccs2)CC1=O)c1ccc(Cl)cc1,1.0,0.5000000000000001,0.4339622641509434,1.0,0.0,1.0,Toxic Repellent
LIC_00365,O=C(Nc1ccc(Cl)c(Cl)c1)N1CCCSCC1CN1CCOCC1,1.0,0.72,0.4339622641509434,1.0,0.07483870967741935,1.0,Toxic Repellent
LIC_00364,CSCc1csc(NC(=O)c2ccc(N3C(=O)CCC3=O)cc2)n1,1.0,0.5000000000000001,0.4339622641509434,1.0,0.0,1.0,Toxic Repellent
LIC_00363,CCn1cc(C(=O)Nc2ccc(C)c(Cl)c2)c(=O)c2ccc(C)nc21,1.0,0.43902439024390244,0.4339622641509434,1.0,0.0,1.0,Toxic Repellent
LIC_00362,CC(C)(C)n1nc2c(c1NC(=O)c1ccc(N3C(=O)CCC3=O)cc1)CSC2,1.0,0.8727272727272727,0.4339622641509434,1.0,0.22756598240469206,1.0,Toxic Repellent
LIC_00361,O=C1CCCC(=O)N1CCS(=O)(=O)N1CCN(c2ncccn2)CC1,1.0,0.8295304157676149,0.4339622641509434,1.0,0.18436912544503425,1.0,Toxic Repellent
LIC_00360,O=C(O)c1nc2nccnc2cc1Br,1.0,0.6825396825396826,0.4339622641509434,1.0,0.03737839221710193,1.0,Toxic Repellent
LIC_00359,Cc1nc2ccccc2n1CC1CCN(C(=O)CN2C(=O)CCC2=O)CC1,1.0,0.6825396825396826,0.4339622641509434,1.0,0.03737839221710193,1.0,Toxic Repellent
LIC_00358,c1ccc(-c2noc(-c3ccncc3)n2)cc1,1.0,0.43902439024390244,0.4339622641509434,1.0,0.0,1.0,Toxic Repellent
LIC_00389,CCCn1cc(C(=O)Nc2cc(OC)cc(OC)c2)c(=O)c2ccc(C)nc21,1.0,0.5000000000000001,0.4339622641509434,1.0,0.0,1.0,Toxic Repellent
LIC_00387,CCSc1ccc(NC(=O)c2ccccc2F)nn1,1.0,0.41304347826086957,0.4339622641509434,1.0,0.0,1.0,Toxic Repellent
LIC_00386,COc1ccc(-c2noc(CCC(=O)O)n2)cc1,1.0,0.125,0.4339622641509434,1.0,0.0,0.7701612903225806,Holy Grail (Safe Repellent)
LIC_00385,CCn1cc(C(=O)NCc2cc(OC)ccc2OC)c(=O)c2ccc(C)nc21,1.0,0.6825396825396826,0.4339622641509434,1.0,0.03737839221710193,1.0,Toxic Repellent
LIC_00384,COc1ccc(NC(=O)Cn2nc(C)c(Br)c2C)cc1,1.0,0.43902439024390244,0.4339622641509434,1.0,0.0,1.0,Toxic Repellent
LIC_00383,Cc1cc2ncn(CC3CCN(C(=O)CN4C(=O)CCC4=O)CC3)c2cc1C,1.0,0.6825396825396826,0.4339622641509434,1.0,0.03737839221710193,1.0,Toxic Repellent
LIC_00382,O=C1CCCC(=O)N1CCS(=O)(=O)NCC1CCN(Cc2cccs2)CC1,1.0,0.6825396825396826,0.4339622641509434,1.0,0.03737839221710193,1.0,Toxic Repellent
LIC_00381,O=C(CN1C(=O)CCC1=O)N1CCC(Oc2nc3ccc(F)cc3s2)CC1,1.0,0.72,0.4339622641509434,1.0,0.07483870967741935,1.0,Toxic Repellent
LIC_00380,CCc1nnc(NC(=O)c2ccc(N3C(=O)CCC3=O)cc2)s1,1.0,0.5000000000000001,0.4339622641509434,1.0,0.0,1.0,Toxic Repellent
LIC_00379,COc1ccccc1N1C(=O)CC(N2CCN(C(=O)OC(C)(C)C)CC2)C1=O,1.0,0.6825396825396826,0.4339622641509434,1.0,0.03737839221710193,1.0,Toxic Repellent
LIC_00378,O=C1CCCC(=O)N1CCS(=O)(=O)N1CCCCC(c2ccc(F)cc2)C1,1.0,0.6825396825396826,0.4339622641509434,1.0,0.03737839221710193,1.0,Toxic Repellent
LIC_00377,CN1CCN(Cc2nc3c([nH]2)c(=O)[nH]c(=O)n3C)CC1,1.0,0.5000000000000001,0.4339622641509434,1.0,0.0,1.0,Toxic Repellent
LIC_00375,O=C(Nc1ccc(Cl)c(Cl)c1)N1CCC(Oc2cccnn2)CC1,1.0,0.6825396825396826,0.4339622641509434,1.0,0.03737839221710193,1.0,Toxic Repellent
LIC_00374,O=C(CN1C(=O)CCC1=O)NCC1CCN(C(=O)Oc2ccccc2)CC1,1.0,0.6825396825396826,0.4339622641509434,1.0,0.03737839221710193,1.0,Toxic Repellent
LIC_00405,CCN(CC)CCNc1nc2c([nH]1)c(=O)[nH]c(=O)n2C,1.0,0.43902439024390244,0.4339622641509434,1.0,0.0,1.0,Toxic Repellent
LIC_00404,O=C(Nc1ccc(Cl)c(Cl)c1)N1CCC(Cn2cccn2)CC1,1.0,0.5000000000000001,0.4339622641509434,1.0,0.0,1.0,Toxic Repellent
LIC_00403,Cc1ccc(NC(=O)CC(C)n2nc(C)c(Br)c2C)cc1,1.0,0.43902439024390244,0.4339622641509434,1.0,0.0,1.0,Toxic Repellent
LIC_00402,O=C(CN1C(=O)CCC1=O)N1CCC(Oc2nc3c(Cl)cccc3s2)CC1,1.0,0.8727272727272727,0.4339622641509434,1.0,0.22756598240469206,1.0,Toxic Repellent
LIC_00401,O=C(CN1C(=O)CCC1=O)N1CCCC(c2nnc(-c3ccccc3F)s2)C1,1.0,0.72,0.4339622641509434,1.0,0.07483870967741935,1.0,Toxic Repellent
LIC_00400,O=C(OCCCCO)c1ccccc1,1.0,0.43902439024390244,0.4339622641509434,1.0,0.0,1.0,Toxic Repellent
LIC_00399,O=C1CCCC(=O)N1CCS(=O)(=O)NCC#CCN1CCc2ccccc2C1,1.0,0.72,0.4339622641509434,1.0,0.07483870967741935,1.0,Toxic Repellent
LIC_00398,O=C(CN1C(=O)CCC1=O)Nc1ccccc1-c1cn2ccccc2n1,1.0,0.43902439024390244,0.4339622641509434,1.0,0.0,1.0,Toxic Repellent
LIC_00397,Cc1nn(CC(O)COc2ccc3c(c2)CCC3)c(C)c1Br,1.0,0.8727272727272727,0.4339622641509434,1.0,0.22756598240469206,1.0,Toxic Repellent
LIC_00396,Cn1c(=O)[nH]c(=O)c2c1ncn2CCNc1ccccc1,1.0,0.43902439024390244,0.4339622641509434,1.0,0.0,1.0,Toxic Repellent
LIC_00395,O=C1CCCC(=O)N1CCS(=O)(=O)N1CCC(CSCc2ccco2)CC1,1.0,0.6825396825396826,0.4339622641509434,1.0,0.03737839221710193,1.0,Toxic Repellent
LIC_00394,O=C1CCCC(=O)N1CCS(=O)(=O)N1CCN(c2ccccc2)CC1,1.0,0.5000000000000001,0.4339622641509434,1.0,0.0,1.0,Toxic Repellent
LIC_00393,O=C(CN1C(=O)CCC1=O)N1CC(c2nc(-c3cccc(Cl)c3)no2)C1,1.0,0.6825396825396826,0.4339622641509434,1.0,0.03737839221710193,1.0,Toxic Repellent
LIC_00392,CC(=O)Nc1ccc(OCC(O)Cn2nc(C)c(Br)c2C)cc1,1.0,0.6825396825396826,0.4339622641509434,1.0,0.03737839221710193,1.0,Toxic Repellent
LIC_00391,O=C(CN1C(=O)CCC1=O)N1CC(c2nc(-c3cccc(C(F)(F)F)c3)no2)C1,1.0,0.6825396825396826,0.4339622641509434,1.0,0.03737839221710193,1.0,Toxic Repellent
LIC_00390,Cc1ccc(S(=O)(=O)NCCn2nc(C)c(Cl)c2C)cc1C,1.0,0.8727272727272727,0.4339622641509434,1.0,0.22756598240469206,1.0,Toxic Repellent
LIC_00420,Cc1nn(CCNC(=O)c2cccc(Br)c2)c(C)c1Cl,1.0,0.43902439024390244,0.4339622641509434,1.0,0.0,1.0,Toxic Repellent
LIC_00419,O=C1CCCC(=O)N1CCS(=O)(=O)N1CCN(c2ccccc2F)CC1,1.0,0.6825396825396826,0.4339622641509434,1.0,0.03737839221710193,1.0,Toxic Repellent
LIC_00418,O=C(Nc1ccc(Cl)c(Cl)c1)N1CCC(c2nnc(C(F)(F)F)o2)CC1,1.0,0.72,0.4339622641509434,1.0,0.07483870967741935,1.0,Toxic Repellent
LIC_00417,COc1ccc(Cl)cc1NC(=O)CC(C)n1nc(C)c(Cl)c1C,1.0,0.72,0.4339622641509434,1.0,0.07483870967741935,1.0,Toxic Repellent
LIC_00416,C#CCNC(=O)c1cn(CC)c2nc(C)ccc2c1=O,1.0,0.3548387096774194,0.4339622641509434,1.0,0.0,1.0,Toxic Repellent
LIC_00415,Cc1[nH]c2nc3c(c(=O)n(C)c(=O)n3C)n2c1C,1.0,0.5000000000000001,0.4339622641509434,1.0,0.0,1.0,Toxic Repellent
LIC_00414,O=C(CN1C(=O)CCC1=O)N1CCN(C(=O)C2CC2c2ccc(F)cc2)CC1,1.0,0.6825396825396826,0.4339622641509434,1.0,0.03737839221710193,1.0,Toxic Repellent
LIC_00412,O=C(Nc1ccc(Cl)c(Cl)c1)N1CCC(Oc2ccccn2)CC1,1.0,0.6825396825396826,0.4339622641509434,1.0,0.03737839221710193,1.0,Toxic Repellent
LIC_00411,Cc1ccc(Cl)cc1NC(=O)CC(C)n1nc(C)c(Cl)c1C,1.0,0.6825396825396826,0.4339622641509434,1.0,0.03737839221710193,1.0,Toxic Repellent
LIC_00410,CC(=O)c1cccc(NC(=O)CCn2nc(C)c(Br)c2C)c1,1.0,0.43902439024390244,0.4339622641509434,1.0,0.0,1.0,Toxic Repellent
LIC_00409,O=C(Nc1ccc(Cl)c(Cl)c1)N1CCC(Oc2cnccn2)CC1,1.0,0.6825396825396826,0.4339622641509434,1.0,0.03737839221710193,1.0,Toxic Repellent
LIC_00408,COc1ccc(Cl)cc1NC(=O)CCn1nc(C)c(Cl)c1C,1.0,0.6825396825396826,0.4339622641509434,1.0,0.03737839221710193,1.0,Toxic Repellent
LIC_00407,Cc1noc(C)c1CN1CCN(S(=O)(=O)CCN2C(=O)CCCC2=O)CC1,1.0,0.72,0.4339622641509434,1.0,0.07483870967741935,1.0,Toxic Repellent
LIC_00406,Cc1nn(CCC(=O)Nc2ccc(F)cc2)c(C)c1Br,1.0,0.43902439024390244,0.4339622641509434,1.0,0.0,1.0,Toxic Repellent
LIC_02827,Cc1ccc(NC(=O)CN2C(=O)CSC(C)C2=O)cc1,1.0,0.3548387096774194,0.4339622641509434,1.0,0.0,1.0,Toxic Repellent
LIC_02826,CC1SCC(=O)N(CC(=O)NCc2ccccc2)C1=O,1.0,0.41304347826086957,0.4339622641509434,1.0,0.0,1.0,Toxic Repellent
LIC_02825,CC1SCC(=O)N(CC(=O)Nc2ccc3c(c2)OCCO3)C1=O,1.0,0.43902439024390244,0.4339622641509434,1.0,0.0,1.0,Toxic Repellent
LIC_02824,COC(=O)c1ccsc1NC(=O)CN1C(=O)CCC1=O,1.0,0.43902439024390244,0.4339622641509434,1.0,0.0,1.0,Toxic Repellent
LIC_02823,Cc1cc(C)c(NC(=O)CN2C(=O)CCC2=O)c(C)c1,1.0,0.41304347826086957,0.4339622641509434,1.0,0.0,1.0,Toxic Repellent
LIC_02822,CC1SCC(=O)N(CC(=O)Nc2ccc3c(c2)OCO3)C1=O,1.0,0.43902439024390244,0.4339622641509434,1.0,0.0,1.0,Toxic Repellent
LIC_02821,O=C(CN1C(=O)CCC1=O)NCC(c1ccc(F)cc1)N1CCOCC1,1.0,0.6825396825396826,0.4339622641509434,1.0,0.03737839221710193,1.0,Toxic Repellent
LIC_02820,Cc1nn(C(=O)N2CCOCC2)c(C)c1Br,1.0,0.6825396825396826,0.4339622641509434,1.0,0.03737839221710193,1.0,Toxic Repellent
LIC_02819,Cc1ccc(S(=O)(=O)NCCn2nc(C)c(Cl)c2C)c(C)c1,1.0,0.8,0.4339622641509434,1.0,0.15483870967741942,1.0,Toxic Repellent
LIC_02818,Cc1cc(C(O)CCNC(=O)CN2C(=O)CCC2=O)c(C)o1,1.0,0.43902439024390244,0.4339622641509434,1.0,0.0,1.0,Toxic Repellent
LIC_02817,COc1ccc(C2(CNS(=O)(=O)CCN3C(=O)CCCC3=O)CCCC2)cc1,1.0,0.72,0.4339622641509434,1.0,0.07483870967741935,1.0,Toxic Repellent
LIC_02816,O=C(Nc1ncnc2sccc12)c1cccc(N2C(=O)CCC2=O)c1,1.0,0.43902439024390244,0.4339622641509434,1.0,0.0,1.0,Toxic Repellent
LIC_02815,COc1ccc(NC(=O)CC(C)n2nc(C)c(Br)c2C)cc1,1.0,0.6825396825396826,0.4339622641509434,1.0,0.03737839221710193,1.0,Toxic Repellent
LIC_02814,CC1CN(C(=O)Nc2ccc(Cl)c(Cl)c2)CC(C)O1,1.0,0.43902439024390244,0.4339622641509434,1.0,0.0,1.0,Toxic Repellent
LIC_02813,O=C1CCCC(=O)N1CCS(=O)(=O)N1CCC(c2ccccc2)C1,1.0,0.6825396825396826,0.4339622641509434,1.0,0.03737839221710193,1.0,Toxic Repellent
LIC_02812,CC(Cc1ccco1)NS(=O)(=O)CCN1C(=O)CCCC1=O,1.0,0.6825396825396826,0.4339622641509434,1.0,0.03737839221710193,1.0,Toxic Repellent
LIC_00437,N#Cc1cccnc1OC1CCN(C(=O)Nc2ccc(Cl)c(Cl)c2)CC1,1.0,0.6825396825396826,0.4339622641509434,1.0,0.03737839221710193,1.0,Toxic Repellent
LIC_00436,O=C(O)C1NCCc2c1[nH]c1ccccc21,1.0,0.43902439024390244,0.4339622641509434,1.0,0.0,1.0,Toxic Repellent
LIC_00435,CC(C)(C)OC(=O)N1C2CCC1CC(O)C2,1.0,0.6825396825396826,0.4339622641509434,1.0,0.03737839221710193,1.0,Toxic Repellent
LIC_00434,COC(=O)[C@@H]1CCC[C@H](C(=O)O)C1,1.0,0.75,0.4339622641509434,1.0,0.10483870967741937,1.0,Toxic Repellent
LIC_00432,O=C(Nc1ccc(Cl)c(Cl)c1)N(Cc1cccs1)C1CCOCC1,1.0,0.6825396825396826,0.4339622641509434,1.0,0.03737839221710193,1.0,Toxic Repellent
LIC_00431,Cc1ccc(C)c(N2CCN(S(=O)(=O)CCN3C(=O)CCCC3=O)CC2)c1,1.0,0.6825396825396826,0.4339622641509434,1.0,0.03737839221710193,1.0,Toxic Repellent
LIC_00430,CCOC(=O)c1cn(C)c2cc(N3CCCCC3)c(F)cc2c1=O,1.0,0.6825396825396826,0.4339622641509434,1.0,0.03737839221710193,1.0,Toxic Repellent
LIC_00429,Cc1cccc(N2CCN(S(=O)(=O)CCN3C(=O)CCCC3=O)CC2)c1,1.0,0.5000000000000001,0.4339622641509434,1.0,0.0,1.0,Toxic Repellent
LIC_00428,O=C1CCCC(=O)N1CCS(=O)(=O)NCC1CCN(Cc2ccccc2)CC1,1.0,0.6825396825396826,0.4339622641509434,1.0,0.03737839221710193,1.0,Toxic Repellent
LIC_00427,COC(=O)Cn1cnc2c1c(=O)[nH]c(=O)n2C,1.0,0.5000000000000001,0.4339622641509434,1.0,0.0,1.0,Toxic Repellent
LIC_00426,CN1CCc2c([nH]c3ccccc23)C1C(=O)O,1.0,0.41304347826086957,0.4339622641509434,1.0,0.0,1.0,Toxic Repellent
LIC_00425,CC(C)(C)c1ccc(C(=O)CCC(=O)O)cc1,1.0,0.43902439024390244,0.4339622641509434,1.0,0.0,1.0,Toxic Repellent
LIC_00424,O=C(Nc1ccc(Cl)c(Cl)c1)N1CCN(CCn2cccn2)CC1,1.0,0.5000000000000001,0.4339622641509434,1.0,0.0,1.0,Toxic Repellent
LIC_00422,O=C1CCCC(=O)N1CCS(=O)(=O)NCC1(c2ccccc2)CCOCC1,1.0,0.6825396825396826,0.4339622641509434,1.0,0.03737839221710193,1.0,Toxic Repellent
LIC_00453,Cc1nc(-c2ccc(N3CCN(S(=O)(=O)CCN4C(=O)CCCC4=O)CC3)nc2)no1,1.0,0.6825396825396826,0.4339622641509434,1.0,0.03737839221710193,1.0,Toxic Repellent
LIC_00452,Cc1cc(C)n(CCN2CCN(C(=O)Nc3ccc(Cl)c(Cl)c3)CC2)n1,1.0,0.6825396825396826,0.4339622641509434,1.0,0.03737839221710193,1.0,Toxic Repellent
LIC_00451,O=C(c1ccc(N2C(=O)CCC2=O)cc1)N1CCN(Cc2nc(C3CC3)cs2)CC1,1.0,0.6825396825396826,0.4339622641509434,1.0,0.03737839221710193,1.0,Toxic Repellent
LIC_00450,O=C1NC(Cc2ccc(O)cc2)C(=O)NC1Cc1ccc(O)cc1,1.0,0.41304347826086957,0.4339622641509434,1.0,0.0,1.0,Toxic Repellent
LIC_00449,CCCNc1nc2c(c(=O)[nH]c(=O)n2C)n1CC,1.0,0.43902439024390244,0.4339622641509434,1.0,0.0,1.0,Toxic Repellent
LIC_00448,O=C1CCCC(=O)N1CCS(=O)(=O)N1CC(c2nc3ccccc3[nH]2)C1,1.0,0.6825396825396826,0.4339622641509434,1.0,0.03737839221710193,1.0,Toxic Repellent
LIC_00447,CCCCCn1cnc2c1c(=O)n(C)c(=O)n2C,1.0,0.43902439024390244,0.4339622641509434,1.0,0.0,1.0,Toxic Repellent
LIC_00446,CC(Cc1ccoc1)NC(=O)CN1C(=O)CCC1=O,1.0,0.41304347826086957,0.4339622641509434,1.0,0.0,1.0,Toxic Repellent
LIC_00445,CC(=O)c1ccc(N2CCN(S(=O)(=O)CCN3C(=O)CCCC3=O)CC2)cc1,1.0,0.6825396825396826,0.4339622641509434,1.0,0.03737839221710193,1.0,Toxic Repellent
LIC_00444,O=C1CCCC(=O)N1CCS(=O)(=O)N1CCN(c2ccccc2Cl)CC1,1.0,0.6825396825396826,0.4339622641509434,1.0,0.03737839221710193,1.0,Toxic Repellent
LIC_00443,COc1ccccc1N1CCN(S(=O)(=O)CCN2C(=O)CCCC2=O)CC1,1.0,0.6825396825396826,0.4339622641509434,1.0,0.03737839221710193,1.0,Toxic Repellent
LIC_00442,CC(=O)OCc1cc(=O)c(O)co1,1.0,0.5000000000000001,0.4339622641509434,1.0,0.0,1.0,Toxic Repellent
LIC_00441,O=C(Nc1ncnc2sccc12)c1ccc(N2C(=O)CCC2=O)cc1,1.0,0.5000000000000001,0.4339622641509434,1.0,0.0,1.0,Toxic Repellent
LIC_00440,COc1ccc2c(c1)[nH]c1c(C)nccc12,1.0,0.5000000000000001,0.4339622641509434,1.0,0.0,1.0,Toxic Repellent
LIC_00439,Cc1cn2c(nc3c2c(=O)[nH]c(=O)n3C)[nH]1,1.0,0.5000000000000001,0.4339622641509434,1.0,0.0,1.0,Toxic Repellent
LIC_00438,O=C(NC(CCF)C(=O)O)OCc1ccccc1,1.0,0.43902439024390244,0.4339622641509434,1.0,0.0,1.0,Toxic Repellent
LIC_00469,COCCN(Cc1ccoc1)C(=O)Nc1ccc(Cl)c(Cl)c1,1.0,0.6825396825396826,0.4339622641509434,1.0,0.03737839221710193,1.0,Toxic Repellent
LIC_00468,Cc1ccc(Cl)cc1N1CCN(S(=O)(=O)CCN2C(=O)CCCC2=O)CC1,1.0,0.6825396825396826,0.4339622641509434,1.0,0.03737839221710193,1.0,Toxic Repellent
LIC_00467,Cn1c(=O)c2c(ncn2CN2CCCCC2)n(C)c1=O,1.0,0.5000000000000001,0.4339622641509434,1.0,0.0,1.0,Toxic Repellent
LIC_00466,CC1CCCCN1Cn1cnc2c1c(=O)n(C)c(=O)n2C,1.0,0.6825396825396826,0.4339622641509434,1.0,0.03737839221710193,1.0,Toxic Repellent
LIC_00465,Cn1c(=O)c2c(ncn2CN2CCCCCC2)n(C)c1=O,1.0,0.5000000000000001,0.4339622641509434,1.0,0.0,1.0,Toxic Repellent
LIC_00464,O=C(CN1C(=O)CCC1=O)NCCn1nc(C(F)(F)F)cc1C1CC1,1.0,0.72,0.4339622641509434,1.0,0.07483870967741935,1.0,Toxic Repellent
LIC_00463,Cc1nn(CCNS(=O)(=O)c2ccccc2)c(C)c1Cl,1.0,0.72,0.4339622641509434,1.0,0.07483870967741935,1.0,Toxic Repellent
LIC_00462,Cc1ccnc(NS(=O)(=O)c2ccc(N3C(=O)CCC3=O)cc2)c1,1.0,0.6825396825396826,0.4339622641509434,1.0,0.03737839221710193,1.0,Toxic Repellent
LIC_00460,CCOC(=O)c1ccc(C(=O)OCC)cc1,1.0,0.5000000000000001,0.4339622641509434,1.0,0.0,1.0,Toxic Repellent
LIC_00459,O=C(CN1C(=O)CCC1=O)NCCn1nc(C(F)(F)F)c2c1CCCC2,1.0,0.6825396825396826,0.4339622641509434,1.0,0.03737839221710193,1.0,Toxic Repellent
LIC_00458,O=C(O)c1cn(C2CC2)c2cc(N3CCNCC3)c(F)cc2c1=O,1.0,0.5000000000000001,0.4339622641509434,1.0,0.0,1.0,Toxic Repellent
LIC_00457,CNc1ccc(Nc2ccccc2)cc1,1.0,0.43902439024390244,0.4339622641509434,1.0,0.0,1.0,Toxic Repellent
LIC_00456,CCCCn1cnc2c1c(=O)n(C)c(=O)n2C,1.0,0.5000000000000001,0.4339622641509434,1.0,0.0,1.0,Toxic Repellent
LIC_00455,Cn1c(N2CCN(S(=O)(=O)CCN3C(=O)CCCC3=O)CC2)nc2ccccc21,1.0,0.6825396825396826,0.4339622641509434,1.0,0.03737839221710193,1.0,Toxic Repellent
LIC_00454,O=C1CCCC(=O)N1CCS(=O)(=O)N1CCN(CCc2ccccc2)CC1,1.0,0.6825396825396826,0.4339622641509434,1.0,0.03737839221710193,1.0,Toxic Repellent
LIC_00485,Cc1noc(-c2ccc3nccnc3c2)n1,1.0,0.43902439024390244,0.4339622641509434,1.0,0.0,1.0,Toxic Repellent
LIC_00484,O=C1CCCC(=O)N1CCS(=O)(=O)N1CCN(Cc2ccc3c(c2)OCO3)CC1,1.0,0.6825396825396826,0.4339622641509434,1.0,0.03737839221710193,1.0,Toxic Repellent
LIC_00483,NCCCc1nc(-c2cccs2)no1,1.0,0.43902439024390244,0.4339622641509434,1.0,0.0,1.0,Toxic Repellent
LIC_00482,CN1CCN(C(CN)c2ccc3c(c2)OCO3)CC1,1.0,0.43902439024390244,0.4339622641509434,1.0,0.0,1.0,Toxic Repellent
LIC_00481,COc1ccc(SCC2CCN(S(=O)(=O)CCN3C(=O)CCCC3=O)CC2)cc1,1.0,0.8,0.4339622641509434,1.0,0.15483870967741942,1.0,Toxic Repellent
LIC_00480,CCCn1c(N)nc2c1c(=O)n(C)c(=O)n2C,1.0,0.6825396825396826,0.4339622641509434,1.0,0.03737839221710193,1.0,Toxic Repellent
LIC_00478,CC1CCCN(Cn2cnc3c2c(=O)n(C)c(=O)n3C)C1,1.0,0.6825396825396826,0.4339622641509434,1.0,0.03737839221710193,1.0,Toxic Repellent
LIC_00477,Cc1ccc(S(=O)(=O)NCCn2nc(C)c(Cl)c2C)cc1,1.0,0.72,0.4339622641509434,1.0,0.07483870967741935,1.0,Toxic Repellent
LIC_00475,Cc1cc(OC2CN(C(=O)CN3C(=O)CCC3=O)C2)cc(=O)o1,1.0,0.5000000000000001,0.4339622641509434,1.0,0.0,1.0,Toxic Repellent
LIC_00474,Cc1ccc(Cn2cnc3c2c(=O)n(C)c(=O)n3C)cc1,1.0,0.43902439024390244,0.4339622641509434,1.0,0.0,1.0,Toxic Repellent
LIC_00473,O=C1CCCC(=O)N1CCS(=O)(=O)N1CCC(COCc2ccccc2)CC1,1.0,0.6825396825396826,0.4339622641509434,1.0,0.03737839221710193,1.0,Toxic Repellent
LIC_00472,CN(C)C(CNC(=O)CN1C(=O)CCC1=O)c1cccs1,1.0,0.43902439024390244,0.4339622641509434,1.0,0.0,1.0,Toxic Repellent
LIC_00501,O=C1CCCC(=O)N1CCS(=O)(=O)N1CCN(S(=O)(=O)C2CC2)CC1,1.0,0.8727272727272727,0.4339622641509434,1.0,0.22756598240469206,1.0,Toxic Repellent
LIC_00500,CC1CCc2nc(NC(=O)CN3C(=O)CCC3=O)sc2C1,1.0,0.5714285714285714,0.4339622641509434,1.0,0.0,1.0,Toxic Repellent
LIC_00499,COC(CNC(=O)CN1C(=O)CCC1=O)c1ccccc1Cl,1.0,0.5000000000000001,0.4339622641509434,1.0,0.0,1.0,Toxic Repellent
LIC_00498,Cn1c(=O)c2c(ncn2CCCc2ccccc2)n(C)c1=O,1.0,0.43902439024390244,0.4339622641509434,1.0,0.0,1.0,Toxic Repellent
LIC_00497,CCCCNc1nc2c([nH]1)c(=O)n(C)c(=O)n2C,1.0,0.5000000000000001,0.4339622641509434,1.0,0.0,1.0,Toxic Repellent
LIC_00496,CCCn1c(NCC)nc2c1c(=O)n(C)c(=O)n2C,1.0,0.5000000000000001,0.4339622641509434,1.0,0.0,1.0,Toxic Repellent
LIC_00495,Cn1c(=O)c2c(ncn2Cc2ccc(Cl)cc2)n(C)c1=O,1.0,0.5000000000000001,0.4339622641509434,1.0,0.0,1.0,Toxic Repellent
LIC_00494,Cc1sc(NC(=O)CN2C(=O)CCC2=O)c(C#N)c1C,1.0,0.43902439024390244,0.4339622641509434,1.0,0.0,1.0,Toxic Repellent
LIC_00493,COC(C)(CNC(=O)CN1C(=O)CCC1=O)c1cccc(Cl)c1,1.0,0.5000000000000001,0.4339622641509434,1.0,0.0,1.0,Toxic Repellent
LIC_00492,O=C1CCCC(=O)N1CCS(=O)(=O)N1CCN(c2cccc(Cl)c2Cl)CC1,1.0,0.72,0.4339622641509434,1.0,0.07483870967741935,1.0,Toxic Repellent
LIC_00491,O=C(c1cnn2ccccc12)N1CCN(S(=O)(=O)CCN2C(=O)CCCC2=O)CC1,1.0,0.6825396825396826,0.4339622641509434,1.0,0.03737839221710193,1.0,Toxic Repellent
LIC_00490,NCCCc1nc(-c2ccco2)no1,1.0,0.43902439024390244,0.4339622641509434,1.0,0.0,1.0,Toxic Repellent
LIC_00489,CCCS(=O)(=O)N1CCCc2cc(NC(=O)CN3C(=O)CCC3=O)ccc21,1.0,0.6825396825396826,0.4339622641509434,1.0,0.03737839221710193,1.0,Toxic Repellent
LIC_00488,CN1CCN(Cn2cnc3c2c(=O)n(C)c(=O)n3C)CC1,1.0,0.6825396825396826,0.4339622641509434,1.0,0.03737839221710193,1.0,Toxic Repellent
LIC_00487,Cn1c(=O)c2c(ncn2Cc2ccccc2)n(C)c1=O,1.0,0.43902439024390244,0.4339622641509434,1.0,0.0,1.0,Toxic Repellent
LIC_00486,CCN1CCN(Cn2cnc3c2c(=O)n(C)c(=O)n3C)CC1,1.0,0.6825396825396826,0.4339622641509434,1.0,0.03737839221710193,1.0,Toxic Repellent
LIC_00517,CCn1cc(C(=O)O)c(=O)c2cc(F)c(N3CCNCC3)cc21,1.0,0.5000000000000001,0.4339622641509434,1.0,0.0,1.0,Toxic Repellent
LIC_00515,Cc1oc(C)c(S(=O)(=O)N(C)C)c1C(=O)Nc1ccc(Cl)cc1C#N,1.0,0.6825396825396826,0.4339622641509434,1.0,0.03737839221710193,1.0,Toxic Repellent
LIC_00514,O=C(O)CCC(=O)c1ccc2c(c1)CCCC2,1.0,0.41304347826086957,0.4339622641509434,1.0,0.0,1.0,Toxic Repellent
LIC_00513,O=C(O)CCc1nc(-c2ccc3c(c2)OCO3)no1,1.0,0.3,0.4339622641509434,1.0,0.0,0.9451612903225806,Toxic Repellent
LIC_00512,CC1CCc2c(sc(NC(=O)CN3C(=O)CCC3=O)c2C(N)=O)C1,1.0,0.6825396825396826,0.4339622641509434,1.0,0.03737839221710193,1.0,Toxic Repellent
LIC_00511,O=C(O)CNC(=O)C12CC3CC(CC(C3)C1)C2,1.0,0.6825396825396826,0.4339622641509434,1.0,0.03737839221710193,1.0,Toxic Repellent
LIC_00510,Cc1csc(SCC2CCN(C(=O)CN3C(=O)CCC3=O)CC2)n1,1.0,0.6825396825396826,0.4339622641509434,1.0,0.03737839221710193,1.0,Toxic Repellent
LIC_00508,CC(C)(C)OC(=O)N1CCC(O)CC1,1.0,0.8333333333333334,0.4339622641509434,1.0,0.18817204301075274,1.0,Toxic Repellent
LIC_00507,CC(Cc1cccs1)NC(=O)CN1C(=O)CCC1=O,1.0,0.43902439024390244,0.4339622641509434,1.0,0.0,1.0,Toxic Repellent
LIC_00506,N#Cc1c(NC(=O)CN2C(=O)CCC2=O)sc2c1CCCC2,1.0,0.5000000000000001,0.4339622641509434,1.0,0.0,1.0,Toxic Repellent
LIC_00505,CC(Cc1ccco1)NC(=O)CN1C(=O)CCC1=O,1.0,0.43902439024390244,0.4339622641509434,1.0,0.0,1.0,Toxic Repellent
LIC_00504,CC1CCN(c2cc3c(cc2F)c(=O)c(C(=O)O)cn3C)CC1,1.0,0.5000000000000001,0.4339622641509434,1.0,0.0,1.0,Toxic Repellent
LIC_00503,O=C(CN1C(=O)CCC1=O)N1CCN(Cc2ccsc2)CC1,1.0,0.6825396825396826,0.4339622641509434,1.0,0.03737839221710193,1.0,Toxic Repellent
LIC_00502,Cc1cccc2c(C(=O)O)cccc12,1.0,0.43902439024390244,0.4339622641509434,1.0,0.0,1.0,Toxic Repellent
LIC_00533,Cc1oc(C(=O)Nc2ccc(Cl)cc2C#N)cc1S(=O)(=O)N1CC(C)OC(C)C1,1.0,0.72,0.4339622641509434,1.0,0.07483870967741935,1.0,Toxic Repellent
LIC_00532,CC(=O)CC1NCCc2c1[nH]c1ccccc21,1.0,0.43902439024390244,0.4339622641509434,1.0,0.0,1.0,Toxic Repellent
LIC_00531,CC(C)c1ccc(C(=O)CCC(=O)O)cc1,1.0,0.43902439024390244,0.4339622641509434,1.0,0.0,1.0,Toxic Repellent
LIC_00530,COC(=O)c1ccc(C(=O)OC)cc1,1.0,0.6825396825396826,0.4339622641509434,1.0,0.03737839221710193,1.0,Toxic Repellent
LIC_00529,CC(C)N1CCc2c(sc(NC(=O)CN3C(=O)CCC3=O)c2C#N)C1,1.0,0.6825396825396826,0.4339622641509434,1.0,0.03737839221710193,1.0,Toxic Repellent
LIC_00528,O=C(CN1C(=O)CCC1=O)Nc1cccc2ccc(-n3cccc3)nc12,1.0,0.43902439024390244,0.4339622641509434,1.0,0.0,1.0,Toxic Repellent
LIC_00527,CC(C)CNC(=O)Cn1cnc2c1c(=O)[nH]c(=O)n2C,1.0,0.43902439024390244,0.4339622641509434,1.0,0.0,1.0,Toxic Repellent
LIC_00526,O=C1CC(c2cccs2)CC(=O)N1Cc1csc(-c2ccccc2)n1,1.0,0.5000000000000001,0.4339622641509434,1.0,0.0,1.0,Toxic Repellent
LIC_00525,CC1(C)CC(=O)c2sc(NC(=O)CN3C(=O)CCC3=O)nc2C1,1.0,0.6825396825396826,0.4339622641509434,1.0,0.03737839221710193,1.0,Toxic Repellent
LIC_00524,CN(C)c1ccc(Nc2nc(CN3C(=O)CCC3=O)cs2)cc1,1.0,0.43902439024390244,0.4339622641509434,1.0,0.0,1.0,Toxic Repellent
LIC_00523,NC(=O)c1c(NC(=O)CN2C(=O)CCC2=O)sc2c1CCCCC2,1.0,0.6825396825396826,0.4339622641509434,1.0,0.03737839221710193,1.0,Toxic Repellent
LIC_00522,O=C1CCC(=O)N1Cc1csc(Nc2ccc3c(c2)OCO3)n1,1.0,0.5000000000000001,0.4339622641509434,1.0,0.0,1.0,Toxic Repellent
LIC_00521,O=c1c2c([nH]c3ccccc13)CCNC2,1.0,0.5000000000000001,0.4339622641509434,1.0,0.0,1.0,Toxic Repellent
LIC_00520,CC(C)(C)OC(=O)N1CCCCC1CCO,1.0,0.6825396825396826,0.4339622641509434,1.0,0.03737839221710193,1.0,Toxic Repellent
LIC_00519,O=C1CCCC(=O)N1CCS(=O)(=O)N1CCN(c2nc3c(C(F)(F)F)cccc3s2)CC1,1.0,0.8727272727272727,0.4339622641509434,1.0,0.22756598240469206,1.0,Toxic Repellent
LIC_00518,O=C(CN1C(=O)CCC1=O)N1CCC(CSCc2ccco2)CC1,1.0,0.6825396825396826,0.4339622641509434,1.0,0.03737839221710193,1.0,Toxic Repellent
LIC_00549,CCCNc1nc2c(c(=O)n(C)c(=O)n2C)n1CC(C)C,1.0,0.6825396825396826,0.4339622641509434,1.0,0.03737839221710193,1.0,Toxic Repellent
LIC_00548,Cc1cc(NC(=O)CN2C(=O)CCC2=O)n(-c2nc3ccccc3s2)n1,1.0,0.5000000000000001,0.4339622641509434,1.0,0.0,1.0,Toxic Repellent
LIC_00547,COC1CCCN(c2ccc(NC(=O)CN3C(=O)CCC3=O)cc2)C1,1.0,0.5714285714285714,0.4339622641509434,1.0,0.0,1.0,Toxic Repellent
LIC_00546,c1cncc(-c2nc3ccccc3[nH]2)c1,1.0,0.41304347826086957,0.4339622641509434,1.0,0.0,1.0,Toxic Repellent
LIC_00545,O=C(Cc1ccccc1Cl)NCC(O)c1ccc2c(c1)OCCO2,1.0,0.43902439024390244,0.4339622641509434,1.0,0.0,1.0,Toxic Repellent
LIC_00544,O=C1CCCC(=O)N1CCS(=O)(=O)N1CCCC(c2nnc(-c3ccccc3F)s2)C1,1.0,0.8727272727272727,0.4339622641509434,1.0,0.22756598240469206,1.0,Toxic Repellent
LIC_00543,COc1ccccc1C(CNC(=O)CN1C(=O)CCC1=O)OC,1.0,0.5000000000000001,0.4339622641509434,1.0,0.0,1.0,Toxic Repellent
LIC_00542,CCn1cc(C(=O)O)c(=O)c2cc(F)ccc21,1.0,0.43902439024390244,0.4339622641509434,1.0,0.0,1.0,Toxic Repellent
LIC_00541,CC(C)(C)c1cc(C(=O)O)cc(C(C)(C)C)c1,1.0,0.6825396825396826,0.4339622641509434,1.0,0.03737839221710193,1.0,Toxic Repellent
LIC_00540,CC(C)(C)OC(=O)N1CCN(c2ccnc(C(=O)O)c2)CC1,1.0,0.6825396825396826,0.4339622641509434,1.0,0.03737839221710193,1.0,Toxic Repellent
LIC_00538,O=C1CCCC(=O)N1CCS(=O)(=O)N1CC(c2nc(Cc3ccccc3)no2)C1,1.0,0.72,0.4339622641509434,1.0,0.07483870967741935,1.0,Toxic Repellent
LIC_00537,Cc1c(C)n2c3c(=O)[nH]c(=O)n(C)c3nc2n1-c1cc(Cl)ccc1O,1.0,0.43902439024390244,0.4339622641509434,1.0,0.0,1.0,Toxic Repellent
LIC_00536,Cn1cccc1CN(C(=O)CN1C(=O)CCC1=O)C1CC1,1.0,0.43902439024390244,0.4339622641509434,1.0,0.0,1.0,Toxic Repellent
LIC_00535,O=C(O)c1cn(CC2CC2)c2ccc(F)cc2c1=O,1.0,0.43902439024390244,0.4339622641509434,1.0,0.0,1.0,Toxic Repellent
LIC_00534,CCOC(=O)Cn1cnc2c1c(=O)[nH]c(=O)n2C,1.0,0.5000000000000001,0.4339622641509434,1.0,0.0,1.0,Toxic Repellent
LIC_00565,Cc1cc(C)c(NC(=O)CN2C(=O)CSC(C)C2=O)c(C)c1,1.0,0.43902439024390244,0.4339622641509434,1.0,0.0,1.0,Toxic Repellent
LIC_00564,c1ccc2[nH]c(-c3ccncc3)nc2c1,1.0,0.43902439024390244,0.4339622641509434,1.0,0.0,1.0,Toxic Repellent
LIC_00563,O=C(C1c2ccccc2Oc2ccccc21)N1CC(N2C(=O)CCC2=O)C1,1.0,0.6825396825396826,0.4339622641509434,1.0,0.03737839221710193,1.0,Toxic Repellent
LIC_00562,CCN1C(=O)CC(Nc2ccc(N(C)C)cc2)C1=O,1.0,0.41304347826086957,0.4339622641509434,1.0,0.0,1.0,Toxic Repellent
LIC_00561,COCCN(Cc1ccoc1)C(=O)CN1C(=O)CCC1=O,1.0,0.5000000000000001,0.4339622641509434,1.0,0.0,1.0,Toxic Repellent
LIC_00560,O=C(CN1C(=O)CCC1=O)NCc1ccc(C(=O)c2ccco2)s1,1.0,0.43902439024390244,0.4339622641509434,1.0,0.0,1.0,Toxic Repellent
LIC_00559,O=C(Nc1ccc(Cl)c(Cl)c1)N1CC(c2nc(-c3ncccn3)no2)C1,1.0,0.72,0.4339622641509434,1.0,0.07483870967741935,1.0,Toxic Repellent
LIC_00558,O=C1CCC(=O)N1C1CN(S(=O)(=O)c2ccc(F)c(Cl)c2)C1,1.0,0.8727272727272727,0.4339622641509434,1.0,0.22756598240469206,1.0,Toxic Repellent
LIC_00557,O=C1CCC(=O)N1C1CN(S(=O)(=O)c2cc(F)ccc2F)C1,1.0,0.8727272727272727,0.4339622641509434,1.0,0.22756598240469206,1.0,Toxic Repellent
LIC_00556,CCCCCn1cnc2c1c(=O)[nH]c(=O)n2C,1.0,0.43902439024390244,0.4339622641509434,1.0,0.0,1.0,Toxic Repellent
LIC_00555,CC(=O)Cn1cnc2c1c(=O)n(C)c(=O)n2C,1.0,0.6825396825396826,0.4339622641509434,1.0,0.03737839221710193,1.0,Toxic Repellent
LIC_00554,O=C(CN1C(=O)CCC1=O)NCCn1nc(-c2cccs2)cc1C1CC1,1.0,0.6825396825396826,0.4339622641509434,1.0,0.03737839221710193,1.0,Toxic Repellent
LIC_00553,O=C(CN1C(=O)CCC1=O)Nc1ccccc1Cc1nc(-c2ccco2)no1,1.0,0.5000000000000001,0.4339622641509434,1.0,0.0,1.0,Toxic Repellent
LIC_00552,Cc1cccc(NC(=O)CN2C(=O)CSCC2=O)c1C,1.0,0.40026455435565583,0.4339622641509434,1.0,0.0,1.0,Toxic Repellent
LIC_00551,CCCn1c(NCC(C)C)nc2c1c(=O)n(C)c(=O)n2C,1.0,0.6825396825396826,0.4339622641509434,1.0,0.03737839221710193,1.0,Toxic Repellent
LIC_00550,O=C(CN1C(=O)CCC1=O)NCCn1nc(-c2ccccn2)c2c1CCCC2,1.0,0.6825396825396826,0.4339622641509434,1.0,0.03737839221710193,1.0,Toxic Repellent
LIC_00581,O=C(CN1C(=O)CCC1=O)Nc1cnn(CC2COc3ccccc3O2)c1,1.0,0.5000000000000001,0.4339622641509434,1.0,0.0,1.0,Toxic Repellent
LIC_00580,N#CCc1nc(-c2ccc3c(c2)OCO3)no1,1.0,0.5000000000000001,0.4339622641509434,1.0,0.0,1.0,Toxic Repellent
LIC_00579,COc1cccc2sc(N3CC(OC(=O)CN4C(=O)CCC4=O)C3)nc12,1.0,0.5000000000000001,0.4339622641509434,1.0,0.0,1.0,Toxic Repellent
LIC_00578,CC1SCC(=O)N(CC(=O)Nc2ccc(F)cc2)C1=O,1.0,0.43902439024390244,0.4339622641509434,1.0,0.0,1.0,Toxic Repellent
LIC_00576,COc1ccccc1OCC#CCNC(=O)CN1C(=O)CCC1=O,1.0,0.43902439024390244,0.4339622641509434,1.0,0.0,1.0,Toxic Repellent
LIC_00575,CCCCCNc1nc2c(c(=O)n(C)c(=O)n2C)n1CC,1.0,0.5000000000000001,0.4339622641509434,1.0,0.0,1.0,Toxic Repellent
LIC_00574,CCCCCCn1c(NC)nc2c1c(=O)n(C)c(=O)n2C,1.0,0.5000000000000001,0.4339622641509434,1.0,0.0,1.0,Toxic Repellent
LIC_00573,CCCC(=O)OCCc1ccccc1,1.0,0.43902439024390244,0.4339622641509434,1.0,0.0,1.0,Toxic Repellent
LIC_00572,O=C1CCC(=O)N1C1CN(S(=O)(=O)c2cccc3ccccc23)C1,1.0,0.6825396825396826,0.4339622641509434,1.0,0.03737839221710193,1.0,Toxic Repellent
LIC_00571,Cc1cc(C)c(NC(=O)CN2C(=O)CSCC2=O)c(C)c1,1.0,0.43902439024390244,0.4339622641509434,1.0,0.0,1.0,Toxic Repellent
LIC_00570,O=C(CN1C(=O)CCC1=O)NCC1(c2ccc(F)cc2)CC1,1.0,0.43902439024390244,0.4339622641509434,1.0,0.0,1.0,Toxic Repellent
LIC_00569,CN1C(=O)CC(Nc2ccc(N3CCCCC3)cc2)C1=O,1.0,0.41304347826086957,0.4339622641509434,1.0,0.0,1.0,Toxic Repellent
LIC_00568,Cc1cc(NC(=O)CN2C(=O)CCC2=O)n(-c2nc3ccc(F)cc3s2)n1,1.0,0.6825396825396826,0.4339622641509434,1.0,0.03737839221710193,1.0,Toxic Repellent
LIC_00567,Cc1cc2ncn(CC3CCN(S(=O)(=O)CCN4C(=O)CCCC4=O)CC3)c2cc1C,1.0,0.6825396825396826,0.4339622641509434,1.0,0.03737839221710193,1.0,Toxic Repellent
LIC_00566,O=C(CN1C(=O)CCC1=O)NCC1(c2ccccc2)CCOCC1,1.0,0.5000000000000001,0.4339622641509434,1.0,0.0,1.0,Toxic Repellent
LIC_00597,Cc1cc(S(=O)(=O)N2CC(N3C(=O)CCC3=O)C2)c(Cl)cc1Cl,1.0,0.72,0.4339622641509434,1.0,0.07483870967741935,1.0,Toxic Repellent
LIC_00596,O=C(CN1C(=O)CCC1=O)NCCn1nc(-c2ccccn2)cc1C1CC1,1.0,0.6825396825396826,0.4339622641509434,1.0,0.03737839221710193,1.0,Toxic Repellent
LIC_00594,CC1SCC(=O)N(CC(=O)Nc2ccc(F)cc2F)C1=O,1.0,0.43902439024390244,0.4339622641509434,1.0,0.0,1.0,Toxic Repellent
LIC_00593,CC(C)N1C(=O)CC(Nc2ccc(N3CCOCC3)cc2)C1=O,1.0,0.5000000000000001,0.4339622641509434,1.0,0.0,1.0,Toxic Repellent
LIC_00592,O=C(O)CNC(=O)CC12CC3CC(CC(C3)C1)C2,1.0,0.6825396825396826,0.4339622641509434,1.0,0.03737839221710193,1.0,Toxic Repellent
LIC_00591,Cc1ccc(C)c(NC(=O)CN2C(=O)CSC(C)C2=O)c1,1.0,0.41304347826086957,0.4339622641509434,1.0,0.0,1.0,Toxic Repellent
LIC_00590,CCCC(=O)Nc1ccc2c(c1)CC(=O)N2,1.0,0.41304347826086957,0.4339622641509434,1.0,0.0,1.0,Toxic Repellent
LIC_00589,Cc1ccc(-c2csc(NC(=O)c3cccc(N4C(=O)CCC4=O)c3)n2)o1,1.0,0.5000000000000001,0.4339622641509434,1.0,0.0,1.0,Toxic Repellent
LIC_00588,COc1ccc(/C=C/C(=O)O)cc1,1.0,0.5000000000000001,0.4339622641509434,1.0,0.0,1.0,Toxic Repellent
LIC_00587,Cc1ccc(-c2csc(NC(=O)c3ccc(N4C(=O)CCC4=O)cc3)n2)o1,1.0,0.5000000000000001,0.4339622641509434,1.0,0.0,1.0,Toxic Repellent
LIC_00585,CC1SCC(=O)N(CC(=O)Nc2ccccc2F)C1=O,1.0,0.41304347826086957,0.4339622641509434,1.0,0.0,1.0,Toxic Repellent
LIC_00584,Cc1ccc(NC(=O)CN2C(=O)CSCC2=O)c(C)c1,1.0,0.41304347826086957,0.4339622641509434,1.0,0.0,1.0,Toxic Repellent
LIC_00583,Cc1ccc(C)c(NC(=O)CN2C(=O)CSCC2=O)c1,1.0,0.41304347826086957,0.4339622641509434,1.0,0.0,1.0,Toxic Repellent
LIC_00582,CCOC(=O)c1c(NC(=O)CN2C(=O)CCC2=O)sc2c1CCN(CC)C2,1.0,0.72,0.4339622641509434,1.0,0.07483870967741935,1.0,Toxic Repellent
LIC_00613,COc1ccccc1NC(=O)CN1C(=O)CSC(C)C1=O,1.0,0.43902439024390244,0.4339622641509434,1.0,0.0,1.0,Toxic Repellent
LIC_00612,O=C(CN1C(=O)CCC1=O)Nc1ccc(Br)cc1,1.0,0.43902439024390244,0.4339622641509434,1.0,0.0,1.0,Toxic Repellent
LIC_00611,CCCN1C(=O)CC(Nc2ccc(N3CCOCC3)cc2)C1=O,1.0,0.5000000000000001,0.4339622641509434,1.0,0.0,1.0,Toxic Repellent
LIC_00610,O=C(CN1C(=O)CCC1=O)NCC#CCOc1cccc(C(F)(F)F)c1,1.0,0.43902439024390244,0.4339622641509434,1.0,0.0,1.0,Toxic Repellent
LIC_00609,O=C(NCC1CCCO1)c1ccc([N+](=O)[O-])cc1Cl,1.0,0.5000000000000001,0.4339622641509434,1.0,0.0,1.0,Toxic Repellent
LIC_00608,COc1cccc(NC(=O)CN2C(=O)CSC(C)C2=O)c1,1.0,0.43902439024390244,0.4339622641509434,1.0,0.0,1.0,Toxic Repellent
LIC_00607,COc1cccc(NC(=O)CN2C(=O)CSCC2=O)c1,1.0,0.41304347826086957,0.4339622641509434,1.0,0.0,1.0,Toxic Repellent
LIC_00606,Cc1cc(C)cc(NC(=O)CN2C(=O)CSCC2=O)c1,1.0,0.41304347826086957,0.4339622641509434,1.0,0.0,1.0,Toxic Repellent
LIC_00605,CNC(=O)c1c(NC(=O)CN2C(=O)CCC2=O)sc(C)c1C,1.0,0.5000000000000001,0.4339622641509434,1.0,0.0,1.0,Toxic Repellent
LIC_00604,O=C(Nc1nc(-c2ccncc2)cs1)c1ccc(N2C(=O)CCC2=O)cc1,1.0,0.5000000000000001,0.4339622641509434,1.0,0.0,1.0,Toxic Repellent
LIC_00603,COc1cccc(-c2ccc(C(=O)O)cc2)c1,1.0,0.41304347826086957,0.4339622641509434,1.0,0.0,1.0,Toxic Repellent
LIC_00602,O=C(Nc1nc(-c2ccccn2)cs1)c1ccc(N2C(=O)CCC2=O)cc1,1.0,0.6825396825396826,0.4339622641509434,1.0,0.03737839221710193,1.0,Toxic Repellent
LIC_00601,O=C(CN1C(=O)CCC1=O)NCC(O)c1cccc2ccccc12,1.0,0.43902439024390244,0.4339622641509434,1.0,0.0,1.0,Toxic Repellent
LIC_00600,CC1NC(C(=O)O)Cc2c1[nH]c1ccccc21,1.0,0.43902439024390244,0.4339622641509434,1.0,0.0,1.0,Toxic Repellent
LIC_00599,CCN1C(=O)CC(Nc2ccc(N3CCOCC3)cc2)C1=O,1.0,0.43902439024390244,0.4339622641509434,1.0,0.0,1.0,Toxic Repellent
LIC_00598,O=C(Nc1nc(-c2cccnc2)cs1)c1cccc(N2C(=O)CCC2=O)c1,1.0,0.5000000000000001,0.4339622641509434,1.0,0.0,1.0,Toxic Repellent
LIC_00629,O=C(CN1C(=O)CSCC1=O)Nc1ccc2c(c1)OCO2,1.0,0.43902439024390244,0.4339622641509434,1.0,0.0,1.0,Toxic Repellent
LIC_00628,CCOc1ccc(NC(=O)CN2C(=O)CSCC2=O)cc1,1.0,0.5000000000000001,0.4339622641509434,1.0,0.0,1.0,Toxic Repellent
LIC_00627,CCOC(=O)N1CCN(C2CC(=O)N(c3ccccc3C)C2=O)CC1,1.0,0.6825396825396826,0.4339622641509434,1.0,0.03737839221710193,1.0,Toxic Repellent
LIC_00626,COc1cc(/C=C/c2ccc(O)c(OC)c2)ccc1O,1.0,0.43902439024390244,0.4339622641509434,1.0,0.0,1.0,Toxic Repellent
LIC_00625,O=C(CN1C(=O)CCC1=O)NCc1ccc(C(=O)c2cccs2)s1,1.0,0.43902439024390244,0.4339622641509434,1.0,0.0,1.0,Toxic Repellent
LIC_00624,C=CCN1C(=O)CC(Nc2ccc(N3CCOCC3)cc2)C1=O,1.0,0.5000000000000001,0.4339622641509434,1.0,0.0,1.0,Toxic Repellent
LIC_00623,COc1ccc(NC(=O)CN2C(=O)CSCC2=O)cc1,1.0,0.41304347826086957,0.4339622641509434,1.0,0.0,1.0,Toxic Repellent
LIC_00622,O=C(CN1C(=O)CCC1=O)OC1CN(c2nc3ccccc3s2)C1,1.0,0.5000000000000001,0.4339622641509434,1.0,0.0,1.0,Toxic Repellent
LIC_00621,COc1ccc(Cl)cc1NC(=O)CN1C(=O)CSCC1=O,1.0,0.5000000000000001,0.4339622641509434,1.0,0.0,1.0,Toxic Repellent
LIC_00620,CCOC(=O)Nc1nc2ccccc2[nH]1,1.0,0.43902439024390244,0.4339622641509434,1.0,0.0,1.0,Toxic Repellent
LIC_00619,COc1ccc(Cl)cc1NC(=O)CN1C(=O)CSC(C)C1=O,1.0,0.5000000000000001,0.4339622641509434,1.0,0.0,1.0,Toxic Repellent
LIC_00618,Cc1cc(C)cc(NC(=O)CN2C(=O)CSC(C)C2=O)c1,1.0,0.43902439024390244,0.4339622641509434,1.0,0.0,1.0,Toxic Repellent
LIC_00617,COc1ccc(NC2CC(=O)N(C(C)C)C2=O)cc1,1.0,0.41304347826086957,0.4339622641509434,1.0,0.0,1.0,Toxic Repellent
LIC_00616,CCc1ccc(NC(=O)CN2C(=O)CSC(C)C2=O)cc1,1.0,0.43902439024390244,0.4339622641509434,1.0,0.0,1.0,Toxic Repellent
LIC_00615,COc1ccc(C(O)CNC(=O)C(C)Oc2ccccc2)cc1OC,1.0,0.43902439024390244,0.4339622641509434,1.0,0.0,1.0,Toxic Repellent
LIC_00614,CCn1cc(C(=O)O)c(=O)c2cccc(F)c21,1.0,0.43902439024390244,0.4339622641509434,1.0,0.0,1.0,Toxic Repellent
LIC_00645,COc1ccccc1OCC(=O)NCC(OC)c1ccccc1Cl,1.0,0.5000000000000001,0.4339622641509434,1.0,0.0,1.0,Toxic Repellent
LIC_00644,CSc1ccccc1CN1CCC(CNC(=O)CN2C(=O)CCC2=O)CC1,1.0,0.6825396825396826,0.4339622641509434,1.0,0.03737839221710193,1.0,Toxic Repellent
LIC_00643,CNC(=O)c1c(NC(=O)CN2C(=O)CCC2=O)sc2c1CCC(C)C2,1.0,0.6825396825396826,0.4339622641509434,1.0,0.03737839221710193,1.0,Toxic Repellent
LIC_00642,CCN(CC)c1nc2c([nH]1)c(=O)[nH]c(=O)n2C,1.0,0.5000000000000001,0.4339622641509434,1.0,0.0,1.0,Toxic Repellent
LIC_00641,CCCN1C(=O)CC(N2CCN(c3ccc(F)cc3)CC2)C1=O,1.0,0.5000000000000001,0.4339622641509434,1.0,0.0,1.0,Toxic Repellent
LIC_00640,CC(=O)c1cccc(NC(=O)CN2C(=O)CCC2=O)c1,1.0,0.3548387096774194,0.4339622641509434,1.0,0.0,1.0,Toxic Repellent
LIC_00639,O=C(CN1C(=O)CCC1=O)N(CCc1cccs1)Cc1cccnc1,1.0,0.5000000000000001,0.4339622641509434,1.0,0.0,1.0,Toxic Repellent
LIC_00638,Cn1nnc2c(N3CCN(C(=O)Nc4ccc(Cl)c(Cl)c4)CC3)ncnc21,1.0,0.8333333333333334,0.4339622641509434,1.0,0.18817204301075274,1.0,Toxic Repellent
LIC_00637,COc1ccc(-n2c(SC)nc3sc4c(c3c2=O)CCN(C(C)=O)C4)cc1,1.0,0.72,0.4339622641509434,1.0,0.07483870967741935,1.0,Toxic Repellent
LIC_00636,CC1SCC(=O)N(CC(=O)Nc2ccc(Br)cc2)C1=O,1.0,0.43902439024390244,0.4339622641509434,1.0,0.0,1.0,Toxic Repellent
LIC_00635,CN(C)C(CNC(=O)CN1C(=O)CCC1=O)c1cn(C)c2ccccc12,1.0,0.5000000000000001,0.4339622641509434,1.0,0.0,1.0,Toxic Repellent
LIC_00634,CCOc1ccccc1NC(=O)CN1C(=O)CSC(C)C1=O,1.0,0.5714285714285714,0.4339622641509434,1.0,0.0,1.0,Toxic Repellent
LIC_00633,CCOC(=O)c1c(NC(=O)CN2C(=O)CCC2=O)sc2c1CCCC2,1.0,0.6825396825396826,0.4339622641509434,1.0,0.03737839221710193,1.0,Toxic Repellent
LIC_00632,CC(=O)c1ccc(NC(=O)CN2C(=O)CCC2=O)cc1,1.0,0.3548387096774194,0.4339622641509434,1.0,0.0,1.0,Toxic Repellent
LIC_00631,CCCN1C(=O)CC(N2CCN(Cc3ccccc3)CC2)C1=O,1.0,0.5000000000000001,0.4339622641509434,1.0,0.0,1.0,Toxic Repellent
LIC_00630,CCOc1ccc(NC2CC(=O)N(CCOC)C2=O)cc1,1.0,0.5000000000000001,0.4339622641509434,1.0,0.0,1.0,Toxic Repellent
LIC_00661,COc1ccc(NC(=O)CN2C(=O)CSCC2=O)c(OC)c1,1.0,0.43902439024390244,0.4339622641509434,1.0,0.0,1.0,Toxic Repellent
LIC_00660,COC(=O)c1[nH]nc(-c2ccc(F)cc2)c1Br,1.0,0.5000000000000001,0.4339622641509434,1.0,0.0,1.0,Toxic Repellent
LIC_00659,CCOC(=O)N1CCN(C2CC(=O)N(c3cccc(C)c3)C2=O)CC1,1.0,0.5000000000000001,0.4339622641509434,1.0,0.0,1.0,Toxic Repellent
LIC_00658,CCOc1ccc(NC(=O)CN2C(=O)CSC(C)C2=O)cc1,1.0,0.5000000000000001,0.4339622641509434,1.0,0.0,1.0,Toxic Repellent
LIC_00657,COC(=O)CNC(=O)c1ccc(OC)cc1,1.0,0.43902439024390244,0.4339622641509434,1.0,0.0,1.0,Toxic Repellent
LIC_00656,O=C(CN1C(=O)CCC1=O)Nc1nc(-c2cccs2)cs1,1.0,0.43902439024390244,0.4339622641509434,1.0,0.0,1.0,Toxic Repellent
LIC_00655,CCOC(=O)Nc1ccc(OC)cc1,1.0,0.5000000000000001,0.4339622641509434,1.0,0.0,1.0,Toxic Repellent
LIC_00654,O=C1CC(Nc2ccc(N3CCOCC3)cc2)C(=O)N1C1CCCCC1,1.0,0.6825396825396826,0.4339622641509434,1.0,0.03737839221710193,1.0,Toxic Repellent
LIC_00653,COc1ccccc1NC(=O)CN1C(=O)CC(c2cccs2)CC1=O,1.0,0.43902439024390244,0.4339622641509434,1.0,0.0,1.0,Toxic Repellent
LIC_00652,CCOC(=O)N1CCN(C2CC(=O)N(c3ccc(O)cc3)C2=O)CC1,1.0,0.5000000000000001,0.4339622641509434,1.0,0.0,1.0,Toxic Repellent
LIC_00651,COc1ccc(NC(=O)CN2C(=O)CSC(C)C2=O)c(OC)c1,1.0,0.43902439024390244,0.4339622641509434,1.0,0.0,1.0,Toxic Repellent
LIC_00650,O=C(CN1C(=O)CCC1=O)NCCn1nc(C2CC2)n(-c2ccccc2)c1=O,1.0,0.72,0.4339622641509434,1.0,0.07483870967741935,1.0,Toxic Repellent
LIC_00649,CC1SCC(=O)N(CC(=O)Nc2cccc(Cl)c2)C1=O,1.0,0.41304347826086957,0.4339622641509434,1.0,0.0,1.0,Toxic Repellent
LIC_00648,N#Cc1ccc(OC(=O)N2CCOCC2)cc1,1.0,0.6825396825396826,0.4339622641509434,1.0,0.03737839221710193,1.0,Toxic Repellent
LIC_00647,O=C(Nc1nnc(-c2ccc(Cl)s2)o1)c1cccc(N2C(=O)CCC2=O)c1,1.0,0.6825396825396826,0.4339622641509434,1.0,0.03737839221710193,1.0,Toxic Repellent
LIC_00646,CC1SCC(=O)N(CC(=O)Nc2ccc(Cl)cc2)C1=O,1.0,0.43902439024390244,0.4339622641509434,1.0,0.0,1.0,Toxic Repellent
LIC_00677,CCOc1ccc(NC2CC(=O)N(C(C)C)C2=O)cc1,1.0,0.5000000000000001,0.4339622641509434,1.0,0.0,1.0,Toxic Repellent
LIC_00676,O=C(CN1C(=O)CCC1=O)NCCC(O)c1cc2ccccc2o1,1.0,0.43902439024390244,0.4339622641509434,1.0,0.0,1.0,Toxic Repellent
LIC_00675,CCOC(=O)N1CCN(C2CC(=O)N(c3ccc(C)cc3C)C2=O)CC1,1.0,0.6825396825396826,0.4339622641509434,1.0,0.03737839221710193,1.0,Toxic Repellent
LIC_00674,Cn1c(=O)[nH]c(=O)c2c1ncn2CC(=O)NCCO,1.0,0.43902439024390244,0.4339622641509434,1.0,0.0,1.0,Toxic Repellent
LIC_00673,O=C(O)CCCC(=O)c1ccccc1,1.0,0.43902439024390244,0.4339622641509434,1.0,0.0,1.0,Toxic Repellent
LIC_00672,COCCCN1C(=O)CC(Nc2ccc(F)cc2)C1=O,1.0,0.43902439024390244,0.4339622641509434,1.0,0.0,1.0,Toxic Repellent
LIC_00671,CCOC(=O)N1CCN(C2CC(=O)N(c3cccc(C)c3C)C2=O)CC1,1.0,0.6825396825396826,0.4339622641509434,1.0,0.03737839221710193,1.0,Toxic Repellent
LIC_00669,O=C(O)CC1OC(=O)c2ccccc21,1.0,0.43902439024390244,0.4339622641509434,1.0,0.0,1.0,Toxic Repellent
LIC_00668,O=C(Nc1nnc(-c2cc(Cl)sc2Cl)o1)c1cccc(N2C(=O)CCC2=O)c1,1.0,0.6825396825396826,0.4339622641509434,1.0,0.03737839221710193,1.0,Toxic Repellent
LIC_00667,Cc1ccccc1N1C(=O)CC(N2CCN(c3ccccc3)CC2)C1=O,1.0,0.5000000000000001,0.4339622641509434,1.0,0.0,1.0,Toxic Repellent
LIC_00666,COCCN1C(=O)CC(Nc2ccc(N(C)C)cc2)C1=O,1.0,0.43902439024390244,0.4339622641509434,1.0,0.0,1.0,Toxic Repellent
LIC_00665,Cc1sc(NC(=O)c2ccc(N3C(=O)CCC3=O)cc2)c(C#N)c1C,1.0,0.5,0.4339622641509434,1.0,0.0,1.0,Toxic Repellent
LIC_00664,Cc1cc(OC2CCN(C(=O)Nc3ccc(Cl)c(Cl)c3)CC2)cc(=O)o1,1.0,0.6825396825396826,0.4339622641509434,1.0,0.03737839221710193,1.0,Toxic Repellent
LIC_00663,COc1ccccc1C1(CNC(=O)CN2C(=O)CCC2=O)CCOCC1,1.0,0.6825396825396826,0.4339622641509434,1.0,0.03737839221710193,1.0,Toxic Repellent
LIC_00662,COc1ccc(OC)c(NC(=O)CN2C(=O)CSC(C)C2=O)c1,1.0,0.43902439024390244,0.4339622641509434,1.0,0.0,1.0,Toxic Repellent
LIC_00694,O=C(CN1C(=O)CCC1=O)Nc1c2c(nn1-c1ccccc1)CCC2,1.0,0.6825396825396826,0.4339622641509434,1.0,0.03737839221710193,1.0,Toxic Repellent
LIC_00693,CCCCN1C(=O)CC(Nc2ccc(N3CCOCC3)cc2)C1=O,1.0,0.5000000000000001,0.4339622641509434,1.0,0.0,1.0,Toxic Repellent
LIC_00691,CN(C)c1ccc(NC2CC(=O)N(C3CCCCC3)C2=O)cc1,1.0,0.6825396825396826,0.4339622641509434,1.0,0.03737839221710193,1.0,Toxic Repellent
LIC_00690,Cc1ccc(NC(=O)CN2C(=O)CSC(C)C2=O)cc1Cl,1.0,0.5000000000000001,0.4339622641509434,1.0,0.0,1.0,Toxic Repellent
LIC_00689,CC(C)CN1C(=O)CC(Nc2ccc(N(C)C)cc2)C1=O,1.0,0.43902439024390244,0.4339622641509434,1.0,0.0,1.0,Toxic Repellent
LIC_00688,O=C1CCCC(=O)N1CCS(=O)(=O)NCC1(c2cccs2)CC1,1.0,0.6825396825396826,0.4339622641509434,1.0,0.03737839221710193,1.0,Toxic Repellent
LIC_00687,O=C1CC(Nc2ccc(N3CCCCC3)cc2)C(=O)N1C1CCCC1,1.0,0.6825396825396826,0.4339622641509434,1.0,0.03737839221710193,1.0,Toxic Repellent
LIC_00686,C=CCN1C(=O)CC(Nc2ccc(N(C)C)cc2)C1=O,1.0,0.43902439024390244,0.4339622641509434,1.0,0.0,1.0,Toxic Repellent
LIC_00685,O=C1CC(Nc2ccc3c(c2)OCO3)C(=O)N1C1CCCCC1,1.0,0.6825396825396826,0.4339622641509434,1.0,0.03737839221710193,1.0,Toxic Repellent
LIC_00684,CC1(C)CC(=O)c2ccccc2O1,1.0,0.41304347826086957,0.4339622641509434,1.0,0.0,1.0,Toxic Repellent
LIC_00683,O=C(c1ccc(N2C(=O)CCC2=O)cc1)N1CCc2ccccc2C1,1.0,0.43902439024390244,0.4339622641509434,1.0,0.0,1.0,Toxic Repellent
LIC_00682,O=C(Nc1ccc(Cl)c(Cl)c1)N1CC(c2nc(-c3cnccn3)no2)C1,1.0,0.6825396825396826,0.4339622641509434,1.0,0.03737839221710193,1.0,Toxic Repellent
LIC_00680,O=C1CC(N2CCCCCC2)C(=O)N1c1ccc(Br)cc1,1.0,0.43902439024390244,0.4339622641509434,1.0,0.0,1.0,Toxic Repellent
LIC_00679,CCN1CCN(c2cc3c(cc2F)c(=O)c(C(=O)O)cn3C)CC1,1.0,0.5000000000000001,0.4339622641509434,1.0,0.0,1.0,Toxic Repellent
LIC_00678,O=C(Nc1nnc(Cc2ccc(Cl)s2)o1)c1cccc(N2C(=O)CCC2=O)c1,1.0,0.6825396825396826,0.4339622641509434,1.0,0.03737839221710193,1.0,Toxic Repellent
LIC_00711,O=C1CC(c2cccs2)CC(=O)N1Cc1cc(F)ccc1F,1.0,0.5,0.4339622641509434,1.0,0.0,1.0,Toxic Repellent
LIC_00710,CC1SCC(=O)N(CC(=O)Nc2ccc(Cl)c(Cl)c2)C1=O,1.0,0.5000000000000001,0.4339622641509434,1.0,0.0,1.0,Toxic Repellent
LIC_00709,O=C(c1ccc(N2C(=O)CCC2=O)cc1)N1CCc2ccccc21,1.0,0.43902439024390244,0.4339622641509434,1.0,0.0,1.0,Toxic Repellent
LIC_00708,COc1ccc(C(O)CNC(=O)COc2ccc(Cl)cc2)cc1OC,1.0,0.5000000000000001,0.4339622641509434,1.0,0.0,1.0,Toxic Repellent
LIC_00707,Cc1ccc2c(NC(=O)CN3C(=O)CCC3=O)cccc2n1,1.0,0.3548387096774194,0.4339622641509434,1.0,0.0,1.0,Toxic Repellent
LIC_00705,O=C(Nc1cc2c3c(c1)CCC(=O)N3CCC2)c1ccc(Cl)cc1,1.0,0.43902439024390244,0.4339622641509434,1.0,0.0,1.0,Toxic Repellent
LIC_00704,COc1ccc2cc(C(=O)O)ccc2c1,1.0,0.49499350548506965,0.4339622641509434,1.0,0.0,1.0,Toxic Repellent
LIC_00703,Cc1ccccc1NC(=O)CN1C(=O)COc2ccccc2C1=O,1.0,0.41304347826086957,0.4339622641509434,1.0,0.0,1.0,Toxic Repellent
LIC_00701,O=C(CN1C(=O)CSCC1=O)Nc1ccc([N+](=O)[O-])cc1,1.0,0.5000000000000001,0.4339622641509434,1.0,0.0,1.0,Toxic Repellent
LIC_00700,CC(C)CN1C(=O)CC(Nc2ccc3c(c2)OCO3)C1=O,1.0,0.43902439024390244,0.4339622641509434,1.0,0.0,1.0,Toxic Repellent
LIC_00699,COCCN1C(=O)CC(Nc2ccc(N3CCOCC3)cc2)C1=O,1.0,0.5000000000000001,0.4339622641509434,1.0,0.0,1.0,Toxic Repellent
LIC_00698,CC1SCC(=O)N(CC(=O)Nc2ccc([N+](=O)[O-])cc2)C1=O,1.0,0.5000000000000001,0.4339622641509434,1.0,0.0,1.0,Toxic Repellent
LIC_00697,O=C(Cc1ccc(F)cc1)Nc1ccc2c(c1)CC(=O)N2,1.0,0.41304347826086957,0.4339622641509434,1.0,0.0,1.0,Toxic Repellent
LIC_00696,CC(C)(C)OC(=O)N1CCN(C2CC(=O)N(c3ccc(O)cc3)C2=O)CC1,1.0,0.6825396825396826,0.4339622641509434,1.0,0.03737839221710193,1.0,Toxic Repellent
LIC_00695,O=C(Cc1ccc(Cl)cc1)Nc1ccc2c(c1)CC(=O)N2,1.0,0.41304347826086957,0.4339622641509434,1.0,0.0,1.0,Toxic Repellent
LIC_02811,O=C1CCCC(=O)N1CCS(=O)(=O)NCC1(O)CCCC1,1.0,0.6825396825396826,0.4339622641509434,1.0,0.03737839221710193,1.0,Toxic Repellent
LIC_02810,Cc1nn(S(=O)(=O)N2CCOCC2)c(C)c1Br,1.0,0.8727272727272727,0.4339622641509434,1.0,0.22756598240469206,1.0,Toxic Repellent
LIC_02809,O=C1CCCC(=O)N1CCS(=O)(=O)N1CCC(Cn2cccn2)CC1,1.0,0.72,0.4339622641509434,1.0,0.07483870967741935,1.0,Toxic Repellent
LIC_02808,COc1ccc(N2C(=O)CC(C3CCCC=C3N3CCCCC3)C2=O)cc1,1.0,0.6825396825396826,0.4339622641509434,1.0,0.03737839221710193,1.0,Toxic Repellent
LIC_02807,CCCCOc1ccccc1N1C(=O)CC(N2CCN(C)CC2)C1=O,1.0,0.6825396825396826,0.4339622641509434,1.0,0.03737839221710193,1.0,Toxic Repellent
LIC_02806,COc1ccc(CCNC2CC(=O)N(C)C2=O)cc1OC,1.0,0.41304347826086957,0.4339622641509434,1.0,0.0,1.0,Toxic Repellent
LIC_02805,Cc1cc(C)cc(N2C(=O)CC(C3CCCC=C3N3CCOCC3)C2=O)c1,1.0,0.6825396825396826,0.4339622641509434,1.0,0.03737839221710193,1.0,Toxic Repellent
LIC_02804,O=C1CC(C2CCCC=C2N2CCCCC2)C(=O)N1c1ccccc1,1.0,0.5000000000000001,0.4339622641509434,1.0,0.0,1.0,Toxic Repellent
LIC_02803,COc1ccc(N2C(=O)CC(N3CCC(C)CC3)C2=O)cc1,1.0,0.43902439024390244,0.4339622641509434,1.0,0.0,1.0,Toxic Repellent
LIC_02802,Cc1ccc(N2C(=O)CC(C3CCCC=C3N3CCOCC3)C2=O)cc1,1.0,0.5000000000000001,0.4339622641509434,1.0,0.0,1.0,Toxic Repellent
LIC_02801,O=C(CN1C(=O)CCC1=O)NCC1(O)CCc2ccccc21,1.0,0.43902439024390244,0.4339622641509434,1.0,0.0,1.0,Toxic Repellent
LIC_02800,O=C1CCC(=O)N1CC(=O)N1CCCSCC1CN1CCCC1,1.0,0.6825396825396826,0.4339622641509434,1.0,0.03737839221710193,1.0,Toxic Repellent
LIC_02799,Cc1cccc(CC(=O)N2CC(N3C(=O)CCC3=O)C2)c1,1.0,0.43902439024390244,0.4339622641509434,1.0,0.0,1.0,Toxic Repellent
LIC_02798,O=C(CN1C(=O)CCC1=O)NCc1cc(C2CC2)n(C2CCCC2)n1,1.0,0.75,0.4339622641509434,1.0,0.10483870967741937,1.0,Toxic Repellent
LIC_02797,CCN1/C(=C/C=C2\CC(C)CC(/C=C/c3sc4cc(Cl)ccc4[n+]3CC)=C2c2ccc(OC)cc2)Sc2cc(Cl)ccc21,1.0,0.875,0.4339622641509434,1.0,0.22983870967741937,1.0,Toxic Repellent
LIC_02796,COc1ccccc1NC(=O)c1oc2ccccc2c1NC(=O)c1ccc(Cl)c([N+](=O)[O-])c1,1.0,0.72,0.4339622641509434,1.0,0.07483870967741935,1.0,Toxic Repellent
LIC_00727,O=C(CN1C(=O)CCC1=O)Nc1nc(-c2cccnc2)cs1,1.0,0.43902439024390244,0.4339622641509434,1.0,0.0,1.0,Toxic Repellent
LIC_00726,CCOC(=O)N1CCN(C2CC(=O)N(c3ccccc3Cl)C2=O)CC1,1.0,0.6825396825396826,0.4339622641509434,1.0,0.03737839221710193,1.0,Toxic Repellent
LIC_00725,O=C(CN1C(=O)CC(c2cccs2)CC1=O)Nc1ccc2c(c1)OCO2,1.0,0.5000000000000001,0.4339622641509434,1.0,0.0,1.0,Toxic Repellent
LIC_00724,O=C(Nc1cc(Cl)ccc1O)C1COCC(=O)N1Cc1ccccc1,1.0,0.43902439024390244,0.4339622641509434,1.0,0.0,1.0,Toxic Repellent
LIC_00723,O=C(CN1C(=O)CCC1=O)Nc1nnc(-c2ccc(Cl)s2)o1,1.0,0.6825396825396826,0.4339622641509434,1.0,0.03737839221710193,1.0,Toxic Repellent
LIC_00722,Cn1cccc1CN(Cc1cccs1)C(=O)CN1C(=O)CCC1=O,1.0,0.5000000000000001,0.4339622641509434,1.0,0.0,1.0,Toxic Repellent
LIC_00721,O=C(CN1C(=O)CCC1=O)Nc1nc(-c2ccc(Cl)s2)cs1,1.0,0.6825396825396826,0.4339622641509434,1.0,0.03737839221710193,1.0,Toxic Repellent
LIC_00720,O=C(CCc1ccccc1)Nc1ccc2c(c1)CC(=O)N2,1.0,0.3548387096774194,0.4339622641509434,1.0,0.0,1.0,Toxic Repellent
LIC_00719,O=C(Oc1ccc([N+](=O)[O-])cc1)N1CCCCC1,1.0,0.5000000000000001,0.4339622641509434,1.0,0.0,1.0,Toxic Repellent
LIC_00718,CCOC(=O)c1ccc(NC(=O)CN2C(=O)CCC2=O)cc1,1.0,0.43902439024390244,0.4339622641509434,1.0,0.0,1.0,Toxic Repellent
LIC_00717,Cc1ccccc1N1C(=O)CC(N2CCN(C(=O)OC(C)(C)C)CC2)C1=O,1.0,0.6825396825396826,0.4339622641509434,1.0,0.03737839221710193,1.0,Toxic Repellent
LIC_00716,CCOC(=O)N1CCN(C2CC(=O)N(c3ccc(C)c(C)c3)C2=O)CC1,1.0,0.6825396825396826,0.4339622641509434,1.0,0.03737839221710193,1.0,Toxic Repellent
LIC_00715,C=CCN1C(=O)CC(Nc2ccc(N3CCCCC3)cc2)C1=O,1.0,0.5000000000000001,0.4339622641509434,1.0,0.0,1.0,Toxic Repellent
LIC_00714,O=C(CCN1C(=O)c2ccccc2S1(=O)=O)Nc1cc(Cl)ccc1O,1.0,0.5000000000000001,0.4339622641509434,1.0,0.0,1.0,Toxic Repellent
LIC_00713,O=C(CN1C(=O)CSCC1=O)Nc1ccc(Cl)c(Cl)c1,1.0,0.5000000000000001,0.4339622641509434,1.0,0.0,1.0,Toxic Repellent
LIC_00712,Cn1cc(C(=O)O)c(=O)c2cc(F)c(N3CCCC3)cc21,1.0,0.43902439024390244,0.4339622641509434,1.0,0.0,1.0,Toxic Repellent
LIC_00743,O=C(Oc1cccc([N+](=O)[O-])c1)N1CCCCC1,1.0,0.43902439024390244,0.4339622641509434,1.0,0.0,1.0,Toxic Repellent
LIC_00742,CCn1nnc2c(N3CCN(C(=O)Nc4ccc(Cl)c(Cl)c4)CC3)ncnc21,1.0,0.8727272727272727,0.4339622641509434,1.0,0.22756598240469206,1.0,Toxic Repellent
LIC_00741,Cc1ccccc1N1C(=O)CC(N2CCN(c3ccc(F)cc3)CC2)C1=O,1.0,0.6825396825396826,0.4339622641509434,1.0,0.03737839221710193,1.0,Toxic Repellent
LIC_00740,O=C1CC(c2cccs2)CC(=O)N1CC(=O)N1CCc2ccccc21,1.0,0.5000000000000001,0.4339622641509434,1.0,0.0,1.0,Toxic Repellent
LIC_00739,Cc1ccc(N2C(=O)CC(N3CCN(c4ccccc4)CC3)C2=O)c(C)c1,1.0,0.5000000000000001,0.4339622641509434,1.0,0.0,1.0,Toxic Repellent
LIC_00738,COCCCN1C(=O)CC(Nc2ccc(OC)cc2)C1=O,1.0,0.43902439024390244,0.4339622641509434,1.0,0.0,1.0,Toxic Repellent
LIC_00737,O=C(CCC1NC(=O)c2ccccc2NC1=O)NCCc1ccccc1,1.0,0.43902439024390244,0.4339622641509434,1.0,0.0,1.0,Toxic Repellent
LIC_00736,COCCCN1C(=O)CC(Nc2ccc(N(C)C)cc2)C1=O,1.0,0.43902439024390244,0.4339622641509434,1.0,0.0,1.0,Toxic Repellent
LIC_00735,Cc1nn(CCC(=O)N2CCN(S(=O)(=O)c3ccccc3)CC2)c(C)c1Br,1.0,0.72,0.4339622641509434,1.0,0.07483870967741935,1.0,Toxic Repellent
LIC_00734,O=C(CN1C(=O)CCC1=O)Nc1nnc(-c2cc(Cl)sc2Cl)o1,1.0,0.6825396825396826,0.4339622641509434,1.0,0.03737839221710193,1.0,Toxic Repellent
LIC_00733,CC(C)CN1C(=O)CC(N2CCN(c3ccc(F)cc3)CC2)C1=O,1.0,0.6825396825396826,0.4339622641509434,1.0,0.03737839221710193,1.0,Toxic Repellent
LIC_00732,CC1CCc2sc(NC(=O)c3ccc(N4C(=O)CCC4=O)cc3)c(C#N)c2C1,1.0,0.6825396825396826,0.4339622641509434,1.0,0.03737839221710193,1.0,Toxic Repellent
LIC_00731,Cc1ccc2sc(NC(=O)CN3C(=O)CCC3=O)nc2c1C,1.0,0.43902439024390244,0.4339622641509434,1.0,0.0,1.0,Toxic Repellent
LIC_00730,O=C(CN1C(=O)CCC1=O)Nc1nc(-c2ccncc2)cs1,1.0,0.43902439024390244,0.4339622641509434,1.0,0.0,1.0,Toxic Repellent
LIC_00729,O=C(Nc1ccc(F)cc1F)c1ccc(N2C(=O)CCC2=O)cc1,1.0,0.43902439024390244,0.4339622641509434,1.0,0.0,1.0,Toxic Repellent
LIC_00728,Cc1ccc(-c2nnc(NC(=O)CN3C(=O)CCC3=O)o2)cc1C,1.0,0.43902439024390244,0.4339622641509434,1.0,0.0,1.0,Toxic Repellent
LIC_00759,COc1cc(C(=O)N2CCCCCC2=O)cc(OC)c1OC,1.0,0.5,0.4339622641509434,1.0,0.0,1.0,Toxic Repellent
LIC_00758,CCOC(=O)N1CCN(C2CC(=O)N(c3ccccc3CC)C2=O)CC1,1.0,0.6825396825396826,0.4339622641509434,1.0,0.03737839221710193,1.0,Toxic Repellent
LIC_00757,Cc1ccc(C)c2sc(NC(=O)CN3C(=O)CCC3=O)nc12,1.0,0.43902439024390244,0.4339622641509434,1.0,0.0,1.0,Toxic Repellent
LIC_00756,CCCCN1C(=O)CC(Nc2ccc(N(C)C)cc2)C1=O,1.0,0.43902439024390244,0.4339622641509434,1.0,0.0,1.0,Toxic Repellent
LIC_00755,c1ccc(Nc2ccccc2)cc1,1.0,0.41304347826086957,0.4339622641509434,1.0,0.0,1.0,Toxic Repellent
LIC_00754,Cc1cc(C)c2nc(NC(=O)CN3C(=O)CCC3=O)sc2c1,1.0,0.5000000000000001,0.4339622641509434,1.0,0.0,1.0,Toxic Repellent
LIC_00753,O=C(Nc1nc(-c2cc(Cl)sc2Cl)cs1)c1cccc(N2C(=O)CCC2=O)c1,1.0,0.6825396825396826,0.4339622641509434,1.0,0.03737839221710193,1.0,Toxic Repellent
LIC_00752,O=C(CN1C(=O)CCC1=O)Nc1nc2c(s1)CCc1ccccc1-2,1.0,0.5000000000000001,0.4339622641509434,1.0,0.0,1.0,Toxic Repellent
LIC_00751,Cc1ccc(S(=O)(=O)N2CCN(C(=O)CC(C)n3nc(C)c(Cl)c3C)CC2)cc1,1.0,0.8727272727272727,0.4339622641509434,1.0,0.22756598240469206,1.0,Toxic Repellent
LIC_00750,O=C(O)c1ccc(Oc2ccccc2)cc1,1.0,0.6825396825396826,0.4339622641509434,1.0,0.03737839221710193,1.0,Toxic Repellent
LIC_00749,O=C(Oc1cccc([N+](=O)[O-])c1)N1CCOCC1,1.0,0.5000000000000001,0.4339622641509434,1.0,0.0,1.0,Toxic Repellent
LIC_00748,CCn1cc(C(=O)O)c(=O)c2cc(F)c(N3CCOCC3)cc21,1.0,0.5,0.4339622641509434,1.0,0.0,1.0,Toxic Repellent
LIC_00747,COCCCN1C(=O)CC(Nc2ccc(N3CCOCC3)cc2)C1=O,1.0,0.5000000000000001,0.4339622641509434,1.0,0.0,1.0,Toxic Repellent
LIC_00746,O=C(CN1C(=O)CCC1=O)Nc1nc2ccc(F)cc2s1,1.0,0.43902439024390244,0.4339622641509434,1.0,0.0,1.0,Toxic Repellent
LIC_00745,CCCCOC(=O)c1ccc(O)cc1,1.0,0.6825396825396826,0.4339622641509434,1.0,0.03737839221710193,1.0,Toxic Repellent
LIC_00744,O=c1c(-c2ccccc2)coc2cc(OCCN3CCOCC3)ccc12,1.0,0.6825396825396826,0.4339622641509434,1.0,0.03737839221710193,1.0,Toxic Repellent
LIC_00775,O=C(CN1C(=O)CCC1=O)Nc1nc2c(F)cc(F)cc2s1,1.0,0.6825396825396826,0.4339622641509434,1.0,0.03737839221710193,1.0,Toxic Repellent
LIC_00774,Cc1cccc(N2C(=O)CC(N3CCN(c4ccc(F)cc4)CC3)C2=O)c1,1.0,0.5000000000000001,0.4339622641509434,1.0,0.0,1.0,Toxic Repellent
LIC_00773,COc1ccc2cccc(NC(=O)CN3C(=O)CCC3=O)c2n1,1.0,0.43902439024390244,0.4339622641509434,1.0,0.0,1.0,Toxic Repellent
LIC_00772,CC(C)CN1C(=O)CC(N2CCN(Cc3ccccc3)CC2)C1=O,1.0,0.6825396825396826,0.4339622641509434,1.0,0.03737839221710193,1.0,Toxic Repellent
LIC_00771,CN(C)C(=O)Oc1cccc([N+](=O)[O-])c1,1.0,0.5000000000000001,0.4339622641509434,1.0,0.0,1.0,Toxic Repellent
LIC_00770,CN(C)C(CNC(=O)c1ccc([N+](=O)[O-])cc1Cl)c1cccs1,1.0,0.6825396825396826,0.4339622641509434,1.0,0.03737839221710193,1.0,Toxic Repellent
LIC_00769,Cc1cc(C)c2sc(NC(=O)CN3C(=O)CCC3=O)nc2c1,1.0,0.43902439024390244,0.4339622641509434,1.0,0.0,1.0,Toxic Repellent
LIC_00768,O=C(CN1C(=O)CCC1=O)Nc1nc2ccccc2s1,1.0,0.43902439024390244,0.4339622641509434,1.0,0.0,1.0,Toxic Repellent
LIC_00767,COc1ccc(NC(=O)CN2C(=O)CCC2=O)c([N+](=O)[O-])c1,1.0,0.43902439024390244,0.4339622641509434,1.0,0.0,1.0,Toxic Repellent
LIC_00766,O=C(Nc1ccc(Cl)cc1[N+](=O)[O-])c1cnc2n(c1=O)CCS2,1.0,0.72,0.4339622641509434,1.0,0.07483870967741935,1.0,Toxic Repellent
LIC_00765,O=C(Nc1ccc([N+](=O)[O-])cc1Cl)c1cnc2n(c1=O)CCS2,1.0,0.8,0.4339622641509434,1.0,0.15483870967741942,1.0,Toxic Repellent
LIC_00764,N#Cc1c(NC(=O)c2cccc(N3C(=O)CCC3=O)c2)sc2c1CCCC2,1.0,0.6825396825396826,0.4339622641509434,1.0,0.03737839221710193,1.0,Toxic Repellent
LIC_00763,CCOC(=O)c1cn(CC)c2cc(N3CCCC3)c(F)cc2c1=O,1.0,0.6825396825396826,0.4339622641509434,1.0,0.03737839221710193,1.0,Toxic Repellent
LIC_00762,CCOC(=O)c1ccc(NC(=O)CN2C(=O)CSCC2=O)cc1,1.0,0.5000000000000001,0.4339622641509434,1.0,0.0,1.0,Toxic Repellent
LIC_00761,O=C(Nc1cc(C(F)(F)F)ccc1Cl)c1ccc(N2C(=O)CCC2=O)cc1,1.0,0.5000000000000001,0.4339622641509434,1.0,0.0,1.0,Toxic Repellent
LIC_00760,CCCn1cc(C(=O)O)c(=O)c2cc(F)ccc21,1.0,0.43902439024390244,0.4339622641509434,1.0,0.0,1.0,Toxic Repellent
LIC_00791,CC(C)OCCCN1C(=O)CC(Nc2ccc(N3CCOCC3)cc2)C1=O,1.0,0.5714285714285714,0.4339622641509434,1.0,0.0,1.0,Toxic Repellent
LIC_00790,COc1cc([N+](=O)[O-])ccc1NC(=O)CN1C(=O)CCC1=O,1.0,0.5000000000000001,0.4339622641509434,1.0,0.0,1.0,Toxic Repellent
LIC_00789,O=C(Nc1nc(-c2ccc(Br)s2)cs1)c1ccc(N2C(=O)CCC2=O)cc1,1.0,0.6825396825396826,0.4339622641509434,1.0,0.03737839221710193,1.0,Toxic Repellent
LIC_00788,Cc1ccc(CC(=O)Nc2ccccc2C#N)cc1,1.0,0.3,0.4339622641509434,1.0,0.0,0.9451612903225806,Toxic Repellent
LIC_00787,Cc1nn(C(C)CC(=O)N2CCN(S(=O)(=O)c3ccccc3)CC2)c(C)c1Br,1.0,0.8727272727272727,0.4339622641509434,1.0,0.22756598240469206,1.0,Toxic Repellent
LIC_00786,CCN(CC)C(=O)Oc1ccc(C(=O)O)cc1,1.0,0.43902439024390244,0.4339622641509434,1.0,0.0,1.0,Toxic Repellent
LIC_00785,O=C(CN1C(=O)CCC1=O)Nc1nc2ccc(Cl)cc2s1,1.0,0.5000000000000001,0.4339622641509434,1.0,0.0,1.0,Toxic Repellent
LIC_00784,O=C(Nc1cc(Cl)cc(Cl)c1)c1ccc(N2C(=O)CCC2=O)cc1,1.0,0.43902439024390244,0.4339622641509434,1.0,0.0,1.0,Toxic Repellent
LIC_00783,CCN1C(=O)CCc2cc(NC(=O)c3cccc(Cl)c3)ccc21,1.0,0.43902439024390244,0.4339622641509434,1.0,0.0,1.0,Toxic Repellent
LIC_00782,CC(C)(C)C(=O)CSc1nc2ccccc2[nH]1,1.0,0.43902439024390244,0.4339622641509434,1.0,0.0,1.0,Toxic Repellent
LIC_00781,N#Cc1c(NC(=O)c2cccc(N3C(=O)CCC3=O)c2)sc2c1CCCCC2,1.0,0.6825396825396826,0.4339622641509434,1.0,0.03737839221710193,1.0,Toxic Repellent
LIC_00780,N#Cc1c(NC(=O)c2ccc(N3C(=O)CCC3=O)cc2)sc2c1CCC2,1.0,0.5000000000000001,0.4339622641509434,1.0,0.0,1.0,Toxic Repellent
LIC_00779,Cc1c(Cl)ccc2sc(NC(=O)CN3C(=O)CCC3=O)nc12,1.0,0.5714285714285714,0.4339622641509434,1.0,0.0,1.0,Toxic Repellent
LIC_00778,Cc1cc(Cl)cc2sc(NC(=O)CN3C(=O)CCC3=O)nc12,1.0,0.5000000000000001,0.4339622641509434,1.0,0.0,1.0,Toxic Repellent
LIC_00776,C=CCN1C(=O)CC(Nc2ccc(CC)cc2)C1=O,1.0,0.41304347826086957,0.4339622641509434,1.0,0.0,1.0,Toxic Repellent
LIC_00807,CCCCc1ccc(NC(=O)CN2C(=O)CSCC2=O)cc1,1.0,0.43902439024390244,0.4339622641509434,1.0,0.0,1.0,Toxic Repellent
LIC_00806,Cc1ccc(S(=O)(=O)N2CCN(C(=O)CCn3nc(C)c(Br)c3C)CC2)cc1,1.0,0.6825396825396826,0.4339622641509434,1.0,0.03737839221710193,1.0,Toxic Repellent
LIC_00805,CN1C(=O)c2cccc(NC(=O)c3cccc(N4C(=O)CCC4=O)c3)c2C1=O,1.0,0.5000000000000001,0.4339622641509434,1.0,0.0,1.0,Toxic Repellent
LIC_00804,CC(=O)N1CCCc2cc(NC(=O)c3cccc(Cl)c3)ccc21,1.0,0.43902439024390244,0.4339622641509434,1.0,0.0,1.0,Toxic Repellent
LIC_00803,CC(=O)c1sc(NC(=O)c2ccc(N3C(=O)CCC3=O)cc2)nc1C,1.0,0.5000000000000001,0.4339622641509434,1.0,0.0,1.0,Toxic Repellent
LIC_00802,CC(=O)N1CCCc2cc(NC(=O)c3ccc(Cl)cc3)ccc21,1.0,0.43902439024390244,0.4339622641509434,1.0,0.0,1.0,Toxic Repellent
LIC_00801,Cc1ccc(Cl)c2sc(NC(=O)CN3C(=O)CCC3=O)nc12,1.0,0.5000000000000001,0.4339622641509434,1.0,0.0,1.0,Toxic Repellent
LIC_00800,COc1ccccc1N1C(=O)CC(N2CCN(c3ccc(F)cc3)CC2)C1=O,1.0,0.6825396825396826,0.4339622641509434,1.0,0.03737839221710193,1.0,Toxic Repellent
LIC_00799,Cn1c(=O)c2c(ncn2CC(=O)NCc2ccccc2)n(C)c1=O,1.0,0.5000000000000001,0.4339622641509434,1.0,0.0,1.0,Toxic Repellent
LIC_00798,O=C(Nc1nc(-c2ccc(Br)s2)cs1)c1cccc(N2C(=O)CCC2=O)c1,1.0,0.6825396825396826,0.4339622641509434,1.0,0.03737839221710193,1.0,Toxic Repellent
LIC_00797,Cc1ccc(N2C(=O)CC(N3CCN(Cc4ccccc4)CC3)C2=O)cc1,1.0,0.5000000000000001,0.4339622641509434,1.0,0.0,1.0,Toxic Repellent
LIC_00796,CCOC(=O)N1CCN(C2CC(=O)N(c3ccc(CC)cc3)C2=O)CC1,1.0,0.6825396825396826,0.4339622641509434,1.0,0.03737839221710193,1.0,Toxic Repellent
LIC_00795,CCN1C(=O)CCc2cc(NC(=O)c3ccc(Cl)cc3)ccc21,1.0,0.43902439024390244,0.4339622641509434,1.0,0.0,1.0,Toxic Repellent
LIC_00794,Cc1sc(NC(=O)c2cccc(N3C(=O)CCC3=O)c2)c(C(N)=O)c1C,1.0,0.5000000000000001,0.4339622641509434,1.0,0.0,1.0,Toxic Repellent
LIC_00793,COCCCN1C(=O)CC(Nc2ccc(N3CCCCC3)cc2)C1=O,1.0,0.5000000000000001,0.4339622641509434,1.0,0.0,1.0,Toxic Repellent
LIC_00792,COc1ccc(/C=C/C(=O)NCC(=O)O)cc1,1.0,0.43902439024390244,0.4339622641509434,1.0,0.0,1.0,Toxic Repellent
LIC_00823,CC(C)Sc1cccc(-c2nnc(NC(=O)CN3C(=O)CCC3=O)o2)c1,1.0,0.5714285714285714,0.4339622641509434,1.0,0.0,1.0,Toxic Repellent
LIC_00822,CC(=O)Cc1nc(-c2ccc(Cl)cc2)no1,1.0,0.43902439024390244,0.4339622641509434,1.0,0.0,1.0,Toxic Repellent
LIC_00821,O=C(O)CNC(=O)c1ccc([N+](=O)[O-])cc1,1.0,0.6825396825396826,0.4339622641509434,1.0,0.03737839221710193,1.0,Toxic Repellent
LIC_00820,Cc1ccc(-c2csc(NC(=O)CN3C(=O)CCC3=O)n2)cc1,1.0,0.43902439024390244,0.4339622641509434,1.0,0.0,1.0,Toxic Repellent
LIC_00819,CCc1nnc2ccc(N3CCN(C(=O)Nc4ccc(Cl)c(Cl)c4)CC3)nn12,1.0,0.8727272727272727,0.4339622641509434,1.0,0.22756598240469206,1.0,Toxic Repellent
LIC_00818,O=C(O)CCCCCCCCCCN1C(=O)CCC1=O,1.0,0.5000000000000001,0.4339622641509434,1.0,0.0,1.0,Toxic Repellent
LIC_00817,CCOc1cc(O)cc2oc(-c3ccccc3)cc(=O)c12,1.0,0.43902439024390244,0.4339622641509434,1.0,0.0,1.0,Toxic Repellent
LIC_00816,CCOC(=O)c1ccc(NC(=O)CN2C(=O)CSC(C)C2=O)cc1,1.0,0.5000000000000001,0.4339622641509434,1.0,0.0,1.0,Toxic Repellent
LIC_00815,COc1ccc(-c2coc3cc(OCC#N)ccc3c2=O)cc1,1.0,0.5000000000000001,0.4339622641509434,1.0,0.0,1.0,Toxic Repellent
LIC_00814,CCn1cc(C(=O)O)c(=O)c2cc(F)c(N3CCC(C)CC3)cc21,1.0,0.6825396825396826,0.4339622641509434,1.0,0.03737839221710193,1.0,Toxic Repellent
LIC_00813,CN1C(=O)c2ccc(NC(=O)c3ccc(N4C(=O)CCC4=O)cc3)cc2C1=O,1.0,0.5000000000000001,0.4339622641509434,1.0,0.0,1.0,Toxic Repellent
LIC_00812,Cc1noc(-c2ccc(NC(=O)CN3C(=O)CCC3=O)cc2)n1,1.0,0.43902439024390244,0.4339622641509434,1.0,0.0,1.0,Toxic Repellent
LIC_00811,CC(=O)N1CCCc2ccc(NC(=O)c3cccc(C)c3)cc21,1.0,0.41304347826086957,0.4339622641509434,1.0,0.0,1.0,Toxic Repellent
LIC_00810,O=C(CN1C(=O)CCC1=O)Nc1nc2cc3c(cc2s1)OCO3,1.0,0.5000000000000001,0.4339622641509434,1.0,0.0,1.0,Toxic Repellent
LIC_00809,CCc1cccc2sc(NC(=O)CN3C(=O)CCC3=O)nc12,1.0,0.43902439024390244,0.4339622641509434,1.0,0.0,1.0,Toxic Repellent
LIC_00808,COc1cccc(N2C(=O)CC(N3CCN(c4ccc(F)cc4)CC3)C2=O)c1,1.0,0.5000000000000001,0.4339622641509434,1.0,0.0,1.0,Toxic Repellent
LIC_00839,Cc1ccc(-c2csc(NC(=O)CN3C(=O)CCC3=O)n2)cc1C,1.0,0.43902439024390244,0.4339622641509434,1.0,0.0,1.0,Toxic Repellent
LIC_00838,O=C(CN1C(=O)CCC1=O)OC1CN(c2nc3c(C(F)(F)F)cccc3s2)C1,1.0,0.6825396825396826,0.4339622641509434,1.0,0.03737839221710193,1.0,Toxic Repellent
LIC_00837,O=C(NCC(=O)N1CCOCC1)c1c[nH]c2ccccc12,1.0,0.43902439024390244,0.4339622641509434,1.0,0.0,1.0,Toxic Repellent
LIC_00836,O=C(CN1C(=O)CCC1=O)Nc1nnc(-c2ccc3c(c2)CCCC3)o1,1.0,0.6825396825396826,0.4339622641509434,1.0,0.03737839221710193,1.0,Toxic Repellent
LIC_00835,O=C1OC2(CCCN(C(=O)Nc3ccc(Cl)c(Cl)c3)C2)c2ccccc21,1.0,0.6825396825396826,0.4339622641509434,1.0,0.03737839221710193,1.0,Toxic Repellent
LIC_00834,Cc1ccc(-c2csc(NC(=O)CN3C(=O)CCC3=O)n2)c(C)c1,1.0,0.43902439024390244,0.4339622641509434,1.0,0.0,1.0,Toxic Repellent
LIC_00833,O=C(CN1C(=O)CCC1=O)Nc1nc(-c2ccc(F)cc2)cs1,1.0,0.43902439024390244,0.4339622641509434,1.0,0.0,1.0,Toxic Repellent
LIC_00832,Cc1ccc(C)c(-c2csc(NC(=O)CN3C(=O)CCC3=O)n2)c1,1.0,0.43902439024390244,0.4339622641509434,1.0,0.0,1.0,Toxic Repellent
LIC_00831,O=C(CN1C(=O)CCC1=O)Nc1nc2ccc(Br)cc2s1,1.0,0.5000000000000001,0.4339622641509434,1.0,0.0,1.0,Toxic Repellent
LIC_00830,COc1cc(OC)c(C(=O)CCC(=O)O)cc1OC,1.0,0.43902439024390244,0.4339622641509434,1.0,0.0,1.0,Toxic Repellent
LIC_00828,COc1ccc(C)c2sc(NC(=O)CN3C(=O)CCC3=O)nc12,1.0,0.5,0.4339622641509434,1.0,0.0,1.0,Toxic Repellent
LIC_00827,Cc1nc2cccc(C)n2c(=O)c1NC(=O)c1ccc([N+](=O)[O-])cc1Cl,1.0,0.5000000000000001,0.4339622641509434,1.0,0.0,1.0,Toxic Repellent
LIC_00826,O=C(O)CCc1ccc(Oc2ccc(CCC(=O)O)cc2)cc1,1.0,0.6825396825396826,0.4339622641509434,1.0,0.03737839221710193,1.0,Toxic Repellent
LIC_00825,O=C(CN1C(=O)CCC1=O)Nc1nc(-c2ccccc2)cs1,1.0,0.43902439024390244,0.4339622641509434,1.0,0.0,1.0,Toxic Repellent
LIC_00824,COc1ccc2nc(NC(=O)CN3C(=O)CCC3=O)sc2c1,1.0,0.43902439024390244,0.4339622641509434,1.0,0.0,1.0,Toxic Repellent
LIC_00855,CC1(C)CC(=O)c2sc(NC(=O)c3ccc(N4C(=O)CCC4=O)cc3)nc2C1,1.0,0.72,0.4339622641509434,1.0,0.07483870967741935,1.0,Toxic Repellent
LIC_00854,O=C(CN1C(=O)CCC1=O)Nc1nnc(-c2ccc(C(F)(F)F)cc2)o1,1.0,0.5714285714285714,0.4339622641509434,1.0,0.0,1.0,Toxic Repellent
LIC_00853,CC1CCc2sc(NC(=O)c3ccc(N4C(=O)CCC4=O)cc3)c(C(N)=O)c2C1,1.0,0.6825396825396826,0.4339622641509434,1.0,0.03737839221710193,1.0,Toxic Repellent
LIC_00852,Cc1nn(CCC(=O)N2CCN(S(=O)(=O)c3ccc(Cl)cc3)CC2)c(C)c1Br,1.0,0.8727272727272727,0.4339622641509434,1.0,0.22756598240469206,1.0,Toxic Repellent
LIC_00851,CCOc1ccccc1N1C(=O)CC(N2CCN(c3ccccc3)CC2)C1=O,1.0,0.6825396825396826,0.4339622641509434,1.0,0.03737839221710193,1.0,Toxic Repellent
LIC_00850,Cc1ccc(S(=O)(=O)N2CCN(C(=O)CC(C)n3nc(C)c(Br)c3C)CC2)cc1,1.0,0.8727272727272727,0.4339622641509434,1.0,0.22756598240469206,1.0,Toxic Repellent
LIC_00849,O=C1CC(C2CCCC=C2N2CCCCC2)C(=O)N1c1ccc(N2CCOCC2)cc1,1.0,0.6825396825396826,0.4339622641509434,1.0,0.03737839221710193,1.0,Toxic Repellent
LIC_00848,O=C(O)c1ccc2ccccc2c1O,1.0,0.5,0.4339622641509434,1.0,0.0,1.0,Toxic Repellent
LIC_00847,CSc1nc2ccc(NC(=O)CN3C(=O)CCC3=O)cc2s1,1.0,0.5000000000000001,0.4339622641509434,1.0,0.0,1.0,Toxic Repellent
LIC_00846,O=C(CN1C(=O)CC(c2cccs2)CC1=O)OCc1ccccc1,1.0,0.5000000000000001,0.4339622641509434,1.0,0.0,1.0,Toxic Repellent
LIC_00845,CC1(C)CC(=O)c2sc(NC(=O)c3cccc(N4C(=O)CCC4=O)c3)nc2C1,1.0,0.6825396825396826,0.4339622641509434,1.0,0.03737839221710193,1.0,Toxic Repellent
LIC_00844,COc1cc(OC)c2c(=O)c(-c3ccccc3OC)coc2c1,1.0,0.43902439024390244,0.4339622641509434,1.0,0.0,1.0,Toxic Repellent
LIC_00843,Cc1nc2ccccn2c(=O)c1NC(=O)c1ccc([N+](=O)[O-])cc1Cl,1.0,0.6825396825396826,0.4339622641509434,1.0,0.03737839221710193,1.0,Toxic Repellent
LIC_00842,CC(=O)c1sc(NC(=O)c2cccc(N3C(=O)CCC3=O)c2)nc1C,1.0,0.43902439024390244,0.4339622641509434,1.0,0.0,1.0,Toxic Repellent
LIC_00841,COc1ccc2c(=O)c(-c3ccc(OC)c(OC)c3)coc2c1,1.0,0.43902439024390244,0.4339622641509434,1.0,0.0,1.0,Toxic Repellent
LIC_00840,Cc1ccc(C)c(-c2nnc(NC(=O)CN3C(=O)CCC3=O)o2)c1,1.0,0.43902439024390244,0.4339622641509434,1.0,0.0,1.0,Toxic Repellent
LIC_00871,O=C(CN1C(=O)CCC1=O)Nc1nc2c(Cl)ccc(Cl)c2s1,1.0,0.6825396825396826,0.4339622641509434,1.0,0.03737839221710193,1.0,Toxic Repellent
LIC_00870,COc1ccc(C(=O)CN2C(=O)COc3ccccc3C2=O)cc1F,1.0,0.43902439024390244,0.4339622641509434,1.0,0.0,1.0,Toxic Repellent
LIC_00869,COc1ccccc1N1C(=O)CC(N2CCN(Cc3ccccc3)CC2)C1=O,1.0,0.6825396825396826,0.4339622641509434,1.0,0.03737839221710193,1.0,Toxic Repellent
LIC_00868,CN1C(=O)c2cccc(NC(=O)c3cccc(C(F)(F)F)c3)c2C1=O,1.0,0.43902439024390244,0.4339622641509434,1.0,0.0,1.0,Toxic Repellent
LIC_00867,COc1cc(OC)c2c(=O)cc(-c3ccccc3)oc2c1,1.0,0.43902439024390244,0.4339622641509434,1.0,0.0,1.0,Toxic Repellent
LIC_00866,CC(=O)N1CCCc2ccc(NC(=O)c3ccc(Cl)cc3)cc21,1.0,0.43902439024390244,0.4339622641509434,1.0,0.0,1.0,Toxic Repellent
LIC_00865,CCOc1ccc2nc(NC(=O)CN3C(=O)CCC3=O)sc2c1,1.0,0.5000000000000001,0.4339622641509434,1.0,0.0,1.0,Toxic Repellent
LIC_00864,NC(=O)c1c(NC(=O)c2ccc(N3C(=O)CCC3=O)cc2)sc2c1CCCC2,1.0,0.6825396825396826,0.4339622641509434,1.0,0.03737839221710193,1.0,Toxic Repellent
LIC_00863,CC(=O)N1CCCc2ccc(NC(=O)c3cccc(Cl)c3)cc21,1.0,0.43902439024390244,0.4339622641509434,1.0,0.0,1.0,Toxic Repellent
LIC_00862,COc1ccc(-c2coc3cc(OCC(N)=O)ccc3c2=O)cc1OC,1.0,0.43902439024390244,0.4339622641509434,1.0,0.0,1.0,Toxic Repellent
LIC_00861,O=C(CN1C(=O)CCC1=O)Nc1nc2c(Cl)c(Cl)ccc2s1,1.0,0.6825396825396826,0.4339622641509434,1.0,0.03737839221710193,1.0,Toxic Repellent
LIC_00860,COc1ccccc1-c1csc(NC(=O)CN2C(=O)CCC2=O)n1,1.0,0.43902439024390244,0.4339622641509434,1.0,0.0,1.0,Toxic Repellent
LIC_00859,COc1ccc(-c2csc(NC(=O)CN3C(=O)CCC3=O)n2)cc1,1.0,0.43902439024390244,0.4339622641509434,1.0,0.0,1.0,Toxic Repellent
LIC_00858,CCOC(=O)N1CCN(C2CC(=O)N(c3ccc(N4CCOCC4)cc3)C2=O)CC1,1.0,0.6825396825396826,0.4339622641509434,1.0,0.03737839221710193,1.0,Toxic Repellent
LIC_00857,Cc1ccc(-c2nnc(NC(=O)CN3C(=O)CCC3=O)o2)c(C)c1,1.0,0.43902439024390244,0.4339622641509434,1.0,0.0,1.0,Toxic Repellent
LIC_00856,Cc1ccc(C23CC4CC(CC(C(=O)NCC(=O)O)(C4)C2)C3)cc1,1.0,0.6825396825396826,0.4339622641509434,1.0,0.03737839221710193,1.0,Toxic Repellent
LIC_00887,CCc1ccc(-c2csc(NC(=O)CN3C(=O)CCC3=O)n2)cc1,1.0,0.5000000000000001,0.4339622641509434,1.0,0.0,1.0,Toxic Repellent
LIC_00886,O=C(COc1ccc(-c2ccccc2)cc1)NCC1CCCO1,1.0,0.72,0.4339622641509434,1.0,0.07483870967741935,1.0,Toxic Repellent
LIC_00885,CC[n+]1c(-c2c(C)oc3cc(O)ccc3c2=O)csc1C,1.0,0.41304347826086957,0.4339622641509434,1.0,0.0,1.0,Toxic Repellent
LIC_00884,O=c1cc(-c2ccncc2)oc2ccccc12,1.0,0.3548387096774194,0.4339622641509434,1.0,0.0,1.0,Toxic Repellent
LIC_00883,COc1ccc(-c2coc3cc(OCC#N)ccc3c2=O)cc1OC,1.0,0.5000000000000001,0.4339622641509434,1.0,0.0,1.0,Toxic Repellent
LIC_00882,CCOC(=O)N1CCN(C2CC(=O)N(c3ccc(OC(F)F)cc3)C2=O)CC1,1.0,0.6825396825396826,0.4339622641509434,1.0,0.03737839221710193,1.0,Toxic Repellent
LIC_00881,COC(=O)c1c(NC(=O)c2ccc(N3C(=O)CCC3=O)cc2)sc(C)c1C,1.0,0.6825396825396826,0.4339622641509434,1.0,0.03737839221710193,1.0,Toxic Repellent
LIC_00880,O=C(O)CN(Cc1ccccc1)Cc1ccccc1,1.0,0.41304347826086957,0.4339622641509434,1.0,0.0,1.0,Toxic Repellent
LIC_00879,CCCn1cc(C(=O)Nc2ccc(C(C)C)cc2)c(=O)c2ccc(C)nc21,1.0,0.43902439024390244,0.4339622641509434,1.0,0.0,1.0,Toxic Repellent
LIC_00878,NC(=O)c1c(NC(=O)c2cccc(N3C(=O)CCC3=O)c2)sc2c1CCCCC2,1.0,0.6825396825396826,0.4339622641509434,1.0,0.03737839221710193,1.0,Toxic Repellent
LIC_00877,CCCn1cc(C(=O)Nc2ccc(OC)c(OC)c2)c(=O)c2ccc(C)nc21,1.0,0.5000000000000001,0.4339622641509434,1.0,0.0,1.0,Toxic Repellent
LIC_00876,COC(=O)c1sc2ccccc2c1NC(=O)CN1C(=O)CCC1=O,1.0,0.5000000000000001,0.4339622641509434,1.0,0.0,1.0,Toxic Repellent
LIC_00875,O=C(CN1C(=O)CCC1=O)NC1CCCC(OC(=O)Nc2ccc(F)cc2)C1,1.0,0.6825396825396826,0.4339622641509434,1.0,0.03737839221710193,1.0,Toxic Repellent
LIC_00874,CCOC(=O)N1CCN(C2CC(=O)N(c3cc(OC)ccc3OC)C2=O)CC1,1.0,0.6825396825396826,0.4339622641509434,1.0,0.03737839221710193,1.0,Toxic Repellent
LIC_00873,CCOC(=O)Nc1ccccc1NC(=O)OCC,1.0,0.43902439024390244,0.4339622641509434,1.0,0.0,1.0,Toxic Repellent
LIC_00872,COc1ccccc1C(=O)CN1C(=O)COc2ccccc2C1=O,1.0,0.43902439024390244,0.4339622641509434,1.0,0.0,1.0,Toxic Repellent
LIC_00903,Cc1ccc(-c2ccc(OCC(=O)N3CCOCC3)cc2)cc1,1.0,0.6825396825396826,0.4339622641509434,1.0,0.03737839221710193,1.0,Toxic Repellent
LIC_00902,Cc1nn(CCNC(=O)c2cccc([N+](=O)[O-])c2)c(C)c1Cl,1.0,0.6825396825396826,0.4339622641509434,1.0,0.03737839221710193,1.0,Toxic Repellent
LIC_00901,CCOC(=O)c1ccsc1NC(=O)c1ccc(N2C(=O)CCC2=O)cc1,1.0,0.5000000000000001,0.4339622641509434,1.0,0.0,1.0,Toxic Repellent
LIC_00900,O=C(CN1C(=O)CCC1=O)Nc1nnc(-c2ccc(OC(F)(F)F)cc2)o1,1.0,0.6825396825396826,0.4339622641509434,1.0,0.03737839221710193,1.0,Toxic Repellent
LIC_00899,Cc1nc2ccc(Cl)cn2c(=O)c1NC(=O)c1ccc([N+](=O)[O-])cc1Cl,1.0,0.6825396825396826,0.4339622641509434,1.0,0.03737839221710193,1.0,Toxic Repellent
LIC_00898,CCOC(=O)N1CCN(C2CC(=O)N(c3ccc(OC)cc3OC)C2=O)CC1,1.0,0.6825396825396826,0.4339622641509434,1.0,0.03737839221710193,1.0,Toxic Repellent
LIC_00897,CC(=O)Nc1ccc2c(c1)N(C(=O)c1ccccc1)CCC2,1.0,0.41304347826086957,0.4339622641509434,1.0,0.0,1.0,Toxic Repellent
LIC_00896,O=C1CCC(=O)N1CC(=O)N(CC1CCCO1)c1nc2c(C(F)(F)F)cccc2s1,1.0,0.8333333333333334,0.4339622641509434,1.0,0.18817204301075274,1.0,Toxic Repellent
LIC_00895,COc1ccc(OC)c2sc(NC(=O)CN3C(=O)CCC3=O)nc12,1.0,0.43902439024390244,0.4339622641509434,1.0,0.0,1.0,Toxic Repellent
LIC_00894,O=C(CN1C(=O)CCC1=O)Nc1nc(-c2ccc3c(c2)CCCC3)cs1,1.0,0.6825396825396826,0.4339622641509434,1.0,0.03737839221710193,1.0,Toxic Repellent
LIC_00893,COC(=O)c1ccsc1NC(=O)c1ccc(N2C(=O)CCC2=O)cc1,1.0,0.5000000000000001,0.4339622641509434,1.0,0.0,1.0,Toxic Repellent
LIC_00892,COC(=O)c1ccc2nc(NC(=O)CN3C(=O)CCC3=O)sc2c1,1.0,0.5000000000000001,0.4339622641509434,1.0,0.0,1.0,Toxic Repellent
LIC_00891,Cc1cccc2sc(N(CCN(C)C)C(=O)CN3C(=O)CCC3=O)nc12,1.0,0.6825396825396826,0.4339622641509434,1.0,0.03737839221710193,1.0,Toxic Repellent
LIC_00890,O=C(Nc1nccs1)c1ccc([N+](=O)[O-])cc1Cl,1.0,0.6825396825396826,0.4339622641509434,1.0,0.03737839221710193,1.0,Toxic Repellent
LIC_00889,CC1(C)S[C@@H]2[C@H](NC(=O)Cc3ccccc3)C(=O)N2[C@H]1C(=O)O,1.0,0.5,0.4339622641509434,1.0,0.0,1.0,Toxic Repellent
LIC_00888,COc1ccc(S(=O)(=O)C2CCN(C(=O)Nc3ccc(Cl)c(Cl)c3)CC2)cc1,1.0,0.875,0.4339622641509434,1.0,0.22983870967741937,1.0,Toxic Repellent
LIC_00919,CCOC(=O)N1CCN(C2CC(=O)N(c3ccc(SC(F)F)cc3)C2=O)CC1,1.0,0.6825396825396826,0.4339622641509434,1.0,0.03737839221710193,1.0,Toxic Repellent
LIC_00918,O=C(c1ccc(-c2ccc([N+](=O)[O-])cc2Cl)o1)N1CCOCC1,1.0,0.6825396825396826,0.4339622641509434,1.0,0.03737839221710193,1.0,Toxic Repellent
LIC_00917,CC(C)c1ccc(-c2csc(NC(=O)CN3C(=O)CCC3=O)n2)cc1,1.0,0.5000000000000001,0.4339622641509434,1.0,0.0,1.0,Toxic Repellent
LIC_00916,CN(C)c1ccc(N2C(=O)CC(NC34CC5CC(CC(C5)C3)C4)C2=O)cc1,1.0,0.6825396825396826,0.4339622641509434,1.0,0.03737839221710193,1.0,Toxic Repellent
LIC_00915,O=C(CN1C(=O)CCC1=O)NCc1cc(-c2ccc3c(c2)OCCO3)on1,1.0,0.5,0.4339622641509434,1.0,0.0,1.0,Toxic Repellent
LIC_00913,CCC(=O)c1ccc(OCC(O)Cn2nc(C)c(Br)c2C)cc1,1.0,0.72,0.4339622641509434,1.0,0.07483870967741935,1.0,Toxic Repellent
LIC_00912,O=C(Nc1ccc(Cl)c(Cl)c1)N1CCC(S(=O)(=O)c2ccccc2)C1,1.0,0.72,0.4339622641509434,1.0,0.07483870967741935,1.0,Toxic Repellent
LIC_00911,CCOc1ccc2c(=O)c(-c3ccc(OC)c(OC)c3)coc2c1,1.0,0.6825396825396826,0.4339622641509434,1.0,0.03737839221710193,1.0,Toxic Repellent
LIC_00910,O=C(CN1C(=O)CCC1=O)Nc1nnc(-c2cc(Cl)ccc2Cl)o1,1.0,0.6825396825396826,0.4339622641509434,1.0,0.03737839221710193,1.0,Toxic Repellent
LIC_00909,COc1cc(C(C)=O)ccc1OCC(O)Cn1nc(C)c(Br)c1C,1.0,0.6825396825396826,0.4339622641509434,1.0,0.03737839221710193,1.0,Toxic Repellent
LIC_00908,Cn1c(-c2ccccc2)nn(CCNC(=O)c2ccc(N3C(=O)CCC3=O)cc2)c1=O,1.0,0.6825396825396826,0.4339622641509434,1.0,0.03737839221710193,1.0,Toxic Repellent
LIC_00907,Cc1ccc(NC(=O)Nc2ccc3c(c2)CC(=O)N3)cc1,1.0,0.3548387096774194,0.4339622641509434,1.0,0.0,1.0,Toxic Repellent
LIC_00906,COc1ccc(-c2coc3c(C)c(OCCN4CCOCC4)ccc3c2=O)cc1,1.0,0.6825396825396826,0.4339622641509434,1.0,0.03737839221710193,1.0,Toxic Repellent
LIC_00905,CCN(CC)CCCC(C)Nc1ccnc2cc(Cl)ccc12,1.0,0.6825396825396826,0.4339622641509434,1.0,0.03737839221710193,1.0,Toxic Repellent
LIC_00904,O=C(Cn1cnc(-c2ccccc2)cc1=O)Nc1cc(Cl)ccc1O,1.0,0.43902439024390244,0.4339622641509434,1.0,0.0,1.0,Toxic Repellent
LIC_00935,O=C(/C=C/c1ccc2c(c1)OCO2)N1CCC(F)(F)CC1,1.0,0.5000000000000001,0.4339622641509434,1.0,0.0,1.0,Toxic Repellent
LIC_00934,CCn1cc(C(=O)NC2CCc3n[nH]c(=O)cc3C2)c(=O)c2ccc(C)nc21,1.0,0.6825396825396826,0.4339622641509434,1.0,0.03737839221710193,1.0,Toxic Repellent
LIC_00933,CCOC(=O)c1ccc2nc(NC(=O)CN3C(=O)CCC3=O)sc2c1,1.0,0.5000000000000001,0.4339622641509434,1.0,0.0,1.0,Toxic Repellent
LIC_00932,O=C(Nc1nc2c(s1)CN(C(=O)Nc1ccc(Cl)c(Cl)c1)CC2)c1ccco1,1.0,0.72,0.4339622641509434,1.0,0.07483870967741935,1.0,Toxic Repellent
LIC_00931,COc1ccc(Cl)cc1C(=O)CN1C(=O)COc2ccccc2C1=O,1.0,0.5,0.4339622641509434,1.0,0.0,1.0,Toxic Repellent
LIC_00930,C#CCOCC1CCN(C(=O)Nc2ccc(Cl)c(Cl)c2)CC1,1.0,0.5714285714285714,0.4339622641509434,1.0,0.0,1.0,Toxic Repellent
LIC_00929,COC(=O)c1c(NC(=O)c2ccc(N3C(=O)CCC3=O)cc2)sc2c1CCN(C(C)C)C2,1.0,0.8727272727272727,0.4339622641509434,1.0,0.22756598240469206,1.0,Toxic Repellent
LIC_00928,O=C(Nc1ccccn1)c1ccc([N+](=O)[O-])cc1Cl,1.0,0.6825396825396826,0.4339622641509434,1.0,0.03737839221710193,1.0,Toxic Repellent
LIC_00927,O=C1CCC(=O)N1C1CN(S(=O)(=O)c2ccc(-c3ccc(Cl)c(Cl)c3)cc2)C1,1.0,0.8727272727272727,0.4339622641509434,1.0,0.22756598240469206,1.0,Toxic Repellent
LIC_00926,COc1ccc(N2C(=O)CC(NC34CC5CC(CC(C5)C3)C4)C2=O)cc1,1.0,0.6825396825396826,0.4339622641509434,1.0,0.03737839221710193,1.0,Toxic Repellent
LIC_00925,O=C(CN1C(=O)CCC1=O)NCCn1ccn2nc(-c3ccco3)cc12,1.0,0.5000000000000001,0.4339622641509434,1.0,0.0,1.0,Toxic Repellent
LIC_00924,CCN(CCO)CCCC(C)Nc1ccnc2cc(Cl)ccc12,1.0,0.6825396825396826,0.4339622641509434,1.0,0.03737839221710193,1.0,Toxic Repellent
LIC_00923,CC(C)NC(=O)c1ccc(-c2ccc([N+](=O)[O-])cc2Cl)o1,1.0,0.6825396825396826,0.4339622641509434,1.0,0.03737839221710193,1.0,Toxic Repellent
LIC_00922,O=C(Nc1nc2c(s1)CN(C(=O)Nc1ccc(Cl)c(Cl)c1)CC2)c1cnccn1,1.0,0.8727272727272727,0.4339622641509434,1.0,0.22756598240469206,1.0,Toxic Repellent
LIC_00921,CCC1(c2ccccc2)CCC(=O)N(CC(=O)Nc2c(C)cc(C)cc2C)C1=O,1.0,0.6825396825396826,0.4339622641509434,1.0,0.03737839221710193,1.0,Toxic Repellent
LIC_00920,O=c1cc(-c2ccc(Cl)cc2)oc2cc(O)ccc12,1.0,0.41304347826086957,0.4339622641509434,1.0,0.0,1.0,Toxic Repellent
LIC_00951,O=C(O)c1cccc(OCc2ccccc2)c1,1.0,0.41304347826086957,0.4339622641509434,1.0,0.0,1.0,Toxic Repellent
LIC_00950,Cc1ccccc1NS(=O)(=O)c1ccc(N2C(=O)CCC2=O)cc1,1.0,0.5000000000000001,0.4339622641509434,1.0,0.0,1.0,Toxic Repellent
LIC_00949,O=C(CN1C(=O)CCC1=O)Nc1nc(-c2cc(Cl)ccc2Cl)cs1,1.0,0.6825396825396826,0.4339622641509434,1.0,0.03737839221710193,1.0,Toxic Repellent
LIC_00948,CCOC(=O)COc1cc(O)cc2oc(-c3ccccc3)cc(=O)c12,1.0,0.43902439024390244,0.4339622641509434,1.0,0.0,1.0,Toxic Repellent
LIC_00947,O=C(CN1C(=O)CCC1=O)Nc1nc(-c2ccc(Br)cc2)cs1,1.0,0.5000000000000001,0.4339622641509434,1.0,0.0,1.0,Toxic Repellent
LIC_00946,CCN1C(=O)CC(Sc2ncccc2C(=O)O)C1=O,1.0,0.43902439024390244,0.4339622641509434,1.0,0.0,1.0,Toxic Repellent
LIC_00945,O=C(CN1C(=O)CCC1=O)NCC1COC2(CCCCC2)O1,1.0,0.6825396825396826,0.4339622641509434,1.0,0.03737839221710193,1.0,Toxic Repellent
LIC_00944,O=C(CN1C(=O)CCC1=O)Nc1nc(-c2ccc(Cl)c(Cl)c2)cs1,1.0,0.6825396825396826,0.4339622641509434,1.0,0.03737839221710193,1.0,Toxic Repellent
LIC_00943,CCOC(=O)C1=C(COCCN)NC(C)=C(C(=O)OC)C1c1ccccc1Cl,1.0,0.6825396825396826,0.4339622641509434,1.0,0.03737839221710193,1.0,Toxic Repellent
LIC_00942,CCN1CCc2c(sc(NC(=O)c3cccc(N4C(=O)CCC4=O)c3)c2C(=O)OC)C1,1.0,0.72,0.4339622641509434,1.0,0.07483870967741935,1.0,Toxic Repellent
LIC_00941,O=C(NC1CCS(=O)(=O)C1)c1ccc(-c2ccc([N+](=O)[O-])cc2Cl)o1,1.0,0.6825396825396826,0.4339622641509434,1.0,0.03737839221710193,1.0,Toxic Repellent
LIC_00940,O=C(CN1C(=O)CCC1=O)OCc1cc(-c2ccccc2F)on1,1.0,0.43902439024390244,0.4339622641509434,1.0,0.0,1.0,Toxic Repellent
LIC_00939,CN(C)CCCN(C(=O)CN1C(=O)CCC1=O)c1nc2c(F)cccc2s1,1.0,0.6825396825396826,0.4339622641509434,1.0,0.03737839221710193,1.0,Toxic Repellent
LIC_00938,CN(C)CCCN(C(=O)CN1C(=O)CCC1=O)c1nc2ccc(F)cc2s1,1.0,0.6825396825396826,0.4339622641509434,1.0,0.03737839221710193,1.0,Toxic Repellent
LIC_00937,CCOc1ccc(F)cc1C(=O)CN1C(=O)COc2ccccc2C1=O,1.0,0.5000000000000001,0.4339622641509434,1.0,0.0,1.0,Toxic Repellent
LIC_00936,O=C(O)c1cccc2ccccc12,1.0,0.43902439024390244,0.4339622641509434,1.0,0.0,1.0,Toxic Repellent
LIC_00967,Cc1nn(CC(=O)Oc2ccc(Cl)cc2)c(C)c1Cl,1.0,0.6825396825396826,0.4339622641509434,1.0,0.03737839221710193,1.0,Toxic Repellent
LIC_00966,CC(=O)N1CCc2ccc(NC(=O)COc3ccc(Cl)cc3Cl)cc2C1,1.0,0.6825396825396826,0.4339622641509434,1.0,0.03737839221710193,1.0,Toxic Repellent
LIC_00965,CCOC(=O)c1c(NC(=O)c2ccc(N3C(=O)CCC3=O)cc2)sc(C)c1C,1.0,0.6825396825396826,0.4339622641509434,1.0,0.03737839221710193,1.0,Toxic Repellent
LIC_00964,Cc1sc2nc(SCC(=O)NCCO)n(-c3ccccc3)c(=O)c2c1C,1.0,0.5000000000000001,0.4339622641509434,1.0,0.0,1.0,Toxic Repellent
LIC_00963,CC1Cc2ccccc2N1C(=O)c1ccc(Cl)cc1,1.0,0.3548387096774194,0.4339622641509434,1.0,0.0,1.0,Toxic Repellent
LIC_00962,O=C(CN1C(=O)CCC1=O)OCc1cc(-c2ccc3c(c2)OCCO3)on1,1.0,0.5000000000000001,0.4339622641509434,1.0,0.0,1.0,Toxic Repellent
LIC_00961,CN(C)CCCN(C(=O)CN1C(=O)CCC1=O)c1nc2c(F)cc(F)cc2s1,1.0,0.72,0.4339622641509434,1.0,0.07483870967741935,1.0,Toxic Repellent
LIC_00960,Cc1ccc(NS(=O)(=O)c2ccc(N3C(=O)CCC3=O)cc2)cc1,1.0,0.5000000000000001,0.4339622641509434,1.0,0.0,1.0,Toxic Repellent
LIC_00959,O=C(CN1C(=O)CCC1=O)Nc1nc(-c2ccc(Cl)cc2Cl)cs1,1.0,0.6825396825396826,0.4339622641509434,1.0,0.03737839221710193,1.0,Toxic Repellent
LIC_00958,CCC(=O)N1CCCc2cc(NC(=O)c3ccc(Cl)cc3)ccc21,1.0,0.5000000000000001,0.4339622641509434,1.0,0.0,1.0,Toxic Repellent
LIC_00957,O=C(c1ccc(Br)cc1)N1CCCc2ccccc21,1.0,0.41304347826086957,0.4339622641509434,1.0,0.0,1.0,Toxic Repellent
LIC_00956,O=C(Nc1nc2c(s1)CN(S(=O)(=O)CCN1C(=O)CCCC1=O)CC2)C1CC1,1.0,0.8727272727272727,0.4339622641509434,1.0,0.22756598240469206,1.0,Toxic Repellent
LIC_00955,CCOc1ccc(OCCNC(=O)c2ccc(OC)cc2)cc1,1.0,0.6825396825396826,0.4339622641509434,1.0,0.03737839221710193,1.0,Toxic Repellent
LIC_00954,COc1ccc(-c2csc(NC(=O)CN3C(=O)CCC3=O)n2)c(OC)c1,1.0,0.43902439024390244,0.4339622641509434,1.0,0.0,1.0,Toxic Repellent
LIC_00953,COc1ccc(-c2csc(NC(=O)CN3C(=O)CCC3=O)n2)cc1OC,1.0,0.43902439024390244,0.4339622641509434,1.0,0.0,1.0,Toxic Repellent
LIC_00952,CCOC(=O)c1sc(NC(=O)c2ccc(N3C(=O)CCC3=O)cc2)cc1C,1.0,0.6825396825396826,0.4339622641509434,1.0,0.03737839221710193,1.0,Toxic Repellent
LIC_00984,CC(C)N1C(=O)CC(Sc2ncccc2C(=O)O)C1=O,1.0,0.43902439024390244,0.4339622641509434,1.0,0.0,1.0,Toxic Repellent
LIC_00983,CCOC(=O)c1sc(NC(=O)c2ccc(N3C(=O)CCC3=O)cc2)nc1C,1.0,0.6825396825396826,0.4339622641509434,1.0,0.03737839221710193,1.0,Toxic Repellent
LIC_00981,O=C1CCC(=O)N1c1ccc(S(=O)(=O)Nc2ccccc2F)cc1,1.0,0.6825396825396826,0.4339622641509434,1.0,0.03737839221710193,1.0,Toxic Repellent
LIC_00980,CCn1cc(C(=O)O)c(=O)c2cc(F)c(N3CCN(C(=O)CC#N)CC3)cc21,1.0,0.6825396825396826,0.4339622641509434,1.0,0.03737839221710193,1.0,Toxic Repellent
LIC_00979,CCNc1nc(NCC)nc(SCC(=O)c2ccccc2)n1,1.0,0.43902439024390244,0.4339622641509434,1.0,0.0,1.0,Toxic Repellent
LIC_00978,O=C(c1ccc([N+](=O)[O-])cc1Cl)N1CCN(c2ccc(N3CCCCC3)nn2)CC1,1.0,0.8727272727272727,0.4339622641509434,1.0,0.22756598240469206,1.0,Toxic Repellent
LIC_00977,CN(C)CCCN(C(=O)CN1C(=O)CCC1=O)c1nc2c(Cl)cccc2s1,1.0,0.6825396825396826,0.4339622641509434,1.0,0.03737839221710193,1.0,Toxic Repellent
LIC_00976,CN(C)CCCN(C(=O)CN1C(=O)CCC1=O)c1nc2ccc(Cl)cc2s1,1.0,0.6825396825396826,0.4339622641509434,1.0,0.03737839221710193,1.0,Toxic Repellent
LIC_00975,O=C1CCC(=O)N1c1ccc(S(=O)(=O)N2CCc3ccccc32)cc1,1.0,0.6825396825396826,0.4339622641509434,1.0,0.03737839221710193,1.0,Toxic Repellent
LIC_00974,CCn1cc(C(=O)NCc2n[nH]c(=O)c3ccccc23)c(=O)c2ccc(C)nc21,1.0,0.6825396825396826,0.4339622641509434,1.0,0.03737839221710193,1.0,Toxic Repellent
LIC_00973,CCSCC1CCCN1C1CCN(C(=O)Nc2ccc(Cl)c(Cl)c2)CC1,1.0,0.72,0.4339622641509434,1.0,0.07483870967741935,1.0,Toxic Repellent
LIC_00972,COc1ccc(N2C(=O)CC(NC34CC5CC(CC(C5)C3)C4)C2=O)c(OC)c1,1.0,0.72,0.4339622641509434,1.0,0.07483870967741935,1.0,Toxic Repellent
LIC_00971,CNC(=O)c1c(NC(=O)c2cccc(N3C(=O)CCC3=O)c2)sc(C)c1C,1.0,0.5068423674810516,0.4339622641509434,1.0,0.0,1.0,Toxic Repellent
LIC_00970,O=C1CCC(=O)N1Cc1ccc(S(=O)(=O)Nc2ccccc2)cc1,1.0,0.6825396825396826,0.4339622641509434,1.0,0.03737839221710193,1.0,Toxic Repellent
LIC_00969,COc1cccc2c1OC1(C)CC2NC(=O)N1,1.0,0.5000000000000001,0.4339622641509434,1.0,0.0,1.0,Toxic Repellent
LIC_00968,O=C(O)c1cccnc1SC1CC(=O)N(C2CCCC2)C1=O,1.0,0.6825396825396826,0.4339622641509434,1.0,0.03737839221710193,1.0,Toxic Repellent
LIC_01000,CC(C)(C)c1ccc(S(=O)(=O)Nc2nccs2)cc1,1.0,0.6825396825396826,0.4339622641509434,1.0,0.03737839221710193,1.0,Toxic Repellent
LIC_00999,Cc1cc(C)c(N(CC(O)CNCc2ccco2)S(C)(=O)=O)c(C)c1,1.0,0.6825396825396826,0.4339622641509434,1.0,0.03737839221710193,1.0,Toxic Repellent
LIC_00998,O=C(O)c1cccnc1SC1CC(=O)N(C2CCCCC2)C1=O,1.0,0.6825396825396826,0.4339622641509434,1.0,0.03737839221710193,1.0,Toxic Repellent
LIC_00997,CNC(=O)c1c(NC(=O)c2cccc(N3C(=O)CCC3=O)c2)sc2c1CCC(C)C2,1.0,0.72,0.4339622641509434,1.0,0.07483870967741935,1.0,Toxic Repellent
LIC_00996,CCN1CCN(CCOc2ccc3c(=O)c(-c4ccc(OC)c(OC)c4)coc3c2)CC1,1.0,0.6825396825396826,0.4339622641509434,1.0,0.03737839221710193,1.0,Toxic Repellent
LIC_00995,CC1CN(C(=O)c2ccccc2F)CCN1C(=O)c1ccccc1F,1.0,0.43902439024390244,0.4339622641509434,1.0,0.0,1.0,Toxic Repellent
LIC_00994,CCOC(=O)c1c(NC(=O)c2ccc(N3C(=O)CCC3=O)cc2)sc2c1CCC2,1.0,0.72,0.4339622641509434,1.0,0.07483870967741935,1.0,Toxic Repellent
LIC_00993,N#CCC(=O)N1CCN(c2cc3c(cc2F)c(=O)c(C(=O)O)cn3C2CC2)CC1,1.0,0.6825396825396826,0.4339622641509434,1.0,0.03737839221710193,1.0,Toxic Repellent
LIC_00992,O=C(Nc1ccc(Cl)c(Cl)c1)N(CCc1cccs1)C1CCOCC1,1.0,0.6825396825396826,0.4339622641509434,1.0,0.03737839221710193,1.0,Toxic Repellent
LIC_00991,CC12CC(NC(=O)N1)c1cc(Cl)ccc1O2,1.0,0.5000000000000001,0.4339622641509434,1.0,0.0,1.0,Toxic Repellent
LIC_00990,CN1C(=O)CC(Sc2ncccc2C(=O)O)C1=O,1.0,0.5,0.4339622641509434,1.0,0.0,1.0,Toxic Repellent
LIC_00989,Cc1ccc(C(C)C)c(OCC(O)Cn2nc(C)c(Br)c2C)c1,1.0,0.8727272727272727,0.4339622641509434,1.0,0.22756598240469206,1.0,Toxic Repellent
LIC_00988,O=C1CCC(=O)N1c1ccc(S(=O)(=O)Nc2ccccc2)cc1,1.0,0.5000000000000001,0.4339622641509434,1.0,0.0,1.0,Toxic Repellent
LIC_00987,Cc1cc(C)n(C(=O)c2ccc(Cl)cc2[N+](=O)[O-])n1,1.0,0.5714285714285714,0.4339622641509434,1.0,0.0,1.0,Toxic Repellent
LIC_00986,Cn1c(-c2cccs2)nn(CCNC(=O)c2ccc(N3C(=O)CCC3=O)cc2)c1=O,1.0,0.6825396825396826,0.4339622641509434,1.0,0.03737839221710193,1.0,Toxic Repellent
LIC_00985,O=C(c1ccc([N+](=O)[O-])cc1Cl)N1CCN(c2ccc(N3CCCCCC3)nn2)CC1,1.0,0.8727272727272727,0.4339622641509434,1.0,0.22756598240469206,1.0,Toxic Repellent
LIC_01016,COc1cccc(/C=C/C(=O)O)c1,1.0,0.43902439024390244,0.4339622641509434,1.0,0.0,1.0,Toxic Repellent
LIC_01015,O=C(O)c1ccc(Oc2ccc(C(=O)O)cc2)cc1,1.0,0.5000000000000001,0.4339622641509434,1.0,0.0,1.0,Toxic Repellent
LIC_01014,CC12CCC(=O)C=C1CCC1C2CCC2(C)C1CCC2(C)O,1.0,0.72,0.4339622641509434,1.0,0.07483870967741935,1.0,Toxic Repellent
LIC_01013,O=C(NCC1COC2(CCCC2)O1)c1ccc([N+](=O)[O-])cc1Cl,1.0,0.6825396825396826,0.4339622641509434,1.0,0.03737839221710193,1.0,Toxic Repellent
LIC_01012,CCCN1C(=O)CC(Sc2ncccc2C(=O)O)C1=O,1.0,0.43902439024390244,0.4339622641509434,1.0,0.0,1.0,Toxic Repellent
LIC_01011,CC(C)CN1C(=O)CC(Sc2ncccc2C(=O)O)C1=O,1.0,0.5000000000000001,0.4339622641509434,1.0,0.0,1.0,Toxic Repellent
LIC_01010,O=C(/C=C/c1ccc2c(c1)OCO2)N1CCC(N2CCCC2=O)CC1,1.0,0.6825396825396826,0.4339622641509434,1.0,0.03737839221710193,1.0,Toxic Repellent
LIC_01009,COc1cc(/C=C/C(=O)O)cc(OC)c1OC,1.0,0.6825396825396826,0.4339622641509434,1.0,0.03737839221710193,1.0,Toxic Repellent
LIC_01008,O=C1CCCC(=O)N1CCS(=O)(=O)N1CC(c2nc(-c3cccs3)no2)C1,1.0,0.6825396825396826,0.4339622641509434,1.0,0.03737839221710193,1.0,Toxic Repellent
LIC_01007,CNC(=O)c1c(NC(=O)c2cccc(N3C(=O)CCC3=O)c2)sc2c1CCCC2,1.0,0.6825396825396826,0.4339622641509434,1.0,0.03737839221710193,1.0,Toxic Repellent
LIC_01006,CCC(=O)N1CCCc2ccc(NC(=O)c3ccc(Cl)cc3)cc21,1.0,0.5000000000000001,0.4339622641509434,1.0,0.0,1.0,Toxic Repellent
LIC_01005,CCC(=O)N1CCCc2cc(NC(=O)c3cccc(Cl)c3)ccc21,1.0,0.43902439024390244,0.4339622641509434,1.0,0.0,1.0,Toxic Repellent
LIC_01004,CCC(=O)N1CCCc2ccc(NC(=O)c3cccc(Cl)c3)cc21,1.0,0.43902439024390244,0.4339622641509434,1.0,0.0,1.0,Toxic Repellent
LIC_01003,O=C(c1ccco1)N1CCN(S(=O)(=O)CCN2C(=O)CCCC2=O)CC1,1.0,0.6825396825396826,0.4339622641509434,1.0,0.03737839221710193,1.0,Toxic Repellent
LIC_01002,CNC(=O)c1c(NC(=O)c2cccc(N3C(=O)CCC3=O)c2)sc2c1CCC2,1.0,0.6825396825396826,0.4339622641509434,1.0,0.03737839221710193,1.0,Toxic Repellent
LIC_01001,CCCOc1ccc(-c2csc(NC(=O)CN3C(=O)CCC3=O)n2)cc1,1.0,0.5643919907291096,0.4339622641509434,1.0,0.0,1.0,Toxic Repellent
LIC_01032,OC(CN1CCOCC1)Cn1c2ccccc2c2ccccc21,1.0,0.6825396825396826,0.4339622641509434,1.0,0.03737839221710193,1.0,Toxic Repellent
LIC_01031,O=C1CCC(=O)N1c1ccc(-c2nc3ccccc3s2)cc1,1.0,0.41304347826086957,0.4339622641509434,1.0,0.0,1.0,Toxic Repellent
LIC_01030,Cc1oc(-c2ccc([N+](=O)[O-])cc2Cl)cc1C(=O)O,1.0,0.43902439024390244,0.4339622641509434,1.0,0.0,1.0,Toxic Repellent
LIC_01029,CCOC(=O)c1c(NC(=O)c2cccc(N3C(=O)CCC3=O)c2)sc2c1CCN(CC)C2,1.0,0.8727272727272727,0.4339622641509434,1.0,0.22756598240469206,1.0,Toxic Repellent
LIC_01028,COc1ccccc1NS(=O)(=O)c1ccc(N2C(=O)CCC2=O)cc1,1.0,0.6825396825396826,0.4339622641509434,1.0,0.03737839221710193,1.0,Toxic Repellent
LIC_01027,O=C1CCCC(=O)N1CCS(=O)(=O)Nc1cnn(CC2COc3ccccc3O2)c1,1.0,0.6825396825396826,0.4339622641509434,1.0,0.03737839221710193,1.0,Toxic Repellent
LIC_01026,COC(=O)c1ccc(OC(=O)CCn2nc(C)c(Cl)c2C)cc1,1.0,0.6825396825396826,0.4339622641509434,1.0,0.03737839221710193,1.0,Toxic Repellent
LIC_01024,COCCN1C(=O)CC(Sc2ncccc2C(=O)O)C1=O,1.0,0.5000000000000001,0.4339622641509434,1.0,0.0,1.0,Toxic Repellent
LIC_01023,CN(C(=O)c1ccc(-c2ccc(Cl)cc2[N+](=O)[O-])o1)C1CCS(=O)(=O)C1,1.0,0.6825396825396826,0.4339622641509434,1.0,0.03737839221710193,1.0,Toxic Repellent
LIC_01022,COc1cccc(NS(=O)(=O)c2ccc(N3C(=O)CCC3=O)cc2)c1,1.0,0.5000000000000001,0.4339622641509434,1.0,0.0,1.0,Toxic Repellent
LIC_01021,CNC(=O)c1c(NC(=O)c2ccc(N3C(=O)CCC3=O)cc2)sc2c1CCCCC2,1.0,0.72,0.4339622641509434,1.0,0.07483870967741935,1.0,Toxic Repellent
LIC_01020,COc1ccc(CNS(=O)(=O)c2ccc(N3C(=O)CCC3=O)cc2)cc1,1.0,0.6825396825396826,0.4339622641509434,1.0,0.03737839221710193,1.0,Toxic Repellent
LIC_01019,O=c1cc(CN2CCC3(CC2)OCCO3)c2cc(Cl)c(O)cc2o1,1.0,0.6825396825396826,0.4339622641509434,1.0,0.03737839221710193,1.0,Toxic Repellent
LIC_01018,c1ccc(-c2noc(-c3ccc[nH]3)n2)cc1,1.0,0.43902439024390244,0.4339622641509434,1.0,0.0,1.0,Toxic Repellent
LIC_01017,O=C(CN1C(=O)CCC1=O)Nc1ccc2c(c1)CN(C(=O)c1cccs1)CC2,1.0,0.6825396825396826,0.4339622641509434,1.0,0.03737839221710193,1.0,Toxic Repellent
LIC_01048,CC(=O)c1ccc(NS(=O)(=O)c2ccc(N3C(=O)CCC3=O)cc2)cc1,1.0,0.6825396825396826,0.4339622641509434,1.0,0.03737839221710193,1.0,Toxic Repellent
LIC_01047,Cc1oc(-c2ccc(Cl)cc2[N+](=O)[O-])cc1C(=O)O,1.0,0.43902439024390244,0.4339622641509434,1.0,0.0,1.0,Toxic Repellent
LIC_01046,O=C1CCC(=O)N1c1ccc(S(=O)(=O)NCCc2cccs2)cc1,1.0,0.6825396825396826,0.4339622641509434,1.0,0.03737839221710193,1.0,Toxic Repellent
LIC_01045,CC(=O)N1CCc2ccc(NS(=O)(=O)CCN3C(=O)CCCC3=O)cc21,1.0,0.6825396825396826,0.4339622641509434,1.0,0.03737839221710193,1.0,Toxic Repellent
LIC_01044,O=C(Nc1nc2ccccc2s1)c1cccc(N2C(=O)CCC2=O)c1,1.0,0.43902439024390244,0.4339622641509434,1.0,0.0,1.0,Toxic Repellent
LIC_01043,COCCn1nnn(-c2ccc(NC(=O)NCc3ccc(Cl)cc3)cc2)c1=O,1.0,0.6825396825396826,0.4339622641509434,1.0,0.03737839221710193,1.0,Toxic Repellent
LIC_01042,COCCn1nnn(-c2ccc(NC(=O)Nc3cccc(Cl)c3)cc2)c1=O,1.0,0.5000000000000001,0.4339622641509434,1.0,0.0,1.0,Toxic Repellent
LIC_01041,CC1CN(Cc2cc(=O)oc3cc(O)c(Cl)cc23)CC(C)O1,1.0,0.6825396825396826,0.4339622641509434,1.0,0.03737839221710193,1.0,Toxic Repellent
LIC_01040,CC(=O)c1cccc(NS(=O)(=O)c2ccc(N3C(=O)CCC3=O)cc2)c1,1.0,0.6825396825396826,0.4339622641509434,1.0,0.03737839221710193,1.0,Toxic Repellent
LIC_01039,Cc1nc2ccc(NC(=O)c3ccc(N4C(=O)CCC4=O)cc3)cc2s1,1.0,0.5000000000000001,0.4339622641509434,1.0,0.0,1.0,Toxic Repellent
LIC_01038,Cc1nc2cc(NC(=O)c3ccc(N4C(=O)CCC4=O)cc3)ccc2s1,1.0,0.5000000000000001,0.4339622641509434,1.0,0.0,1.0,Toxic Repellent
LIC_01037,NCCc1ccc(Oc2ccc(CCN)cc2)cc1,1.0,0.8727272727272727,0.4339622641509434,1.0,0.22756598240469206,1.0,Toxic Repellent
LIC_01036,CN(C)CCCN(C(=O)CN1C(=O)CCC1=O)c1nc2ccc(Br)cc2s1,1.0,0.6825396825396826,0.4339622641509434,1.0,0.03737839221710193,1.0,Toxic Repellent
LIC_01035,CCOC(=O)c1c(NC(=O)c2ccc(N3C(=O)CCC3=O)cc2)sc2c1CCCC2,1.0,0.8,0.4339622641509434,1.0,0.15483870967741942,1.0,Toxic Repellent
LIC_01034,CNC(=O)c1c(NC(=O)c2cccc(N3C(=O)CCC3=O)c2)sc2c1CCCCC2,1.0,0.72,0.4339622641509434,1.0,0.07483870967741935,1.0,Toxic Repellent
LIC_01033,CNC(=O)c1c(NC(=O)c2ccc(N3C(=O)CCC3=O)cc2)sc2c1CCC(C)C2,1.0,0.72,0.4339622641509434,1.0,0.07483870967741935,1.0,Toxic Repellent
LIC_01064,Cc1ccc2sc(NC(=O)c3ccc(N4C(=O)CCC4=O)cc3)nc2c1C,1.0,0.6825396825396826,0.4339622641509434,1.0,0.03737839221710193,1.0,Toxic Repellent
LIC_01063,O=C(O)CNC(=O)c1ccc(Cl)nc1,1.0,0.75,0.4339622641509434,1.0,0.10483870967741937,1.0,Toxic Repellent
LIC_01062,O=C(Nc1nc2c(F)cccc2s1)c1cccc(N2C(=O)CCC2=O)c1,1.0,0.43902439024390244,0.4339622641509434,1.0,0.0,1.0,Toxic Repellent
LIC_01061,COCCCN1C(=O)CC(Sc2ncccc2C(=O)O)C1=O,1.0,0.5000000000000001,0.4339622641509434,1.0,0.0,1.0,Toxic Repellent
LIC_01060,CCOC(=O)c1c(NC(=O)c2ccc(N3C(=O)CCC3=O)cc2)sc2c1CCN(C(C)C)C2,1.0,0.8727272727272727,0.4339622641509434,1.0,0.22756598240469206,1.0,Toxic Repellent
LIC_01059,O=C(NCC1COC2(CCCCC2)O1)c1ccc([N+](=O)[O-])cc1Cl,1.0,0.6825396825396826,0.4339622641509434,1.0,0.03737839221710193,1.0,Toxic Repellent
LIC_01058,CCOc1ccc2nc(-c3ccc(N)cc3)sc2c1,1.0,0.72,0.4339622641509434,1.0,0.07483870967741935,1.0,Toxic Repellent
LIC_01057,O=c1cc(CN2CCCCC2)c2cc(Cl)c(O)cc2o1,1.0,0.43902439024390244,0.4339622641509434,1.0,0.0,1.0,Toxic Repellent
LIC_01056,CCOc1ccc(C)cc1S(=O)(=O)Nc1cc(Cl)ccc1O,1.0,0.6825396825396826,0.4339622641509434,1.0,0.03737839221710193,1.0,Toxic Repellent
LIC_01055,O=C(Nc1ccc2sccc2c1)c1ccc(N2C(=O)CCC2=O)cc1,1.0,0.43902439024390244,0.4339622641509434,1.0,0.0,1.0,Toxic Repellent
LIC_01054,O=C(Nc1ccc2sccc2c1)c1cccc(N2C(=O)CCC2=O)c1,1.0,0.43902439024390244,0.4339622641509434,1.0,0.0,1.0,Toxic Repellent
LIC_01053,O=C(CN1C(=O)CCC1=O)Nc1sccc1-c1nc2ccccc2s1,1.0,0.5,0.4339622641509434,1.0,0.0,1.0,Toxic Repellent
LIC_01051,CCC(=O)N1CCc2ccc(NC(=O)COc3ccc(Cl)cc3Cl)cc2C1,1.0,0.8333333333333334,0.4339622641509434,1.0,0.18817204301075274,1.0,Toxic Repellent
LIC_01050,CCOc1ccc(NS(=O)(=O)c2ccc(N3C(=O)CCC3=O)cc2)cc1,1.0,0.6825396825396826,0.4339622641509434,1.0,0.03737839221710193,1.0,Toxic Repellent
LIC_01049,CC(=O)c1cccc(NS(=O)(=O)c2ccc(N3C(=O)CCC3=O)c(C)c2)c1,1.0,0.6825396825396826,0.4339622641509434,1.0,0.03737839221710193,1.0,Toxic Repellent
LIC_01080,CC(C)C(=O)Nc1ccc(S(=O)(=O)Nc2nccs2)cc1,1.0,0.6825396825396826,0.4339622641509434,1.0,0.03737839221710193,1.0,Toxic Repellent
LIC_01079,O=C(Nc1nc2c(F)cc(F)cc2s1)c1cccc(N2C(=O)CCC2=O)c1,1.0,0.6825396825396826,0.4339622641509434,1.0,0.03737839221710193,1.0,Toxic Repellent
LIC_01078,Cc1cc(C)c2nc(NC(=O)c3ccc(N4C(=O)CCC4=O)cc3)sc2c1,1.0,0.6825396825396826,0.4339622641509434,1.0,0.03737839221710193,1.0,Toxic Repellent
LIC_01077,Cc1cc(C)c2sc(NC(=O)c3cccc(N4C(=O)CCC4=O)c3)nc2c1,1.0,0.5000000000000001,0.4339622641509434,1.0,0.0,1.0,Toxic Repellent
LIC_01076,Cc1ccc(C)c2sc(NC(=O)c3cccc(N4C(=O)CCC4=O)c3)nc12,1.0,0.5000000000000001,0.4339622641509434,1.0,0.0,1.0,Toxic Repellent
LIC_01075,O=C(/C=C/c1ccc2c(c1)OCO2)NCC#CCN1CCCC1,1.0,0.5000000000000001,0.4339622641509434,1.0,0.0,1.0,Toxic Repellent
LIC_01074,CC1CCN(Cc2cc(=O)oc3cc(O)c(Cl)cc23)CC1,1.0,0.5000000000000001,0.4339622641509434,1.0,0.0,1.0,Toxic Repellent
LIC_01073,COc1ccc(Cl)cc1S(=O)(=O)Nc1cc(Cl)ccc1O,1.0,0.6825396825396826,0.4339622641509434,1.0,0.03737839221710193,1.0,Toxic Repellent
LIC_01072,CCOc1ccc(S(=O)(=O)Nc2cc(Cl)ccc2O)cc1,1.0,0.8727272727272727,0.4339622641509434,1.0,0.22756598240469206,1.0,Toxic Repellent
LIC_01071,COCC(C)(O)CNC(=O)/C=C/c1ccc2c(c1)OCO2,1.0,0.5000000000000001,0.4339622641509434,1.0,0.0,1.0,Toxic Repellent
LIC_01070,COc1cc(S(=O)(=O)Nc2cc(Cl)ccc2O)c(OC)cc1C,1.0,0.6825396825396826,0.4339622641509434,1.0,0.03737839221710193,1.0,Toxic Repellent
LIC_01069,O=C(Nc1nc2c(F)cccc2s1)c1ccc(N2C(=O)CCC2=O)cc1,1.0,0.5,0.4339622641509434,1.0,0.0,1.0,Toxic Repellent
LIC_01068,CCOC(=O)c1c(NC(=O)c2ccc(N3C(=O)CCC3=O)cc2)sc2c1CCC(C)C2,1.0,0.8,0.4339622641509434,1.0,0.15483870967741942,1.0,Toxic Repellent
LIC_01067,Cc1cc(C)c2sc(NC(=O)c3ccc(N4C(=O)CCC4=O)cc3)nc2c1,1.0,0.6825396825396826,0.4339622641509434,1.0,0.03737839221710193,1.0,Toxic Repellent
LIC_01066,Cc1ccc(C)c2sc(NC(=O)c3ccc(N4C(=O)CCC4=O)cc3)nc12,1.0,0.6825396825396826,0.4339622641509434,1.0,0.03737839221710193,1.0,Toxic Repellent
LIC_01065,Cc1ccc2sc(NC(=O)c3cccc(N4C(=O)CCC4=O)c3)nc2c1C,1.0,0.5519682878392096,0.4339622641509434,1.0,0.0,1.0,Toxic Repellent
LIC_01096,COc1ccc2nc(NC(=O)c3cccc(N4C(=O)CCC4=O)c3)sc2c1,1.0,0.5000000000000001,0.4339622641509434,1.0,0.0,1.0,Toxic Repellent
LIC_01095,COc1cccc2sc(NC(=O)c3ccc(N4C(=O)CCC4=O)cc3)nc12,1.0,0.6825396825396826,0.4339622641509434,1.0,0.03737839221710193,1.0,Toxic Repellent
LIC_01094,COc1ccc(Cl)c2sc(NC(=O)c3cccc(N4C(=O)CCC4=O)c3)nc12,1.0,0.6825396825396826,0.4339622641509434,1.0,0.03737839221710193,1.0,Toxic Repellent
LIC_01093,CCN1C(=O)CC(Sc2ccccc2C(=O)O)C1=O,1.0,0.3548387096774194,0.4339622641509434,1.0,0.0,1.0,Toxic Repellent
LIC_01092,CCOc1cc(C2C(C(=O)OC(C)C)=C(C)NC3=C2C(=O)C(C(=O)OC)C(C)C3)cc(Cl)c1O,1.0,0.8727272727272727,0.4339622641509434,1.0,0.22756598240469206,1.0,Toxic Repellent
LIC_01091,COc1ccc(NS(=O)(=O)c2ccc(N3C(=O)CCC3=O)cc2)cc1OC,1.0,0.5000000000000001,0.4339622641509434,1.0,0.0,1.0,Toxic Repellent
LIC_01090,O=C(Nc1ccccc1)OC1CCCC(NS(=O)(=O)CCN2C(=O)CCCC2=O)C1,1.0,0.72,0.4339622641509434,1.0,0.07483870967741935,1.0,Toxic Repellent
LIC_01089,CCc1cccc2sc(NC(=O)c3ccc(N4C(=O)CCC4=O)cc3)nc12,1.0,0.6825396825396826,0.4339622641509434,1.0,0.03737839221710193,1.0,Toxic Repellent
LIC_01088,O=C(Nc1nc2ccc(Cl)cc2s1)c1ccc(N2C(=O)CCC2=O)cc1,1.0,0.5355429337985687,0.4339622641509434,1.0,0.0,1.0,Toxic Repellent
LIC_01087,O=C(Nc1nc2c(Cl)cccc2s1)c1ccc(N2C(=O)CCC2=O)cc1,1.0,0.6825396825396826,0.4339622641509434,1.0,0.03737839221710193,1.0,Toxic Repellent
LIC_01086,Cc1ccc(NC2SC(=O)N(CCN3C(=O)CCC3=O)C2=O)cc1,1.0,0.5000000000000001,0.4339622641509434,1.0,0.0,1.0,Toxic Repellent
LIC_01085,Cc1cccc(-c2nnc(NC(=O)c3ccc(N4C(=O)CCC4=O)cc3)s2)c1,1.0,0.6825396825396826,0.4339622641509434,1.0,0.03737839221710193,1.0,Toxic Repellent
LIC_01084,CC(C)N1C(=O)CC(Sc2ccccc2C(=O)O)C1=O,1.0,0.41304347826086957,0.4339622641509434,1.0,0.0,1.0,Toxic Repellent
LIC_01083,O=C(Nc1cc(Cl)ccc1O)c1nnn(-c2ccccc2)n1,1.0,0.5000000000000001,0.4339622641509434,1.0,0.0,1.0,Toxic Repellent
LIC_01082,NNC(=O)CCc1nc(-c2cccs2)no1,1.0,0.43902439024390244,0.4339622641509434,1.0,0.0,1.0,Toxic Repellent
LIC_01081,CN1/C(=C(\C#N)C(=O)CN2C(=O)CCC2=O)Nc2ccccc21,1.0,0.43902439024390244,0.4339622641509434,1.0,0.0,1.0,Toxic Repellent
LIC_01112,Cc1ccc(Cl)c2sc(NC(=O)c3ccc(N4C(=O)CCC4=O)cc3)nc12,1.0,0.6825396825396826,0.4339622641509434,1.0,0.03737839221710193,1.0,Toxic Repellent
LIC_01111,Cc1cc(Cl)cc2sc(NC(=O)c3ccc(N4C(=O)CCC4=O)cc3)nc12,1.0,0.6825396825396826,0.4339622641509434,1.0,0.03737839221710193,1.0,Toxic Repellent
LIC_01110,Cc1c(Cl)ccc2sc(NC(=O)c3ccc(N4C(=O)CCC4=O)cc3)nc12,1.0,0.6825396825396826,0.4339622641509434,1.0,0.03737839221710193,1.0,Toxic Repellent
LIC_01109,CC(C)c1ccc2nc(NC(=O)c3ccc(N4C(=O)CCC4=O)cc3)sc2c1,1.0,0.6825396825396826,0.4339622641509434,1.0,0.03737839221710193,1.0,Toxic Repellent
LIC_01108,Cc1cc(C)c2nc(N(Cc3ccccn3)C(=O)CN3C(=O)CCC3=O)sc2c1,1.0,0.8,0.4339622641509434,1.0,0.15483870967741942,1.0,Toxic Repellent
LIC_01107,Cc1ccc(OCc2nnc(-c3ccccc3)o2)cc1,1.0,0.5714285714285714,0.4339622641509434,1.0,0.0,1.0,Toxic Repellent
LIC_01106,O=C(Nc1ncc(-c2ccccc2)s1)c1cccc(N2C(=O)CCC2=O)c1,1.0,0.6825396825396826,0.4339622641509434,1.0,0.03737839221710193,1.0,Toxic Repellent
LIC_01105,CC1(C)OCC2(CO1)CN(S(=O)(=O)CCN1C(=O)CCCC1=O)C2,1.0,0.72,0.4339622641509434,1.0,0.07483870967741935,1.0,Toxic Repellent
LIC_01104,CCc1cccc2sc(NC(=O)c3cccc(N4C(=O)CCC4=O)c3)nc12,1.0,0.6825396825396826,0.4339622641509434,1.0,0.03737839221710193,1.0,Toxic Repellent
LIC_01103,O=C(Nc1ccnc2ccc(Cl)cc12)c1ccc(N2C(=O)CCC2=O)cc1,1.0,0.6825396825396826,0.4339622641509434,1.0,0.03737839221710193,1.0,Toxic Repellent
LIC_01102,Cc1cc2occ(-c3ccc(N)cc3)c(=O)c2cc1C,1.0,0.3548387096774194,0.4339622641509434,1.0,0.0,1.0,Toxic Repellent
LIC_01101,COC(=O)c1ccccc1NS(=O)(=O)c1ccc(N2C(=O)CCC2=O)cc1,1.0,0.6825396825396826,0.4339622641509434,1.0,0.03737839221710193,1.0,Toxic Repellent
LIC_01100,COC(=O)c1ccc(NS(=O)(=O)c2ccc(N3C(=O)CCC3=O)cc2)cc1,1.0,0.6825396825396826,0.4339622641509434,1.0,0.03737839221710193,1.0,Toxic Repellent
LIC_01099,CCCN1C(=O)CC(Sc2ccccc2C(=O)O)C1=O,1.0,0.3548387096774194,0.4339622641509434,1.0,0.0,1.0,Toxic Repellent
LIC_01098,Cc1nn(CC(O)COc2ccc3ccccc3c2)c(C)c1Cl,1.0,0.875,0.4339622641509434,1.0,0.22983870967741937,1.0,Toxic Repellent
LIC_01097,O=C1CCC(=O)N1CCN1C(=O)SC(Nc2ccccc2)C1=O,1.0,0.5000000000000001,0.4339622641509434,1.0,0.0,1.0,Toxic Repellent
LIC_01128,COc1ccc(CNC(=O)c2n[nH]c3ccccc23)cc1,1.0,0.41304347826086957,0.4339622641509434,1.0,0.0,1.0,Toxic Repellent
LIC_01127,CCOC(=O)c1sc(NC(=O)CN2C(=O)CCC2=O)c(C#N)c1C,1.0,0.6825396825396826,0.4339622641509434,1.0,0.03737839221710193,1.0,Toxic Repellent
LIC_01126,COc1ccc(-c2nc3ccccc3[nH]2)cc1,1.0,0.5,0.4339622641509434,1.0,0.0,1.0,Toxic Repellent
LIC_01125,c1ccc(OCc2nnc(-c3ccccc3)o2)cc1,1.0,0.5000000000000001,0.4339622641509434,1.0,0.0,1.0,Toxic Repellent
LIC_01124,COc1ccc(C)c2sc(NC(=O)c3ccc(N4C(=O)CCC4=O)cc3)nc12,1.0,0.6825396825396826,0.4339622641509434,1.0,0.03737839221710193,1.0,Toxic Repellent
LIC_01123,Cc1nn(CC(O)COc2ccc3ccccc3c2)c(C)c1Br,1.0,0.8727272727272727,0.4339622641509434,1.0,0.22756598240469206,1.0,Toxic Repellent
LIC_01122,Cc1cc(Cl)cc2sc(N(Cc3ccccn3)C(=O)CN3C(=O)CCC3=O)nc12,1.0,0.8727272727272727,0.4339622641509434,1.0,0.22756598240469206,1.0,Toxic Repellent
LIC_01121,Cc1cc(Cl)cc2sc(N(Cc3cccnc3)C(=O)CN3C(=O)CCC3=O)nc12,1.0,0.6825396825396826,0.4339622641509434,1.0,0.03737839221710193,1.0,Toxic Repellent
LIC_01120,O=C(Nc1cc(Cl)ccc1O)c1nnn(-c2ccc(C(F)(F)F)cc2)n1,1.0,0.6825396825396826,0.4339622641509434,1.0,0.03737839221710193,1.0,Toxic Repellent
LIC_01119,O=C1CCCC(=O)N1CCS(=O)(=O)N1CCC(c2nnc(-c3ccco3)s2)CC1,1.0,0.843510939043844,0.4339622641509434,1.0,0.19834964872126337,1.0,Toxic Repellent
LIC_01118,O=C(Nc1nnc(-c2ccc(F)cc2F)o1)c1ccc(N2C(=O)CCC2=O)cc1,1.0,0.6825396825396826,0.4339622641509434,1.0,0.03737839221710193,1.0,Toxic Repellent
LIC_01117,CC(=O)Nc1ccc(S(=O)(=O)Nc2nccs2)cc1,1.0,0.6825396825396826,0.4339622641509434,1.0,0.03737839221710193,1.0,Toxic Repellent
LIC_01116,O=C(Nc1nc(-c2ccccc2)cs1)c1ccc(N2C(=O)CCC2=O)cc1,1.0,0.5000000000000001,0.4339622641509434,1.0,0.0,1.0,Toxic Repellent
LIC_01115,O=C(Nc1ccc(S(=O)(=O)N2CCCCC2)cc1)c1cccc(N2C(=O)CCC2=O)c1,1.0,0.6825396825396826,0.4339622641509434,1.0,0.03737839221710193,1.0,Toxic Repellent
LIC_01114,COc1ccc2nc(NC(=O)c3ccc(N4C(=O)CCC4=O)cc3)sc2c1,1.0,0.5000000000000001,0.4339622641509434,1.0,0.0,1.0,Toxic Repellent
LIC_01113,Cc1ccc(Cl)c2sc(NC(=O)c3cccc(N4C(=O)CCC4=O)c3)nc12,1.0,0.6825396825396826,0.4339622641509434,1.0,0.03737839221710193,1.0,Toxic Repellent
LIC_01144,CCc1cccc2sc(N(Cc3ccccn3)C(=O)CN3C(=O)CCC3=O)nc12,1.0,0.8,0.4339622641509434,1.0,0.15483870967741942,1.0,Toxic Repellent
LIC_01143,Cc1ccc2sc(N(Cc3ccccn3)C(=O)CN3C(=O)CCC3=O)nc2c1C,1.0,0.7311960056258578,0.4339622641509434,1.0,0.08603471530327722,1.0,Toxic Repellent
LIC_01142,O=C(Nc1nnc(-c2ccccc2)s1)c1ccc(N2C(=O)CCC2=O)cc1,1.0,0.6825396825396826,0.4339622641509434,1.0,0.03737839221710193,1.0,Toxic Repellent
LIC_01141,Cc1ccccc1-c1nnc(NC(=O)c2ccc(N3C(=O)CCC3=O)cc2)s1,1.0,0.6825396825396826,0.4339622641509434,1.0,0.03737839221710193,1.0,Toxic Repellent
LIC_01140,O=C(Cc1c[nH]c2ccccc12)NCc1ccccc1,1.0,0.38590897373012617,0.4339622641509434,1.0,0.0,1.0,Toxic Repellent
LIC_01139,Cc1cc(Cl)cc2sc(NC(=O)c3cccc(N4C(=O)CCC4=O)c3)nc12,1.0,0.6825396825396826,0.4339622641509434,1.0,0.03737839221710193,1.0,Toxic Repellent
LIC_01138,CCOC(=O)c1ccc(NS(=O)(=O)c2ccc(N3C(=O)CCC3=O)cc2)cc1,1.0,0.75,0.4339622641509434,1.0,0.10483870967741937,1.0,Toxic Repellent
LIC_01137,NC(=O)c1oc2ccccc2c1NC(=O)c1ccc(N2C(=O)CCC2=O)cc1,1.0,0.5000000000000001,0.4339622641509434,1.0,0.0,1.0,Toxic Repellent
LIC_01136,Cc1ccc(-n2nc3c(c2NC(=O)c2ccc(N4C(=O)CCC4=O)cc2)CSC3)c(C)c1,1.0,0.8333333333333334,0.4339622641509434,1.0,0.18817204301075274,1.0,Toxic Repellent
LIC_01135,CC(=O)Nc1cc(Cl)c(O)c(Cl)c1Cl,1.0,0.75,0.4339622641509434,1.0,0.10483870967741937,1.0,Toxic Repellent
LIC_01134,Cc1sc2nc(SCC(=O)NCCCN3CCOCC3)n(-c3ccccc3)c(=O)c2c1C,1.0,0.6825396825396826,0.4339622641509434,1.0,0.03737839221710193,1.0,Toxic Repellent
LIC_01133,CCOC(=O)N1CCN(S(=O)(=O)c2cc(Cl)cc(Cl)c2O)CC1,1.0,0.875,0.4339622641509434,1.0,0.22983870967741937,1.0,Toxic Repellent
LIC_01132,Cc1c(Cl)ccc2sc(NC(=O)c3cccc(N4C(=O)CCC4=O)c3)nc12,1.0,0.6825396825396826,0.4339622641509434,1.0,0.03737839221710193,1.0,Toxic Repellent
LIC_01131,O=C(Nc1nnc(-c2ccccc2)o1)c1cccc(N2C(=O)CCC2=O)c1,1.0,0.43902439024390244,0.4339622641509434,1.0,0.0,1.0,Toxic Repellent
LIC_01130,Cc1ccc(Cc2nnc(NC(=O)c3cccc(N4C(=O)CCC4=O)c3)o2)cc1,1.0,0.6825396825396826,0.4339622641509434,1.0,0.03737839221710193,1.0,Toxic Repellent
LIC_01129,CC(C)c1ccc2nc(NC(=O)c3cccc(N4C(=O)CCC4=O)c3)sc2c1,1.0,0.6825396825396826,0.4339622641509434,1.0,0.03737839221710193,1.0,Toxic Repellent
LIC_01160,CCOc1ccc(/C=C/C(=O)N2CCC(C)CC2)cc1OC,1.0,0.75,0.4339622641509434,1.0,0.10483870967741937,1.0,Toxic Repellent
LIC_01159,CCOc1ccc2nc(NC(=O)c3cccc(N4C(=O)CCC4=O)c3)sc2c1,1.0,0.6825396825396826,0.4339622641509434,1.0,0.03737839221710193,1.0,Toxic Repellent
LIC_01158,O=C1CCC(=O)N1CC(=O)N(Cc1ccccn1)c1nc2ccc(Cl)cc2s1,1.0,0.6825396825396826,0.4339622641509434,1.0,0.03737839221710193,1.0,Toxic Repellent
LIC_01157,O=C1CCC(=O)N1CC(=O)N(Cc1ccccn1)c1nc2ccccc2s1,1.0,0.6825396825396826,0.4339622641509434,1.0,0.03737839221710193,1.0,Toxic Repellent
LIC_01156,COC(=O)c1c(NC(=O)CN2C(=O)CCC2=O)sc(Cc2ccc3c(c2)OCO3)c1C,1.0,0.6825396825396826,0.4339622641509434,1.0,0.03737839221710193,1.0,Toxic Repellent
LIC_01155,O=C(Nc1nc(-c2ccc(F)cc2)cs1)c1ccc(N2C(=O)CCC2=O)cc1,1.0,0.6825396825396826,0.4339622641509434,1.0,0.03737839221710193,1.0,Toxic Repellent
LIC_01154,O=C1CCCC(=O)N1CCS(=O)(=O)NCc1cccc(Oc2ccc(F)cc2)c1,1.0,0.8727272727272727,0.4339622641509434,1.0,0.22756598240469206,1.0,Toxic Repellent
LIC_01153,Cc1ccc(-c2csc(NC(=O)c3ccc(N4C(=O)CCC4=O)cc3)n2)cc1,1.0,0.6825396825396826,0.4339622641509434,1.0,0.03737839221710193,1.0,Toxic Repellent
LIC_01152,CC(=O)N1C(=O)C(=C2C=C(C)OC(C)=C2)c2ccccc21,1.0,0.41304347826086957,0.4339622641509434,1.0,0.0,1.0,Toxic Repellent
LIC_01151,O=C(c1ccc(N2C(=O)CCC2=O)cc1)N(CCN1CCOCC1)c1nc2ccccc2s1,1.0,0.6825396825396826,0.4339622641509434,1.0,0.03737839221710193,1.0,Toxic Repellent
LIC_01150,CC1(C)OCC2(CO1)CN(C(=O)Nc1ccc(Cl)c(Cl)c1)C2,1.0,0.6825396825396826,0.4339622641509434,1.0,0.03737839221710193,1.0,Toxic Repellent
LIC_01149,Cc1cc(NC(=O)CN2C(=O)CCC2=O)n(-c2nc3c(F)cccc3s2)n1,1.0,0.6825396825396826,0.4339622641509434,1.0,0.03737839221710193,1.0,Toxic Repellent
LIC_01148,CC(C)CN1C(=O)CC(Sc2ccccc2C(=O)O)C1=O,1.0,0.43902439024390244,0.4339622641509434,1.0,0.0,1.0,Toxic Repellent
LIC_01147,COc1ccc(C)c2sc(NC(=O)c3cccc(N4C(=O)CCC4=O)c3)nc12,1.0,0.6825396825396826,0.4339622641509434,1.0,0.03737839221710193,1.0,Toxic Repellent
LIC_01146,O=C(O)c1nc2ccccc2c(C(=O)O)c1-c1ccccc1,1.0,0.43902439024390244,0.4339622641509434,1.0,0.0,1.0,Toxic Repellent
LIC_01145,NC(=O)c1oc2ccccc2c1NC(=O)c1cccc(N2C(=O)CCC2=O)c1,1.0,0.43902439024390244,0.4339622641509434,1.0,0.0,1.0,Toxic Repellent
LIC_01176,O=C(Nc1nc2ccc(Br)cc2s1)c1ccc(N2C(=O)CCC2=O)cc1,1.0,0.6825396825396826,0.4339622641509434,1.0,0.03737839221710193,1.0,Toxic Repellent
LIC_01175,O=C(Nc1nnc(-c2ccc(Cl)cc2)s1)c1ccc(N2C(=O)CCC2=O)cc1,1.0,0.72,0.4339622641509434,1.0,0.07483870967741935,1.0,Toxic Repellent
LIC_01174,O=C(Nc1nc2c(Br)cccc2s1)c1cccc(N2C(=O)CCC2=O)c1,1.0,0.5000000000000001,0.4339622641509434,1.0,0.0,1.0,Toxic Repellent
LIC_01173,COCCN1C(=O)CC(Sc2ccccc2C(=O)O)C1=O,1.0,0.43902439024390244,0.4339622641509434,1.0,0.0,1.0,Toxic Repellent
LIC_01172,Cc1c(Cl)ccc2sc(N(Cc3ccccn3)C(=O)CN3C(=O)CCC3=O)nc12,1.0,0.8727272727272727,0.4339622641509434,1.0,0.22756598240469206,1.0,Toxic Repellent
LIC_01171,CCc1ccc2nc(N(Cc3ccccn3)C(=O)CN3C(=O)CCC3=O)sc2c1,1.0,0.72,0.4339622641509434,1.0,0.07483870967741935,1.0,Toxic Repellent
LIC_01170,CSc1cccc(-c2nnc(NC(=O)c3cccc(N4C(=O)CCC4=O)c3)o2)c1,1.0,0.6825396825396826,0.4339622641509434,1.0,0.03737839221710193,1.0,Toxic Repellent
LIC_01169,c1ccc(-c2nc3ccccc3[nH]2)cc1,1.0,0.43902439024390244,0.4339622641509434,1.0,0.0,1.0,Toxic Repellent
LIC_01168,COC(=O)c1ccccc1C(=O)Oc1coc(CSc2nccc(C)n2)cc1=O,1.0,0.6825396825396826,0.4339622641509434,1.0,0.03737839221710193,1.0,Toxic Repellent
LIC_01167,COc1ccc(C)c2sc(N(Cc3ccccn3)C(=O)CN3C(=O)CCC3=O)nc12,1.0,0.6825396825396826,0.4339622641509434,1.0,0.03737839221710193,1.0,Toxic Repellent
LIC_01166,COc1ccccc1OCc1nnc(-c2ccccc2Cl)o1,1.0,0.72,0.4339622641509434,1.0,0.07483870967741935,1.0,Toxic Repellent
LIC_01165,COC(=O)c1ccccc1C(=O)Oc1coc(CSc2ncccn2)cc1=O,1.0,0.6825396825396826,0.4339622641509434,1.0,0.03737839221710193,1.0,Toxic Repellent
LIC_01164,CC1C2NC(=S)NC1(C)Oc1ccccc12,1.0,0.5000000000000001,0.4339622641509434,1.0,0.0,1.0,Toxic Repellent
LIC_01163,Cc1nc2ccccc2n1C1CC(=O)N(c2ccc(Br)cc2)C1=O,1.0,0.43902439024390244,0.4339622641509434,1.0,0.0,1.0,Toxic Repellent
LIC_01162,Cn1c(=O)c2nc(Br)[nH]c2n(C)c1=O,1.0,0.6825396825396826,0.4339622641509434,1.0,0.03737839221710193,1.0,Toxic Repellent
LIC_01161,O=C(Nc1nc2c(Br)cccc2s1)c1ccc(N2C(=O)CCC2=O)cc1,1.0,0.5107230770587956,0.4339622641509434,1.0,0.0,1.0,Toxic Repellent
LIC_01192,Cn1c(=O)c2c(ncn2CCBr)n(C)c1=O,1.0,0.72,0.4339622641509434,1.0,0.07483870967741935,1.0,Toxic Repellent
LIC_01191,CCCCN1C(=O)CC(Sc2ccccc2C(=O)O)C1=O,1.0,0.41304347826086957,0.4339622641509434,1.0,0.0,1.0,Toxic Repellent
LIC_01190,O=C(Nc1nc2c(Cl)ccc(Cl)c2s1)c1ccc(N2C(=O)CCC2=O)cc1,1.0,0.6825396825396826,0.4339622641509434,1.0,0.03737839221710193,1.0,Toxic Repellent
LIC_01189,O=C(Nc1nc2c(Cl)cc(Cl)cc2s1)c1ccc(N2C(=O)CCC2=O)cc1,1.0,0.6825396825396826,0.4339622641509434,1.0,0.03737839221710193,1.0,Toxic Repellent
LIC_01188,Cc1ccc(-c2csc(NC(=O)c3ccc(N4C(=O)CCC4=O)cc3)n2)cc1C,1.0,0.6825396825396826,0.4339622641509434,1.0,0.03737839221710193,1.0,Toxic Repellent
LIC_01187,N#Cc1ccc(-c2csc(NC(=O)c3ccc(N4C(=O)CCC4=O)cc3)n2)cc1,1.0,0.6825396825396826,0.4339622641509434,1.0,0.03737839221710193,1.0,Toxic Repellent
LIC_01186,Cc1cc(C)c(-c2csc(NC(=O)c3ccc(N4C(=O)CCC4=O)cc3)n2)c(C)c1,1.0,0.6825396825396826,0.4339622641509434,1.0,0.03737839221710193,1.0,Toxic Repellent
LIC_01185,Nc1c(-c2ccc(Cl)cc2)nnn1-c1ccccc1,1.0,0.5000000000000001,0.4339622641509434,1.0,0.0,1.0,Toxic Repellent
LIC_01184,CCN(CC)S(=O)(=O)c1ccc(NC(=O)c2ccc(N3C(=O)CCC3=O)cc2)cc1,1.0,0.6825396825396826,0.4339622641509434,1.0,0.03737839221710193,1.0,Toxic Repellent
LIC_01183,O=C(Nc1nnc(-c2ccc(Cl)cc2)o1)c1ccc(N2C(=O)CCC2=O)cc1,1.0,0.6825396825396826,0.4339622641509434,1.0,0.03737839221710193,1.0,Toxic Repellent
LIC_01182,O=C(Nc1nnc(-c2ccc(Cl)cc2)o1)c1cccc(N2C(=O)CCC2=O)c1,1.0,0.6825396825396826,0.4339622641509434,1.0,0.03737839221710193,1.0,Toxic Repellent
LIC_01181,O=C1Cc2ccc(C(=O)c3ccccc3)cc2N1,1.0,0.41304347826086957,0.4339622641509434,1.0,0.0,1.0,Toxic Repellent
LIC_01180,Cc1sc2sc(-c3ccccc3)c(N)[n+]2c1C,1.0,0.43902439024390244,0.4339622641509434,1.0,0.0,1.0,Toxic Repellent
LIC_01179,COC(=O)c1ccc2nc(C)cc(NC(=O)c3ccc(N4C(=O)CCC4=O)cc3)c2c1,1.0,0.6825396825396826,0.4339622641509434,1.0,0.03737839221710193,1.0,Toxic Repellent
LIC_01178,CCn1c(=O)c2c(nc(Br)n2CC)n(C)c1=O,1.0,0.6825396825396826,0.4339622641509434,1.0,0.03737839221710193,1.0,Toxic Repellent
LIC_01177,O=C(Nc1nc2c(Cl)c(Cl)ccc2s1)c1ccc(N2C(=O)CCC2=O)cc1,1.0,0.6825396825396826,0.4339622641509434,1.0,0.03737839221710193,1.0,Toxic Repellent
LIC_01208,O=C(c1cccc(N2C(=O)CCC2=O)c1)N1CCC(COc2nc3ccccc3s2)CC1,1.0,0.72,0.4339622641509434,1.0,0.07483870967741935,1.0,Toxic Repellent
LIC_01207,CCCn1c(Br)nc2c1c(=O)n(CC)c(=O)n2C,1.0,0.5000000000000001,0.4339622641509434,1.0,0.0,1.0,Toxic Repellent
LIC_01206,Cc1ccc(Cl)c2sc(N(Cc3ccccn3)C(=O)CN3C(=O)CCC3=O)nc12,1.0,0.8727272727272727,0.4339622641509434,1.0,0.22756598240469206,1.0,Toxic Repellent
LIC_01205,COc1ccc(Cl)c2sc(N3CCN(C(=O)c4cccc(N5C(=O)CCC5=O)c4)CC3)nc12,1.0,0.72,0.4339622641509434,1.0,0.07483870967741935,1.0,Toxic Repellent
LIC_01204,O=C(c1cccc(N2C(=O)CCC2=O)c1)N1CC(Oc2nc3ccccc3s2)C1,1.0,0.6825396825396826,0.4339622641509434,1.0,0.03737839221710193,1.0,Toxic Repellent
LIC_01203,COC(=O)c1ccc2ccccc2c1O,1.0,0.5000000000000001,0.4339622641509434,1.0,0.0,1.0,Toxic Repellent
LIC_01202,O=C(Nc1nc2c(Cl)cc(Cl)cc2s1)c1cccc(N2C(=O)CCC2=O)c1,1.0,0.6825396825396826,0.4339622641509434,1.0,0.03737839221710193,1.0,Toxic Repellent
LIC_01201,O=C(Nc1nc2c(s1)CCc1ccccc1-2)c1ccc(N2C(=O)CCC2=O)cc1,1.0,0.6825396825396826,0.4339622641509434,1.0,0.03737839221710193,1.0,Toxic Repellent
LIC_01200,O=C(Nc1nc(-c2cccs2)cs1)c1ccc(N2C(=O)CCC2=O)cc1,1.0,0.5000000000000001,0.4339622641509434,1.0,0.0,1.0,Toxic Repellent
LIC_01199,O=C(Nc1nc2c(Cl)c(Cl)ccc2s1)c1cccc(N2C(=O)CCC2=O)c1,1.0,0.6825396825396826,0.4339622641509434,1.0,0.03737839221710193,1.0,Toxic Repellent
LIC_01198,COc1ccccc1-c1csc(NC(=O)c2ccc(N3C(=O)CCC3=O)cc2)n1,1.0,0.6825396825396826,0.4339622641509434,1.0,0.03737839221710193,1.0,Toxic Repellent
LIC_01197,CN1CCN(C2CC(=O)N(c3cccc4ccccc34)C2=O)CC1,1.0,0.43902439024390244,0.4339622641509434,1.0,0.0,1.0,Toxic Repellent
LIC_01196,COCCCN1C(=O)CC(Sc2ccccc2C(=O)O)C1=O,1.0,0.43902439024390244,0.4339622641509434,1.0,0.0,1.0,Toxic Repellent
LIC_01195,CCn1c(=O)c2c(nc(Br)n2C(C)C)n(C)c1=O,1.0,0.6825396825396826,0.4339622641509434,1.0,0.03737839221710193,1.0,Toxic Repellent
LIC_01194,O=C1CCC(=O)N1CCN1C(=O)SC(Nc2ccc(Br)cc2)C1=O,1.0,0.6825396825396826,0.4339622641509434,1.0,0.03737839221710193,1.0,Toxic Repellent
LIC_01193,O=C1CCC(=O)N1CC(=O)N(Cc1ccccn1)c1nc2c(F)cc(F)cc2s1,1.0,0.8328622875860267,0.4339622641509434,1.0,0.18770099726344602,1.0,Toxic Repellent
LIC_01224,O=C(Nc1nnc(-c2ccc3c(c2)CCCC3)o1)c1cccc(N2C(=O)CCC2=O)c1,1.0,0.6825396825396826,0.4339622641509434,1.0,0.03737839221710193,1.0,Toxic Repellent
LIC_01223,COc1ccc(OC)c2sc(NC(=O)c3cccc(N4C(=O)CCC4=O)c3)nc12,1.0,0.5000000000000001,0.4339622641509434,1.0,0.0,1.0,Toxic Repellent
LIC_01222,COc1ccc(-c2csc(NC(=O)c3cccc(N4C(=O)CCC4=O)c3)n2)cc1C,1.0,0.6825396825396826,0.4339622641509434,1.0,0.03737839221710193,1.0,Toxic Repellent
LIC_01221,O=C(Nc1nc(CN2CCc3ccccc3C2)cs1)c1ccc(N2C(=O)CCC2=O)cc1,1.0,0.6825396825396826,0.4339622641509434,1.0,0.03737839221710193,1.0,Toxic Repellent
LIC_01220,O=C(Nc1nnc(-c2cccs2)o1)c1cccc(N2C(=O)CCC2=O)c1,1.0,0.43902439024390244,0.4339622641509434,1.0,0.0,1.0,Toxic Repellent
LIC_01219,CCOC(=O)N1CCN(Cc2cc(=O)oc3cc(O)c(Cl)cc23)CC1,1.0,0.6825396825396826,0.4339622641509434,1.0,0.03737839221710193,1.0,Toxic Repellent
LIC_01218,O=C(Nc1nc(-c2ccc(Cl)cc2)cs1)c1ccc(N2C(=O)CCC2=O)cc1,1.0,0.6825396825396826,0.4339622641509434,1.0,0.03737839221710193,1.0,Toxic Repellent
LIC_01217,O=C(Nc1nc2c(s1)COc1ccccc1-2)c1ccc(N2C(=O)CCC2=O)cc1,1.0,0.6825396825396826,0.4339622641509434,1.0,0.03737839221710193,1.0,Toxic Repellent
LIC_01216,CCc1ccc2nc(N(Cc3cccnc3)C(=O)CN3C(=O)CCC3=O)sc2c1,1.0,0.6825396825396826,0.4339622641509434,1.0,0.03737839221710193,1.0,Toxic Repellent
LIC_01215,Cc1cc(Cl)cc2sc(N(CC3CCCO3)C(=O)c3ccc(N4C(=O)CCC4=O)cc3)nc12,1.0,0.72,0.4339622641509434,1.0,0.07483870967741935,1.0,Toxic Repellent
LIC_01214,CCOC(=O)c1c(NC(=O)CN2C(=O)CCC2=O)sc(Cc2ccc3c(c2)OCO3)c1C,1.0,0.72,0.4339622641509434,1.0,0.07483870967741935,1.0,Toxic Repellent
LIC_01213,Cc1cccc(-n2nc3c(c2NC(=O)c2ccc(N4C(=O)CCC4=O)cc2)CSC3)c1,1.0,0.72,0.4339622641509434,1.0,0.07483870967741935,1.0,Toxic Repellent
LIC_01212,Cc1cc(NC(=O)c2ccc(N3C(=O)CCC3=O)cc2)c2cc(Br)ccc2n1,1.0,0.6825396825396826,0.4339622641509434,1.0,0.03737839221710193,1.0,Toxic Repellent
LIC_01211,O=C(Nc1nc2c(Cl)ccc(Cl)c2s1)c1cccc(N2C(=O)CCC2=O)c1,1.0,0.6825396825396826,0.4339622641509434,1.0,0.03737839221710193,1.0,Toxic Repellent
LIC_01210,O=C(Nc1nc(-c2ccc(Cl)cc2)cs1)c1cccc(N2C(=O)CCC2=O)c1,1.0,0.6825396825396826,0.4339622641509434,1.0,0.03737839221710193,1.0,Toxic Repellent
LIC_01209,O=c1c(-c2ccc(O)cc2)coc2cc(O)cc(O)c12,1.0,0.3,0.4339622641509434,1.0,0.0,0.9451612903225806,Toxic Repellent
LIC_01240,Cc1cccc2sc(N(CCCN(C)C)C(=O)c3ccc(N4C(=O)CCC4=O)cc3)nc12,1.0,0.6825396825396826,0.4339622641509434,1.0,0.03737839221710193,1.0,Toxic Repellent
LIC_01239,CN(C)CCN(C(=O)c1cccc(N2C(=O)CCC2=O)c1)c1nc2ccc(Cl)cc2s1,1.0,0.6825396825396826,0.4339622641509434,1.0,0.03737839221710193,1.0,Toxic Repellent
LIC_01238,O=C(CN1C(=O)CCC1=O)Nc1c2c(nn1-c1nc3ccccc3s1)CCC2,1.0,0.6825396825396826,0.4339622641509434,1.0,0.03737839221710193,1.0,Toxic Repellent
LIC_01237,Cc1ccc(N2C(=O)CC(Sc3ncccc3C(=O)O)C2=O)c(C)c1,1.0,0.5000000000000001,0.4339622641509434,1.0,0.0,1.0,Toxic Repellent
LIC_01236,CCCOc1ccc(/C=C/C(=O)O)cc1,1.0,0.72,0.4339622641509434,1.0,0.07483870967741935,1.0,Toxic Repellent
LIC_01235,O=C(O)c1cc(Br)c2c(n1)CCCN2,1.0,0.6825396825396826,0.4339622641509434,1.0,0.03737839221710193,1.0,Toxic Repellent
LIC_01234,Cc1ccc(-n2nc3c(c2NC(=O)c2ccc(N4C(=O)CCC4=O)cc2)CSC3)cc1,1.0,0.75,0.4339622641509434,1.0,0.10483870967741937,1.0,Toxic Repellent
LIC_01233,O=C(Nc1c2c(nn1-c1ccccc1)CSC2)c1ccc(N2C(=O)CCC2=O)cc1,1.0,0.72,0.4339622641509434,1.0,0.07483870967741935,1.0,Toxic Repellent
LIC_01232,Cc1cccc(N2C(=O)CC(Sc3ncccc3C(=O)O)C2=O)c1C,1.0,0.5175924726171924,0.4339622641509434,1.0,0.0,1.0,Toxic Repellent
LIC_01231,O=C(Nc1nc2c(s1)COc1ccccc1-2)c1cccc(N2C(=O)CCC2=O)c1,1.0,0.6825396825396826,0.4339622641509434,1.0,0.03737839221710193,1.0,Toxic Repellent
LIC_01230,COc1ccc2sc(N(Cc3ccccn3)C(=O)CN3C(=O)CCC3=O)nc2c1,1.0,0.6825396825396826,0.4339622641509434,1.0,0.03737839221710193,1.0,Toxic Repellent
LIC_01229,O=C(Nc1cc(Cl)ccc1O)c1nnn(-c2ccc(OC(F)(F)F)cc2)n1,1.0,0.6825396825396826,0.4339622641509434,1.0,0.03737839221710193,1.0,Toxic Repellent
LIC_01228,Cc1ccccc1N1C(=O)CC(Sc2ncccc2C(=O)O)C1=O,1.0,0.6825396825396826,0.4339622641509434,1.0,0.03737839221710193,1.0,Toxic Repellent
LIC_01227,Cc1ccccc1-n1nc2c(c1NC(=O)c1ccc(N3C(=O)CCC3=O)cc1)CSC2,1.0,0.8727272727272727,0.4339622641509434,1.0,0.22756598240469206,1.0,Toxic Repellent
LIC_01226,C=CCn1c(S)nc2c1c(=O)n(C)c(=O)n2C,1.0,0.6825396825396826,0.4339622641509434,1.0,0.03737839221710193,1.0,Toxic Repellent
LIC_01225,COc1cccc2sc(N3CC(OC(=O)c4cccc(N5C(=O)CCC5=O)c4)C3)nc12,1.0,0.6825396825396826,0.4339622641509434,1.0,0.03737839221710193,1.0,Toxic Repellent
LIC_01256,O=C(Nc1nc2cc3c(cc2s1)OCCO3)c1cccc(N2C(=O)CCC2=O)c1,1.0,0.6825396825396826,0.4339622641509434,1.0,0.03737839221710193,1.0,Toxic Repellent
LIC_01255,CN(C)CCCN(C(=O)c1ccc(N2C(=O)CCC2=O)cc1)c1nc2c(F)cccc2s1,1.0,0.6825396825396826,0.4339622641509434,1.0,0.03737839221710193,1.0,Toxic Repellent
LIC_01254,CN(C)CCCN(C(=O)c1ccc(N2C(=O)CCC2=O)cc1)c1nc2ccc(F)cc2s1,1.0,0.6825396825396826,0.4339622641509434,1.0,0.03737839221710193,1.0,Toxic Repellent
LIC_01253,COc1ccc2nc(-n3nc(C)cc3NC(=O)CN3C(=O)CCC3=O)sc2c1,1.0,0.6825396825396826,0.4339622641509434,1.0,0.03737839221710193,1.0,Toxic Repellent
LIC_01252,Cc1cc(=O)oc2cc(O)ccc12,1.0,0.41304347826086957,0.4339622641509434,1.0,0.0,1.0,Toxic Repellent
LIC_01251,O=C(Cc1cccc2ccccc12)Nc1ccc2c(c1)CC(=O)N2,1.0,0.41304347826086957,0.4339622641509434,1.0,0.0,1.0,Toxic Repellent
LIC_01250,O=C(CN1C(=O)c2ccccc2S1(=O)=O)Nc1cc(Cl)ccc1O,1.0,0.5000000000000001,0.4339622641509434,1.0,0.0,1.0,Toxic Repellent
LIC_01249,O=C(Nc1nnc(-c2ccc(Br)cc2)o1)c1cccc(N2C(=O)CCC2=O)c1,1.0,0.6825396825396826,0.4339622641509434,1.0,0.03737839221710193,1.0,Toxic Repellent
LIC_01248,O=C(Nc1nnc(-c2ccc(Br)cc2)o1)c1ccc(N2C(=O)CCC2=O)cc1,1.0,0.6825396825396826,0.4339622641509434,1.0,0.03737839221710193,1.0,Toxic Repellent
LIC_01247,Fc1ccc(CSc2ccccc2)cc1,1.0,0.5000000000000001,0.4339622641509434,1.0,0.0,1.0,Toxic Repellent
LIC_01246,Cc1ccc(N2C(=O)CC(Sc3ncccc3C(=O)O)C2=O)cc1,1.0,0.5000000000000001,0.4339622641509434,1.0,0.0,1.0,Toxic Repellent
LIC_01245,Nc1ccc2c(c1)CCCN2C(=O)c1ccccc1,1.0,0.41304347826086957,0.4339622641509434,1.0,0.0,1.0,Toxic Repellent
LIC_01244,CCn1c(C)[n+](CC)c2c(F)c(C(F)(F)F)c(F)c(F)c21,1.0,0.875,0.4339622641509434,1.0,0.22983870967741937,1.0,Toxic Repellent
LIC_01243,O=C(Nc1nc2cc3c(cc2s1)OCCO3)c1ccc(N2C(=O)CCC2=O)cc1,1.0,0.6825396825396826,0.4339622641509434,1.0,0.03737839221710193,1.0,Toxic Repellent
LIC_01242,CC(C)OCCCN1C(=O)CC(Sc2ccccc2C(=O)O)C1=O,1.0,0.43902439024390244,0.4339622641509434,1.0,0.0,1.0,Toxic Repellent
LIC_01241,Cc1cccc2sc(N(CCCN(C)C)C(=O)c3cccc(N4C(=O)CCC4=O)c3)nc12,1.0,0.6825396825396826,0.4339622641509434,1.0,0.03737839221710193,1.0,Toxic Repellent
LIC_01272,O=C(O)c1cccnc1SC1CC(=O)N(c2ccccc2Cl)C1=O,1.0,0.6825396825396826,0.4339622641509434,1.0,0.03737839221710193,1.0,Toxic Repellent
LIC_01271,CCOc1ccc(-c2nc(NC(=O)c3ccc(N4C(=O)CCC4=O)cc3)sc2C)cc1,1.0,0.8333333333333334,0.4339622641509434,1.0,0.18817204301075274,1.0,Toxic Repellent
LIC_01270,CCCCCn1c(Br)nc2c1c(=O)n(C)c(=O)n2C,1.0,0.5000000000000001,0.4339622641509434,1.0,0.0,1.0,Toxic Repellent
LIC_01269,CC(O)(CNC(=O)CN1C(=O)CCC1=O)c1ccc(-c2ccccc2)cc1,1.0,0.5000000000000001,0.4339622641509434,1.0,0.0,1.0,Toxic Repellent
LIC_01268,Cc1ccc(C)c2sc(N(CCN3CCOCC3)C(=O)c3cccc(N4C(=O)CCC4=O)c3)nc12,1.0,0.6825396825396826,0.4339622641509434,1.0,0.03737839221710193,1.0,Toxic Repellent
LIC_01267,CCOc1cccc2sc(N(Cc3ccccn3)C(=O)CN3C(=O)CCC3=O)nc12,1.0,0.72,0.4339622641509434,1.0,0.07483870967741935,1.0,Toxic Repellent
LIC_01266,COc1cccc2sc(N(Cc3cccnc3)C(=O)CN3C(=O)CCC3=O)nc12,1.0,0.6825396825396826,0.4339622641509434,1.0,0.03737839221710193,1.0,Toxic Repellent
LIC_01265,COc1ccccc1-c1cc(=O)c2cc(N)ccc2o1,1.0,0.41304347826086957,0.4339622641509434,1.0,0.0,1.0,Toxic Repellent
LIC_01264,Cc1cc2nc(N(CCN3CCOCC3)C(=O)c3ccc(N4C(=O)CCC4=O)cc3)sc2cc1C,1.0,0.6825396825396826,0.4339622641509434,1.0,0.03737839221710193,1.0,Toxic Repellent
LIC_01263,CC(C)n1c(Br)nc2c1c(=O)n(C)c(=O)n2C,1.0,0.6825396825396826,0.4339622641509434,1.0,0.03737839221710193,1.0,Toxic Repellent
LIC_01262,CCCn1c(Br)nc2c1c(=O)n(C)c(=O)n2C,1.0,0.6825396825396826,0.4339622641509434,1.0,0.03737839221710193,1.0,Toxic Repellent
LIC_01261,Cc1cc(C)cc(-n2nc3c(c2NC(=O)c2ccc(N4C(=O)CCC4=O)cc2)CSC3)c1,1.0,0.8727272727272727,0.4339622641509434,1.0,0.22756598240469206,1.0,Toxic Repellent
LIC_01260,CC(C)(C)c1ccc(-c2csc(NC(=O)c3ccc(N4C(=O)CCC4=O)cc3)n2)cc1,1.0,0.6825396825396826,0.4339622641509434,1.0,0.03737839221710193,1.0,Toxic Repellent
LIC_01259,Nc1ccc2c(c1)N(C(=O)c1ccccc1)CCC2,1.0,0.41304347826086957,0.4339622641509434,1.0,0.0,1.0,Toxic Repellent
LIC_01258,CC(C)(C)c1ccc(-c2csc(NC(=O)c3cccc(N4C(=O)CCC4=O)c3)n2)cc1,1.0,0.6825396825396826,0.4339622641509434,1.0,0.03737839221710193,1.0,Toxic Repellent
LIC_01257,O=C1CCC(=O)N1CC(=O)N(Cc1cccnc1)c1nc2ccc(Cl)cc2s1,1.0,0.6825396825396826,0.4339622641509434,1.0,0.03737839221710193,1.0,Toxic Repellent
LIC_01288,CCOc1ccc(/C=C/C(=O)NCC(C)C)cc1OCC,1.0,0.8727272727272727,0.4339622641509434,1.0,0.22756598240469206,1.0,Toxic Repellent
LIC_01287,O=C(Nc1cc2c3c(c1)CC(=O)N3CCC2)c1ccc([N+](=O)[O-])cc1Cl,1.0,0.6825396825396826,0.4339622641509434,1.0,0.03737839221710193,1.0,Toxic Repellent
LIC_01286,CCOc1ccc(CC(=O)NCC(O)c2ccc(OC)c(OC)c2)cc1,1.0,0.6825396825396826,0.4339622641509434,1.0,0.03737839221710193,1.0,Toxic Repellent
LIC_01285,CC(C)CCNC(=O)C(=O)c1c[nH]c2ccccc12,1.0,0.41304347826086957,0.4339622641509434,1.0,0.0,1.0,Toxic Repellent
LIC_01284,CC[N+](CC)(CC)CCOC(=O)c1cc(OC)c(OC)c(OC)c1,1.0,0.6825396825396826,0.4339622641509434,1.0,0.03737839221710193,1.0,Toxic Repellent
LIC_01283,O=C(Nc1nnc(C23CC4CC(CC(C4)C2)C3)s1)c1ccc(N2C(=O)CCC2=O)cc1,1.0,0.8727272727272727,0.4339622641509434,1.0,0.22756598240469206,1.0,Toxic Repellent
LIC_01282,CCOc1ccc(-c2csc(NC(=O)c3ccc(N4C(=O)CCC4=O)cc3)n2)cc1,1.0,0.6825396825396826,0.4339622641509434,1.0,0.03737839221710193,1.0,Toxic Repellent
LIC_01281,O=C(O)c1cccnc1SC1CC(=O)N(Cc2ccccc2)C1=O,1.0,0.5000000000000001,0.4339622641509434,1.0,0.0,1.0,Toxic Repellent
LIC_01280,CCOc1ccc(-c2csc(NC(=O)c3cccc(N4C(=O)CCC4=O)c3)n2)cc1,1.0,0.6825396825396826,0.4339622641509434,1.0,0.03737839221710193,1.0,Toxic Repellent
LIC_01279,O=C(Nc1nc2c(s1)CN(Cc1ccccc1)CC2)c1cccc(N2C(=O)CCC2=O)c1,1.0,0.6825396825396826,0.4339622641509434,1.0,0.03737839221710193,1.0,Toxic Repellent
LIC_01278,O=C(O)/C=C/c1cc(F)ccc1F,1.0,0.6825396825396826,0.4339622641509434,1.0,0.03737839221710193,1.0,Toxic Repellent
LIC_01277,CCc1ccc(N2C(=O)CC(Sc3ncccc3C(=O)O)C2=O)cc1,1.0,0.6825396825396826,0.4339622641509434,1.0,0.03737839221710193,1.0,Toxic Repellent
LIC_01276,O=C1CC(Nc2ccc(N3CCOCC3)cc2)C(=O)N1c1ccccc1,1.0,0.5000000000000001,0.4339622641509434,1.0,0.0,1.0,Toxic Repellent
LIC_01275,O=C(Nc1cccc(N2CCCCC2=O)c1)c1ccc([N+](=O)[O-])cc1Cl,1.0,0.6825396825396826,0.4339622641509434,1.0,0.03737839221710193,1.0,Toxic Repellent
LIC_01274,Cc1ccc(NC(=O)c2ccc([N+](=O)[O-])cc2Cl)cc1N1CCCC1=O,1.0,0.6825396825396826,0.4339622641509434,1.0,0.03737839221710193,1.0,Toxic Repellent
LIC_01273,CCn1c(Br)nc2c1c(=O)n(C)c(=O)n2C,1.0,0.6825396825396826,0.4339622641509434,1.0,0.03737839221710193,1.0,Toxic Repellent
LIC_01304,CC(C(=O)Nc1cc(Cl)ccc1O)N1C(=O)c2ccccc2S1(=O)=O,1.0,0.6825396825396826,0.4339622641509434,1.0,0.03737839221710193,1.0,Toxic Repellent
LIC_01303,O=C(Nc1nc(-c2ccc(Br)cc2)cs1)c1ccc(N2C(=O)CCC2=O)cc1,1.0,0.6825396825396826,0.4339622641509434,1.0,0.03737839221710193,1.0,Toxic Repellent
LIC_01302,COc1ccc(C)c2sc(N(CCN(C)C)C(=O)c3cccc(N4C(=O)CCC4=O)c3)nc12,1.0,0.6825396825396826,0.4339622641509434,1.0,0.03737839221710193,1.0,Toxic Repellent
LIC_01301,CC(C)Cn1c(Br)nc2c1c(=O)n(C)c(=O)n2C,1.0,0.6825396825396826,0.4339622641509434,1.0,0.03737839221710193,1.0,Toxic Repellent
LIC_01300,CCc1ccc(NC2CC(=O)N(c3ccccc3)C2=O)cc1,1.0,0.35543093616281085,0.4339622641509434,1.0,0.0,1.0,Toxic Repellent
LIC_01299,COCOc1cccc(C=O)c1OC,1.0,0.6825396825396826,0.4339622641509434,1.0,0.03737839221710193,1.0,Toxic Repellent
LIC_01297,Cc1ccc2nc(N(CCCN3CCOCC3)C(=O)c3ccc(N4C(=O)CCC4=O)cc3)sc2c1,1.0,0.6825396825396826,0.4339622641509434,1.0,0.03737839221710193,1.0,Toxic Repellent
LIC_01296,O=C(Nc1cc2c3c(c1)CCN3C(=O)CC2)c1ccc([N+](=O)[O-])cc1Cl,1.0,0.6825396825396826,0.4339622641509434,1.0,0.03737839221710193,1.0,Toxic Repellent
LIC_01295,COc1ccc(-c2csc(NC(=O)c3ccc(N4C(=O)CCC4=O)cc3)n2)cc1OC,1.0,0.6825396825396826,0.4339622641509434,1.0,0.03737839221710193,1.0,Toxic Repellent
LIC_01294,CCOc1ccc(NC2CC(=O)N(C3CCCCC3)C2=O)cc1,1.0,0.8727272727272727,0.4339622641509434,1.0,0.22756598240469206,1.0,Toxic Repellent
LIC_01293,Clc1ccc(SCc2ccccc2)cc1,1.0,0.5000000000000001,0.4339622641509434,1.0,0.0,1.0,Toxic Repellent
LIC_01292,O=C(Nc1c2c(nn1-c1ccc(Cl)cc1)CSC2)c1ccc(N2C(=O)CCC2=O)cc1,1.0,0.8727272727272727,0.4339622641509434,1.0,0.22756598240469206,1.0,Toxic Repellent
LIC_01291,CC(C)n1c(Br)nc2c1c(=O)[nH]c(=O)n2C,1.0,0.5714285714285714,0.4339622641509434,1.0,0.0,1.0,Toxic Repellent
LIC_01290,Cc1nn(CC(O)COc2ccc3c(C)cc(=O)oc3c2)c(C)c1Cl,1.0,0.6825396825396826,0.4339622641509434,1.0,0.03737839221710193,1.0,Toxic Repellent
LIC_01289,O=C(c1cccc(N2C(=O)CCC2=O)c1)N(CCN1CCOCC1)c1nc2c(Cl)cccc2s1,1.0,0.6825396825396826,0.4339622641509434,1.0,0.03737839221710193,1.0,Toxic Repellent
LIC_01320,CCCCNc1cnn(-c2ccccc2)c(=O)c1Cl,1.0,0.43902439024390244,0.4339622641509434,1.0,0.0,1.0,Toxic Repellent
LIC_01319,CN(C)C(CNC(=O)c1ccc([N+](=O)[O-])cc1Cl)c1ccc(F)cc1,1.0,0.6825396825396826,0.4339622641509434,1.0,0.03737839221710193,1.0,Toxic Repellent
LIC_01318,O=C(CN1C(=O)CCC1=O)N1CCN(Cc2nc3ccccc3n2Cc2ccccc2)CC1,1.0,0.6825396825396826,0.4339622641509434,1.0,0.03737839221710193,1.0,Toxic Repellent
LIC_01317,O=C(Nc1nc(-c2ccc(Cl)cc2Cl)cs1)c1ccc(N2C(=O)CCC2=O)cc1,1.0,0.6825396825396826,0.4339622641509434,1.0,0.03737839221710193,1.0,Toxic Repellent
LIC_01316,O=C(Nc1nc(-c2cc(Cl)ccc2Cl)cs1)c1ccc(N2C(=O)CCC2=O)cc1,1.0,0.6825396825396826,0.4339622641509434,1.0,0.03737839221710193,1.0,Toxic Repellent
LIC_01315,O=C(c1ccc(N2C(=O)CCC2=O)cc1)N(CCCN1CCOCC1)c1nc2ccc(F)cc2s1,1.0,0.6825396825396826,0.4339622641509434,1.0,0.03737839221710193,1.0,Toxic Repellent
LIC_01314,COc1cc(OC)c2c(=O)c(-c3ccc(O)cc3)coc2c1,1.0,0.3548387096774194,0.4339622641509434,1.0,0.0,1.0,Toxic Repellent
LIC_01313,COc1ccc(C)c2sc(N(Cc3cccnc3)C(=O)CN3C(=O)CCC3=O)nc12,1.0,0.6825396825396826,0.4339622641509434,1.0,0.03737839221710193,1.0,Toxic Repellent
LIC_01312,COc1ccc(-c2coc3c(CN(C)C)c(O)ccc3c2=O)cc1,1.0,0.43902439024390244,0.4339622641509434,1.0,0.0,1.0,Toxic Repellent
LIC_01311,CN(C)c1ccc(C(CN)N2CCc3ccccc32)cc1,1.0,0.43902439024390244,0.4339622641509434,1.0,0.0,1.0,Toxic Repellent
LIC_01310,CCc1ccc2nc(N(CCN3CCOCC3)C(=O)c3ccc(N4C(=O)CCC4=O)cc3)sc2c1,1.0,0.6825396825396826,0.4339622641509434,1.0,0.03737839221710193,1.0,Toxic Repellent
LIC_01309,COc1ccc(Cl)c2sc(N(Cc3cccnc3)C(=O)CN3C(=O)CCC3=O)nc12,1.0,0.6825396825396826,0.4339622641509434,1.0,0.03737839221710193,1.0,Toxic Repellent
LIC_01308,O=C(O)c1cccnc1SC1CC(=O)N(c2ccc(Cl)cc2)C1=O,1.0,0.6825396825396826,0.4339622641509434,1.0,0.03737839221710193,1.0,Toxic Repellent
LIC_01307,Fc1ccc(CSc2ccc(Cl)cc2)cc1,1.0,0.6825396825396826,0.4339622641509434,1.0,0.03737839221710193,1.0,Toxic Repellent
LIC_01306,CCOc1cccc2sc(-n3nc(C)cc3NC(=O)CN3C(=O)CCC3=O)nc12,1.0,0.6825396825396826,0.4339622641509434,1.0,0.03737839221710193,1.0,Toxic Repellent
LIC_01305,O=C(O)c1cccnc1SC1CC(=O)N(c2ccc(O)cc2)C1=O,1.0,0.43902439024390244,0.4339622641509434,1.0,0.0,1.0,Toxic Repellent
LIC_01336,CC(C)(C)c1ccc(C=O)cc1O,1.0,0.5000000000000001,0.4339622641509434,1.0,0.0,1.0,Toxic Repellent
LIC_01335,O=C(Nc1ccc2c(c1)OCO2)c1cccc(N2C(=O)CCC2=O)c1,1.0,0.43902439024390244,0.4339622641509434,1.0,0.0,1.0,Toxic Repellent
LIC_01334,CN(C)c1ccc(NC2CC(=O)N(c3ccccc3)C2=O)cc1,1.0,0.43902439024390244,0.4339622641509434,1.0,0.0,1.0,Toxic Repellent
LIC_01333,Cc1ccc(NC(=O)c2ccc([N+](=O)[O-])cc2Cl)cc1N1CCCCC1=O,1.0,0.8,0.4339622641509434,1.0,0.15483870967741942,1.0,Toxic Repellent
LIC_01332,O=C(Nc1ccc(N2CCCC2=O)cc1)c1ccc([N+](=O)[O-])cc1Cl,1.0,0.6825396825396826,0.4339622641509434,1.0,0.03737839221710193,1.0,Toxic Repellent
LIC_01331,O=C(Nc1cccc(N2CCCC2=O)c1)c1ccc([N+](=O)[O-])cc1Cl,1.0,0.5000000000000001,0.4339622641509434,1.0,0.0,1.0,Toxic Repellent
LIC_01330,O=C(Nc1nc(-c2ccc(Cl)c(Cl)c2)cs1)c1cccc(N2C(=O)CCC2=O)c1,1.0,0.6825396825396826,0.4339622641509434,1.0,0.03737839221710193,1.0,Toxic Repellent
LIC_01329,O=C(Nc1nc(-c2ccc(Cl)c(Cl)c2)cs1)c1ccc(N2C(=O)CCC2=O)cc1,1.0,0.72,0.4339622641509434,1.0,0.07483870967741935,1.0,Toxic Repellent
LIC_01328,Cc1ccc(CN2C(=O)CC(Sc3ncccc3C(=O)O)C2=O)cc1,1.0,0.5000000000000001,0.4339622641509434,1.0,0.0,1.0,Toxic Repellent
LIC_01327,CCN1CCc2c(sc(NC(=O)CN3C(=O)CCC3=O)c2-c2nc3ccccc3s2)C1,1.0,0.75,0.4339622641509434,1.0,0.10483870967741937,1.0,Toxic Repellent
LIC_01326,CCOCCn1c(Br)nc2c1c(=O)n(C)c(=O)n2C,1.0,0.6825396825396826,0.4339622641509434,1.0,0.03737839221710193,1.0,Toxic Repellent
LIC_01325,Cc1c(Cl)cccc1N1C(=O)CC(Sc2ncccc2C(=O)O)C1=O,1.0,0.6825396825396826,0.4339622641509434,1.0,0.03737839221710193,1.0,Toxic Repellent
LIC_01323,O=C(Nc1ccc(Cl)c(Cl)c1)N1CCn2cccc2C1c1ccncc1,1.0,0.6825396825396826,0.4339622641509434,1.0,0.03737839221710193,1.0,Toxic Repellent
LIC_01322,O=C(Nc1ccc(Cl)c(Cl)c1)N1CCn2cccc2C1c1cccnc1,1.0,0.5000000000000001,0.4339622641509434,1.0,0.0,1.0,Toxic Repellent
LIC_01321,O=C(Nc1ccc(Cl)c(Cl)c1)N1CC(c2nc(-c3ccsc3)no2)C1,1.0,0.6825396825396826,0.4339622641509434,1.0,0.03737839221710193,1.0,Toxic Repellent
LIC_01352,Cc1ccccc1-c1cc(=O)c2cc(N)ccc2o1,1.0,0.3548387096774194,0.4339622641509434,1.0,0.0,1.0,Toxic Repellent
LIC_01351,COc1ccc(OCc2noc(CNS(=O)(=O)CCN3C(=O)CCCC3=O)n2)cc1,1.0,0.6825396825396826,0.4339622641509434,1.0,0.03737839221710193,1.0,Toxic Repellent
LIC_01350,COc1ccc(-n2nc3c(c2NC(=O)c2ccc(N4C(=O)CCC4=O)cc2)CSC3)cc1,1.0,0.8727272727272727,0.4339622641509434,1.0,0.22756598240469206,1.0,Toxic Repellent
LIC_01349,O=S(=O)(O)c1ccc2ccc3ccccc3c2c1,1.0,0.5000000000000001,0.4339622641509434,1.0,0.0,1.0,Toxic Repellent
LIC_01348,CCC(O)C12CC3CC(CC(C3)C1)C2,1.0,0.8727272727272727,0.4339622641509434,1.0,0.22756598240469206,1.0,Toxic Repellent
LIC_01347,O=C(Nc1ccc(Cl)c(Cl)c1)N1CCN(Cc2cnc3ccccn23)CC1,1.0,0.6825396825396826,0.4339622641509434,1.0,0.03737839221710193,1.0,Toxic Repellent
LIC_01346,Cc1ccc(N2C(=O)CC(Sc3ncccc3C(=O)O)C2=O)cc1Cl,1.0,0.6825396825396826,0.4339622641509434,1.0,0.03737839221710193,1.0,Toxic Repellent
LIC_01345,COc1ccc(OC)c2sc(N(Cc3ccccn3)C(=O)CN3C(=O)CCC3=O)nc12,1.0,0.6825396825396826,0.4339622641509434,1.0,0.03737839221710193,1.0,Toxic Repellent
LIC_01344,CC1C(=O)N2CCCc3cc(NC(=O)c4ccc([N+](=O)[O-])cc4Cl)cc1c32,1.0,0.6825396825396826,0.4339622641509434,1.0,0.03737839221710193,1.0,Toxic Repellent
LIC_01343,Cc1ccccc1N1C(=O)CC(Nc2ccc3c(c2)OCO3)C1=O,1.0,0.43902439024390244,0.4339622641509434,1.0,0.0,1.0,Toxic Repellent
LIC_01342,Cc1c(O)ccc2c(=O)c(-c3ccc4c(c3)OCCO4)coc12,1.0,0.43902439024390244,0.4339622641509434,1.0,0.0,1.0,Toxic Repellent
LIC_01341,O=C(NCC(c1ccc(F)cc1)N1CCOCC1)c1ccc([N+](=O)[O-])cc1Cl,1.0,0.72,0.4339622641509434,1.0,0.07483870967741935,1.0,Toxic Repellent
LIC_01340,CCCCCNC(=O)C(=O)c1c[nH]c2ccccc12,1.0,0.41304347826086957,0.4339622641509434,1.0,0.0,1.0,Toxic Repellent
LIC_01339,Cc1ccccc1N1C(=O)CC(Nc2ccc(N(C)C)cc2)C1=O,1.0,0.43902439024390244,0.4339622641509434,1.0,0.0,1.0,Toxic Repellent
LIC_01338,O=C(c1ccc(N2C(=O)CCC2=O)cc1)N1CCN(Cc2nc(-c3ccc(F)cc3)cs2)CC1,1.0,0.6825396825396826,0.4339622641509434,1.0,0.03737839221710193,1.0,Toxic Repellent
LIC_01337,O=C(c1cccc(N2C(=O)CCC2=O)c1)N1CCC(Oc2nc3c(Cl)cccc3s2)CC1,1.0,0.8727272727272727,0.4339622641509434,1.0,0.22756598240469206,1.0,Toxic Repellent
LIC_01368,CCOc1ccc(N2C(=O)CC(Sc3ncccc3C(=O)O)C2=O)cc1,1.0,0.6825396825396826,0.4339622641509434,1.0,0.03737839221710193,1.0,Toxic Repellent
LIC_01367,COc1cc2c(cc1C=O)OCO2,1.0,0.6825396825396826,0.4339622641509434,1.0,0.03737839221710193,1.0,Toxic Repellent
LIC_01366,O=C1CC(Nc2ccc3c(c2)OCO3)C(=O)N1c1ccccc1,1.0,0.41304347826086957,0.4339622641509434,1.0,0.0,1.0,Toxic Repellent
LIC_01365,O=C1CC(Nc2ccc(N3CCCCC3)cc2)C(=O)N1c1ccccc1F,1.0,0.6825396825396826,0.4339622641509434,1.0,0.03737839221710193,1.0,Toxic Repellent
LIC_01364,O=C(Nc1cc2c3c(c1)CCC(=O)N3CCC2)c1ccc([N+](=O)[O-])cc1Cl,1.0,0.72,0.4339622641509434,1.0,0.07483870967741935,1.0,Toxic Repellent
LIC_01363,O=C(O)c1cccnc1SC1CC(=O)N(c2ccc3c(c2)OCO3)C1=O,1.0,0.6825396825396826,0.4339622641509434,1.0,0.03737839221710193,1.0,Toxic Repellent
LIC_01362,Cn1c(Br)nc2c1c(=O)[nH]c(=O)n2C,1.0,0.6825396825396826,0.4339622641509434,1.0,0.03737839221710193,1.0,Toxic Repellent
LIC_01361,CC(=O)c1cccc(NC(=O)c2ccc(N3C(=O)CCC3=O)cc2)c1,1.0,0.43902439024390244,0.4339622641509434,1.0,0.0,1.0,Toxic Repellent
LIC_01360,Cc1cc(C)cc(N2C(=O)CC(Nc3ccc(N4CCOCC4)cc3)C2=O)c1,1.0,0.6825396825396826,0.4339622641509434,1.0,0.03737839221710193,1.0,Toxic Repellent
LIC_01359,O=C1CC(Nc2ccc(N3CCOCC3)cc2)C(=O)N1c1ccccc1F,1.0,0.6825396825396826,0.4339622641509434,1.0,0.03737839221710193,1.0,Toxic Repellent
LIC_01358,COc1ccc(-c2c(C)oc3cc(O)ccc3c2=O)cc1OC,1.0,0.43902439024390244,0.4339622641509434,1.0,0.0,1.0,Toxic Repellent
LIC_01357,O=C1CC(Nc2ccc(F)cc2)C(=O)N1c1ccc(N2CCOCC2)cc1,1.0,0.6825396825396826,0.4339622641509434,1.0,0.03737839221710193,1.0,Toxic Repellent
LIC_01356,COc1ccc(NC2CC(=O)N(c3ccccc3)C2=O)cc1,1.0,0.41304347826086957,0.4339622641509434,1.0,0.0,1.0,Toxic Repellent
LIC_01355,Cc1ccc(C(=O)CC2OC(=O)c3ccccc32)cc1,1.0,0.3548387096774194,0.4339622641509434,1.0,0.0,1.0,Toxic Repellent
LIC_01354,O=c1c(-c2ccccc2)coc2c(CN3CCCC3)c(O)ccc12,1.0,0.43902439024390244,0.4339622641509434,1.0,0.0,1.0,Toxic Repellent
LIC_01353,CC(=O)Nc1ccc2nc(NC(=O)c3ccc(N4C(=O)CCC4=O)cc3)sc2c1,1.0,0.6825396825396826,0.4339622641509434,1.0,0.03737839221710193,1.0,Toxic Repellent
LIC_01384,O=C(O)c1cccnc1SC1CC(=O)N(CCc2ccccc2)C1=O,1.0,0.5,0.4339622641509434,1.0,0.0,1.0,Toxic Repellent
LIC_01382,Cc1cccc(N2C(=O)CC(Nc3ccc(N4CCOCC4)cc3)C2=O)c1C,1.0,0.6825396825396826,0.4339622641509434,1.0,0.03737839221710193,1.0,Toxic Repellent
LIC_01381,CC(C)N1CCc2c(sc(NC(=O)CN3C(=O)CCC3=O)c2-c2nc3ccccc3s2)C1,1.0,0.72,0.4339622641509434,1.0,0.07483870967741935,1.0,Toxic Repellent
LIC_01380,COc1c2c(cc3c1C(CC(=O)c1ccccc1)N(C)CC3)OCO2,1.0,0.5000000000000001,0.4339622641509434,1.0,0.0,1.0,Toxic Repellent
LIC_01379,Cn1c(S)nc2c1c(=O)[nH]c(=O)n2C,1.0,0.6825396825396826,0.4339622641509434,1.0,0.03737839221710193,1.0,Toxic Repellent
LIC_01378,O=C(O)/C=C/c1cc(Cl)ccc1Cl,1.0,0.6825396825396826,0.4339622641509434,1.0,0.03737839221710193,1.0,Toxic Repellent
LIC_01377,COc1ccc(-c2coc3c(CN4CCCC4)c(O)ccc3c2=O)cc1,1.0,0.5000000000000001,0.4339622641509434,1.0,0.0,1.0,Toxic Repellent
LIC_01376,CC(=O)c1ccc(NC(=O)c2ccc(N3C(=O)CCC3=O)cc2)cc1,1.0,0.43902439024390244,0.4339622641509434,1.0,0.0,1.0,Toxic Repellent
LIC_01375,Nc1ccc2cc(C(=O)O)ccc2c1,1.0,0.43902439024390244,0.4339622641509434,1.0,0.0,1.0,Toxic Repellent
LIC_01374,COc1ccccc1Cc1noc(C2CN(C(=O)Nc3ccc(Cl)c(Cl)c3)C2)n1,1.0,0.72,0.4339622641509434,1.0,0.07483870967741935,1.0,Toxic Repellent
LIC_01373,C=CCn1c(=O)c2c(nc(Br)n2C)n(C)c1=O,1.0,0.6825396825396826,0.4339622641509434,1.0,0.03737839221710193,1.0,Toxic Repellent
LIC_01372,COc1ccc(-c2coc3cc(O)ccc3c2=O)cc1,1.0,0.41304347826086957,0.4339622641509434,1.0,0.0,1.0,Toxic Repellent
LIC_01370,CCCCCCn1c(Br)nc2c1c(=O)n(C)c(=O)n2C,1.0,0.5000000000000001,0.4339622641509434,1.0,0.0,1.0,Toxic Repellent
LIC_01369,COc1ccc2nc(N(CCN3CCOCC3)C(=O)c3ccc(N4C(=O)CCC4=O)cc3)sc2c1,1.0,0.6825396825396826,0.4339622641509434,1.0,0.03737839221710193,1.0,Toxic Repellent
LIC_01400,COc1ccc(-c2c(C)oc3c(C)c(O)ccc3c2=O)cc1,1.0,0.43902439024390244,0.4339622641509434,1.0,0.0,1.0,Toxic Repellent
LIC_01399,O=C(Nc1ccc(N2CCCCC2=O)cc1)c1ccc([N+](=O)[O-])cc1Cl,1.0,0.6825396825396826,0.4339622641509434,1.0,0.03737839221710193,1.0,Toxic Repellent
LIC_01398,COCCn1c(=N)sc2c(OC)ccc(OC)c21,1.0,0.5000000000000001,0.4339622641509434,1.0,0.0,1.0,Toxic Repellent
LIC_01397,O=C1CCc2cc(NC(=O)c3ccc([N+](=O)[O-])cc3Cl)ccc2N1,1.0,0.6825396825396826,0.4339622641509434,1.0,0.03737839221710193,1.0,Toxic Repellent
LIC_01396,O=C1CC(Nc2ccc3c(c2)OCO3)C(=O)N1c1ccc(O)cc1,1.0,0.41304347826086957,0.4339622641509434,1.0,0.0,1.0,Toxic Repellent
LIC_01395,COc1ccc2c(=O)c(-c3ccccc3OC)coc2c1,1.0,0.43902439024390244,0.4339622641509434,1.0,0.0,1.0,Toxic Repellent
LIC_01394,O=C1CC(Nc2ccc(N3CCOCC3)cc2)C(=O)N1c1ccc(F)cc1,1.0,0.6825396825396826,0.4339622641509434,1.0,0.03737839221710193,1.0,Toxic Repellent
LIC_01393,COc1ccc(NC(=O)c2ccc([N+](=O)[O-])cc2Cl)cc1N1CCCC1=O,1.0,0.6825396825396826,0.4339622641509434,1.0,0.03737839221710193,1.0,Toxic Repellent
LIC_01392,COc1cc(NC(=O)c2ccc([N+](=O)[O-])cc2Cl)ccc1N1CCCC1=O,1.0,0.6825396825396826,0.4339622641509434,1.0,0.03737839221710193,1.0,Toxic Repellent
LIC_01391,Nc1ccc2oc(-c3ccccc3)cc(=O)c2c1,1.0,0.41304347826086957,0.4339622641509434,1.0,0.0,1.0,Toxic Repellent
LIC_01390,CCOc1ccccc1N1C(=O)CC(Sc2ncccc2C(=O)O)C1=O,1.0,0.6825396825396826,0.4339622641509434,1.0,0.03737839221710193,1.0,Toxic Repellent
LIC_01389,CCCCN1C(=O)CC(N2CCN(c3ccc(F)cc3)CC2)C1=O,1.0,0.5714285714285714,0.4339622641509434,1.0,0.0,1.0,Toxic Repellent
LIC_01388,Cc1ccc(N2C(=O)CC(Nc3ccccc3)C2=O)cc1,1.0,0.3,0.4339622641509434,1.0,0.0,0.9451612903225806,Toxic Repellent
LIC_01387,COc1ccc(-c2c(C)oc3cc(O)ccc3c2=O)cc1,1.0,0.43902439024390244,0.4339622641509434,1.0,0.0,1.0,Toxic Repellent
LIC_01386,O=C(Nc1nc(-c2ccc3c(c2)CCCC3)cs1)c1cccc(N2C(=O)CCC2=O)c1,1.0,0.6825396825396826,0.4339622641509434,1.0,0.03737839221710193,1.0,Toxic Repellent
LIC_01385,COc1ccc(NC2CC(=O)N(c3cccc(C)c3)C2=O)cc1,1.0,0.43902439024390244,0.4339622641509434,1.0,0.0,1.0,Toxic Repellent
LIC_01416,Cc1ccc(C(CNC(=O)c2ccc([N+](=O)[O-])cc2Cl)N2CCOCC2)cc1,1.0,0.72,0.4339622641509434,1.0,0.07483870967741935,1.0,Toxic Repellent
LIC_01415,O=C1CC(Nc2ccc(N3CCOCC3)cc2)C(=O)N1Cc1ccccc1,1.0,0.5000000000000001,0.4339622641509434,1.0,0.0,1.0,Toxic Repellent
LIC_01414,Cc1cccc(N2C(=O)CC(Nc3ccc4c(c3)OCO4)C2=O)c1,1.0,0.41304347826086957,0.4339622641509434,1.0,0.0,1.0,Toxic Repellent
LIC_01413,Cn1c(=O)c2c(nc(Br)n2C/C=N/O)n(C)c1=O,1.0,0.6825396825396826,0.4339622641509434,1.0,0.03737839221710193,1.0,Toxic Repellent
LIC_01412,O=c1c2ccc(O)cc2oc2cc(O)ccc12,1.0,0.41304347826086957,0.4339622641509434,1.0,0.0,1.0,Toxic Repellent
LIC_01411,COc1cc(O)c(CN(C)C)c2oc(-c3ccccc3)cc(=O)c12,1.0,0.43902439024390244,0.4339622641509434,1.0,0.0,1.0,Toxic Repellent
LIC_01410,CN(C)c1ccc(NC2CC(=O)N(c3ccc(F)cc3)C2=O)cc1,1.0,0.43902439024390244,0.4339622641509434,1.0,0.0,1.0,Toxic Repellent
LIC_01409,O=C(O)c1cccnc1SC1CC(=O)N(c2ccc(N3CCCCC3)cc2)C1=O,1.0,0.72,0.4339622641509434,1.0,0.07483870967741935,1.0,Toxic Repellent
LIC_01408,Nc1ccc2oc(-c3ccccc3F)cc(=O)c2c1,1.0,0.41304347826086957,0.4339622641509434,1.0,0.0,1.0,Toxic Repellent
LIC_01407,COc1ccccc1N1C(=O)CC(Nc2ccc(C)cc2)C1=O,1.0,0.43902439024390244,0.4339622641509434,1.0,0.0,1.0,Toxic Repellent
LIC_01406,COc1ccccc1N1C(=O)CC(Nc2ccc(F)cc2)C1=O,1.0,0.43902439024390244,0.4339622641509434,1.0,0.0,1.0,Toxic Repellent
LIC_01405,COc1ccc(NC(=O)c2ccc([N+](=O)[O-])cc2Cl)cc1N1CCCCC1=O,1.0,0.6825396825396826,0.4339622641509434,1.0,0.03737839221710193,1.0,Toxic Repellent
LIC_01404,COCCn1c(=N)sc2cccc(F)c21,1.0,0.6825396825396826,0.4339622641509434,1.0,0.03737839221710193,1.0,Toxic Repellent
LIC_01403,COCCn1c(=N)sc2cc(F)ccc21,1.0,0.6825396825396826,0.4339622641509434,1.0,0.03737839221710193,1.0,Toxic Repellent
LIC_01402,c1ccc2nc(-c3nc4ccccc4[nH]3)ccc2c1,1.0,0.41304347826086957,0.4339622641509434,1.0,0.0,1.0,Toxic Repellent
LIC_01401,Cc1ccc(N2C(=O)CC(Nc3ccc(N(C)C)cc3)C2=O)cc1,1.0,0.43902439024390244,0.4339622641509434,1.0,0.0,1.0,Toxic Repellent
LIC_01432,O=C1CC(Nc2ccc(N3CCOCC3)cc2)C(=O)N1c1ccccc1Cl,1.0,0.6825396825396826,0.4339622641509434,1.0,0.03737839221710193,1.0,Toxic Repellent
LIC_01431,CCCCN1C(=O)CC(Nc2ccc(CC)cc2)C1=O,1.0,0.41304347826086957,0.4339622641509434,1.0,0.0,1.0,Toxic Repellent
LIC_01430,Cc1c(Cl)cccc1N1C(=O)CC(Nc2ccc(N3CCOCC3)cc2)C1=O,1.0,0.6825396825396826,0.4339622641509434,1.0,0.03737839221710193,1.0,Toxic Repellent
LIC_01429,O=C1CC(Nc2ccccc2)C(=O)N1Cc1ccccc1,1.0,0.41304347826086957,0.4339622641509434,1.0,0.0,1.0,Toxic Repellent
LIC_01428,CCOCCn1c(=N)sc2cc(OC)ccc21,1.0,0.5000000000000001,0.4339622641509434,1.0,0.0,1.0,Toxic Repellent
LIC_01427,O=C(Nc1ccccc1Oc1ccccc1)c1cccc(N2C(=O)CCC2=O)c1,1.0,0.72,0.4339622641509434,1.0,0.07483870967741935,1.0,Toxic Repellent
LIC_01426,Cn1c(=O)[nH]c(=O)c2[nH]c(Br)nc21,1.0,0.6825396825396826,0.4339622641509434,1.0,0.03737839221710193,1.0,Toxic Repellent
LIC_01425,N#CCOc1ccc2c(=O)c(-c3ccc4c(c3)OCCO4)coc2c1,1.0,0.5000000000000001,0.4339622641509434,1.0,0.0,1.0,Toxic Repellent
LIC_01424,O=c1c(-c2ccc3c(c2)OCCO3)coc2cc(O)ccc12,1.0,0.3548387096774194,0.4339622641509434,1.0,0.0,1.0,Toxic Repellent
LIC_01423,COc1ccc(-c2coc3cc(O)cc(C)c3c2=O)cc1,1.0,0.41304347826086957,0.4339622641509434,1.0,0.0,1.0,Toxic Repellent
LIC_01422,O=C(Cc1ccc(NS(=O)(=O)CCN2C(=O)CCCC2=O)cc1)NCc1cccs1,1.0,0.6825396825396826,0.4339622641509434,1.0,0.03737839221710193,1.0,Toxic Repellent
LIC_01421,COc1ccc(-c2coc3c(C)c(O)ccc3c2=O)cc1,1.0,0.43902439024390244,0.4339622641509434,1.0,0.0,1.0,Toxic Repellent
LIC_01420,O=C(O)c1cccnc1SC1CC(=O)N(c2ccc(F)c(Cl)c2)C1=O,1.0,0.6825396825396826,0.4339622641509434,1.0,0.03737839221710193,1.0,Toxic Repellent
LIC_01419,O=C(CN1C(=O)CCC1=O)Nc1ccccc1Oc1ccccc1,1.0,0.5000000000000001,0.4339622641509434,1.0,0.0,1.0,Toxic Repellent
LIC_01418,COC1CCN(c2ccc(NC(=O)COc3ccc(Cl)cc3Cl)cc2)CC1,1.0,0.72,0.4339622641509434,1.0,0.07483870967741935,1.0,Toxic Repellent
LIC_01417,COc1ccc(-c2coc3c(CN(C)C)c(O)ccc3c2=O)cc1OC,1.0,0.43902439024390244,0.4339622641509434,1.0,0.0,1.0,Toxic Repellent
LIC_01448,O=C1CC(N2CCN(c3ccccc3)CC2)C(=O)N1c1cccc(Cl)c1,1.0,0.5,0.4339622641509434,1.0,0.0,1.0,Toxic Repellent
LIC_01447,Cc1ccc(N2C(=O)CC(Nc3ccc(N4CCCCC4)cc3)C2=O)cc1,1.0,0.5000000000000001,0.4339622641509434,1.0,0.0,1.0,Toxic Repellent
LIC_01446,Cc1oc2cc(O)ccc2c(=O)c1-c1ccccc1,1.0,0.3548387096774194,0.4339622641509434,1.0,0.0,1.0,Toxic Repellent
LIC_01445,CCOCCn1c(=N)sc2cc(C(=O)OC)ccc21,1.0,0.43902439024390244,0.4339622641509434,1.0,0.0,1.0,Toxic Repellent
LIC_01444,Fc1ccccc1-c1ncc(CBr)o1,1.0,0.43902439024390244,0.4339622641509434,1.0,0.0,1.0,Toxic Repellent
LIC_01443,Cc1ccc(Oc2cccc(C(=O)O)c2)cc1,1.0,0.5000000000000001,0.4339622641509434,1.0,0.0,1.0,Toxic Repellent
LIC_01442,CCOc1cccc2sc(=N)n(CCOC)c12,1.0,0.6825396825396826,0.4339622641509434,1.0,0.03737839221710193,1.0,Toxic Repellent
LIC_01441,Cc1ccc(NC2CC(=O)N(c3ccc(N4CCCCC4)cc3)C2=O)cc1,1.0,0.5000000000000001,0.4339622641509434,1.0,0.0,1.0,Toxic Repellent
LIC_01440,CNC(=O)c1cccc(-c2noc(C3CN(C(=O)Nc4ccc(Cl)c(Cl)c4)C3)n2)c1,1.0,0.6825396825396826,0.4339622641509434,1.0,0.03737839221710193,1.0,Toxic Repellent
LIC_01439,Cc1cccc(N2C(=O)CC(Nc3ccc(N4CCCCC4)cc3)C2=O)c1C,1.0,0.6825396825396826,0.4339622641509434,1.0,0.03737839221710193,1.0,Toxic Repellent
LIC_01438,Cc1cccc(-c2cc(=O)c3cc(N)ccc3o2)c1,1.0,0.3548387096774194,0.4339622641509434,1.0,0.0,1.0,Toxic Repellent
LIC_01437,N#CCOc1ccc2c(=O)c(-c3ccccc3)coc2c1,1.0,0.43902439024390244,0.4339622641509434,1.0,0.0,1.0,Toxic Repellent
LIC_01436,c1ccc2[nH]c(-c3c[nH]c4ccccc34)nc2c1,1.0,0.43902439024390244,0.4339622641509434,1.0,0.0,1.0,Toxic Repellent
LIC_01435,COCCn1c(=N)sc2ccccc21,1.0,0.6825396825396826,0.4339622641509434,1.0,0.03737839221710193,1.0,Toxic Repellent
LIC_01434,CN(C)c1ccc(NC2CC(=O)N(c3ccccc3Cl)C2=O)cc1,1.0,0.5000000000000001,0.4339622641509434,1.0,0.0,1.0,Toxic Repellent
LIC_01433,COc1cc(-c2nnc(COc3ccc(Cl)cc3Cl)o2)cc(OC)c1OC,1.0,0.8727272727272727,0.4339622641509434,1.0,0.22756598240469206,1.0,Toxic Repellent
LIC_01464,CCc1ccc(N2C(=O)CC(Nc3ccc(N4CCOCC4)cc3)C2=O)cc1,1.0,0.6825396825396826,0.4339622641509434,1.0,0.03737839221710193,1.0,Toxic Repellent
LIC_01463,CC(=O)c1ccc(N2C(=O)CC(Nc3ccc(N4CCOCC4)cc3)C2=O)cc1,1.0,0.6825396825396826,0.4339622641509434,1.0,0.03737839221710193,1.0,Toxic Repellent
LIC_01462,COc1ccc(NC2CC(=O)N(c3ccccc3Cl)C2=O)cc1,1.0,0.5000000000000001,0.4339622641509434,1.0,0.0,1.0,Toxic Repellent
LIC_01461,COc1ccccc1N1C(=O)CC(Nc2ccc(N(C)C)cc2)C1=O,1.0,0.5000000000000001,0.4339622641509434,1.0,0.0,1.0,Toxic Repellent
LIC_01460,O=C(Nc1ccc(N2CCOCC2)cc1)c1ccc([N+](=O)[O-])cc1Cl,1.0,0.5000000000000001,0.4339622641509434,1.0,0.0,1.0,Toxic Repellent
LIC_01459,Nc1ccc2oc(-c3ccc(F)cc3)cc(=O)c2c1,1.0,0.43902439024390244,0.4339622641509434,1.0,0.0,1.0,Toxic Repellent
LIC_01458,COc1ccc(-c2c(C)oc3cc(O)cc(O)c3c2=O)cc1OC,1.0,0.41304347826086957,0.4339622641509434,1.0,0.0,1.0,Toxic Repellent
LIC_01457,O=C(O)c1cccnc1SC1CC(=O)N(c2cccc(Cl)c2Cl)C1=O,1.0,0.6825396825396826,0.4339622641509434,1.0,0.03737839221710193,1.0,Toxic Repellent
LIC_01456,COc1ccc(CC(=O)c2c(O)cc(O)cc2O)cc1OC,1.0,0.41304347826086957,0.4339622641509434,1.0,0.0,1.0,Toxic Repellent
LIC_01455,COc1ccccc1-c1coc2cc(OCC#N)ccc2c1=O,1.0,0.5000000000000001,0.4339622641509434,1.0,0.0,1.0,Toxic Repellent
LIC_01454,COc1ccc(-c2coc3c(CN4CCCCC4)c(O)ccc3c2=O)cc1,1.0,0.6825396825396826,0.4339622641509434,1.0,0.03737839221710193,1.0,Toxic Repellent
LIC_01453,O=C1CC(Nc2ccc(N3CCOCC3)cc2)C(=O)N1c1cccc(Cl)c1,1.0,0.6825396825396826,0.4339622641509434,1.0,0.03737839221710193,1.0,Toxic Repellent
LIC_01452,COc1ccc(-c2coc3cc(OC)ccc3c2=O)cc1,1.0,0.43902439024390244,0.4339622641509434,1.0,0.0,1.0,Toxic Repellent
LIC_01451,Cc1ccc(N2C(=O)CC(Sc3ncccc3C(=O)O)C2=O)c(Br)c1,1.0,0.6825396825396826,0.4339622641509434,1.0,0.03737839221710193,1.0,Toxic Repellent
LIC_01450,O=C1CC(N2CCN(c3ccccc3)CC2)C(=O)N1c1ccc(Cl)cc1,1.0,0.5000000000000001,0.4339622641509434,1.0,0.0,1.0,Toxic Repellent
LIC_01449,CCc1ccc(N2C(=O)CC(Nc3ccc(N(C)C)cc3)C2=O)cc1,1.0,0.5000000000000001,0.4339622641509434,1.0,0.0,1.0,Toxic Repellent
LIC_01480,CN(C)c1ccc(N2C(=O)CC(Nc3ccc4c(c3)OCO4)C2=O)cc1,1.0,0.43902439024390244,0.4339622641509434,1.0,0.0,1.0,Toxic Repellent
LIC_01479,CCCN1C(=O)CCc2cc(NC(=O)c3ccc(Cl)cc3)ccc21,1.0,0.5000000000000001,0.4339622641509434,1.0,0.0,1.0,Toxic Repellent
LIC_01478,CC(=O)Oc1ccc(N2C(=O)CC(Sc3ncccc3C(=O)O)C2=O)cc1,1.0,0.6825396825396826,0.4339622641509434,1.0,0.03737839221710193,1.0,Toxic Repellent
LIC_01477,Cc1ccc(NC(=O)CN2C(=O)CCC2=O)c(C(=O)c2ccccc2)c1,1.0,0.43902439024390244,0.4339622641509434,1.0,0.0,1.0,Toxic Repellent
LIC_01475,Cc1oc2cc(O)cc(O)c2c(=O)c1-c1ccc2c(c1)OCCCO2,1.0,0.41304347826086957,0.4339622641509434,1.0,0.0,1.0,Toxic Repellent
LIC_01474,O=C(O)c1cccnc1SC1CC(=O)N(c2ccc(Cl)cc2Cl)C1=O,1.0,0.6825396825396826,0.4339622641509434,1.0,0.03737839221710193,1.0,Toxic Repellent
LIC_01473,CCOCCn1c(=N)sc2c(OC)ccc(OC)c21,1.0,0.5000000000000001,0.4339622641509434,1.0,0.0,1.0,Toxic Repellent
LIC_01472,O=C1CC(Nc2ccc(F)cc2)C(=O)N1c1ccc(N2CCCCC2)cc1,1.0,0.6825396825396826,0.4339622641509434,1.0,0.03737839221710193,1.0,Toxic Repellent
LIC_01471,COc1ccc(NC2CC(=O)N(c3ccc(N4CCOCC4)cc3)C2=O)cc1,1.0,0.5000000000000001,0.4339622641509434,1.0,0.0,1.0,Toxic Repellent
LIC_01470,COc1ccc(N2C(=O)CC(Nc3ccc(N4CCOCC4)cc3)C2=O)cc1,1.0,0.5000000000000001,0.4339622641509434,1.0,0.0,1.0,Toxic Repellent
LIC_01469,COc1ccc(NC2CC(=O)N(c3ccc(OC)cc3)C2=O)cc1,1.0,0.43902439024390244,0.4339622641509434,1.0,0.0,1.0,Toxic Repellent
LIC_01468,O=C(Nc1ccc(N2CCCCS2(=O)=O)cc1)c1ccc([N+](=O)[O-])cc1Cl,1.0,0.72,0.4339622641509434,1.0,0.07483870967741935,1.0,Toxic Repellent
LIC_01467,COc1cccc(N2C(=O)CC(Nc3ccc(N4CCOCC4)cc3)C2=O)c1,1.0,0.5000000000000001,0.4339622641509434,1.0,0.0,1.0,Toxic Repellent
LIC_01466,O=C(O)c1cccnc1SC1CC(=O)N(c2cccc(Br)c2)C1=O,1.0,0.5000000000000001,0.4339622641509434,1.0,0.0,1.0,Toxic Repellent
LIC_01465,CCn1c(=N)sc2cc(C(=O)OC)ccc21,1.0,0.5000000000000001,0.4339622641509434,1.0,0.0,1.0,Toxic Repellent
LIC_01496,CCc1ccc(NC2CC(=O)N(c3ccccc3OC)C2=O)cc1,1.0,0.5000000000000001,0.4339622641509434,1.0,0.0,1.0,Toxic Repellent
LIC_01495,COc1cccc(C(CNC(=O)c2ccc([N+](=O)[O-])cc2Cl)N2CCOCC2)c1,1.0,0.6825396825396826,0.4339622641509434,1.0,0.03737839221710193,1.0,Toxic Repellent
LIC_01494,COc1cc(O)cc2oc(-c3ccccc3)cc(=O)c12,1.0,0.41304347826086957,0.4339622641509434,1.0,0.0,1.0,Toxic Repellent
LIC_01493,CC(=O)Nc1ccc2oc(-c3ccc(F)cc3)cc(=O)c2c1,1.0,0.41304347826086957,0.4339622641509434,1.0,0.0,1.0,Toxic Repellent
LIC_01492,O=c1c(-c2ccccc2)coc2cc(O)ccc12,1.0,0.3548387096774194,0.4339622641509434,1.0,0.0,1.0,Toxic Repellent
LIC_01491,COc1ccc(CC(=O)c2ccc(O)cc2O)cc1OC,1.0,0.41304347826086957,0.4339622641509434,1.0,0.0,1.0,Toxic Repellent
LIC_01490,Cc1c(Cl)cccc1N1C(=O)CC(Nc2ccc(N(C)C)cc2)C1=O,1.0,0.5000000000000001,0.4339622641509434,1.0,0.0,1.0,Toxic Repellent
LIC_01489,CN(C)c1ccc(NC2CC(=O)N(c3cccc(Cl)c3)C2=O)cc1,1.0,0.43902439024390244,0.4339622641509434,1.0,0.0,1.0,Toxic Repellent
LIC_01488,O=C1CC(Nc2ccc(F)cc2)C(=O)N1c1ccccc1Cl,1.0,0.43913635275062557,0.4339622641509434,1.0,0.0,1.0,Toxic Repellent
LIC_01487,CCc1ccc(NC2CC(=O)N(c3ccccc3F)C2=O)cc1,1.0,0.43902439024390244,0.4339622641509434,1.0,0.0,1.0,Toxic Repellent
LIC_01486,CCOCCn1c(=N)sc2cc(C)ccc21,1.0,0.5000000000000001,0.4339622641509434,1.0,0.0,1.0,Toxic Repellent
LIC_01485,Cc1ccc(S(=O)(=O)N2CCCCC2CCNS(=O)(=O)CCN2C(=O)CCCC2=O)cc1,1.0,0.8727272727272727,0.4339622641509434,1.0,0.22756598240469206,1.0,Toxic Repellent
LIC_01484,CCN1CCN(Cc2c(O)ccc3c(=O)c(-c4ccccc4)coc23)CC1,1.0,0.6825396825396826,0.4339622641509434,1.0,0.03737839221710193,1.0,Toxic Repellent
LIC_01483,COc1ccc(-c2c(C)oc3cc(O)cc(O)c3c2=O)cc1,1.0,0.41304347826086957,0.4339622641509434,1.0,0.0,1.0,Toxic Repellent
LIC_01482,CC(=O)c1ccc(N2C(=O)CC(Nc3ccc(N4CCCCC4)cc3)C2=O)cc1,1.0,0.6825396825396826,0.4339622641509434,1.0,0.03737839221710193,1.0,Toxic Repellent
LIC_01481,CN(C)c1ccc(NC2CC(=O)N(Cc3ccccc3)C2=O)cc1,1.0,0.43902439024390244,0.4339622641509434,1.0,0.0,1.0,Toxic Repellent
LIC_01512,CCc1cc2c(=O)c(-c3ccc4c(c3)OCCO4)coc2cc1OCC(N)=O,1.0,0.5000000000000001,0.4339622641509434,1.0,0.0,1.0,Toxic Repellent
LIC_01511,O=C1CC(N2CCN(c3ccc(F)cc3)CC2)C(=O)N1Cc1ccccc1,1.0,0.5714285714285714,0.4339622641509434,1.0,0.0,1.0,Toxic Repellent
LIC_01510,O=C(O)c1cccnc1SC1CC(=O)N(c2ccc(Cl)c(Cl)c2)C1=O,1.0,0.6825396825396826,0.4339622641509434,1.0,0.03737839221710193,1.0,Toxic Repellent
LIC_01509,CCCN1C(=O)CCc2cc(NC(=O)c3cccc(Cl)c3)ccc21,1.0,0.43902439024390244,0.4339622641509434,1.0,0.0,1.0,Toxic Repellent
LIC_01508,CCCCc1ccc(NC(=O)CN2C(=O)CSC(C)C2=O)cc1,1.0,0.5000000000000001,0.4339622641509434,1.0,0.0,1.0,Toxic Repellent
LIC_01507,CCOCCn1c(=N)sc2ccccc21,1.0,0.5000000000000001,0.4339622641509434,1.0,0.0,1.0,Toxic Repellent
LIC_01506,CC(=O)Oc1ccc2c(=O)c(-c3ccccc3)coc2c1C,1.0,0.3548387096774194,0.4339622641509434,1.0,0.0,1.0,Toxic Repellent
LIC_01505,Cc1ccc(NC2CC(=O)N(c3cccc([N+](=O)[O-])c3)C2=O)cc1,1.0,0.43902439024390244,0.4339622641509434,1.0,0.0,1.0,Toxic Repellent
LIC_01504,Cc1ccc(NC2CC(=O)N(Cc3ccccc3)C2=O)cc1,1.0,0.41304347826086957,0.4339622641509434,1.0,0.0,1.0,Toxic Repellent
LIC_01503,COc1ccc2c(c1)C(=O)CC(c1ccccc1F)O2,1.0,0.41304347826086957,0.4339622641509434,1.0,0.0,1.0,Toxic Repellent
LIC_01502,COc1ccc(-c2coc3c(CN4CCN(C)CC4)c(O)ccc3c2=O)cc1,1.0,0.5000000000000001,0.4339622641509434,1.0,0.0,1.0,Toxic Repellent
LIC_01501,COCCn1c(=N)sc2c(C)cc(C)cc21,1.0,0.5000000000000001,0.4339622641509434,1.0,0.0,1.0,Toxic Repellent
LIC_01500,O=C1CC(Nc2ccc(N3CCOCC3)cc2)C(=O)N1c1ccc(Cl)cc1,1.0,0.6825396825396826,0.4339622641509434,1.0,0.03737839221710193,1.0,Toxic Repellent
LIC_01499,COCCn1c(=N)sc2cc(C)c(C)cc21,1.0,0.5000000000000001,0.4339622641509434,1.0,0.0,1.0,Toxic Repellent
LIC_01498,COc1ccc(-c2coc3cc(OC(C)=O)ccc3c2=O)cc1,1.0,0.43902439024390244,0.4339622641509434,1.0,0.0,1.0,Toxic Repellent
LIC_01497,CC(c1ccccc1)N1C(=O)CC(Nc2ccc(N3CCOCC3)cc2)C1=O,1.0,0.6825396825396826,0.4339622641509434,1.0,0.03737839221710193,1.0,Toxic Repellent
LIC_01528,COc1cc([N+](=O)[O-])ccc1NC(=O)c1ccc(N2C(=O)CCC2=O)cc1,1.0,0.5000000000000001,0.4339622641509434,1.0,0.0,1.0,Toxic Repellent
LIC_01527,O=C1CC(Nc2ccc(F)cc2)C(=O)N1Cc1ccccc1,1.0,0.43902439024390244,0.4339622641509434,1.0,0.0,1.0,Toxic Repellent
LIC_01525,O=C1CCC(=O)N1CC(=O)N(Cc1cccnc1)c1nc2cc3c(cc2s1)OCO3,1.0,0.6825396825396826,0.4339622641509434,1.0,0.03737839221710193,1.0,Toxic Repellent
LIC_01524,CC(=O)Oc1ccc2c(=O)c(-c3ccccc3)c(C)oc2c1C,1.0,0.41304347826086957,0.4339622641509434,1.0,0.0,1.0,Toxic Repellent
LIC_01523,COC(=O)c1ccc(N2C(=O)CC(Sc3ncccc3C(=O)O)C2=O)cc1,1.0,0.6825396825396826,0.4339622641509434,1.0,0.03737839221710193,1.0,Toxic Repellent
LIC_01522,CCOCCn1c(=N)sc2cc(F)ccc21,1.0,0.5000000000000001,0.4339622641509434,1.0,0.0,1.0,Toxic Repellent
LIC_01521,CN(C)CCN(C(=O)c1ccc(N2C(=O)CCC2=O)cc1)c1nc2cc3c(cc2s1)OCCO3,1.0,0.6825396825396826,0.4339622641509434,1.0,0.03737839221710193,1.0,Toxic Repellent
LIC_01520,COc1ccc2c(c1)C(=O)CC(c1ccc(C)cc1)O2,1.0,0.41304347826086957,0.4339622641509434,1.0,0.0,1.0,Toxic Repellent
LIC_01519,CCN(CC)Cc1c(O)ccc2c(=O)c(-c3ccc(OC)cc3)coc12,1.0,0.6825396825396826,0.4339622641509434,1.0,0.03737839221710193,1.0,Toxic Repellent
LIC_01518,COc1ccc(N2C(=O)CC(Nc3ccc(N4CCCCC4)cc3)C2=O)cc1,1.0,0.6825396825396826,0.4339622641509434,1.0,0.03737839221710193,1.0,Toxic Repellent
LIC_01517,CC(=O)Oc1ccc2c(=O)c(-c3ccccc3)coc2c1,1.0,0.41304347826086957,0.4339622641509434,1.0,0.0,1.0,Toxic Repellent
LIC_01516,CC(C)Oc1cc(O)c2c(=O)c(-c3ccc(O)cc3)coc2c1,1.0,0.43902439024390244,0.4339622641509434,1.0,0.0,1.0,Toxic Repellent
LIC_01515,O=C(Nc1sccc1-c1nc2ccccc2s1)c1cccc(N2C(=O)CCC2=O)c1,1.0,0.6825396825396826,0.4339622641509434,1.0,0.03737839221710193,1.0,Toxic Repellent
LIC_01514,CC(=O)Nc1ccc2c(=O)cc(-c3ccc(C)cc3)oc2c1,1.0,0.3,0.4339622641509434,1.0,0.0,0.9451612903225806,Toxic Repellent
LIC_01513,COc1cc2oc(-c3ccccc3)cc(=O)c2c(O)c1CN(C)C,1.0,0.43902439024390244,0.4339622641509434,1.0,0.0,1.0,Toxic Repellent
LIC_01544,O=C1CC(N2CCN(Cc3ccccc3)CC2)C(=O)N1Cc1ccccc1,1.0,0.5754451428483054,0.4339622641509434,1.0,0.0,1.0,Toxic Repellent
LIC_01543,Cc1c(NC(=O)c2ccc([N+](=O)[O-])cc2Cl)c(=O)n(-c2ccccc2)n1C,1.0,0.6825396825396826,0.4339622641509434,1.0,0.03737839221710193,1.0,Toxic Repellent
LIC_01542,CC(=O)Oc1ccc2c(=O)c(-c3ccc4c(c3)OCCO4)coc2c1,1.0,0.43902439024390244,0.4339622641509434,1.0,0.0,1.0,Toxic Repellent
LIC_01541,CCc1cccc(CC)c1NC(=O)c1ccc([N+](=O)[O-])cc1Cl,1.0,0.5000000000000001,0.4339622641509434,1.0,0.0,1.0,Toxic Repellent
LIC_01540,COc1ccc(NC2CC(=O)N(Cc3ccc(C)cc3)C2=O)cc1,1.0,0.5000000000000001,0.4339622641509434,1.0,0.0,1.0,Toxic Repellent
LIC_01539,CCOC(=O)c1c(NC(=O)CN2C(=O)CSC(C)C2=O)sc2c1CCCC2,1.0,0.72,0.4339622641509434,1.0,0.07483870967741935,1.0,Toxic Repellent
LIC_01538,CCN1/C(=C/C=C/c2ccc3ccccc3[n+]2CC)C=Cc2ccccc21,1.0,0.72,0.4339622641509434,1.0,0.07483870967741935,1.0,Toxic Repellent
LIC_01537,CCOc1ccc2c(=O)c(-c3ccc(OC)cc3)coc2c1,1.0,0.5000000000000001,0.4339622641509434,1.0,0.0,1.0,Toxic Repellent
LIC_01536,Cc1ccc(CN2C(=O)CC(Nc3ccc(N4CCOCC4)cc3)C2=O)cc1,1.0,0.6825396825396826,0.4339622641509434,1.0,0.03737839221710193,1.0,Toxic Repellent
LIC_01534,COc1ccc2c(=O)c(-c3ccccc3)c(C)oc2c1,1.0,0.43902439024390244,0.4339622641509434,1.0,0.0,1.0,Toxic Repellent
LIC_01533,COc1ccccc1-c1cc(=O)c2cc(C)ccc2o1,1.0,0.41304347826086957,0.4339622641509434,1.0,0.0,1.0,Toxic Repellent
LIC_01532,COc1ccc(-c2cc(=O)c3cc(F)ccc3o2)cc1OC,1.0,0.43902439024390244,0.4339622641509434,1.0,0.0,1.0,Toxic Repellent
LIC_01531,COc1cccc(C(=O)CC2c3c(cc4c(c3OC)OCO4)CCN2C)c1,1.0,0.5000000000000001,0.4339622641509434,1.0,0.0,1.0,Toxic Repellent
LIC_01530,N#CCOc1ccc2c(=O)c(-c3ccc(Cl)cc3)coc2c1,1.0,0.5000000000000001,0.4339622641509434,1.0,0.0,1.0,Toxic Repellent
LIC_01529,COc1cccc(NC(=S)NCCN2CCOCC2)c1,1.0,0.3548387096774194,0.4339622641509434,1.0,0.0,1.0,Toxic Repellent
LIC_01560,COc1ccc(-c2coc3cc(OCCN4CCOCC4)ccc3c2=O)cc1,1.0,0.5000000000000001,0.4339622641509434,1.0,0.0,1.0,Toxic Repellent
LIC_01559,O=C(Nc1ccc(Cl)cc1[N+](=O)[O-])C1COc2ccccc2O1,1.0,0.5000000000000001,0.4339622641509434,1.0,0.0,1.0,Toxic Repellent
LIC_01558,CC(C)(C)C(=O)Oc1ccc2c(=O)c(-c3ccccc3)coc2c1,1.0,0.5000000000000001,0.4339622641509434,1.0,0.0,1.0,Toxic Repellent
LIC_01557,O=C(O)COc1ccc2c(=O)c(-c3ccccc3)coc2c1,1.0,0.43902439024390244,0.4339622641509434,1.0,0.0,1.0,Toxic Repellent
LIC_01556,CC1CC(=O)NN=C1c1ccc(Cl)c([N+](=O)[O-])c1,1.0,0.6825396825396826,0.4339622641509434,1.0,0.03737839221710193,1.0,Toxic Repellent
LIC_01555,O=C(Nc1nc2c(s1)CN(C(=O)Nc1ccc(Cl)c(Cl)c1)CC2)c1ccoc1,1.0,0.8333333333333334,0.4339622641509434,1.0,0.18817204301075274,1.0,Toxic Repellent
LIC_01554,COc1ccc(NC2CC(=O)N(c3ccc(Br)cc3)C2=O)cc1,1.0,0.5,0.4339622641509434,1.0,0.0,1.0,Toxic Repellent
LIC_01553,CC(C)Oc1ccc2c(=O)c(-c3ccccc3)coc2c1,1.0,0.43902439024390244,0.4339622641509434,1.0,0.0,1.0,Toxic Repellent
LIC_01552,N#CCOc1ccc2c(=O)c(-c3ccc(Br)cc3)coc2c1,1.0,0.5000000000000001,0.4339622641509434,1.0,0.0,1.0,Toxic Repellent
LIC_01551,O=C(O)c1cccnc1SC1CC(=O)N(c2ccc(OC(F)(F)F)cc2)C1=O,1.0,0.6825396825396826,0.4339622641509434,1.0,0.03737839221710193,1.0,Toxic Repellent
LIC_01550,COc1cc(NC(=O)c2ccc([N+](=O)[O-])cc2Cl)ccc1N1CCCCC1=O,1.0,0.6825396825396826,0.4339622641509434,1.0,0.03737839221710193,1.0,Toxic Repellent
LIC_01549,COc1ccc2c(=O)c(-c3ccccc3)c(C)oc2c1C,1.0,0.41304347826086957,0.4339622641509434,1.0,0.0,1.0,Toxic Repellent
LIC_01548,CCOC(=O)c1ccc(N2C(=O)CC(Sc3ncccc3C(=O)O)C2=O)cc1,1.0,0.6825396825396826,0.4339622641509434,1.0,0.03737839221710193,1.0,Toxic Repellent
LIC_01547,O=C(Nc1ccc([N+](=O)[O-])cc1Cl)C1COc2ccccc2O1,1.0,0.5000000000000001,0.4339622641509434,1.0,0.0,1.0,Toxic Repellent
LIC_01546,COc1cccc(NC(=S)N2CCCCC2)c1,1.0,0.41304347826086957,0.4339622641509434,1.0,0.0,1.0,Toxic Repellent
LIC_01545,CCOC(=O)c1ccc(NC(=O)c2ccc(N3C(=O)CCC3=O)cc2)cc1,1.0,0.5000000000000001,0.4339622641509434,1.0,0.0,1.0,Toxic Repellent
LIC_01576,O=C1NC(=O)c2cc(NC(=O)c3ccccc3[N+](=O)[O-])ccc21,1.0,0.43902439024390244,0.4339622641509434,1.0,0.0,1.0,Toxic Repellent
LIC_01575,O=c1c(-c2ccc(Cl)cc2)coc2cc(O)ccc12,1.0,0.41304347826086957,0.4339622641509434,1.0,0.0,1.0,Toxic Repellent
LIC_01574,O=c1cc(-c2cc(Br)cc3c2OCOC3)oc2ccccc12,1.0,0.43902439024390244,0.4339622641509434,1.0,0.0,1.0,Toxic Repellent
LIC_01572,CCOc1ccc2c(=O)c(-c3ccc(OC)cc3)c(C)oc2c1,1.0,0.6825396825396826,0.4339622641509434,1.0,0.03737839221710193,1.0,Toxic Repellent
LIC_01571,COc1ccc(NC2CC(=O)N(c3cc([N+](=O)[O-])ccc3C)C2=O)cc1,1.0,0.5000000000000001,0.4339622641509434,1.0,0.0,1.0,Toxic Repellent
LIC_01570,CN(C)C(=O)Oc1ccc2c(=O)c(-c3ccccc3)coc2c1,1.0,0.43902439024390244,0.4339622641509434,1.0,0.0,1.0,Toxic Repellent
LIC_01569,CCC(=O)Oc1ccc2c(=O)c(-c3ccccc3)coc2c1,1.0,0.43902439024390244,0.4339622641509434,1.0,0.0,1.0,Toxic Repellent
LIC_01568,CCc1ccccc1N1C(=O)CC(N2CCN(Cc3ccccc3)CC2)C1=O,1.0,0.6825396825396826,0.4339622641509434,1.0,0.03737839221710193,1.0,Toxic Repellent
LIC_01567,COc1ccc(F)cc1C(=O)CN1C(=O)COc2ccccc2C1=O,1.0,0.43902439024390244,0.4339622641509434,1.0,0.0,1.0,Toxic Repellent
LIC_01566,CC(C)CN1C(=O)CCc2cc(NC(=O)c3ccc(Cl)cc3)ccc21,1.0,0.5000000000000001,0.4339622641509434,1.0,0.0,1.0,Toxic Repellent
LIC_01565,COc1ccccc1-c1coc2cc(OC(=O)C(C)(C)C)ccc2c1=O,1.0,0.5000000000000001,0.4339622641509434,1.0,0.0,1.0,Toxic Repellent
LIC_01564,O=C(CN1C(=O)CCC1=O)Nc1nc(-c2cc([N+](=O)[O-])cs2)cs1,1.0,0.6825396825396826,0.4339622641509434,1.0,0.03737839221710193,1.0,Toxic Repellent
LIC_01563,Cn1nc(-c2ccc(NC(=O)c3ccc([N+](=O)[O-])cc3Cl)cc2)ccc1=O,1.0,0.72,0.4339622641509434,1.0,0.07483870967741935,1.0,Toxic Repellent
LIC_01562,COc1cccc(NC(=S)NCCN(C)C)c1,1.0,0.3548387096774194,0.4339622641509434,1.0,0.0,1.0,Toxic Repellent
LIC_01561,CCC(=O)Oc1ccc2c(=O)c(-c3ccccc3OC)coc2c1,1.0,0.43902439024390244,0.4339622641509434,1.0,0.0,1.0,Toxic Repellent
LIC_01592,CC(=O)Oc1ccc2c(=O)c(-c3ccc(Cl)cc3)coc2c1,1.0,0.43902439024390244,0.4339622641509434,1.0,0.0,1.0,Toxic Repellent
LIC_01591,CN(C)c1ccc(NC2CC(=O)N(CCc3ccccc3)C2=O)cc1,1.0,0.43902439024390244,0.4339622641509434,1.0,0.0,1.0,Toxic Repellent
LIC_01590,COc1ccc(-c2coc3cc(OC(=O)C(C)(C)C)ccc3c2=O)cc1,1.0,0.5,0.4339622641509434,1.0,0.0,1.0,Toxic Repellent
LIC_01589,CCOc1ccc2c(=O)c(-c3ccc(OC)c(OC)c3)c(C)oc2c1,1.0,0.6825396825396826,0.4339622641509434,1.0,0.03737839221710193,1.0,Toxic Repellent
LIC_01588,CCOc1ccc2c(=O)c(-c3ccccc3)coc2c1,1.0,0.43902439024390244,0.4339622641509434,1.0,0.0,1.0,Toxic Repellent
LIC_01587,COc1ccc(C(C#N)N2CCN(C(C#N)c3ccc(OC)cc3)CC2)cc1,1.0,0.6825396825396826,0.4339622641509434,1.0,0.03737839221710193,1.0,Toxic Repellent
LIC_01586,O=C1CC(N2CCN(c3ccc(F)cc3)CC2)C(=O)N1c1cccc(Cl)c1,1.0,0.5000000000000001,0.4339622641509434,1.0,0.0,1.0,Toxic Repellent
LIC_01585,O=C1CC(Nc2ccc(N3CCOCC3)cc2)C(=O)N1CCc1ccccc1,1.0,0.5000000000000001,0.4339622641509434,1.0,0.0,1.0,Toxic Repellent
LIC_01584,COc1ccc(-n2nnnc2CN2CCN(C(=O)Nc3ccc(Cl)c(Cl)c3)CC2)cc1,1.0,0.8,0.4339622641509434,1.0,0.15483870967741942,1.0,Toxic Repellent
LIC_01583,COc1ccc(C)cc1C(=O)CN1C(=O)COc2ccccc2C1=O,1.0,0.43902439024390244,0.4339622641509434,1.0,0.0,1.0,Toxic Repellent
LIC_01581,O=C1CC(Nc2ccc(N3CCOCC3)cc2)C(=O)N1c1ccc(C(F)(F)F)cc1,1.0,0.6825396825396826,0.4339622641509434,1.0,0.03737839221710193,1.0,Toxic Repellent
LIC_01580,CCOc1ccc(N2C(=O)CC(Nc3ccc(N4CCOCC4)cc3)C2=O)cc1,1.0,0.6825396825396826,0.4339622641509434,1.0,0.03737839221710193,1.0,Toxic Repellent
LIC_01579,O=C1CC(Nc2ccc(N3CCOCC3)cc2)C(=O)N1c1cccc(C(F)(F)F)c1,1.0,0.6825396825396826,0.4339622641509434,1.0,0.03737839221710193,1.0,Toxic Repellent
LIC_01578,COc1ccc2c(=O)c(-c3ccccc3)coc2c1,1.0,0.43902439024390244,0.4339622641509434,1.0,0.0,1.0,Toxic Repellent
LIC_01577,O=C(NCC1COC2(CCCC2)O1)c1ccc(Cl)c([N+](=O)[O-])c1,1.0,0.6825396825396826,0.4339622641509434,1.0,0.03737839221710193,1.0,Toxic Repellent
LIC_01608,O=C1CC(N2CCN(Cc3ccccc3)CC2)C(=O)N1Cc1ccc2c(c1)OCO2,1.0,0.6825396825396826,0.4339622641509434,1.0,0.03737839221710193,1.0,Toxic Repellent
LIC_01607,O=C1CC(Nc2ccc(N3CCOCC3)cc2)C(=O)N1c1cccc(Cl)c1Cl,1.0,0.72,0.4339622641509434,1.0,0.07483870967741935,1.0,Toxic Repellent
LIC_01606,COC(=O)COc1ccc2c(=O)c(-c3ccccc3)coc2c1,1.0,0.5,0.4339622641509434,1.0,0.0,1.0,Toxic Repellent
LIC_01605,CCc1ccc(NC2CC(=O)N(c3ccc(OC)cc3OC)C2=O)cc1,1.0,0.6825396825396826,0.4339622641509434,1.0,0.03737839221710193,1.0,Toxic Repellent
LIC_01604,CCOC(=O)c1s/c(=N\C(=O)CN2C(=O)CCC2=O)n(C)c1C,1.0,0.6825396825396826,0.4339622641509434,1.0,0.03737839221710193,1.0,Toxic Repellent
LIC_01603,O=c1c(-c2ccc(Br)cc2)coc2cc(O)ccc12,1.0,0.41304347826086957,0.4339622641509434,1.0,0.0,1.0,Toxic Repellent
LIC_01602,Cc1cc(NC(=O)c2cccc(N3C(=O)CCC3=O)c2)n(-c2nc3ccccc3s2)n1,1.0,0.6825396825396826,0.4339622641509434,1.0,0.03737839221710193,1.0,Toxic Repellent
LIC_01601,COc1ccc(NC2CC(=O)N(c3cccc([N+](=O)[O-])c3)C2=O)cc1,1.0,0.43902439024390244,0.4339622641509434,1.0,0.0,1.0,Toxic Repellent
LIC_01600,CCOc1ccc(NC2CC(=O)N(c3ccc(N4CCOCC4)cc3)C2=O)cc1,1.0,0.6825396825396826,0.4339622641509434,1.0,0.03737839221710193,1.0,Toxic Repellent
LIC_01598,COc1ccc(-c2cc(=O)c3cc(Cl)ccc3o2)cc1OC,1.0,0.43902439024390244,0.4339622641509434,1.0,0.0,1.0,Toxic Repellent
LIC_01597,COc1ccc2c(=O)cc(-c3ccccc3)oc2c1,1.0,0.43902439024390244,0.4339622641509434,1.0,0.0,1.0,Toxic Repellent
LIC_01596,O=C1CC(Nc2ccc3c(c2)OCO3)C(=O)N1CCc1ccccc1,1.0,0.43902439024390244,0.4339622641509434,1.0,0.0,1.0,Toxic Repellent
LIC_01595,CN1CCCc2cc(CCNC(=O)c3ccc(Cl)cc3)ccc21,1.0,0.43902439024390244,0.4339622641509434,1.0,0.0,1.0,Toxic Repellent
LIC_01594,CCOC(=O)N1CCN(C2CC(=O)N(c3cccc4ccccc34)C2=O)CC1,1.0,0.6825396825396826,0.4339622641509434,1.0,0.03737839221710193,1.0,Toxic Repellent
LIC_02795,CN1/C(=C/C=C2\CCCC(/C=C/C3=[N+](C)c4ccc5ccccc5c4C3(C)C)=C2Cl)C(C)(C)c2c1ccc1ccccc21,1.0,0.6825396825396826,0.4339622641509434,1.0,0.03737839221710193,1.0,Toxic Repellent
LIC_02794,O=S(=O)(Oc1ccc2ccccc2c1)c1ccc(Cl)c2ccccc12,1.0,0.8,0.4339622641509434,1.0,0.15483870967741942,1.0,Toxic Repellent
LIC_02793,c1ccc2nc3c4ccccc4c4ccccc4c3nc2c1,1.0,0.5,0.4339622641509434,1.0,0.0,1.0,Toxic Repellent
LIC_02792,O=C(Nc1ccc2c(c1)N(S(=O)(=O)c1cccs1)CCC2)c1ccc(Cl)c([N+](=O)[O-])c1,1.0,0.8,0.4339622641509434,1.0,0.15483870967741942,1.0,Toxic Repellent
LIC_02791,C#CCn1/c(=N/C(=O)c2ccc(N3C(=O)CCC3=O)cc2)sc2c3ccccc3ccc21,1.0,0.6825396825396826,0.4339622641509434,1.0,0.03737839221710193,1.0,Toxic Repellent
LIC_02790,C#CCn1/c(=N/C(=O)c2cccc(N3C(=O)CCC3=O)c2)sc2c3ccccc3ccc21,1.0,0.6825396825396826,0.4339622641509434,1.0,0.03737839221710193,1.0,Toxic Repellent
LIC_02789,Cc1nn(S(=O)(=O)c2ccc(Cl)c([N+](=O)[O-])c2)c(C)c1S(=O)(=O)N(C)c1ccccc1,1.0,0.920863309352518,0.4339622641509434,1.0,0.2757020190299374,1.0,Toxic Repellent
LIC_02788,O=C(Nc1cccc(-c2nc3cccnc3s2)c1)c1ccc(Cl)c([N+](=O)[O-])c1,1.0,0.6825396825396826,0.4339622641509434,1.0,0.03737839221710193,1.0,Toxic Repellent
LIC_02787,COc1ccc(-c2nc3ccccn3c2NC(=O)c2ccc(Cl)c([N+](=O)[O-])c2)cc1,1.0,0.72,0.4339622641509434,1.0,0.07483870967741935,1.0,Toxic Repellent
LIC_02786,O=C(CSc1nnc(NC(=O)c2ccc(Cl)c([N+](=O)[O-])c2)s1)Nc1ccccc1F,1.0,0.72,0.4339622641509434,1.0,0.07483870967741935,1.0,Toxic Repellent
LIC_02785,O=C(CSc1nnc(NC(=O)c2ccc(Cl)c([N+](=O)[O-])c2)s1)Nc1ccccc1,1.0,0.72,0.4339622641509434,1.0,0.07483870967741935,1.0,Toxic Repellent
LIC_02784,CCOC(=O)c1nn(-c2ccccc2)c(=O)c2c(NC(=O)c3ccc(Cl)c([N+](=O)[O-])c3)scc12,1.0,0.8727272727272727,0.4339622641509434,1.0,0.22756598240469206,1.0,Toxic Repellent
LIC_02783,O=C(Nc1c(-c2ccc(F)cc2)nc2ccccn12)c1ccc(Cl)c([N+](=O)[O-])c1,1.0,0.75,0.4339622641509434,1.0,0.10483870967741937,1.0,Toxic Repellent
LIC_02782,Cc1nc2ccccc2c(=O)n1-c1cccc(NC(=O)c2ccc(Cl)c([N+](=O)[O-])c2)c1,1.0,0.72,0.4339622641509434,1.0,0.07483870967741935,1.0,Toxic Repellent
LIC_02781,O=C(Nc1ccc(Cl)c([N+](=O)[O-])c1)c1ccc(N2C(=O)c3ccccc3C2=O)cc1,1.0,0.6825396825396826,0.4339622641509434,1.0,0.03737839221710193,1.0,Toxic Repellent
LIC_02780,CC(C)Cc1ccc(C(C)C(=O)NCCc2c[nH]c3ccccc23)cc1,1.0,0.6825396825396826,0.4339622641509434,1.0,0.03737839221710193,1.0,Toxic Repellent
LIC_01624,O=C(NCCc1ccccc1)c1ccc(Cl)cc1[N+](=O)[O-],1.0,0.43902439024390244,0.4339622641509434,1.0,0.0,1.0,Toxic Repellent
LIC_01623,CCc1cc2c(=O)c(-c3ccc4c(c3)OCCO4)coc2cc1OC(C)=O,1.0,0.43902439024390244,0.4339622641509434,1.0,0.0,1.0,Toxic Repellent
LIC_01622,Cc1csc(SCC2CCN(S(=O)(=O)CCN3C(=O)CCCC3=O)CC2)n1,1.0,0.72,0.4339622641509434,1.0,0.07483870967741935,1.0,Toxic Repellent
LIC_01620,OCCNC(=S)Nc1ccccc1,1.0,0.43902439024390244,0.4339622641509434,1.0,0.0,1.0,Toxic Repellent
LIC_01619,COc1ccc2c(=O)c(-c3ccc(Cl)cc3)coc2c1,1.0,0.43902439024390244,0.4339622641509434,1.0,0.0,1.0,Toxic Repellent
LIC_01618,C=C(C)COc1ccc2c(=O)c(-c3ccccc3OC)coc2c1,1.0,0.6825396825396826,0.4339622641509434,1.0,0.03737839221710193,1.0,Toxic Repellent
LIC_01617,O=C(NC1CCS(=O)(=O)C1)c1ccc(Cl)c([N+](=O)[O-])c1,1.0,0.6825396825396826,0.4339622641509434,1.0,0.03737839221710193,1.0,Toxic Repellent
LIC_01616,CCCCOc1ccccc1N1C(=O)CC(Sc2ncccc2C(=O)O)C1=O,1.0,0.72,0.4339622641509434,1.0,0.07483870967741935,1.0,Toxic Repellent
LIC_01615,COc1ccc(-c2c(C)oc3cc(OC(C)=O)ccc3c2=O)cc1OC,1.0,0.43902439024390244,0.4339622641509434,1.0,0.0,1.0,Toxic Repellent
LIC_01614,CCOc1ccccc1N1C(=O)CC(Nc2ccc(N3CCOCC3)cc2)C1=O,1.0,0.6825396825396826,0.4339622641509434,1.0,0.03737839221710193,1.0,Toxic Repellent
LIC_01613,CCc1ccc(N2C(=O)CC(N3CCN(Cc4ccccc4)CC3)C2=O)cc1,1.0,0.5000000000000001,0.4339622641509434,1.0,0.0,1.0,Toxic Repellent
LIC_01612,O=c1c(-c2ccc(Cl)cc2)coc2cc(O)cc(O)c12,1.0,0.41304347826086957,0.4339622641509434,1.0,0.0,1.0,Toxic Repellent
LIC_01611,COc1ccc([N+](=O)[O-])cc1NC(=O)c1ccc(N2C(=O)CCC2=O)cc1,1.0,0.5000000000000001,0.4339622641509434,1.0,0.0,1.0,Toxic Repellent
LIC_01610,COc1ccccc1C(=O)Nc1ccc([N+](=O)[O-])cc1Cl,1.0,0.5000000000000001,0.4339622641509434,1.0,0.0,1.0,Toxic Repellent
LIC_01609,O=C(CN1C(=O)CCC1=O)Nc1ccc(Cl)cc1C(=O)c1ccccc1,1.0,0.43902439024390244,0.4339622641509434,1.0,0.0,1.0,Toxic Repellent
LIC_01640,N#CC1=C(S)NC(=O)CC1c1ccccc1[N+](=O)[O-],1.0,0.5000000000000001,0.4339622641509434,1.0,0.0,1.0,Toxic Repellent
LIC_01639,COc1ccc(CCN2C(=O)CC(Sc3ncccc3C(=O)O)C2=O)cc1OC,1.0,0.6825396825396826,0.4339622641509434,1.0,0.03737839221710193,1.0,Toxic Repellent
LIC_01638,O=C(CN1C(=O)COc2ccccc2C1=O)c1cccc([N+](=O)[O-])c1,1.0,0.5000000000000001,0.4339622641509434,1.0,0.0,1.0,Toxic Repellent
LIC_01637,Cc1ccc(N2C(=O)CC(Nc3ccc(N4CCOCC4)cc3)C2=O)c(Br)c1,1.0,0.6825396825396826,0.4339622641509434,1.0,0.03737839221710193,1.0,Toxic Repellent
LIC_01636,CCOc1ccc(C(=O)CN2C(=O)COc3ccccc3C2=O)cc1F,1.0,0.5000000000000001,0.4339622641509434,1.0,0.0,1.0,Toxic Repellent
LIC_01635,CC(=O)Oc1cccc(N2C(=O)CC(Nc3ccc(N4CCOCC4)cc3)C2=O)c1,1.0,0.5000000000000001,0.4339622641509434,1.0,0.0,1.0,Toxic Repellent
LIC_01634,COc1ccc(-c2coc3cc(OCCN4CCN(C)CC4)ccc3c2=O)cc1OC,1.0,0.6825396825396826,0.4339622641509434,1.0,0.03737839221710193,1.0,Toxic Repellent
LIC_01633,COc1ccc(N2C(=O)CC(Nc3ccc(N4CCOCC4)cc3)C2=O)c(OC)c1,1.0,0.6825396825396826,0.4339622641509434,1.0,0.03737839221710193,1.0,Toxic Repellent
LIC_01632,Cc1ccc(S(=O)(=O)N2CCN(C(=O)CC(C)n3nc(C)c(Br)c3C)CC2)c(C)c1,1.0,0.8727272727272727,0.4339622641509434,1.0,0.22756598240469206,1.0,Toxic Repellent
LIC_01631,COc1ccc2c(=O)cc(-c3ccccc3F)oc2c1,1.0,0.41304347826086957,0.4339622641509434,1.0,0.0,1.0,Toxic Repellent
LIC_01630,CN(C)c1ccc(NC2CC(=O)N(c3ccc(SC(F)F)cc3)C2=O)cc1,1.0,0.6825396825396826,0.4339622641509434,1.0,0.03737839221710193,1.0,Toxic Repellent
LIC_01629,CCOc1ccc(C(=O)CN2C(=O)COc3ccccc3C2=O)cc1,1.0,0.6825396825396826,0.4339622641509434,1.0,0.03737839221710193,1.0,Toxic Repellent
LIC_01628,O=C1CC(Nc2ccc(N3CCOCC3)cc2)C(=O)N1c1cccc([N+](=O)[O-])c1,1.0,0.6825396825396826,0.4339622641509434,1.0,0.03737839221710193,1.0,Toxic Repellent
LIC_01627,COc1ccc(NC(=O)c2ccc(N3C(=O)CCC3=O)cc2)c([N+](=O)[O-])c1,1.0,0.5000000000000001,0.4339622641509434,1.0,0.0,1.0,Toxic Repellent
LIC_01626,CC(=O)Oc1ccc(N2C(=O)CC(Nc3ccc(N4CCOCC4)cc3)C2=O)cc1,1.0,0.6825396825396826,0.4339622641509434,1.0,0.03737839221710193,1.0,Toxic Repellent
LIC_01625,COc1ccccc1-c1cc(=O)c2cc(Cl)ccc2o1,1.0,0.43902439024390244,0.4339622641509434,1.0,0.0,1.0,Toxic Repellent
LIC_01657,O=C1CC(Nc2ccc(N3CCOCC3)cc2)C(=O)N1c1ccc(OC(F)F)cc1,1.0,0.6825396825396826,0.4339622641509434,1.0,0.03737839221710193,1.0,Toxic Repellent
LIC_01656,COc1ccc(-c2n[nH]c(=S)o2)cc1OC,1.0,0.5000000000000001,0.4339622641509434,1.0,0.0,1.0,Toxic Repellent
LIC_01655,CCCOc1ccccc1N1C(=O)CC(Nc2ccc(OC)cc2)C1=O,1.0,0.6825396825396826,0.4339622641509434,1.0,0.03737839221710193,1.0,Toxic Repellent
LIC_01654,CC(C)(C)n1ncc2c(=O)n(NC(=O)c3ccc(Cl)c([N+](=O)[O-])c3)cnc21,1.0,0.8727272727272727,0.4339622641509434,1.0,0.22756598240469206,1.0,Toxic Repellent
LIC_01653,O=C1CC(Nc2ccc(N3CCOCC3)cc2)C(=O)N1c1ccc(SC(F)F)cc1,1.0,0.6825396825396826,0.4339622641509434,1.0,0.03737839221710193,1.0,Toxic Repellent
LIC_01652,COc1ccc(-c2coc3cc(OC(=O)C(C)C)ccc3c2=O)cc1,1.0,0.5000000000000001,0.4339622641509434,1.0,0.0,1.0,Toxic Repellent
LIC_01651,COc1ccc2c(=O)cc(-c3cc(Br)cc4c3OCOC4)oc2c1,1.0,0.5000000000000001,0.4339622641509434,1.0,0.0,1.0,Toxic Repellent
LIC_01650,O=C1CC(Nc2ccc(N3CCCCC3)cc2)C(=O)N1c1ccc(OC(F)F)cc1,1.0,0.6825396825396826,0.4339622641509434,1.0,0.03737839221710193,1.0,Toxic Repellent
LIC_01649,CCOc1ccc(N2C(=O)CC(Nc3ccc(N4CCCCC4)cc3)C2=O)cc1,1.0,0.8,0.4339622641509434,1.0,0.15483870967741942,1.0,Toxic Repellent
LIC_01648,CC(C)(C)OC(=O)N1CCN(C2CC(=O)N(CCc3ccccc3)C2=O)CC1,1.0,0.6825396825396826,0.4339622641509434,1.0,0.03737839221710193,1.0,Toxic Repellent
LIC_01647,COc1ccc2c(=O)c(-c3ccc(Br)cc3)coc2c1,1.0,0.43902439024390244,0.4339622641509434,1.0,0.0,1.0,Toxic Repellent
LIC_01646,CCN1CCN(Cc2c(O)ccc3c(=O)c(-c4ccc(OC)cc4)coc23)CC1,1.0,0.6825396825396826,0.4339622641509434,1.0,0.03737839221710193,1.0,Toxic Repellent
LIC_01645,COc1ccccc1-c1cc(=O)c2cc(Br)ccc2o1,1.0,0.43902439024390244,0.4339622641509434,1.0,0.0,1.0,Toxic Repellent
LIC_01643,CC(=O)Oc1ccc2c(=O)c(-c3ccc(Br)cc3)coc2c1,1.0,0.43902439024390244,0.4339622641509434,1.0,0.0,1.0,Toxic Repellent
LIC_01641,Cc1ccc([N+](=O)[O-])cc1N1C(=O)CC(Nc2ccc(N3CCOCC3)cc2)C1=O,1.0,0.72,0.4339622641509434,1.0,0.07483870967741935,1.0,Toxic Repellent
LIC_01673,O=c1cc(-c2ccccc2F)oc2ccc(F)cc12,1.0,0.43902439024390244,0.4339622641509434,1.0,0.0,1.0,Toxic Repellent
LIC_01672,O=C1CC(Nc2ccc(N3CCOCC3)cc2)C(=O)N1c1ccc2c(c1)OCO2,1.0,0.6825396825396826,0.4339622641509434,1.0,0.03737839221710193,1.0,Toxic Repellent
LIC_01671,O=C(NCCOc1ccc(F)cc1)c1ccc([N+](=O)[O-])cc1Cl,1.0,0.6825396825396826,0.4339622641509434,1.0,0.03737839221710193,1.0,Toxic Repellent
LIC_01670,O=C1CC(N2CCN(c3ccccc3)CC2)C(=O)N1c1ccc(SC(F)F)cc1,1.0,0.6825396825396826,0.4339622641509434,1.0,0.03737839221710193,1.0,Toxic Repellent
LIC_01669,CCN1CCCc2cc(CCNC(=O)c3ccc(Cl)cc3)ccc21,1.0,0.6825396825396826,0.4339622641509434,1.0,0.03737839221710193,1.0,Toxic Repellent
LIC_01668,CC(C)C(=O)N1CCCc2cc(NC(=O)c3ccc(Cl)cc3)ccc21,1.0,0.5000000000000001,0.4339622641509434,1.0,0.0,1.0,Toxic Repellent
LIC_01667,O=C(O)c1ccc(NC(=O)c2ccc([N+](=O)[O-])cc2Cl)cc1,1.0,0.5,0.4339622641509434,1.0,0.0,1.0,Toxic Repellent
LIC_01666,COc1ccc(-c2coc3cc(OCC(=O)O)ccc3c2=O)cc1OC,1.0,0.43902439024390244,0.4339622641509434,1.0,0.0,1.0,Toxic Repellent
LIC_01665,CCN1C(=O)C(C)(C)COc2cc(NC(=O)c3ccc([N+](=O)[O-])cc3Cl)ccc21,1.0,0.8333333333333334,0.4339622641509434,1.0,0.18817204301075274,1.0,Toxic Repellent
LIC_01664,CCOc1ccc2c(=O)c(-c3ccc(Br)cc3)coc2c1,1.0,0.6825396825396826,0.4339622641509434,1.0,0.03737839221710193,1.0,Toxic Repellent
LIC_01663,CC(C)OC(=O)COc1ccc2c(=O)c(-c3ccccc3)coc2c1,1.0,0.5714285714285714,0.4339622641509434,1.0,0.0,1.0,Toxic Repellent
LIC_01662,COC(=O)c1ccc(N2C(=O)CC(Nc3ccc(N(C)C)cc3)C2=O)cc1,1.0,0.5000000000000001,0.4339622641509434,1.0,0.0,1.0,Toxic Repellent
LIC_01661,O=C(NCC1COC2(CCCCC2)O1)c1ccc(Cl)c([N+](=O)[O-])c1,1.0,0.6825396825396826,0.4339622641509434,1.0,0.03737839221710193,1.0,Toxic Repellent
LIC_01660,CCN(CC)Cc1c(O)ccc2c(=O)c(-c3ccc(OC)c(OC)c3)coc12,1.0,0.6825396825396826,0.4339622641509434,1.0,0.03737839221710193,1.0,Toxic Repellent
LIC_01659,C1CNCC(c2nc(C3CC3)no2)C1,1.0,0.8727272727272727,0.4339622641509434,1.0,0.22756598240469206,1.0,Toxic Repellent
LIC_01658,CCOC(=O)COc1ccc2c(=O)c(-c3ccccc3)coc2c1,1.0,0.5000000000000001,0.4339622641509434,1.0,0.0,1.0,Toxic Repellent
LIC_01689,COc1cc(OC(=O)N(C)C)cc2oc(-c3ccccc3)cc(=O)c12,1.0,0.43902439024390244,0.4339622641509434,1.0,0.0,1.0,Toxic Repellent
LIC_01688,CC(C)CCN1C(=O)CCc2cc(NC(=O)c3ccc(Cl)cc3)ccc21,1.0,0.6825396825396826,0.4339622641509434,1.0,0.03737839221710193,1.0,Toxic Repellent
LIC_01687,Cn1/c(=N/C(=O)CN2C(=O)CCC2=O)sc2cccc(F)c21,1.0,0.5000000000000001,0.4339622641509434,1.0,0.0,1.0,Toxic Repellent
LIC_01686,O=C(NN1C(=O)CSC1=S)c1ccc(Cl)cc1Cl,1.0,0.5714285714285714,0.4339622641509434,1.0,0.0,1.0,Toxic Repellent
LIC_01685,Cn1/c(=N\C(=O)CN2C(=O)CCC2=O)sc2cc(F)ccc21,1.0,0.5000000000000001,0.4339622641509434,1.0,0.0,1.0,Toxic Repellent
LIC_01684,Clc1ccc(COC(Cn2ccnc2)c2ccc(Cl)cc2Cl)cc1,1.0,0.72,0.4339622641509434,1.0,0.07483870967741935,1.0,Toxic Repellent
LIC_01683,O=c1cc(-c2ccc(F)cc2)oc2ccc(F)cc12,1.0,0.43902439024390244,0.4339622641509434,1.0,0.0,1.0,Toxic Repellent
LIC_01682,N#CC1=C(/N=C/c2cc(Cl)cc(Cl)c2O)CCC1,1.0,0.5000000000000001,0.4339622641509434,1.0,0.0,1.0,Toxic Repellent
LIC_01681,CCOC(=O)N1CCc2c(sc(NC(=O)CN3C(=O)CCC3=O)c2C(N)=O)C1,1.0,0.6825396825396826,0.4339622641509434,1.0,0.03737839221710193,1.0,Toxic Repellent
LIC_01680,CCc1cc2c(=O)c(-c3ccc4c(c3)OCO4)coc2cc1OC(C)=O,1.0,0.43902439024390244,0.4339622641509434,1.0,0.0,1.0,Toxic Repellent
LIC_01679,CN(C(=O)c1ccc(Cl)c([N+](=O)[O-])c1)C1(C)CCS(=O)(=O)C1,1.0,0.6825396825396826,0.4339622641509434,1.0,0.03737839221710193,1.0,Toxic Repellent
LIC_01678,CCN(C(=O)c1ccc(Cl)c([N+](=O)[O-])c1)C1CCS(=O)(=O)C1,1.0,0.72,0.4339622641509434,1.0,0.07483870967741935,1.0,Toxic Repellent
LIC_01677,COC(=O)c1ccc(N2C(=O)CC(Nc3ccc(N4CCOCC4)cc3)C2=O)cc1,1.0,0.5714285714285714,0.4339622641509434,1.0,0.0,1.0,Toxic Repellent
LIC_01676,COc1ccc(-c2coc3cc(OCCN4CCOCC4)ccc3c2=O)cc1OC,1.0,0.5000000000000001,0.4339622641509434,1.0,0.0,1.0,Toxic Repellent
LIC_01675,Cn1/c(=N\C(=O)CN2C(=O)CCC2=O)sc2ccccc21,1.0,0.5,0.4339622641509434,1.0,0.0,1.0,Toxic Repellent
LIC_01674,CN(C)C(=O)Oc1cc(O)c2c(=O)cc(-c3ccccc3)oc2c1,1.0,0.43902439024390244,0.4339622641509434,1.0,0.0,1.0,Toxic Repellent
LIC_01705,COc1ccc(CCN2C(=O)CC(Nc3ccc(N(C)C)cc3)C2=O)cc1OC,1.0,0.5000000000000001,0.4339622641509434,1.0,0.0,1.0,Toxic Repellent
LIC_01704,Cc1cc(NC(=O)c2cccc(N3C(=O)CCC3=O)c2)n(-c2nc3ccc(F)cc3s2)n1,1.0,0.6825396825396826,0.4339622641509434,1.0,0.03737839221710193,1.0,Toxic Repellent
LIC_01703,COc1ccc(-c2c(C)oc3cc(OCC=C(C)C)ccc3c2=O)cc1,1.0,0.75,0.4339622641509434,1.0,0.10483870967741937,1.0,Toxic Repellent
LIC_01702,Cc1ccc2c(c1)s/c(=N/C(=O)CN1C(=O)CCC1=O)n2C,1.0,0.5000000000000001,0.4339622641509434,1.0,0.0,1.0,Toxic Repellent
LIC_01701,CC1CCN(C(=O)c2ccc(Cl)c([N+](=O)[O-])c2)CC1,1.0,0.5000000000000001,0.4339622641509434,1.0,0.0,1.0,Toxic Repellent
LIC_01700,Cn1/c(=N/C(=O)CN2C(=O)CCC2=O)sc2cc(F)cc(F)c21,1.0,0.6825396825396826,0.4339622641509434,1.0,0.03737839221710193,1.0,Toxic Repellent
LIC_01699,O=C1CC(NC23CC4CC(CC(C4)C2)C3)C(=O)N1Cc1ccccc1,1.0,0.6825396825396826,0.4339622641509434,1.0,0.03737839221710193,1.0,Toxic Repellent
LIC_01697,CC(C)=CCOc1ccc2c(=O)c(-c3ccccc3)c(C)oc2c1,1.0,0.7780356099521064,0.4339622641509434,1.0,0.13287431962952578,1.0,Toxic Repellent
LIC_01696,Cc1cc(Cl)cc2sc(N(Cc3cccnc3)C(=O)c3cccc(N4C(=O)CCC4=O)c3)nc12,1.0,0.6825396825396826,0.4339622641509434,1.0,0.03737839221710193,1.0,Toxic Repellent
LIC_01695,COc1ccccc1-c1coc2cc(OC(C)=O)cc(OC(C)=O)c2c1=O,1.0,0.43902439024390244,0.4339622641509434,1.0,0.0,1.0,Toxic Repellent
LIC_01694,COc1ccc(-c2coc3cc(OC(C)=O)cc(OC(C)=O)c3c2=O)cc1,1.0,0.43902439024390244,0.4339622641509434,1.0,0.0,1.0,Toxic Repellent
LIC_01693,CC1CCN(C(=O)COc2ccc(-c3ccccc3)cc2)CC1,1.0,0.8727272727272727,0.4339622641509434,1.0,0.22756598240469206,1.0,Toxic Repellent
LIC_01692,CC/N=C1\S/C(=C2\C(=O)N(C(C)=O)c3ccccc32)C(=O)N1CC,1.0,0.5000000000000001,0.4339622641509434,1.0,0.0,1.0,Toxic Repellent
LIC_01691,COc1cccc2s/c(=N/C(=O)CN3C(=O)CCC3=O)n(C)c12,1.0,0.6825396825396826,0.4339622641509434,1.0,0.03737839221710193,1.0,Toxic Repellent
LIC_01690,CCOc1ccc(/C=N/NC(N)=S)cc1,1.0,0.8727272727272727,0.4339622641509434,1.0,0.22756598240469206,1.0,Toxic Repellent
LIC_01721,COC(=O)C(C)Oc1ccc2c(=O)c(-c3ccc4c(c3)OCCO4)coc2c1,1.0,0.6825396825396826,0.4339622641509434,1.0,0.03737839221710193,1.0,Toxic Repellent
LIC_01720,COc1ccc(C2CCN(C(=O)Nc3ccc(Cl)c(Cl)c3)C2)cc1,1.0,0.6825396825396826,0.4339622641509434,1.0,0.03737839221710193,1.0,Toxic Repellent
LIC_01718,COC(=O)COc1ccc2c(=O)c(-c3ccc(OC)c(OC)c3)coc2c1,1.0,0.43902439024390244,0.4339622641509434,1.0,0.0,1.0,Toxic Repellent
LIC_01717,CN(C)C(=O)Oc1cccc2c(OC(=O)N(C)C)cccc12,1.0,0.5,0.4339622641509434,1.0,0.0,1.0,Toxic Repellent
LIC_01716,COc1ccc(-c2coc3cc(OC(=O)N(C)C)ccc3c2=O)cc1OC,1.0,0.43902439024390244,0.4339622641509434,1.0,0.0,1.0,Toxic Repellent
LIC_01715,COC(=O)c1ccc(N2C(=O)CC(Nc3ccc(N4CCCCC4)cc3)C2=O)cc1,1.0,0.6825396825396826,0.4339622641509434,1.0,0.03737839221710193,1.0,Toxic Repellent
LIC_01714,Cc1cccc(NS(=O)(=O)c2ccc(CN3C(=O)CCC3=O)cc2)c1,1.0,0.6825396825396826,0.4339622641509434,1.0,0.03737839221710193,1.0,Toxic Repellent
LIC_01713,COc1ccc(C(=O)CN2C(=O)COc3ccccc3C2=O)cc1[N+](=O)[O-],1.0,0.5000000000000001,0.4339622641509434,1.0,0.0,1.0,Toxic Repellent
LIC_01712,O=C(Nc1cc([N+](=O)[O-])ccc1O)Oc1ccccc1,1.0,0.43902439024390244,0.4339622641509434,1.0,0.0,1.0,Toxic Repellent
LIC_01711,CCOC(=O)COc1ccc2c(=O)c(-c3ccc(OC)cc3)coc2c1,1.0,0.5000000000000001,0.4339622641509434,1.0,0.0,1.0,Toxic Repellent
LIC_01710,Cc1ccc2c(c1)C(=O)CC(c1ccc(Cl)cc1Cl)O2,1.0,0.41304347826086957,0.4339622641509434,1.0,0.0,1.0,Toxic Repellent
LIC_01709,O=C(Nc1ccc2c(c1)N(C(=O)c1ccccc1)CCC2)c1ccccc1,1.0,0.6825396825396826,0.4339622641509434,1.0,0.03737839221710193,1.0,Toxic Repellent
LIC_01708,CCOC(=O)Oc1ccc2c(=O)c(-c3ccc(OC)cc3)coc2c1,1.0,0.5000000000000001,0.4339622641509434,1.0,0.0,1.0,Toxic Repellent
LIC_01707,O=C1CCC(=O)N1c1ccc(S(=O)(=O)Nc2ccc(F)cc2)cc1,1.0,0.6825396825396826,0.4339622641509434,1.0,0.03737839221710193,1.0,Toxic Repellent
LIC_01706,CCOC(=O)c1ccc(N2C(=O)CC(Nc3ccc(N4CCOCC4)cc3)C2=O)cc1,1.0,0.6825396825396826,0.4339622641509434,1.0,0.03737839221710193,1.0,Toxic Repellent
LIC_01737,CN(C)C(=O)Oc1ccc2cccc(OC(=O)N(C)C)c2c1,1.0,0.43902439024390244,0.4339622641509434,1.0,0.0,1.0,Toxic Repellent
LIC_01736,CCNC(CC(=O)Nc1ccc(Cl)c([N+](=O)[O-])c1)C(=O)O,1.0,0.5000000000000001,0.4339622641509434,1.0,0.0,1.0,Toxic Repellent
LIC_01735,Cc1cc(NS(=O)(=O)c2ccccc2)c(C)c(Cl)c1O,1.0,0.6825396825396826,0.4339622641509434,1.0,0.03737839221710193,1.0,Toxic Repellent
LIC_01734,COc1ccc(-c2coc3cc(OCC(=O)c4ccccc4)ccc3c2=O)cc1,1.0,0.6825396825396826,0.4339622641509434,1.0,0.03737839221710193,1.0,Toxic Repellent
LIC_01733,COc1ccc(S(=O)(=O)C2CN(C(=O)Nc3ccc(Cl)c(Cl)c3)C2)cc1,1.0,0.8333333333333334,0.4339622641509434,1.0,0.18817204301075274,1.0,Toxic Repellent
LIC_01732,COc1ccc(-c2coc3cc(OC(=O)C(C)(C)C)ccc3c2=O)cc1OC,1.0,0.6825396825396826,0.4339622641509434,1.0,0.03737839221710193,1.0,Toxic Repellent
LIC_01731,COc1cc([N+](=O)[O-])cc2sc(NC(=O)CN3C(=O)CCC3=O)nc12,1.0,0.6825396825396826,0.4339622641509434,1.0,0.03737839221710193,1.0,Toxic Repellent
LIC_01730,CCOC(=O)c1sc(NC(=O)c2cccc(N3C(=O)CCC3=O)c2)c(C#N)c1C,1.0,0.6825396825396826,0.4339622641509434,1.0,0.03737839221710193,1.0,Toxic Repellent
LIC_01729,CCOC(=O)c1sc(NC(=O)c2ccc(N3C(=O)CCC3=O)cc2)c(C#N)c1C,1.0,0.6825396825396826,0.4339622641509434,1.0,0.03737839221710193,1.0,Toxic Repellent
LIC_01728,COc1cc(C(=O)NN2C(=O)CSC2=S)cc(OC)c1OC,1.0,0.6825396825396826,0.4339622641509434,1.0,0.03737839221710193,1.0,Toxic Repellent
LIC_01727,O=C1CSC(=S)N1N1C(=O)c2ccccc2C1=O,1.0,0.5,0.4339622641509434,1.0,0.0,1.0,Toxic Repellent
LIC_01726,CC(=O)N1CCCc2cc(NC(=O)c3ccc([N+](=O)[O-])cc3Cl)ccc21,1.0,0.6825396825396826,0.4339622641509434,1.0,0.03737839221710193,1.0,Toxic Repellent
LIC_01725,O=C(c1ccc(N2C(=O)CCC2=O)cc1)N(Cc1ccccn1)c1nc2c(F)cc(F)cc2s1,1.0,0.8611656100078242,0.4339622641509434,1.0,0.21600431968524358,1.0,Toxic Repellent
LIC_01724,CN(C)C(=O)Oc1ccc(C(=O)c2ccc(Cl)cc2)cc1,1.0,0.5000000000000001,0.4339622641509434,1.0,0.0,1.0,Toxic Repellent
LIC_01723,CCOC(=O)c1ccc(N2C(=O)CC(Nc3ccc(N(C)C)cc3)C2=O)cc1,1.0,0.6825396825396826,0.4339622641509434,1.0,0.03737839221710193,1.0,Toxic Repellent
LIC_01722,Cc1cc2nc(N(Cc3ccccn3)C(=O)c3ccc(N4C(=O)CCC4=O)cc3)sc2cc1C,1.0,0.72,0.4339622641509434,1.0,0.07483870967741935,1.0,Toxic Repellent
LIC_01753,CCc1cccc2sc(N(Cc3ccccn3)C(=O)c3cccc(N4C(=O)CCC4=O)c3)nc12,1.0,0.72,0.4339622641509434,1.0,0.07483870967741935,1.0,Toxic Repellent
LIC_01752,O=C(Nc1ccc2c(c1)N(C(=O)c1ccccc1)CCC2)c1ccccc1Cl,1.0,0.72,0.4339622641509434,1.0,0.07483870967741935,1.0,Toxic Repellent
LIC_01751,NNC(=O)CNC(=O)c1ccc([N+](=O)[O-])cc1,1.0,0.6825396825396826,0.4339622641509434,1.0,0.03737839221710193,1.0,Toxic Repellent
LIC_01750,CCNc1nc(S)nc(NC(C)C)n1,1.0,0.8333333333333334,0.4339622641509434,1.0,0.18817204301075274,1.0,Toxic Repellent
LIC_01749,Cc1ccc(C)c2c1s/c(=N\C(=O)CN1C(=O)CCC1=O)n2C,1.0,0.5000000000000001,0.4339622641509434,1.0,0.0,1.0,Toxic Repellent
LIC_01748,Cc1cc(C)c2s/c(=N\C(=O)CN3C(=O)CCC3=O)n(C)c2c1,1.0,0.6825396825396826,0.4339622641509434,1.0,0.03737839221710193,1.0,Toxic Repellent
LIC_01747,CC(C)CN(C(=O)c1ccc(Cl)c([N+](=O)[O-])c1)C1CCS(=O)(=O)C1,1.0,0.8,0.4339622641509434,1.0,0.15483870967741942,1.0,Toxic Repellent
LIC_01746,O=C(c1ccc(N2C(=O)CCC2=O)cc1)N(Cc1ccccn1)c1nc2ccccc2s1,1.0,0.6825396825396826,0.4339622641509434,1.0,0.03737839221710193,1.0,Toxic Repellent
LIC_01745,COc1ccc(-c2coc3cc(OC(=O)N(C)C)cc(O)c3c2=O)cc1OC,1.0,0.43902439024390244,0.4339622641509434,1.0,0.0,1.0,Toxic Repellent
LIC_01744,NC(=O)CSc1nc2sc3c(c2c(=O)n1-c1ccc(Cl)cc1)CCCC3,1.0,0.6825396825396826,0.4339622641509434,1.0,0.03737839221710193,1.0,Toxic Repellent
LIC_01743,CCCN1C(=O)C(C)(C)COc2cc(NC(=O)c3ccc([N+](=O)[O-])cc3Cl)ccc21,1.0,0.8333333333333334,0.4339622641509434,1.0,0.18817204301075274,1.0,Toxic Repellent
LIC_01742,CCOc1cccc2cc(-c3nnc(NC(=O)c4cccc(N5C(=O)CCC5=O)c4)o3)oc12,1.0,0.6825396825396826,0.4339622641509434,1.0,0.03737839221710193,1.0,Toxic Repellent
LIC_01741,O=C(CN1C(=O)CCC1=O)Nc1ccccc1-c1csc(-c2ccccc2F)n1,1.0,0.5000000000000001,0.4339622641509434,1.0,0.0,1.0,Toxic Repellent
LIC_01740,COc1ccc(C)c2s/c(=N\C(=O)CN3C(=O)CCC3=O)n(C)c12,1.0,0.6825396825396826,0.4339622641509434,1.0,0.03737839221710193,1.0,Toxic Repellent
LIC_01739,Cn1/c(=N\C(=O)CN2C(=O)CCC2=O)sc2cc([N+](=O)[O-])ccc21,1.0,0.6825396825396826,0.4339622641509434,1.0,0.03737839221710193,1.0,Toxic Repellent
LIC_01738,CN(C)C(=O)Oc1ccc2ccc(OC(=O)N(C)C)cc2c1,1.0,0.5,0.4339622641509434,1.0,0.0,1.0,Toxic Repellent
LIC_01769,COc1ccc(C)cc1S(=O)(=O)Nc1cc(Cl)ccc1O,1.0,0.6825396825396826,0.4339622641509434,1.0,0.03737839221710193,1.0,Toxic Repellent
LIC_01768,CSc1nc2sc3c(c2c(=O)n1-c1ccccc1C)CCCC3,1.0,0.6825396825396826,0.4339622641509434,1.0,0.03737839221710193,1.0,Toxic Repellent
LIC_01767,Cc1ccc2sc(N(Cc3cccnc3)C(=O)c3cccc(N4C(=O)CCC4=O)c3)nc2c1C,1.0,0.6825396825396826,0.4339622641509434,1.0,0.03737839221710193,1.0,Toxic Repellent
LIC_01766,COCCn1/c(=N/C(=O)CN2C(=O)CCC2=O)sc2cc(F)cc(F)c21,1.0,0.72,0.4339622641509434,1.0,0.07483870967741935,1.0,Toxic Repellent
LIC_01765,CC1CCc2ccccc2N1C(=O)c1ccc(Cl)cc1Cl,1.0,0.43902439024390244,0.4339622641509434,1.0,0.0,1.0,Toxic Repellent
LIC_01764,O=C1CC2(CCN(C(=O)Nc3ccc(Cl)c(Cl)c3)CC2)Oc2ccccc21,1.0,0.72,0.4339622641509434,1.0,0.07483870967741935,1.0,Toxic Repellent
LIC_01763,O=C(Cn1cnc([N+](=O)[O-])n1)Nc1ccc([N+](=O)[O-])cc1Cl,1.0,0.6825396825396826,0.4339622641509434,1.0,0.03737839221710193,1.0,Toxic Repellent
LIC_01762,O=C(COc1ccccc1)Oc1ccc(Cl)cc1[N+](=O)[O-],1.0,0.6825396825396826,0.4339622641509434,1.0,0.03737839221710193,1.0,Toxic Repellent
LIC_01761,Cc1ccc(Cn2c(=O)c3c(nc(S)n3C)n(C)c2=O)cc1,1.0,0.5000000000000001,0.4339622641509434,1.0,0.0,1.0,Toxic Repellent
LIC_01760,Cc1cc(NC(=O)CCCn2nc([N+](=O)[O-])c(Cl)c2C)no1,1.0,0.6825396825396826,0.4339622641509434,1.0,0.03737839221710193,1.0,Toxic Repellent
LIC_01759,COC(=O)C(C)Oc1ccc2c(=O)c(-c3ccc(OC)c(OC)c3)coc2c1,1.0,0.5000000000000001,0.4339622641509434,1.0,0.0,1.0,Toxic Repellent
LIC_01758,COc1ccc(OC)c(/N=C(/S)NCCN2CCOCC2)c1,1.0,0.5000000000000001,0.4339622641509434,1.0,0.0,1.0,Toxic Repellent
LIC_01757,CCOC(=O)Oc1ccc2c(=O)c(-c3ccc(OC)c(OC)c3)coc2c1,1.0,0.5000000000000001,0.4339622641509434,1.0,0.0,1.0,Toxic Repellent
LIC_01756,CCCn1/c(=N/C(=O)CN2C(=O)CCC2=O)sc2ccccc21,1.0,0.5000000000000001,0.4339622641509434,1.0,0.0,1.0,Toxic Repellent
LIC_01755,CCOc1cc(OC(=O)N(C)C)cc2oc(-c3ccccc3)cc(=O)c12,1.0,0.5000000000000001,0.4339622641509434,1.0,0.0,1.0,Toxic Repellent
LIC_01754,C#CCn1/c(=N/C(=O)CN2C(=O)CCC2=O)sc2cccc(OC)c21,1.0,0.6825396825396826,0.4339622641509434,1.0,0.03737839221710193,1.0,Toxic Repellent
LIC_01785,Cc1ccc(C)c(S(=O)(=O)Nc2ccc(O)c(Cl)c2)c1,1.0,0.5714285714285714,0.4339622641509434,1.0,0.0,1.0,Toxic Repellent
LIC_01783,C#CCn1/c(=N/C(=O)CN2C(=O)CCC2=O)sc2cccc(F)c21,1.0,0.5000000000000001,0.4339622641509434,1.0,0.0,1.0,Toxic Repellent
LIC_01782,C#CCn1/c(=N/C(=O)CN2C(=O)CCC2=O)sc2cc(F)ccc21,1.0,0.5000000000000001,0.4339622641509434,1.0,0.0,1.0,Toxic Repellent
LIC_01781,Cc1ccc(Cl)c2s/c(=N\C(=O)CN3C(=O)CCC3=O)n(C)c12,1.0,0.6825396825396826,0.4339622641509434,1.0,0.03737839221710193,1.0,Toxic Repellent
LIC_01780,COCCn1/c(=N/C(=O)CN2C(=O)CCC2=O)sc2cc(C)ccc21,1.0,0.6825396825396826,0.4339622641509434,1.0,0.03737839221710193,1.0,Toxic Repellent
LIC_01779,Cn1c(Br)nc2c1c(=O)n(Cc1ccccc1)c(=O)n2C,1.0,0.43902439024390244,0.4339622641509434,1.0,0.0,1.0,Toxic Repellent
LIC_01778,O=C1CCC(=O)N1Cc1ccc(S(=O)(=O)Nc2cccc(Cl)c2)cc1,1.0,0.6825396825396826,0.4339622641509434,1.0,0.03737839221710193,1.0,Toxic Repellent
LIC_01777,Cc1ccc(S(=O)(=O)Nc2ccc(O)c(Cl)c2)c(C)c1,1.0,0.6825396825396826,0.4339622641509434,1.0,0.03737839221710193,1.0,Toxic Repellent
LIC_01776,Cn1c(S)nc2c1c(=O)n(Cc1ccccc1)c(=O)n2C,1.0,0.43902439024390244,0.4339622641509434,1.0,0.0,1.0,Toxic Repellent
LIC_01774,CCOc1ccc(OCCNC(=O)c2ccc([N+](=O)[O-])cc2Cl)cc1,1.0,0.5714285714285714,0.4339622641509434,1.0,0.0,1.0,Toxic Repellent
LIC_01773,CCCn1/c(=N/C(=O)CN2C(=O)CCC2=O)sc2cccc(F)c21,1.0,0.5000000000000001,0.4339622641509434,1.0,0.0,1.0,Toxic Repellent
LIC_01772,CCOC(=O)N1CCN(C2CC(=O)N(CCc3ccc(OC)c(OC)c3)C2=O)CC1,1.0,0.6825396825396826,0.4339622641509434,1.0,0.03737839221710193,1.0,Toxic Repellent
LIC_01771,CCCn1/c(=N/C(=O)CN2C(=O)CCC2=O)sc2cc(F)ccc21,1.0,0.5714285714285714,0.4339622641509434,1.0,0.0,1.0,Toxic Repellent
LIC_01770,CCn1/c(=N/C(=O)CN2C(=O)CCC2=O)sc2cccc(F)c21,1.0,0.5000000000000001,0.4339622641509434,1.0,0.0,1.0,Toxic Repellent
LIC_01801,O=C1CC(c2cccs2)CC(=O)N1Cc1cccc2ccccc12,1.0,0.43902439024390244,0.4339622641509434,1.0,0.0,1.0,Toxic Repellent
LIC_01800,Cc1cc(C)c(S(=O)(=O)Nc2cc(Cl)ccc2O)c(C)c1,1.0,0.6825396825396826,0.4339622641509434,1.0,0.03737839221710193,1.0,Toxic Repellent
LIC_01799,COc1ccc(-c2coc3cc(OC(=O)N(C)C)cc(OC)c3c2=O)cc1OC,1.0,0.5000000000000001,0.4339622641509434,1.0,0.0,1.0,Toxic Repellent
LIC_01798,C#CCn1/c(=N/C(=O)CN2C(=O)CCC2=O)sc2cc3c(cc21)OCCO3,1.0,0.6825396825396826,0.4339622641509434,1.0,0.03737839221710193,1.0,Toxic Repellent
LIC_01797,Cc1cc(C)c2nc(N(Cc3cccnc3)C(=O)c3cccc(N4C(=O)CCC4=O)c3)sc2c1,1.0,0.6825396825396826,0.4339622641509434,1.0,0.03737839221710193,1.0,Toxic Repellent
LIC_01796,Cc1ccc(Cn2c(=O)c3c(nc(Br)n3C)n(C)c2=O)cc1,1.0,0.43902439024390244,0.4339622641509434,1.0,0.0,1.0,Toxic Repellent
LIC_01795,C#CCn1/c(=N/C(=O)CN2C(=O)CCC2=O)sc2cccc(C)c21,1.0,0.5000000000000001,0.4339622641509434,1.0,0.0,1.0,Toxic Repellent
LIC_01794,COc1ccc(OC)c2c1s/c(=N\C(=O)CN1C(=O)CCC1=O)n2C,1.0,0.6825396825396826,0.4339622641509434,1.0,0.03737839221710193,1.0,Toxic Repellent
LIC_01793,CCOC(=O)COc1ccc2c(=O)c(-c3ccc(OC)c(OC)c3)coc2c1,1.0,0.5714285714285714,0.4339622641509434,1.0,0.0,1.0,Toxic Repellent
LIC_01792,CCCCOc1ccccc1N1C(=O)CC(N2CCN(C(=O)OCC)CC2)C1=O,1.0,0.72,0.4339622641509434,1.0,0.07483870967741935,1.0,Toxic Repellent
LIC_01791,CCn1/c(=N/C(=O)CN2C(=O)CCC2=O)sc2cc(F)cc(F)c21,1.0,0.6825396825396826,0.4339622641509434,1.0,0.03737839221710193,1.0,Toxic Repellent
LIC_01790,Cc1cc(C)c(S(=O)(=O)Nc2cc(Cl)ccc2O)cc1C,1.0,0.6825396825396826,0.4339622641509434,1.0,0.03737839221710193,1.0,Toxic Repellent
LIC_01789,CC(=O)C1CCC2C3CC=C4CC(O)CCC4(C)C3CCC12C,1.0,0.72,0.4339622641509434,1.0,0.07483870967741935,1.0,Toxic Repellent
LIC_01788,COc1cccc(OCC(=O)Oc2ccc([N+](=O)[O-])cc2)c1,1.0,0.43902439024390244,0.4339622641509434,1.0,0.0,1.0,Toxic Repellent
LIC_01787,Cc1c(Cl)ccc2sc(N(Cc3ccccn3)C(=O)c3cccc(N4C(=O)CCC4=O)c3)nc12,1.0,0.8333333333333334,0.4339622641509434,1.0,0.18817204301075274,1.0,Toxic Repellent
LIC_01786,CC(C)C(=O)N1CCCc2ccc(NC(=O)c3ccc(Cl)cc3)cc21,1.0,0.5000000000000001,0.4339622641509434,1.0,0.0,1.0,Toxic Repellent
LIC_01817,CC(=O)N1CCc2c(sc3nc(SCCC(C)C)n(-c4ccc(C)c(Cl)c4)c(=O)c23)C1,1.0,0.8333333333333334,0.4339622641509434,1.0,0.18817204301075274,1.0,Toxic Repellent
LIC_01816,NC(=S)N/N=C/c1cccc(Br)c1,1.0,0.72,0.4339622641509434,1.0,0.07483870967741935,1.0,Toxic Repellent
LIC_01815,Cc1cc(C)c2nc(N(CCn3cccn3)C(=O)c3cccc(N4C(=O)CCC4=O)c3)sc2c1,1.0,0.72,0.4339622641509434,1.0,0.07483870967741935,1.0,Toxic Repellent
LIC_01814,CCc1ccc(OC)c(S(=O)(=O)Nc2cc(Cl)ccc2O)c1,1.0,0.72,0.4339622641509434,1.0,0.07483870967741935,1.0,Toxic Repellent
LIC_01813,CCn1/c(=N/C(=O)CN2C(=O)CCC2=O)sc2c(C)ccc(OC)c21,1.0,0.6825396825396826,0.4339622641509434,1.0,0.03737839221710193,1.0,Toxic Repellent
LIC_01812,COc1ccc(CCN2C(=O)CC(N3CCN(c4ccc(F)cc4)CC3)C2=O)cc1OC,1.0,0.6825396825396826,0.4339622641509434,1.0,0.03737839221710193,1.0,Toxic Repellent
LIC_01811,CCCCN(C(=O)c1ccc(Cl)c([N+](=O)[O-])c1)C1CCS(=O)(=O)C1,1.0,0.6825396825396826,0.4339622641509434,1.0,0.03737839221710193,1.0,Toxic Repellent
LIC_01810,Nn1c(S)nnc1-c1ccncc1,1.0,0.6825396825396826,0.4339622641509434,1.0,0.03737839221710193,1.0,Toxic Repellent
LIC_01809,O=S(=O)(Nc1ccc(O)c(Cl)c1)c1ccc(Cl)cc1,1.0,0.72,0.4339622641509434,1.0,0.07483870967741935,1.0,Toxic Repellent
LIC_01808,O=[N+]([O-])c1cc(S(=O)(=O)C(F)(F)F)ccc1Cl,1.0,0.920863309352518,0.4339622641509434,1.0,0.2757020190299374,1.0,Toxic Repellent
LIC_01807,COC(=O)Cn1/c(=N/C(=O)CN2C(=O)CCC2=O)sc2ccccc21,1.0,0.6825396825396826,0.4339622641509434,1.0,0.03737839221710193,1.0,Toxic Repellent
LIC_01806,CCc1ccc2nc(N(Cc3cccnc3)C(=O)c3cccc(N4C(=O)CCC4=O)c3)sc2c1,1.0,0.6825396825396826,0.4339622641509434,1.0,0.03737839221710193,1.0,Toxic Repellent
LIC_01805,Cc1nc2ccccn2c(=O)c1NC(=O)c1ccc(Cl)c([N+](=O)[O-])c1,1.0,0.6825396825396826,0.4339622641509434,1.0,0.03737839221710193,1.0,Toxic Repellent
LIC_01804,CSc1sc(-c2ccccc2)c2[nH]c(=O)c(-c3ccccc3)n[n+]12,1.0,0.5000000000000001,0.4339622641509434,1.0,0.0,1.0,Toxic Repellent
LIC_01803,O=C(Nc1ccc2c(c1)CCCN2C(=O)C1CC1)c1ccc([N+](=O)[O-])cc1Cl,1.0,0.8727272727272727,0.4339622641509434,1.0,0.22756598240469206,1.0,Toxic Repellent
LIC_01802,O=C(c1cccc(N2C(=O)CCC2=O)c1)N(Cc1cccnc1)c1nc2c(F)cc(F)cc2s1,1.0,0.6825396825396826,0.4339622641509434,1.0,0.03737839221710193,1.0,Toxic Repellent
LIC_01833,CCOc1ccc2nc(N(Cc3ccccn3)C(=O)c3ccc(N4C(=O)CCC4=O)cc3)sc2c1,1.0,0.8727272727272727,0.4339622641509434,1.0,0.22756598240469206,1.0,Toxic Repellent
LIC_01832,COc1cccc2cc(-c3csc(NC(=O)c4cccc(N5C(=O)CCC5=O)c4)n3)oc12,1.0,0.6825396825396826,0.4339622641509434,1.0,0.03737839221710193,1.0,Toxic Repellent
LIC_01831,COc1ccc2oc(-c3csc(NC(=O)c4ccc(N5C(=O)CCC5=O)cc4)n3)cc2c1,1.0,0.6825396825396826,0.4339622641509434,1.0,0.03737839221710193,1.0,Toxic Repellent
LIC_01830,CSc1nnc(C)c(=O)n1COC(=O)c1ccc(Cl)c([N+](=O)[O-])c1,1.0,0.72,0.4339622641509434,1.0,0.07483870967741935,1.0,Toxic Repellent
LIC_01829,O=C(c1cccc(N2C(=O)CCC2=O)c1)N(CCn1cccn1)c1nc2ccc(F)cc2s1,1.0,0.6825396825396826,0.4339622641509434,1.0,0.03737839221710193,1.0,Toxic Repellent
LIC_01828,C#CCSc1nc2sc3c(c2c(=O)n1-c1ccccc1)CCC3,1.0,0.6825396825396826,0.4339622641509434,1.0,0.03737839221710193,1.0,Toxic Repellent
LIC_01827,COCCn1/c(=N/C(=O)CN2C(=O)CCC2=O)sc2cc(OC)ccc21,1.0,0.6825396825396826,0.4339622641509434,1.0,0.03737839221710193,1.0,Toxic Repellent
LIC_01826,CC(C)(C)n1nc2c(c1NC(=O)c1ccc(Cl)c([N+](=O)[O-])c1)CSC2,1.0,0.8727272727272727,0.4339622641509434,1.0,0.22756598240469206,1.0,Toxic Repellent
LIC_01825,COc1ccc2cc(-c3csc(NC(=O)c4cccc(N5C(=O)CCC5=O)c4)n3)oc2c1,1.0,0.6825396825396826,0.4339622641509434,1.0,0.03737839221710193,1.0,Toxic Repellent
LIC_01824,C#CCSc1nc2sc(C)c(C)c2c(=O)n1-c1ccccc1,1.0,0.5000000000000001,0.4339622641509434,1.0,0.0,1.0,Toxic Repellent
LIC_01823,Cc1nc2c(C)cccn2c(=O)c1NC(=O)c1ccc(Cl)c([N+](=O)[O-])c1,1.0,0.538302339966301,0.4339622641509434,1.0,0.0,1.0,Toxic Repellent
LIC_01822,CCOC(=O)c1c(NC(=O)CN2C(=O)CCC2=O)sc2c1CCN(C(=O)OCC)C2,1.0,0.72,0.4339622641509434,1.0,0.07483870967741935,1.0,Toxic Repellent
LIC_01821,C#CCn1/c(=N/C(=O)CN2C(=O)CCC2=O)sc2c(C)cc(C)cc21,1.0,0.6825396825396826,0.4339622641509434,1.0,0.03737839221710193,1.0,Toxic Repellent
LIC_01820,Cc1ccn2c(=O)c(NC(=O)c3ccc(Cl)c([N+](=O)[O-])c3)c(C)nc2c1,1.0,0.6825396825396826,0.4339622641509434,1.0,0.03737839221710193,1.0,Toxic Repellent
LIC_01819,CCOC(=O)c1c(NC(=O)c2ccc(N3C(=O)CCC3=O)cc2)sc2ccccc12,1.0,0.6825396825396826,0.4339622641509434,1.0,0.03737839221710193,1.0,Toxic Repellent
LIC_01818,Cn1/c(=N\C(=O)CN2C(=O)CCC2=O)sc2cc(Br)ccc21,1.0,0.6825396825396826,0.4339622641509434,1.0,0.03737839221710193,1.0,Toxic Repellent
LIC_01849,O=C1C=CC(=NS(=O)(=O)c2ccc(Cl)c([N+](=O)[O-])c2)C=C1,1.0,0.8727272727272727,0.4339622641509434,1.0,0.22756598240469206,1.0,Toxic Repellent
LIC_01848,O=C(c1ccsc1)N1CCN(CCNS(=O)(=O)CCN2C(=O)CCCC2=O)CC1,1.0,0.6825396825396826,0.4339622641509434,1.0,0.03737839221710193,1.0,Toxic Repellent
LIC_01847,O=C(c1cccs1)N1CCN(CCNS(=O)(=O)CCN2C(=O)CCCC2=O)CC1,1.0,0.6825396825396826,0.4339622641509434,1.0,0.03737839221710193,1.0,Toxic Repellent
LIC_01845,C#CCn1/c(=N/C(=O)CN2C(=O)CCC2=O)sc2cc(Cl)ccc21,1.0,0.6825396825396826,0.4339622641509434,1.0,0.03737839221710193,1.0,Toxic Repellent
LIC_01844,NC(=S)N/N=C/c1ccc(O)cc1,1.0,0.8727272727272727,0.4339622641509434,1.0,0.22756598240469206,1.0,Toxic Repellent
LIC_01843,CCOc1cccc2sc(N(CCCN(C)C)C(=O)CN3C(=O)CCC3=O)nc12,1.0,0.6825396825396826,0.4339622641509434,1.0,0.03737839221710193,1.0,Toxic Repellent
LIC_01842,CC1CN(CC(O)Cn2c3ccccc3c3ccccc32)CC(C)O1,1.0,0.6825396825396826,0.4339622641509434,1.0,0.03737839221710193,1.0,Toxic Repellent
LIC_01841,COC(=O)Cn1/c(=N/C(=O)CN2C(=O)CCC2=O)sc2cc(C)ccc21,1.0,0.6825396825396826,0.4339622641509434,1.0,0.03737839221710193,1.0,Toxic Repellent
LIC_01840,CCOCCn1/c(=N/C(=O)CN2C(=O)CCC2=O)sc2cc(F)ccc21,1.0,0.6825396825396826,0.4339622641509434,1.0,0.03737839221710193,1.0,Toxic Repellent
LIC_01839,COc1ccc(S(=O)(=O)Nc2cc(Cl)c(O)c(Cl)c2)cc1,1.0,0.8727272727272727,0.4339622641509434,1.0,0.22756598240469206,1.0,Toxic Repellent
LIC_01838,CCN(CC)CCN(C(=O)CN1C(=O)CCC1=O)c1nc2c(Cl)cccc2s1,1.0,0.72,0.4339622641509434,1.0,0.07483870967741935,1.0,Toxic Repellent
LIC_01837,CS(=O)(=O)N1CCCc2cc(NC(=O)c3ccc([N+](=O)[O-])cc3Cl)ccc21,1.0,0.7288247528233188,0.4339622641509434,1.0,0.0836634625007382,1.0,Toxic Repellent
LIC_01836,Nn1c(S)nnc1-c1cccnc1,1.0,0.5000000000000001,0.4339622641509434,1.0,0.0,1.0,Toxic Repellent
LIC_01835,CCOc1ccc2nc(-c3ccc(Cl)cc3)sc2c1,1.0,0.8727272727272727,0.4339622641509434,1.0,0.22756598240469206,1.0,Toxic Repellent
LIC_01834,CCN(CC)CCN(C(=O)CN1C(=O)CCC1=O)c1nc2ccc(Cl)cc2s1,1.0,0.6825396825396826,0.4339622641509434,1.0,0.03737839221710193,1.0,Toxic Repellent
LIC_01865,COc1cc(S(=O)(=O)Nc2cc(Cl)ccc2O)ccc1Cl,1.0,0.72,0.4339622641509434,1.0,0.07483870967741935,1.0,Toxic Repellent
LIC_01864,NC(=S)N/N=C/c1ccccc1O,1.0,0.72,0.4339622641509434,1.0,0.07483870967741935,1.0,Toxic Repellent
LIC_01863,Cc1nnsc1C(=O)Nc1ccc(Cl)c([N+](=O)[O-])c1,1.0,0.6825396825396826,0.4339622641509434,1.0,0.03737839221710193,1.0,Toxic Repellent
LIC_01862,C#CCn1/c(=N/C(=O)CN2C(=O)CCC2=O)sc2cc([N+](=O)[O-])ccc21,1.0,0.6825396825396826,0.4339622641509434,1.0,0.03737839221710193,1.0,Toxic Repellent
LIC_01861,CSc1cccc2sc(N(Cc3cccnc3)C(=O)c3cccc(N4C(=O)CCC4=O)c3)nc12,1.0,0.6825396825396826,0.4339622641509434,1.0,0.03737839221710193,1.0,Toxic Repellent
LIC_01860,COc1ccc(C(C)C)cc1S(=O)(=O)Nc1cc(Cl)ccc1O,1.0,0.75,0.4339622641509434,1.0,0.10483870967741937,1.0,Toxic Repellent
LIC_01859,CCOCCn1/c(=N/C(=O)CN2C(=O)CCC2=O)sc2cc(C)ccc21,1.0,0.6825396825396826,0.4339622641509434,1.0,0.03737839221710193,1.0,Toxic Repellent
LIC_01858,CC(=O)OCC(=O)C1CCC2C3CC=C4CC(O)CCC4(C)C3CCC12C,1.0,0.72,0.4339622641509434,1.0,0.07483870967741935,1.0,Toxic Repellent
LIC_01857,Nc1cccc(-c2nc3ccccc3o2)c1,1.0,0.43902439024390244,0.4339622641509434,1.0,0.0,1.0,Toxic Repellent
LIC_01856,O=C(Nc1nc2c(ccc3ccccc32)s1)c1ccc(N2C(=O)CCC2=O)cc1,1.0,0.6825396825396826,0.4339622641509434,1.0,0.03737839221710193,1.0,Toxic Repellent
LIC_01855,O=C(CN1C(=O)CCC1=O)Nc1ccccc1-c1nc2ccccc2o1,1.0,0.43902439024390244,0.4339622641509434,1.0,0.0,1.0,Toxic Repellent
LIC_01854,O=C(Nc1nc2ccc3ccccc3c2s1)c1cccc(N2C(=O)CCC2=O)c1,1.0,0.5000000000000001,0.4339622641509434,1.0,0.0,1.0,Toxic Repellent
LIC_01853,CCOc1cccc2s/c(=N/C(=O)CN3C(=O)CCC3=O)n(CC)c12,1.0,0.6825396825396826,0.4339622641509434,1.0,0.03737839221710193,1.0,Toxic Repellent
LIC_01852,Nn1c(S)nnc1-c1ccccc1,1.0,0.6825396825396826,0.4339622641509434,1.0,0.03737839221710193,1.0,Toxic Repellent
LIC_01851,COc1ccc(-c2coc3cc(OCC(=O)OC(C)C)ccc3c2=O)cc1OC,1.0,0.6825396825396826,0.4339622641509434,1.0,0.03737839221710193,1.0,Toxic Repellent
LIC_01850,C=CCn1/c(=N/C(=O)CN2C(=O)CCC2=O)sc2cc(S(C)(=O)=O)ccc21,1.0,0.8,0.4339622641509434,1.0,0.15483870967741942,1.0,Toxic Repellent
LIC_01881,Cc1nnc(NC(=O)c2ccc(Cl)c([N+](=O)[O-])c2)s1,1.0,0.6825396825396826,0.4339622641509434,1.0,0.03737839221710193,1.0,Toxic Repellent
LIC_01880,CC(C)(C)n1nc2c(c1NC(=O)c1ccc(Cl)c([N+](=O)[O-])c1)CS(=O)(=O)C2,1.0,0.920863309352518,0.4339622641509434,1.0,0.2757020190299374,1.0,Toxic Repellent
LIC_01879,O=[N+]([O-])c1ccc(-c2ccc(-c3nnc(-c4ccco4)o3)o2)c(Cl)c1,1.0,0.6825396825396826,0.4339622641509434,1.0,0.03737839221710193,1.0,Toxic Repellent
LIC_01878,O=C(CN1C(=O)CCC1=O)Nc1ccc2c3c(cccc13)CC2,1.0,0.43902439024390244,0.4339622641509434,1.0,0.0,1.0,Toxic Repellent
LIC_01877,Nc1ccc(-c2nc3ccccc3o2)cc1,1.0,0.43902439024390244,0.4339622641509434,1.0,0.0,1.0,Toxic Repellent
LIC_01876,CCOC(=O)c1s/c(=N\C(=O)c2ccc(N3C(=O)CCC3=O)cc2)n(C)c1C,1.0,0.6825396825396826,0.4339622641509434,1.0,0.03737839221710193,1.0,Toxic Repellent
LIC_01875,CCOC(=O)c1ccc2c(c1)s/c(=N/C(=O)CN1C(=O)CCC1=O)n2C,1.0,0.6825396825396826,0.4339622641509434,1.0,0.03737839221710193,1.0,Toxic Repellent
LIC_01874,O=C(c1c(F)cccc1F)N(C(=O)N1CCCCC1)c1ccccc1,1.0,0.6825396825396826,0.4339622641509434,1.0,0.03737839221710193,1.0,Toxic Repellent
LIC_01873,C#CCn1/c(=N/C(=O)CN2C(=O)CCC2=O)sc2cccc(Cl)c21,1.0,0.6825396825396826,0.4339622641509434,1.0,0.03737839221710193,1.0,Toxic Repellent
LIC_01872,C#CCSc1nc2sc3c(c2c(=O)n1-c1ccccc1)CCCC3,1.0,0.6825396825396826,0.4339622641509434,1.0,0.03737839221710193,1.0,Toxic Repellent
LIC_01871,O=C(COc1ccc2c(=O)c(-c3ccc4c(c3)OCCO4)coc2c1)c1ccccc1,1.0,0.6825396825396826,0.4339622641509434,1.0,0.03737839221710193,1.0,Toxic Repellent
LIC_01870,Cc1ccc2c(C(=O)O)cc3c(C)cccc3c2c1,1.0,0.41304347826086957,0.4339622641509434,1.0,0.0,1.0,Toxic Repellent
LIC_01869,COc1ccc(NS(=O)(=O)c2ccc(N3C(=O)CCC3=O)cc2)c(OC)c1,1.0,0.6825396825396826,0.4339622641509434,1.0,0.03737839221710193,1.0,Toxic Repellent
LIC_01868,COc1ccc2nc(N(CCn3cccn3)C(=O)c3cccc(N4C(=O)CCC4=O)c3)sc2c1,1.0,0.72,0.4339622641509434,1.0,0.07483870967741935,1.0,Toxic Repellent
LIC_01867,C=CCn1/c(=N/C(=O)CN2C(=O)CCC2=O)sc2cccc(OC)c21,1.0,0.6825396825396826,0.4339622641509434,1.0,0.03737839221710193,1.0,Toxic Repellent
LIC_01866,CCn1/c(=N/C(=O)CN2C(=O)CCC2=O)sc2c(OC)ccc(OC)c21,1.0,0.6825396825396826,0.4339622641509434,1.0,0.03737839221710193,1.0,Toxic Repellent
LIC_01897,O=C(CN1C(=O)CCC1=O)Nc1ccc(-c2ccc(NC(=O)CN3C(=O)CCC3=O)cc2)cc1,1.0,0.6825396825396826,0.4339622641509434,1.0,0.03737839221710193,1.0,Toxic Repellent
LIC_01896,Cc1nc2ccc3nc(NC(=O)CN4C(=O)CCC4=O)sc3c2s1,1.0,0.5000000000000001,0.4339622641509434,1.0,0.0,1.0,Toxic Repellent
LIC_01895,COC(=O)c1c(NC(=O)c2cccc(N3C(=O)CCC3=O)c2)sc2c1CCN(C(=O)OC)C2,1.0,0.7295179081516833,0.4339622641509434,1.0,0.08435661782910264,1.0,Toxic Repellent
LIC_01894,COC(=O)c1c(NC(=O)c2ccc(N3C(=O)CCC3=O)cc2)sc2c1CCN(C(=O)OC)C2,1.0,0.72,0.4339622641509434,1.0,0.07483870967741935,1.0,Toxic Repellent
LIC_01893,O=C(CN1C(=O)CCC1=O)Nc1ncc(S(=O)(=O)c2ccc([N+](=O)[O-])cc2)s1,1.0,0.8727272727272727,0.4339622641509434,1.0,0.22756598240469206,1.0,Toxic Repellent
LIC_01892,CSc1nc2ccc(NC(=O)c3ccc(N4C(=O)CCC4=O)cc3)cc2s1,1.0,0.6825396825396826,0.4339622641509434,1.0,0.03737839221710193,1.0,Toxic Repellent
LIC_01891,Cc1c(Cl)c([N+](=O)[O-])nn1CC(=O)NCc1ccc(Cl)cc1,1.0,0.6825396825396826,0.4339622641509434,1.0,0.03737839221710193,1.0,Toxic Repellent
LIC_01890,CC(C(=O)Nc1ccc(Cl)c([N+](=O)[O-])c1)n1nc(-n2cccn2)ccc1=O,1.0,0.8333333333333334,0.4339622641509434,1.0,0.18817204301075274,1.0,Toxic Repellent
LIC_01889,C#CCn1/c(=N/C(=O)CN2C(=O)CCC2=O)sc2cccc(OCC)c21,1.0,0.6825396825396826,0.4339622641509434,1.0,0.03737839221710193,1.0,Toxic Repellent
LIC_01888,C=CCN1C(=O)CC(N2CCN(CC)CC2)C1=O,1.0,0.6825396825396826,0.4339622641509434,1.0,0.03737839221710193,1.0,Toxic Repellent
LIC_01887,CC1CCN(c2ccc(N3CCN(C(=O)c4ccc(Cl)c([N+](=O)[O-])c4)CC3)nn2)CC1,1.0,0.8727272727272727,0.4339622641509434,1.0,0.22756598240469206,1.0,Toxic Repellent
LIC_01886,CC(C)CC(=O)N1C(=O)c2cccc3c(S(=O)(=O)N(C)C)ccc1c23,1.0,0.6825396825396826,0.4339622641509434,1.0,0.03737839221710193,1.0,Toxic Repellent
LIC_01885,CCOc1ccc2nc(N(Cc3cccnc3)C(=O)c3cccc(N4C(=O)CCC4=O)c3)sc2c1,1.0,0.72,0.4339622641509434,1.0,0.07483870967741935,1.0,Toxic Repellent
LIC_01884,COc1ccc(NC(=O)c2nn3c(C(F)(F)F)cc(-c4cccs4)nc3c2Cl)cc1OC,1.0,0.72,0.4339622641509434,1.0,0.07483870967741935,1.0,Toxic Repellent
LIC_01883,O=C(Nc1sc2c(c1-c1nc3ccccc3s1)CCCC2)c1ccc(N2C(=O)CCC2=O)cc1,1.0,0.6825396825396826,0.4339622641509434,1.0,0.03737839221710193,1.0,Toxic Repellent
LIC_01882,COc1cc(C)c(Cl)cc1S(=O)(=O)Nc1cc(Cl)ccc1O,1.0,0.72,0.4339622641509434,1.0,0.07483870967741935,1.0,Toxic Repellent
LIC_01913,O=C(Nc1ccc(Cl)c(Cl)c1)N1CCN(Cc2ccsc2)CC1,1.0,0.6825396825396826,0.4339622641509434,1.0,0.03737839221710193,1.0,Toxic Repellent
LIC_01912,COC(=O)Cn1/c(=N/C(=O)CN2C(=O)CCC2=O)sc2cc(Cl)ccc21,1.0,0.6825396825396826,0.4339622641509434,1.0,0.03737839221710193,1.0,Toxic Repellent
LIC_01911,CCOc1ccc2c(c1)s/c(=N\C(=O)CN1C(=O)CCC1=O)n2CCOC,1.0,0.6825396825396826,0.4339622641509434,1.0,0.03737839221710193,1.0,Toxic Repellent
LIC_01910,CCCn1/c(=N/C(=O)CN2C(=O)CCC2=O)sc2c(OC)ccc(OC)c21,1.0,0.6825396825396826,0.4339622641509434,1.0,0.03737839221710193,1.0,Toxic Repellent
LIC_01909,COc1ccc(N(C(=O)Nc2ccc(Cl)c(Cl)c2)C2=NCCC2)cc1,1.0,0.72,0.4339622641509434,1.0,0.07483870967741935,1.0,Toxic Repellent
LIC_01908,O=C(CN1C(=O)CCC1=O)Nc1ccc(O)c(-c2nc3ccccc3s2)c1,1.0,0.5000000000000001,0.4339622641509434,1.0,0.0,1.0,Toxic Repellent
LIC_01907,Cc1noc(-c2cccc(Cl)n2)n1,1.0,0.43902439024390244,0.4339622641509434,1.0,0.0,1.0,Toxic Repellent
LIC_01906,CCN(CC)CCN(C(=O)CN1C(=O)CCC1=O)c1nc2cc3c(cc2s1)OCO3,1.0,0.6825396825396826,0.4339622641509434,1.0,0.03737839221710193,1.0,Toxic Repellent
LIC_01905,O=C(CN1C(=O)CCC1=O)Nc1ccc(-c2nc3ccccc3s2)c(O)c1,1.0,0.5000000000000001,0.4339622641509434,1.0,0.0,1.0,Toxic Repellent
LIC_01904,CC(C)c1nnc(NC(=O)c2ccc(Cl)c([N+](=O)[O-])c2)s1,1.0,0.6825396825396826,0.4339622641509434,1.0,0.03737839221710193,1.0,Toxic Repellent
LIC_01903,CCNc1nc(NCC)nc(Sc2ccc([N+](=O)[O-])cc2[N+](=O)[O-])n1,1.0,0.5000000000000001,0.4339622641509434,1.0,0.0,1.0,Toxic Repellent
LIC_01902,CCOc1cccc2cc(-c3csc(NC(=O)c4cccc(N5C(=O)CCC5=O)c4)n3)oc12,1.0,0.6825396825396826,0.4339622641509434,1.0,0.03737839221710193,1.0,Toxic Repellent
LIC_01901,COC(=O)Cn1/c(=N/C(=O)CN2C(=O)CCC2=O)sc2cc(OC)ccc21,1.0,0.6825396825396826,0.4339622641509434,1.0,0.03737839221710193,1.0,Toxic Repellent
LIC_01900,COc1ccc(NC(=O)Cn2nc([N+](=O)[O-])c(Cl)c2C)cc1OC,1.0,0.6825396825396826,0.4339622641509434,1.0,0.03737839221710193,1.0,Toxic Repellent
LIC_01899,Cc1ccc2c(c1)NC(=O)c1cc(NS(=O)(=O)CCN3C(=O)CCCC3=O)ccc1O2,1.0,0.6825396825396826,0.4339622641509434,1.0,0.03737839221710193,1.0,Toxic Repellent
LIC_01898,COc1cc(S(=O)(=O)Nc2cc(Cl)ccc2O)c(OC)cc1Cl,1.0,0.72,0.4339622641509434,1.0,0.07483870967741935,1.0,Toxic Repellent
LIC_01930,COCCn1/c(=N/C(=O)CN2C(=O)CCC2=O)sc2cc(Br)ccc21,1.0,0.6825396825396826,0.4339622641509434,1.0,0.03737839221710193,1.0,Toxic Repellent
LIC_01929,O=c1oc2ccccc2c(O)c1/C=N/c1ncccn1,1.0,0.5,0.4339622641509434,1.0,0.0,1.0,Toxic Repellent
LIC_01928,O=C(OC1CN(c2nc3ccc(F)cc3s2)C1)c1cccc(N2C(=O)CCC2=O)c1,1.0,0.6825396825396826,0.4339622641509434,1.0,0.03737839221710193,1.0,Toxic Repellent
LIC_01927,Cc1oc(-c2ccc([N+](=O)[O-])c(Cl)c2)cc1C(=O)N1CCOCC1,1.0,0.6825396825396826,0.4339622641509434,1.0,0.03737839221710193,1.0,Toxic Repellent
LIC_01926,COc1ccc(N2C(=O)CC(NNC(=O)c3ccccc3)C2=O)cc1,1.0,0.5,0.4339622641509434,1.0,0.0,1.0,Toxic Repellent
LIC_01925,O=C(Nc1ccc(-c2nc3ccccc3o2)cc1)c1cccc(N2C(=O)CCC2=O)c1,1.0,0.6825396825396826,0.4339622641509434,1.0,0.03737839221710193,1.0,Toxic Repellent
LIC_01924,C=CCn1/c(=N/C(=O)CN2C(=O)CCC2=O)sc2cc(OCC)ccc21,1.0,0.6825396825396826,0.4339622641509434,1.0,0.03737839221710193,1.0,Toxic Repellent
LIC_01923,C=CCn1/c(=N/C(=O)CN2C(=O)CCC2=O)sc2cccc(OCC)c21,1.0,0.6825396825396826,0.4339622641509434,1.0,0.03737839221710193,1.0,Toxic Repellent
LIC_01922,CC1(C)CC(NS(=O)(=O)c2ccc(Cl)c([N+](=O)[O-])c2)CC(C)(C)N1,1.0,0.875,0.4339622641509434,1.0,0.22983870967741937,1.0,Toxic Repellent
LIC_01921,CCN(CC)CCN(C(=O)CN1C(=O)CCC1=O)c1nc2cc3c(cc2s1)OCCO3,1.0,0.6825396825396826,0.4339622641509434,1.0,0.03737839221710193,1.0,Toxic Repellent
LIC_01920,Cc1ccc(-c2nc3ccccc3[nH]2)cc1,1.0,0.41304347826086957,0.4339622641509434,1.0,0.0,1.0,Toxic Repellent
LIC_01919,O=C(Oc1ccccc1)N1CCC(CNS(=O)(=O)CCN2C(=O)CCCC2=O)CC1,1.0,0.6825396825396826,0.4339622641509434,1.0,0.03737839221710193,1.0,Toxic Repellent
LIC_01918,Cc1sc2nc(SCC(=O)N(CCO)CCO)n(-c3ccccc3)c(=O)c2c1C,1.0,0.6825396825396826,0.4339622641509434,1.0,0.03737839221710193,1.0,Toxic Repellent
LIC_01916,O=C(CN1C(=O)CCC1=O)Nc1nc(-c2ccc3ccccc3c2)cs1,1.0,0.43902439024390244,0.4339622641509434,1.0,0.0,1.0,Toxic Repellent
LIC_01915,COc1ccc(Br)cc1S(=O)(=O)Nc1cc(Cl)ccc1O,1.0,0.72,0.4339622641509434,1.0,0.07483870967741935,1.0,Toxic Repellent
LIC_01914,CCN(CC)CCN(C(=O)CN1C(=O)CCC1=O)c1nc2ccc(Br)cc2s1,1.0,0.72,0.4339622641509434,1.0,0.07483870967741935,1.0,Toxic Repellent
LIC_01946,Cc1ccccc1C(=O)NNC1CC(=O)N(c2ccc(Cl)cc2)C1=O,1.0,0.5,0.4339622641509434,1.0,0.0,1.0,Toxic Repellent
LIC_01945,C=CCn1/c(=N/C(=O)CN2C(=O)CCC2=O)sc2cc(C(=O)OC)ccc21,1.0,0.6825396825396826,0.4339622641509434,1.0,0.03737839221710193,1.0,Toxic Repellent
LIC_01944,O=C(Nc1ccc(O)c(-c2nc3ccccc3s2)c1)c1ccc(N2C(=O)CCC2=O)cc1,1.0,0.6825396825396826,0.4339622641509434,1.0,0.03737839221710193,1.0,Toxic Repellent
LIC_01943,CCOC(=O)N1CCN(C2CC(=O)N(c3ccc(I)cc3C)C2=O)CC1,1.0,0.6825396825396826,0.4339622641509434,1.0,0.03737839221710193,1.0,Toxic Repellent
LIC_01942,O=C1CCC(=O)N1CC(O)Cn1c2ccc(Cl)cc2c2cc(Cl)ccc21,1.0,0.5485919985588613,0.4339622641509434,1.0,0.0,1.0,Toxic Repellent
LIC_01941,Cc1cccc(-c2nc3ccccc3[nH]2)c1,1.0,0.41304347826086957,0.4339622641509434,1.0,0.0,1.0,Toxic Repellent
LIC_01940,CSc1nc2ccc(NC(=O)c3cccc(N4C(=O)CCC4=O)c3)cc2s1,1.0,0.5000000000000001,0.4339622641509434,1.0,0.0,1.0,Toxic Repellent
LIC_01939,O=C(CSc1nc2ccccc2[nH]1)c1ccccc1,1.0,0.41304347826086957,0.4339622641509434,1.0,0.0,1.0,Toxic Repellent
LIC_01937,COCCn1/c(=N/C(=O)CN2C(=O)CCC2=O)sc2cc(C(=O)OC)ccc21,1.0,0.6825396825396826,0.4339622641509434,1.0,0.03737839221710193,1.0,Toxic Repellent
LIC_01936,COc1ccccc1N1C(=O)CC(Sc2ccccc2C(=O)O)C1=O,1.0,0.43902439024390244,0.4339622641509434,1.0,0.0,1.0,Toxic Repellent
LIC_01935,COC(=O)c1ccc(Oc2ccccc2)cc1,1.0,0.6825396825396826,0.4339622641509434,1.0,0.03737839221710193,1.0,Toxic Repellent
LIC_01934,Cc1ccc(S(=O)(=O)N(CC(O)CN2CCCCC2)c2ccc(F)cc2)cc1,1.0,0.8727272727272727,0.4339622641509434,1.0,0.22756598240469206,1.0,Toxic Repellent
LIC_01933,O=C(OCc1nc2ccccc2s1)c1cccc(N2C(=O)CCC2=O)c1,1.0,0.5000000000000001,0.4339622641509434,1.0,0.0,1.0,Toxic Repellent
LIC_01932,CC(=O)N1CCN(C(=S)c2ccc(-c3ccc([N+](=O)[O-])cc3Cl)o2)CC1,1.0,0.8,0.4339622641509434,1.0,0.15483870967741942,1.0,Toxic Repellent
LIC_01931,COc1cc(Cl)ccc1NC(=O)Cn1nc([N+](=O)[O-])c(Br)c1C,1.0,0.6825396825396826,0.4339622641509434,1.0,0.03737839221710193,1.0,Toxic Repellent
LIC_01962,O=C(c1cc(-c2cccc(F)c2)n[nH]1)N1CC(=O)N(CCc2ccccc2)C(=O)C1,1.0,0.5000000000000001,0.4339622641509434,1.0,0.0,1.0,Toxic Repellent
LIC_01961,CCCn1cnc2c1c(=O)n(C)c(=O)n2C,1.0,0.6825396825396826,0.4339622641509434,1.0,0.03737839221710193,1.0,Toxic Repellent
LIC_01960,Cc1nn(CC(O)Cn2c(C)c(C)c3ccccc32)c(C)c1Cl,1.0,0.6825396825396826,0.4339622641509434,1.0,0.03737839221710193,1.0,Toxic Repellent
LIC_01959,Cc1ccc2nc(-c3ccccc3)[nH]c2c1,1.0,0.41304347826086957,0.4339622641509434,1.0,0.0,1.0,Toxic Repellent
LIC_01958,CC(=O)N1CCN(C(=S)c2ccc(-c3ccc(Cl)cc3[N+](=O)[O-])o2)CC1,1.0,0.72,0.4339622641509434,1.0,0.07483870967741935,1.0,Toxic Repellent
LIC_01957,Cc1ccc2nc(-c3ccc(NC(=O)c4ccc(N5C(=O)CCC5=O)cc4)cc3)sc2c1,1.0,0.6825396825396826,0.4339622641509434,1.0,0.03737839221710193,1.0,Toxic Repellent
LIC_01956,O=C(CN1C(=O)CCC1=O)Nc1ccc(Cc2ccc(NC(=O)CN3C(=O)CCC3=O)cc2)cc1,1.0,0.6825396825396826,0.4339622641509434,1.0,0.03737839221710193,1.0,Toxic Repellent
LIC_01955,CCOC(=O)N1CCc2c(sc(NC(=O)c3cccc(N4C(=O)CCC4=O)c3)c2C#N)C1,1.0,0.6825396825396826,0.4339622641509434,1.0,0.03737839221710193,1.0,Toxic Repellent
LIC_01954,CN1/C(=C(\C#N)C(=O)c2cccc(N3C(=O)CCC3=O)c2)Nc2ccccc21,1.0,0.5714285714285714,0.4339622641509434,1.0,0.0,1.0,Toxic Repellent
LIC_01953,CCOC(=O)Cn1/c(=N/C(=O)CN2C(=O)CCC2=O)sc2c(C)cc(C)cc21,1.0,0.72,0.4339622641509434,1.0,0.07483870967741935,1.0,Toxic Repellent
LIC_01952,Cc1ccccc1N1C(=O)CC(Sc2ccccc2C(=O)O)C1=O,1.0,0.43902439024390244,0.4339622641509434,1.0,0.0,1.0,Toxic Repellent
LIC_01951,O=C(Nc1nc2ccccc2s1)c1ccc(Cl)cc1[N+](=O)[O-],1.0,0.5000000000000001,0.4339622641509434,1.0,0.0,1.0,Toxic Repellent
LIC_01950,O=C(Nc1ccc(-c2nc3ccccc3s2)cc1)c1cccc(N2C(=O)CCC2=O)c1,1.0,0.6825396825396826,0.4339622641509434,1.0,0.03737839221710193,1.0,Toxic Repellent
LIC_01949,O=C(Nc1cccc(-c2nc3ccccc3s2)c1)c1ccc(N2C(=O)CCC2=O)cc1,1.0,0.6825396825396826,0.4339622641509434,1.0,0.03737839221710193,1.0,Toxic Repellent
LIC_01948,O=C(O)c1ccccc1SC1CC(=O)N(c2ccc(O)cc2)C1=O,1.0,0.41304347826086957,0.4339622641509434,1.0,0.0,1.0,Toxic Repellent
LIC_01947,O=C(Nc1ccc(O)c(-c2nc3ccccc3s2)c1)c1cccc(N2C(=O)CCC2=O)c1,1.0,0.6825396825396826,0.4339622641509434,1.0,0.03737839221710193,1.0,Toxic Repellent
LIC_01978,O=C(O)/C=C/c1ccc2ccccc2c1,1.0,0.43902439024390244,0.4339622641509434,1.0,0.0,1.0,Toxic Repellent
LIC_01977,CN(C)c1ccc(N2C(=O)CC(Sc3ccccc3C(=O)O)C2=O)cc1,1.0,0.43902439024390244,0.4339622641509434,1.0,0.0,1.0,Toxic Repellent
LIC_01976,COC(=O)c1ccc2nc(NC(=O)c3cccc(N4C(=O)CCC4=O)c3)sc2c1,1.0,0.6825396825396826,0.4339622641509434,1.0,0.03737839221710193,1.0,Toxic Repellent
LIC_01975,CCN(C1CCS(=O)(=O)C1)S(=O)(=O)c1ccc(Cl)c([N+](=O)[O-])c1,1.0,0.920863309352518,0.4339622641509434,1.0,0.2757020190299374,1.0,Toxic Repellent
LIC_01974,O=C(Nc1nc2ccccc2s1)c1ccc([N+](=O)[O-])cc1Cl,1.0,0.6825396825396826,0.4339622641509434,1.0,0.03737839221710193,1.0,Toxic Repellent
LIC_01973,CCOC(=O)c1[nH]c2ccccc2c1NC(=O)c1ccc(N2C(=O)CCC2=O)cc1,1.0,0.6825396825396826,0.4339622641509434,1.0,0.03737839221710193,1.0,Toxic Repellent
LIC_01972,O=C(Nc1ccc(-c2ccc(N3CCOCC3)nn2)cc1)c1ccc([N+](=O)[O-])cc1Cl,1.0,0.8333333333333334,0.4339622641509434,1.0,0.18817204301075274,1.0,Toxic Repellent
LIC_01971,N#CCCN1CCN(C(=S)c2ccc(-c3ccc([N+](=O)[O-])cc3Cl)o2)CC1,1.0,0.72,0.4339622641509434,1.0,0.07483870967741935,1.0,Toxic Repellent
LIC_01970,O=C(Nc1cccc(-c2ccc(N3CCOCC3)nn2)c1)c1ccc([N+](=O)[O-])cc1Cl,1.0,0.8009133639719389,0.4339622641509434,1.0,0.15575207364935828,1.0,Toxic Repellent
LIC_01969,Cc1cccc(C(=O)NNC2CC(=O)N(c3ccc(Cl)cc3)C2=O)c1,1.0,0.43902439024390244,0.4339622641509434,1.0,0.0,1.0,Toxic Repellent
LIC_01968,Cc1ccc(CCC(=O)Nc2ccc(Cl)c([N+](=O)[O-])c2)o1,1.0,0.5000000000000001,0.4339622641509434,1.0,0.0,1.0,Toxic Repellent
LIC_01967,COC(=O)c1sc2ccccc2c1NC(=O)c1ccc(N2C(=O)CCC2=O)cc1,1.0,0.6825396825396826,0.4339622641509434,1.0,0.03737839221710193,1.0,Toxic Repellent
LIC_01966,O=C(Nc1ccc([N+](=O)[O-])cc1Cl)c1cccc(S(=O)(=O)N2CCOCC2)c1,1.0,0.72,0.4339622641509434,1.0,0.07483870967741935,1.0,Toxic Repellent
LIC_01965,COC(=O)c1sc2ccccc2c1NC(=O)c1cccc(N2C(=O)CCC2=O)c1,1.0,0.6825396825396826,0.4339622641509434,1.0,0.03737839221710193,1.0,Toxic Repellent
LIC_01964,O=C(Nc1nc(-c2cccc3ccccc23)cs1)c1ccc(N2C(=O)CCC2=O)cc1,1.0,0.6825396825396826,0.4339622641509434,1.0,0.03737839221710193,1.0,Toxic Repellent
LIC_01963,O=C(Nc1nc(-c2ccc3ccccc3c2)cs1)c1ccc(N2C(=O)CCC2=O)cc1,1.0,0.6825396825396826,0.4339622641509434,1.0,0.03737839221710193,1.0,Toxic Repellent
LIC_01994,O=C(CSc1nc2sc3c(c2c(=O)n1-c1ccccc1)CCC3)N1CCCCCC1,1.0,0.6825396825396826,0.4339622641509434,1.0,0.03737839221710193,1.0,Toxic Repellent
LIC_01993,COc1ccc(-c2c(O)c3ccc(O)cc3oc2=O)cc1OC,1.0,0.43902439024390244,0.4339622641509434,1.0,0.0,1.0,Toxic Repellent
LIC_01992,O=C(Nc1nc2cc3c(cc2s1)OCO3)c1ccc(N2C(=O)CCC2=O)cc1,1.0,0.6825396825396826,0.4339622641509434,1.0,0.03737839221710193,1.0,Toxic Repellent
LIC_01991,CNC(=O)c1c(NC(=O)c2cccc(N3C(=O)CCC3=O)c2)sc2c1CCN(C(=O)OC)C2,1.0,0.72,0.4339622641509434,1.0,0.07483870967741935,1.0,Toxic Repellent
LIC_01990,Cc1ccc(/C=C(/C#N)C(=O)Nc2ccc(Cl)cc2[N+](=O)[O-])o1,1.0,0.5000000000000001,0.4339622641509434,1.0,0.0,1.0,Toxic Repellent
LIC_01989,CC(C)(C)c1ccc(/C=C/C(=O)O)cc1,1.0,0.6825396825396826,0.4339622641509434,1.0,0.03737839221710193,1.0,Toxic Repellent
LIC_01988,O=C(CN1C(=O)CCC1=O)Nc1nc(-c2ccccc2)c(-c2ccccc2)s1,1.0,0.6825396825396826,0.4339622641509434,1.0,0.03737839221710193,1.0,Toxic Repellent
LIC_01987,O=S(=O)(Oc1cccc(Cl)c1Cl)c1ccccc1,1.0,0.6825396825396826,0.4339622641509434,1.0,0.03737839221710193,1.0,Toxic Repellent
LIC_01986,O=C(O)c1ccccc1SC1CC(=O)N(c2ccc(F)cc2)C1=O,1.0,0.43902439024390244,0.4339622641509434,1.0,0.0,1.0,Toxic Repellent
LIC_01985,COc1ccccc1-c1c(O)c2ccc(O)cc2oc1=O,1.0,0.41304347826086957,0.4339622641509434,1.0,0.0,1.0,Toxic Repellent
LIC_01984,CCc1ccccc1N1C(=O)CC(Sc2ccccc2C(=O)O)C1=O,1.0,0.43902439024390244,0.4339622641509434,1.0,0.0,1.0,Toxic Repellent
LIC_01983,N#C/C(=C\c1ccco1)C(=O)Nc1ccc([N+](=O)[O-])cc1Cl,1.0,0.5000000000000001,0.4339622641509434,1.0,0.0,1.0,Toxic Repellent
LIC_01982,CCOC(=O)c1sc(NC(=O)c2ccc(N3C(=O)CCC3=O)cc2)c(C(=O)OCC)c1C,1.0,0.6825396825396826,0.4339622641509434,1.0,0.03737839221710193,1.0,Toxic Repellent
LIC_01981,O=C(O)c1ccc(OCc2ccccc2)c(OCc2ccccc2)c1,1.0,0.5,0.4339622641509434,1.0,0.0,1.0,Toxic Repellent
LIC_01980,Cc1cc(NC(=O)c2ccc(N3C(=O)CCC3=O)cc2)nc2c1c(=O)oc1ccccc12,1.0,0.6825396825396826,0.4339622641509434,1.0,0.03737839221710193,1.0,Toxic Repellent
LIC_01979,CCOCCn1/c(=N/C(=O)CN2C(=O)CCC2=O)sc2cc(Br)ccc21,1.0,0.6825396825396826,0.4339622641509434,1.0,0.03737839221710193,1.0,Toxic Repellent
LIC_02010,CSc1nc2ccc3nc(NC(=O)CN4C(=O)CCC4=O)sc3c2s1,1.0,0.6825396825396826,0.4339622641509434,1.0,0.03737839221710193,1.0,Toxic Repellent
LIC_02009,CSc1ccccc1N1C(=O)CC(Sc2ccccc2C(=O)O)C1=O,1.0,0.43902439024390244,0.4339622641509434,1.0,0.0,1.0,Toxic Repellent
LIC_02008,COc1ccc(-c2c(O)c3ccc(O)cc3oc2=O)cc1,1.0,0.41304347826086957,0.4339622641509434,1.0,0.0,1.0,Toxic Repellent
LIC_02007,CCOC(=O)c1oc2ccccc2c1NC(=O)c1cccc(N2C(=O)CCC2=O)c1,1.0,0.6825396825396826,0.4339622641509434,1.0,0.03737839221710193,1.0,Toxic Repellent
LIC_02006,CC(C)CN(C1CCS(=O)(=O)C1)S(=O)(=O)c1ccc(Cl)c([N+](=O)[O-])c1,1.0,0.920863309352518,0.4339622641509434,1.0,0.2757020190299374,1.0,Toxic Repellent
LIC_02005,O=C(Nc1nc2cc3c(cc2s1)OCO3)c1cccc(N2C(=O)CCC2=O)c1,1.0,0.5714285714285714,0.4339622641509434,1.0,0.0,1.0,Toxic Repellent
LIC_02004,CC1CCc2c(sc3nc(SCC(=O)N4CCCC4)n(-c4ccccc4)c(=O)c23)C1,1.0,0.72,0.4339622641509434,1.0,0.07483870967741935,1.0,Toxic Repellent
LIC_02003,CCOC(=O)c1ccc2nc(NC(=O)c3cccc(N4C(=O)CCC4=O)c3)sc2c1,1.0,0.6825396825396826,0.4339622641509434,1.0,0.03737839221710193,1.0,Toxic Repellent
LIC_02002,COc1cc(NC(=O)Cn2nc([N+](=O)[O-])c(Br)c2C)c(OC)cc1Cl,1.0,0.6825396825396826,0.4339622641509434,1.0,0.03737839221710193,1.0,Toxic Repellent
LIC_02001,CN1C(=O)CC(N2CCN(c3ccc(F)cc3)CC2)C1=O,1.0,0.43902439024390244,0.4339622641509434,1.0,0.0,1.0,Toxic Repellent
LIC_02000,COc1ccccc1N1C(=O)CC(SCC(=O)Nc2ccccc2)C1=O,1.0,0.5000000000000001,0.4339622641509434,1.0,0.0,1.0,Toxic Repellent
LIC_01999,C=CCn1c(Br)nc2c1c(=O)n(C)c(=O)n2C,1.0,0.6825396825396826,0.4339622641509434,1.0,0.03737839221710193,1.0,Toxic Repellent
LIC_01998,CCOc1ccc(-c2nc3ccccc3s2)cc1,1.0,0.8727272727272727,0.4339622641509434,1.0,0.22756598240469206,1.0,Toxic Repellent
LIC_01997,CC(C)CCNCC(O)Cn1c2ccccc2c2ccccc21,1.0,0.6825396825396826,0.4339622641509434,1.0,0.03737839221710193,1.0,Toxic Repellent
LIC_01996,CCOC(=O)N1CCc2c(sc(NC(=O)c3cccc(N4C(=O)CCC4=O)c3)c2C(N)=O)C1,1.0,0.72,0.4339622641509434,1.0,0.07483870967741935,1.0,Toxic Repellent
LIC_01995,Cc1nn(CC(O)COc2ccc(C(=O)c3ccccc3)cc2)c(C)c1Cl,1.0,0.8727272727272727,0.4339622641509434,1.0,0.22756598240469206,1.0,Toxic Repellent
LIC_02026,CC1CCCCN1C(=O)CSc1nc2sc3c(c2c(=O)n1-c1ccccc1)CCCC3,1.0,0.72,0.4339622641509434,1.0,0.07483870967741935,1.0,Toxic Repellent
LIC_02025,Cc1cccc(C(=O)NNC2CC(=O)N(c3ccc(Br)cc3)C2=O)c1,1.0,0.43902439024390244,0.4339622641509434,1.0,0.0,1.0,Toxic Repellent
LIC_02024,COc1ccc(-c2cccc(NC(=O)c3ccc([N+](=O)[O-])cc3Cl)c2)nn1,1.0,0.6825396825396826,0.4339622641509434,1.0,0.03737839221710193,1.0,Toxic Repellent
LIC_02023,NS(=O)(=O)c1ccc2nc(NC(=O)c3cccc(N4C(=O)CCC4=O)c3)sc2c1,1.0,0.8333333333333334,0.4339622641509434,1.0,0.18817204301075274,1.0,Toxic Repellent
LIC_02022,O=S(=O)(c1ccc(Cl)c(Cl)c1)c1ccc(Cl)c(Cl)c1,1.0,0.8727272727272727,0.4339622641509434,1.0,0.22756598240469206,1.0,Toxic Repellent
LIC_02021,Cn1c2[n+](c3ccccc3c1=O)Cc1ccccc1-2,1.0,0.41304347826086957,0.4339622641509434,1.0,0.0,1.0,Toxic Repellent
LIC_02020,CCOC(=O)Cc1csc(NC(=O)c2ccc(Cl)c([N+](=O)[O-])c2)n1,1.0,0.6825396825396826,0.4339622641509434,1.0,0.03737839221710193,1.0,Toxic Repellent
LIC_02019,O=c1oc2cc(O)ccc2c(O)c1-c1ccccc1,1.0,0.41304347826086957,0.4339622641509434,1.0,0.0,1.0,Toxic Repellent
LIC_02018,O=C(CC1Sc2ccccc2NC1=O)Nc1ccc(Cl)cc1[N+](=O)[O-],1.0,0.6825396825396826,0.4339622641509434,1.0,0.03737839221710193,1.0,Toxic Repellent
LIC_02017,O=C(O)c1ccccc1SC1CC(=O)N(c2ccc(N3CCCCC3)cc2)C1=O,1.0,0.6825396825396826,0.4339622641509434,1.0,0.03737839221710193,1.0,Toxic Repellent
LIC_02016,Cc1ccccc1C(=O)NNC1CC(=O)N(c2ccc(Br)cc2)C1=O,1.0,0.43902439024390244,0.4339622641509434,1.0,0.0,1.0,Toxic Repellent
LIC_02015,O=C(Nc1nc(-c2ccccc2)c(-c2ccccc2)s1)c1cccc(N2C(=O)CCC2=O)c1,1.0,0.6825396825396826,0.4339622641509434,1.0,0.03737839221710193,1.0,Toxic Repellent
LIC_02014,CC(=O)c1ccc(N2C(=O)CC(Sc3ccccc3C(=O)O)C2=O)cc1,1.0,0.43902439024390244,0.4339622641509434,1.0,0.0,1.0,Toxic Repellent
LIC_02013,COc1cccc(N2C(=O)CC(Sc3ccccc3C(=O)O)C2=O)c1,1.0,0.366652051546585,0.4339622641509434,1.0,0.0,1.0,Toxic Repellent
LIC_02012,Cc1ccc(N2C(=O)CC(Sc3ccccc3C(=O)N3CCOCC3)C2=O)cc1,1.0,0.5000000000000001,0.4339622641509434,1.0,0.0,1.0,Toxic Repellent
LIC_02011,O=C(O)c1ccccc1SC1CC(=O)N(c2ccc3c(c2)OCO3)C1=O,1.0,0.43902439024390244,0.4339622641509434,1.0,0.0,1.0,Toxic Repellent
LIC_02042,CCOc1ccc2nc(NC(=O)c3ccc(Cl)cc3[N+](=O)[O-])sc2c1,1.0,0.6825396825396826,0.4339622641509434,1.0,0.03737839221710193,1.0,Toxic Repellent
LIC_02041,CC12CCCCC1CCC1C2CCC2(C)C1CCC2(C)O,1.0,0.8727272727272727,0.4339622641509434,1.0,0.22756598240469206,1.0,Toxic Repellent
LIC_02040,CCCCN(C1CCS(=O)(=O)C1)S(=O)(=O)c1ccc(Cl)c([N+](=O)[O-])c1,1.0,0.920863309352518,0.4339622641509434,1.0,0.2757020190299374,1.0,Toxic Repellent
LIC_02039,COc1cccc(NC(=O)c2sc(C)nc2-c2ccc([N+](=O)[O-])cc2)c1,1.0,0.43902439024390244,0.4339622641509434,1.0,0.0,1.0,Toxic Repellent
LIC_02038,Cc1ccc(C(=O)NNC2CC(=O)N(c3ccc(Br)cc3)C2=O)cc1,1.0,0.5000000000000001,0.4339622641509434,1.0,0.0,1.0,Toxic Repellent
LIC_02037,COC(=O)c1sc(-c2ccccc2)cc1NC(=O)c1ccc(N2C(=O)CCC2=O)cc1,1.0,0.6825396825396826,0.4339622641509434,1.0,0.03737839221710193,1.0,Toxic Repellent
LIC_02036,O=C(Nc1nc(-c2ccccc2)c(-c2ccccc2)s1)c1ccc(N2C(=O)CCC2=O)cc1,1.0,0.6825396825396826,0.4339622641509434,1.0,0.03737839221710193,1.0,Toxic Repellent
LIC_02035,CCc1nnc(NS(=O)(=O)c2ccc(NC(=O)CN3C(=O)CCC3=O)cc2)s1,1.0,0.72,0.4339622641509434,1.0,0.07483870967741935,1.0,Toxic Repellent
LIC_02034,Cc1c(Cl)cccc1N1C(=O)CC(Sc2ccccc2C(=O)O)C1=O,1.0,0.43902439024390244,0.4339622641509434,1.0,0.0,1.0,Toxic Repellent
LIC_02033,Cc1cc(I)ccc1N1C(=O)CC(Sc2ncccc2C(=O)O)C1=O,1.0,0.6825396825396826,0.4339622641509434,1.0,0.03737839221710193,1.0,Toxic Repellent
LIC_02032,CCCN(CCC)S(=O)(=O)c1ccc(Cl)c([N+](=O)[O-])c1,1.0,0.8727272727272727,0.4339622641509434,1.0,0.22756598240469206,1.0,Toxic Repellent
LIC_02031,COc1ccc(-c2noc(CC#N)n2)cc1,1.0,0.43902439024390244,0.4339622641509434,1.0,0.0,1.0,Toxic Repellent
LIC_02030,CC(=O)Nc1ccc(N2C(=O)CC(Sc3ccccc3C(=O)O)C2=O)cc1,1.0,0.43902439024390244,0.4339622641509434,1.0,0.0,1.0,Toxic Repellent
LIC_02029,O=C(O)c1ccccc1SC1CC(=O)N(c2cccc(Cl)c2)C1=O,1.0,0.41304347826086957,0.4339622641509434,1.0,0.0,1.0,Toxic Repellent
LIC_02028,O=C(O)c1ccccc1SC1CC(=O)N(c2ccc(Cl)cc2)C1=O,1.0,0.43902439024390244,0.4339622641509434,1.0,0.0,1.0,Toxic Repellent
LIC_02027,O=C(O)c1cn(C2CC2)c2cc(N3CCN(S(=O)(=O)Cc4ccccc4)CC3)c(F)cc2c1=O,1.0,0.8333333333333334,0.4339622641509434,1.0,0.18817204301075274,1.0,Toxic Repellent
LIC_02058,COc1ccc(OC)c(N2C(=O)CC(Sc3ccccc3C(=O)O)C2=O)c1,1.0,0.43902439024390244,0.4339622641509434,1.0,0.0,1.0,Toxic Repellent
LIC_02057,CC(=O)N1C(=O)/C(=N\NC(=O)c2ccccc2)c2cc(Br)ccc21,1.0,0.5000000000000001,0.4339622641509434,1.0,0.0,1.0,Toxic Repellent
LIC_02056,COc1ccc(-n2c(SCc3cccc(F)c3)nc3sc4c(c3c2=O)CCN(C(C)=O)C4)cc1,1.0,0.8727272727272727,0.4339622641509434,1.0,0.22756598240469206,1.0,Toxic Repellent
LIC_02055,O=[N+]([O-])c1cc(Cl)ccc1NCc1ccccc1,1.0,0.43902439024390244,0.4339622641509434,1.0,0.0,1.0,Toxic Repellent
LIC_02054,O=C(NCCc1csc(-c2cccc(F)c2)n1)c1ccc([N+](=O)[O-])cc1Cl,1.0,0.6825396825396826,0.4339622641509434,1.0,0.03737839221710193,1.0,Toxic Repellent
LIC_02053,CCOc1ccc(N2C(=O)CC(Sc3ccccc3C(=O)O)C2=O)cc1,1.0,0.5000000000000001,0.4339622641509434,1.0,0.0,1.0,Toxic Repellent
LIC_02052,CCCOc1ccc(-c2csc(NC(=O)c3cccc(N4C(=O)CCC4=O)c3)n2)cc1,1.0,0.6825396825396826,0.4339622641509434,1.0,0.03737839221710193,1.0,Toxic Repellent
LIC_02051,O=c1oc2cc(O)ccc2c(O)c1-c1ccc(Br)cc1,1.0,0.43902439024390244,0.4339622641509434,1.0,0.0,1.0,Toxic Repellent
LIC_02050,CN1C(=O)CC(Sc2ccccc2C(=O)O)C1=O,1.0,0.3548387096774194,0.4339622641509434,1.0,0.0,1.0,Toxic Repellent
LIC_02049,COc1ccc(NC(=O)c2ccc(N3C(=O)CCC3=O)cc2)c2ccccc12,1.0,0.6825396825396826,0.4339622641509434,1.0,0.03737839221710193,1.0,Toxic Repellent
LIC_02048,O=C(O)c1ccccc1SC1CC(=O)N(c2cccc(C(F)(F)F)c2)C1=O,1.0,0.43902439024390244,0.4339622641509434,1.0,0.0,1.0,Toxic Repellent
LIC_02047,O=C(Nc1nc(-c2ccc3c(c2)OCO3)cs1)c1ccc(N2C(=O)CCC2=O)cc1,1.0,0.6825396825396826,0.4339622641509434,1.0,0.03737839221710193,1.0,Toxic Repellent
LIC_02046,Cn1ccnc1SCc1cc(=O)c(OC(=O)c2ccc(Cl)c([N+](=O)[O-])c2)co1,1.0,0.6825396825396826,0.4339622641509434,1.0,0.03737839221710193,1.0,Toxic Repellent
LIC_02045,O=C(O)c1ccccc1SC1CC(=O)N(CCc2ccccc2)C1=O,1.0,0.43902439024390244,0.4339622641509434,1.0,0.0,1.0,Toxic Repellent
LIC_02044,O=c1oc2cc(O)ccc2c(O)c1-c1ccc(Cl)cc1,1.0,0.43902439024390244,0.4339622641509434,1.0,0.0,1.0,Toxic Repellent
LIC_02043,COC(=O)c1ccccc1SC1CC(=O)N(c2ccc(N(C)C)cc2)C1=O,1.0,0.5000000000000001,0.4339622641509434,1.0,0.0,1.0,Toxic Repellent
LIC_02074,O=C(O)c1ccccc1SC1CC(=O)N(c2ccc(Br)cc2)C1=O,1.0,0.43902439024390244,0.4339622641509434,1.0,0.0,1.0,Toxic Repellent
LIC_02073,O=C(O)c1ccccc1SC1CC(=O)N(c2ccc(C(F)(F)F)cc2)C1=O,1.0,0.43902439024390244,0.4339622641509434,1.0,0.0,1.0,Toxic Repellent
LIC_02072,Nc1c(-c2ccccc2)sc2nc(-c3ccccc3)cc[n+]12,1.0,0.43902439024390244,0.4339622641509434,1.0,0.0,1.0,Toxic Repellent
LIC_02071,COC(=O)c1ccsc1N1C(=O)CC(Sc2ncccc2C(=O)O)C1=O,1.0,0.6825396825396826,0.4339622641509434,1.0,0.03737839221710193,1.0,Toxic Repellent
LIC_02070,CC(=O)Oc1ccc(N2C(=O)CC(Sc3ccccc3C(=O)O)C2=O)cc1,1.0,0.43902439024390244,0.4339622641509434,1.0,0.0,1.0,Toxic Repellent
LIC_02069,O=C(Nc1nc(-c2ccc3c(c2)OCO3)cs1)c1cccc(N2C(=O)CCC2=O)c1,1.0,0.6825396825396826,0.4339622641509434,1.0,0.03737839221710193,1.0,Toxic Repellent
LIC_02068,COc1ccc2[nH]c3c(c(=O)c2c1)CCCC3,1.0,0.43902439024390244,0.4339622641509434,1.0,0.0,1.0,Toxic Repellent
LIC_02067,O=C(CSc1nc2sc3c(c2c(=O)n1-c1ccccc1)CCCCC3)N1CCCCCC1,1.0,0.72,0.4339622641509434,1.0,0.07483870967741935,1.0,Toxic Repellent
LIC_02066,O=C(O)c1cccc(N2C(=O)CC(Sc3ccccc3C(=O)O)C2=O)c1,1.0,0.43902439024390244,0.4339622641509434,1.0,0.0,1.0,Toxic Repellent
LIC_02065,Cc1noc(-c2cccnc2Cl)n1,1.0,0.43902439024390244,0.4339622641509434,1.0,0.0,1.0,Toxic Repellent
LIC_02064,COc1cccc(NC(=O)CSC2CC(=O)N(c3cc(C)cc(C)c3)C2=O)c1,1.0,0.5000000000000001,0.4339622641509434,1.0,0.0,1.0,Toxic Repellent
LIC_02063,CCOC(=O)N1CCc2c(sc(NC(=O)c3cccc(N4C(=O)CCC4=O)c3)c2C(=O)OC)C1,1.0,0.8333333333333334,0.4339622641509434,1.0,0.18817204301075274,1.0,Toxic Repellent
LIC_02062,Cc1noc(-c2ccnc(Cl)c2)n1,1.0,0.5000000000000001,0.4339622641509434,1.0,0.0,1.0,Toxic Repellent
LIC_02061,CCOC(=O)N1CCc2c(sc(NC(=O)c3ccc(N4C(=O)CCC4=O)cc3)c2C(=O)OC)C1,1.0,0.8,0.4339622641509434,1.0,0.15483870967741942,1.0,Toxic Repellent
LIC_02060,O=C(O)c1ccccc1SC1CC(=O)N(c2ccc(F)c(Cl)c2)C1=O,1.0,0.5000000000000001,0.4339622641509434,1.0,0.0,1.0,Toxic Repellent
LIC_02059,COc1ccc(NC(=O)CSC2CC(=O)N(c3ccc(C)c(C)c3)C2=O)cc1,1.0,0.6825396825396826,0.4339622641509434,1.0,0.03737839221710193,1.0,Toxic Repellent
LIC_02091,Cc1cc(C)c(C#N)c(SCc2cc(=O)oc3cc(O)c(Cl)cc23)n1,1.0,0.5000000000000001,0.4339622641509434,1.0,0.0,1.0,Toxic Repellent
LIC_02090,C=CCc1cc2oc(-c3ccccc3)cc(=O)c2cc1O,1.0,0.41304347826086957,0.4339622641509434,1.0,0.0,1.0,Toxic Repellent
LIC_02089,CCN(CC)CCN(C(=O)c1cccc(N2C(=O)CCC2=O)c1)c1nc2c(F)cc(F)cc2s1,1.0,0.72,0.4339622641509434,1.0,0.07483870967741935,1.0,Toxic Repellent
LIC_02088,O=C(O)c1ccccc1SC1CC(=O)N(c2ccccc2OC(F)F)C1=O,1.0,0.5000000000000001,0.4339622641509434,1.0,0.0,1.0,Toxic Repellent
LIC_02087,CCOC(=O)c1sc(NC(=O)c2cccc(N3C(=O)CCC3=O)c2)nc1-c1ccccc1,1.0,0.6825396825396826,0.4339622641509434,1.0,0.03737839221710193,1.0,Toxic Repellent
LIC_02086,Cc1nc2ncccc2c(=O)n1-c1ccc(NC(=O)c2ccc([N+](=O)[O-])cc2Cl)cc1,1.0,0.8727272727272727,0.4339622641509434,1.0,0.22756598240469206,1.0,Toxic Repellent
LIC_02085,COc1ccc(NC2CC(=O)N(c3cccc4ccccc34)C2=O)cc1,1.0,0.5000000000000001,0.4339622641509434,1.0,0.0,1.0,Toxic Repellent
LIC_02084,O=C(O)c1ccccc1SC1CC(=O)N(c2ccc(Cl)cc2Cl)C1=O,1.0,0.5000000000000001,0.4339622641509434,1.0,0.0,1.0,Toxic Repellent
LIC_02083,O=C(O)c1ccccc1SC1CC(=O)N(c2cc(Cl)ccc2Cl)C1=O,1.0,0.5000000000000001,0.4339622641509434,1.0,0.0,1.0,Toxic Repellent
LIC_02082,Cc1nc2ncccc2c(=O)n1-c1ccc(F)c(NC(=O)c2ccc([N+](=O)[O-])cc2Cl)c1,1.0,0.875,0.4339622641509434,1.0,0.22983870967741937,1.0,Toxic Repellent
LIC_02081,Cc1ccc(N2C(=O)CC(Sc3ccccc3C(=O)O)C2=O)c(Br)c1,1.0,0.43902439024390244,0.4339622641509434,1.0,0.0,1.0,Toxic Repellent
LIC_02080,COc1ccc(N2C(=O)CC(Sc3ccccc3C(=O)O)C2=O)cc1Cl,1.0,0.5,0.4339622641509434,1.0,0.0,1.0,Toxic Repellent
LIC_02079,Cc1cc(-n2c(C)nc3ncccc3c2=O)ccc1NC(=O)c1ccc([N+](=O)[O-])cc1Cl,1.0,0.8727272727272727,0.4339622641509434,1.0,0.22756598240469206,1.0,Toxic Repellent
LIC_02078,CC(C)C(c1c(O)[nH]c(=S)[nH]c1=O)C(C#N)C#N,1.0,0.6825396825396826,0.4339622641509434,1.0,0.03737839221710193,1.0,Toxic Repellent
LIC_02077,COC(=O)c1ccccc1C(=O)Oc1coc(CSc2nnc(NC(=O)C3CC3)s2)cc1=O,1.0,0.72,0.4339622641509434,1.0,0.07483870967741935,1.0,Toxic Repellent
LIC_02075,CN(C)c1ccc(NC2CC(=O)N(c3cccc4ccccc34)C2=O)cc1,1.0,0.5000000000000001,0.4339622641509434,1.0,0.0,1.0,Toxic Repellent
LIC_02107,Cc1ccc(N2C(=O)CC(Sc3ncccc3C(=O)O)C2=O)c([N+](=O)[O-])c1,1.0,0.6825396825396826,0.4339622641509434,1.0,0.03737839221710193,1.0,Toxic Repellent
LIC_02106,Cc1cc(-c2nc3ccccc3[nH]2)c2ccccc2n1,1.0,0.41304347826086957,0.4339622641509434,1.0,0.0,1.0,Toxic Repellent
LIC_02105,COc1cc2nc(N(CCN(C)C)C(=O)c3cccc(N4C(=O)CCC4=O)c3)sc2cc1OC,1.0,0.6825396825396826,0.4339622641509434,1.0,0.03737839221710193,1.0,Toxic Repellent
LIC_02104,CCOC(=O)c1c(NC(=O)c2ccc(N3C(=O)CCC3=O)cc2)sc2c1CCN(C(=O)OCC)C2,1.0,0.8718602348242787,0.4339622641509434,1.0,0.22669894450169803,1.0,Toxic Repellent
LIC_02103,COC(=O)c1ccccc1N1C(=O)CC(Sc2ccccc2C(=O)O)C1=O,1.0,0.6825396825396826,0.4339622641509434,1.0,0.03737839221710193,1.0,Toxic Repellent
LIC_02102,O=C1CC(N2CCCc3ccccc32)C(=O)N1c1ccccc1Cl,1.0,0.43902439024390244,0.4339622641509434,1.0,0.0,1.0,Toxic Repellent
LIC_02101,COc1cccc(-c2ccc(C=O)cc2)c1,1.0,0.43902439024390244,0.4339622641509434,1.0,0.0,1.0,Toxic Repellent
LIC_02100,COc1ccc(-c2ccc(C=O)cc2)cc1,1.0,0.5000000000000001,0.4339622641509434,1.0,0.0,1.0,Toxic Repellent
LIC_02099,CCN1CCN(c2nc3ccc(OC(=O)c4cccc(N5C(=O)CCC5=O)c4)cc3s2)CC1,1.0,0.8,0.4339622641509434,1.0,0.15483870967741942,1.0,Toxic Repellent
LIC_02098,CCOC(=O)c1sc(NC(=O)c2ccc(N3C(=O)CCC3=O)cc2)nc1-c1ccccc1,1.0,0.6825396825396826,0.4339622641509434,1.0,0.03737839221710193,1.0,Toxic Repellent
LIC_02097,Nc1c(-c2ccccc2)sc2ccc3ccccc3[n+]12,1.0,0.43902439024390244,0.4339622641509434,1.0,0.0,1.0,Toxic Repellent
LIC_02096,COc1c2c(cc3c1C(CC(=O)c1ccc(C)cc1)N(C)CC3)OCO2,1.0,0.5000000000000001,0.4339622641509434,1.0,0.0,1.0,Toxic Repellent
LIC_02095,CCOC(=O)c1sc(-c2ccccc2)cc1NC(=O)c1cccc(N2C(=O)CCC2=O)c1,1.0,0.6825396825396826,0.4339622641509434,1.0,0.03737839221710193,1.0,Toxic Repellent
LIC_02094,CCOc1ccc(NC2CC(=O)N(C(C)c3ccccc3)C2=O)cc1,1.0,0.6825396825396826,0.4339622641509434,1.0,0.03737839221710193,1.0,Toxic Repellent
LIC_02093,CCOC(=O)c1cn(C)c2cc(N3CCCC3)c(F)cc2c1=O,1.0,0.5000000000000001,0.4339622641509434,1.0,0.0,1.0,Toxic Repellent
LIC_02092,CCOC(=O)c1c(NC(=O)c2cccc(N3C(=O)CCC3=O)c2)sc2c1CCN(C(=O)OCC)C2,1.0,0.8727272727272727,0.4339622641509434,1.0,0.22756598240469206,1.0,Toxic Repellent
LIC_02123,O=C(Nc1ccc(N2CCCCC2)cc1)c1ccc(Cl)cc1,1.0,0.43902439024390244,0.4339622641509434,1.0,0.0,1.0,Toxic Repellent
LIC_02122,CCOC(=O)c1ccccc1N1C(=O)CC(Sc2ccccc2C(=O)O)C1=O,1.0,0.6825396825396826,0.4339622641509434,1.0,0.03737839221710193,1.0,Toxic Repellent
LIC_02121,O=C(/C=C/c1cccs1)c1cc(Cl)ccc1O,1.0,0.43902439024390244,0.4339622641509434,1.0,0.0,1.0,Toxic Repellent
LIC_02120,CCOc1cccc2sc(=N)n(CC)c12,1.0,0.6825396825396826,0.4339622641509434,1.0,0.03737839221710193,1.0,Toxic Repellent
LIC_02119,COC(=O)c1c(N2C(=O)CC(Sc3ncccc3C(=O)O)C2=O)sc2c1CCCC2,1.0,0.8727272727272727,0.4339622641509434,1.0,0.22756598240469206,1.0,Toxic Repellent
LIC_02118,Cc1cccc(NC2CC(=O)N(c3ccc(Br)cc3)C2=O)c1,1.0,0.41304347826086957,0.4339622641509434,1.0,0.0,1.0,Toxic Repellent
LIC_02117,O=C1CC(Nc2ccc(N3CCCCC3)cc2)C(=O)N1Cc1ccccc1,1.0,0.6825396825396826,0.4339622641509434,1.0,0.03737839221710193,1.0,Toxic Repellent
LIC_02116,NC(=O)C1Cc2ccccc2N1C(=O)c1ccc(Cl)c([N+](=O)[O-])c1,1.0,0.6825396825396826,0.4339622641509434,1.0,0.03737839221710193,1.0,Toxic Repellent
LIC_02115,Cc1cccn2c(=O)c(/C=N/c3ccc([N+](=O)[O-])cc3Cl)c(NCc3ccco3)nc12,1.0,0.8727272727272727,0.4339622641509434,1.0,0.22756598240469206,1.0,Toxic Repellent
LIC_02114,CCN(CC)CCN(C(=O)c1cccc(N2C(=O)CCC2=O)c1)c1nc2c(OC)cccc2s1,1.0,0.8251145950185268,0.4339622641509434,1.0,0.17995330469594617,1.0,Toxic Repellent
LIC_02113,CCN(CC)CCN(C(=O)c1cccc(N2C(=O)CCC2=O)c1)c1nc2ccc(OC)cc2s1,1.0,0.7404539862640805,0.4339622641509434,1.0,0.09529269594149992,1.0,Toxic Repellent
LIC_02112,O=C(O)c1ccccc1SC1CC(=O)N(c2ccc(OC(F)(F)F)cc2)C1=O,1.0,0.5000000000000001,0.4339622641509434,1.0,0.0,1.0,Toxic Repellent
LIC_02111,O=C(O)c1cccnc1SC1CC(=O)N(c2ccc([N+](=O)[O-])cc2)C1=O,1.0,0.6825396825396826,0.4339622641509434,1.0,0.03737839221710193,1.0,Toxic Repellent
LIC_02110,O=C(O)c1ccccc1SC1CC(=O)N(c2ccccc2SC(F)(F)F)C1=O,1.0,0.6825396825396826,0.4339622641509434,1.0,0.03737839221710193,1.0,Toxic Repellent
LIC_02109,CN(C)CCN(C(=O)c1ccc(N2C(=O)CCC2=O)cc1)c1nc2cc3c(cc2s1)OCO3,1.0,0.6825396825396826,0.4339622641509434,1.0,0.03737839221710193,1.0,Toxic Repellent
LIC_02108,CC(C)(C)c1ccc(-c2cc(=O)c3cc(N)ccc3o2)cc1,1.0,0.43902439024390244,0.4339622641509434,1.0,0.0,1.0,Toxic Repellent
LIC_02139,Cc1ccc(N2C(=O)CC(Nc3ccc(F)cc3)C2=O)c(Br)c1,1.0,0.5,0.4339622641509434,1.0,0.0,1.0,Toxic Repellent
LIC_02138,O=C(O)c1cccnc1SC1CC(=O)N(c2ccc(Cl)cc2[N+](=O)[O-])C1=O,1.0,0.8727272727272727,0.4339622641509434,1.0,0.22756598240469206,1.0,Toxic Repellent
LIC_02137,O=C(c1cccc(N2C(=O)CCC2=O)c1)N(Cc1ccco1)c1nc2ccc(F)cc2s1,1.0,0.6825396825396826,0.4339622641509434,1.0,0.03737839221710193,1.0,Toxic Repellent
LIC_02136,Cc1ccc(C(=O)N(Cc2ccccc2)Cc2ccccc2)cc1,1.0,0.43902439024390244,0.4339622641509434,1.0,0.0,1.0,Toxic Repellent
LIC_02135,CCc1ccc(NC2CC(=O)N(c3ccccc3Cl)C2=O)cc1,1.0,0.5000000000000001,0.4339622641509434,1.0,0.0,1.0,Toxic Repellent
LIC_02134,c1ccc2nc(-c3nc4ccccc4s3)ccc2c1,1.0,0.43902439024390244,0.4339622641509434,1.0,0.0,1.0,Toxic Repellent
LIC_02133,COc1ccc(-c2coc3c(CN4CCCCCC4)c(O)ccc3c2=O)cc1,1.0,0.6825396825396826,0.4339622641509434,1.0,0.03737839221710193,1.0,Toxic Repellent
LIC_02132,CCOc1ccc(N2C(=O)CC(Sc3ncccc3C(=O)O)C2=O)c([N+](=O)[O-])c1,1.0,0.72,0.4339622641509434,1.0,0.07483870967741935,1.0,Toxic Repellent
LIC_02131,Cc1ccc(NC(=O)c2cccc(N3C(=O)CCC3=O)c2)c(C(=O)c2ccccc2)c1,1.0,0.6825396825396826,0.4339622641509434,1.0,0.03737839221710193,1.0,Toxic Repellent
LIC_02130,CN(C)CCCN(C(=O)c1cccc(N2C(=O)CCC2=O)c1)c1nc2cc3c(cc2s1)OCO3,1.0,0.6825396825396826,0.4339622641509434,1.0,0.03737839221710193,1.0,Toxic Repellent
LIC_02129,CC(=O)Cc1nsc(NC(=O)c2cc(-c3ccc(Cl)cc3[N+](=O)[O-])oc2C)n1,1.0,0.6825396825396826,0.4339622641509434,1.0,0.03737839221710193,1.0,Toxic Repellent
LIC_02128,COc1ccc(CCN2C(=O)CC(Sc3ccccc3C(=O)O)C2=O)cc1OC,1.0,0.5,0.4339622641509434,1.0,0.0,1.0,Toxic Repellent
LIC_02127,N#Cc1c(N2C(=O)CC(Sc3ccccc3C(=O)O)C2=O)sc2c1CCCC2,1.0,0.6825396825396826,0.4339622641509434,1.0,0.03737839221710193,1.0,Toxic Repellent
LIC_02126,Cc1ccc(-n2nnnc2CN2CCN(C(=O)Nc3ccc(Cl)c(Cl)c3)CC2)cc1,1.0,0.6825396825396826,0.4339622641509434,1.0,0.03737839221710193,1.0,Toxic Repellent
LIC_02125,COc1ccc(N2C(=O)CC(SCC(=O)Nc3cccc(Br)c3)C2=O)cc1,1.0,0.5000000000000001,0.4339622641509434,1.0,0.0,1.0,Toxic Repellent
LIC_02124,CCc1ccccc1NC(=O)CSC1CC(=O)N(c2ccc(C(=O)OC)cc2)C1=O,1.0,0.6825396825396826,0.4339622641509434,1.0,0.03737839221710193,1.0,Toxic Repellent
LIC_02155,Cc1ccc(NC(=O)c2ccc(N3C(=O)CCC3=O)cc2)c(C(=O)c2ccccc2)c1,1.0,0.6825396825396826,0.4339622641509434,1.0,0.03737839221710193,1.0,Toxic Repellent
LIC_02154,CCOCCn1c(=N)sc2cc(C)c(C)cc21,1.0,0.5000000000000001,0.4339622641509434,1.0,0.0,1.0,Toxic Repellent
LIC_02153,O=C(CN1C(=O)CCC1=O)C(=O)Nc1ccc(Br)cc1C(=O)c1ccccc1Cl,1.0,0.72,0.4339622641509434,1.0,0.07483870967741935,1.0,Toxic Repellent
LIC_02152,Cc1ccc(NC2CC(=O)N(CCc3ccccc3)C2=O)cc1,1.0,0.41304347826086957,0.4339622641509434,1.0,0.0,1.0,Toxic Repellent
LIC_02151,CN(C)c1ccc(NC2CC(=O)N(c3cccc(C(F)(F)F)c3)C2=O)cc1,1.0,0.5000000000000001,0.4339622641509434,1.0,0.0,1.0,Toxic Repellent
LIC_02150,CCc1cc2c(=O)c(-c3ccc4c(c3)OCCCO4)coc2cc1OC,1.0,0.5000000000000001,0.4339622641509434,1.0,0.0,1.0,Toxic Repellent
LIC_02149,O=C(Nc1ccc2c(c1)CCCN2C(=O)c1ccco1)c1ccc([N+](=O)[O-])cc1Cl,1.0,0.72,0.4339622641509434,1.0,0.07483870967741935,1.0,Toxic Repellent
LIC_02148,CCc1ccc(C(=O)Nc2ccc3c(c2)CCCN3C(=O)c2ccccc2)cc1,1.0,0.72,0.4339622641509434,1.0,0.07483870967741935,1.0,Toxic Repellent
LIC_02147,Cc1ccc(C(=O)CSc2nc3sc(C)c(C)c3c(=O)n2-c2ccccc2)cc1C,1.0,0.6825396825396826,0.4339622641509434,1.0,0.03737839221710193,1.0,Toxic Repellent
LIC_02146,COc1ccc2c(c1)C(=O)CC(c1ccccc1Cl)O2,1.0,0.43902439024390244,0.4339622641509434,1.0,0.0,1.0,Toxic Repellent
LIC_02145,CCOc1ccc2c(c1)sc(=N)n2CC,1.0,0.72,0.4339622641509434,1.0,0.07483870967741935,1.0,Toxic Repellent
LIC_02144,COc1ccc(Nc2ccc3c(=O)c(-c4ccccc4)coc3c2)cc1,1.0,0.6825396825396826,0.4339622641509434,1.0,0.03737839221710193,1.0,Toxic Repellent
LIC_02143,COC(=O)c1c(N2C(=O)CC(Sc3ncccc3C(=O)O)C2=O)sc2c1CCC(C)C2,1.0,0.8727272727272727,0.4339622641509434,1.0,0.22756598240469206,1.0,Toxic Repellent
LIC_02142,CCn1c(=N)sc2c(C)ccc(OC)c21,1.0,0.6825396825396826,0.4339622641509434,1.0,0.03737839221710193,1.0,Toxic Repellent
LIC_02141,CCOC(=O)c1ccc(N2C(=O)CC(Sc3ccccc3C(=O)O)C2=O)cc1,1.0,0.6825396825396826,0.4339622641509434,1.0,0.03737839221710193,1.0,Toxic Repellent
LIC_02140,Cc1oc2cc(OC(C)C)ccc2c(=O)c1-c1ccccc1,1.0,0.5000000000000001,0.4339622641509434,1.0,0.0,1.0,Toxic Repellent
LIC_02171,CC(=O)N1CCc2c(sc3nc(SCC(=O)Nc4cccc(C)c4)n(Cc4ccco4)c(=O)c23)C1,1.0,0.8727272727272727,0.4339622641509434,1.0,0.22756598240469206,1.0,Toxic Repellent
LIC_02170,CCOc1ccccc1N1C(=O)CC(Nc2ccc(CC)cc2)C1=O,1.0,0.6825396825396826,0.4339622641509434,1.0,0.03737839221710193,1.0,Toxic Repellent
LIC_02169,O=S(=O)(Nc1cc(Cl)c(O)c(Cl)c1Cl)c1ccccc1,1.0,0.8333333333333334,0.4339622641509434,1.0,0.18817204301075274,1.0,Toxic Repellent
LIC_02168,COc1cc(O)c2c(=O)cc(-c3ccccc3)oc2c1,1.0,0.41304347826086957,0.4339622641509434,1.0,0.0,1.0,Toxic Repellent
LIC_02167,CN1/C(=C/C2CC(=O)N(c3ccc([N+](=O)[O-])cc3)C2=O)C(C)(C)c2ccccc21,1.0,0.6825396825396826,0.4339622641509434,1.0,0.03737839221710193,1.0,Toxic Repellent
LIC_02166,COC(=O)c1ccsc1N1C(=O)CC(Sc2ccccc2C(=O)O)C1=O,1.0,0.6825396825396826,0.4339622641509434,1.0,0.03737839221710193,1.0,Toxic Repellent
LIC_02165,CCOc1ccc2c(=O)c(-c3ccccc3)coc2c1C,1.0,0.43902439024390244,0.4339622641509434,1.0,0.0,1.0,Toxic Repellent
LIC_02164,CCOc1ccc(/C=C/C(=O)N(CC(C)C)CC(C)C)cc1OC,1.0,0.920863309352518,0.4339622641509434,1.0,0.2757020190299374,1.0,Toxic Repellent
LIC_02163,Oc1ccc(/C=C/c2ccc(O)c(O)c2)cc1O,1.0,0.5,0.4339622641509434,1.0,0.0,1.0,Toxic Repellent
LIC_02162,COc1ccc2c(=O)cc(-c3ccc(C)cc3)oc2c1,1.0,0.41304347826086957,0.4339622641509434,1.0,0.0,1.0,Toxic Repellent
LIC_02161,CCCCN1C(=O)CCc2cc(NC(=O)c3ccc(Cl)cc3)ccc21,1.0,0.5000000000000001,0.4339622641509434,1.0,0.0,1.0,Toxic Repellent
LIC_02160,CCCCN1C(=O)CCc2cc(NC(=O)c3cccc(Cl)c3)ccc21,1.0,0.43902439024390244,0.4339622641509434,1.0,0.0,1.0,Toxic Repellent
LIC_02159,O=C1CC(Nc2ccc(N3CCOCC3)cc2)C(=O)N1c1cccc2ccccc12,1.0,0.6825396825396826,0.4339622641509434,1.0,0.03737839221710193,1.0,Toxic Repellent
LIC_02158,CCOCCn1c(=N)sc2c(C)cc(C)cc21,1.0,0.5000000000000001,0.4339622641509434,1.0,0.0,1.0,Toxic Repellent
LIC_02157,CCc1cc2c(=O)c(-c3ccc4c(c3)OCCO4)coc2cc1OC,1.0,0.5000000000000001,0.4339622641509434,1.0,0.0,1.0,Toxic Repellent
LIC_02156,CCOc1ccc2c(=O)c(-c3ccccc3)c(C)oc2c1C,1.0,0.43902439024390244,0.4339622641509434,1.0,0.0,1.0,Toxic Repellent
LIC_02187,COC(=O)c1cc(C)sc1N1C(=O)CC(Sc2ccccc2C(=O)O)C1=O,1.0,0.6825396825396826,0.4339622641509434,1.0,0.03737839221710193,1.0,Toxic Repellent
LIC_02186,CCOc1cc2occ(-c3ccc4c(c3)OCCO4)c(=O)c2cc1CC,1.0,0.6825396825396826,0.4339622641509434,1.0,0.03737839221710193,1.0,Toxic Repellent
LIC_02185,O=C(Nc1ccc(Cl)c(Cl)c1)N1CCn2cccc2C1c1cccs1,1.0,0.6825396825396826,0.4339622641509434,1.0,0.03737839221710193,1.0,Toxic Repellent
LIC_02184,COc1ccc(-c2cc(=O)c3cc(Br)ccc3o2)cc1OC,1.0,0.5000000000000001,0.4339622641509434,1.0,0.0,1.0,Toxic Repellent
LIC_02183,c1c[nH]c(-c2nc(-c3ccncc3)no2)c1,1.0,0.43902439024390244,0.4339622641509434,1.0,0.0,1.0,Toxic Repellent
LIC_02182,Cc1ccc2c(c1)C(=O)CC(c1ccccc1Cl)O2,1.0,0.3548387096774194,0.4339622641509434,1.0,0.0,1.0,Toxic Repellent
LIC_02181,Cc1nc2c(ccc3nc(NC(=O)c4ccc(N5C(=O)CCC5=O)cc4)sc32)s1,1.0,0.6825396825396826,0.4339622641509434,1.0,0.03737839221710193,1.0,Toxic Repellent
LIC_02180,COc1ccc2oc(-c3ccc(C)cc3)cc(=O)c2c1,1.0,0.41304347826086957,0.4339622641509434,1.0,0.0,1.0,Toxic Repellent
LIC_02179,CCOc1cc(-c2nnc(NC(=O)c3ccc(N4C(=O)CCC4=O)cc3)o2)cc(OCC)c1OCC,1.0,0.8727272727272727,0.4339622641509434,1.0,0.22756598240469206,1.0,Toxic Repellent
LIC_02178,CCOc1cccc2sc(N(CCN(CC)CC)C(=O)c3cccc(N4C(=O)CCC4=O)c3)nc12,1.0,0.8727272727272727,0.4339622641509434,1.0,0.22756598240469206,1.0,Toxic Repellent
LIC_02177,O=C(NN1C(=O)CSC1=S)C(=O)NN1C(=O)CSC1=S,1.0,0.8026053059279076,0.4339622641509434,1.0,0.15744401560532695,1.0,Toxic Repellent
LIC_02175,O=C(Nc1ccc2c(c1)CCCN2C(=O)c1cccs1)c1ccc([N+](=O)[O-])cc1Cl,1.0,0.8115203107569618,0.4339622641509434,1.0,0.16635902043438122,1.0,Toxic Repellent
LIC_02174,CCOCCn1c(=N)sc2cc(Br)ccc21,1.0,0.6825396825396826,0.4339622641509434,1.0,0.03737839221710193,1.0,Toxic Repellent
LIC_02173,CC(=O)Nc1ccc(NC(=O)c2ccc(-c3ccc([N+](=O)[O-])cc3Cl)o2)cc1,1.0,0.6825396825396826,0.4339622641509434,1.0,0.03737839221710193,1.0,Toxic Repellent
LIC_02172,CC(=O)N1CCc2c(sc3nc(SCC(=O)Nc4ccc(C)cc4)n(Cc4ccco4)c(=O)c23)C1,1.0,0.8727272727272727,0.4339622641509434,1.0,0.22756598240469206,1.0,Toxic Repellent
LIC_02203,COc1ccc2oc(-c3ccccc3Cl)cc(=O)c2c1,1.0,0.43902439024390244,0.4339622641509434,1.0,0.0,1.0,Toxic Repellent
LIC_02202,O=C(Nc1nc(-c2nc3ccccc3s2)cs1)c1cccc(N2C(=O)CCC2=O)c1,1.0,0.6825396825396826,0.4339622641509434,1.0,0.03737839221710193,1.0,Toxic Repellent
LIC_02201,COc1ccccc1-c1c(C)oc2cc(OCC=C(C)C)ccc2c1=O,1.0,0.7423643703709147,0.4339622641509434,1.0,0.09720308004833411,1.0,Toxic Repellent
LIC_02200,Cc1ccc2oc(-c3ccccc3F)cc(=O)c2c1,1.0,0.3548387096774194,0.4339622641509434,1.0,0.0,1.0,Toxic Repellent
LIC_02199,Cc1ccc(-c2cc(=O)c3cc(C)ccc3o2)cc1,1.0,0.3548387096774194,0.4339622641509434,1.0,0.0,1.0,Toxic Repellent
LIC_02198,CCOc1cc(-c2nnc(NC(=O)c3cccc(N4C(=O)CCC4=O)c3)o2)cc(OCC)c1OCC,1.0,0.8727272727272727,0.4339622641509434,1.0,0.22756598240469206,1.0,Toxic Repellent
LIC_02197,COC(=O)c1c(N2C(=O)CC(Sc3ccccc3C(=O)O)C2=O)sc(C)c1C,1.0,0.6825396825396826,0.4339622641509434,1.0,0.03737839221710193,1.0,Toxic Repellent
LIC_02196,CCN(CC)C(=O)Oc1ccc2ccccc2c1Cl,1.0,0.43902439024390244,0.4339622641509434,1.0,0.0,1.0,Toxic Repellent
LIC_02195,COc1ccccc1-c1coc2cc(OCC(=O)c3ccccc3)ccc2c1=O,1.0,0.6825396825396826,0.4339622641509434,1.0,0.03737839221710193,1.0,Toxic Repellent
LIC_02194,CCOc1ccc(NC2CC(=O)N(c3cccc(C(F)(F)F)c3)C2=O)cc1,1.0,0.5714285714285714,0.4339622641509434,1.0,0.0,1.0,Toxic Repellent
LIC_02193,CC(=O)N1CCc2c(sc3nc(SCC(=O)Nc4ccc(C)c(C)c4)n(Cc4ccco4)c(=O)c23)C1,1.0,0.8727272727272727,0.4339622641509434,1.0,0.22756598240469206,1.0,Toxic Repellent
LIC_02192,CCCC12COC(c3ccc(I)cc3)(OC1)OC2,1.0,0.6825396825396826,0.4339622641509434,1.0,0.03737839221710193,1.0,Toxic Repellent
LIC_02191,CC(=O)Nc1ccc(NC(=O)c2cc(-c3ccc(Cl)cc3[N+](=O)[O-])oc2C)cc1,1.0,0.72,0.4339622641509434,1.0,0.07483870967741935,1.0,Toxic Repellent
LIC_02190,O=c1ccc2cc(S(=O)(=O)Nc3cc(Cl)ccc3O)ccc2o1,1.0,0.6825396825396826,0.4339622641509434,1.0,0.03737839221710193,1.0,Toxic Repellent
LIC_02189,CCn1c(=N)sc2cc(C)ccc21,1.0,0.5000000000000001,0.4339622641509434,1.0,0.0,1.0,Toxic Repellent
LIC_02188,O=C(Nc1ccc2c(c1)CCC(=O)N2Cc1ccccc1)c1ccc(Cl)cc1,1.0,0.6825396825396826,0.4339622641509434,1.0,0.03737839221710193,1.0,Toxic Repellent
LIC_02219,O=c1cc(-c2ccccc2)oc2cc(Cl)ccc12,1.0,0.41304347826086957,0.4339622641509434,1.0,0.0,1.0,Toxic Repellent
LIC_02218,CCn1c(=N)sc2c(C)cc(C)cc21,1.0,0.5714285714285714,0.4339622641509434,1.0,0.0,1.0,Toxic Repellent
LIC_02217,Cc1ccn2cc(-c3ccc(NC(=O)c4ccc([N+](=O)[O-])cc4Cl)cc3)nc2n1,1.0,0.72,0.4339622641509434,1.0,0.07483870967741935,1.0,Toxic Repellent
LIC_02216,Cc1cccc(N2C(=O)CC(N(O)c3ccccc3)C2=O)c1C,1.0,0.43902439024390244,0.4339622641509434,1.0,0.0,1.0,Toxic Repellent
LIC_02215,O=Cc1ccc(Oc2ccc(C=O)cc2)cc1,1.0,0.6825396825396826,0.4339622641509434,1.0,0.03737839221710193,1.0,Toxic Repellent
LIC_02214,COc1ccc2oc(-c3ccc(Cl)cc3)cc(=O)c2c1,1.0,0.43902439024390244,0.4339622641509434,1.0,0.0,1.0,Toxic Repellent
LIC_02213,CCn1c(=N)sc2cc(SC)ccc21,1.0,0.6825396825396826,0.4339622641509434,1.0,0.03737839221710193,1.0,Toxic Repellent
LIC_02212,CC(C)CCCC(C)C1CCC2C3CC=C4CC(O)CCC4(C)C3CCC12C,1.0,0.6825396825396826,0.4339622641509434,1.0,0.03737839221710193,1.0,Toxic Repellent
LIC_02211,CCCc1ccc(C(=O)Nc2ccc3c(c2)CCCN3C(=O)c2ccccc2)cc1,1.0,0.6825396825396826,0.4339622641509434,1.0,0.03737839221710193,1.0,Toxic Repellent
LIC_02210,CN(C)S(=O)(=O)c1ccc2nc(NC(=O)c3ccc(N4C(=O)CCC4=O)cc3)sc2c1,1.0,0.8727272727272727,0.4339622641509434,1.0,0.22756598240469206,1.0,Toxic Repellent
LIC_02209,CCCc1cc2c(=O)c(-c3ccc4c(c3)OCCCO4)coc2cc1OC,1.0,0.6825396825396826,0.4339622641509434,1.0,0.03737839221710193,1.0,Toxic Repellent
LIC_02208,C=C(C)COc1ccc2c(=O)c(-c3ccccc3)coc2c1,1.0,0.5000000000000001,0.4339622641509434,1.0,0.0,1.0,Toxic Repellent
LIC_02207,O=C(Nc1ccc(Cl)cc1C(=O)c1ccccc1)c1ccc(N2C(=O)CCC2=O)cc1,1.0,0.6825396825396826,0.4339622641509434,1.0,0.03737839221710193,1.0,Toxic Repellent
LIC_02206,Cc1ccc(-c2cc(=O)c3cc(F)ccc3o2)cc1,1.0,0.41304347826086957,0.4339622641509434,1.0,0.0,1.0,Toxic Repellent
LIC_02205,CCCc1cc2c(=O)c(-c3ccc4c(c3)OCO4)c(C)oc2cc1OC,1.0,0.5000000000000001,0.4339622641509434,1.0,0.0,1.0,Toxic Repellent
LIC_02204,O=C(Nc1ccc(Cl)c(Cl)c1)N(CCc1cccs1)Cc1cccnc1,1.0,0.6825396825396826,0.4339622641509434,1.0,0.03737839221710193,1.0,Toxic Repellent
LIC_02235,CCc1ccc(NC2CC(=O)N(CCc3ccc(OC)c(OC)c3)C2=O)cc1,1.0,0.6825396825396826,0.4339622641509434,1.0,0.03737839221710193,1.0,Toxic Repellent
LIC_02234,Cc1ccc2oc(-c3ccc(Cl)cc3)cc(=O)c2c1,1.0,0.41304347826086957,0.4339622641509434,1.0,0.0,1.0,Toxic Repellent
LIC_02233,CN(C)S(=O)(=O)c1ccc2nc(NC(=O)c3cccc(N4C(=O)CCC4=O)c3)sc2c1,1.0,0.8333333333333334,0.4339622641509434,1.0,0.18817204301075274,1.0,Toxic Repellent
LIC_02232,Cc1nc(-c2ccc(NC(=O)c3sc(-c4ccccc4)nc3C)cc2)cs1,1.0,0.6825396825396826,0.4339622641509434,1.0,0.03737839221710193,1.0,Toxic Repellent
LIC_02231,CC(C)=CCOc1ccc2c(=O)c(-c3ccccc3)coc2c1,1.0,0.6825396825396826,0.4339622641509434,1.0,0.03737839221710193,1.0,Toxic Repellent
LIC_02230,O=C(Nc1ccc(Br)cc1C(=O)c1ccccc1)c1ccc(N2C(=O)CCC2=O)cc1,1.0,0.6825396825396826,0.4339622641509434,1.0,0.03737839221710193,1.0,Toxic Repellent
LIC_02229,O=c1cc(-c2ccccc2Cl)oc2ccc(F)cc12,1.0,0.43902439024390244,0.4339622641509434,1.0,0.0,1.0,Toxic Repellent
LIC_02228,O=C(NN1C(=O)CSC1=S)c1cccc2ccccc12,1.0,0.43902439024390244,0.4339622641509434,1.0,0.0,1.0,Toxic Repellent
LIC_02227,CCc1cccc(NC(=O)CSc2nc3sc4c(c3c(=O)n2Cc2ccco2)CCN(C(C)=O)C4)c1,1.0,0.8727272727272727,0.4339622641509434,1.0,0.22756598240469206,1.0,Toxic Repellent
LIC_02226,CCc1ccc(NC(=O)CSc2nc3sc4c(c3c(=O)n2Cc2ccco2)CCN(C(C)=O)C4)cc1,1.0,0.8727272727272727,0.4339622641509434,1.0,0.22756598240469206,1.0,Toxic Repellent
LIC_02225,CC(=O)c1cccc(NC(=O)CSc2nc3sc4c(c3c(=O)n2-c2ccccc2)CCC4)c1,1.0,0.72,0.4339622641509434,1.0,0.07483870967741935,1.0,Toxic Repellent
LIC_02224,Cc1nc2ccccc2c(=O)n1-c1cccc(NC(=O)c2ccc([N+](=O)[O-])cc2Cl)c1,1.0,0.72,0.4339622641509434,1.0,0.07483870967741935,1.0,Toxic Repellent
LIC_02223,O=C(Nc1cc2c3c(c1)CC(=O)N3CCC2)c1ccc(Cl)c([N+](=O)[O-])c1,1.0,0.6825396825396826,0.4339622641509434,1.0,0.03737839221710193,1.0,Toxic Repellent
LIC_02222,CCN(CC)C(=O)Oc1ccc(Cl)c2ccccc12,1.0,0.43902439024390244,0.4339622641509434,1.0,0.0,1.0,Toxic Repellent
LIC_02221,Cc1nc2ccccc2c(=O)n1-c1ccc(NC(=O)c2ccc([N+](=O)[O-])cc2Cl)cc1,1.0,0.72,0.4339622641509434,1.0,0.07483870967741935,1.0,Toxic Repellent
LIC_02220,O=c1oc2ccccc2c(O)c1C(C[N+](=O)[O-])c1c[nH]c2ccccc12,1.0,0.43902439024390244,0.4339622641509434,1.0,0.0,1.0,Toxic Repellent
LIC_02251,O=c1cc(-c2ccc(F)cc2)oc2ccc(Cl)cc12,1.0,0.43902439024390244,0.4339622641509434,1.0,0.0,1.0,Toxic Repellent
LIC_02250,O=c1cc(-c2ccccc2F)oc2ccc(Cl)cc12,1.0,0.41304347826086957,0.4339622641509434,1.0,0.0,1.0,Toxic Repellent
LIC_02249,O=S(=O)(Oc1ccccc1)c1ccc(Br)cc1,1.0,0.6825396825396826,0.4339622641509434,1.0,0.03737839221710193,1.0,Toxic Repellent
LIC_02248,CCCc1cc2c(=O)c(-c3ccc4c(c3)OCCCO4)coc2cc1OC(C)=O,1.0,0.6825396825396826,0.4339622641509434,1.0,0.03737839221710193,1.0,Toxic Repellent
LIC_02247,Cc1ccc(-c2cc(=O)c3cc(Br)ccc3o2)cc1,1.0,0.41304347826086957,0.4339622641509434,1.0,0.0,1.0,Toxic Repellent
LIC_02246,O=S(=O)(Oc1ccc(Cl)cc1)c1ccccc1,1.0,0.6825396825396826,0.4339622641509434,1.0,0.03737839221710193,1.0,Toxic Repellent
LIC_02245,CCn1c(=N)sc2cc(Cl)ccc21,1.0,0.5714285714285714,0.4339622641509434,1.0,0.0,1.0,Toxic Repellent
LIC_02244,O=C(CN1C(=O)CCC1=O)Nc1nc2c(cc3c4c(cccc42)CC3)s1,1.0,0.5000000000000001,0.4339622641509434,1.0,0.0,1.0,Toxic Repellent
LIC_02243,COc1ccc(-c2coc3cc(OCc4ccc(F)cc4)ccc3c2=O)cc1,1.0,0.75,0.4339622641509434,1.0,0.10483870967741937,1.0,Toxic Repellent
LIC_02242,COc1ccc(-c2coc3c(CN(C)Cc4ccccc4)c(O)ccc3c2=O)cc1OC,1.0,0.5000000000000001,0.4339622641509434,1.0,0.0,1.0,Toxic Repellent
LIC_02241,O=c1cc(-c2ccc(Cl)cc2)oc2ccc(F)cc12,1.0,0.43902439024390244,0.4339622641509434,1.0,0.0,1.0,Toxic Repellent
LIC_02240,COC(=O)c1ccccc1SC1CC(=O)N(c2sccc2C(=O)OC)C1=O,1.0,0.6825396825396826,0.4339622641509434,1.0,0.03737839221710193,1.0,Toxic Repellent
LIC_02239,CCOc1ccc(NC2CC(=O)N(c3ccc(SC(F)F)cc3)C2=O)cc1,1.0,0.6825396825396826,0.4339622641509434,1.0,0.03737839221710193,1.0,Toxic Repellent
LIC_02238,Cc1ccc(-c2cc(=O)c3cc(Cl)ccc3o2)cc1,1.0,0.37052527056504264,0.4339622641509434,1.0,0.0,1.0,Toxic Repellent
LIC_02237,COc1ccc2c(=O)cc(-c3ccc(Cl)cc3Cl)oc2c1,1.0,0.5000000000000001,0.4339622641509434,1.0,0.0,1.0,Toxic Repellent
LIC_02236,O=C(Nc1ccc(Cl)cc1[N+](=O)[O-])c1ccc(Br)cc1,1.0,0.5714285714285714,0.4339622641509434,1.0,0.0,1.0,Toxic Repellent
LIC_02267,Cc1ccc(C(=O)Nc2ccc3c(c2)N(C(=O)c2ccccc2)CCC3)cc1,1.0,0.6825396825396826,0.4339622641509434,1.0,0.03737839221710193,1.0,Toxic Repellent
LIC_02266,O=C1CC(N2CCN(c3ccc(F)cc3)CC2)C(=O)N1Cc1ccc2c(c1)OCO2,1.0,0.6825396825396826,0.4339622641509434,1.0,0.03737839221710193,1.0,Toxic Repellent
LIC_02265,O=C(Nc1cc2c3c(c1)CCC(=O)N3CCC2)c1ccc(Cl)c([N+](=O)[O-])c1,1.0,0.72,0.4339622641509434,1.0,0.07483870967741935,1.0,Toxic Repellent
LIC_02264,CCCC12COC(c3ccc(C#C[Si](C)(C)C)cc3)(OC1)OC2,1.0,0.8727272727272727,0.4339622641509434,1.0,0.22756598240469206,1.0,Toxic Repellent
LIC_02263,COc1ccc(C(=O)COc2ccc3c(=O)c(-c4ccccc4)coc3c2)cc1,1.0,0.6825396825396826,0.4339622641509434,1.0,0.03737839221710193,1.0,Toxic Repellent
LIC_02262,CCCN1CCCc2cc(CCNC(=O)c3ccc(Cl)cc3)ccc21,1.0,0.6825396825396826,0.4339622641509434,1.0,0.03737839221710193,1.0,Toxic Repellent
LIC_02261,O=C(Nc1ccc([N+](=O)[O-])cc1Cl)c1ccc(N2C(=O)c3ccccc3C2=O)cc1,1.0,0.72,0.4339622641509434,1.0,0.07483870967741935,1.0,Toxic Repellent
LIC_02260,COc1cccc2s/c(=N/C(=O)c3ccc(N4C(=O)CCC4=O)cc3)n(C)c12,1.0,0.6825396825396826,0.4339622641509434,1.0,0.03737839221710193,1.0,Toxic Repellent
LIC_02259,Cn1/c(=N\NC(=O)c2cccc(N3C(=O)CCC3=O)c2)sc2ccccc21,1.0,0.5714285714285714,0.4339622641509434,1.0,0.0,1.0,Toxic Repellent
LIC_02258,CCOC(=O)c1c(N2C(=O)CC(Sc3ccccc3C(=O)O)C2=O)sc(C)c1C,1.0,0.72,0.4339622641509434,1.0,0.07483870967741935,1.0,Toxic Repellent
LIC_02257,CC1C(=O)N2CCCc3cc(NC(=O)c4ccc(Cl)c([N+](=O)[O-])c4)cc1c32,1.0,0.6825396825396826,0.4339622641509434,1.0,0.03737839221710193,1.0,Toxic Repellent
LIC_02256,COc1ccccc1NC(=S)N1CCN(c2ccccc2)CC1,1.0,0.5000000000000001,0.4339622641509434,1.0,0.0,1.0,Toxic Repellent
LIC_02255,COc1cc(-c2cc(=O)c3cc(Cl)cc(Cl)c3o2)cc(OC)c1OC,1.0,0.6825396825396826,0.4339622641509434,1.0,0.03737839221710193,1.0,Toxic Repellent
LIC_02254,O=c1cc(-c2ccccc2F)oc2ccc(Br)cc12,1.0,0.41304347826086957,0.4339622641509434,1.0,0.0,1.0,Toxic Repellent
LIC_02253,O=C(Nc1cc2c3c(c1)CCN3C(=O)CC2)c1ccc(Cl)c([N+](=O)[O-])c1,1.0,0.6825396825396826,0.4339622641509434,1.0,0.03737839221710193,1.0,Toxic Repellent
LIC_02252,O=C(O)c1cccnc1SC1CC(=O)N(c2cccc3ccccc23)C1=O,1.0,0.6825396825396826,0.4339622641509434,1.0,0.03737839221710193,1.0,Toxic Repellent
LIC_02283,COc1ccc(-c2coc3cc(OCc4ccccc4C)ccc3c2=O)cc1OC,1.0,0.6855771277558022,0.4339622641509434,1.0,0.040415837433221524,1.0,Toxic Repellent
LIC_02282,Cc1ccc(-c2cc(=O)c3cc(Cl)cc(Cl)c3o2)cc1,1.0,0.43902439024390244,0.4339622641509434,1.0,0.0,1.0,Toxic Repellent
LIC_02281,O=c1cc(-c2ccc(Cl)cc2)oc2ccc(Cl)cc12,1.0,0.43902439024390244,0.4339622641509434,1.0,0.0,1.0,Toxic Repellent
LIC_02280,CCc1ccccc1NC(=S)NC(=O)c1ccccc1,1.0,0.3548387096774194,0.4339622641509434,1.0,0.0,1.0,Toxic Repellent
LIC_02279,COc1ccc(C(=O)COc2ccc3c(=O)c(-c4ccccc4OC)coc3c2)cc1,1.0,0.6825396825396826,0.4339622641509434,1.0,0.03737839221710193,1.0,Toxic Repellent
LIC_02278,C#CCn1/c(=N/C(=O)CN2C(=O)CCC2=O)sc2cc(S(N)(=O)=O)ccc21,1.0,0.8727272727272727,0.4339622641509434,1.0,0.22756598240469206,1.0,Toxic Repellent
LIC_02277,O=C(CN1C(=O)c2ccccc2S1(=O)=O)Nc1ccc(Cl)c([N+](=O)[O-])c1,1.0,0.6825396825396826,0.4339622641509434,1.0,0.03737839221710193,1.0,Toxic Repellent
LIC_02276,COc1ccc(NC(=S)N2CCN(c3ccc(OC)cc3)CC2)cc1,1.0,0.5714285714285714,0.4339622641509434,1.0,0.0,1.0,Toxic Repellent
LIC_02275,Cn1nc(-c2ccc(NC(=O)c3ccc(Cl)c([N+](=O)[O-])c3)cc2)ccc1=O,1.0,0.72,0.4339622641509434,1.0,0.07483870967741935,1.0,Toxic Repellent
LIC_02274,CCN(CC)S(=O)(=O)c1ccc2nc(NC(=O)c3ccc(N4C(=O)CCC4=O)cc3)sc2c1,1.0,0.72,0.4339622641509434,1.0,0.07483870967741935,1.0,Toxic Repellent
LIC_02273,O=c1cc(-c2ccccc2Cl)oc2ccc(Br)cc12,1.0,0.43902439024390244,0.4339622641509434,1.0,0.0,1.0,Toxic Repellent
LIC_02272,CCN(C(=O)CSc1nc2sc3c(c2c(=O)n1Cc1ccco1)CCN(C(C)=O)C3)c1ccccc1,1.0,0.8727272727272727,0.4339622641509434,1.0,0.22756598240469206,1.0,Toxic Repellent
LIC_02271,O=C(NCCc1c[nH]c2ccccc12)C(=O)NCCc1c[nH]c2ccccc12,1.0,0.5000000000000001,0.4339622641509434,1.0,0.0,1.0,Toxic Repellent
LIC_02270,Cc1ccc2oc(-c3ccc(Cl)cc3Cl)cc(=O)c2c1,1.0,0.43902439024390244,0.4339622641509434,1.0,0.0,1.0,Toxic Repellent
LIC_02269,Cc1cccc(C(=O)Nc2ccc3c(c2)N(C(=O)c2ccccc2)CCC3)c1,1.0,0.6825396825396826,0.4339622641509434,1.0,0.03737839221710193,1.0,Toxic Repellent
LIC_02268,Cc1ccc(CNc2cnn(-c3ccccc3)c(=O)c2Cl)cc1,1.0,0.43902439024390244,0.4339622641509434,1.0,0.0,1.0,Toxic Repellent
LIC_02299,CC(C(=O)Nc1ccc(Cl)c([N+](=O)[O-])c1)N1C(=O)c2ccccc2S1(=O)=O,1.0,0.8,0.4339622641509434,1.0,0.15483870967741942,1.0,Toxic Repellent
LIC_02298,Cn1/c(=N/C(=O)c2ccc(N3C(=O)CCC3=O)cc2)sc2cccc(F)c21,1.0,0.5000000000000001,0.4339622641509434,1.0,0.0,1.0,Toxic Repellent
LIC_02297,CC(C)c1ccc(S(=O)(=O)Nc2ccc(O)c(Cl)c2)cc1,1.0,0.72,0.4339622641509434,1.0,0.07483870967741935,1.0,Toxic Repellent
LIC_02296,O=C(Nc1ccc2c(c1)CCCN2C(=O)c1ccccc1)c1ccc(Cl)cc1,1.0,0.72,0.4339622641509434,1.0,0.07483870967741935,1.0,Toxic Repellent
LIC_02295,O=C(Nc1ccc2c(c1)N(C(=O)c1ccccc1)CCC2)c1ccc(Cl)cc1,1.0,0.72,0.4339622641509434,1.0,0.07483870967741935,1.0,Toxic Repellent
LIC_02294,CCCc1cc(C(=O)OC)c(N2C(=O)CC(Sc3ccccc3C(=O)O)C2=O)s1,1.0,0.6825396825396826,0.4339622641509434,1.0,0.03737839221710193,1.0,Toxic Repellent
LIC_02293,O=C(CCN1C(=O)c2ccccc2S1(=O)=O)Nc1ccc(Cl)c([N+](=O)[O-])c1,1.0,0.72,0.4339622641509434,1.0,0.07483870967741935,1.0,Toxic Repellent
LIC_02292,CCn1/c(=N/C(=O)CN2C(=O)CCC2=O)sc2c(C)cc(C)cc21,1.0,0.6825396825396826,0.4339622641509434,1.0,0.03737839221710193,1.0,Toxic Repellent
LIC_02291,C=CCn1/c(=N/C(=O)CN2C(=O)CCC2=O)sc2cc(S(N)(=O)=O)ccc21,1.0,0.8727272727272727,0.4339622641509434,1.0,0.22756598240469206,1.0,Toxic Repellent
LIC_02290,O=Cc1c(O)ccc2c(=O)c(-c3ccccc3)coc12,1.0,0.41304347826086957,0.4339622641509434,1.0,0.0,1.0,Toxic Repellent
LIC_02289,Cn1/c(=N\C(=O)c2ccc(N3C(=O)CCC3=O)cc2)sc2ccccc21,1.0,0.5000000000000001,0.4339622641509434,1.0,0.0,1.0,Toxic Repellent
LIC_02288,C=C(C)COc1cc2occ(-c3ccc4c(c3)OCCO4)c(=O)c2cc1CC,1.0,0.6825396825396826,0.4339622641509434,1.0,0.03737839221710193,1.0,Toxic Repellent
LIC_02287,O=C1CC2(CCN(C(=O)c3ccc(Cl)c([N+](=O)[O-])c3)CC2)Oc2ccccc21,1.0,0.72,0.4339622641509434,1.0,0.07483870967741935,1.0,Toxic Repellent
LIC_02286,O=S(=O)(Nc1c(Cl)c(Cl)c(O)c2ccccc12)c1ccccc1,1.0,0.8,0.4339622641509434,1.0,0.15483870967741942,1.0,Toxic Repellent
LIC_02285,O=c1cc(-c2ccc(Cl)cc2)oc2ccc(Br)cc12,1.0,0.43902439024390244,0.4339622641509434,1.0,0.0,1.0,Toxic Repellent
LIC_02284,O=C1CC(N(O)c2ccccc2)C(=O)N1Cc1ccccc1,1.0,0.41304347826086957,0.4339622641509434,1.0,0.0,1.0,Toxic Repellent
LIC_02315,COc1ccc(Nc2ccc3c(=O)c(-c4ccc(OC)c(OC)c4)coc3c2)c(OC)c1,1.0,0.6825396825396826,0.4339622641509434,1.0,0.03737839221710193,1.0,Toxic Repellent
LIC_02314,C=CCn1/c(=N/C(=O)CN2C(=O)CCC2=O)sc2cccc(C)c21,1.0,0.5000000000000001,0.4339622641509434,1.0,0.0,1.0,Toxic Repellent
LIC_02313,C=CCn1/c(=N/C(=O)CN2C(=O)CCC2=O)sc2cc(C)ccc21,1.0,0.5000000000000001,0.4339622641509434,1.0,0.0,1.0,Toxic Repellent
LIC_02312,COc1ccc(-c2coc3cc(OCc4cc(C)ccc4C)ccc3c2=O)cc1OC,1.0,0.72,0.4339622641509434,1.0,0.07483870967741935,1.0,Toxic Repellent
LIC_02311,CCc1cc2c(=O)c(-c3ccc4c(c3)OCCO4)coc2cc1OCC=C(C)C,1.0,0.729217160004153,0.4339622641509434,1.0,0.08405586968157241,1.0,Toxic Repellent
LIC_02310,CCCCCCc1cc2c(=O)c(-c3ccccc3)coc2cc1OC,1.0,0.6825396825396826,0.4339622641509434,1.0,0.03737839221710193,1.0,Toxic Repellent
LIC_02309,COc1ccc(S(=O)(=O)Nc2cc(Cl)ccc2O)c2ccccc12,1.0,0.6825396825396826,0.4339622641509434,1.0,0.03737839221710193,1.0,Toxic Repellent
LIC_02308,O=C(Nc1cccc2c1C(=O)NC2=O)c1cc(Cl)ccc1[N+](=O)[O-],1.0,0.5000000000000001,0.4339622641509434,1.0,0.0,1.0,Toxic Repellent
LIC_02307,Cc1ccc2c(c1)s/c(=N/C(=O)c1cccc(N3C(=O)CCC3=O)c1)n2C,1.0,0.5000000000000001,0.4339622641509434,1.0,0.0,1.0,Toxic Repellent
LIC_02306,Cn1/c(=N/C(=O)c2cccc(N3C(=O)CCC3=O)c2)sc2cccc(F)c21,1.0,0.5000000000000001,0.4339622641509434,1.0,0.0,1.0,Toxic Repellent
LIC_02305,Cn1/c(=N\C(=O)c2cccc(N3C(=O)CCC3=O)c2)sc2cc(F)ccc21,1.0,0.5000000000000001,0.4339622641509434,1.0,0.0,1.0,Toxic Repellent
LIC_02304,O=C(Nc1ccc(Oc2ccnc(C(=O)O)c2)cc1)Nc1ccc(Cl)c(C(F)(F)F)c1,1.0,0.875,0.4339622641509434,1.0,0.22983870967741937,1.0,Toxic Repellent
LIC_02303,c1ccc(Oc2cccc(Oc3ccccc3)c2)cc1,1.0,0.72,0.4339622641509434,1.0,0.07483870967741935,1.0,Toxic Repellent
LIC_02302,Cn1/c(=N/C(=O)CN2C(=O)CCC2=O)sc2cc(Cl)cc(Cl)c21,1.0,0.72,0.4339622641509434,1.0,0.07483870967741935,1.0,Toxic Repellent
LIC_02301,CN1C(=O)c2ccc(NC(=O)c3cc(Cl)ccc3[N+](=O)[O-])cc2C1=O,1.0,0.5000000000000001,0.4339622641509434,1.0,0.0,1.0,Toxic Repellent
LIC_02300,O=C(Nc1ccc(N2CCCCS2(=O)=O)cc1)c1ccc(Cl)c([N+](=O)[O-])c1,1.0,0.72,0.4339622641509434,1.0,0.07483870967741935,1.0,Toxic Repellent
LIC_02331,Cc1oc(-c2ccc(Cl)cc2[N+](=O)[O-])cc1-c1nnc(-c2ccco2)o1,1.0,0.6825396825396826,0.4339622641509434,1.0,0.03737839221710193,1.0,Toxic Repellent
LIC_02330,Cc1ccc(C)c2c1s/c(=N\C(=O)c1cccc(N3C(=O)CCC3=O)c1)n2C,1.0,0.6825396825396826,0.4339622641509434,1.0,0.03737839221710193,1.0,Toxic Repellent
LIC_02329,Cn1nc(-c2cccc(NC(=O)c3ccc(Cl)c([N+](=O)[O-])c3)c2)ccc1=O,1.0,0.6825396825396826,0.4339622641509434,1.0,0.03737839221710193,1.0,Toxic Repellent
LIC_02328,Cn1/c(=N/C(=O)c2cccc(N3C(=O)CCC3=O)c2)sc2cc(F)cc(F)c21,1.0,0.6825396825396826,0.4339622641509434,1.0,0.03737839221710193,1.0,Toxic Repellent
LIC_02327,O=C(Nc1ccc(Cl)c([N+](=O)[O-])c1)c1ccc(=O)n(Cc2ccccc2)c1,1.0,0.6825396825396826,0.4339622641509434,1.0,0.03737839221710193,1.0,Toxic Repellent
LIC_02326,O=C(Nc1ccc(Cl)c([N+](=O)[O-])c1)c1cccn(Cc2ccccc2)c1=O,1.0,0.6825396825396826,0.4339622641509434,1.0,0.03737839221710193,1.0,Toxic Repellent
LIC_02325,CC(NCC(O)Cn1c2ccccc2c2ccccc21)c1ccccc1,1.0,0.6825396825396826,0.4339622641509434,1.0,0.03737839221710193,1.0,Toxic Repellent
LIC_02324,Cc1cc(C)c2s/c(=N\C(=O)c3cccc(N4C(=O)CCC4=O)c3)n(C)c2c1,1.0,0.6825396825396826,0.4339622641509434,1.0,0.03737839221710193,1.0,Toxic Repellent
LIC_02323,COCCn1/c(=N/C(=O)CN2C(=O)CCC2=O)sc2cc(S(N)(=O)=O)ccc21,1.0,0.8727272727272727,0.4339622641509434,1.0,0.22756598240469206,1.0,Toxic Repellent
LIC_02322,Cc1cc(C)c2c(c1)s/c(=N/C(=O)c1cccc(N3C(=O)CCC3=O)c1)n2C,1.0,0.6825396825396826,0.4339622641509434,1.0,0.03737839221710193,1.0,Toxic Repellent
LIC_02321,COc1cccc2s/c(=N/C(=O)c3cccc(N4C(=O)CCC4=O)c3)n(C)c12,1.0,0.6825396825396826,0.4339622641509434,1.0,0.03737839221710193,1.0,Toxic Repellent
LIC_02320,COc1ccc(-c2coc3cc(OCc4cccc(Cl)c4)ccc3c2=O)cc1OC,1.0,0.6825396825396826,0.4339622641509434,1.0,0.03737839221710193,1.0,Toxic Repellent
LIC_02319,CCOc1ccc(S(=O)(=O)Nc2cc(Cl)ccc2O)cc1C,1.0,0.72,0.4339622641509434,1.0,0.07483870967741935,1.0,Toxic Repellent
LIC_02318,Nc1cc(Cl)c([N+](=O)[O-])cc1OCc1ccccc1,1.0,0.6825396825396826,0.4339622641509434,1.0,0.03737839221710193,1.0,Toxic Repellent
LIC_02317,CCCc1cc2c(=O)c(-c3ccc4c(c3)OCCO4)coc2cc1OC(=O)CC,1.0,0.6825396825396826,0.4339622641509434,1.0,0.03737839221710193,1.0,Toxic Repellent
LIC_02316,COc1ccc2c(c1)s/c(=N/C(=O)c1ccc(N3C(=O)CCC3=O)cc1)n2C,1.0,0.6825396825396826,0.4339622641509434,1.0,0.03737839221710193,1.0,Toxic Repellent
LIC_02347,CC(NC(=O)c1ccc(Cl)c([N+](=O)[O-])c1)c1ccccc1,1.0,0.5000000000000001,0.4339622641509434,1.0,0.0,1.0,Toxic Repellent
LIC_02346,Cc1ccccc1Cn1cc(C(=O)Nc2ccc(Cl)c([N+](=O)[O-])c2)ccc1=O,1.0,0.6825396825396826,0.4339622641509434,1.0,0.03737839221710193,1.0,Toxic Repellent
LIC_02345,CCn1/c(=N/C(=O)c2cccc(N3C(=O)CCC3=O)c2)sc2cccc(F)c21,1.0,0.6825396825396826,0.4339622641509434,1.0,0.03737839221710193,1.0,Toxic Repellent
LIC_02344,NC(=S)N/N=C/c1c(O)ccc2ccccc12,1.0,0.6825396825396826,0.4339622641509434,1.0,0.03737839221710193,1.0,Toxic Repellent
LIC_02343,CCn1/c(=N\C(=O)c2ccc(N3C(=O)CCC3=O)cc2)sc2cc(F)ccc21,1.0,0.6825396825396826,0.4339622641509434,1.0,0.03737839221710193,1.0,Toxic Repellent
LIC_02342,Cc1ccc2cc(CCNC(=O)c3ccc(Cl)c([N+](=O)[O-])c3)c(=O)[nH]c2c1,1.0,0.5714285714285714,0.4339622641509434,1.0,0.0,1.0,Toxic Repellent
LIC_02341,CC(=O)N1CCCc2ccc(NC(=O)c3ccc(Cl)c([N+](=O)[O-])c3)cc21,1.0,0.6825396825396826,0.4339622641509434,1.0,0.03737839221710193,1.0,Toxic Repellent
LIC_02340,O=[N+]([O-])c1cc(-c2ccc(C(=S)N3CCCCC3)o2)ccc1Cl,1.0,0.6825396825396826,0.4339622641509434,1.0,0.03737839221710193,1.0,Toxic Repellent
LIC_02339,COc1ccc(C)c2s/c(=N\C(=O)c3cccc(N4C(=O)CCC4=O)c3)n(C)c12,1.0,0.6825396825396826,0.4339622641509434,1.0,0.03737839221710193,1.0,Toxic Repellent
LIC_02338,O=C(CC1Sc2ccccc2NC1=O)Nc1ccc(Cl)c([N+](=O)[O-])c1,1.0,0.6825396825396826,0.4339622641509434,1.0,0.03737839221710193,1.0,Toxic Repellent
LIC_02337,Cn1/c(=N\C(=O)c2cccc(N3C(=O)CCC3=O)c2)sc2cccc(Cl)c21,1.0,0.6825396825396826,0.4339622641509434,1.0,0.03737839221710193,1.0,Toxic Repellent
LIC_02336,Cc1cc(OC(=O)c2ccc(Cl)c([N+](=O)[O-])c2)c([N+](=O)[O-])c(=O)[nH]1,1.0,0.5000000000000001,0.4339622641509434,1.0,0.0,1.0,Toxic Repellent
LIC_02335,COc1ccc(-c2coc3cc(OCCBr)ccc3c2=O)cc1,1.0,0.6825396825396826,0.4339622641509434,1.0,0.03737839221710193,1.0,Toxic Repellent
LIC_02334,Cc1cc(C)c2c(c1)s/c(=N/C(=O)c1ccc(N3C(=O)CCC3=O)cc1)n2C,1.0,0.6825396825396826,0.4339622641509434,1.0,0.03737839221710193,1.0,Toxic Repellent
LIC_02333,CCCOc1ccccc1N1C(=O)CC(N(O)c2ccccc2)C1=O,1.0,0.5000000000000001,0.4339622641509434,1.0,0.0,1.0,Toxic Repellent
LIC_02332,COc1ccc(C(=O)Oc2ccc3c(=O)c(-c4ccccc4OC)coc3c2)cc1OC,1.0,0.6825396825396826,0.4339622641509434,1.0,0.03737839221710193,1.0,Toxic Repellent
LIC_02363,O=C(Nc1ccc(Cl)c([N+](=O)[O-])c1)c1cccn(Cc2ccccc2F)c1=O,1.0,0.6825396825396826,0.4339622641509434,1.0,0.03737839221710193,1.0,Toxic Repellent
LIC_02362,O=C(Nc1ccc(Cl)c([N+](=O)[O-])c1)c1cccn(Cc2ccc(F)cc2)c1=O,1.0,0.6825396825396826,0.4339622641509434,1.0,0.03737839221710193,1.0,Toxic Repellent
LIC_02361,O=C(Nc1ccc(Cl)c([N+](=O)[O-])c1)c1ccc(=O)n(Cc2ccccc2F)c1,1.0,0.6825396825396826,0.4339622641509434,1.0,0.03737839221710193,1.0,Toxic Repellent
LIC_02360,O=C(Nc1ccc(Cl)c([N+](=O)[O-])c1)c1cccn(Cc2cccc(F)c2)c1=O,1.0,0.6825396825396826,0.4339622641509434,1.0,0.03737839221710193,1.0,Toxic Repellent
LIC_02359,O=C(c1ccc([N+](=O)[O-])cc1Cl)N1CCC2(CC1)OCCN2S(=O)(=O)c1cccs1,1.0,0.8727272727272727,0.4339622641509434,1.0,0.22756598240469206,1.0,Toxic Repellent
LIC_02358,CCOc1cccc2sc(N(CCn3cccn3)C(=O)c3cccc(N4C(=O)CCC4=O)c3)nc12,1.0,0.8333333333333334,0.4339622641509434,1.0,0.18817204301075274,1.0,Toxic Repellent
LIC_02357,CCc1cc2c(=O)c(-c3ccc4c(c3)OCCO4)coc2cc1OCC(=O)OC(C)C,1.0,0.6825396825396826,0.4339622641509434,1.0,0.03737839221710193,1.0,Toxic Repellent
LIC_02356,Cc1cccc(Cn2cc(C(=O)Nc3ccc(Cl)c([N+](=O)[O-])c3)ccc2=O)c1,1.0,0.6825396825396826,0.4339622641509434,1.0,0.03737839221710193,1.0,Toxic Repellent
LIC_02355,Cc1ccc(Cn2cccc(C(=O)Nc3ccc(Cl)c([N+](=O)[O-])c3)c2=O)cc1,1.0,0.6825396825396826,0.4339622641509434,1.0,0.03737839221710193,1.0,Toxic Repellent
LIC_02354,Cc1cccc(Cn2cccc(C(=O)Nc3ccc(Cl)c([N+](=O)[O-])c3)c2=O)c1,1.0,0.6825396825396826,0.4339622641509434,1.0,0.03737839221710193,1.0,Toxic Repellent
LIC_02353,N#C/C(=C\c1ccc(-c2ccc([N+](=O)[O-])cc2Cl)o1)C(=O)NCc1ccco1,1.0,0.6825396825396826,0.4339622641509434,1.0,0.03737839221710193,1.0,Toxic Repellent
LIC_02352,Cc1ccc2cc(CCNC(=O)c3ccc(Cl)c([N+](=O)[O-])c3)c(=O)[nH]c2c1C,1.0,0.6825396825396826,0.4339622641509434,1.0,0.03737839221710193,1.0,Toxic Repellent
LIC_02351,O=c1c(-c2ccccc2)coc2cc(OCCBr)ccc12,1.0,0.6825396825396826,0.4339622641509434,1.0,0.03737839221710193,1.0,Toxic Repellent
LIC_02350,S=C1NC(c2ccccc2)=CC(c2ccc(Cl)cc2)N1,1.0,0.43902439024390244,0.4339622641509434,1.0,0.0,1.0,Toxic Repellent
LIC_02349,COCCn1/c(=N/C(=O)c2ccc(N3C(=O)CCC3=O)cc2)sc2ccccc21,1.0,0.6825396825396826,0.4339622641509434,1.0,0.03737839221710193,1.0,Toxic Repellent
LIC_02348,Cc1ccccc1Cn1cccc(C(=O)Nc2ccc(Cl)c([N+](=O)[O-])c2)c1=O,1.0,0.6825396825396826,0.4339622641509434,1.0,0.03737839221710193,1.0,Toxic Repellent
LIC_02379,COc1cc(C)c(Br)cc1S(=O)(=O)Nc1cc(Cl)ccc1O,1.0,0.72,0.4339622641509434,1.0,0.07483870967741935,1.0,Toxic Repellent
LIC_02378,O=C(NCCOc1ccccc1)c1ccc(Cl)c([N+](=O)[O-])c1,1.0,0.6825396825396826,0.4339622641509434,1.0,0.03737839221710193,1.0,Toxic Repellent
LIC_02377,C#CCn1/c(=N/C(=O)c2cccc(N3C(=O)CCC3=O)c2)sc2cc(C)ccc21,1.0,0.5000000000000001,0.4339622641509434,1.0,0.0,1.0,Toxic Repellent
LIC_02376,COc1ccc(OC)c2c1s/c(=N\C(=O)c1cccc(N3C(=O)CCC3=O)c1)n2C,1.0,0.6825396825396826,0.4339622641509434,1.0,0.03737839221710193,1.0,Toxic Repellent
LIC_02375,CCN(CC)Cc1c(O)c(CN(CC)CC)c2oc(-c3ccccc3)cc(=O)c2c1O,1.0,0.6825396825396826,0.4339622641509434,1.0,0.03737839221710193,1.0,Toxic Repellent
LIC_02374,O=C(c1ccccc1F)N(C(=O)N1CCCCC1)c1cccc(Cl)c1,1.0,0.5000000000000001,0.4339622641509434,1.0,0.0,1.0,Toxic Repellent
LIC_02373,CCn1/c(=N/C(=O)c2cccc(N3C(=O)CCC3=O)c2)sc2cc(F)cc(F)c21,1.0,0.6825396825396826,0.4339622641509434,1.0,0.03737839221710193,1.0,Toxic Repellent
LIC_02372,O=C(c1ccccc1F)N(C(=O)N1CCCCC1)c1ccc(Cl)cc1,1.0,0.6825396825396826,0.4339622641509434,1.0,0.03737839221710193,1.0,Toxic Repellent
LIC_02371,Cc1cc2cc(CCNC(=O)c3ccc(Cl)c([N+](=O)[O-])c3)c(=O)[nH]c2cc1C,1.0,0.6825396825396826,0.4339622641509434,1.0,0.03737839221710193,1.0,Toxic Repellent
LIC_02370,O=C(Nc1ccc2c3c(cccc13)CC2)c1ccc(N2C(=O)CCC2=O)cc1,1.0,0.5000000000000001,0.4339622641509434,1.0,0.0,1.0,Toxic Repellent
LIC_02369,Cc1ccc(/C=C(/C#N)C(=O)Nc2ccc([N+](=O)[O-])cc2Cl)cc1,1.0,0.5000000000000001,0.4339622641509434,1.0,0.0,1.0,Toxic Repellent
LIC_02368,O=S(=O)(Nc1cc(Cl)ccc1O)c1cc(Cl)ccc1Cl,1.0,0.72,0.4339622641509434,1.0,0.07483870967741935,1.0,Toxic Repellent
LIC_02367,Cc1ccc(C)c2[nH]c(=O)c(CCNC(=O)c3ccc(Cl)c([N+](=O)[O-])c3)cc12,1.0,0.6825396825396826,0.4339622641509434,1.0,0.03737839221710193,1.0,Toxic Repellent
LIC_02366,COC(=O)Cn1/c(=N/C(=O)CN2C(=O)CCC2=O)sc2cc3c(cc21)OCCO3,1.0,0.6825396825396826,0.4339622641509434,1.0,0.03737839221710193,1.0,Toxic Repellent
LIC_02365,O=C(Nc1ccc(Cl)c([N+](=O)[O-])c1)c1ccc(=O)n(Cc2ccc(F)cc2)c1,1.0,0.6825396825396826,0.4339622641509434,1.0,0.03737839221710193,1.0,Toxic Repellent
LIC_02364,CCOc1ccc2c(c1)s/c(=N\C(=O)c1cccc(N3C(=O)CCC3=O)c1)n2C,1.0,0.6825396825396826,0.4339622641509434,1.0,0.03737839221710193,1.0,Toxic Repellent
LIC_02395,O=C(c1c(F)cccc1F)N(C(=O)N1CCCCC1)c1cccc(Cl)c1,1.0,0.6825396825396826,0.4339622641509434,1.0,0.03737839221710193,1.0,Toxic Repellent
LIC_02394,O=C(c1c(F)cccc1F)N(C(=O)N1CCCCC1)c1ccc(Cl)cc1,1.0,0.72,0.4339622641509434,1.0,0.07483870967741935,1.0,Toxic Repellent
LIC_02393,C#CCn1/c(=N/C(=O)c2cccc(N3C(=O)CCC3=O)c2)sc2cccc(OC)c21,1.0,0.6825396825396826,0.4339622641509434,1.0,0.03737839221710193,1.0,Toxic Repellent
LIC_02392,O=C(c1cccc(N2C(=O)CCC2=O)c1)N(Cc1cccnc1)c1nc2cc3c(cc2s1)OCO3,1.0,0.6825396825396826,0.4339622641509434,1.0,0.03737839221710193,1.0,Toxic Repellent
LIC_02391,COC(=O)Cn1/c(=N/C(=O)CN2C(=O)CCC2=O)sc2cc(S(N)(=O)=O)ccc21,1.0,0.8727272727272727,0.4339622641509434,1.0,0.22756598240469206,1.0,Toxic Repellent
LIC_02390,COc1ccccc1-c1coc2cc(OC(=O)c3cc(OC)c(OC)c(OC)c3)ccc2c1=O,1.0,0.6825396825396826,0.4339622641509434,1.0,0.03737839221710193,1.0,Toxic Repellent
LIC_02389,O=C(Nc1nc(-c2cc3ccccc3oc2=O)cs1)c1cccc(N2C(=O)CCC2=O)c1,1.0,0.6825396825396826,0.4339622641509434,1.0,0.03737839221710193,1.0,Toxic Repellent
LIC_02388,COc1ccc2cc(CCNC(=O)c3ccc(Cl)c([N+](=O)[O-])c3)c(=O)[nH]c2c1,1.0,0.6825396825396826,0.4339622641509434,1.0,0.03737839221710193,1.0,Toxic Repellent
LIC_02387,O=C(NCCOc1ccc(F)cc1)c1ccc(Cl)c([N+](=O)[O-])c1,1.0,0.6825396825396826,0.4339622641509434,1.0,0.03737839221710193,1.0,Toxic Repellent
LIC_02386,COc1cc2c(cc1OC)CN(C(=O)CSc1nc3sc4c(c3c(=O)n1-c1ccccc1)CCC4)CC2,1.0,0.8727272727272727,0.4339622641509434,1.0,0.22756598240469206,1.0,Toxic Repellent
LIC_02385,C#CCn1/c(=N/C(=O)c2cccc(N3C(=O)CCC3=O)c2)sc2cccc(C)c21,1.0,0.6825396825396826,0.4339622641509434,1.0,0.03737839221710193,1.0,Toxic Repellent
LIC_02384,O=C(O)c1ccc(NC(=O)c2ccc(Cl)c([N+](=O)[O-])c2)cc1,1.0,0.5000000000000001,0.4339622641509434,1.0,0.0,1.0,Toxic Repellent
LIC_02383,O=C(OCn1nnc2ccccc2c1=O)c1ccc(Cl)c([N+](=O)[O-])c1,1.0,0.72,0.4339622641509434,1.0,0.07483870967741935,1.0,Toxic Repellent
LIC_02382,CCn1/c(=N/C(=O)c2ccc(N3C(=O)CCC3=O)cc2)sc2cc(F)cc(F)c21,1.0,0.6825396825396826,0.4339622641509434,1.0,0.03737839221710193,1.0,Toxic Repellent
LIC_02381,CCOCCn1/c(=N/C(=O)c2cccc(N3C(=O)CCC3=O)c2)sc2ccccc21,1.0,0.6825396825396826,0.4339622641509434,1.0,0.03737839221710193,1.0,Toxic Repellent
LIC_02380,Cc1ccc(N(C(=O)c2ccc(Cl)c([N+](=O)[O-])c2)C2C=CS(=O)(=O)C2)cc1,1.0,0.72,0.4339622641509434,1.0,0.07483870967741935,1.0,Toxic Repellent
LIC_02411,COc1ccc(C(=O)COc2ccc3c(=O)c(-c4ccc5c(c4)OCCO5)coc3c2)cc1,1.0,0.6825396825396826,0.4339622641509434,1.0,0.03737839221710193,1.0,Toxic Repellent
LIC_02410,O=C(Nc1ccc([N+](=O)[O-])cc1Cl)c1cccn(OCc2ccc(F)cc2)c1=O,1.0,0.6825396825396826,0.4339622641509434,1.0,0.03737839221710193,1.0,Toxic Repellent
LIC_02409,COC(=O)Cn1/c(=N/C(=O)CN2C(=O)CCC2=O)sc2cc(S(C)(=O)=O)ccc21,1.0,0.8727272727272727,0.4339622641509434,1.0,0.22756598240469206,1.0,Toxic Repellent
LIC_02408,C=CCn1/c(=N/C(=O)c2ccc(N3C(=O)CCC3=O)cc2)sc2cc(S(C)(=O)=O)ccc21,1.0,0.8727272727272727,0.4339622641509434,1.0,0.22756598240469206,1.0,Toxic Repellent
LIC_02407,COC(=O)Cn1/c(=N/C(=O)c2cccc(N3C(=O)CCC3=O)c2)sc2cc(C)ccc21,1.0,0.6825396825396826,0.4339622641509434,1.0,0.03737839221710193,1.0,Toxic Repellent
LIC_02406,N#C/C(=C/c1ccc(Cl)cc1)C(=O)Nc1ccc([N+](=O)[O-])cc1Cl,1.0,0.6825396825396826,0.4339622641509434,1.0,0.03737839221710193,1.0,Toxic Repellent
LIC_02405,C=CCn1/c(=N/C(=O)c2cccc(N3C(=O)CCC3=O)c2)sc2cc(F)ccc21,1.0,0.6825396825396826,0.4339622641509434,1.0,0.03737839221710193,1.0,Toxic Repellent
LIC_02404,COc1ccc(-c2coc3cc(OCCBr)ccc3c2=O)cc1OC,1.0,0.6825396825396826,0.4339622641509434,1.0,0.03737839221710193,1.0,Toxic Repellent
LIC_02403,Cn1/c(=N\C(=O)c2cccc(N3C(=O)CCC3=O)c2)sc2cc3c(cc21)OCCO3,1.0,0.6825396825396826,0.4339622641509434,1.0,0.03737839221710193,1.0,Toxic Repellent
LIC_02402,COc1ccc(N(CC(O)CN2CCCCC2)S(=O)(=O)c2ccc(C)cc2)cc1,1.0,0.8333333333333334,0.4339622641509434,1.0,0.18817204301075274,1.0,Toxic Repellent
LIC_02401,CCOC(=O)Cn1/c(=N/C(=O)CN2C(=O)CCC2=O)sc2cc(S(N)(=O)=O)ccc21,1.0,0.8727272727272727,0.4339622641509434,1.0,0.22756598240469206,1.0,Toxic Repellent
LIC_02400,C=CCn1/c(=N/C(=O)CN2C(=O)CCC2=O)sc2cc(Br)ccc21,1.0,0.6825396825396826,0.4339622641509434,1.0,0.03737839221710193,1.0,Toxic Repellent
LIC_02399,COCCn1/c(=N/C(=O)c2cccc(N3C(=O)CCC3=O)c2)sc2cc(OC)ccc21,1.0,0.6825396825396826,0.4339622641509434,1.0,0.03737839221710193,1.0,Toxic Repellent
LIC_02398,O=C(c1ccc(N2C(=O)CCC2=O)cc1)N(Cc1cccnc1)c1nc2cc3c(cc2s1)OCO3,1.0,0.6825396825396826,0.4339622641509434,1.0,0.03737839221710193,1.0,Toxic Repellent
LIC_02397,Cc1cc(I)ccc1N1C(=O)CC(Nc2ccc(N3CCOCC3)cc2)C1=O,1.0,0.6825396825396826,0.4339622641509434,1.0,0.03737839221710193,1.0,Toxic Repellent
LIC_02396,CCn1/c(=N/C(=O)c2cccc(N3C(=O)CCC3=O)c2)sc2c(C)ccc(OC)c21,1.0,0.6825396825396826,0.4339622641509434,1.0,0.03737839221710193,1.0,Toxic Repellent
LIC_02427,O=C(Nc1ccc(Cl)cc1[N+](=O)[O-])c1cccn(OCc2ccc(F)cc2)c1=O,1.0,0.6825396825396826,0.4339622641509434,1.0,0.03737839221710193,1.0,Toxic Repellent
LIC_02426,C#CCn1/c(=N/C(=O)c2cccc(N3C(=O)CCC3=O)c2)sc2cc(OCC)ccc21,1.0,0.6825396825396826,0.4339622641509434,1.0,0.03737839221710193,1.0,Toxic Repellent
LIC_02425,C#CCn1/c(=N/C(=O)c2cccc(N3C(=O)CCC3=O)c2)sc2cccc(Cl)c21,1.0,0.6825396825396826,0.4339622641509434,1.0,0.03737839221710193,1.0,Toxic Repellent
LIC_02424,O=C(O)c1ccccc1SC1CC(=O)N(c2cccc3ccccc23)C1=O,1.0,0.43902439024390244,0.4339622641509434,1.0,0.0,1.0,Toxic Repellent
LIC_02423,CCOCCn1/c(=N/C(=O)c2cccc(N3C(=O)CCC3=O)c2)sc2cc(C)ccc21,1.0,0.6825396825396826,0.4339622641509434,1.0,0.03737839221710193,1.0,Toxic Repellent
LIC_02422,O=C(Nc1nc2ccc([N+](=O)[O-])cc2s1)c1ccc(N2C(=O)CCC2=O)cc1,1.0,0.6825396825396826,0.4339622641509434,1.0,0.03737839221710193,1.0,Toxic Repellent
LIC_02421,O=C(O)c1ccccc1SC1CC(=O)N(c2ccc(I)cc2)C1=O,1.0,0.43902439024390244,0.4339622641509434,1.0,0.0,1.0,Toxic Repellent
LIC_02420,COC(=O)Cn1/c(=N/C(=O)c2cccc(N3C(=O)CCC3=O)c2)sc2cc(F)ccc21,1.0,0.6825396825396826,0.4339622641509434,1.0,0.03737839221710193,1.0,Toxic Repellent
LIC_02419,O=C(NCCOc1ccc2c(c1)OCO2)c1ccc(Cl)c([N+](=O)[O-])c1,1.0,0.44618706797553914,0.4339622641509434,1.0,0.0,1.0,Toxic Repellent
LIC_02418,CN(C)c1ccc(CN(C(=O)c2ccc(Cl)c([N+](=O)[O-])c2)C2CCS(=O)(=O)C2)cc1,1.0,0.8727272727272727,0.4339622641509434,1.0,0.22756598240469206,1.0,Toxic Repellent
LIC_02417,CCOCCn1/c(=N/C(=O)c2cccc(N3C(=O)CCC3=O)c2)sc2cc(F)ccc21,1.0,0.6825396825396826,0.4339622641509434,1.0,0.03737839221710193,1.0,Toxic Repellent
LIC_02416,C#CCn1/c(=N/C(=O)c2cccc(N3C(=O)CCC3=O)c2)sc2cc(Cl)ccc21,1.0,0.6825396825396826,0.4339622641509434,1.0,0.03737839221710193,1.0,Toxic Repellent
LIC_02415,CCOc1cccc2s/c(=N/C(=O)c3ccc(N4C(=O)CCC4=O)cc3)n(CC)c12,1.0,0.72,0.4339622641509434,1.0,0.07483870967741935,1.0,Toxic Repellent
LIC_02414,C=CCn1/c(=N/C(=O)c2cccc(N3C(=O)CCC3=O)c2)sc2cccc(OC)c21,1.0,0.6825396825396826,0.4339622641509434,1.0,0.03737839221710193,1.0,Toxic Repellent
LIC_02413,C=CCn1/c(=N/C(=O)c2ccc(N3C(=O)CCC3=O)cc2)sc2cccc(OC)c21,1.0,0.6825396825396826,0.4339622641509434,1.0,0.03737839221710193,1.0,Toxic Repellent
LIC_02412,S=P(S)(c1ccccc1)c1ccccc1,1.0,0.6825396825396826,0.4339622641509434,1.0,0.03737839221710193,1.0,Toxic Repellent
LIC_02443,COc1ccc(/C=C(/C#N)C(=O)Nc2ccc(Cl)cc2[N+](=O)[O-])cc1OC,1.0,0.6825396825396826,0.4339622641509434,1.0,0.03737839221710193,1.0,Toxic Repellent
LIC_02442,O=C(c1ccc(Cl)c([N+](=O)[O-])c1)N(Cc1ccc(Cl)cc1)C1CCS(=O)(=O)C1,1.0,0.8727272727272727,0.4339622641509434,1.0,0.22756598240469206,1.0,Toxic Repellent
LIC_02441,C=CCn1/c(=N/C(=O)CN2C(=O)CCC2=O)sc2cc(C(=O)OCC)ccc21,1.0,0.6825396825396826,0.4339622641509434,1.0,0.03737839221710193,1.0,Toxic Repellent
LIC_02440,COC(=O)Cn1/c(=N/C(=O)c2cccc(N3C(=O)CCC3=O)c2)sc2c(C)cc(C)cc21,1.0,0.6825396825396826,0.4339622641509434,1.0,0.03737839221710193,1.0,Toxic Repellent
LIC_02439,COC(=O)Cn1/c(=N/C(=O)c2ccc(N3C(=O)CCC3=O)cc2)sc2c(C)cc(C)cc21,1.0,0.6825396825396826,0.4339622641509434,1.0,0.03737839221710193,1.0,Toxic Repellent
LIC_02438,C#CCn1/c(=N/C(=O)c2cccc(N3C(=O)CCC3=O)c2)sc2cccc(OCC)c21,1.0,0.6825396825396826,0.4339622641509434,1.0,0.03737839221710193,1.0,Toxic Repellent
LIC_02437,Cn1c(SCC(=O)c2ccccc2OC(F)F)nc2ccccc21,1.0,0.5000000000000001,0.4339622641509434,1.0,0.0,1.0,Toxic Repellent
LIC_02436,COc1ccc(CN(C)C(C)c2ccccc2)cc1OC,1.0,0.6825396825396826,0.4339622641509434,1.0,0.03737839221710193,1.0,Toxic Repellent
LIC_02435,COc1ccc(CN(C(=O)c2ccc(Cl)c([N+](=O)[O-])c2)C2CCS(=O)(=O)C2)cc1,1.0,0.8727272727272727,0.4339622641509434,1.0,0.22756598240469206,1.0,Toxic Repellent
LIC_02434,CCn1/c(=N/C(=O)c2cccc(N3C(=O)CCC3=O)c2)sc2c(OC)ccc(OC)c21,1.0,0.6825396825396826,0.4339622641509434,1.0,0.03737839221710193,1.0,Toxic Repellent
LIC_02433,CCn1/c(=N/C(=O)c2ccc(N3C(=O)CCC3=O)cc2)sc2c(OC)ccc(OC)c21,1.0,0.6825396825396826,0.4339622641509434,1.0,0.03737839221710193,1.0,Toxic Repellent
LIC_02432,Cc1cc(I)ccc1N1C(=O)CC(Sc2ccccc2C(=O)O)C1=O,1.0,0.5000000000000001,0.4339622641509434,1.0,0.0,1.0,Toxic Repellent
LIC_02431,Cc1cccc(NC(=O)c2sc(C)nc2-c2ccc([N+](=O)[O-])cc2)c1,1.0,0.43902439024390244,0.4339622641509434,1.0,0.0,1.0,Toxic Repellent
LIC_02430,COC(=O)Cn1/c(=N/C(=O)CN2C(=O)CCC2=O)sc2cc(C(=O)OC)ccc21,1.0,0.6825396825396826,0.4339622641509434,1.0,0.03737839221710193,1.0,Toxic Repellent
LIC_02429,O=C(Nc1ccc(Cl)c([N+](=O)[O-])c1)c1ccc(=O)n(Cc2cccc([N+](=O)[O-])c2)c1,1.0,0.6825396825396826,0.4339622641509434,1.0,0.03737839221710193,1.0,Toxic Repellent
LIC_02428,O=C(Nc1ccc(Cl)c([N+](=O)[O-])c1)c1cccn(Cc2cccc([N+](=O)[O-])c2)c1=O,1.0,0.6825396825396826,0.4339622641509434,1.0,0.03737839221710193,1.0,Toxic Repellent
LIC_02459,NC(=O)CSc1nnc(N2CCN(C(=O)c3ccc(Cl)c([N+](=O)[O-])c3)CC2)s1,1.0,0.8727272727272727,0.4339622641509434,1.0,0.22756598240469206,1.0,Toxic Repellent
LIC_02458,C#CCn1/c(=N/C(=O)c2cccc(N3C(=O)CCC3=O)c2)sc2cc(Br)ccc21,1.0,0.6825396825396826,0.4339622641509434,1.0,0.03737839221710193,1.0,Toxic Repellent
LIC_02457,CCCn1cc(C(=O)Nc2ccc(Oc3ccccc3)cc2)c(=O)c2ccc(C)nc21,1.0,0.72,0.4339622641509434,1.0,0.07483870967741935,1.0,Toxic Repellent
LIC_02456,COCCn1/c(=N/C(=O)c2ccc(N3C(=O)CCC3=O)cc2)sc2cc(Br)ccc21,1.0,0.6825396825396826,0.4339622641509434,1.0,0.03737839221710193,1.0,Toxic Repellent
LIC_02455,CCOC(=O)Cn1/c(=N/C(=O)c2cccc(N3C(=O)CCC3=O)c2)sc2cc(C)ccc21,1.0,0.6825396825396826,0.4339622641509434,1.0,0.03737839221710193,1.0,Toxic Repellent
LIC_02454,N#C/C(=C/c1cccc([N+](=O)[O-])c1)C(=O)Nc1ccc(Cl)cc1[N+](=O)[O-],1.0,0.6825396825396826,0.4339622641509434,1.0,0.03737839221710193,1.0,Toxic Repellent
LIC_02453,C#CCn1/c(=N/C(=O)c2cccc(N3C(=O)CCC3=O)c2)sc2cc(C(=O)OC)ccc21,1.0,0.6825396825396826,0.4339622641509434,1.0,0.03737839221710193,1.0,Toxic Repellent
LIC_02452,COc1cc2c(cc1OC)CN(C(=O)CSc1nc3sc4c(c3c(=O)n1-c1ccccc1)CCCCC4)CC2,1.0,0.875,0.4339622641509434,1.0,0.22983870967741937,1.0,Toxic Repellent
LIC_02451,CCc1ccc(CN(C(=O)c2ccc(Cl)c([N+](=O)[O-])c2)C2CCS(=O)(=O)C2)cc1,1.0,0.8727272727272727,0.4339622641509434,1.0,0.22756598240469206,1.0,Toxic Repellent
LIC_02450,CCOC(=O)Cn1/c(=N/C(=O)c2cccc(N3C(=O)CCC3=O)c2)sc2cccc(F)c21,1.0,0.6825396825396826,0.4339622641509434,1.0,0.03737839221710193,1.0,Toxic Repellent
LIC_02449,COc1ccc(OC)c2[nH]c(=O)c(CCNC(=O)c3ccc(Cl)c([N+](=O)[O-])c3)cc12,1.0,0.6825396825396826,0.4339622641509434,1.0,0.03737839221710193,1.0,Toxic Repellent
LIC_02448,O=C1CC(NNc2ccc([N+](=O)[O-])cc2)C(=O)N1c1cccc2ccccc12,1.0,0.6825396825396826,0.4339622641509434,1.0,0.03737839221710193,1.0,Toxic Repellent
LIC_02447,COC(=O)Cn1/c(=N/C(=O)c2cccc(N3C(=O)CCC3=O)c2)sc2cc(OC)ccc21,1.0,0.6825396825396826,0.4339622641509434,1.0,0.03737839221710193,1.0,Toxic Repellent
LIC_02446,Cc1nn(CC(O)COc2ccc(C(=O)c3ccccc3)cc2)c(C)c1Br,1.0,0.8727272727272727,0.4339622641509434,1.0,0.22756598240469206,1.0,Toxic Repellent
LIC_02445,CCOC(=O)Cn1/c(=N/C(=O)c2cccc(N3C(=O)CCC3=O)c2)sc2ccccc21,1.0,0.6825396825396826,0.4339622641509434,1.0,0.03737839221710193,1.0,Toxic Repellent
LIC_02444,O=C(Nc1cccc(C(F)(F)F)c1)c1ccc(NC(=O)c2ccc(Cl)cc2Cl)cc1,1.0,0.6825396825396826,0.4339622641509434,1.0,0.03737839221710193,1.0,Toxic Repellent
LIC_02475,C=CCn1/c(=N/C(=O)c2cccc(N3C(=O)CCC3=O)c2)sc2cc(C(=O)OC)ccc21,1.0,0.6825396825396826,0.4339622641509434,1.0,0.03737839221710193,1.0,Toxic Repellent
LIC_02474,N#C/C(=C\c1ccc(-c2ccc([N+](=O)[O-])cc2Cl)o1)C(=O)N1CCCCC1,1.0,0.72,0.4339622641509434,1.0,0.07483870967741935,1.0,Toxic Repellent
LIC_02473,O=C(Nc1nc(-c2ccc(-c3ccccc3)cc2)cs1)c1ccc(N2C(=O)CCC2=O)cc1,1.0,0.6825396825396826,0.4339622641509434,1.0,0.03737839221710193,1.0,Toxic Repellent
LIC_02472,COc1ccc(/C=C/C(=O)c2cc(C)ccc2O)c(OC)c1,1.0,0.5000000000000001,0.4339622641509434,1.0,0.0,1.0,Toxic Repellent
LIC_02471,Cc1ccc(-n2ncc3c(=O)n(NC(=O)c4ccc(Cl)c([N+](=O)[O-])c4)cnc32)cc1C,1.0,0.875,0.4339622641509434,1.0,0.22983870967741937,1.0,Toxic Repellent
LIC_02470,COCCn1/c(=N/C(=O)c2ccc(N3C(=O)CCC3=O)cc2)sc2cc(C(=O)OC)ccc21,1.0,0.6825396825396826,0.4339622641509434,1.0,0.03737839221710193,1.0,Toxic Repellent
LIC_02469,Cc1c(NS(=O)(=O)c2ccc(Cl)c([N+](=O)[O-])c2)c(=O)n(-c2ccccc2)n1C,1.0,0.8727272727272727,0.4339622641509434,1.0,0.22756598240469206,1.0,Toxic Repellent
LIC_02468,COc1cc([N+](=O)[O-])cc2sc(NC(=O)c3cccc(N4C(=O)CCC4=O)c3)nc12,1.0,0.6825396825396826,0.4339622641509434,1.0,0.03737839221710193,1.0,Toxic Repellent
LIC_02467,O=C(O)/C=C/c1ccc(-c2ccccc2)cc1,1.0,0.43902439024390244,0.4339622641509434,1.0,0.0,1.0,Toxic Repellent
LIC_02466,Cc1cccc(COc2ccc3c(C)cc(=O)oc3c2)c1,1.0,0.43902439024390244,0.4339622641509434,1.0,0.0,1.0,Toxic Repellent
LIC_02465,O=C(Nc1nc(-c2ccc([N+](=O)[O-])cc2)cs1)c1ccc(N2C(=O)CCC2=O)cc1,1.0,0.6825396825396826,0.4339622641509434,1.0,0.03737839221710193,1.0,Toxic Repellent
LIC_02464,COc1cc([N+](=O)[O-])cc2sc(NC(=O)c3ccc(N4C(=O)CCC4=O)cc3)nc12,1.0,0.6825396825396826,0.4339622641509434,1.0,0.03737839221710193,1.0,Toxic Repellent
LIC_02463,Cc1oc(-c2ccc(Cl)c([N+](=O)[O-])c2)cc1-c1nnc(-c2ccco2)o1,1.0,0.6825396825396826,0.4339622641509434,1.0,0.03737839221710193,1.0,Toxic Repellent
LIC_02462,O=C(Nn1cnc2c(cnn2-c2ccccc2)c1=O)c1ccc(Cl)c([N+](=O)[O-])c1,1.0,0.8727272727272727,0.4339622641509434,1.0,0.22756598240469206,1.0,Toxic Repellent
LIC_02461,O=C(NCC(c1ccco1)N1CCc2ccccc2C1)c1ccc([N+](=O)[O-])cc1Cl,1.0,0.8727272727272727,0.4339622641509434,1.0,0.22756598240469206,1.0,Toxic Repellent
LIC_02460,C#CCn1/c(=N/C(=O)c2ccc(N3C(=O)CCC3=O)cc2)sc2cc(Br)ccc21,1.0,0.6825396825396826,0.4339622641509434,1.0,0.03737839221710193,1.0,Toxic Repellent
LIC_02491,O=C(CN1C(=O)CCC1=O)Nc1nc(-c2ccc(Oc3ccccc3)cc2)cs1,1.0,0.6825396825396826,0.4339622641509434,1.0,0.03737839221710193,1.0,Toxic Repellent
LIC_02490,O=C1/C(=C\c2ccc(-c3ccc([N+](=O)[O-])cc3Cl)o2)SC(=S)N1N1CCOCC1,1.0,0.8727272727272727,0.4339622641509434,1.0,0.22756598240469206,1.0,Toxic Repellent
LIC_02489,Cc1ccc(C2=CC(c3ccc(Br)cc3)NC(=S)N2)cc1,1.0,0.5000000000000001,0.4339622641509434,1.0,0.0,1.0,Toxic Repellent
LIC_02488,CCc1ccc(N2C(=O)CC(Sc3ccccc3C(=O)OC)C2=O)cc1,1.0,0.5,0.4339622641509434,1.0,0.0,1.0,Toxic Repellent
LIC_02487,N#C/C(=C\c1ccc(-c2ccc(Cl)cc2[N+](=O)[O-])o1)C(=O)N1CCCCC1,1.0,0.72,0.4339622641509434,1.0,0.07483870967741935,1.0,Toxic Repellent
LIC_02486,C=CCn1/c(=N/C(=O)c2cccc(N3C(=O)CCC3=O)c2)sc2cc3c(cc21)OCCO3,1.0,0.6825396825396826,0.4339622641509434,1.0,0.03737839221710193,1.0,Toxic Repellent
LIC_02485,C#CCn1/c(=N/C(=O)c2ccc(N3C(=O)CCC3=O)cc2)sc2cc(C(=O)OCC)ccc21,1.0,0.6825396825396826,0.4339622641509434,1.0,0.03737839221710193,1.0,Toxic Repellent
LIC_02484,COc1cc(/C=C/C(=O)c2cc(Cl)ccc2O)cc(OC)c1OC,1.0,0.5000000000000001,0.4339622641509434,1.0,0.0,1.0,Toxic Repellent
LIC_02483,COc1ccccc1NC(=O)c1cc(-c2ccc(Cl)cc2[N+](=O)[O-])oc1C,1.0,0.6825396825396826,0.4339622641509434,1.0,0.03737839221710193,1.0,Toxic Repellent
LIC_02482,O=C(O)c1ccccc1SC1CC(=O)N(c2ccc([N+](=O)[O-])cc2)C1=O,1.0,0.43902439024390244,0.4339622641509434,1.0,0.0,1.0,Toxic Repellent
LIC_02481,O=C(/C=C/c1cc(Cl)cc(Cl)c1O)c1ccccc1,1.0,0.43902439024390244,0.4339622641509434,1.0,0.0,1.0,Toxic Repellent
LIC_02480,O=C(Nc1cccc2c1C(=O)c1ccccc1C2=O)c1ccc(N2C(=O)CCC2=O)cc1,1.0,0.6825396825396826,0.4339622641509434,1.0,0.03737839221710193,1.0,Toxic Repellent
LIC_02479,Cc1ccc(N2C(=O)CC(SCC(=O)Nc3ccc(S(N)(=O)=O)cc3)C2=O)cc1,1.0,0.6825396825396826,0.4339622641509434,1.0,0.03737839221710193,1.0,Toxic Repellent
LIC_02478,O=C(Nc1ccc2c(c1)C(=O)c1ccccc1C2=O)c1cccc(N2C(=O)CCC2=O)c1,1.0,0.6825396825396826,0.4339622641509434,1.0,0.03737839221710193,1.0,Toxic Repellent
LIC_02477,O=C(NCC(c1ccco1)N1CCc2ccccc21)c1ccc([N+](=O)[O-])cc1Cl,1.0,0.8727272727272727,0.4339622641509434,1.0,0.22756598240469206,1.0,Toxic Repellent
LIC_02476,COc1ccc(/C=C/C(=O)c2cc(Cl)ccc2O)cc1OC,1.0,0.6825396825396826,0.4339622641509434,1.0,0.03737839221710193,1.0,Toxic Repellent
LIC_02507,Cc1ccc(N2C(=O)CC(Sc3ccccc3C(=O)O)C2=O)c([N+](=O)[O-])c1,1.0,0.5000000000000001,0.4339622641509434,1.0,0.0,1.0,Toxic Repellent
LIC_02506,Cc1ccccc1NC(=O)CSc1nc2sc(C)c(C)c2c(=O)n1-c1ccccc1,1.0,0.6825396825396826,0.4339622641509434,1.0,0.03737839221710193,1.0,Toxic Repellent
LIC_02505,CC(=O)N1CCc2c(sc3nc(SCc4ccccc4)n(-c4ccc(C)c(Cl)c4)c(=O)c23)C1,1.0,0.8,0.4339622641509434,1.0,0.15483870967741942,1.0,Toxic Repellent
LIC_02504,CC(=O)N1CCc2c(sc3nc(SCC(=O)Nc4ccccc4F)n(-c4ccc(C)cc4)c(=O)c23)C1,1.0,0.6825396825396826,0.4339622641509434,1.0,0.03737839221710193,1.0,Toxic Repellent
LIC_02503,CC(=O)N1CCc2c(sc3nc(SCc4ccc(Cl)cc4)n(-c4ccccc4C)c(=O)c23)C1,1.0,0.8727272727272727,0.4339622641509434,1.0,0.22756598240469206,1.0,Toxic Repellent
LIC_02502,CC(=O)N1CCc2c(sc3nc(SCc4ccccc4)n(-c4ccc(F)c(Cl)c4)c(=O)c23)C1,1.0,0.72,0.4339622641509434,1.0,0.07483870967741935,1.0,Toxic Repellent
LIC_02501,O=C(c1ccc(Cl)c([N+](=O)[O-])c1)N(C(=O)N1CCCCC1)c1ccccc1,1.0,0.8,0.4339622641509434,1.0,0.15483870967741942,1.0,Toxic Repellent
LIC_02500,NS(=O)(=O)c1ccc(NC(=O)c2ccc(-c3ccc([N+](=O)[O-])cc3Cl)o2)cc1,1.0,0.8727272727272727,0.4339622641509434,1.0,0.22756598240469206,1.0,Toxic Repellent
LIC_02499,Cc1ccc(-n2ncc3c(=O)n(NC(=O)c4ccc(Cl)c([N+](=O)[O-])c4)cnc32)cc1,1.0,0.8727272727272727,0.4339622641509434,1.0,0.22756598240469206,1.0,Toxic Repellent
LIC_02498,CS(=O)(=O)c1ccc(-c2cccc(NC(=O)c3ccc([N+](=O)[O-])cc3Cl)c2)nn1,1.0,0.8727272727272727,0.4339622641509434,1.0,0.22756598240469206,1.0,Toxic Repellent
LIC_02497,CS(=O)(=O)c1ccc(-c2ccc(NC(=O)c3ccc([N+](=O)[O-])cc3Cl)cc2)nn1,1.0,0.8727272727272727,0.4339622641509434,1.0,0.22756598240469206,1.0,Toxic Repellent
LIC_02496,CC(=O)N1CCc2c(sc3nc(SCc4cccc([N+](=O)[O-])c4)n(-c4ccccc4C)c(=O)c23)C1,1.0,0.8727272727272727,0.4339622641509434,1.0,0.22756598240469206,1.0,Toxic Repellent
LIC_02495,Cc1ccc(S(=O)(=O)Oc2ccc(Cl)cc2)cc1,1.0,0.6825396825396826,0.4339622641509434,1.0,0.03737839221710193,1.0,Toxic Repellent
LIC_02494,COc1cccc(NC(=O)c2ccc(-c3ccc(Cl)cc3[N+](=O)[O-])o2)c1,1.0,0.5000000000000001,0.4339622641509434,1.0,0.0,1.0,Toxic Repellent
LIC_02493,CCOC(=O)CSc1nnc(NC(=O)c2ccc(Cl)c([N+](=O)[O-])c2)s1,1.0,0.6825396825396826,0.4339622641509434,1.0,0.03737839221710193,1.0,Toxic Repellent
LIC_02492,Cc1ccc([N+](=O)[O-])cc1N1C(=O)CC(Sc2ccccc2C(=O)O)C1=O,1.0,0.6825396825396826,0.4339622641509434,1.0,0.03737839221710193,1.0,Toxic Repellent
LIC_02523,CC(=O)N1CCc2c(sc3nc(SCc4c(F)cccc4Cl)n(-c4ccccc4C)c(=O)c23)C1,1.0,0.8727272727272727,0.4339622641509434,1.0,0.22756598240469206,1.0,Toxic Repellent
LIC_02522,O=C(Nc1cccc(-c2ccc(N3CCOCC3)nn2)c1)c1ccc(Cl)c([N+](=O)[O-])c1,1.0,0.8727272727272727,0.4339622641509434,1.0,0.22756598240469206,1.0,Toxic Repellent
LIC_02521,CC(=O)N1CCc2c(sc3nc(SCC(=O)Nc4ccccc4F)n(Cc4ccccc4)c(=O)c23)C1,1.0,0.72,0.4339622641509434,1.0,0.07483870967741935,1.0,Toxic Repellent
LIC_02520,O=C(CN1C(=O)CCC1=O)NC(=S)Nc1cccc(-c2nc3ccccc3o2)c1,1.0,0.5000000000000001,0.4339622641509434,1.0,0.0,1.0,Toxic Repellent
LIC_02519,O=C(Nc1c2c(nn1-c1ccccc1)CS(=O)C2)c1ccc(Cl)c([N+](=O)[O-])c1,1.0,0.8727272727272727,0.4339622641509434,1.0,0.22756598240469206,1.0,Toxic Repellent
LIC_02518,O=C(O)c1ccccc1SC1CC(=O)N(c2ccc(Cl)c(C(F)(F)F)c2)C1=O,1.0,0.6825396825396826,0.4339622641509434,1.0,0.03737839221710193,1.0,Toxic Repellent
LIC_02517,CC(=O)N1CCc2c(sc3nc(SCC(=O)Nc4ccccc4)n(-c4ccccc4C)c(=O)c23)C1,1.0,0.8727272727272727,0.4339622641509434,1.0,0.22756598240469206,1.0,Toxic Repellent
LIC_02516,Cc1oc(-c2ccc(Cl)cc2[N+](=O)[O-])cc1C(=O)Nc1ccc(S(N)(=O)=O)cc1,1.0,0.8727272727272727,0.4339622641509434,1.0,0.22756598240469206,1.0,Toxic Repellent
LIC_02515,CC(=O)N1CCc2c(sc3nc(SCC(=O)NCc4ccccc4)n(-c4ccc(C)cc4)c(=O)c23)C1,1.0,0.75,0.4339622641509434,1.0,0.10483870967741937,1.0,Toxic Repellent
LIC_02514,Cc1ccccc1-n1nc2c(c1NC(=O)c1ccc(Cl)c([N+](=O)[O-])c1)CS(=O)C2,1.0,0.8727272727272727,0.4339622641509434,1.0,0.22756598240469206,1.0,Toxic Repellent
LIC_02513,CC(=O)N1CCc2c(sc3nc(SCc4cccc(Br)c4)n(-c4ccccc4)c(=O)c23)C1,1.0,0.736868286236577,0.4339622641509434,1.0,0.09170699591399634,1.0,Toxic Repellent
LIC_02512,COC(=O)c1ccccc1SC1CC(=O)N(CCc2ccccc2)C1=O,1.0,0.43902439024390244,0.4339622641509434,1.0,0.0,1.0,Toxic Repellent
LIC_02511,CC(=O)c1cccc(NC(=O)c2cc(-c3ccc(Cl)cc3[N+](=O)[O-])oc2C)c1,1.0,0.6825396825396826,0.4339622641509434,1.0,0.03737839221710193,1.0,Toxic Repellent
LIC_02510,CC(=O)c1ccc(NC(=O)c2cc(-c3ccc(Cl)cc3[N+](=O)[O-])oc2C)cc1,1.0,0.6825396825396826,0.4339622641509434,1.0,0.03737839221710193,1.0,Toxic Repellent
LIC_02509,CCS(=O)(=O)c1ccc(-c2cccc(NC(=O)c3ccc([N+](=O)[O-])cc3Cl)c2)nn1,1.0,0.8333333333333334,0.4339622641509434,1.0,0.18817204301075274,1.0,Toxic Repellent
LIC_02508,CCS(=O)(=O)c1ccc(-c2ccc(NC(=O)c3ccc([N+](=O)[O-])cc3Cl)cc2)nn1,1.0,0.8727272727272727,0.4339622641509434,1.0,0.22756598240469206,1.0,Toxic Repellent
LIC_02539,COc1ccc(N2C(=O)CC(Sc3ccccc3C(=O)O)C2=O)c([N+](=O)[O-])c1,1.0,0.5000000000000001,0.4339622641509434,1.0,0.0,1.0,Toxic Repellent
LIC_02538,O=C(Oc1coc(CSc2ncccn2)cc1=O)c1ccc(Cl)c([N+](=O)[O-])c1,1.0,0.8551817860224301,0.4339622641509434,1.0,0.21002049569984949,1.0,Toxic Repellent
LIC_02537,O=S(=O)(Oc1ccc(Cl)cc1)c1ccc(Br)cc1,1.0,0.8333333333333334,0.4339622641509434,1.0,0.18817204301075274,1.0,Toxic Repellent
LIC_02536,CC(=O)N1CCc2c(sc3nc(SCC(=O)Nc4ccc(C)cc4C)n(Cc4ccccc4)c(=O)c23)C1,1.0,0.8727272727272727,0.4339622641509434,1.0,0.22756598240469206,1.0,Toxic Repellent
LIC_02535,CC(=O)N1CCc2c(sc3nc(SCC(=O)Nc4cc(F)ccc4F)n(Cc4ccccc4)c(=O)c23)C1,1.0,0.8727272727272727,0.4339622641509434,1.0,0.22756598240469206,1.0,Toxic Repellent
LIC_02534,O=C(CC1Sc2ccc(C(F)(F)F)cc2NC1=O)Nc1ccc(Cl)cc1[N+](=O)[O-],1.0,0.6825396825396826,0.4339622641509434,1.0,0.03737839221710193,1.0,Toxic Repellent
LIC_02533,CC(=O)N1CCc2c(sc3nc(SCC(=O)Nc4cccc(C)c4)n(Cc4ccccc4)c(=O)c23)C1,1.0,0.8,0.4339622641509434,1.0,0.15483870967741942,1.0,Toxic Repellent
LIC_02532,Cc1ccc(NC(=O)CSc2nc3sc(C)c(C)c3c(=O)n2-c2ccccc2)cc1,1.0,0.6825396825396826,0.4339622641509434,1.0,0.03737839221710193,1.0,Toxic Repellent
LIC_02531,COc1ccc(NC(=O)CSc2nc3sc4c(c3c(=O)n2-c2ccc(C)cc2)CCN(C(C)=O)C4)cc1,1.0,0.8727272727272727,0.4339622641509434,1.0,0.22756598240469206,1.0,Toxic Repellent
LIC_02530,NC(=O)c1oc2ccccc2c1NC(=O)c1ccc(Cl)c([N+](=O)[O-])c1,1.0,0.5478142615322473,0.4339622641509434,1.0,0.0,1.0,Toxic Repellent
LIC_02529,CCc1ccccc1NC(=O)CSc1nc2sc3c(c2c(=O)n1-c1ccccc1)CCN(C(C)=O)C3,1.0,0.8727272727272727,0.4339622641509434,1.0,0.22756598240469206,1.0,Toxic Repellent
LIC_02528,Cc1sc2nc(SCC(=O)NCCc3ccccc3)n(-c3ccccc3)c(=O)c2c1C,1.0,0.5714285714285714,0.4339622641509434,1.0,0.0,1.0,Toxic Repellent
LIC_02527,CC(=O)N1CCc2c(sc3nc(SCC(=O)Nc4ccc(C)cc4)n(-c4ccc(C)cc4)c(=O)c23)C1,1.0,0.6825396825396826,0.4339622641509434,1.0,0.03737839221710193,1.0,Toxic Repellent
LIC_02526,CC(=O)N1CCc2c(sc3nc(SCC(=O)Nc4ccccc4F)n(-c4ccccc4C)c(=O)c23)C1,1.0,0.8727272727272727,0.4339622641509434,1.0,0.22756598240469206,1.0,Toxic Repellent
LIC_02525,Cc1sc2nc(SCC(=O)NCc3ccccc3)n(-c3ccccc3)c(=O)c2c1C,1.0,0.6825396825396826,0.4339622641509434,1.0,0.03737839221710193,1.0,Toxic Repellent
LIC_02524,O=C(Nc1nc(-c2ccc(Oc3ccccc3)cc2)cs1)c1ccc(N2C(=O)CCC2=O)cc1,1.0,0.8727272727272727,0.4339622641509434,1.0,0.22756598240469206,1.0,Toxic Repellent
LIC_02555,CC(=O)N1CCc2c(sc3nc(SCC(=O)Nc4cc(F)ccc4F)n(-c4ccc(C)cc4)c(=O)c23)C1,1.0,0.8333333333333334,0.4339622641509434,1.0,0.18817204301075274,1.0,Toxic Repellent
LIC_02554,CC(=O)N1CCc2c(sc3nc(SCC(=O)Nc4ccc(F)cc4F)n(-c4ccc(C)cc4)c(=O)c23)C1,1.0,0.8387691959531466,0.4339622641509434,1.0,0.19360790563056596,1.0,Toxic Repellent
LIC_02553,CC(=O)N1CCc2c(sc3nc(SCC(=O)Nc4ccc(F)cc4)n(-c4ccc(C)cc4)c(=O)c23)C1,1.0,0.72,0.4339622641509434,1.0,0.07483870967741935,1.0,Toxic Repellent
LIC_02552,O=C(Nc1ccc(Cl)c([N+](=O)[O-])c1)c1cccc(S(=O)(=O)N2CCOCC2)c1,1.0,0.6825396825396826,0.4339622641509434,1.0,0.03737839221710193,1.0,Toxic Repellent
LIC_02551,Cc1ccc(-n2nc3c(c2NC(=O)c2ccc(Cl)c([N+](=O)[O-])c2)CS(=O)C3)c(C)c1,1.0,0.8727272727272727,0.4339622641509434,1.0,0.22756598240469206,1.0,Toxic Repellent
LIC_02550,Cc1csc(SCc2cc(=O)c(OC(=O)c3ccc(Cl)c([N+](=O)[O-])c3)co2)n1,1.0,0.6825396825396826,0.4339622641509434,1.0,0.03737839221710193,1.0,Toxic Repellent
LIC_02549,Cc1ccc(-n2nc3c(c2NC(=O)c2ccc(Cl)c([N+](=O)[O-])c2)CS(=O)(=O)C3)cc1,1.0,0.875,0.4339622641509434,1.0,0.22983870967741937,1.0,Toxic Repellent
LIC_02548,CC(=O)N1CCc2c(sc3nc(SCc4ccc(Br)cc4)n(-c4ccccc4C)c(=O)c23)C1,1.0,0.8727272727272727,0.4339622641509434,1.0,0.22756598240469206,1.0,Toxic Repellent
LIC_02547,CC(=O)N1CCc2c(sc3nc(SCC(=O)Nc4ccc(F)cc4)n(Cc4ccccc4)c(=O)c23)C1,1.0,0.8190804732427507,0.4339622641509434,1.0,0.17391918292017006,1.0,Toxic Repellent
LIC_02546,CC(=O)N1CCc2c(sc3nc(SCC(=O)Nc4ccc(F)cc4F)n(Cc4ccccc4)c(=O)c23)C1,1.0,0.8727272727272727,0.4339622641509434,1.0,0.22756598240469206,1.0,Toxic Repellent
LIC_02545,Cc1cccc(-n2nc3c(c2NC(=O)c2ccc(Cl)c([N+](=O)[O-])c2)CS(=O)C3)c1C,1.0,0.875,0.4339622641509434,1.0,0.22983870967741937,1.0,Toxic Repellent
LIC_02544,CN(Cc1ccccc1)Cc1c(O)ccc2c(=O)c(-c3ccccc3)coc12,1.0,0.5105224676030244,0.4339622641509434,1.0,0.0,1.0,Toxic Repellent
LIC_02543,Cc1c(Cc2ccc3c(c2)OCO3)sc(NC(=O)c2cccc(N3C(=O)CCC3=O)c2)c1C(N)=O,1.0,0.8727272727272727,0.4339622641509434,1.0,0.22756598240469206,1.0,Toxic Repellent
LIC_02542,CC(=O)N1CCc2c(sc3nc(SCC(=O)Nc4cc(C)ccc4C)n(-c4ccccc4C)c(=O)c23)C1,1.0,0.8727272727272727,0.4339622641509434,1.0,0.22756598240469206,1.0,Toxic Repellent
LIC_02541,CC(=O)N1CCc2c(sc3nc(SCC(=O)Nc4ccc(C)cc4C)n(-c4ccccc4C)c(=O)c23)C1,1.0,0.8727272727272727,0.4339622641509434,1.0,0.22756598240469206,1.0,Toxic Repellent
LIC_02540,O=C(Nc1c2c(nn1-c1ccc(F)cc1)CS(=O)C2)c1ccc(Cl)c([N+](=O)[O-])c1,1.0,0.875,0.4339622641509434,1.0,0.22983870967741937,1.0,Toxic Repellent
LIC_02571,CC(=O)N1CCc2c(sc3nc(SCC(=O)Nc4ccccc4Cl)n(-c4ccccc4C)c(=O)c23)C1,1.0,0.8727272727272727,0.4339622641509434,1.0,0.22756598240469206,1.0,Toxic Repellent
LIC_02570,COc1ccccc1-c1coc2cc(OCc3ccccc3)ccc2c1=O,1.0,0.72,0.4339622641509434,1.0,0.07483870967741935,1.0,Toxic Repellent
LIC_02569,CC(=O)N1CCc2c(sc3nc(SCC(=O)Nc4cc(C)cc(C)c4)n(Cc4ccccc4)c(=O)c23)C1,1.0,0.8727272727272727,0.4339622641509434,1.0,0.22756598240469206,1.0,Toxic Repellent
LIC_02568,CC(=O)N1CCc2c(sc3nc(SCC(=O)Nc4ccc(C)c(F)c4)n(-c4ccccc4C)c(=O)c23)C1,1.0,0.8727272727272727,0.4339622641509434,1.0,0.22756598240469206,1.0,Toxic Repellent
LIC_02567,COc1ccc(S(=O)(=O)C(CNC(=O)c2ccc([N+](=O)[O-])cc2Cl)c2cccs2)cc1,1.0,0.8727272727272727,0.4339622641509434,1.0,0.22756598240469206,1.0,Toxic Repellent
LIC_02566,Cc1ccnc(SCc2cc(=O)c(OC(=O)c3ccc(Cl)c([N+](=O)[O-])c3)co2)n1,1.0,0.8333333333333334,0.4339622641509434,1.0,0.18817204301075274,1.0,Toxic Repellent
LIC_02565,NS(=O)(=O)c1ccc(NC(=O)CSC2CC(=O)N(c3ccc(Br)cc3)C2=O)cc1,1.0,0.72,0.4339622641509434,1.0,0.07483870967741935,1.0,Toxic Repellent
LIC_02564,COc1ccccc1NC(=O)CSc1nc2sc3c(c2c(=O)n1-c1ccccc1C)CCN(C(C)=O)C3,1.0,0.875,0.4339622641509434,1.0,0.22983870967741937,1.0,Toxic Repellent
LIC_02563,CCc1ccccc1NC(=O)CSc1nc2sc3c(c2c(=O)n1-c1ccc(C)cc1)CCN(C(C)=O)C3,1.0,0.8727272727272727,0.4339622641509434,1.0,0.22756598240469206,1.0,Toxic Repellent
LIC_02562,CC(=O)N1CCc2c(sc3nc(SCC(=O)Nc4ccc(C)cc4)n(-c4ccccc4C)c(=O)c23)C1,1.0,0.8333333333333334,0.4339622641509434,1.0,0.18817204301075274,1.0,Toxic Repellent
LIC_02561,O=C(Nc1ccc(-c2ccc(N3CCOCC3)nn2)cc1)c1ccc(Cl)c([N+](=O)[O-])c1,1.0,0.8727272727272727,0.4339622641509434,1.0,0.22756598240469206,1.0,Toxic Repellent
LIC_02560,CCOc1ccc(N2C(=O)CC(Sc3ccccc3C(=O)O)C2=O)c([N+](=O)[O-])c1,1.0,0.6825396825396826,0.4339622641509434,1.0,0.03737839221710193,1.0,Toxic Repellent
LIC_02559,NNC(=O)c1ccc(-c2ccccc2)cc1,1.0,0.43902439024390244,0.4339622641509434,1.0,0.0,1.0,Toxic Repellent
LIC_02558,COc1ccc(C2c3cccn3CCN2C(=O)Nc2ccc(Cl)c(Cl)c2)cc1OC,1.0,0.72,0.4339622641509434,1.0,0.07483870967741935,1.0,Toxic Repellent
LIC_02557,O=C(Nc1nc2ccccc2s1)c1ccc(Cl)c([N+](=O)[O-])c1,1.0,0.5714285714285714,0.4339622641509434,1.0,0.0,1.0,Toxic Repellent
LIC_02556,CC(=O)N1CCc2c(sc3nc(SCC(=O)Nc4cc(F)ccc4F)n(-c4ccccc4C)c(=O)c23)C1,1.0,0.8727272727272727,0.4339622641509434,1.0,0.22756598240469206,1.0,Toxic Repellent
LIC_02587,CCc1ccc(NC(=O)CSc2nc3sc4c(c3c(=O)n2-c2ccc(C)cc2)CCN(C(C)=O)C4)cc1,1.0,0.8727272727272727,0.4339622641509434,1.0,0.22756598240469206,1.0,Toxic Repellent
LIC_02586,CC(=O)N1CCc2c(sc3nc(SCC(=O)Nc4cc(C)cc(C)c4)n(-c4ccccc4C)c(=O)c23)C1,1.0,0.8727272727272727,0.4339622641509434,1.0,0.22756598240469206,1.0,Toxic Repellent
LIC_02585,CC(=O)N1CCc2c(sc3nc(SCC(=O)Nc4cc(C)cc(C)c4)n(-c4ccc(C)cc4)c(=O)c23)C1,1.0,0.8333333333333334,0.4339622641509434,1.0,0.18817204301075274,1.0,Toxic Repellent
LIC_02584,Cc1cc(S(=O)(=O)C(CNC(=O)c2ccc([N+](=O)[O-])cc2Cl)c2cccs2)ccc1F,1.0,0.8727272727272727,0.4339622641509434,1.0,0.22756598240469206,1.0,Toxic Repellent
LIC_02583,COc1ccc(NC(=O)CSc2nc3sc4c(c3c(=O)n2Cc2ccccc2)CCN(C(C)=O)C4)cc1,1.0,0.8727272727272727,0.4339622641509434,1.0,0.22756598240469206,1.0,Toxic Repellent
LIC_02582,COc1ccc(-c2coc3cc(Nc4ccc(C)cc4)ccc3c2=O)cc1,1.0,0.6825396825396826,0.4339622641509434,1.0,0.03737839221710193,1.0,Toxic Repellent
LIC_02581,COc1ccc(CCN2C(=O)CC(NNc3ccc([N+](=O)[O-])cc3)C2=O)cc1OC,1.0,0.6825396825396826,0.4339622641509434,1.0,0.03737839221710193,1.0,Toxic Repellent
LIC_02580,COc1cccc(NC(=O)CSc2nc3sc4c(c3c(=O)n2Cc2ccccc2)CCN(C(C)=O)C4)c1,1.0,0.8727272727272727,0.4339622641509434,1.0,0.22756598240469206,1.0,Toxic Repellent
LIC_02579,CC(=O)N1CCc2c(sc3nc(SCC(=O)Nc4ccc(C(C)C)cc4)n(-c4ccccc4)c(=O)c23)C1,1.0,0.8593643964128422,0.4339622641509434,1.0,0.2142031060902616,1.0,Toxic Repellent
LIC_02578,COc1ccc(CCNC(=O)c2ccc(-c3ccc([N+](=O)[O-])cc3Cl)o2)cc1OC,1.0,0.6825396825396826,0.4339622641509434,1.0,0.03737839221710193,1.0,Toxic Repellent
LIC_02577,CC(=O)c1ccc(NC(=O)CSc2nc3sc4c(c3c(=O)n2-c2ccc(C)cc2)CCN(C(C)=O)C4)cc1,1.0,0.8727272727272727,0.4339622641509434,1.0,0.22756598240469206,1.0,Toxic Repellent
LIC_02576,CC(=O)c1ccc(NC(=O)CSc2nc3sc4c(c3c(=O)n2-c2ccccc2C)CCN(C(C)=O)C4)cc1,1.0,0.875,0.4339622641509434,1.0,0.22983870967741937,1.0,Toxic Repellent
LIC_02575,COc1ccc(-c2ccc(NC(=O)c3ccc(Cl)c([N+](=O)[O-])c3)cc2)nn1,1.0,0.6825396825396826,0.4339622641509434,1.0,0.03737839221710193,1.0,Toxic Repellent
LIC_02574,O=C(Nc1c2c(nn1-c1ccccc1)CS(=O)(=O)C2)c1ccc(Cl)c([N+](=O)[O-])c1,1.0,0.875,0.4339622641509434,1.0,0.22983870967741937,1.0,Toxic Repellent
LIC_02573,O=C(Nc1ncc(S(=O)(=O)c2ccc([N+](=O)[O-])cc2)s1)c1ccc(N2C(=O)CCC2=O)cc1,1.0,0.8727272727272727,0.4339622641509434,1.0,0.22756598240469206,1.0,Toxic Repellent
LIC_02572,O=C(Nc1c2c(nn1-c1cccc(Cl)c1)CS(=O)C2)c1ccc(Cl)c([N+](=O)[O-])c1,1.0,0.8727272727272727,0.4339622641509434,1.0,0.22756598240469206,1.0,Toxic Repellent
LIC_02603,COc1ccc(NC(=O)CSc2nc3sc4c(c3c(=O)n2-c2ccccc2C)CCN(C(C)=O)C4)cc1,1.0,0.875,0.4339622641509434,1.0,0.22983870967741937,1.0,Toxic Repellent
LIC_02602,Cc1nn(S(=O)(=O)c2ccc(Cl)c([N+](=O)[O-])c2)c(C)c1S(=O)(=O)N1CCOCC1,1.0,0.920863309352518,0.4339622641509434,1.0,0.2757020190299374,1.0,Toxic Repellent
LIC_02601,CC(=O)N1CCc2c(sc3nc(SCC(=O)Nc4cccc(Cl)c4)n(Cc4ccccc4)c(=O)c23)C1,1.0,0.8,0.4339622641509434,1.0,0.15483870967741942,1.0,Toxic Repellent
LIC_02600,CC(=O)c1cccc(NC(=O)CSc2nc3sc4c(c3c(=O)n2-c2ccc(C)cc2)CCN(C(C)=O)C4)c1,1.0,0.8727272727272727,0.4339622641509434,1.0,0.22756598240469206,1.0,Toxic Repellent
LIC_02599,O=C(COc1ccc2c(=O)c(-c3ccccc3)coc2c1)c1ccccc1,1.0,0.6825396825396826,0.4339622641509434,1.0,0.03737839221710193,1.0,Toxic Repellent
LIC_02598,Cc1ccc(COc2ccc3c(=O)c(-c4ccccc4)coc3c2)cc1,1.0,0.6825396825396826,0.4339622641509434,1.0,0.03737839221710193,1.0,Toxic Repellent
LIC_02597,COc1ccc(-c2coc3c(CN(C)Cc4ccccc4)c(O)ccc3c2=O)cc1,1.0,0.6825396825396826,0.4339622641509434,1.0,0.03737839221710193,1.0,Toxic Repellent
LIC_02596,CC(=O)N1CCc2c(sc3nc(SCC(=O)Nc4ccc(C)c(C)c4)n(-c4ccccc4C)c(=O)c23)C1,1.0,0.8727272727272727,0.4339622641509434,1.0,0.22756598240469206,1.0,Toxic Repellent
LIC_02595,COc1ccc(-n2nc3c(c2NC(=O)c2ccc(Cl)c([N+](=O)[O-])c2)CS(=O)C3)cc1,1.0,0.8727272727272727,0.4339622641509434,1.0,0.22756598240469206,1.0,Toxic Repellent
LIC_02594,Cc1cc(C)nc(SCc2cc(=O)c(OC(=O)c3ccc(Cl)c([N+](=O)[O-])c3)co2)n1,1.0,0.8727272727272727,0.4339622641509434,1.0,0.22756598240469206,1.0,Toxic Repellent
LIC_02593,Cc1cccc(-n2nc3c(c2NC(=O)c2ccc(Cl)c([N+](=O)[O-])c2)CS(=O)(=O)C3)c1C,1.0,0.920863309352518,0.4339622641509434,1.0,0.2757020190299374,1.0,Toxic Repellent
LIC_02592,O=C(NCc1nnnn1-c1ccc(F)cc1)c1ccc(Cl)c([N+](=O)[O-])c1,1.0,0.6825396825396826,0.4339622641509434,1.0,0.03737839221710193,1.0,Toxic Repellent
LIC_02591,Cc1ccc(S(=O)(=O)N2CCOC23CCN(C(=O)c2ccc(Cl)c([N+](=O)[O-])c2)CC3)cc1,1.0,0.8727272727272727,0.4339622641509434,1.0,0.22756598240469206,1.0,Toxic Repellent
LIC_02590,CC(=O)N1CCc2c(sc3nc(SCC(=O)Nc4ccc(F)c(F)c4)n(-c4ccc(C)cc4)c(=O)c23)C1,1.0,0.8,0.4339622641509434,1.0,0.15483870967741942,1.0,Toxic Repellent
LIC_02589,CC(=O)N1CCc2c(sc3nc(SCC(=O)NCc4ccc(C)cc4)n(-c4ccccc4C)c(=O)c23)C1,1.0,0.8727272727272727,0.4339622641509434,1.0,0.22756598240469206,1.0,Toxic Repellent
LIC_02588,COc1cc(C2c3cccn3CCN2C(=O)Nc2ccc(Cl)c(Cl)c2)cc(OC)c1OC,1.0,0.72,0.4339622641509434,1.0,0.07483870967741935,1.0,Toxic Repellent
LIC_02619,CCOc1ccc(NC(=O)CSc2nc3sc4c(c3c(=O)n2-c2ccccc2)CCN(C(C)=O)C4)cc1,1.0,0.875,0.4339622641509434,1.0,0.22983870967741937,1.0,Toxic Repellent
LIC_02618,CCOc1ccc(NC(=O)CSc2nc3sc4c(c3c(=O)n2-c2ccc(C)cc2)CCN(C(C)=O)C4)cc1,1.0,0.875,0.4339622641509434,1.0,0.22983870967741937,1.0,Toxic Repellent
LIC_02617,CCN(CC)CCN(C(=O)c1cccc(N2C(=O)CCC2=O)c1)c1nc2cc3c(cc2s1)OCO3,1.0,0.72,0.4339622641509434,1.0,0.07483870967741935,1.0,Toxic Repellent
LIC_02616,CCN(CC)CCN(C(=O)c1ccc(N2C(=O)CCC2=O)cc1)c1nc2cc3c(cc2s1)OCO3,1.0,0.72,0.4339622641509434,1.0,0.07483870967741935,1.0,Toxic Repellent
LIC_02615,COc1ccc(-n2c(SCC(=O)Nc3ccc(F)cc3F)nc3sc4c(c3c2=O)CCN(C(C)=O)C4)cc1,1.0,0.8727272727272727,0.4339622641509434,1.0,0.22756598240469206,1.0,Toxic Repellent
LIC_02614,CC(=O)N1CCc2c(sc3nc(SCC(=O)Nc4ccc(Cl)cc4)n(-c4ccc(C)cc4)c(=O)c23)C1,1.0,0.72,0.4339622641509434,1.0,0.07483870967741935,1.0,Toxic Repellent
LIC_02613,COc1ccccc1-c1coc2cc(OCc3ccc(C)cc3)ccc2c1=O,1.0,0.72,0.4339622641509434,1.0,0.07483870967741935,1.0,Toxic Repellent
LIC_02612,CC(=O)N1CCc2c(sc3nc(SCc4cccc([N+](=O)[O-])c4)n(-c4ccccc4)c(=O)c23)C1,1.0,0.8727272727272727,0.4339622641509434,1.0,0.22756598240469206,1.0,Toxic Repellent
LIC_02611,COc1ccc(Nc2ccc3c(=O)c(-c4ccc(OC)cc4)coc3c2)cc1,1.0,0.6825396825396826,0.4339622641509434,1.0,0.03737839221710193,1.0,Toxic Repellent
LIC_02610,CCN(C(=O)CSc1nc2sc3c(c2c(=O)n1-c1ccccc1)CCN(C(C)=O)C3)c1ccccc1,1.0,0.8,0.4339622641509434,1.0,0.15483870967741942,1.0,Toxic Repellent
LIC_02609,CC(C)(C)c1ccc(S(=O)(=O)Oc2ccc(Cl)cc2)cc1,1.0,0.8727272727272727,0.4339622641509434,1.0,0.22756598240469206,1.0,Toxic Repellent
LIC_02608,Cc1ccccc1COc1ccc2c(=O)c(-c3ccccc3)coc2c1,1.0,0.6825396825396826,0.4339622641509434,1.0,0.03737839221710193,1.0,Toxic Repellent
LIC_02607,O=C(NCc1nnnn1-c1ccc(F)c(F)c1)c1ccc(Cl)c([N+](=O)[O-])c1,1.0,0.72,0.4339622641509434,1.0,0.07483870967741935,1.0,Toxic Repellent
LIC_02606,CCc1cccc(NC(=O)CSc2nc3sc4c(c3c(=O)n2-c2ccc(C)cc2)CCN(C(C)=O)C4)c1,1.0,0.8727272727272727,0.4339622641509434,1.0,0.22756598240469206,1.0,Toxic Repellent
LIC_02605,CCc1ccc(NC(=O)CSc2nc3sc4c(c3c(=O)n2-c2ccccc2C)CCN(C(C)=O)C4)cc1,1.0,0.8727272727272727,0.4339622641509434,1.0,0.22756598240469206,1.0,Toxic Repellent
LIC_02604,O=C(Nc1c2c(nn1-c1ccc(F)cc1)CSC2)c1ccc(Cl)c([N+](=O)[O-])c1,1.0,0.8727272727272727,0.4339622641509434,1.0,0.22756598240469206,1.0,Toxic Repellent
LIC_02635,Cc1cc(NC(=O)c2ccc(Cl)c([N+](=O)[O-])c2)nc2c1c(=O)oc1ccccc12,1.0,0.6825396825396826,0.4339622641509434,1.0,0.03737839221710193,1.0,Toxic Repellent
LIC_02634,Cc1ccc(S(=O)(=O)N(CC(O)CNCc2ccco2)c2ccc(F)cc2)cc1,1.0,0.8727272727272727,0.4339622641509434,1.0,0.22756598240469206,1.0,Toxic Repellent
LIC_02633,COc1ccc(-c2coc3cc(OCc4ccccc4C)ccc3c2=O)cc1,1.0,0.72,0.4339622641509434,1.0,0.07483870967741935,1.0,Toxic Repellent
LIC_02632,COc1ccc(-c2coc3cc(OCc4ccc(C)cc4)ccc3c2=O)cc1,1.0,0.72,0.4339622641509434,1.0,0.07483870967741935,1.0,Toxic Repellent
LIC_02631,COc1ccccc1-c1coc2cc(OC(=O)c3ccccc3)ccc2c1=O,1.0,0.6825396825396826,0.4339622641509434,1.0,0.03737839221710193,1.0,Toxic Repellent
LIC_02630,O=C(CSc1nc2sc3c(c2c(=O)n1-c1ccccc1)CCCCC3)Nc1ccccc1,1.0,0.6825396825396826,0.4339622641509434,1.0,0.03737839221710193,1.0,Toxic Repellent
LIC_02629,Cc1ccc(S(=O)(=O)NC(=O)c2c(O)c3ccccc3oc2=O)cc1,1.0,0.6825396825396826,0.4339622641509434,1.0,0.03737839221710193,1.0,Toxic Repellent
LIC_02628,CCOc1ccc(NC(=O)CSC2CC(=O)N(c3ccc(C(=O)OC)cc3)C2=O)cc1,1.0,0.6825396825396826,0.4339622641509434,1.0,0.03737839221710193,1.0,Toxic Repellent
LIC_02627,CCOC(=O)c1ccc(N2C(=O)CC(SCC(=O)Nc3ccc(S(N)(=O)=O)cc3)C2=O)cc1,1.0,0.8727272727272727,0.4339622641509434,1.0,0.22756598240469206,1.0,Toxic Repellent
LIC_02626,O=C(Oc1ccc2c(=O)c(-c3ccccc3)coc2c1)c1ccccc1,1.0,0.5000000000000001,0.4339622641509434,1.0,0.0,1.0,Toxic Repellent
LIC_02625,COc1ccc(-n2nc3c(c2NC(=O)c2ccc(Cl)c([N+](=O)[O-])c2)CSC3)cc1,1.0,0.8727272727272727,0.4339622641509434,1.0,0.22756598240469206,1.0,Toxic Repellent
LIC_02624,COc1cccc(COc2ccc3c(=O)c(-c4ccccc4OC)coc3c2)c1,1.0,0.6825396825396826,0.4339622641509434,1.0,0.03737839221710193,1.0,Toxic Repellent
LIC_02623,CC(=O)Nc1nnc(SCc2cc(=O)c(OC(=O)c3ccc(Cl)c([N+](=O)[O-])c3)co2)s1,1.0,0.72,0.4339622641509434,1.0,0.07483870967741935,1.0,Toxic Repellent
LIC_02622,CC(=O)N1CCc2c(sc3nc(SCc4cccc(Cl)c4)n(-c4ccccc4)c(=O)c23)C1,1.0,0.72,0.4339622641509434,1.0,0.07483870967741935,1.0,Toxic Repellent
LIC_02621,O=C(CSc1nc2sc3c(c2c(=O)n1-c1ccccc1)CCC3)NCCc1ccccc1,1.0,0.6825396825396826,0.4339622641509434,1.0,0.03737839221710193,1.0,Toxic Repellent
LIC_02620,CSc1nc2ccc3nc(NC(=O)c4ccc(N5C(=O)CCC5=O)cc4)sc3c2s1,1.0,0.6825396825396826,0.4339622641509434,1.0,0.03737839221710193,1.0,Toxic Repellent
LIC_02651,CC(=O)N1CCc2c(sc3nc(SCC(=O)N4CCOc5ccc(C)cc54)n(-c4ccccc4)c(=O)c23)C1,1.0,0.8727272727272727,0.4339622641509434,1.0,0.22756598240469206,1.0,Toxic Repellent
LIC_02650,Cc1cc(-n2c(C)nc3ncccc3c2=O)ccc1NC(=O)c1ccc(Cl)c([N+](=O)[O-])c1,1.0,0.8727272727272727,0.4339622641509434,1.0,0.22756598240469206,1.0,Toxic Repellent
LIC_02649,Cc1ccc(-n2c(SCC(=O)c3ccccc3)nc3sc4c(c3c2=O)CCCC4)cc1,1.0,0.6825396825396826,0.4339622641509434,1.0,0.03737839221710193,1.0,Toxic Repellent
LIC_02648,Cc1cc(C)nc(NS(=O)(=O)c2ccc(NC(=O)c3cccc(N4C(=O)CCC4=O)c3)cc2)n1,1.0,0.8727272727272727,0.4339622641509434,1.0,0.22756598240469206,1.0,Toxic Repellent
LIC_02647,COc1ccccc1C(=O)Oc1ccc2c(=O)c(-c3ccccc3)coc2c1,1.0,0.6825396825396826,0.4339622641509434,1.0,0.03737839221710193,1.0,Toxic Repellent
LIC_02646,O=C(Nc1nc2c(cc3c4c(cccc42)CC3)s1)c1ccc(N2C(=O)CCC2=O)cc1,1.0,0.6825396825396826,0.4339622641509434,1.0,0.03737839221710193,1.0,Toxic Repellent
LIC_02645,Cc1ccc(NC(=O)c2ccc(Cl)c([N+](=O)[O-])c2)cc1N1CCCCC1=O,1.0,0.8145959023102033,0.4339622641509434,1.0,0.16943461198762266,1.0,Toxic Repellent
LIC_02644,COc1ccc(Nc2ccc3c(=O)c(-c4ccc(OC)c(OC)c4)coc3c2)cc1,1.0,0.6825396825396826,0.4339622641509434,1.0,0.03737839221710193,1.0,Toxic Repellent
LIC_02643,COc1ccc(C(=O)Oc2ccc3c(=O)c(-c4ccccc4)coc3c2)cc1,1.0,0.6825396825396826,0.4339622641509434,1.0,0.03737839221710193,1.0,Toxic Repellent
LIC_02642,COc1ccc(-c2coc3cc(OCc4ccccc4)ccc3c2=O)cc1OC,1.0,0.72,0.4339622641509434,1.0,0.07483870967741935,1.0,Toxic Repellent
LIC_02641,CSc1nnc(CNC(=O)c2ccc(Cl)c([N+](=O)[O-])c2)n1-c1ccc(F)cc1,1.0,0.8333333333333334,0.4339622641509434,1.0,0.18817204301075274,1.0,Toxic Repellent
LIC_02640,O=C(CSc1nnc(NC(=O)c2ccc(N3C(=O)CCC3=O)cc2)s1)Nc1ccccc1F,1.0,0.6825396825396826,0.4339622641509434,1.0,0.03737839221710193,1.0,Toxic Repellent
LIC_02639,N#C/C(=C\c1ccc(-c2ccc([N+](=O)[O-])cc2Cl)o1)c1nc2ccccc2c(=O)[nH]1,1.0,0.6825396825396826,0.4339622641509434,1.0,0.03737839221710193,1.0,Toxic Repellent
LIC_02638,O=C(Nc1ncnc2sc3c(c12)CCCC3)c1ccc(Cl)c([N+](=O)[O-])c1,1.0,0.8,0.4339622641509434,1.0,0.15483870967741942,1.0,Toxic Repellent
LIC_02637,Cc1ccc(C(=O)CSc2nc3sc4c(c3c(=O)n2-c2ccccc2)CCC4)cc1C,1.0,0.8,0.4339622641509434,1.0,0.15483870967741942,1.0,Toxic Repellent
LIC_02636,CC(=O)N1CCc2c(sc3nc(SCC(=O)Nc4ccc(F)cc4F)n(-c4ccc(F)c(Cl)c4)c(=O)c23)C1,1.0,0.875,0.4339622641509434,1.0,0.22983870967741937,1.0,Toxic Repellent
LIC_02667,COc1cccc(C(=O)Oc2ccc3c(=O)c(-c4ccccc4)coc3c2)c1,1.0,0.5000000000000001,0.4339622641509434,1.0,0.0,1.0,Toxic Repellent
LIC_02666,O=S(=O)(Nc1cc(Cl)c(O)c2ccccc12)c1ccc(F)cc1,1.0,0.8727272727272727,0.4339622641509434,1.0,0.22756598240469206,1.0,Toxic Repellent
LIC_02665,COc1ccc(-c2coc3cc(OC(=O)c4ccccc4)ccc3c2=O)cc1OC,1.0,0.6825396825396826,0.4339622641509434,1.0,0.03737839221710193,1.0,Toxic Repellent
LIC_02664,O=S(=O)(Oc1ccccc1Cl)c1ccc(Br)cc1,1.0,0.72,0.4339622641509434,1.0,0.07483870967741935,1.0,Toxic Repellent
LIC_02663,O=C(CSc1nc2sc3c(c2c(=O)n1-c1ccccc1)CCCC3)c1ccc(Cl)cc1,1.0,0.8727272727272727,0.4339622641509434,1.0,0.22756598240469206,1.0,Toxic Repellent
LIC_02662,Nc1c(-c2cccc(Cl)c2)nnn1-c1ccccc1,1.0,0.43902439024390244,0.4339622641509434,1.0,0.0,1.0,Toxic Repellent
LIC_02661,Cc1nc2ncccc2c(=O)n1-c1ccc(NC(=O)c2ccc(Cl)c([N+](=O)[O-])c2)cc1,1.0,0.8727272727272727,0.4339622641509434,1.0,0.22756598240469206,1.0,Toxic Repellent
LIC_02660,CSc1nc2ccc3nc(NC(=O)c4cccc(N5C(=O)CCC5=O)c4)sc3c2s1,1.0,0.6825396825396826,0.4339622641509434,1.0,0.03737839221710193,1.0,Toxic Repellent
LIC_02659,O=C(Nc1nc2c(cc3c4c(cccc42)CC3)s1)c1cccc(N2C(=O)CCC2=O)c1,1.0,0.6825396825396826,0.4339622641509434,1.0,0.03737839221710193,1.0,Toxic Repellent
LIC_02658,Cc1nc2ncccc2c(=O)n1-c1cccc(NC(=O)c2ccc(Cl)c([N+](=O)[O-])c2)c1,1.0,0.8727272727272727,0.4339622641509434,1.0,0.22756598240469206,1.0,Toxic Repellent
LIC_02657,COc1ccc(-c2coc3cc(OCc4ccc(F)cc4)ccc3c2=O)cc1OC,1.0,0.72,0.4339622641509434,1.0,0.07483870967741935,1.0,Toxic Repellent
LIC_02656,COc1ccc(-c2coc3cc(OCc4ccc(C)cc4)ccc3c2=O)cc1OC,1.0,0.72,0.4339622641509434,1.0,0.07483870967741935,1.0,Toxic Repellent
LIC_02655,CCN(C(=O)CSc1nc2sc3c(c2c(=O)n1Cc1ccccc1)CCN(C(C)=O)C3)c1cccc(C)c1,1.0,0.8333333333333334,0.4339622641509434,1.0,0.18817204301075274,1.0,Toxic Repellent
LIC_02654,O=C(Nc1ccc(Cl)cc1C(=O)c1ccccc1Cl)c1ccc(N2C(=O)CCC2=O)cc1,1.0,0.6825396825396826,0.4339622641509434,1.0,0.03737839221710193,1.0,Toxic Repellent
LIC_02653,O=C(Nc1ccc(Cl)cc1C(=O)c1ccccc1Cl)c1cccc(N2C(=O)CCC2=O)c1,1.0,0.6825396825396826,0.4339622641509434,1.0,0.03737839221710193,1.0,Toxic Repellent
LIC_02652,CCC(=O)Nc1nnc(SCc2cc(=O)c(OC(=O)c3ccc(Cl)c([N+](=O)[O-])c3)co2)s1,1.0,0.8,0.4339622641509434,1.0,0.15483870967741942,1.0,Toxic Repellent
LIC_02683,CCOc1ccc2nc(SC3CC(=O)N(c4ccccc4)C3=O)sc2c1,1.0,0.6825396825396826,0.4339622641509434,1.0,0.03737839221710193,1.0,Toxic Repellent
LIC_02682,COc1ccc(-c2coc3cc(OCc4ccc(Cl)cc4)ccc3c2=O)cc1OC,1.0,0.8727272727272727,0.4339622641509434,1.0,0.22756598240469206,1.0,Toxic Repellent
LIC_02681,Cc1ccc(S(=O)(=O)Nc2c(Cl)c(Cl)c(O)c3ccccc23)cc1,1.0,0.72,0.4339622641509434,1.0,0.07483870967741935,1.0,Toxic Repellent
LIC_02680,COC(=O)c1ccccc1C(=O)OCc1cc(-c2cc3ccccc3o2)on1,1.0,0.5000000000000001,0.4339622641509434,1.0,0.0,1.0,Toxic Repellent
LIC_02679,O=C1CC(Sc2nc3ccccc3o2)C(=O)N1c1cccc(C(F)(F)F)c1,1.0,0.5000000000000001,0.4339622641509434,1.0,0.0,1.0,Toxic Repellent
LIC_02678,COC(=O)c1ccc(CSc2nc3sc4c(c3c(=O)n2-c2ccccc2)CCCC4)cc1,1.0,0.8727272727272727,0.4339622641509434,1.0,0.22756598240469206,1.0,Toxic Repellent
LIC_02677,O=C(Oc1ccccc1[N+](=O)[O-])N(c1ccccc1)c1ccccc1,1.0,0.6825396825396826,0.4339622641509434,1.0,0.03737839221710193,1.0,Toxic Repellent
LIC_02676,O=C(Nc1nnc(SCC(=O)N2CCc3ccccc32)s1)c1ccc(N2C(=O)CCC2=O)cc1,1.0,0.72,0.4339622641509434,1.0,0.07483870967741935,1.0,Toxic Repellent
LIC_02675,COc1cc2c(cc1OC)CN(C(=O)CSc1nc3sc(C)c(C)c3c(=O)n1-c1ccccc1)CC2,1.0,0.8333333333333334,0.4339622641509434,1.0,0.18817204301075274,1.0,Toxic Repellent
LIC_02674,COc1cccc(C(=O)Oc2ccc3c(=O)c(-c4ccccc4OC)coc3c2)c1,1.0,0.5000000000000001,0.4339622641509434,1.0,0.0,1.0,Toxic Repellent
LIC_02673,COc1ccc(C(=O)Oc2ccc3c(=O)c(-c4ccccc4OC)coc3c2)cc1,1.0,0.6825396825396826,0.4339622641509434,1.0,0.03737839221710193,1.0,Toxic Repellent
LIC_02672,Cc1cc(C)nc(NS(=O)(=O)c2ccc(NC(=O)c3ccc(N4C(=O)CCC4=O)cc3)cc2)n1,1.0,0.8727272727272727,0.4339622641509434,1.0,0.22756598240469206,1.0,Toxic Repellent
LIC_02671,O=C(Nc1nc(-c2cccs2)c(C(=O)C(F)(F)F)s1)c1cccc(N2C(=O)CCC2=O)c1,1.0,0.6825396825396826,0.4339622641509434,1.0,0.03737839221710193,1.0,Toxic Repellent
LIC_02670,O=C(Nc1nc(-c2cccs2)c(C(=O)C(F)(F)F)s1)c1ccc(N2C(=O)CCC2=O)cc1,1.0,0.6825396825396826,0.4339622641509434,1.0,0.03737839221710193,1.0,Toxic Repellent
LIC_02669,Cc1ccnc(NS(=O)(=O)c2ccc(NC(=O)c3ccc(N4C(=O)CCC4=O)cc3)cc2)n1,1.0,0.8727272727272727,0.4339622641509434,1.0,0.22756598240469206,1.0,Toxic Repellent
LIC_02668,CC(=O)c1cccc(NC(=O)CSc2nc3sc4c(c3c(=O)n2-c2ccccc2)CCC(C)C4)c1,1.0,0.72,0.4339622641509434,1.0,0.07483870967741935,1.0,Toxic Repellent
LIC_02699,CCn1/c(=N/C(=O)c2cccc(N3C(=O)CCC3=O)c2)sc2c(C)cc(C)cc21,1.0,0.6825396825396826,0.4339622641509434,1.0,0.03737839221710193,1.0,Toxic Repellent
LIC_02698,COc1ccc(NC2CC(=O)N(c3ccc(I)cc3C)C2=O)cc1,1.0,0.5000000000000001,0.4339622641509434,1.0,0.0,1.0,Toxic Repellent
LIC_02697,Cc1ccc(C)c(Cn2cc(C(=O)Nc3ccc(Cl)c([N+](=O)[O-])c3)ccc2=O)c1,1.0,0.6825396825396826,0.4339622641509434,1.0,0.03737839221710193,1.0,Toxic Repellent
LIC_02696,COc1ccc(-c2coc3cc(OC(=O)c4c(OC)cccc4OC)ccc3c2=O)cc1,1.0,0.6825396825396826,0.4339622641509434,1.0,0.03737839221710193,1.0,Toxic Repellent
LIC_02695,C#CCn1/c(=N/C(=O)CN2C(=O)CCC2=O)sc2c3ccccc3ccc21,1.0,0.5000000000000001,0.4339622641509434,1.0,0.0,1.0,Toxic Repellent
LIC_02694,COc1ccc(-c2coc3cc(OC(=O)c4ccc(Cl)cc4)ccc3c2=O)cc1OC,1.0,0.72,0.4339622641509434,1.0,0.07483870967741935,1.0,Toxic Repellent
LIC_02693,COc1cccc(C(=O)Oc2ccc3c(=O)c(-c4ccc(OC)c(OC)c4)coc3c2)c1,1.0,0.6825396825396826,0.4339622641509434,1.0,0.03737839221710193,1.0,Toxic Repellent
LIC_02692,O=C(Oc1ccc2c(=O)c(-c3ccccc3)coc2c1)c1ccc2c(c1)OCO2,1.0,0.6825396825396826,0.4339622641509434,1.0,0.03737839221710193,1.0,Toxic Repellent
LIC_02691,COc1ccc(-c2coc3cc(OCc4ccc(Cl)cc4)cc(O)c3c2=O)cc1OC,1.0,0.6825396825396826,0.4339622641509434,1.0,0.03737839221710193,1.0,Toxic Repellent
LIC_02690,COc1ccc(C(=O)Oc2ccc3c(=O)c(-c4ccc(OC)c(OC)c4)coc3c2)cc1,1.0,0.6825396825396826,0.4339622641509434,1.0,0.03737839221710193,1.0,Toxic Repellent
LIC_02689,CN(C)C(=O)Oc1cc(OCc2ccccc2)c2c(=O)cc(-c3ccccc3)oc2c1,1.0,0.6825396825396826,0.4339622641509434,1.0,0.03737839221710193,1.0,Toxic Repellent
LIC_02688,Cc1ccc(C)c(Cn2cccc(C(=O)Nc3ccc(Cl)c([N+](=O)[O-])c3)c2=O)c1,1.0,0.6825396825396826,0.4339622641509434,1.0,0.03737839221710193,1.0,Toxic Repellent
LIC_02687,Cc1ccc(S(=O)(=O)Nc2ccc(S(=O)(=O)Nc3nccs3)cc2)cc1,1.0,0.875,0.4339622641509434,1.0,0.22983870967741937,1.0,Toxic Repellent
LIC_02686,O=C1c2ccccc2C(=O)N1CCSc1nc2sc3c(c2c(=O)n1-c1ccccc1)CCC3,1.0,0.6825396825396826,0.4339622641509434,1.0,0.03737839221710193,1.0,Toxic Repellent
LIC_02685,COc1ccc(-c2coc3cc(OC(=O)c4ccccc4OC)ccc3c2=O)cc1,1.0,0.6825396825396826,0.4339622641509434,1.0,0.03737839221710193,1.0,Toxic Repellent
LIC_02684,O=C(Nc1ccc2c(c1)N(S(=O)(=O)c1cccs1)CCC2)c1ccc([N+](=O)[O-])cc1Cl,1.0,0.75,0.4339622641509434,1.0,0.10483870967741937,1.0,Toxic Repellent
LIC_02715,O=C(Nc1ccc(SC(F)F)cc1)c1ccc(Cl)c([N+](=O)[O-])c1,1.0,0.6825396825396826,0.4339622641509434,1.0,0.03737839221710193,1.0,Toxic Repellent
LIC_02714,O=C(Nc1ccc(Cl)c([N+](=O)[O-])c1)c1ccc(=O)n(Cc2ccc(Cl)cc2)c1,1.0,0.72,0.4339622641509434,1.0,0.07483870967741935,1.0,Toxic Repellent
LIC_02713,COc1ccc(-c2coc3cc(OCc4ccc(Br)cc4)cc(O)c3c2=O)cc1OC,1.0,0.6825396825396826,0.4339622641509434,1.0,0.03737839221710193,1.0,Toxic Repellent
LIC_02712,O=C(Nc1ccc(Cl)c([N+](=O)[O-])c1)c1ccc(=O)n(Cc2cccc(Cl)c2)c1,1.0,0.6825396825396826,0.4339622641509434,1.0,0.03737839221710193,1.0,Toxic Repellent
LIC_02711,O=C(Nc1ccc(Cl)c([N+](=O)[O-])c1)c1cccn(Cc2ccccc2Cl)c1=O,1.0,0.72,0.4339622641509434,1.0,0.07483870967741935,1.0,Toxic Repellent
LIC_02710,O=C(Nc1ccc(Cl)c([N+](=O)[O-])c1)c1cccn(Cc2ccc(Cl)cc2)c1=O,1.0,0.72,0.4339622641509434,1.0,0.07483870967741935,1.0,Toxic Repellent
LIC_02709,O=C(Nc1ccc(Cl)c([N+](=O)[O-])c1)c1ccc(=O)n(Cc2ccccc2Cl)c1,1.0,0.72,0.4339622641509434,1.0,0.07483870967741935,1.0,Toxic Repellent
LIC_02708,COc1ccccc1-c1coc2cc(OC(=O)c3ccc4c(c3)OCO4)ccc2c1=O,1.0,0.6825396825396826,0.4339622641509434,1.0,0.03737839221710193,1.0,Toxic Repellent
LIC_02707,O=C(c1ccc(Cl)c([N+](=O)[O-])c1)N1CCN(c2ncnc3c2nnn3-c2ccc(F)cc2)CC1,1.0,0.875,0.4339622641509434,1.0,0.22983870967741937,1.0,Toxic Repellent
LIC_02706,COc1ccc(-c2coc3c(C)c(OCCBr)ccc3c2=O)cc1,1.0,0.6825396825396826,0.4339622641509434,1.0,0.03737839221710193,1.0,Toxic Repellent
LIC_02705,C=CCn1/c(=N/C(=O)c2ccc(N3C(=O)CCC3=O)cc2)sc2cc(S(N)(=O)=O)ccc21,1.0,0.8727272727272727,0.4339622641509434,1.0,0.22756598240469206,1.0,Toxic Repellent
LIC_02704,C=CCn1/c(=N/C(=O)c2cccc(N3C(=O)CCC3=O)c2)sc2cc(S(N)(=O)=O)ccc21,1.0,0.8727272727272727,0.4339622641509434,1.0,0.22756598240469206,1.0,Toxic Repellent
LIC_02703,C#CCn1/c(=N/C(=O)c2cccc(N3C(=O)CCC3=O)c2)sc2cc(S(N)(=O)=O)ccc21,1.0,0.8727272727272727,0.4339622641509434,1.0,0.22756598240469206,1.0,Toxic Repellent
LIC_02702,Cc1ccc(/C=C(/C#N)C(=O)Nc2ccc(Cl)cc2[N+](=O)[O-])cc1,1.0,0.5000000000000001,0.4339622641509434,1.0,0.0,1.0,Toxic Repellent
LIC_02701,O=C(CSc1nc2sc3c(c2c(=O)n1-c1ccc(Cl)cc1)CCC3)N1CCc2ccccc21,1.0,0.8727272727272727,0.4339622641509434,1.0,0.22756598240469206,1.0,Toxic Repellent
LIC_02700,Cc1ccc(Cl)c2s/c(=N\C(=O)c3cccc(N4C(=O)CCC4=O)c3)n(C)c12,1.0,0.6825396825396826,0.4339622641509434,1.0,0.03737839221710193,1.0,Toxic Repellent
LIC_02731,COC(=O)Cn1/c(=N/C(=O)c2cccc(N3C(=O)CCC3=O)c2)sc2cc(NC(C)=O)ccc21,1.0,0.8333333333333334,0.4339622641509434,1.0,0.18817204301075274,1.0,Toxic Repellent
LIC_02730,COCCn1/c(=N/C(=O)c2ccc(N3C(=O)CCC3=O)cc2)sc2cc(S(C)(=O)=O)ccc21,1.0,0.72,0.4339622641509434,1.0,0.07483870967741935,1.0,Toxic Repellent
LIC_02729,O=C(Nc1c(-c2cccs2)nc2ccccn12)c1ccc(Cl)c([N+](=O)[O-])c1,1.0,0.6825396825396826,0.4339622641509434,1.0,0.03737839221710193,1.0,Toxic Repellent
LIC_02728,C=CCn1/c(=N/C(=O)c2cccc(N3C(=O)CCC3=O)c2)sc2cc(Cl)ccc21,1.0,0.6825396825396826,0.4339622641509434,1.0,0.03737839221710193,1.0,Toxic Repellent
LIC_02727,O=c1c(-c2ccc(Br)cc2)coc2cc(OCCBr)ccc12,1.0,0.72,0.4339622641509434,1.0,0.07483870967741935,1.0,Toxic Repellent
LIC_02726,COCCn1/c(=N/C(=O)c2ccc(N3C(=O)CCC3=O)cc2)sc2cc(S(N)(=O)=O)ccc21,1.0,0.8727272727272727,0.4339622641509434,1.0,0.22756598240469206,1.0,Toxic Repellent
LIC_02725,O=C(Nc1ccc(Cl)c([N+](=O)[O-])c1)c1ccc(=O)n(Cc2c(F)cccc2Cl)c1,1.0,0.72,0.4339622641509434,1.0,0.07483870967741935,1.0,Toxic Repellent
LIC_02724,O=C(Nc1ccc(Cl)c([N+](=O)[O-])c1)c1cccn(Cc2c(F)cccc2Cl)c1=O,1.0,0.72,0.4339622641509434,1.0,0.07483870967741935,1.0,Toxic Repellent
LIC_02723,Cn1/c(=N/C(=O)c2cccc(N3C(=O)CCC3=O)c2)sc2cc(Cl)cc(Cl)c21,1.0,0.6825396825396826,0.4339622641509434,1.0,0.03737839221710193,1.0,Toxic Repellent
LIC_02722,COCCn1/c(=N/C(=O)c2cccc(N3C(=O)CCC3=O)c2)sc2cc(S(N)(=O)=O)ccc21,1.0,0.8727272727272727,0.4339622641509434,1.0,0.22756598240469206,1.0,Toxic Repellent
LIC_02721,C#CCn1/c(=N/C(=O)c2ccc(N3C(=O)CCC3=O)cc2)sc2c(C)cc(C)cc21,1.0,0.6825396825396826,0.4339622641509434,1.0,0.03737839221710193,1.0,Toxic Repellent
LIC_02720,CCc1cc2c(=O)c(-c3ccc4c(c3)OCCO4)coc2cc1OCc1cccc(OC)c1,1.0,0.6825396825396826,0.4339622641509434,1.0,0.03737839221710193,1.0,Toxic Repellent
LIC_02719,CCc1cc2c(=O)c(-c3ccc4c(c3)OCCCO4)coc2cc1OCC(=O)c1ccccc1,1.0,0.6825396825396826,0.4339622641509434,1.0,0.03737839221710193,1.0,Toxic Repellent
LIC_02718,C#CCn1/c(=N/C(=O)c2cccc(N3C(=O)CCC3=O)c2)sc2c(C)cc(C)cc21,1.0,0.6825396825396826,0.4339622641509434,1.0,0.03737839221710193,1.0,Toxic Repellent
LIC_02717,COc1ccc(-c2coc3cc(OC(=O)c4ccc5c(c4)OCO5)ccc3c2=O)cc1,1.0,0.6825396825396826,0.4339622641509434,1.0,0.03737839221710193,1.0,Toxic Repellent
LIC_02716,C=CCn1/c(=N/C(=O)c2ccc(N3C(=O)CCC3=O)cc2)sc2cc(C)ccc21,1.0,0.6825396825396826,0.4339622641509434,1.0,0.03737839221710193,1.0,Toxic Repellent
LIC_02747,O=C(COc1ccc(Br)cc1[N+](=O)[O-])Nc1ccc(Cl)c([N+](=O)[O-])c1,1.0,0.6825396825396826,0.4339622641509434,1.0,0.03737839221710193,1.0,Toxic Repellent
LIC_02746,Cc1ccc(NC(=O)CCSc2nc3sc4c(c3c(=O)n2-c2ccccc2)CCC4)cc1,1.0,0.6825396825396826,0.4339622641509434,1.0,0.03737839221710193,1.0,Toxic Repellent
LIC_02745,O=C(Nc1ccc2c(c1)N(S(=O)(=O)c1ccc(F)cc1)CCC2)c1ccc([N+](=O)[O-])cc1Cl,1.0,0.875,0.4339622641509434,1.0,0.22983870967741937,1.0,Toxic Repellent
LIC_02744,COc1cc(OC)c2c(=O)c(-c3ccc(OC4OC(CO)C(O)C(O)C4O)cc3)coc2c1,1.0,0.5,0.4339622641509434,1.0,0.0,1.0,Toxic Repellent
LIC_02743,O=C(Oc1ccc2c(=O)c(-c3ccc4c(c3)OCCO4)coc2c1)c1ccc2c(c1)OCO2,1.0,0.6825396825396826,0.4339622641509434,1.0,0.03737839221710193,1.0,Toxic Repellent
LIC_02742,CC(C)N(C(=O)CSc1nc2sc3c(c2c(=O)n1Cc1ccccc1)CCCC3)c1ccccc1,1.0,0.6825396825396826,0.4339622641509434,1.0,0.03737839221710193,1.0,Toxic Repellent
LIC_02741,CCN1/C(=C/C=C2/C=C(/C=C/c3sc4ccc(OC)cc4[n+]3CC)COC2)Sc2ccc(OC)cc21,1.0,0.875,0.4339622641509434,1.0,0.22983870967741937,1.0,Toxic Repellent
LIC_02740,c1ccc(-c2nc3cc(Cc4ccc5[nH]c(-c6ccccn6)nc5c4)ccc3[nH]2)nc1,1.0,0.6825396825396826,0.4339622641509434,1.0,0.03737839221710193,1.0,Toxic Repellent
LIC_02739,CCOC(=O)Cn1/c(=N/C(=O)c2cccc(N3C(=O)CCC3=O)c2)sc2c(C)cc(C)cc21,1.0,0.72,0.4339622641509434,1.0,0.07483870967741935,1.0,Toxic Repellent
LIC_02738,CCOC(=O)Cn1/c(=N/C(=O)c2ccc(N3C(=O)CCC3=O)cc2)sc2c(C)cc(C)cc21,1.0,0.72,0.4339622641509434,1.0,0.07483870967741935,1.0,Toxic Repellent
LIC_02737,O=S(=O)(Oc1ccc2ccccc2c1)c1ccccc1,1.0,0.6825396825396826,0.4339622641509434,1.0,0.03737839221710193,1.0,Toxic Repellent
LIC_02736,C=CCn1/c(=N/C(=O)c2cccc(N3C(=O)CCC3=O)c2)sc2cccc(OCC)c21,1.0,0.72,0.4339622641509434,1.0,0.07483870967741935,1.0,Toxic Repellent
LIC_02735,CC(=O)Nc1ccc(-n2c(SCC(=O)N(c3ccccc3)C(C)C)nc3sc4c(c3c2=O)CCCC4)cc1,1.0,0.8727272727272727,0.4339622641509434,1.0,0.22756598240469206,1.0,Toxic Repellent
LIC_02734,COc1ccc(-c2coc3cc(OC(=O)c4ccc5c(c4)OCO5)ccc3c2=O)cc1OC,1.0,0.6825396825396826,0.4339622641509434,1.0,0.03737839221710193,1.0,Toxic Repellent
LIC_02733,C=CCn1/c(=N/C(=O)c2ccc(N3C(=O)CCC3=O)cc2)sc2cccc(OCC)c21,1.0,0.6825396825396826,0.4339622641509434,1.0,0.03737839221710193,1.0,Toxic Repellent
LIC_02732,O=C(c1ccc(Cl)c([N+](=O)[O-])c1)N1CCN(c2ncnc3c2nnn3-c2cccc(F)c2)CC1,1.0,0.875,0.4339622641509434,1.0,0.22983870967741937,1.0,Toxic Repellent
LIC_02763,O=C(NCCSc1c[nH]c2ccccc12)c1ccc(Cl)c([N+](=O)[O-])c1,1.0,0.6825396825396826,0.4339622641509434,1.0,0.03737839221710193,1.0,Toxic Repellent
LIC_02762,COc1ccc2ccccc2c1C1C=C(c2ccccc2)NC(=S)N1,1.0,0.6825396825396826,0.4339622641509434,1.0,0.03737839221710193,1.0,Toxic Repellent
LIC_02761,c1ccc2sc(SSc3nc4ccccc4s3)nc2c1,1.0,0.6825396825396826,0.4339622641509434,1.0,0.03737839221710193,1.0,Toxic Repellent
LIC_02760,Cc1ccccc1-n1nc2c(c1NC(=O)c1ccc(Cl)c([N+](=O)[O-])c1)CSC2,1.0,0.8727272727272727,0.4339622641509434,1.0,0.22756598240469206,1.0,Toxic Repellent
LIC_02759,CCCCCCCCCCCCCCCC(=O)OCC(CO)OC(=O)CCCCCCCCCCCCCCC,1.0,0.8228070889896116,0.4339622641509434,1.0,0.177645798667031,1.0,Toxic Repellent
LIC_02758,Cc1ccc(-n2nc3c(c2NC(=O)c2ccc(Cl)c([N+](=O)[O-])c2)CSC3)cc1,1.0,0.8727272727272727,0.4339622641509434,1.0,0.22756598240469206,1.0,Toxic Repellent
LIC_02757,COc1ccccc1-c1coc2cc(OC(=O)/C=C/c3ccccc3)ccc2c1=O,1.0,0.6825396825396826,0.4339622641509434,1.0,0.03737839221710193,1.0,Toxic Repellent
LIC_02756,O=Cc1ccc(Oc2ccc(Oc3ccc(C=O)cc3)cc2)cc1,1.0,0.8727272727272727,0.4339622641509434,1.0,0.22756598240469206,1.0,Toxic Repellent
LIC_02755,Cc1cc2cc(CNC(=O)c3ccc(Cl)c([N+](=O)[O-])c3)ccc2[nH]1,1.0,0.5000000000000001,0.4339622641509434,1.0,0.0,1.0,Toxic Repellent
LIC_02754,N#C/C(=C(/O)c1ccc(-c2ccc([N+](=O)[O-])cc2Cl)o1)c1nc2ccccc2s1,1.0,0.6825396825396826,0.4339622641509434,1.0,0.03737839221710193,1.0,Toxic Repellent
LIC_02753,COc1cc(O)c2c(=O)c(-c3ccc(O[C@@H]4O[C@H](CO)[C@@H](O)[C@H](O)[C@H]4O)cc3)coc2c1,1.0,0.43902439024390244,0.4339622641509434,1.0,0.0,1.0,Toxic Repellent
LIC_02752,c1ccc2oc(-c3ccc(-c4nc5ccccc5o4)c4ccccc34)nc2c1,1.0,0.6825396825396826,0.4339622641509434,1.0,0.03737839221710193,1.0,Toxic Repellent
LIC_02751,C=CCn1/c(=N/C(=O)c2ccc(N3C(=O)CCC3=O)cc2)sc2cc(C(=O)OCC)ccc21,1.0,0.72,0.4339622641509434,1.0,0.07483870967741935,1.0,Toxic Repellent
LIC_02750,CCOC(=O)c1ccc2c(c1)s/c(=N\C(=O)c1ccc(N3C(=O)CCC3=O)cc1)n2CCOC,1.0,0.6825396825396826,0.4339622641509434,1.0,0.03737839221710193,1.0,Toxic Repellent
LIC_02749,CCOC(=O)c1ccc2c(c1)s/c(=N\C(=O)c1cccc(N3C(=O)CCC3=O)c1)n2CCOC,1.0,0.72,0.4339622641509434,1.0,0.07483870967741935,1.0,Toxic Repellent
LIC_02748,CC(=O)c1c(C)oc2ccc(N(C(C)=O)S(=O)(=O)c3ccc(Cl)c([N+](=O)[O-])c3)cc12,1.0,0.875,0.4339622641509434,1.0,0.22983870967741937,1.0,Toxic Repellent
LIC_02779,Cc1nc2ccccc2c(=O)n1-c1ccc(F)c(NC(=O)c2ccc(Cl)c([N+](=O)[O-])c2)c1,1.0,0.8,0.4339622641509434,1.0,0.15483870967741942,1.0,Toxic Repellent
LIC_02778,COc1ccc(C2C=C(c3ccccc3)NC(=S)N2)cc1OCc1ccccc1,1.0,0.72,0.4339622641509434,1.0,0.07483870967741935,1.0,Toxic Repellent
LIC_02777,O=S(=O)(Oc1ccc2ccccc2c1)c1ccc(Cl)cc1,1.0,0.72,0.4339622641509434,1.0,0.07483870967741935,1.0,Toxic Repellent
LIC_02776,CCS(=O)(=O)c1ccc(-c2cccc(NC(=O)c3ccc(Cl)c([N+](=O)[O-])c3)c2)nn1,1.0,0.8727272727272727,0.4339622641509434,1.0,0.22756598240469206,1.0,Toxic Repellent
LIC_02775,CCS(=O)(=O)c1ccc(-c2ccc(NC(=O)c3ccc(Cl)c([N+](=O)[O-])c3)cc2)nn1,1.0,0.8727272727272727,0.4339622641509434,1.0,0.22756598240469206,1.0,Toxic Repellent
LIC_02774,O=C(Nc1c2c(nn1-c1ccc([N+](=O)[O-])cc1)CS(=O)(=O)C2)c1ccc(Cl)c([N+](=O)[O-])c1,1.0,0.920863309352518,0.4339622641509434,1.0,0.2757020190299374,1.0,Toxic Repellent
LIC_02773,Cn1cc(C(=O)Nc2ccc(Cl)c([N+](=O)[O-])c2)c2[nH]c(=O)n(-c3ccccc3)c(=O)c21,1.0,0.6825396825396826,0.4339622641509434,1.0,0.03737839221710193,1.0,Toxic Repellent
LIC_02772,O=C(Nc1c2c(nn1-c1ccc([N+](=O)[O-])cc1)CSC2)c1ccc(Cl)c([N+](=O)[O-])c1,1.0,0.875,0.4339622641509434,1.0,0.22983870967741937,1.0,Toxic Repellent
LIC_02771,O=C(Nc1nnc(-c2ccccc2Cl)s1)c1ccc(Cl)c([N+](=O)[O-])c1,1.0,0.6825396825396826,0.4339622641509434,1.0,0.03737839221710193,1.0,Toxic Repellent
LIC_02770,CS(=O)(=O)c1ccc(-c2ccc(NC(=O)c3ccc(Cl)c([N+](=O)[O-])c3)cc2)nn1,1.0,0.8727272727272727,0.4339622641509434,1.0,0.22756598240469206,1.0,Toxic Repellent
LIC_02769,CS(=O)(=O)c1ccc(-c2cccc(NC(=O)c3ccc(Cl)c([N+](=O)[O-])c3)c2)nn1,1.0,0.8727272727272727,0.4339622641509434,1.0,0.22756598240469206,1.0,Toxic Repellent
LIC_02768,COc1ccc(-c2coc3cc(OC(=O)/C=C/c4ccccc4)ccc3c2=O)cc1OC,1.0,0.6825396825396826,0.4339622641509434,1.0,0.03737839221710193,1.0,Toxic Repellent
LIC_02767,O=C(Nc1c2c(nn1-c1cccc(Cl)c1)CSC2)c1ccc(Cl)c([N+](=O)[O-])c1,1.0,0.8727272727272727,0.4339622641509434,1.0,0.22756598240469206,1.0,Toxic Repellent
LIC_02766,Cc1nc2ccccc2nc1SCC(=O)c1ccc(Cl)c([N+](=O)[O-])c1,1.0,0.6825396825396826,0.4339622641509434,1.0,0.03737839221710193,1.0,Toxic Repellent
LIC_02765,Cc1ccc(-c2nnc(NC(=O)c3ccc(Cl)c([N+](=O)[O-])c3)s2)cc1,1.0,0.6825396825396826,0.4339622641509434,1.0,0.03737839221710193,1.0,Toxic Repellent
LIC_02764,Cc1ccc2nc(NC(=O)c3cc([N+](=O)[O-])cc([N+](=O)[O-])c3Cl)sc2c1,1.0,0.6825396825396826,0.4339622641509434,1.0,0.03737839221710193,1.0,Toxic Repellent
LIC_02891,CCOC(=O)c1[nH]c2ccccc2c1NC(=O)c1ccc(Cl)c([N+](=O)[O-])c1,1.0,0.6825396825396826,0.4339622641509434,1.0,0.03737839221710193,1.0,Toxic Repellent
LIC_02890,Cc1ccc(S(=O)(=O)n2nc(OC(=O)c3ccc(Cl)c([N+](=O)[O-])c3)cc2N)cc1,1.0,0.8727272727272727,0.4339622641509434,1.0,0.22756598240469206,1.0,Toxic Repellent
LIC_02889,CCOC(=O)c1ccc(N2C(=O)CC(Sc3nnc(-c4ccccc4O)o3)C2=O)cc1,1.0,0.6825396825396826,0.4339622641509434,1.0,0.03737839221710193,1.0,Toxic Repellent
LIC_02888,Cc1nc2ncccc2c(=O)n1-c1ccc(F)c(NC(=O)c2ccc(Cl)c([N+](=O)[O-])c2)c1,1.0,0.875,0.4339622641509434,1.0,0.22983870967741937,1.0,Toxic Repellent
LIC_02887,O=C(Nc1nc(-c2ccccc2)c(C(=O)c2ccccc2)s1)c1ccc(N2C(=O)CCC2=O)cc1,1.0,0.6825396825396826,0.4339622641509434,1.0,0.03737839221710193,1.0,Toxic Repellent
LIC_02886,O=C(COc1ccc(Br)cc1)c1c(O)c2ccccc2oc1=O,1.0,0.6825396825396826,0.4339622641509434,1.0,0.03737839221710193,1.0,Toxic Repellent
LIC_02885,O=C1CC(N(C(=O)c2ccncc2)c2cccc(Cl)c2)C(=O)N1c1cccc(Cl)c1,1.0,0.6825396825396826,0.4339622641509434,1.0,0.03737839221710193,1.0,Toxic Repellent
LIC_02884,O=C(CCl)Nc1ccc2c(c1)C(=O)c1ccccc1C2=O,1.0,0.41304347826086957,0.4339622641509434,1.0,0.0,1.0,Toxic Repellent
LIC_02883,Cc1c(NC(=O)c2ccc(Cl)c([N+](=O)[O-])c2)c(=O)n(-c2ccccc2)n1C,1.0,0.6825396825396826,0.4339622641509434,1.0,0.03737839221710193,1.0,Toxic Repellent
LIC_02882,O=C(Nc1nc(-c2nc3ccccc3s2)cs1)c1ccc(N2C(=O)CCC2=O)cc1,1.0,0.6825396825396826,0.4339622641509434,1.0,0.03737839221710193,1.0,Toxic Repellent
LIC_02881,COC(=O)c1ccc(N2C(=O)CC(SCC(=O)Nc3ccc(C)c(C)c3)C2=O)cc1,1.0,0.6825396825396826,0.4339622641509434,1.0,0.03737839221710193,1.0,Toxic Repellent
LIC_02880,O=C(O)c1ccccc1SC1CC(=O)N(Cc2ccccc2)C1=O,1.0,0.43902439024390244,0.4339622641509434,1.0,0.0,1.0,Toxic Repellent
LIC_02879,N#CCCSc1ccccc1NC(=O)c1ccc(N2C(=O)CCC2=O)cc1,1.0,0.6825396825396826,0.4339622641509434,1.0,0.03737839221710193,1.0,Toxic Repellent
LIC_02878,Cc1ccc(N2C(=O)CC(SCC(=O)Nc3ccccc3)C2=O)cc1,1.0,0.43902439024390244,0.4339622641509434,1.0,0.0,1.0,Toxic Repellent
LIC_02877,O=C(O)c1ccccc1SC1CC(=O)N(c2ccccc2)C1=O,1.0,0.41304347826086957,0.4339622641509434,1.0,0.0,1.0,Toxic Repellent
LIC_02876,Cc1cccc(N2C(=O)CC(Sc3ccccc3C(=O)O)C2=O)c1C,1.0,0.43902439024390244,0.4339622641509434,1.0,0.0,1.0,Toxic Repellent
LIC_00016,Oc1ccc(OC2CCCCC2)cc1,1.0,0.72,0.4339622641509434,1.0,0.07483870967741935,1.0,Toxic Repellent
LIC_00015,Cc1ccc(-c2nc(C)no2)cn1,1.0,0.41304347826086957,0.4339622641509434,1.0,0.0,1.0,Toxic Repellent
LIC_00014,c1cc(-c2nc(C3CC3)no2)ccn1,1.0,0.43902439024390244,0.4339622641509434,1.0,0.0,1.0,Toxic Repellent
LIC_00013,c1ccc(OCC2CCOCC2)cc1,1.0,0.6825396825396826,0.4339622641509434,1.0,0.03737839221710193,1.0,Toxic Repellent
LIC_00012,c1cncc(-c2nc(C3CC3)no2)c1,1.0,0.41304347826086957,0.4339622641509434,1.0,0.0,1.0,Toxic Repellent
LIC_00011,c1ccc(-c2nc(C3CC3)no2)nc1,1.0,0.43902439024390244,0.4339622641509434,1.0,0.0,1.0,Toxic Repellent
LIC_00010,C=CCCC(=O)N1C2CCC1CC(=C)C2,1.0,0.5000000000000001,0.4339622641509434,1.0,0.0,1.0,Toxic Repellent
LIC_00009,CC(C)c1noc(-c2ccncc2)n1,1.0,0.43902439024390244,0.4339622641509434,1.0,0.0,1.0,Toxic Repellent
LIC_00008,CC(C)c1noc(-c2ccccn2)n1,1.0,0.43902439024390244,0.4339622641509434,1.0,0.0,1.0,Toxic Repellent
LIC_00007,Nc1ccnc2c1CCCC2,1.0,0.43902439024390244,0.4339622641509434,1.0,0.0,1.0,Toxic Repellent
LIC_00006,CC(C)CCn1c(N)nc2c1c(=O)n(C)c(=O)n2C,1.0,0.561069167031509,0.4339622641509434,1.0,0.0,1.0,Toxic Repellent
LIC_00004,c1cncc(CN2C3CCC2CC3)c1,1.0,0.3548387096774194,0.4339622641509434,1.0,0.0,1.0,Toxic Repellent
LIC_00003,CC(=O)N1CCCCC1c1cccnc1,1.0,0.3548387096774194,0.4339622641509434,1.0,0.0,1.0,Toxic Repellent
LIC_00002,Cc1cc(C(=O)NC2CCC3OCCOC3C2)n(C)n1,1.0,0.6825396825396826,0.4339622641509434,1.0,0.03737839221710193,1.0,Toxic Repellent
LIC_00001,CC(C)N1CC[C@@]2(C[C@H]3CC[C@@H](C2)N3)OC1=O,1.0,0.8727272727272727,0.4339622641509434,1.0,0.22756598240469206,1.0,Toxic Repellent
LIC_00413,Cc1cc2cc(CN)ccc2[nH]1,0.9883882754512966,0.3,0.42235053960224,1.0,0.0,0.9451612903225806,Toxic Repellent
LIC_00829,CC(C)c1cc(C(C)C)cc(C(C)C)c1,0.9375,0.6825396825396826,0.3714622641509434,1.0,0.03737839221710193,1.0,Toxic Repellent
LIC_00368,NCc1ccc2ccccc2n1,0.9375,0.3548387096774194,0.3714622641509434,1.0,0.0,1.0,Toxic Repellent
LIC_00586,CN1C(=O)Cc2cc(N)ccc21,0.8911696744466691,0.43902439024390244,0.32513193859761247,1.0,0.0,1.0,Toxic Repellent
LIC_00777,OCc1ccc2ccccc2c1,0.8421052631578947,0.41304347826086957,0.2760675273088381,1.0,0.0,1.0,Toxic Repellent
LIC_00109,c1ccc(OCC2CCOC2)cc1,0.8421052631578947,0.6825396825396826,0.2760675273088381,1.0,0.03737839221710193,1.0,Toxic Repellent
LIC_00706,Nc1ccc2occc(=O)c2c1,0.8421052631578947,0.43902439024390244,0.2760675273088381,1.0,0.0,1.0,Toxic Repellent
LIC_01719,CCCCC(C)(C)C=O,0.8421052631578947,0.6825396825396826,0.2760675273088381,1.0,0.03737839221710193,1.0,Toxic Repellent
LIC_00032,CC(NC1CC1)c1cccnc1,0.8421052631578947,0.3548387096774194,0.2760675273088381,1.0,0.0,1.0,Toxic Repellent
LIC_02176,CCCC(CCC)CC(=O)OCC,0.8421052631578947,0.6825396825396826,0.2760675273088381,1.0,0.03737839221710193,1.0,Toxic Repellent
LIC_00205,O=c1ccoc2cc(O)ccc12,0.8421052631578947,0.43902439024390244,0.2760675273088381,1.0,0.0,1.0,Toxic Repellent
LIC_00152,CC(N)Cc1cccc(O)c1,0.8421052631578947,0.43902439024390244,0.2760675273088381,1.0,0.0,1.0,Toxic Repellent
LIC_00131,CCc1ccc(C(O)CN)cc1,0.8,0.43902439024390244,0.23396226415094346,1.0,0.0,1.0,Toxic Repellent
LIC_00034,c1cncc(C2CCCCN2)c1,0.8,0.5000000000000001,0.23396226415094346,1.0,0.0,1.0,Toxic Repellent
LIC_00670,Nc1ccc2c(c1)CC(=O)N2,0.7142857142857143,0.43902439024390244,0.1482479784366577,1.0,0.0,1.0,Toxic Repellent
LIC_00155,COCCOc1ccc(O)cc1,0.6470588235294118,0.72,0.08102108768035521,1.0,0.07483870967741935,1.0,Toxic Repellent
LIC_00238,c1ccc(-c2ncc[nH]2)nc1,0.6470588235294118,0.43902439024390244,0.08102108768035521,1.0,0.0,1.0,Toxic Repellent
LIC_00182,Cc1ccc2c(c1)CC(=O)N2,0.6470588235294118,0.3,0.08102108768035521,1.0,0.0,0.9451612903225806,Toxic Repellent
LIC_00471,O=C(O)CNC(=O)c1cccs1,0.6470588235294118,0.5000000000000001,0.08102108768035521,1.0,0.0,1.0,Toxic Repellent
LIC_00285,O=C(O)CCc1cccc(O)c1,0.6470588235294118,0.3,0.08102108768035521,1.0,0.0,0.9451612903225806,Toxic Repellent
LIC_00005,c1cncc(CN2CCCC2)c1,0.6470588235294118,0.125,0.08102108768035521,1.0,0.0,0.7701612903225806,Holy Grail (Safe Repellent)
LIC_01582,S=c1[nH]nc(-c2cccnc2)o1,0.6470588235294118,0.43902439024390244,0.08102108768035521,1.0,0.0,1.0,Toxic Repellent
LIC_01526,O=Cc1ccc(C2CCC2)cc1,0.6470588235294118,0.41304347826086957,0.08102108768035521,1.0,0.0,1.0,Toxic Repellent
LIC_01476,NC(=S)N/N=C/c1ccccc1,0.6470588235294118,0.6825396825396826,0.08102108768035521,1.0,0.03737839221710193,1.0,Toxic Repellent
LIC_01298,O=C(O)/C=C/c1ccc(Br)cc1,0.6470588235294118,0.5000000000000001,0.08102108768035521,1.0,0.0,1.0,Toxic Repellent
LIC_00177,O=C1Cc2cc(Br)ccc2N1,0.6470588235294118,0.41304347826086957,0.08102108768035521,1.0,0.0,1.0,Toxic Repellent
LIC_00026,Cc1nc(-c2ccncc2)no1,0.6470588235294118,0.43902439024390244,0.08102108768035521,1.0,0.0,1.0,Toxic Repellent
LIC_00074,CC1(C)CCC(=O)CC1,0.5555555555555556,0.5000000000000001,0.0,1.0,0.0,1.0,Toxic Repellent
LIC_00020,Cn1cc2c(=O)[nH]c(=O)[nH]c2n1,0.5555555555555556,0.6825396825396826,0.0,1.0,0.03737839221710193,1.0,Toxic Repellent
LIC_00197,Cc1ccc(C(O)CN)cc1,0.5555555555555556,0.43902439024390244,0.0,1.0,0.0,1.0,Toxic Repellent
LIC_00062,CSc1ncccc1C(=O)O,0.5555555555555556,0.5000000000000001,0.0,1.0,0.0,1.0,Toxic Repellent
LIC_00190,COc1cccc(O)c1,0.5555555555555556,0.6825396825396826,0.0,1.0,0.03737839221710193,1.0,Toxic Repellent
LIC_00146,CCOc1ccc(O)cc1,0.5555555555555556,0.72,0.0,1.0,0.07483870967741935,1.0,Toxic Repellent
LIC_00144,Cn1c(=O)[nH]c(=O)c2[nH]cnc21,0.5555555555555556,0.6825396825396826,0.0,1.0,0.03737839221710193,1.0,Toxic Repellent
LIC_00423,c1ccc2[nH]cnc2c1,0.5555555555555556,0.43902439024390244,0.0,1.0,0.0,1.0,Toxic Repellent
LIC_00479,COc1cccc(C(C)=O)c1O,0.5555555555555556,0.43902439024390244,0.0,1.0,0.0,1.0,Toxic Repellent
LIC_00246,O=C(O)CSc1ccccc1,0.5555555555555556,0.43902439024390244,0.0,1.0,0.0,1.0,Toxic Repellent
LIC_00286,Cc1ccc(SCC(=O)O)cc1,0.5555555555555556,0.41304347826086957,0.0,1.0,0.0,1.0,Toxic Repellent
LIC_00509,NCC(=O)OCc1ccccc1,0.5555555555555556,0.43902439024390244,0.0,1.0,0.0,1.0,Toxic Repellent
LIC_00470,O=C1CC2CCCCC12,0.5555555555555556,0.6825396825396826,0.0,1.0,0.03737839221710193,1.0,Toxic Repellent
LIC_00914,CNS(=O)(=O)c1ccc(N)cc1,0.5555555555555556,0.8727272727272727,0.0,1.0,0.22756598240469206,1.0,Toxic Repellent
LIC_01383,O=Cc1cc2c(cc1O)OCO2,0.5555555555555556,0.6825396825396826,0.0,1.0,0.03737839221710193,1.0,Toxic Repellent
LIC_01775,O=Cc1ccc(O)cc1O,0.5555555555555556,0.6825396825396826,0.0,1.0,0.03737839221710193,1.0,Toxic Repellent
LIC_00124,COc1cc(O)cc(OC)c1,0.5555555555555556,0.8727272727272727,0.0,1.0,0.22756598240469206,1.0,Toxic Repellent
LIC_00186,COc1ccc(O)cc1,0.5555555555555556,0.72,0.0,1.0,0.07483870967741935,1.0,Toxic Repellent
LIC_00595,COc1cc(C(C)=O)ccc1O,0.5555555555555556,0.4483541631393551,0.0,1.0,0.0,1.0,Toxic Repellent
LIC_00516,CCC1(CC)CCCC1=O,0.5555555555555556,0.43902439024390244,0.0,1.0,0.0,1.0,Toxic Repellent
LIC_00025,NCCCCOc1ccccc1,0.5284315636574002,0.6825396825396826,0.0,1.0,0.03737839221710193,1.0,Toxic Repellent
LIC_00117,CC(C)C1CCCCC1O,0.4339622641509434,0.8727272727272727,0.0,1.0,0.22756598240469206,1.0,Bug Spray (Toxic)
LIC_00111,O=C1CC2CCC1C2,0.4339622641509434,0.8261619755791523,0.0,1.0,0.18100068525657165,1.0,Bug Spray (Toxic)
LIC_01698,CCn1c(=N)sc2ccccc21,0.4339622641509434,0.43902439024390244,0.0,1.0,0.0,1.0,Inactive
LIC_01573,ClCSc1nc2ccccc2s1,0.4339622641509434,0.6825396825396826,0.0,1.0,0.03737839221710193,1.0,Bug Spray (Toxic)
LIC_01784,O=C(O)c1ccc(O)c(O)c1O,0.4339622641509434,0.6825396825396826,0.0,1.0,0.03737839221710193,1.0,Bug Spray (Toxic)
LIC_01938,Cc1noc(-c2ccc[nH]2)n1,0.4339622641509434,0.43902439024390244,0.0,1.0,0.0,1.0,Inactive
LIC_01052,Cc1ccc(C(=O)O)c(S)n1,0.4339622641509434,0.5000000000000001,0.0,1.0,0.0,1.0,Bug Spray (Toxic)
LIC_01599,O=C(O)c1cc(O)c(O)c(O)c1,0.4339622641509434,0.72,0.0,1.0,0.07483870967741935,1.0,Bug Spray (Toxic)
LIC_00052,CC(O)COC(C)(C)C,0.4339622641509434,0.920863309352518,0.0,1.0,0.2757020190299374,1.0,Bug Spray (Toxic)
LIC_01535,Cn1cccc1/C=N/O,0.4339622641509434,0.72,0.0,1.0,0.07483870967741935,1.0,Bug Spray (Toxic)
LIC_00337,O=C(O)CSc1ccc(F)cc1,0.4339622641509434,0.43902439024390244,0.0,1.0,0.0,1.0,Inactive
LIC_00334,CCOC(=O)C1CCCC(=O)C1,0.4339622641509434,0.6825396825396826,0.0,1.0,0.03737839221710193,1.0,Bug Spray (Toxic)
LIC_00692,C#Cc1ccc(C(C)C)cc1,0.4339622641509434,0.43902439024390244,0.0,1.0,0.0,1.0,Inactive
LIC_00476,Oc1ncnc2[nH]ncc12,0.4339622641509434,0.8727272727272727,0.0,1.0,0.22756598240469206,1.0,Bug Spray (Toxic)
LIC_00231,O=c1ccoc2cc(Br)ccc12,0.4339622641509434,0.43902439024390244,0.0,1.0,0.0,1.0,Inactive
LIC_00174,NC(=O)c1ccncc1,0.4,0.6825396825396826,0.0,0.9660377358490566,0.03737839221710193,1.0,Bug Spray (Toxic)
LIC_01324,O=C(O)c1cccnc1Cl,0.22413793103448276,0.6825396825396826,0.0,0.7901756668835394,0.03737839221710193,1.0,Bug Spray (Toxic)
LIC_01644,NNC(=O)c1ccncc1,0.22413793103448276,0.6825396825396826,0.0,0.7901756668835394,0.03737839221710193,1.0,Bug Spray (Toxic)
LIC_00165,CCCC(C)C(C)N,0.22413793103448276,0.8727272727272727,0.0,0.7901756668835394,0.22756598240469206,1.0,Bug Spray (Toxic)
LIC_00168,O=c1[nH]cc(F)c(=O)[nH]1,0.22413793103448276,0.6825396825396826,0.0,0.7901756668835394,0.03737839221710193,1.0,Bug Spray (Toxic)
LIC_00108,Cc1ccc(S(=O)(=O)O)cc1,0.22413793103448276,0.5000000000000001,0.0,0.7901756668835394,0.0,1.0,Bug Spray (Toxic)
LIC_00252,CC1(C)CCCC1=O,0.22413793103448276,0.6825396825396826,0.0,0.7901756668835394,0.03737839221710193,1.0,Bug Spray (Toxic)
LIC_01371,COc1c(O)cccc1C=O,0.22413793103448276,0.6825396825396826,0.0,0.7901756668835394,0.03737839221710193,1.0,Bug Spray (Toxic)
LIC_00370,O=C1Cc2ccccc2N1,0.22413793103448276,0.3,0.0,0.7901756668835394,0.0,0.9451612903225806,Inactive
LIC_00421,CC(C)(C)OC(=O)NCC(N)=O,0.22413793103448276,0.8727272727272727,0.0,0.7901756668835394,0.22756598240469206,1.0,Bug Spray (Toxic)
LIC_00376,O=C(O)c1cc(Cl)ccc1O,0.22413793103448276,0.6825396825396826,0.0,0.7901756668835394,0.03737839221710193,1.0,Bug Spray (Toxic)
LIC_00145,CC(C)(N)C1CCC1,0.2028985507246377,0.920863309352518,0.0,0.7689362865736943,0.2757020190299374,1.0,Bug Spray (Toxic)
LIC_00577,CNCc1ccco1,0.2028985507246377,0.6825396825396826,0.0,0.7689362865736943,0.03737839221710193,1.0,Bug Spray (Toxic)
LIC_01621,O=C(O)c1cccnc1S,0.2028985507246377,0.6825396825396826,0.0,0.7689362865736943,0.03737839221710193,1.0,Bug Spray (Toxic)
LIC_01025,CSc1nc2ccccc2s1,0.2028985507246377,0.5000000000000001,0.0,0.7689362865736943,0.0,1.0,Bug Spray (Toxic)
LIC_00539,COc1coc(CO)cc1=O,0.2028985507246377,0.6825396825396826,0.0,0.7689362865736943,0.03737839221710193,1.0,Bug Spray (Toxic)
LIC_00388,CCC(CC)CC(=O)O,0.2028985507246377,0.8727272727272727,0.0,0.7689362865736943,0.22756598240469206,1.0,Bug Spray (Toxic)
LIC_00461,CC(=O)N1CCCC(=O)CC1,0.2028985507246377,0.6825396825396826,0.0,0.7689362865736943,0.03737839221710193,1.0,Bug Spray (Toxic)
LIC_01846,NNC(=O)c1ccccc1,0.1,0.5000000000000001,0.0,0.6660377358490566,0.0,1.0,Bug Spray (Toxic)
LIC_00023,O=C1CCCCN1CCO,0.1,0.8727272727272727,0.0,0.6660377358490566,0.22756598240469206,1.0,Bug Spray (Toxic)
LIC_00059,CC1(C)CCCC1O,0.1,0.920863309352518,0.0,0.6660377358490566,0.2757020190299374,1.0,Bug Spray (Toxic)
LIC_00079,O=C(O)C1CCOC1,0.075,0.920863309352518,0.0,0.6410377358490565,0.2757020190299374,1.0,Bug Spray (Toxic)
LIC_00433,CCOC(=O)C1CCC(=O)C1,0.075,0.6825396825396826,0.0,0.6410377358490565,0.03737839221710193,1.0,Bug Spray (Toxic)
LIC_00234,CCC(C)CC(=O)O,0.075,0.920863309352518,0.0,0.6410377358490565,0.2757020190299374,1.0,Bug Spray (Toxic)
LIC_01593,CCOC(=O)CCC=O,0.014705882352941176,0.8741012928684859,0.0,0.5807436182019977,0.2289400025459053,1.0,Bug Spray (Toxic)
LIC_00345,COC(=O)C(C)C1CCOC1,0.014705882352941176,0.8727272727272727,0.0,0.5807436182019977,0.22756598240469206,1.0,Bug Spray (Toxic)
LIC_00051,O=C(O)C1CCCOC1,0.014705882352941176,0.920863309352518,0.0,0.5807436182019977,0.2757020190299374,1.0,Bug Spray (Toxic)
