Compound_ID,SMILES,InChIKey,Insecticidal_Active,ChEMBL_ID,N_Assay_Records,Best_pChEMBL,Median_pChEMBL,Target_Organisms,Source
DEC_00032,CC(C)(O)C#N,MWFMGBPGAXYFAR-UHFFFAOYSA-N,1,CHEMBL1231861,1,,,Musca domestica,ChEMBL
EXT_00001,Cc1ccc(N[C@H]2C[C@@H](C)N(C(=O)c3cccc(F)c3)c3ccc(C)cc32)cc1,AAKMQRFRNKSENC-JPYJTQIMSA-N,1,CHEMBL58644,1,5.52,5.52,Aedes aegypti,ChEMBL
EXT_00002,COP1(=S)NCC(c2ccc(-c3ccccc3)cc2)O1,AASAYAXVIVGERS-UHFFFAOYSA-N,0,CHEMBL2289017,1,,,Tribolium castaneum,ChEMBL
EXT_00003,O=[N+]([O-])/N=C1/N(CCCOCCCN2CCN(Cc3ccc(Cl)nc3)/C2=N\[N+](=O)[O-])CCN1Cc1ccc(Cl)nc1,AAWRCBWYNSEVTD-HONQWNAWSA-N,1,CHEMBL2252495,1,5.58,5.58,Musca domestica,ChEMBL
EXT_00004,O=[N+]([O-])/N=C1/N(CCCOCCCN2CCN(Cc3ccc(Cl)nc3)/C2=N/[N+](=O)[O-])CCN1Cc1ccc(Cl)nc1,AAWRCBWYNSEVTD-UEUMJKGWSA-N,0,CHEMBL2286696,1,4.14,4.14,Musca domestica,ChEMBL
EXT_00005,CCN1CCN(C2CCN(C(=O)COc3ccc4c(c3)CCC4=O)CC2)CC1,ABWKLFAGXDXGFC-UHFFFAOYSA-N,1,CHEMBL4287340,3,6.7,6.54,"Aedes aegypti,Anopheles gambiae",ChEMBL
EXT_00006,CC(C)(C)c1cccc(C(=O)C(F)F)c1,ACIBUVSZJSBTER-UHFFFAOYSA-N,1,CHEMBL3623554,2,8.04,8.024999999999999,Anopheles gambiae,ChEMBL
EXT_00007,CCN(Cc1cnc(Cl)s1)/C(=C/[N+](=O)[O-])NC,ADCNCRGCZHWZAS-SOFGYWHQSA-N,1,CHEMBL2269818,1,6.8,6.8,Drosophila melanogaster,ChEMBL
EXT_00008,S=C(S)NN1CCOCC1,AELJUOLUTZKBIA-UHFFFAOYSA-N,1,CHEMBL2023163,2,7.88,7.779999999999999,Drosophila melanogaster,ChEMBL
EXT_00009,CN1CCN(CC2CCOC2)/C(=N\C#N)C1=O,AGIXBXOWTIRXQT-RAXLEYEMSA-N,1,CHEMBL2272684,1,6.29,6.29,Musca domestica,ChEMBL
EXT_00010,Cc1ccccc1C(=O)NN(C(=O)c1ccccc1Cl)C(C)(C)C,AGKKEYBHKKSJSF-UHFFFAOYSA-N,1,CHEMBL2286423,2,6.36,5.475,"Drosophila melanogaster,Spodoptera littoralis",ChEMBL
EXT_00011,C=CCOCCCOc1ccc(Oc2ccccc2)cc1,AINHTKLJSKMPIF-UHFFFAOYSA-N,1,CHEMBL2272148,1,9.07,9.07,Culex pipiens,ChEMBL
EXT_00012,O=[N+]([O-])/C=C1\NCCN1Cc1ccc(Cl)nc1,ALNDHUQPXHHNON-JXMROGBWSA-N,1,CHEMBL1391421,1,9.92,9.92,Drosophila melanogaster,ChEMBL
EXT_00013,CC(C)(C)N(NC(=O)c1ccccc1)C(=O)c1ccc(Cl)c(Cl)c1Cl,AMGIERNTMSYGFH-UHFFFAOYSA-N,1,CHEMBL2286421,1,5.28,5.28,Spodoptera littoralis,ChEMBL
EXT_00014,CC(C)CNCCCOc1ccc(Oc2ccccc2)cc1,AMXHWYVGCAVKJP-UHFFFAOYSA-N,1,CHEMBL2271821,1,8.37,8.37,Culex pipiens,ChEMBL
EXT_00015,O=c1cccc2n1C[C@@H]1CNC[C@H]2C1,ANJTVLIZGCUXLD-DTWKUNHWSA-N,1,CHEMBL497939,1,5.91,5.91,Musca domestica,ChEMBL
EXT_00016,CCC(CC)Cc1ccc(OCCCCNOC)cc1,AOCHZQAMEPXLEK-UHFFFAOYSA-N,1,CHEMBL2272190,1,6.3,6.3,Culex pipiens,ChEMBL
EXT_00017,FC1CCc2cn(-c3c(Cl)cc(C(F)(F)F)cc3Cl)nc21,AOVZEJRHIVGBCA-UHFFFAOYSA-N,1,CHEMBL203952,1,6.54,6.54,Musca domestica,ChEMBL
EXT_00018,CCONCCCOc1ccc(Oc2cccc(C)c2)cc1,AOZGKMUNIVXCHL-UHFFFAOYSA-N,1,CHEMBL2271811,1,9.85,9.85,Culex pipiens,ChEMBL
EXT_00019,NS(=O)(=O)c1ccc(NC(=S)NCCN2CCCCC2)cc1,APJQUZJJYBHJSQ-UHFFFAOYSA-N,0,CHEMBL4079963,2,5.11,4.795,Anopheles gambiae,ChEMBL
EXT_00020,CCCCCCOCC(C)=O,APOKGGYUGXMFNF-UHFFFAOYSA-N,0,CHEMBL153556,1,,,Drosophila melanogaster,ChEMBL
EXT_00021,CC(C)(C)N(NC(=O)c1ccccc1)C(=O)c1ccccc1I,APOKTNFWHFJVHX-UHFFFAOYSA-N,0,CHEMBL2286738,2,5.92,4.98,Drosophila melanogaster,ChEMBL
EXT_00022,COC(=O)CCCc1nc(-c2ccc(Cl)c(Cl)c2)no1,AQKAZOMSXDNOMV-UHFFFAOYSA-N,1,CHEMBL2442683,1,,,Aedes aegypti,ChEMBL
EXT_00023,O=[N+]([O-])/N=C1\NCCN1Cc1cnc(Cl)c(I)c1,ARTXOKALKYDCFO-UHFFFAOYSA-N,1,CHEMBL2287707,1,6.47,6.47,Musca domestica,ChEMBL
EXT_00024,Cc1cccc(Oc2ccc(OCCNCC(C)C)cc2)c1,ASOJJSIYOVBYDL-UHFFFAOYSA-N,1,CHEMBL2271816,1,10.0,10.0,Culex pipiens,ChEMBL
EXT_00025,Cc1ccccc1C(=O)N(NC(=O)c1cccc(F)c1)C(C)(C)C,ATAGSKVAWDKBCP-UHFFFAOYSA-N,1,CHEMBL2286424,1,6.34,6.34,Spodoptera littoralis,ChEMBL
EXT_00026,CCCCCC[Se](=O)CC(C)=O,ATYSQAZWBVZWSB-UHFFFAOYSA-N,0,CHEMBL152225,1,4.45,4.45,Drosophila melanogaster,ChEMBL
EXT_00027,Cc1cc(C(F)(F)F)ccc1C(=O)Nc1ccccc1C(=O)NC(C)C,AVUSSQWWMZTAIB-UHFFFAOYSA-N,1,CHEMBL198073,1,,,Spodoptera frugiperda,ChEMBL
EXT_00028,CCO/N=C/CCOc1ccc(OC(CC)CC)cc1,AWNDPWYRSIVIDH-SFQUDFHCSA-N,1,CHEMBL2271835,1,8.19,8.19,Culex pipiens,ChEMBL
EXT_00029,CC(C)(C)OC(=O)NCCCCCC(=O)O[C@H]1[C@H](O)[C@@H](CO)O[C@H]1n1cc(/C=C/Br)c(=O)[nH]c1=O,AWSGRGMUUJQCOH-WDVHKUKPSA-N,0,CHEMBL240510,1,4.11,4.11,Drosophila melanogaster,ChEMBL
EXT_00030,C=CC(C#N)OC(=O)C(C)(C)C,AXPLNBQLPDERGQ-UHFFFAOYSA-N,1,CHEMBL2271408,1,,,Musca domestica,ChEMBL
EXT_00031,C/C(=N\C#N)NCc1ccc(Cl)nc1,AYEAUPRZTZWBBF-UHFFFAOYSA-N,0,CHEMBL2287444,1,,,Musca domestica,ChEMBL
EXT_00032,Cc1ccccc1C(=O)N(NC(=O)c1ccccc1)C(C)(C)C,AYLKNFWSAOQHIN-UHFFFAOYSA-N,1,CHEMBL2286740,2,5.42,5.42,Drosophila melanogaster,ChEMBL
EXT_00033,CC(C)O/N=C/COc1ccc(Cc2ccccc2)cc1,AZOIQYGYIVNADC-XDHOZWIPSA-N,1,CHEMBL2271777,1,7.72,7.72,Culex pipiens,ChEMBL
EXT_00034,O=[N+]([O-])/N=C1\N(CCCCCCCCCCN2CCN(Cc3ccc(Cl)nc3)/C2=N/[N+](=O)[O-])CCN1Cc1ccc(Cl)nc1,BAGKOBAZPHKDPG-SWMYPXFDSA-N,0,CHEMBL2271617,1,4.57,4.57,Musca domestica,ChEMBL
EXT_00035,CC(C)CSc1cccc(OS(C)(=O)=O)n1,BBPAPSVFSDRUHU-UHFFFAOYSA-N,0,CHEMBL2286245,1,,,Musca domestica,ChEMBL
EXT_00036,CN(C)CCCN1C(=O)CSC1c1ccccc1F,BCZDQSFUMAUKCC-UHFFFAOYSA-N,0,CHEMBL5404393,1,4.64,4.64,Anopheles gambiae,ChEMBL
EXT_00037,Nc1ccc(S(=O)(=O)Nc2nnc(S(N)(=O)=O)s2)cc1,BDLSLORLEPSOGW-UHFFFAOYSA-N,1,CHEMBL268439,1,8.17,8.17,Anopheles gambiae,ChEMBL
EXT_00038,CC(C)c1ccc(C(=O)NN(C(=O)c2ccccc2Cl)C(C)(C)C)cc1,BESRNNXBPJIRJI-UHFFFAOYSA-N,1,CHEMBL2286428,3,7.82,7.76,"Drosophila melanogaster,Spodoptera frugiperda,Spodoptera littoralis",ChEMBL
EXT_00039,CN1CCN(NC(=S)S)CC1,BFGJSMAQQPSMEH-UHFFFAOYSA-N,1,CHEMBL2023164,2,9.05,8.455,Drosophila melanogaster,ChEMBL
EXT_00040,CCOP(=O)(OCC)SCCCCCCN1C(=O)c2ccccc2C1=O,BGOCFQMFHYPMOD-UHFFFAOYSA-N,1,CHEMBL2252850,2,5.42,5.225,"Drosophila melanogaster,Musca domestica",ChEMBL
EXT_00041,CCN1CCCC1CNC(=O)c1cc(S(N)(=O)=O)ccc1OC,BGRJTUBHPOOWDU-UHFFFAOYSA-N,1,CHEMBL26,1,7.53,7.53,Anopheles gambiae,ChEMBL
EXT_00042,Cc1cn(C/C=C\COC(c2ccccc2)(c2ccccc2)c2ccccc2)c(=O)[nH]c1=O,BHMZJUVAVWRNLN-QXMHVHEDSA-N,1,CHEMBL101135,1,5.48,5.48,Drosophila melanogaster,ChEMBL
EXT_00043,CCCONCCOc1ccc(Oc2cccc(C)c2)cc1,BHOUZQSCLBIKOC-UHFFFAOYSA-N,1,CHEMBL2271807,1,8.76,8.76,Culex pipiens,ChEMBL
EXT_00044,CC(C)(C)N(NC(=O)c1ccccc1)C(=O)c1ccccc1C(F)(F)F,BHSQODKUEYDLIS-UHFFFAOYSA-N,1,CHEMBL2286420,3,6.1,5.44,"Drosophila melanogaster,Spodoptera littoralis",ChEMBL
EXT_00045,CS[C@@H]1[C@@H](N)[C@@H](O)[C@@H](O)[C@H]1O,BLOFGONIVNXZME-YDMGZANHSA-N,1,CHEMBL9623,1,6.82,6.82,Drosophila melanogaster,ChEMBL
EXT_00046,CCCCCC[Se]CC(=O)C(F)(F)F,BMOVRSNYGHMRBE-UHFFFAOYSA-N,1,CHEMBL153177,1,6.46,6.46,Drosophila melanogaster,ChEMBL
EXT_00047,CC(C)CC[C@@H](O)[C@](C)(O)[C@H]1CC[C@H]2[C@@H]3CC(=O)[C@@H]4C[C@H](O)CC[C@]4(C)[C@H]3CC[C@]12C,BMTTUHNUPKSNHI-FQTOXTOYSA-N,0,CHEMBL558256,1,4.05,4.05,Drosophila melanogaster,ChEMBL
EXT_00048,CC(C)CC[C@@H](O)[C@](C)(O)[C@H]1CC[C@H]2[C@@H]3CC(=O)[C@H]4C[C@H](O)CC[C@]4(C)[C@H]3CC[C@]12C,BMTTUHNUPKSNHI-NBNOIDAGSA-N,1,CHEMBL559941,1,6.1,6.1,Drosophila melanogaster,ChEMBL
EXT_00049,CC(C)CC[C@@H](O)[C@](C)(O)[C@H]1CC[C@H]2[C@@H]3CC(=O)[C@H]4C[C@@H](O)CC[C@]4(C)[C@H]3CC[C@]12C,BMTTUHNUPKSNHI-XCTRBCSVSA-N,1,CHEMBL560796,1,5.02,5.02,Drosophila melanogaster,ChEMBL
EXT_00050,CSCC[C@@H]1NC(=O)[C@H](CC(=O)O)NC(=O)[C@H](CCC(=O)O)NC(=O)[C@@H]2CSSC[C@H](NC(=O)[C@@H](N)Cc3ccc(O)cc3)C(=O)N[C@@H](CCC(N)=O)C(=O)N[C@@H](CCCCN)C(=O)N[C@@H](Cc3ccccc3)C(=O)N[C@@H](CC(C)C)C(=O)N[C@@H](Cc3c[nH]c4ccccc34)C(=O)N[C@@H]([C@@H](C)O)C(=O)N[C@H]3CSSC[C@H](NC(=O)[C@H](C(C)C)NC1=O)C(=O)N[C@@H](CCC(=O)O)C(=O)N[C@@H](CC(C)C)C(=O)N[C@@H](Cc1c[nH]c4ccccc14)C(=O)N[C@H](C(=O)N[C@@H](CCCCN)C(=O)N[C@@H](Cc1ccc(O)cc1)C(=O)N[C@@H](CCCCN)C(=O)N[C@@H](CCC(=O)O)C(=O)O)CSSC[C@H](NC(=O)[C@H](CCCCN)NC(=O)[C@H](CCCNC(=N)N)NC(=O)[C@H](CCC(=O)O)NC(=O)[C@H]([C@@H](C)O)NC(=O)[C@H](CC(=O)O)NC3=O)C(=O)N2,BMZVQAWCJXIJDE-WMYNLDKDSA-N,1,CHEMBL2272095,2,7.6,7.595,Blattella germanica,ChEMBL
EXT_00051,CCN1CCN(C2CCN(C(=O)COc3ccc(-c4ccccc4)cc3)CC2)CC1,BODMOCLWYAYDCG-UHFFFAOYSA-N,1,CHEMBL3965046,5,6.68,6.66,"Aedes aegypti,Anopheles gambiae",ChEMBL
EXT_00052,CC(C)ONCCCOc1ccc(Cc2ccccc2)cc1,BOMYNNLDMFJZHK-UHFFFAOYSA-N,1,CHEMBL2271813,1,9.49,9.49,Culex pipiens,ChEMBL
EXT_00053,CCCCCCCCS(=O)(=O)[C@H]1O[C@H](CO)[C@@H](O)[C@H](O)[C@@H]1O,BOZLAAFUAKZBCA-PEBLQZBPSA-N,0,CHEMBL1689642,1,,,Drosophila melanogaster,ChEMBL
EXT_00054,CC(C)CNC(=O)/C=C/C=C/CC/C=C/c1ccc2c(c1)OCO2,BPSWISYORIWKCT-FCGWLDPVSA-N,1,CHEMBL255152,1,,,Aedes aegypti,ChEMBL
EXT_00055,CCCN(CCC)C(=S)S,BQCRLWBELMWYQA-UHFFFAOYSA-N,1,CHEMBL2023720,2,8.41,8.02,Drosophila melanogaster,ChEMBL
EXT_00056,CCCCc1cn([C@H]2C[C@H](n3cc(C)c(=O)[nH]c3=O)O[C@@H]2CO)nn1,BQPFJKYLPCZFDB-BFHYXJOUSA-N,1,CHEMBL1089805,1,5.39,5.39,Drosophila melanogaster,ChEMBL
EXT_00057,CCC(CC)Oc1ccc(OCC/C=N/OC(C)C)cc1,BTERSLVHOGVBSY-LDADJPATSA-N,1,CHEMBL2271837,1,9.3,9.3,Culex pipiens,ChEMBL
EXT_00058,CCO/N=C/COc1ccc(Oc2ccc([N+](=O)[O-])cc2)cc1,BUGJJYHVKQGOSI-GZTJUZNOSA-N,1,CHEMBL2271477,1,7.08,7.08,Culex pipiens,ChEMBL
EXT_00059,O=C(O)CCc1nc(-c2ccc(F)cc2)no1,BUMRHSFCLPSTJE-UHFFFAOYSA-N,0,CHEMBL2442675,1,,,Aedes aegypti,ChEMBL
EXT_00060,COC(=O)[C@]12Oc3cc(C)cc(O)c3C(=O)C1=CC=C[C@H]2O,BVPTZDRKEDPTOX-WBMJQRKESA-N,1,CHEMBL91382,1,5.66,5.66,Drosophila melanogaster,ChEMBL
EXT_00061,CC(=O)/C=C/c1ccccc1,BWHOZHOGCMHOBV-BQYQJAHWSA-N,0,CHEMBL73639,2,4.42,4.42,Plutella xylostella,ChEMBL
EXT_00062,C=CCCCCCCCCCCC1=C[C@H](C)OC1=O,BWPRZTNWIXWGLA-HNNXBMFYSA-N,1,CHEMBL477914,1,,,Aedes aegypti,ChEMBL
EXT_00063,Cn1nc(S(N)(=O)=O)sc1=N,BWSMJWLWXNCHHP-UHFFFAOYSA-N,1,CHEMBL6753,1,5.77,5.77,Anopheles gambiae,ChEMBL
EXT_00064,CC(C)CN1C[C@H](CCCCN)N=C(SCCC(N)=O)c2nn(CC(C)C)cc21,BXAOBODAUFERDG-KRWDZBQOSA-N,1,CHEMBL3944838,1,5.21,5.21,Drosophila melanogaster,ChEMBL
EXT_00065,CC(C)c1ccc(/C=N\NC(=O)CCC2CCCCC2)cc1,BXDLQJJEKKTORC-ZHZULCJRSA-N,0,CHEMBL2285735,2,,,Aedes aegypti,ChEMBL
EXT_00066,CN1CCN(CCCNC(=O)COc2ccc(I)cc2)CC1,BYDXCUSLIRMEED-UHFFFAOYSA-N,0,CHEMBL4281203,3,,,"Aedes aegypti,Anopheles gambiae",ChEMBL
EXT_00067,C=C1C(CCCC)=C(C#N)C(=O)N1c1cc(Cl)ccc1C,BYMFFOFENPJXCG-UHFFFAOYSA-N,0,CHEMBL1254865,1,4.9,4.9,Lucilia cuprina,ChEMBL
EXT_00068,Cc1cccc(C(=O)NC(C)C)c1NC(=O)c1cnc(C(F)(F)F)nc1C(C)C,BYTBRPMPYKKSNU-UHFFFAOYSA-N,1,CHEMBL371110,2,,,"Plutella xylostella,Spodoptera frugiperda",ChEMBL
EXT_00069,Cc1cc(Cl)cc(C(=O)NC(C)C)c1NC(=O)c1cc(OC(F)F)nn1-c1ncccc1Cl,BYZPUFVTFPWTAI-UHFFFAOYSA-N,1,CHEMBL248990,2,,,"Plutella xylostella,Spodoptera frugiperda",ChEMBL
EXT_00070,CCO/N=C/COc1ccc(Oc2cc(C)ccc2C)cc1,BZDAOOXAQHTCFW-YBFXNURJSA-N,1,CHEMBL2271767,1,6.61,6.61,Culex pipiens,ChEMBL
EXT_00071,CC(=O)Nc1nnc(S(N)(=O)=O)s1,BZKPWHYZMXOIDC-UHFFFAOYSA-N,1,CHEMBL20,3,7.56,7.11,"Anopheles gambiae,Drosophila melanogaster",ChEMBL
EXT_00072,COc1ccc(C(=O)N2c3ccccc3[C@@H](Nc3ccccc3)C[C@H]2C)cc1,CAISBOLWNVMBDP-VGSWGCGISA-N,1,CHEMBL61240,1,5.84,5.84,Aedes aegypti,ChEMBL
EXT_00073,C=C1C(CC)=C(C#N)C(=O)N1c1cc(Cl)c(Cl)cc1Cl,CAQVLEQDFJYVHE-UHFFFAOYSA-N,1,CHEMBL1253279,1,5.14,5.14,Lucilia cuprina,ChEMBL
EXT_00074,CC(C)CN(CC(C)C)C(=S)S,CBQPQMSTIARRSA-UHFFFAOYSA-N,1,CHEMBL2023719,2,9.05,8.375,Drosophila melanogaster,ChEMBL
EXT_00075,Cc1ccc(C(=O)NN(C(=O)c2ccccc2Cl)C(C)(C)C)cc1,CDBUBDOIZDUJLX-UHFFFAOYSA-N,1,CHEMBL2286719,3,7.28,6.66,"Drosophila melanogaster,Spodoptera frugiperda",ChEMBL
EXT_00076,Cc1cc(C(F)(F)F)ccc1C(=O)Nc1c(C)cccc1C(=O)NC(C)C,CDUAFZYLGJINQX-UHFFFAOYSA-N,1,CHEMBL198485,2,,,"Plutella xylostella,Spodoptera frugiperda",ChEMBL
EXT_00077,O=C(O)CCCc1nc(-c2ccc(Br)cc2)no1,CEILSLWYFCDNGC-UHFFFAOYSA-N,1,CHEMBL2442679,2,,,Aedes aegypti,ChEMBL
EXT_00078,CCN(Cc1ccc(Cl)nc1)/C(=C/[N+](=O)[O-])NC,CFRPSFYHXJZSBI-DHZHZOJOSA-N,1,CHEMBL259728,1,7.96,7.96,Drosophila melanogaster,ChEMBL
EXT_00079,O=C1N(Cc2ccccc2)C2C[S+]3CCCC3C2N1Cc1ccccc1,CHQOEHPMXSHGCL-UHFFFAOYSA-N,1,CHEMBL1201329,1,5.56,5.56,Musca domestica,ChEMBL
EXT_00080,Cc1ccc(NC2CC(C)N(C(=O)c3ccc(C)cc3)c3ccc(C)cc32)cc1,CJZKOPDDNLGIFG-UHFFFAOYSA-N,0,CHEMBL2286417,2,5.3,4.715,"Aedes aegypti,Spodoptera littoralis",ChEMBL
EXT_00081,Cc1ccc(N[C@H]2C[C@@H](C)N(C(=O)c3ccc(C)cc3)c3ccc(C)cc32)cc1,CJZKOPDDNLGIFG-YKSBVNFPSA-N,1,CHEMBL57199,1,5.3,5.3,Aedes aegypti,ChEMBL
EXT_00082,Cc1noc(C2CN3CCC2CC3)n1,CJZKUTNGRZKBRH-UHFFFAOYSA-N,1,CHEMBL279356,2,5.88,5.88,Drosophila melanogaster,ChEMBL
EXT_00083,CC(C)(C)N(NC(=O)c1ccc(Cl)cc1)C(=O)c1ccccc1,CNKHSLKYRMDDNQ-UHFFFAOYSA-N,1,CHEMBL226969,2,6.34,5.725,"Drosophila melanogaster,Spodoptera littoralis",ChEMBL
EXT_00084,COc1ccc(C2SCC(=O)N2CCCN(C)C)cc1,CPILGZZHWWNMTE-UHFFFAOYSA-N,0,CHEMBL1202929,1,4.28,4.28,Anopheles gambiae,ChEMBL
EXT_00085,Cc1cn([C@H]2C[C@H](n3ccnn3)[C@@H](CO)O2)c(=O)[nH]c1=O,CPWUCLYZTKEZPT-IVZWLZJFSA-N,0,CHEMBL1092729,1,4.4,4.4,Drosophila melanogaster,ChEMBL
EXT_00086,CCCCOCCOc1ccc(CC(CC)CC)cc1,CQNYJHGGJQCAED-UHFFFAOYSA-N,1,CHEMBL2272184,1,6.78,6.78,Culex pipiens,ChEMBL
EXT_00087,CC(C)NCc1cccnc1,CRYXHQBSIQUCFG-UHFFFAOYSA-N,0,CHEMBL2286834,1,,,Musca domestica,ChEMBL
EXT_00088,CCCCN(Cc1ccc(Cl)nc1)/C(C)=N/C#N,CSPONRXKJGQJJG-GZTJUZNOSA-N,0,CHEMBL2287449,1,,,Musca domestica,ChEMBL
EXT_00089,C#CCOCCCOc1ccc(Oc2ccccc2)cc1,CTHBAHNIRMLDDP-UHFFFAOYSA-N,1,CHEMBL2272149,1,9.01,9.01,Culex pipiens,ChEMBL
EXT_00090,CCCOCCCCOc1ccc(Oc2ccccc2)cc1,CTSMDNJQLJHPFE-UHFFFAOYSA-N,1,CHEMBL2271773,1,8.21,8.21,Culex pipiens,ChEMBL
EXT_00091,C=C1C(C)=C(C#N)C(=O)N1c1ccccc1C(F)(F)F,CUNRZLSTHSQJPH-UHFFFAOYSA-N,0,CHEMBL1253617,1,4.32,4.32,Lucilia cuprina,ChEMBL
EXT_00092,COc1cccc(C(=O)N2c3ccccc3[C@@H](Nc3ccccc3)C[C@H]2C)c1,CUOBWTUYPBFNMO-VGSWGCGISA-N,1,CHEMBL301407,1,6.16,6.16,Aedes aegypti,ChEMBL
EXT_00093,Cc1ccc(N[C@H]2C[C@@H](C)N(C(=O)c3ccccc3C(F)(F)F)c3ccc(C)cc32)cc1,CVBHDWJVOPGPSJ-JPYJTQIMSA-N,0,CHEMBL58140,1,4.48,4.48,Aedes aegypti,ChEMBL
EXT_00094,O=C1NS(=O)(=O)c2ccccc21,CVHZOJJKTDOEJC-UHFFFAOYSA-N,1,CHEMBL310671,1,7.02,7.02,Anopheles gambiae,ChEMBL
EXT_00095,O=[N+]([O-])/N=C1\N(CCN2CCN(Cc3ccc(Cl)nc3)/C2=N/[N+](=O)[O-])CCN1Cc1ccc(Cl)nc1,CVQOTCCIWHDRIJ-FQHZWJPGSA-N,0,CHEMBL2271609,1,,,Musca domestica,ChEMBL
EXT_00096,CNC(=O)c1cc(Cl)cc(C)c1NC(=O)c1cc(OC(F)F)nn1-c1ncccc1Cl,CVQXBTHBORPBOY-UHFFFAOYSA-N,1,CHEMBL248989,2,,,"Plutella xylostella,Spodoptera frugiperda",ChEMBL
EXT_00097,CNC(=O)Oc1cccc2ccccc12,CVXBEEMKQHEXEN-UHFFFAOYSA-N,1,CHEMBL46917,1,6.7,6.7,Musca domestica,ChEMBL
EXT_00098,O=[N+]([O-])/N=C1\N(Cc2ccc(Cl)nc2)CCN1Cc1ccc(CN2CCN(Cc3ccc(Cl)nc3)/C2=N\[N+](=O)[O-])s1,CWUFWAMBOVQRTB-HCTXVGCHSA-N,1,CHEMBL2252497,1,6.82,6.82,Musca domestica,ChEMBL
EXT_00099,O=[N+]([O-])/N=C1\NCCN1Cc1cnc(Cl)c([N+](=O)[O-])c1,CXXGDPNBMSXXBY-UHFFFAOYSA-N,1,CHEMBL2287962,1,6.59,6.59,Musca domestica,ChEMBL
EXT_00100,COC1=C(C)C(=O)c2ccnc(C)c2C1=O,CYEQNCOGYHCBOC-UHFFFAOYSA-N,0,CHEMBL506898,1,,,Spodoptera littoralis,ChEMBL
EXT_00101,CNC(=O)c1cc(Cl)cc(C)c1NC(=O)c1cc(OCC(F)(F)F)nn1-c1ncccc1Cl,CZIMVAXURLUEMM-UHFFFAOYSA-N,1,CHEMBL248991,2,,,"Plutella xylostella,Spodoptera frugiperda",ChEMBL
EXT_00102,O=C(/N=C1/N(CCCCCCCCN2CCN(Cc3ccc(Cl)nc3)/C2=N\C(=O)C(F)(F)F)CCN1Cc1ccc(Cl)nc1)C(F)(F)F,CZXGFCAYVVXWLU-HEPSPIFKSA-N,0,CHEMBL2252349,1,4.58,4.58,Musca domestica,ChEMBL
EXT_00103,CCO/N=C/COc1ccc(Oc2ccccc2OC)cc1,DAYPAJSPEQJZTG-LDADJPATSA-N,1,CHEMBL2271796,1,6.81,6.81,Culex pipiens,ChEMBL
EXT_00104,C(\CCOc1ccc(Cc2ccccc2)cc1)=N/OC1CCCC1,DCKXTHMJDCHKOD-PXLXIMEGSA-N,1,CHEMBL2271789,1,8.42,8.42,Culex pipiens,ChEMBL
EXT_00105,CC(C)(C)N(NC(=O)c1ccc(-c2ccccc2)cc1)C(=O)c1ccccc1Cl,DDPUNGNZNRSVAQ-UHFFFAOYSA-N,1,CHEMBL2286462,1,5.17,5.17,Spodoptera frugiperda,ChEMBL
EXT_00106,COc1ccc(C(=O)N2c3ccc(C)cc3[C@@H](Nc3ccc(C)cc3)C[C@H]2C)cc1,DDXMTFWTSYUWID-DVECYGJZSA-N,1,CHEMBL58056,1,5.27,5.27,Aedes aegypti,ChEMBL
EXT_00107,CC(C)CONCCOc1ccc(Oc2ccccc2)cc1,DEDJAQIARWQQIK-UHFFFAOYSA-N,1,CHEMBL2271775,1,8.51,8.51,Culex pipiens,ChEMBL
EXT_00108,Cc1ccc(-c2noc(CCC(=O)O)n2)cc1,DEEIJRMZDVOOAA-UHFFFAOYSA-N,0,CHEMBL2442674,1,,,Aedes aegypti,ChEMBL
EXT_00109,c1ccc(COc2ccc(CN3CCc4ccccc4C3)cc2)cc1,DHGHDLRMOGDQNY-UHFFFAOYSA-N,1,CHEMBL3960962,1,5.54,5.54,Anopheles gambiae,ChEMBL
EXT_00110,CNCCN1C(=O)CSC1c1ccc(Cl)cc1Cl,DHUXMGGQWZEROX-UHFFFAOYSA-N,0,CHEMBL5409029,1,4.6,4.6,Anopheles gambiae,ChEMBL
EXT_00111,CN(C)CCCN1C(=O)CSC1c1cccc2ccccc12,DHYUGAILEKJFAV-UHFFFAOYSA-N,1,CHEMBL5419436,1,6.19,6.19,Anopheles gambiae,ChEMBL
EXT_00112,CCC(C)c1ccccc1OC(=O)NC,DIRFUJHNVNOBMY-UHFFFAOYSA-N,1,CHEMBL226650,1,5.85,5.85,Musca domestica,ChEMBL
EXT_00113,CC(C)(C)N(NC(=O)c1cccc(Br)c1)C(=O)c1ccccc1Cl,DIXZEXNHMDGSHS-UHFFFAOYSA-N,0,CHEMBL2286747,1,4.88,4.88,Drosophila melanogaster,ChEMBL
EXT_00114,Cc1cccc(Oc2ccc(OCC/C=N/OC(C)C)cc2)c1,DJHYRXYLAOIJPV-UDWIEESQSA-N,1,CHEMBL2271793,1,10.0,10.0,Culex pipiens,ChEMBL
EXT_00115,C=C1C(C(C)C)=C(C#N)C(=O)N1c1ccccc1C(C)(C)C,DJIGJZGNPGAHPK-UHFFFAOYSA-N,0,CHEMBL1254690,1,4.82,4.82,Lucilia cuprina,ChEMBL
EXT_00116,CC(C)c1cc2c(c(O)c1O)[C@@]1(C)CCCC(C)(C)[C@@H]1[C@@H](O)C2=O,DLFBGJCOHIZRGA-CMKODMSKSA-N,1,CHEMBL2252749,1,,,Spodoptera littoralis,ChEMBL
EXT_00117,CC/C=N/OCCOc1ccc(Oc2ccccc2)cc1,DLIIIERHFVFJBS-LDADJPATSA-N,1,CHEMBL2271827,1,9.59,9.59,Culex pipiens,ChEMBL
EXT_00118,O=c1[nH]c(=O)n([C@H]2C[C@H](n3cc(-c4ccccc4)nn3)[C@@H](CO)O2)cc1/C=C/Br,DMKMKCDASKTBRN-GBTQTLIESA-N,1,CHEMBL1091931,1,5.54,5.54,Drosophila melanogaster,ChEMBL
EXT_00119,O=C(COc1ccc(I)cc1)NCCCN1CCCCC1,DOMQEJAUBXIDNR-UHFFFAOYSA-N,0,CHEMBL4289086,3,4.51,4.44,"Aedes aegypti,Anopheles gambiae",ChEMBL
EXT_00120,C=CC(C#N)OC(=O)CC,DOSSBQVDQUEONJ-UHFFFAOYSA-N,1,CHEMBL2271402,1,,,Musca domestica,ChEMBL
EXT_00121,c1cncc(C2=NCCC2)c1,DPNGWXJMIILTBS-UHFFFAOYSA-N,0,CHEMBL423429,1,,,Musca domestica,ChEMBL
EXT_00122,Cc1ccccc1-c1noc(CCC(=O)O)n1,DPVKAFMWSAOINX-UHFFFAOYSA-N,0,CHEMBL2442689,1,,,Aedes aegypti,ChEMBL
EXT_00123,CC(=O)O[C@@H]1[C@H](O)[C@H]2C(C)(C)C(=O)C=C[C@]2(C)[C@H]2CC[C@]3(C)C(=CC[C@H]3C3=COCC3)[C@]12C,DQHRAIFEHNKZSV-XMLHTYRRSA-N,0,CHEMBL491379,1,,,Anopheles stephensi,ChEMBL
EXT_00124,COc1ccc(OC/C=N/NC(N)=S)cc1,DQQAZNBREIZBNP-WUXMJOGZSA-N,1,CHEMBL3589422,2,6.22,6.22,Aedes aegypti,ChEMBL
EXT_00125,COP1(=S)NCC(c2ccc(C)cc2)O1,DQQMQQVWLWPQKL-UHFFFAOYSA-N,0,CHEMBL2289266,1,,,Tribolium castaneum,ChEMBL
EXT_00126,c1ccc(-c2ccc(Nc3ccnc(NCc4cccnc4)n3)cc2)cc1,DQVMENHTTZNOBQ-UHFFFAOYSA-N,1,CHEMBL4553315,1,,,Aedes aegypti,ChEMBL
EXT_00127,Cc1ccc(C(=O)NN(C(=O)c2ccccc2Cl)C(C)(C)C)cc1C,DQXWHYDKDDYWRB-UHFFFAOYSA-N,0,CHEMBL2286726,1,4.18,4.18,Drosophila melanogaster,ChEMBL
EXT_00128,Cc1cccc(-c2noc(CCCC(=O)O)n2)c1,DROIFMGZDXPPQM-UHFFFAOYSA-N,0,CHEMBL2442678,2,,,Aedes aegypti,ChEMBL
EXT_00129,Cc1ccc(-c2noc(CC(=O)O)n2)cc1,DTJLKFLJJUQICD-UHFFFAOYSA-N,0,CHEMBL442939,1,,,Aedes aegypti,ChEMBL
EXT_00130,CCCC[C@@]12C3CCN1[C@H]1C[C@H]2O[C@@]32O/C(=C3\OC(=O)C(C)=C3OC)[C@@H](C)[C@H]12,DTVYAHOULQCSMS-JQANZLKUSA-N,1,CHEMBL2304257,2,,,Spodoptera littoralis,ChEMBL
EXT_00131,CC(C)Cc1ccc(OCC/C=N/OC(C)C)cc1,DVOVYNQOONATSG-LICLKQGHSA-N,1,CHEMBL2268522,1,10.85,10.85,Culex pipiens,ChEMBL
EXT_00132,COC1(C)c2cn(-c3c(Cl)cc(C(F)(F)F)cc3Cl)nc2CC1F,DVYAAFOTYKFVJB-UHFFFAOYSA-N,1,CHEMBL206707,1,7.0,7.0,Musca domestica,ChEMBL
EXT_00133,Cc1cn([C@@H]2O[C@H](CO)[C@@H](O)[C@@H]2O)c(=O)[nH]c1=O,DWRXFEITVBNRMK-JAGXHNFQSA-N,0,CHEMBL103283,2,4.19,4.19,Drosophila melanogaster,ChEMBL
EXT_00134,Cc1cn([C@H]2C[C@H](n3cc(CC4CCCC4)nn3)[C@@H](CO)O2)c(=O)[nH]c1=O,DXQTXFIMYPXSKO-ARFHVFGLSA-N,1,CHEMBL1090134,1,5.52,5.52,Drosophila melanogaster,ChEMBL
EXT_00135,Cc1cn(CCCOC(c2ccccc2)(c2ccccc2)c2ccccc2)c(=O)[nH]c1=O,DXTYLRAYPFWVTI-UHFFFAOYSA-N,0,CHEMBL384435,1,4.68,4.68,Drosophila melanogaster,ChEMBL
EXT_00136,C[C@@H]1CNCCN1c1nc(Nc2cc(C(C)(C)C)[nH]n2)c2cccc(F)c2n1,DXXCCODWEPMLLB-GFCCVEGCSA-N,1,CHEMBL5193085,1,5.32,5.32,Drosophila melanogaster,ChEMBL
EXT_00137,CCCOCCCOc1ccc(CC(CC)CC)cc1,DYUCMUSLCHASBW-UHFFFAOYSA-N,1,CHEMBL2272185,1,8.17,8.17,Culex pipiens,ChEMBL
EXT_00138,CCO/N=C/COc1ccc(Oc2ccc(C)cc2)cc1,DZXLJGQWDCOFFN-LDADJPATSA-N,1,CHEMBL2271470,1,6.84,6.84,Culex pipiens,ChEMBL
EXT_00139,CC(C)(C)CCOC(=O)c1ccc(C#CCCC(=O)O)cc1,FABMTKINZZUCQP-UHFFFAOYSA-N,1,CHEMBL1684587,1,7.06,7.06,Musca domestica,ChEMBL
EXT_00140,NC(=S)N/N=C/c1ccc(Cl)cc1,FABQYDLGFZXBIK-VZUCSPMQSA-N,1,CHEMBL391982,1,,,Aedes aegypti,ChEMBL
EXT_00141,Cc1cn(CCOCCOC(c2ccccc2)(c2ccccc2)c2ccncc2)c(=O)[nH]c1=O,FALXHDVQJVMXGK-UHFFFAOYSA-N,0,CHEMBL219510,1,4.46,4.46,Drosophila melanogaster,ChEMBL
EXT_00142,COC(=O)CCCc1nc(-c2ccccc2)no1,FAQJQDUSWXDNGZ-UHFFFAOYSA-N,0,CHEMBL2442682,1,,,Aedes aegypti,ChEMBL
EXT_00143,COc1ccccc1NC(=S)NCCN1CCCCC1,FAXZRMVFCAIPMK-UHFFFAOYSA-N,0,CHEMBL4073401,2,4.54,4.359999999999999,Anopheles gambiae,ChEMBL
EXT_00144,Nc1ccc(S(N)(=O)=O)cc1,FDDDEECHVMSUSB-UHFFFAOYSA-N,1,CHEMBL21,1,6.06,6.06,Anopheles gambiae,ChEMBL
EXT_00145,CCO/N=C/COc1ccc(Oc2ccc(OC)cc2)cc1,FDJPDPAQCNAEKI-LDADJPATSA-N,1,CHEMBL2271473,1,7.34,7.34,Culex pipiens,ChEMBL
EXT_00146,COP1(=S)NCC(c2ccccc2)O1,FEDCOJVAGGTWJB-UHFFFAOYSA-N,0,CHEMBL2289274,1,,,Tribolium castaneum,ChEMBL
EXT_00147,S=C(S)NCCN1CCCCC1,FEIYUKANUBTVGA-UHFFFAOYSA-N,1,CHEMBL2023170,2,7.57,7.405,Drosophila melanogaster,ChEMBL
EXT_00148,CCC(CC)Cc1ccc(OCCCOC(=O)NC)cc1,FEJYIMYSXSBYCF-UHFFFAOYSA-N,1,CHEMBL2272160,1,6.5,6.5,Culex pipiens,ChEMBL
EXT_00149,CC(C)n1cc(C(=O)C(F)F)cn1,FFMMFXZONQYESO-UHFFFAOYSA-N,1,CHEMBL3623555,2,6.45,6.41,Anopheles gambiae,ChEMBL
EXT_00150,CCOP(=O)(OCC)SCCCCCCCCCN1C(=O)c2ccccc2C1=O,FFTQHUXIDSNTFV-UHFFFAOYSA-N,0,CHEMBL2252722,2,4.43,4.43,"Drosophila melanogaster,Musca domestica",ChEMBL
EXT_00151,CCOCCCCOc1ccc(CC(CC)CC)cc1,FHPNGXOWKXOYEA-UHFFFAOYSA-N,1,CHEMBL2272186,1,6.68,6.68,Culex pipiens,ChEMBL
EXT_00152,CCCCCCS(=O)(=O)CC(C)=O,FIMACEIKKPQUFZ-UHFFFAOYSA-N,0,CHEMBL152577,1,,,Drosophila melanogaster,ChEMBL
EXT_00153,Cc1cc(C)cc(C(=O)N(NC(=O)c2ccc(C(C)(C)C)cc2)C(C)(C)C)c1,FIROFKZRSPJKLT-UHFFFAOYSA-N,1,CHEMBL2286430,1,8.15,8.15,Spodoptera littoralis,ChEMBL
EXT_00154,c1ccc(Cc2ccc(OCCNOC3CCCCC3)cc2)cc1,FIVKPRDVHCZOQT-UHFFFAOYSA-N,1,CHEMBL2271784,1,8.12,8.12,Culex pipiens,ChEMBL
EXT_00155,CCC(CC)Oc1ccc(OCCC/C=N/OC)cc1,FIWQQTOSTFXLNP-SFQUDFHCSA-N,1,CHEMBL2271836,1,6.23,6.23,Culex pipiens,ChEMBL
EXT_00156,O=C1/C(=N\S(=O)(=O)C(F)(F)F)NCCN1Cc1ccc(Cl)nc1,FJGCLDWOAOIAEJ-UHFFFAOYSA-N,1,CHEMBL2272691,1,6.23,6.23,Musca domestica,ChEMBL
EXT_00157,Fc1cccc2c1N[C@@H](c1cccnc1)[C@H]1CC=C[C@@H]21,FJJWEFGBLGFZJX-WWGRRREGSA-N,0,CHEMBL2064252,2,,,"Aedes aegypti,Anopheles stephensi",ChEMBL
EXT_00158,CC(=O)/N=c1/sc(S(N)(=O)=O)nn1C,FLOSMHQXBMRNHR-QPJJXVBHSA-N,1,CHEMBL19,1,6.74,6.74,Anopheles gambiae,ChEMBL
EXT_00159,O=C(Cc1ccccc1)O[C@H]1[C@H](O)[C@@H](CO)O[C@H]1n1cc(/C=C/Br)c(=O)[nH]c1=O,FMVGLLPOZGDPTQ-HVBOUTELSA-N,0,CHEMBL241407,1,,,Drosophila melanogaster,ChEMBL
EXT_00160,CC(C)CNC(=O)/C=C/C=C/CCCCCC/C=C/c1ccc2c(c1)OCO2,FPMPOFBEYSSYDQ-AUVZEZIHSA-N,1,CHEMBL404184,1,,,Aedes aegypti,ChEMBL
EXT_00161,COc1ccc(C(C#N)N2CCCCC2)cc1OC,FQELSXKYURXBIN-UHFFFAOYSA-N,0,CHEMBL1344483,2,,,Aedes aegypti,ChEMBL
EXT_00162,O=[N+]([O-])/N=C1\NCCN1Cc1cnc(Cl)c(Cl)c1,FRLLOFWBBYUDAN-UHFFFAOYSA-N,1,CHEMBL2287705,1,6.99,6.99,Musca domestica,ChEMBL
EXT_00163,CCCOCC(C)COc1ccc(Cc2ccccc2)cc1,FSHNCYBERIHFJB-UHFFFAOYSA-N,1,CHEMBL2272154,1,8.42,8.42,Culex pipiens,ChEMBL
EXT_00164,Cc1cccc(C(=O)NC(C)C)c1NC(=O)c1ccc(C(F)(F)F)cc1,FSNXKBQIBXBYBO-UHFFFAOYSA-N,0,CHEMBL198217,2,,,"Plutella xylostella,Spodoptera frugiperda",ChEMBL
EXT_00165,C/C=C(\C)C(=O)O[C@H]1C[C@@H](OC(C)=O)[C@@]2(C(=O)OC)CO[C@H]3[C@@H](O)[C@@](C)([C@]45O[C@@]4(C)[C@@H]4C[C@H]5O[C@@H]5OC=C[C@@]54O)[C@H]4[C@]1(CO[C@]4(O)C(=O)OC)[C@@H]32,FTNJWQUOZFUQQJ-GEPYADMXSA-N,1,CHEMBL506084,2,,,Spodoptera littoralis,ChEMBL
EXT_00166,CC(C)c1cc2c(c(O)c1O)C[C@@]13CCCC(C)(C)[C@@H]1C[C@@H]2O3,FTWYPGDUWLQFCC-FTRWYGJKSA-N,1,CHEMBL2252752,1,,,Spodoptera littoralis,ChEMBL
EXT_00167,CC(C)CS(=O)(=O)c1cccc(OS(C)(=O)=O)n1,FVNMINQJTGPNFQ-UHFFFAOYSA-N,1,CHEMBL352608,1,6.82,6.82,Musca domestica,ChEMBL
EXT_00168,Cc1cn(C/C=C\COC(c2ccccc2)(c2ccccc2)c2ccncc2)c(=O)[nH]c1=O,FVXBVGUSRQAIDN-HJWRWDBZSA-N,1,CHEMBL373998,1,5.47,5.47,Drosophila melanogaster,ChEMBL
EXT_00169,CC[C@H](C)[C@H](NC(=O)[C@H](C)NC(=O)[C@H](CCCNC(=N)N)NC(=O)[C@H](CCC(N)=O)NC(=O)[C@@H](NC(=O)[C@H](Cc1c[nH]c2ccccc12)NC(=O)[C@@H](NC(=O)[C@H](C)NC(=O)[C@H](CCCNC(=N)N)NC(=O)[C@@H]1CCCN1C(=O)[C@@H](C)N)C(C)C)[C@@H](C)CC)C(=O)N[C@@H](CCC(N)=O)C(=O)N[C@@H](C)C(=O)N[C@@H](CCSC)C(=O)N[C@@H](Cc1ccccc1)C(=O)N[C@@H](CCCNC(=N)N)C(=O)N[C@@H](CC(C)C)C(=O)N[C@@H](C)C(=O)N[C@@H](CO)C(=O)N[C@@H](CCCNC(=N)N)C(=O)N[C@@H](CCC(N)=O)C(=O)N[C@@H](CCC(=O)O)C(=O)N[C@@H](CO)C(=O)N[C@@H](CCCCN)C(=O)N[C@@H](C)C(=O)N[C@@H](Cc1ccccc1)C(=O)N[C@@H](CC(N)=O)C(=O)O,FXAWKMWGHXDCRB-SQXKEDFGSA-N,1,CHEMBL1221882,1,6.94,6.94,Drosophila melanogaster,ChEMBL
EXT_00170,NCCc1ccc(S(N)(=O)=O)cc1,FXNSVEQMUYPYJS-UHFFFAOYSA-N,1,CHEMBL7087,1,6.08,6.08,Anopheles gambiae,ChEMBL
EXT_00171,O[C@H]1[C@H]2[C@H](O)CCCN2C[C@H]1O,FXUAIOOAOAVCGD-WCTZXXKLSA-N,1,CHEMBL371197,2,8.52,8.41,Drosophila melanogaster,ChEMBL
EXT_00172,O=C1CCc2nn(-c3c(Cl)cc(C(F)(F)F)cc3Cl)cc21,FYCKIQFGPNGXJP-UHFFFAOYSA-N,1,CHEMBL205262,1,6.33,6.33,Musca domestica,ChEMBL
EXT_00173,C[Si](C)(C)c1cccc(C(=O)C(F)(F)F)c1,GAPOASFZXBWUGS-UHFFFAOYSA-N,1,CHEMBL3137700,2,6.59,6.33,Anopheles gambiae,ChEMBL
EXT_00174,C=C1C(C(C)C)=C(C#N)C(=O)N1c1ccc(Cl)cc1C(C)(C)C,GBIJXXWIPPXDSR-UHFFFAOYSA-N,0,CHEMBL1254691,1,4.38,4.38,Lucilia cuprina,ChEMBL
EXT_00175,O=C(O)CCCc1nc(-c2ccc3c(c2)OCO3)no1,GBRXYEMOKYJQIM-UHFFFAOYSA-N,0,CHEMBL2442681,2,,,Aedes aegypti,ChEMBL
EXT_00176,CCCCCC/C=C/C(=O)C(F)(F)F,GBZCFQFQXMJNSG-BQYQJAHWSA-N,0,CHEMBL150648,1,4.1,4.1,Drosophila melanogaster,ChEMBL
EXT_00177,CCCNCc1cccnc1,GCBOUAABYXKHIS-UHFFFAOYSA-N,0,CHEMBL2286833,1,,,Musca domestica,ChEMBL
EXT_00178,O=c1[nH]c(=O)n([C@@H]2O[C@H](CO)[C@@H](O)[C@@H]2O)cc1/C=C/Br,GCQYYIHYQMVWLT-HQNLTJAPSA-N,0,CHEMBL70046,1,4.55,4.55,Drosophila melanogaster,ChEMBL
EXT_00179,O=c1[nH]c(=O)n(C2O[C@H](CO)[C@@H](O)[C@@H]2O)cc1/C=C\Br,GCQYYIHYQMVWLT-NAESNILJSA-N,0,CHEMBL605255,1,4.5,4.5,Drosophila melanogaster,ChEMBL
EXT_00180,Nc1ccc(S(=O)(=O)Nc2ccc(S(N)(=O)=O)cc2)cc1,GCQZFVAHUZIDRP-UHFFFAOYSA-N,1,CHEMBL269122,1,7.08,7.08,Anopheles gambiae,ChEMBL
EXT_00181,CC(C)c1cc2c(c(O)c1O)[C@@]1(C)CCCC(C)(C)[C@@H]1CC2=O,GDLRDIDXYBIPFY-YWZLYKJASA-N,1,CHEMBL2252750,1,,,Spodoptera littoralis,ChEMBL
EXT_00182,O=[N+]([O-])/C=C1/NCCCN1Cc1ccc(Cl)nc1,GEOWRBWWMXCKFQ-FLIBITNWSA-N,1,CHEMBL2270633,1,9.43,9.43,Drosophila melanogaster,ChEMBL
EXT_00183,Cc1ccc(N[C@H]2C[C@@H](C)N(C(=O)c3cccc(C(F)(F)F)c3)c3ccc(C)cc32)cc1,GEQRNVLJQABVRV-JPYJTQIMSA-N,1,CHEMBL294270,1,5.74,5.74,Aedes aegypti,ChEMBL
EXT_00184,CN(C)CCCN1C(=O)CSC1c1ccc2c(c1)OCO2,GFBCOQPLYTWSFP-UHFFFAOYSA-N,0,CHEMBL5405571,1,4.14,4.14,Anopheles gambiae,ChEMBL
EXT_00185,CCCO/N=C/COc1ccc(CC(CC)CC)cc1,GGXGWXZDFAMDSQ-WOJGMQOQSA-N,1,CHEMBL2271839,1,8.4,8.4,Culex pipiens,ChEMBL
EXT_00186,CCC(C)n1cc(C(=O)C(F)(F)F)cn1,GIGJIIJGHXYZQW-UHFFFAOYSA-N,1,CHEMBL3623549,2,8.64,8.625,Anopheles gambiae,ChEMBL
EXT_00187,Cc1cn(CCCCCCOC(c2ccccc2)(c2ccccc2)c2ccc(Cl)cc2)c(=O)[nH]c1=O,GIJJDOJZHPGHJQ-UHFFFAOYSA-N,0,CHEMBL219960,1,4.33,4.33,Drosophila melanogaster,ChEMBL
EXT_00188,NC(=S)N/N=C/COc1ccc(Cl)c(Cl)c1,GIQCTGYJXUMFCQ-QLKAYGNNSA-N,1,CHEMBL3589428,1,,,Aedes aegypti,ChEMBL
EXT_00189,COc1ccc(NC(=S)NCCN2CCOCC2)cc1Cl,GIWMAITYUJGWGK-UHFFFAOYSA-N,1,CHEMBL4092186,4,6.92,6.77,Anopheles gambiae,ChEMBL
EXT_00190,O=C1C(=S)NCCN1Cc1ccc(Cl)nc1,GJAKTSADBJMNLR-UHFFFAOYSA-N,1,CHEMBL2272686,1,5.75,5.75,Musca domestica,ChEMBL
EXT_00191,NS(=O)(=O)c1cc(Cl)c(Cl)c(S(N)(=O)=O)c1,GJQPMPFPNINLKP-UHFFFAOYSA-N,1,CHEMBL17,1,6.2,6.2,Anopheles gambiae,ChEMBL
EXT_00192,CCCC(C)n1cc(C(=O)CF)cn1,GKQNVTASUWRGSK-UHFFFAOYSA-N,1,CHEMBL3623564,2,5.48,5.465,Anopheles gambiae,ChEMBL
EXT_00193,CCN1CCN(C2CCN(C(=O)COc3ccc(I)cc3)CC2)CC1,GNKBBRNNMDYNKM-UHFFFAOYSA-N,1,CHEMBL4291400,3,5.82,5.44,"Aedes aegypti,Anopheles gambiae",ChEMBL
EXT_00194,C=C1C(CCCC)=C(C#N)C(=O)N1c1c(C)cccc1CC,GNUFAYHGAKQQQF-UHFFFAOYSA-N,0,CHEMBL1255029,1,4.48,4.48,Lucilia cuprina,ChEMBL
EXT_00195,Cc1cccc(Oc2ccc(OCCO/N=C/C(C)C)cc2)c1,GOLLDESYBBRFHW-XSFVSMFZSA-N,1,CHEMBL2271828,1,10.35,10.35,Culex pipiens,ChEMBL
EXT_00196,CC(C)(C)c1cccc(C(=O)CF)c1,GQBFKBBDGKNSLK-UHFFFAOYSA-N,1,CHEMBL3623561,2,6.14,6.08,Anopheles gambiae,ChEMBL
EXT_00197,C[C@@H]1C[C@H](Nc2ccc(F)cc2)c2cc(F)ccc2N1C(=O)c1ccccc1C(F)(F)F,GQNAPFUXJOPLSJ-SZNDQCEHSA-N,0,CHEMBL59557,1,4.96,4.96,Aedes aegypti,ChEMBL
EXT_00198,COP1(=S)NCC(c2ccc(C(C)C)cc2)O1,GQQJVXAIMUFBBJ-UHFFFAOYSA-N,0,CHEMBL2289273,1,,,Tribolium castaneum,ChEMBL
EXT_00199,Cc1ccc(N[C@H]2C[C@@H](C)N(C(=O)c3cccc(C)c3)c3ccc(C)cc32)cc1,GRDGBQLYQBVRMN-YKSBVNFPSA-N,0,CHEMBL61543,1,4.48,4.48,Aedes aegypti,ChEMBL
EXT_00200,Cc1ccc(N[C@H]2C[C@@H](C)N(C(=O)c3ccccc3)c3ccc(C)cc32)cc1,GSUPFBPLFYOOLO-XXBNENTESA-N,1,CHEMBL301237,1,5.27,5.27,Aedes aegypti,ChEMBL
EXT_00201,CCCCC1OP2(=S)OCC1(CCC)CO2,GTTGBVHQCMMEIZ-UHFFFAOYSA-N,1,CHEMBL2287382,1,6.0,6.0,Blattella germanica,ChEMBL
EXT_00202,CC(=O)NCCc1c2c3c(ccnc3c3ncsc13)-c1ccccc1N2,GUSIRVISUKPQFL-UHFFFAOYSA-N,0,CHEMBL127872,1,,,Spodoptera littoralis,ChEMBL
EXT_00203,CCCN(CCC)Cc1cccnc1,GVHIPEJHZMNUQS-UHFFFAOYSA-N,0,CHEMBL2286837,1,,,Musca domestica,ChEMBL
EXT_00204,C[C@@H]1C[C@H](Nc2ccccc2)c2ccccc2N1C(=O)c1ccc(C(F)(F)F)cc1,GVRNIALCVZTZQV-IERDGZPVSA-N,1,CHEMBL299257,1,5.93,5.93,Aedes aegypti,ChEMBL
EXT_00205,CN1CCN(Cc2ccc(Cl)nc2)/C(=N/C#N)C1=O,GWNHITXDNISDIP-LFIBNONCSA-N,1,CHEMBL2272690,1,8.22,8.22,Musca domestica,ChEMBL
EXT_00206,CCC(C)CO/N=C/COc1ccc(Cc2ccccc2)cc1,GWOXWDIRSSYEGT-FYJGNVAPSA-N,1,CHEMBL2271783,1,8.1,8.1,Culex pipiens,ChEMBL
EXT_00207,CC(C)C/C(=N\C#N)N(C)Cc1ccc(Cl)nc1,GXLQBBNIJFXJIU-GHRIWEEISA-N,0,CHEMBL2287456,1,,,Musca domestica,ChEMBL
EXT_00208,NC(=S)N/N=C/COc1ccccc1,GYCXOPPCLPEVOM-IZZDOVSWSA-N,0,CHEMBL3589423,1,,,Aedes aegypti,ChEMBL
EXT_00209,CC[C@@H]1[C@H]2CCCCN3[C@H]2[C@H](C[C@H]3[C@@H]2C[C@H](C)C(=O)O2)[C@@H]2[C@H]1OC(=O)[C@H]2C,GYOGHROCTSEKDY-JJDZUBOLSA-N,0,CHEMBL517375,1,,,Spodoptera littoralis,ChEMBL
EXT_00210,CCO/N=C/COc1ccc(Oc2cccc(F)c2)cc1,GYRUVJQNKJYPIE-VCHYOVAHSA-N,1,CHEMBL2271803,1,8.27,8.27,Culex pipiens,ChEMBL
EXT_00211,CC(C)[C@@H]1OC(=O)[C@@H](Cc2ccccc2)N(C)C(=O)[C@H](C(C)C)OC(=O)[C@@H](Cc2ccccc2)N(C)C(=O)[C@H](C(C)C)OC(=O)[C@@H](Cc2ccccc2)N(C)C1=O,GYSCAQFHASJXRS-WXWJZEDASA-N,1,CHEMBL373872,1,,,Aedes aegypti,ChEMBL
EXT_00212,CCO/N=C/COc1ccc(Oc2ccccc2F)cc1,GZBJLAZEDJTGFZ-WOJGMQOQSA-N,1,CHEMBL2271797,1,7.35,7.35,Culex pipiens,ChEMBL
EXT_00213,COP1(=S)NCC(c2cccc(C)c2)O1,GZWRKXIUYSYHNL-UHFFFAOYSA-N,0,CHEMBL2289264,1,,,Tribolium castaneum,ChEMBL
EXT_00214,CCN[C@H]1CN(CCCOC)S(=O)(=O)c2sc(S(N)(=O)=O)cc21,HCRKCZRJWPKOAR-JTQLQIEISA-N,1,CHEMBL220491,1,7.5,7.5,Anopheles gambiae,ChEMBL
EXT_00215,CCCN(Cc1ccc(Cl)nc1)/C(C)=N/C#N,HCTJEUUPTOFYQM-MHWRWJLKSA-N,0,CHEMBL2287446,1,4.73,4.73,Musca domestica,ChEMBL
EXT_00216,CCCCOCCOc1ccc(CC(C)(C)C)cc1,HDEKICRLUDWPAH-UHFFFAOYSA-N,1,CHEMBL2272172,1,6.36,6.36,Culex pipiens,ChEMBL
EXT_00217,CCC(CC)Cc1ccc(OCCOC(=O)N(C)CC)cc1,HDZSBDBIELUXTO-UHFFFAOYSA-N,1,CHEMBL2272158,1,8.59,8.59,Culex pipiens,ChEMBL
EXT_00218,CCO/N=C/COc1ccc(Oc2ccc(CC)cc2)cc1,HFVYYOKUNNKBDF-CPNJWEJPSA-N,1,CHEMBL2271471,1,6.42,6.42,Culex pipiens,ChEMBL
EXT_00219,O=C(OC1CN2CCC1CC2)C(O)(c1ccccc1)c1ccccc1,HGMITUYOCPPQLE-UHFFFAOYSA-N,1,CHEMBL12980,2,9.3,9.3,Drosophila melanogaster,ChEMBL
EXT_00220,Nc1ccc(S(=O)(=O)NCc2ccc(S(N)(=O)=O)cc2)cc1,HHCXOFYGBAPOJR-UHFFFAOYSA-N,1,CHEMBL266026,1,7.09,7.09,Anopheles gambiae,ChEMBL
EXT_00221,CCO/N=C/COc1ccc(Oc2cccc(C(F)(F)F)c2)cc1,HHFLMHDUXMLSGA-UFFVCSGVSA-N,1,CHEMBL2271468,1,7.47,7.47,Culex pipiens,ChEMBL
EXT_00222,COc1cccc(C(=O)N2c3ccc(F)cc3[C@@H](Nc3ccc(F)cc3)C[C@H]2C)c1,HIDPZDVJHQLXGQ-QRQCRPRQSA-N,1,CHEMBL291343,1,5.83,5.83,Aedes aegypti,ChEMBL
EXT_00223,CCCNCCOc1ccc(Oc2cccc(C)c2)cc1,HIKRDJGXBTZFOA-UHFFFAOYSA-N,1,CHEMBL2271815,1,9.71,9.71,Culex pipiens,ChEMBL
EXT_00224,CCCC[C@@H]1OC(=O)c2ccccc21,HJXMNVQARNZTEE-NSHDSACASA-N,0,CHEMBL250205,1,,,Drosophila melanogaster,ChEMBL
EXT_00225,CC(=O)O[C@@H]1[C@H](O)[C@H]2C(C)(C)C(=O)C=C[C@]2(C)[C@H]2CC[C@@]3(C)CC(=O)C=C3[C@]12C,HKVOPFDXIGAKHQ-CXCOWLLISA-N,1,CHEMBL491380,1,,,Anopheles stephensi,ChEMBL
EXT_00226,C=CC[C@@H]1OC(=O)CCNC(=O)[C@H](C)N(C)C(=O)[C@H]([C@@H](C)CC)N(C)C(=O)[C@H]([C@@H](C)CC)NC(=O)[C@@H]2CCCN2C1=O,HLRYHDDTULAZQQ-MDLMHBAVSA-N,1,CHEMBL2372204,1,,,Drosophila melanogaster,ChEMBL
EXT_00227,CCO/N=C/COc1ccc(Oc2ccccc2)cc1,HLUHEQJKSIPFTA-SFQUDFHCSA-N,1,CHEMBL2271794,1,7.54,7.54,Culex pipiens,ChEMBL
EXT_00228,NS(=O)(=O)c1ccc(N2CCCCS2(=O)=O)cc1,HMHVCUVYZFYAJI-UHFFFAOYSA-N,1,CHEMBL328560,1,6.58,6.58,Anopheles gambiae,ChEMBL
EXT_00229,NC(=S)N/N=C/c1ccc(Br)cc1,HMOSVEOPAUPPHT-VZUCSPMQSA-N,1,CHEMBL1910220,1,,,Aedes aegypti,ChEMBL
EXT_00230,CN(C)C(=O)/C(=N\C#N)N(C)Cc1ccc(Cl)nc1,HMSZPFJXPIEETJ-LFIBNONCSA-N,1,CHEMBL2272688,1,5.42,5.42,Musca domestica,ChEMBL
EXT_00231,CNC(=O)c1cc(C(F)(F)F)cc(C)c1NC(=O)c1cc(C(F)(F)F)nn1-c1ncccc1Cl,HOHDREAFZFNJEI-UHFFFAOYSA-N,1,CHEMBL248789,2,,,"Plutella xylostella,Spodoptera frugiperda",ChEMBL
EXT_00232,N#C/N=C1\SCCN1Cc1ccc(Cl)nc1,HOKKPVIRMVDYPB-UVTDQMKNSA-N,1,CHEMBL451432,3,8.92,8.57,Drosophila melanogaster,ChEMBL
EXT_00233,C=CC(C#N)OC,HOMWNHKBIKANBM-UHFFFAOYSA-N,1,CHEMBL2271403,1,,,Musca domestica,ChEMBL
EXT_00234,CCO/N=C/COc1ccc(Oc2cccc(OC)c2)cc1,HPDLTNPDKCISPC-WOJGMQOQSA-N,1,CHEMBL2271802,1,7.41,7.41,Culex pipiens,ChEMBL
EXT_00235,Cc1cc(C)cc(C(=O)N(NC(=O)c2ccc3c(c2C)CCCO3)C(C)(C)C)c1,HPNSNYBUADCFDR-UHFFFAOYSA-N,1,CHEMBL227020,1,8.58,8.58,Spodoptera littoralis,ChEMBL
EXT_00236,CN(Cc1ccc(Cl)nc1)/C(=N/C#N)c1ccccc1,HPUXHJVUWWLTLV-XDJHFCHBSA-N,0,CHEMBL2287458,1,,,Musca domestica,ChEMBL
EXT_00237,CCN1CCN(C2CCN(C(=O)COc3ccc(-c4ccc(OC)cc4)cc3)CC2)CC1,HQHBRBVCWLKIRI-UHFFFAOYSA-N,1,CHEMBL4284619,3,6.64,6.4,"Aedes aegypti,Anopheles gambiae",ChEMBL
EXT_00238,Cc1cc(C)c(Cl)c(C(=O)N(NC(=O)c2ccc(Cl)cc2)C(C)(C)C)c1,HSHWVVSKFFDUNQ-UHFFFAOYSA-N,1,CHEMBL2286443,1,5.97,5.97,Spodoptera littoralis,ChEMBL
EXT_00239,O=C1CSC(c2ccc(Cl)cc2Cl)N1CCNC1CC1,HTESCLSJMCUMDD-UHFFFAOYSA-N,1,CHEMBL5415881,1,5.64,5.64,Anopheles gambiae,ChEMBL
EXT_00240,CCOc1ccccc1C(=O)N(NC(=O)c1ccc(OC)cc1)C(C)(C)C,HUWGTBXXQLWSOW-UHFFFAOYSA-N,0,CHEMBL2286434,1,4.66,4.66,Spodoptera littoralis,ChEMBL
EXT_00241,NS(=O)(=O)c1cccc(S(N)(=O)=O)c1,HUYYFHGIHVULSU-UHFFFAOYSA-N,1,CHEMBL2324868,1,6.07,6.07,Anopheles gambiae,ChEMBL
EXT_00242,Nc1ccc(S(N)(=O)=O)cc1F,HVFBADWBKHAPKV-UHFFFAOYSA-N,1,CHEMBL6853,1,6.04,6.04,Anopheles gambiae,ChEMBL
EXT_00243,CCOP(=O)(OCC)SCCCCCCCSP(=O)(OCC)OCC,HVVUOALSQBMUMS-UHFFFAOYSA-N,0,CHEMBL2252843,2,4.99,4.99,"Drosophila melanogaster,Musca domestica",ChEMBL
EXT_00244,O=C1NCCN(Cc2ccc(Cl)nc2)C1=O,HVZQSNUGEHHPNR-UHFFFAOYSA-N,1,CHEMBL2272689,1,6.4,6.4,Musca domestica,ChEMBL
EXT_00245,CC[C@H](C)[C@H](NC(=O)[C@H](Cc1c[nH]c2ccccc12)NC(=O)[C@@H](NC(=O)[C@H](CC(C)C)NC(=O)[C@@H](N)CCCNC(=N)N)C(C)C)C(=O)N[C@H](C(=O)N[C@@H](CCCNC(=N)N)C(=O)N[C@@H](CO)C(=O)N[C@@H](CCCNC(=N)N)C(=O)N[C@@H](Cc1cnc[nH]1)C(=O)N[C@@H](Cc1ccccc1)C(=O)NCC(=O)N1CCC[C@H]1C(=O)N[C@@H](CCCNC(=N)N)C(=O)N[C@@H](CC(C)C)C(=O)N[C@@H](CCCNC(=N)N)C(=O)N[C@@H](CCSC)C(=O)N[C@@H](C)C(=O)N[C@@H](CC(C)C)C(=O)N[C@@H](CC(C)C)C(=O)NCC(=O)N[C@@H](CO)C(=O)N[C@@H](CC(=O)O)C(=O)N[C@@H](CCCNC(=N)N)C(=O)N[C@@H](CCCCN)C(=O)N[C@@H](CCSC)C(=O)N[C@@H](Cc1c[nH]c2ccccc12)C(=O)O)C(C)C,HWPYUPWTOCBEEU-NXVHGZMRSA-N,1,CHEMBL1221881,1,7.35,7.35,Drosophila melanogaster,ChEMBL
EXT_00246,CCO/N=C(\C)COc1ccc(Oc2ccccc2)cc1,HXXLRNOHYJVYAH-NBVRZTHBSA-N,1,CHEMBL2271770,1,7.3,7.3,Culex pipiens,ChEMBL
EXT_00247,C[N+]1(C)CCC(OC(=O)C(c2ccccc2)c2ccccc2)CC1,HYJRTXSYDAFGJK-UHFFFAOYSA-N,1,CHEMBL76897,2,7.82,7.785,Drosophila melanogaster,ChEMBL
EXT_00248,Cc1cc(Cl)cc(C(=O)NC(C)C)c1NC(=O)c1cc(Br)nn1-c1ncccc1Cl,HYPNXRDZIVZNOC-UHFFFAOYSA-N,1,CHEMBL399523,2,,,"Plutella xylostella,Spodoptera frugiperda",ChEMBL
EXT_00249,COc1ccc(C(=O)NN(C(=O)c2ccccc2Cl)C(C)(C)C)cc1,HZWPVJBGHRJKJJ-UHFFFAOYSA-N,1,CHEMBL2286429,3,7.21,6.47,"Drosophila melanogaster,Spodoptera frugiperda,Spodoptera littoralis",ChEMBL
EXT_00250,CCN[C@H]1C[C@H](C)S(=O)(=O)c2sc(S(N)(=O)=O)cc21,IAVUPMFITXYVAF-XPUUQOCRSA-N,1,CHEMBL218490,1,6.56,6.56,Anopheles gambiae,ChEMBL
EXT_00251,CN(C)CCCN1C(=O)CSC1c1ccncc1,IBIYXTHKRMDTTC-UHFFFAOYSA-N,0,CHEMBL1202930,1,,,Anopheles gambiae,ChEMBL
EXT_00252,CCC(CC)Cc1ccc(OCCO/N=C/C(C)C)cc1,ICTWOMHTHJNNKR-XMHGGMMESA-N,1,CHEMBL2272188,1,9.71,9.71,Culex pipiens,ChEMBL
EXT_00253,CC(C)(C)N(NC(=O)c1ccccc1F)C(=O)c1ccccc1Cl,IDPSJFMXNSAMMF-UHFFFAOYSA-N,1,CHEMBL2286422,2,6.54,5.505,"Drosophila melanogaster,Spodoptera littoralis",ChEMBL
EXT_00254,CCCO/N=C/CCOc1ccc(Cc2ccccc2)cc1,IEPIKSYKICSWDU-DEDYPNTBSA-N,1,CHEMBL2271787,1,8.37,8.37,Culex pipiens,ChEMBL
EXT_00255,Cc1cc(C(F)(F)F)ccc1C(=O)Nc1cccc(C)c1C(=O)NC(C)C,IGFJUDMGEKBWNA-UHFFFAOYSA-N,0,CHEMBL196767,1,,,Spodoptera frugiperda,ChEMBL
EXT_00256,CCC(C)NC(=S)S,IGWGOSUBNMGSIB-UHFFFAOYSA-N,1,CHEMBL2023165,2,9.05,7.7700000000000005,Drosophila melanogaster,ChEMBL
EXT_00257,CC(C)O/N=C/CCOc1ccc(Oc2ccccc2)cc1,IHEIETYZDVDPNB-CPNJWEJPSA-N,1,CHEMBL2271791,1,9.76,9.76,Culex pipiens,ChEMBL
EXT_00258,COc1ccc(C(=O)NN(C(=O)c2cc(C)cc(C)c2Cl)C(C)(C)C)cc1,IHHGYIAMYMBJEN-UHFFFAOYSA-N,1,CHEMBL2286440,1,5.69,5.69,Spodoptera littoralis,ChEMBL
EXT_00259,Nc1cc(Cl)c(S(N)(=O)=O)cc1S(N)(=O)=O,IHJCXVZDYSXXFT-UHFFFAOYSA-N,1,CHEMBL266240,1,6.12,6.12,Anopheles gambiae,ChEMBL
EXT_00260,CNC(=O)Oc1cccc(OCCCOc2ccc([N+](=O)[O-])cc2)c1,IJJOXPDNQZXNLY-UHFFFAOYSA-N,0,CHEMBL2230097,1,4.16,4.16,Musca domestica,ChEMBL
EXT_00261,C[C@H](C[C@@H](O)[C@](C)(O)[C@H]1CC[C@@]2(O)C3=CC(=O)[C@@H]4C[C@@H](O)[C@@H](O)C[C@]4(C)[C@H]3CC[C@]12C)C(C)(C)O,IJRBORPEVKCEQD-JMQWOFAPSA-N,1,CHEMBL255034,3,6.95,6.41,"Drosophila melanogaster,Spodoptera frugiperda",ChEMBL
EXT_00262,CN(C)CCCN1C(=O)CSC1c1ccc(F)cc1Cl,IKBVFQRRVOLTQW-UHFFFAOYSA-N,1,CHEMBL5427383,1,5.52,5.52,Anopheles gambiae,ChEMBL
EXT_00263,CCO/N=C/CCOc1ccc(Oc2ccccc2)cc1,IKQXAUOJDZTYCQ-QGOAFFKASA-N,1,CHEMBL2271790,1,9.09,9.09,Culex pipiens,ChEMBL
EXT_00264,N#CC(O)C1CC1,ILJKKAIQFPEIBL-UHFFFAOYSA-N,1,CHEMBL2271406,1,,,Musca domestica,ChEMBL
EXT_00265,CCC(C)O/N=C/COc1ccc(Cc2ccccc2)cc1,ILLZSNPMILUFPB-DEDYPNTBSA-N,1,CHEMBL2271781,1,7.42,7.42,Culex pipiens,ChEMBL
EXT_00266,C=C1C(C)=C(C#N)C(=O)N1c1cc(C(C)(C)C)ccc1C(C)(C)C,INAZZDVFTHLBDO-UHFFFAOYSA-N,1,CHEMBL1254213,1,5.19,5.19,Lucilia cuprina,ChEMBL
EXT_00267,C[C@@H]1C[C@H](Nc2ccc(F)cc2)c2cc(F)ccc2N1C(=O)c1cccc(F)c1,INMWSWQEHOIHNT-SZNDQCEHSA-N,1,CHEMBL58731,1,6.0,6.0,Aedes aegypti,ChEMBL
EXT_00268,Cc1[nH]c2ccc(Br)cc2c1C,IOGAIEWEHFPGNO-UHFFFAOYSA-N,0,CHEMBL5194440,1,,,Aedes aegypti,ChEMBL
EXT_00269,Cc1ccc(N[C@H]2C[C@@H](C)N(C(=O)c3ccc(Cl)cc3)c3ccc(C)cc32)cc1,IOWNGZFGTXBYQO-JPYJTQIMSA-N,1,CHEMBL291315,1,5.67,5.67,Aedes aegypti,ChEMBL
EXT_00270,Cc1ccc(NC2CC(C)N(C(=O)c3ccc(Cl)cc3)c3ccc(C)cc32)cc1,IOWNGZFGTXBYQO-UHFFFAOYSA-N,0,CHEMBL2286416,2,5.67,4.885,"Aedes aegypti,Spodoptera littoralis",ChEMBL
EXT_00271,NCCCC(=O)O[C@H]1[C@H](O)[C@@H](CO)O[C@H]1n1cc(/C=C/Br)c(=O)[nH]c1=O,IQCSJPCYLWAYFM-ADZGCGJQSA-N,0,CHEMBL400233,1,,,Drosophila melanogaster,ChEMBL
EXT_00272,O=c1cc(-c2ccc(O)c(O)c2)oc2cc(O)cc(O)c12,IQPNAANSBPBGFQ-UHFFFAOYSA-N,0,CHEMBL151,1,,,Plutella xylostella,ChEMBL
EXT_00273,CCC/C=C1\OC(=O)C2=C1CCC=C2,IQVQXVFMNOFTMU-FLIBITNWSA-N,0,CHEMBL481246,1,,,Drosophila melanogaster,ChEMBL
EXT_00274,CC(C)CC[C@@H](O)[C@](C)(O)[C@H]1CC[C@H]2[C@@H]3CC=C4C[C@@H](O)CC[C@]4(C)[C@H]3CC[C@]12C,ISBSSBGEYIBVTO-TYKWNDPBSA-N,0,CHEMBL560194,1,4.38,4.38,Drosophila melanogaster,ChEMBL
EXT_00275,CNC(=O)Oc1ccccc1OC(C)C,ISRUGXGCCGIOQO-UHFFFAOYSA-N,1,CHEMBL446060,2,7.36,7.050000000000001,Anopheles gambiae,ChEMBL
EXT_00276,O=C(CN1CCN(Cc2ccc(Cl)nc2)/C1=N\[N+](=O)[O-])OCCOC(=O)CN1CCN(Cc2ccc(Cl)nc2)/C1=N\[N+](=O)[O-],ITSWIWMEQDUFGP-HCTXVGCHSA-N,1,CHEMBL2252353,1,5.81,5.81,Musca domestica,ChEMBL
EXT_00277,O=C(CF)c1cnn(C2CCCC2)c1,IUCANLAVDXMGCM-UHFFFAOYSA-N,1,CHEMBL3623566,2,5.81,5.52,Anopheles gambiae,ChEMBL
EXT_00278,C=C1C(c2ccccc2)=C(C#N)C(=O)N1C1CCCCC1,IUCHPXHIZGDFMQ-UHFFFAOYSA-N,0,CHEMBL1254214,1,4.9,4.9,Lucilia cuprina,ChEMBL
EXT_00279,Cc1noc(C)c1CN1CC(Cc2ccccc2)NC(=O)c2nn(CCC3CCN(C(=O)OC(C)(C)C)CC3)cc21,IVEIIEBZNAQZCN-UHFFFAOYSA-N,1,CHEMBL3935892,1,5.23,5.23,Drosophila melanogaster,ChEMBL
EXT_00280,CNC(=O)[C@]12Oc3cc(C)cc(O)c3C(=O)C1=CC=C[C@H]2O,IWFNZPOMYNAJHU-WBMJQRKESA-N,0,CHEMBL92495,1,,,Drosophila melanogaster,ChEMBL
EXT_00281,CC(C)CO/N=C/COc1ccc(Oc2ccccc2)cc1,IXDZPCDIEDZOMI-XDHOZWIPSA-N,1,CHEMBL2271465,1,8.72,8.72,Culex pipiens,ChEMBL
EXT_00282,Cc1ccc(NC2CCN(C(=O)c3ccc(Cl)cc3)CC2)cc1,IYUZMNYQASZUFK-UHFFFAOYSA-N,0,CHEMBL2286413,1,4.82,4.82,Spodoptera littoralis,ChEMBL
EXT_00283,O=C(COc1ccc(-c2ccccc2)cc1)NCCCN1CCCCC1,IYYRFRHVGUOBGU-UHFFFAOYSA-N,1,CHEMBL4277357,3,5.0,5.0,"Aedes aegypti,Anopheles gambiae",ChEMBL
EXT_00284,CC(C)CS(=O)(=O)c1ccnc(OS(C)(=O)=O)c1,IZHJHCQWQFERPA-UHFFFAOYSA-N,1,CHEMBL2286261,1,5.72,5.72,Musca domestica,ChEMBL
EXT_00285,CCN(C)CCCCOc1ccc(Oc2ccccc2)cc1,JAADMLQMILBDLE-UHFFFAOYSA-N,1,CHEMBL2271464,1,7.55,7.55,Culex pipiens,ChEMBL
EXT_00286,O=C(O)c1ccc2c(c1)ncn2Cc1cccc(C(F)(F)F)c1,JAFOSQHHACGWOK-UHFFFAOYSA-N,0,CHEMBL3287359,1,,,Drosophila melanogaster,ChEMBL
EXT_00287,CC(C)n1cc(C(=O)C(F)(F)F)cn1,JAVDJDQEDRNTQR-UHFFFAOYSA-N,1,CHEMBL3623548,2,6.85,6.695,Anopheles gambiae,ChEMBL
EXT_00288,CC(C)(C)c1ccc(C(=O)NN(C(=O)c2ccccc2Cl)C(C)(C)C)cc1,JDCPUULEWGMMGW-UHFFFAOYSA-N,1,CHEMBL2287462,1,7.66,7.66,Spodoptera frugiperda,ChEMBL
EXT_00289,CN(C)CCCN1C(=O)CSC1c1cccc(Cl)c1,JDMFQXLAGLWHOH-UHFFFAOYSA-N,0,CHEMBL5397966,1,4.8,4.8,Anopheles gambiae,ChEMBL
EXT_00290,CCO/N=C/COc1ccc(Cc2ccccc2)cc1,JEHNRZWQHUGDJH-LDADJPATSA-N,1,CHEMBL2271829,1,7.09,7.09,Culex pipiens,ChEMBL
EXT_00291,CNC(=O)Oc1cccc(OCCCCOc2ccccc2[N+](=O)[O-])c1,JESWYQLJPQPZFZ-UHFFFAOYSA-N,0,CHEMBL2230094,1,4.21,4.21,Musca domestica,ChEMBL
EXT_00292,COc1cc2c3cc1Oc1cc(ccc1O)C[C@@H]1c4c(cc(OC)c(O)c4Oc4ccc(cc4)C[C@@H]3N(C)CC2)CC[N+]1(C)C,JFJZZMVDLULRGK-URLMMPGGSA-O,1,CHEMBL339427,1,5.73,5.73,Musca domestica,ChEMBL
EXT_00293,Cc1cc(C)cc(C(=O)C2(NC(=O)C(F)(F)F)CCCCC2)c1,JFSJOICPVBZVOH-UHFFFAOYSA-N,0,CHEMBL2286412,1,4.79,4.79,Spodoptera littoralis,ChEMBL
EXT_00294,CCCC1OP2(=S)OCC1(CCC)CO2,JGPCAWQKXSGWJM-UHFFFAOYSA-N,1,CHEMBL2287383,1,6.0,6.0,Blattella germanica,ChEMBL
EXT_00295,C[C@@H]1C[C@H](Nc2ccccc2)c2ccccc2N1C(=O)c1cccc(C(F)(F)F)c1,JHNYGDAXQHDHNA-IERDGZPVSA-N,1,CHEMBL417218,1,5.92,5.92,Aedes aegypti,ChEMBL
EXT_00296,CN(C)CCCN1C(=O)CSC1c1cccc(F)c1F,JIQPKOHKBQJXKT-UHFFFAOYSA-N,0,CHEMBL5424185,1,4.43,4.43,Anopheles gambiae,ChEMBL
EXT_00297,CCCCCCSCC(=O)C(F)(F)F,JKYLDTTWQQEIHX-UHFFFAOYSA-N,1,CHEMBL440542,1,7.51,7.51,Drosophila melanogaster,ChEMBL
EXT_00298,C[C@@H]1C[C@H](Nc2ccc(F)cc2)c2cc(F)ccc2N1C(=O)c1ccccc1,JLCWNRHNKUVWED-VFNWGFHPSA-N,1,CHEMBL57186,1,5.76,5.76,Aedes aegypti,ChEMBL
EXT_00299,Cl[C@H]1[C@H](Cl)[C@@H](Cl)[C@@H](Cl)[C@H](Cl)[C@H]1Cl,JLYXXMFPNIAWKQ-GNIYUCBRSA-N,1,CHEMBL15891,1,7.96,7.96,Musca domestica,ChEMBL
EXT_00300,CN(C)CCCN1C(=O)CSC1c1ccccn1,JPDHYADAFMNZHZ-UHFFFAOYSA-N,0,CHEMBL5409526,1,,,Anopheles gambiae,ChEMBL
EXT_00301,Nc1cccc(S(N)(=O)=O)c1,JPVKCHIPRSQDKL-UHFFFAOYSA-N,1,CHEMBL6852,1,6.05,6.05,Anopheles gambiae,ChEMBL
EXT_00302,CC(CO)CC[C@@H](O)[C@](C)(O)[C@H]1CC[C@@]2(O)C3=CC(=O)[C@@H]4C[C@@H](O)[C@@H](O)C[C@]4(C)[C@H]3CC[C@]12C,JQNVCUBPURTQPQ-XDWLXSIGSA-N,1,CHEMBL564971,1,7.04,7.04,Drosophila melanogaster,ChEMBL
EXT_00303,CC[C@H](C)[C@H]1OC(=O)[C@H](Cc2ccccc2)N(C)C(=O)[C@@H](C(C)C)OC(=O)[C@H](Cc2ccccc2)N(C)C(=O)[C@@H](C(C)C)OC(=O)[C@H](Cc2ccccc2)N(C)C1=O,JQUGYVKOYKGIRB-PGVJVUNISA-N,1,CHEMBL506228,1,,,Aedes aegypti,ChEMBL
EXT_00304,CC(=O)OC[C@]12[C@H](OC(=O)c3ccccc3)[C@H](OC(C)=O)[C@H]3OC(=O)C(C)(O)CCc4ncccc4C(=O)OC[C@@]4(C)O[C@@]1([C@H]3C)[C@@H](OC(C)=O)[C@@H]4C(=O)[C@@H]2OC(C)=O,JSEQGONUGWKQBK-XCSZNDEXSA-N,1,CHEMBL4085923,1,,,Aedes aegypti,ChEMBL
EXT_00305,Cc1cccc(C(=O)NN(C(=O)c2ccccc2Cl)C(C)(C)C)c1C,JTHVQDOREUEMBU-UHFFFAOYSA-N,0,CHEMBL2286722,1,4.94,4.94,Drosophila melanogaster,ChEMBL
EXT_00306,CC(C)=NOCCCOc1ccc(Oc2ccccc2)cc1,JUDVPZDNMMGQDM-UHFFFAOYSA-N,1,CHEMBL2271466,1,8.76,8.76,Culex pipiens,ChEMBL
EXT_00307,CC(C)CONCCOc1ccc(Cc2ccccc2)cc1,JUUPIWYYZTWFLO-UHFFFAOYSA-N,1,CHEMBL2271808,1,8.66,8.66,Culex pipiens,ChEMBL
EXT_00308,Cc1ccc(C(=O)NN(C(=O)c2cc(C)cc(C)c2)C(C)(C)C)cc1,JVFOOYPQMZNPHZ-UHFFFAOYSA-N,0,CHEMBL2286728,1,4.95,4.95,Drosophila melanogaster,ChEMBL
EXT_00309,NC(=S)N/N=C/COc1ccc(Cl)cc1,JVKYGBRSRAABGJ-LFYBBSHMSA-N,1,CHEMBL3589426,1,,,Aedes aegypti,ChEMBL
EXT_00310,CCCCOCCOc1ccc(Oc2ccccc2)cc1,JXENVKYPVSMCFX-UHFFFAOYSA-N,1,CHEMBL2272145,1,8.08,8.08,Culex pipiens,ChEMBL
EXT_00311,C/C=N/OCCCOc1ccc(Oc2ccccc2)cc1,JXMULJQCEVPTNL-LPRJTOQXSA-N,1,CHEMBL2271826,1,8.55,8.55,Culex pipiens,ChEMBL
EXT_00312,CCCCC/C=C\CCC(=O)O[C@@]12[C@H](OC(=O)[C@@H](C)CC)[C@@H](C)[C@@]3(O)[C@@H](C(=O)C(CO)=C[C@]4(O)C(=O)C(C)=C[C@@H]34)[C@@H]1C2(C)C,JXRHQRCPZQCZSZ-ASGOHMCFSA-N,1,CHEMBL5174471,1,,,Plutella xylostella,ChEMBL
EXT_00313,CCOC(=O)CC(SP(=S)(OC)OC)C(=O)OCC,JXSJBGJIGXNWCI-UHFFFAOYSA-N,0,CHEMBL1200468,2,,,Plutella xylostella,ChEMBL
EXT_00314,O=[N+]([O-])/N=C1/N(Cc2ccc(Cc3ccc(CN4CCN(Cc5ccc(Cl)nc5)/C4=N\[N+](=O)[O-])cc3)cc2)CCN1Cc1ccc(Cl)nc1,JZJWGYOBTIWNQF-VDUYVMHVSA-N,0,CHEMBL2252502,1,4.77,4.77,Musca domestica,ChEMBL
EXT_00315,NS(=O)(=O)c1cc2c(cc1Cl)NCNS2(=O)=O,JZUFKLXOESDKRF-UHFFFAOYSA-N,1,CHEMBL435,1,7.5,7.5,Anopheles gambiae,ChEMBL
EXT_00316,CCCCCCCCC(=O)C(F)F,KBTBQKNTXFVGSP-UHFFFAOYSA-N,1,CHEMBL152698,1,5.0,5.0,Drosophila melanogaster,ChEMBL
EXT_00317,COc1ccc(NC(=S)NCCN2CCCCC2)cc1,KBVZBGFTPBUXAH-UHFFFAOYSA-N,0,CHEMBL4099934,2,4.54,4.285,Anopheles gambiae,ChEMBL
EXT_00318,CCC(C)OCCCOc1ccc(Oc2ccccc2)cc1,KCEXWXBFJOHBPA-UHFFFAOYSA-N,1,CHEMBL2272151,1,8.9,8.9,Culex pipiens,ChEMBL
EXT_00319,C#CCCCCCCCCCCC1=C[C@H](C)OC1=O,KCYNQKJAQXHQLE-HNNXBMFYSA-N,1,CHEMBL477913,1,,,Aedes aegypti,ChEMBL
EXT_00320,Cc1cn([C@H]2C[C@H](n3cc(-c4ccccn4)nn3)[C@@H](CO)O2)c(=O)[nH]c1=O,KEBQIHFEQIBHOQ-RRFJBIMHSA-N,1,CHEMBL1091719,1,5.42,5.42,Drosophila melanogaster,ChEMBL
EXT_00321,COCCCCCOc1ccc(CC(C)C)cc1,KEEHWYIBHIKGAA-UHFFFAOYSA-N,1,CHEMBL2271832,1,5.35,5.35,Culex pipiens,ChEMBL
EXT_00322,Cc1cn(CCCCCCOC(c2ccccc2)(c2ccccc2)c2ccncc2)c(=O)[nH]c1=O,KFFXNJCFHDAUNV-UHFFFAOYSA-N,1,CHEMBL220459,1,5.57,5.57,Drosophila melanogaster,ChEMBL
EXT_00323,CCCCc1ccc(C(=O)NN(C(=O)c2ccccc2Cl)C(C)(C)C)cc1,KFPAKOVKYAAIGL-UHFFFAOYSA-N,1,CHEMBL2287461,1,8.27,8.27,Spodoptera frugiperda,ChEMBL
EXT_00324,O=C(COc1ccc(Cl)cc1Cl)Nc1ccc(CN2CCCCC2)cc1,KHNVQJDWUHRVDK-UHFFFAOYSA-N,1,CHEMBL1459580,2,6.58,6.25,Anopheles gambiae,ChEMBL
EXT_00325,CC1CCc2nn(-c3c(Cl)cc(C(F)(F)F)cc3Cl)cc21,KHYPPUBLNCEADC-UHFFFAOYSA-N,1,CHEMBL206170,1,7.52,7.52,Musca domestica,ChEMBL
EXT_00326,CCC(C)n1cc(C(=O)C(F)F)cn1,KIPNKBSUTXPLGR-UHFFFAOYSA-N,1,CHEMBL3623556,2,7.6,7.59,Anopheles gambiae,ChEMBL
EXT_00327,Cc1ccc(N(C(=O)c2ccc(Cl)cc2)C2CC(C)N(C(=O)c3ccc(Cl)cc3)c3ccc(C)cc32)cc1,KKFIHBYZXIPSHA-UHFFFAOYSA-N,0,CHEMBL2285681,1,4.89,4.89,Spodoptera littoralis,ChEMBL
EXT_00328,Cc1ccc(C[N+](C)(C)C)o1,KOWVJDFMEZKDDT-UHFFFAOYSA-N,0,CHEMBL1316369,2,4.91,4.87,Drosophila melanogaster,ChEMBL
EXT_00329,CC(C)(C)N(NC(=O)c1ccccc1)C(=O)c1ccccc1F,KPBKAGVIPGPRAK-UHFFFAOYSA-N,0,CHEMBL2286736,2,5.21,4.675,Drosophila melanogaster,ChEMBL
EXT_00330,Nc1ccc(S(N)(=O)=O)cc1Br,KQEVQYJWCZRLTJ-UHFFFAOYSA-N,1,CHEMBL6724,1,6.07,6.07,Anopheles gambiae,ChEMBL
EXT_00331,Nc1cc(C(F)(F)F)c(S(N)(=O)=O)cc1S(N)(=O)=O,KRVABEGPNKGLOT-UHFFFAOYSA-N,1,CHEMBL418,1,5.36,5.36,Anopheles gambiae,ChEMBL
EXT_00332,CC(C)C[S+]([O-])c1cccc(OS(C)(=O)=O)c1,KSSSWPMKQXBJNG-UHFFFAOYSA-N,0,CHEMBL2286260,1,4.92,4.92,Musca domestica,ChEMBL
EXT_00333,COP1(=S)NCC(c2cccc(Br)c2)O1,KTBPGGSQFFNCTE-UHFFFAOYSA-N,0,CHEMBL2289293,1,,,Tribolium castaneum,ChEMBL
EXT_00334,CN(C)CCCN1C(=O)CSC1c1cccc(F)c1,KTGFDMVQZJCWQK-UHFFFAOYSA-N,0,CHEMBL1202933,1,4.85,4.85,Anopheles gambiae,ChEMBL
EXT_00335,CN(Cc1ccccc1)C(=S)S,KVRJHAJGPHILSK-UHFFFAOYSA-N,1,CHEMBL2023726,2,7.91,7.605,Drosophila melanogaster,ChEMBL
EXT_00336,CC(C)NC(=O)c1cccc(Cl)c1NC(=O)c1cc(C(F)(F)F)nn1-c1ccccc1Cl,KWDYEPSLJJCGHF-UHFFFAOYSA-N,1,CHEMBL370843,2,,,"Plutella xylostella,Spodoptera frugiperda",ChEMBL
EXT_00337,O=C(O)[C@@H]1CCCN1C(=S)S,KXPSZHIUQPHVGH-BYPYZUCNSA-N,1,CHEMBL2023730,2,8.85,8.36,Drosophila melanogaster,ChEMBL
EXT_00338,CC/C=C\C/C=C\CCC(=O)O[C@@]12[C@H](OC(=O)[C@@H](C)CC)[C@@H](C)[C@@]3(O)[C@@H](C(=O)C(CO)=C[C@]4(O)C(=O)C(C)=C[C@@H]34)[C@@H]1C2(C)C,KYFJIEVANFXJFD-LEVDAJMHSA-N,1,CHEMBL5175917,1,,,Plutella xylostella,ChEMBL
EXT_00339,COc1cccc(Cn2cnc3cc(C(=O)O)ccc32)c1,KYTGMQCHVSBDAJ-UHFFFAOYSA-N,0,CHEMBL3287368,1,,,Drosophila melanogaster,ChEMBL
EXT_00340,CCN1CCN(CCCNC(=O)COc2ccc(-c3ccc(OC)cc3)cc2)CC1,KYXGSMDRHQWMAB-UHFFFAOYSA-N,1,CHEMBL4292499,3,5.42,5.24,"Aedes aegypti,Anopheles gambiae",ChEMBL
EXT_00341,CCOP(=O)(OCC)SCCCCCSP(=O)(OCC)OCC,KZROMZCICLWKQK-UHFFFAOYSA-N,0,CHEMBL2252841,2,4.91,4.91,"Drosophila melanogaster,Musca domestica",ChEMBL
EXT_00342,CCCCCN(Cc1ccc(Cl)nc1)/C(C)=N/C#N,KZXSNLGQJXVOEY-LDADJPATSA-N,0,CHEMBL2287450,1,,,Musca domestica,ChEMBL
EXT_00343,O=C(O)CCc1nc(-c2ccc(Br)cc2)no1,LBFLFJKKZLTGOV-UHFFFAOYSA-N,1,CHEMBL2442676,1,,,Aedes aegypti,ChEMBL
EXT_00344,CC#CCOC(=O)C1=CCCN(C)C1,LBFWTPRSXIRKMZ-UHFFFAOYSA-N,1,CHEMBL1395412,2,5.82,5.8149999999999995,Drosophila melanogaster,ChEMBL
EXT_00345,CCOP(=O)(OCC)SCCCCCCCCN1C(=O)c2ccccc2C1=O,LBUJBVTUEAMMBQ-UHFFFAOYSA-N,1,CHEMBL2252721,2,5.35,5.105,"Drosophila melanogaster,Musca domestica",ChEMBL
EXT_00346,O=C(c1cnn(C2CCCC2)c1)C(F)F,LCJHAMFHXGMYLX-UHFFFAOYSA-N,1,CHEMBL3623559,2,6.97,6.92,Anopheles gambiae,ChEMBL
EXT_00347,CCOP(=O)(OCC)SCCCCCN1C(=O)c2ccccc2C1=O,LDBYELVZNVROCO-UHFFFAOYSA-N,0,CHEMBL2252849,2,4.91,4.91,"Drosophila melanogaster,Musca domestica",ChEMBL
EXT_00348,Cc1cccc(Oc2ccc(OCCCNOC(C)C)cc2)c1,LDXLQKYPMYPOCI-UHFFFAOYSA-N,1,CHEMBL2271812,1,10.0,10.0,Culex pipiens,ChEMBL
EXT_00349,CCCCCCC#CC(=O)C(F)(F)F,LECHALRQDMTAQM-UHFFFAOYSA-N,1,CHEMBL356917,1,6.4,6.4,Drosophila melanogaster,ChEMBL
EXT_00350,O=[N+]([O-])C(Cl)(Cl)Cl,LFHISGNCFUNFFM-UHFFFAOYSA-N,1,CHEMBL1327143,1,,,Musca domestica,ChEMBL
EXT_00351,Nc1ccc(S(N)(=O)=O)cc1Cl,LFIOFZKZCDMGFG-UHFFFAOYSA-N,0,CHEMBL7092,1,4.91,4.91,Anopheles gambiae,ChEMBL
EXT_00352,COc1cc(O)c2c(c1C)C(C)C(O)(COC(=O)c1ccc(O)c(CC=C(C)C)c1)OC2=O,LHROABAUHBYOHP-UHFFFAOYSA-N,1,CHEMBL2269235,1,7.06,7.06,Musca domestica,ChEMBL
EXT_00353,O=C1c2cn(-c3c(Cl)cc(C(F)(F)F)cc3Cl)nc2CC1F,LJJDVRIWWXGNQS-UHFFFAOYSA-N,1,CHEMBL206190,1,6.5,6.5,Musca domestica,ChEMBL
EXT_00354,CCCCCc1ccc(C(=O)NN(C(=O)c2cc(C)cc(C)c2Cl)C(C)(C)C)cc1,LJKDYBDUENVZQS-UHFFFAOYSA-N,1,CHEMBL2286442,1,5.45,5.45,Spodoptera littoralis,ChEMBL
EXT_00355,CC(C)(C)N(NC(=O)c1ccccc1)C(=O)c1ccc(Cl)cc1Cl,LJLPDLHRHNGALA-UHFFFAOYSA-N,0,CHEMBL2286742,1,,,Drosophila melanogaster,ChEMBL
EXT_00356,CC(C)(C)N(NC(=O)c1ccc(F)cc1)C(=O)c1ccccc1Cl,LJOYGVJNQBYUDA-UHFFFAOYSA-N,1,CHEMBL2286751,2,7.29,5.859999999999999,"Drosophila melanogaster,Spodoptera frugiperda",ChEMBL
EXT_00357,COC(=O)CCc1nc(-c2ccccc2)no1,LKSFAERIDQFYIR-UHFFFAOYSA-N,1,CHEMBL2442687,1,,,Aedes aegypti,ChEMBL
EXT_00358,O=C(O)CCCc1nc(-c2ccc(I)cc2)no1,LLBGUCZJOVFEKY-UHFFFAOYSA-N,1,CHEMBL2442680,2,,,Aedes aegypti,ChEMBL
EXT_00359,CCN(CC)C(=S)S,LMBWSYZSUOEYSN-UHFFFAOYSA-N,1,CHEMBL107217,2,6.18,5.904999999999999,Drosophila melanogaster,ChEMBL
EXT_00360,C/C=C(\C)C(=O)O[C@@H]1[C@@H](C)[C@@]2(O)[C@@H](C(=O)C(CO)=C[C@]3(O)C(=O)C(C)=C[C@@H]23)[C@@H]2C(C)(C)[C@]12OC(=O)CC/C=C\CCCCC,LMPYJGSTISXWRJ-XEWZUCQDSA-N,1,CHEMBL5201528,1,,,Plutella xylostella,ChEMBL
EXT_00361,Cc1ccc(S(N)(=O)=O)cc1,LMYRWZFENFIFIT-UHFFFAOYSA-N,0,CHEMBL574,1,4.91,4.91,Anopheles gambiae,ChEMBL
EXT_00362,Cc1onc(-c2ccccc2)c1-c1ccc(S(N)(=O)=O)cc1,LNPDTQAFDNKSHK-UHFFFAOYSA-N,1,CHEMBL865,1,6.79,6.79,Anopheles gambiae,ChEMBL
EXT_00363,O=[N+]([O-])/N=C1\NCOCN1Cc1cnc(Cl)s1,LOXCNVOJGRNBFX-UHFFFAOYSA-N,1,CHEMBL2269822,3,7.96,7.8,"Drosophila melanogaster,Musca domestica",ChEMBL
EXT_00364,O=C1N[C@@H](Cc2ccc(O)cc2)C(=O)N2CCC[C@@H]12,LSGOTAXPWMCUCK-RYUDHWBXSA-N,0,CHEMBL359788,2,4.37,4.37,Plutella xylostella,ChEMBL
EXT_00365,CCCCCC[S+]([O-])CC(=O)C(F)(F)F,LSJUTEXGKKBNFU-UHFFFAOYSA-N,1,CHEMBL155396,1,5.85,5.85,Drosophila melanogaster,ChEMBL
EXT_00366,CCCCOCCOc1ccc(CC(C)C)cc1,LSMHMUILGQCONY-UHFFFAOYSA-N,1,CHEMBL2272180,1,6.44,6.44,Culex pipiens,ChEMBL
EXT_00367,C=CC(C)(O)C#N,LSPINEDXJRUDKO-UHFFFAOYSA-N,1,CHEMBL2271404,1,,,Musca domestica,ChEMBL
EXT_00368,CCO/N=C/CCOc1ccc(CC(C)(C)C)cc1,LTFJIEHDHHICQM-GZTJUZNOSA-N,1,CHEMBL2272170,1,8.57,8.57,Culex pipiens,ChEMBL
EXT_00369,CCCOCCCOc1ccc(Oc2ccccc2)cc1,LVHZXDFAVDDALO-UHFFFAOYSA-N,1,CHEMBL2272146,1,9.47,9.47,Culex pipiens,ChEMBL
EXT_00370,Cc1cc(Cl)cc(C(=O)NC(C)C)c1NC(=O)c1cc(Cl)nn1-c1ncccc1Cl,LVJYTMAGIHHUQG-UHFFFAOYSA-N,1,CHEMBL437018,2,,,"Plutella xylostella,Spodoptera frugiperda",ChEMBL
EXT_00371,S=C(S)NCCCn1ccnc1,LVVZDKOVBRQLRL-UHFFFAOYSA-N,1,CHEMBL2334361,2,9.05,8.335,Drosophila melanogaster,ChEMBL
EXT_00372,CCCc1ccc(Oc2ccc(OC/C=N/OCC)cc2)cc1,LWDWUQOIYYAPDA-XSFVSMFZSA-N,1,CHEMBL2271472,1,6.36,6.36,Culex pipiens,ChEMBL
EXT_00373,COc1ccc(NC(S)=NCCN2CCC(C)CC2)cc1Cl,LWULRPYIMPIYQD-UHFFFAOYSA-N,1,CHEMBL1340607,2,6.02,5.32,Anopheles gambiae,ChEMBL
EXT_00374,CC(C)(C)N(NC(=O)c1ccccc1)C(=O)c1ccccc1[N+](=O)[O-],LXCJEBDJFVKIAM-UHFFFAOYSA-N,1,CHEMBL2286739,2,5.96,5.385,Drosophila melanogaster,ChEMBL
EXT_00375,CCCCCCOCC(=O)C(F)(F)F,LYFHIZKUSAXSSM-UHFFFAOYSA-N,1,CHEMBL421992,1,7.08,7.08,Drosophila melanogaster,ChEMBL
EXT_00376,O=[N+]([O-])C=C1NCCCS1,LZTIMERBDGGAJD-UHFFFAOYSA-N,1,CHEMBL3138618,1,5.33,5.33,Drosophila melanogaster,ChEMBL
EXT_00377,COCCCCCOc1ccc(Oc2ccccc2)cc1,MAFDEVUGGJLURF-UHFFFAOYSA-N,1,CHEMBL2271772,1,6.42,6.42,Culex pipiens,ChEMBL
EXT_00378,CCCCCCS(=O)(=O)CC(=O)C(F)(F)F,MAGOHNFKWBKUKQ-UHFFFAOYSA-N,1,CHEMBL155621,1,6.83,6.83,Drosophila melanogaster,ChEMBL
EXT_00379,CCCCC/C=C/C=C/C(=O)NCC(C)C,MAGQQZHFHJDIRE-BNFZFUHLSA-N,1,CHEMBL271242,1,,,Aedes aegypti,ChEMBL
EXT_00380,NC(=S)N/N=C/COc1cccc(Cl)c1Cl,MCRQFILNDVVNDS-YIXHJXPBSA-N,1,CHEMBL3589427,1,,,Aedes aegypti,ChEMBL
EXT_00381,CNCc1cccnc1,MCSAQVGDZLPTBS-UHFFFAOYSA-N,0,CHEMBL357101,1,,,Musca domestica,ChEMBL
EXT_00382,C=CC(C#N)OC(C)=O,MEHLEOUIWVWVBF-UHFFFAOYSA-N,1,CHEMBL2271401,1,,,Musca domestica,ChEMBL
EXT_00383,C[C@@H]1C[C@H](Nc2ccccc2)c2ccccc2N1C(=O)c1ccc(Cl)cc1,MEPJCQOWCCADRL-IERDGZPVSA-N,1,CHEMBL300573,1,6.01,6.01,Aedes aegypti,ChEMBL
EXT_00384,COc1ccc(C(=O)N2c3ccc(F)cc3[C@@H](Nc3ccc(F)cc3)C[C@H]2C)cc1,MIEGTLCGWZYDRN-QRQCRPRQSA-N,1,CHEMBL56663,1,5.94,5.94,Aedes aegypti,ChEMBL
EXT_00385,OCCN1CCN(c2nccc(Nc3ccc(-c4ccccc4)cc3)n2)CC1,MIGYHYGLNSMSCY-UHFFFAOYSA-N,0,CHEMBL4474234,1,,,Aedes aegypti,ChEMBL
EXT_00386,Cc1cn(CCCCCCOC(c2ccccc2)(c2ccccc2)c2cc[n+](C)cc2)c(=O)[nH]c1=O,MIKIBCYBICWOMD-UHFFFAOYSA-O,0,CHEMBL438603,1,4.54,4.54,Drosophila melanogaster,ChEMBL
EXT_00387,CCO/N=C/CCOc1ccc(CC(CC)CC)cc1,MISJZDTURCBDBG-LDADJPATSA-N,1,CHEMBL2272181,1,9.53,9.53,Culex pipiens,ChEMBL
EXT_00388,C=C1C(C)=C(C#N)C(=O)N1c1cc(Cl)cc(Cl)c1,MIVMWMWJXZIPMS-UHFFFAOYSA-N,0,CHEMBL1253760,1,4.56,4.56,Lucilia cuprina,ChEMBL
EXT_00389,CCC(C)n1cc(C(=O)CF)cn1,MKFBTCMZCVVDQG-UHFFFAOYSA-N,1,CHEMBL3623563,2,5.56,5.55,Anopheles gambiae,ChEMBL
EXT_00390,C[N+]1(C)CCN(c2ccccc2)CC1,MKGIQRNAGSSHRV-UHFFFAOYSA-N,0,CHEMBL134752,1,4.06,4.06,Musca domestica,ChEMBL
EXT_00391,Cc1cccc(C(=O)NC(C)C)c1NC(=O)c1cnc(C(F)(F)F)nc1C,MNPMTNVGBQQTFT-UHFFFAOYSA-N,0,CHEMBL197645,2,,,"Plutella xylostella,Spodoptera frugiperda",ChEMBL
EXT_00392,O=c1[nH]c(=O)n([C@H]2C[C@H](n3cc(-c4ccc(Cl)cc4)nn3)[C@@H](CO)O2)cc1/C=C/Br,MNYPSYJHVXNBMF-CGXZTUQUSA-N,1,CHEMBL1091988,1,6.34,6.34,Drosophila melanogaster,ChEMBL
EXT_00393,CN1CCN(C2CCN(C(=O)COc3ccc(-c4ccccc4)cc3)CC2)CC1,MOQQZFPQHVEHKY-UHFFFAOYSA-N,1,CHEMBL4285972,3,6.62,6.6,"Aedes aegypti,Anopheles gambiae",ChEMBL
EXT_00394,CCc1ccc(C(=O)NC2(C(=O)c3cc(C)cc(C)c3)CCCCC2)cc1,MPAAOUUFYCEANT-UHFFFAOYSA-N,1,CHEMBL55108,1,6.92,6.92,Spodoptera littoralis,ChEMBL
EXT_00395,CNC(=O)Oc1cccc(OCCCCOc2cccc([N+](=O)[O-])c2)c1,MPGJVJWTKLDDFO-UHFFFAOYSA-N,0,CHEMBL2230093,1,4.92,4.92,Musca domestica,ChEMBL
EXT_00396,CC(C)CCC(O)C(C)(O)C1CCC2C3CCC4CC(O)CCC4(C)C3CCC21C,MPYAIDWTDSTPEU-UHFFFAOYSA-N,0,CHEMBL3138491,1,4.38,4.38,Drosophila melanogaster,ChEMBL
EXT_00397,O=[N+]([O-])/N=C1/NCCN1Cc1cnc(Cl)c(F)c1,MPZGGXWUKCTBTO-UHFFFAOYSA-N,1,CHEMBL2271129,1,7.48,7.48,Musca domestica,ChEMBL
EXT_00398,O=[N+]([O-])/N=C1\N(Cc2ccc(Cl)nc2)CCN1Cc1cccc(CN2CCN(Cc3ccc(Cl)nc3)/C2=N\[N+](=O)[O-])c1,MQBUSAOPFBSBFZ-WVMMTVHUSA-N,1,CHEMBL2252503,1,5.56,5.56,Musca domestica,ChEMBL
EXT_00399,CC(C)(C)OC(=O)NCCCC(=O)O[C@H]1[C@H](O)[C@@H](CO)O[C@H]1n1cc(/C=C/Br)c(=O)[nH]c1=O,MQFTYOSSTNGEII-LKFLUANLSA-N,0,CHEMBL398594,1,,,Drosophila melanogaster,ChEMBL
EXT_00400,COc1cccc(C2CNP(=S)(OC)O2)c1,MQVBBKCDXARUPM-UHFFFAOYSA-N,0,CHEMBL2289019,1,,,Tribolium castaneum,ChEMBL
EXT_00401,O=[N+]([O-])/N=C1\NCCN1Cc1cnc(Cl)c(-c2ccccc2)c1,MUPHCSPQJDQVNT-UHFFFAOYSA-N,1,CHEMBL2287958,1,5.19,5.19,Musca domestica,ChEMBL
EXT_00402,Cc1ccc(C(=O)N2c3ccccc3[C@@H](Nc3ccccc3)C[C@H]2C)cc1,MUVUKLRYQJFDKC-GCJKJVERSA-N,1,CHEMBL60877,1,6.0,6.0,Aedes aegypti,ChEMBL
EXT_00403,C[C@H](C1=C(CCN(C)C)Cc2ccccc21)c1ccccn1,MVMQESMQSYOVGV-HNNXBMFYSA-N,1,CHEMBL564226,2,6.29,6.234999999999999,Drosophila melanogaster,ChEMBL
EXT_00404,CCONCCCOc1ccc(CC(CC)CC)cc1,MWJZDLMYLURZEF-UHFFFAOYSA-N,1,CHEMBL2272189,1,8.43,8.43,Culex pipiens,ChEMBL
EXT_00405,CC(C)ONCCCOc1ccc(Oc2ccccc2)cc1,MWVWPDHYHUWCKX-UHFFFAOYSA-N,1,CHEMBL2271810,1,8.66,8.66,Culex pipiens,ChEMBL
EXT_00406,C=C1C(C(C)C)=C(C#N)C(=O)N1c1c(C)cc(Cl)cc1Cl,MXOQZEQHWJXKPB-UHFFFAOYSA-N,0,CHEMBL1254774,1,,,Lucilia cuprina,ChEMBL
EXT_00407,CNC(=O)Oc1cccc(OCCCCOc2ccc(C(F)(F)F)cc2)c1,MXQVCHDCVCVRKV-UHFFFAOYSA-N,0,CHEMBL2230099,1,,,Musca domestica,ChEMBL
EXT_00408,[O-][S+](CCc1ccccc1)[C@H]1O[C@H](CO)[C@@H](O)[C@H](O)[C@@H]1O,MXSSIIJFICBNQB-QUXRGVBESA-N,0,CHEMBL1689634,1,,,Drosophila melanogaster,ChEMBL
EXT_00409,CN1[C@@H](CC(=O)c2ccccc2)CCC[C@H]1C[C@H](O)c1ccccc1,MXYUKLILVYORSK-HBMCJLEFSA-N,0,CHEMBL122270,1,4.89,4.89,Musca domestica,ChEMBL
EXT_00410,CCC(CC)Cc1ccc(OCCCON=C(C)C)cc1,MYBHZQUYPMFZBP-UHFFFAOYSA-N,1,CHEMBL2272143,1,8.65,8.65,Culex pipiens,ChEMBL
EXT_00411,Cc1cn(CCCCCCCOC(c2ccccc2)(c2ccccc2)c2ccccc2)c(=O)[nH]c1=O,MYFJLJCVSVNEDV-UHFFFAOYSA-N,0,CHEMBL219367,1,4.5,4.5,Drosophila melanogaster,ChEMBL
EXT_00412,CCOCCCCOc1ccc(Oc2ccccc2)cc1,MYGACSZYYWNDMZ-UHFFFAOYSA-N,1,CHEMBL2272147,1,7.93,7.93,Culex pipiens,ChEMBL
EXT_00413,c1cncc([C@@H]2CCCN2)c1,MYKUKUCHPMASKF-VIFPVBQESA-N,1,CHEMBL6200,2,5.06,5.06,Musca domestica,ChEMBL
EXT_00414,CCCN(CCC)CC1CCCCN1CCNC(=O)N1c2ccccc2C(=O)Nc2cccnc21,MZDYABXXPZNUCT-UHFFFAOYSA-N,1,CHEMBL279453,2,8.32,8.265,Drosophila melanogaster,ChEMBL
EXT_00415,CCCCCO/N=C/COc1ccc(Cc2ccccc2)cc1,MZFWPTMYAAJTCF-KGENOOAVSA-N,1,CHEMBL2271782,1,6.72,6.72,Culex pipiens,ChEMBL
EXT_00416,CN(C)C(=S)S,MZGNSEAPZQGJRB-UHFFFAOYSA-N,1,CHEMBL569460,2,6.11,5.785,Drosophila melanogaster,ChEMBL
EXT_00417,O=C(O)CCCc1nc(-c2ccccc2)no1,MZTVBDKRHBBHNR-UHFFFAOYSA-N,0,CHEMBL1329600,2,,,Aedes aegypti,ChEMBL
EXT_00418,CC(=O)O[C@@H]1C[C@H](O)[C@@]23CO[C@@H](O)[C@]1(C)[C@@H]2C[C@@H](O)[C@]1(C)[C@@H]3C(=O)[C@H](OC(C)=O)[C@@]2(C)[C@H](c3ccoc3)C[C@H]3O[C@]321,NAHTXVIXCMUDLF-RFNFAWMESA-N,1,CHEMBL503044,1,,,Spodoptera frugiperda,ChEMBL
EXT_00419,[N-]=[N+]=Nc1cc(CN2CCN/C2=N\[N+](=O)[O-])cnc1Cl,NBUHPUCUZWZCRU-UHFFFAOYSA-N,1,CHEMBL97343,1,7.82,7.82,Drosophila melanogaster,ChEMBL
EXT_00420,CCO/N=C/CCOc1ccc(Cc2cccc(C)c2)cc1,NBUUFWZFCPGXQM-UDWIEESQSA-N,1,CHEMBL2271824,1,9.86,9.86,Culex pipiens,ChEMBL
EXT_00421,COc1c(C(C)C)cc2c(c1O)[C@@]1(C)CCCC(C)(C)[C@@H]1CC2,NCQBQRRNDYBXHO-KKSFZXQISA-N,1,CHEMBL2252751,1,,,Spodoptera littoralis,ChEMBL
EXT_00422,FC(F)(F)c1cc(Cl)c(-n2cc3c(n2)CCC3)c(Cl)c1,NDVGZMNSCFPVKF-UHFFFAOYSA-N,1,CHEMBL377727,1,7.08,7.08,Musca domestica,ChEMBL
EXT_00423,C[C@@H]1C(=O)O[C@H](C)[C@H]1C[C@@H](O)[C@](C)(O)[C@H]1CC[C@@]2(O)C3=CC(=O)[C@@H]4C[C@@H](O)[C@@H](O)C[C@]4(C)[C@H]3CC[C@]12C,NEFYSBQJYCICOG-YSEUJXISSA-N,1,CHEMBL494249,1,7.21,7.21,Drosophila melanogaster,ChEMBL
EXT_00424,C=C1C(C)=C(C#N)C(=O)N1c1cc(Cl)c(C(C)(C)C)cc1Cl,NEMPXIFVMLAVQR-UHFFFAOYSA-N,1,CHEMBL1254453,1,5.07,5.07,Lucilia cuprina,ChEMBL
EXT_00425,O=[N+]([O-])/N=C1\N(Cc2ccc(Cl)nc2)CCN1Cc1cccc(CN2CCN(Cc3ccc(Cl)nc3)/C2=N\[N+](=O)[O-])n1,NEUIRFPCOZCRBP-UXPPBCCBSA-N,1,CHEMBL2252500,1,5.28,5.28,Musca domestica,ChEMBL
EXT_00426,Cc1ccc(N[C@H]2C[C@@H](C)N(C(=O)c3ccc(C(F)(F)F)cc3)c3ccc(C)cc32)cc1,NFDYGXNXYQNIOW-JPYJTQIMSA-N,1,CHEMBL292575,1,5.36,5.36,Aedes aegypti,ChEMBL
EXT_00427,S=C(S)NCCN1CCOCC1,NFLNJRITJKGQIX-UHFFFAOYSA-N,1,CHEMBL2023166,2,7.98,7.95,Drosophila melanogaster,ChEMBL
EXT_00428,Cc1c(C(=O)NN(C(=O)c2ccccc2Cl)C(C)(C)C)ccc2c1CCCO2,NHBORXJQYDFLHV-UHFFFAOYSA-N,1,CHEMBL2286445,1,8.27,8.27,Spodoptera littoralis,ChEMBL
EXT_00429,CNC(=O)c1cc(Cl)cc(C)c1NC(=O)c1cc(OC)nn1-c1ncccc1Cl,NILWYTKQQAWCEI-UHFFFAOYSA-N,1,CHEMBL427880,2,,,"Plutella xylostella,Spodoptera frugiperda",ChEMBL
EXT_00430,CCO/N=C/COc1ccc(Oc2ccccc2C)cc1,NISHYRRJEKAIPY-LDADJPATSA-N,1,CHEMBL2271795,1,7.36,7.36,Culex pipiens,ChEMBL
EXT_00431,CC(C)(C)N(NC(=O)c1ccccc1)C(=O)c1ccccc1,NISLLQUWIJASOV-UHFFFAOYSA-N,1,CHEMBL387744,3,5.89,5.74,"Drosophila melanogaster,Spodoptera littoralis",ChEMBL
EXT_00432,O=[N+]([O-])/N=C1\N(Cc2ccc(Cl)nc2)CCN1Cc1ccc(CN2CCN(Cc3ccc(Cl)nc3)/C2=N\[N+](=O)[O-])o1,NJUOMYTUHSMITF-HCTXVGCHSA-N,1,CHEMBL2252498,1,7.52,7.52,Musca domestica,ChEMBL
EXT_00433,CC(C)(O)CC[C@@H](O)[C@](C)(O)[C@H]1CC[C@@]2(O)C3=CC(=O)[C@@H]4C[C@@H](O)[C@@H](O)C[C@]4(C)[C@H]3CC[C@]12C,NKDFYOWSKOHCCO-YPVLXUMRSA-N,1,CHEMBL224128,4,7.34,7.0600000000000005,"Drosophila melanogaster,Lucilia cuprina,Spodoptera frugiperda",ChEMBL
EXT_00434,O=C(O)c1ccc2c(c1)nc(CCNC(=O)c1cccs1)n2Cc1ccc(C(F)(F)F)cc1,NKENNYJZMFTMAS-UHFFFAOYSA-N,0,CHEMBL3287363,1,,,Drosophila melanogaster,ChEMBL
EXT_00435,C=C1C(CC(C)C)=C(C#N)C(=O)N1c1cc(Cl)c(Cl)cc1Cl,NKKVUHPTHCADSY-UHFFFAOYSA-N,1,CHEMBL1253938,1,5.26,5.26,Lucilia cuprina,ChEMBL
EXT_00436,C=CC(C)(C)C1=C(O)C(=O)c2ccccc2C1=O,NKUYBNCXFLAOEC-UHFFFAOYSA-N,1,CHEMBL2268882,1,,,Spodoptera frugiperda,ChEMBL
EXT_00437,S=C(S)NCc1ccccc1,NLGSBXAWUUVELO-UHFFFAOYSA-N,1,CHEMBL2023168,2,9.1,7.885,Drosophila melanogaster,ChEMBL
EXT_00438,Clc1ccc([C@H]2C[C@@H]3CC[C@H]2N3)cn1,NLPRAJRHRHZCQQ-IVZWLZJFSA-N,1,CHEMBL298826,1,5.87,5.87,Musca domestica,ChEMBL
EXT_00439,Clc1ccc(C2CC3CCC2N3)cn1,NLPRAJRHRHZCQQ-UHFFFAOYSA-N,1,CHEMBL6623,2,6.54,6.455,Drosophila melanogaster,ChEMBL
EXT_00440,Clc1ccc([C@@H]2C[C@H]3CC[C@@H]2N3)cn1,NLPRAJRHRHZCQQ-UTLUCORTSA-N,1,CHEMBL298517,1,5.55,5.55,Musca domestica,ChEMBL
EXT_00441,O=C(O)CCc1ccc(O)cc1,NMHMNPHRMNGLLB-UHFFFAOYSA-N,0,CHEMBL1172560,2,4.07,4.07,Plutella xylostella,ChEMBL
EXT_00442,O=C(COc1ccc(-c2ccccc2)cc1)N1CCC(N2CCCCC2)CC1,NNJPSKCGFBHMTD-UHFFFAOYSA-N,1,CHEMBL4278046,3,5.42,5.4,"Aedes aegypti,Anopheles gambiae",ChEMBL
EXT_00443,COCC(=O)O[C@H]1[C@H](O)[C@@H](CO)O[C@H]1n1cc(/C=C/Br)c(=O)[nH]c1=O,NNONZLUPBQRBKD-FSKYWUMTSA-N,0,CHEMBL399413,1,,,Drosophila melanogaster,ChEMBL
EXT_00444,CCc1ccc(C(=O)NC(CC)(CC)C(=O)c2cc(C)cc(C)c2)cc1,NOPSQZLYKMXQNR-UHFFFAOYSA-N,1,CHEMBL2286410,1,5.37,5.37,Spodoptera littoralis,ChEMBL
EXT_00445,O=C(O)c1ccc2nc(CCNC(=O)c3cccs3)n(Cc3cccc(C(F)(F)F)c3)c2c1,NOXYFBDONIJCDT-UHFFFAOYSA-N,0,CHEMBL3287360,1,,,Drosophila melanogaster,ChEMBL
EXT_00446,CCO/N=C/COc1ccc(Oc2ccccc2C(F)(F)F)cc1,NPCOXAXLSNMJHA-SRZZPIQSSA-N,1,CHEMBL2271799,1,6.18,6.18,Culex pipiens,ChEMBL
EXT_00447,CCOc1ccccc1C(=O)N(NC(=O)c1ccc(CC)cc1)C(C)(C)C,NPXDFDFFVQHAGH-UHFFFAOYSA-N,1,CHEMBL2286436,1,5.16,5.16,Spodoptera littoralis,ChEMBL
EXT_00448,CC(=O)N[C@@H](Cc1ccccc1)C(=O)NCC(=O)N[C@H](C(=O)O)C(C)C,NPXGFQLFZNMQJW-HOCLYGCPSA-N,0,CHEMBL2252866,2,,,Plutella xylostella,ChEMBL
EXT_00449,O=C(/N=C1/N(CCCCCN2CCN(Cc3ccc(Cl)nc3)/C2=N/C(=O)C(F)(F)F)CCN1Cc1ccc(Cl)nc1)C(F)(F)F,NQCLCNDSPHMVDW-XKLJWPJGSA-N,0,CHEMBL2252504,1,4.8,4.8,Musca domestica,ChEMBL
EXT_00450,CC(C)CO/N=C/COc1ccc(Cc2ccccc2)cc1,NQVXWWYNKZAFSJ-UDWIEESQSA-N,1,CHEMBL2271780,1,8.48,8.48,Culex pipiens,ChEMBL
EXT_00451,C=C1C(CCCC)=C(C#N)C(=O)N1c1cc(Cl)ccc1C(C)(C)C,NRDOIBTVFAUUHC-UHFFFAOYSA-N,1,CHEMBL1254948,1,5.26,5.26,Lucilia cuprina,ChEMBL
EXT_00452,S=C(S)N1CCOCC1,NRMQMTQTYONMFY-UHFFFAOYSA-N,1,CHEMBL2023727,2,9.1,8.48,Drosophila melanogaster,ChEMBL
EXT_00453,CCn1nc(C(F)(F)F)cc1C(=O)Nc1c(C)cccc1C(=O)NC(C)C,NSDRVEXNRGFQES-UHFFFAOYSA-N,0,CHEMBL198260,2,,,"Plutella xylostella,Spodoptera frugiperda",ChEMBL
EXT_00454,[O-][n+]1cccc(CNc2nccc(Nc3ccc(-c4ccccc4)cc3)n2)c1,NSYUNNQIDIIIAC-UHFFFAOYSA-N,1,CHEMBL4476488,1,,,Aedes aegypti,ChEMBL
EXT_00455,C=C1C(c2ccccc2)=C(C#N)C(=O)N1c1c(C)cccc1C(C)C,NTDRAPUWFKYBRG-UHFFFAOYSA-N,0,CHEMBL1254031,1,4.26,4.26,Lucilia cuprina,ChEMBL
EXT_00456,CCO/N=C/COc1ccc(Oc2cccc(CC)c2)cc1,NTOUSOSQRIGJBI-XDHOZWIPSA-N,1,CHEMBL2271801,1,7.85,7.85,Culex pipiens,ChEMBL
EXT_00457,CC(C)(C)N(NC(=O)c1ccc(C#N)cc1)C(=O)c1ccccc1Cl,NUWZEFGBNQLRTH-UHFFFAOYSA-N,0,CHEMBL2286718,2,5.74,4.885,"Drosophila melanogaster,Spodoptera frugiperda",ChEMBL
EXT_00458,CO[C@H]1C[C@]2(O[C@H]([C@@H](C[C@H](O)[C@H](C)[C@H](O)[C@H](C)/C=C(C)/C(C)=C/CC/C(C)=C\C(N)=O)OC)[C@H](OP(=O)(O)O)C2(C)C)O[C@H](C/C=C/c2coc(C)n2)[C@H]1C,NWFMVMFBNZSIHF-PKGIXKDLSA-N,1,CHEMBL505968,1,,,Spodoptera littoralis,ChEMBL
EXT_00459,CCC(CC)n1cc(C(=O)CF)cn1,NWHBKNONEOGQEO-UHFFFAOYSA-N,1,CHEMBL3623565,2,6.47,6.46,Anopheles gambiae,ChEMBL
EXT_00460,CN1[C@@H]2CC[C@H]1C[C@@H](OC(=O)N1Cc3ccccc3NC1=O)C2,NWXCDQHBVVPPTL-WDNDVIMCSA-N,1,CHEMBL1617363,2,6.24,6.215,Drosophila melanogaster,ChEMBL
EXT_00461,CCc1ccc(C(=O)NC(C(=O)c2cc(C)cc(C)c2)C(C)(C)C)cc1,NXNWPCHOVFXSTI-UHFFFAOYSA-N,0,CHEMBL2286411,2,4.62,4.475,Spodoptera littoralis,ChEMBL
EXT_00462,C/C(=N\NC(N)=S)C(C)Oc1ccc(Cl)c(Cl)c1,NXPBTKVPMPQFET-GIDUJCDVSA-N,1,CHEMBL3121912,1,,,Aedes aegypti,ChEMBL
EXT_00463,Nc1nc2c(ncn2[C@@H]2O[C@H](CO)[C@@H](O)[C@@H]2O)c(=O)[nH]1,NYHBQMYGNKIUIF-FJFJXFQQSA-N,0,CHEMBL240933,1,,,Drosophila melanogaster,ChEMBL
EXT_00464,CCC/C(=N\C#N)N(C)Cc1ccc(Cl)nc1,NZUSMFWLEAULKT-FOWTUZBSSA-N,0,CHEMBL2287453,1,,,Musca domestica,ChEMBL
EXT_00465,FC(F)(F)c1cc(Cl)c(-n2cc3c(n2)C(F)(F)CC3(F)F)c(Cl)c1,NZZXAIIKADTYMJ-UHFFFAOYSA-N,1,CHEMBL427379,1,7.13,7.13,Musca domestica,ChEMBL
EXT_00466,NC(=S)N/N=C1/NCCN(Cc2ccc(Cl)nc2)C1=O,OASMCRWETNVZGJ-UHFFFAOYSA-N,1,CHEMBL2272692,1,5.41,5.41,Musca domestica,ChEMBL
EXT_00467,Cc1cc(O)c2c(c1)O[C@@]1(C(N)=O)C(=CC=C[C@H]1O)C2=O,OAXAIKRROGOSQW-ABAIWWIYSA-N,0,CHEMBL88409,1,4.54,4.54,Drosophila melanogaster,ChEMBL
EXT_00468,C/C(=N\C#N)N(Cc1ccc(Cl)nc1)C(C)C,OBFKQWMXNMAWLZ-MHWRWJLKSA-N,0,CHEMBL2287447,1,,,Musca domestica,ChEMBL
EXT_00469,COP(=O)(OC)OC=C(Cl)Cl,OEBRKCOSUFCWJD-UHFFFAOYSA-N,1,CHEMBL167911,3,7.22,6.855,"Anopheles gambiae,Musca domestica",ChEMBL
EXT_00470,CCCCCCCOc1ccc(Cc2ccccc2)cc1,OEYNHYTUESUSJT-UHFFFAOYSA-N,1,CHEMBL2271805,1,7.17,7.17,Culex pipiens,ChEMBL
EXT_00471,CN(C)CCNC(=S)Nc1ccccc1Cl,OFBFNFQGVFVHQX-UHFFFAOYSA-N,0,CHEMBL4100253,1,4.77,4.77,Anopheles gambiae,ChEMBL
EXT_00472,CCCCO/N=C/COc1ccc(Cc2ccccc2)cc1,OFUQRSHHVCTJPU-DEDYPNTBSA-N,1,CHEMBL2271779,1,7.41,7.41,Culex pipiens,ChEMBL
EXT_00473,CCCNCCOc1ccc(Oc2ccccc2)cc1,OHIGXARRRILQLQ-UHFFFAOYSA-N,1,CHEMBL2271814,1,9.55,9.55,Culex pipiens,ChEMBL
EXT_00474,CC1(O)c2cn(-c3c(Cl)cc(C(F)(F)F)cc3Cl)nc2C(F)C1F,OHNXDEFNJJWNIY-UHFFFAOYSA-N,1,CHEMBL203684,1,6.46,6.46,Musca domestica,ChEMBL
EXT_00475,CCC(=O)NCCc1c2c3c(ccnc3c3ncsc13)-c1ccccc1N2,OHRPKUDJMIHDKF-UHFFFAOYSA-N,0,CHEMBL463916,1,,,Spodoptera littoralis,ChEMBL
EXT_00476,O=C(O)[C@H](Cc1ccc(O)cc1)NC(=O)[C@@H]1CCCN1,OIDKVWTWGDWMHY-RYUDHWBXSA-N,0,CHEMBL298979,2,,,Plutella xylostella,ChEMBL
EXT_00477,C=C1C(CC(C)C)=C(C#N)C(=O)N1c1c(C)cc(C)cc1C,OITFROHSZHTQCD-UHFFFAOYSA-N,0,CHEMBL1253939,1,,,Lucilia cuprina,ChEMBL
EXT_00478,O=C(/N=C1/N(CCCCCCCN2CCN(Cc3ccc(Cl)nc3)/C2=N/C(=O)C(F)(F)F)CCN1Cc1ccc(Cl)nc1)C(F)(F)F,OJCUFAQXRSDDTI-KPZCBJDLSA-N,1,CHEMBL2252350,1,5.54,5.54,Musca domestica,ChEMBL
EXT_00479,O=[N+]([O-])/N=C1\N(Cc2ccc(Cl)nc2)CCN1Cc1cncc(CN2CCN(Cc3ccc(Cl)nc3)/C2=N\[N+](=O)[O-])c1,OKMFNMVAOMPGDC-UXPPBCCBSA-N,1,CHEMBL2252499,1,5.64,5.64,Musca domestica,ChEMBL
EXT_00480,Cc1cccc(C(=O)NC(C)C)c1NC(=O)c1cc(C(F)(F)F)nn1C,OLXVWOVGXFQBNM-UHFFFAOYSA-N,1,CHEMBL371060,2,,,"Plutella xylostella,Spodoptera frugiperda",ChEMBL
EXT_00481,CO[P@]1(=O)OC[C@H]2COC(=O)C2=C(C)O1,OMPQJMDGDAAXPE-NPMWZIQKSA-N,1,CHEMBL603622,1,9.12,9.12,Musca domestica,ChEMBL
EXT_00482,N/C(S)=N/N=C/c1ccc(Cl)c(Cl)c1,OMVGKAWQTXZISA-UUILKARUSA-N,1,CHEMBL415311,1,,,Aedes aegypti,ChEMBL
EXT_00483,CCC(CC)n1cc(C(=O)C(F)F)cn1,OMWCMVDBFIANLH-UHFFFAOYSA-N,1,CHEMBL3623558,2,9.0,8.955,Anopheles gambiae,ChEMBL
EXT_00484,CN(Cc1ccc(Cl)nc1)/C(Cc1ccccc1)=N/C#N,OOYWWATYGBQNNQ-CAPFRKAQSA-N,0,CHEMBL2287459,1,,,Musca domestica,ChEMBL
EXT_00485,CC/C(=N\C#N)N(C)Cc1ccc(Cl)nc1,OPFFMHIZJROPHR-RVDMUPIBSA-N,0,CHEMBL2287452,1,4.45,4.45,Musca domestica,ChEMBL
EXT_00486,CCCCCCCCC(=O)C(F)(F)F,OQHGRUHRHLFMBX-UHFFFAOYSA-N,1,CHEMBL152843,1,5.17,5.17,Drosophila melanogaster,ChEMBL
EXT_00487,CC(C)(C)N(NC(=O)c1cccc(Cl)c1Cl)C(=O)c1ccccc1Cl,OQJGHOJKYUGBFU-UHFFFAOYSA-N,1,CHEMBL2286721,1,5.11,5.11,Drosophila melanogaster,ChEMBL
EXT_00488,CC(C)Cn1cc(C(=O)C(F)(F)F)cn1,OUPUWBKBRTXEIM-UHFFFAOYSA-N,1,CHEMBL3623553,2,6.02,6.0,Anopheles gambiae,ChEMBL
EXT_00489,CCOc1ccc2nc(S(N)(=O)=O)sc2c1,OUZWUKMCLIBBOG-UHFFFAOYSA-N,1,CHEMBL18,1,6.73,6.73,Anopheles gambiae,ChEMBL
EXT_00490,CN(C)CCN=C(S)Nc1cccc(Cl)c1,OWAJMROHTFWTPH-UHFFFAOYSA-N,0,CHEMBL1301463,1,4.02,4.02,Anopheles gambiae,ChEMBL
EXT_00491,CCCC12COP(=S)(OC1)OC2CC,OWFFCDUVEQIDNU-UHFFFAOYSA-N,1,CHEMBL2287384,1,6.0,6.0,Blattella germanica,ChEMBL
EXT_00492,O=[N+]([O-])/N=C1\NCCN1Cc1cnc(Cl)s1,OWRSHPAYDYCHSJ-UHFFFAOYSA-N,1,CHEMBL2251730,3,8.09,7.92,"Drosophila melanogaster,Musca domestica",ChEMBL
EXT_00493,O=[N+]([O-])/N=C1\N(Cc2ccc(Cl)nc2)CCN1Cc1ccccc1-c1ccccc1CN1CCN(Cc2ccc(Cl)nc2)/C1=N\[N+](=O)[O-],OXYDYOBQQGDPCW-CBSZVXRSSA-N,1,CHEMBL2252501,1,6.1,6.1,Musca domestica,ChEMBL
EXT_00494,OCCN(CCO)C(=S)S,PCBLZWZCGNKODY-UHFFFAOYSA-N,1,CHEMBL2023724,2,8.49,7.68,Drosophila melanogaster,ChEMBL
EXT_00495,CCCONCCOc1ccc(CC(C)C)cc1,PCQAUOPWJXFRFH-UHFFFAOYSA-N,1,CHEMBL2271833,1,6.57,6.57,Culex pipiens,ChEMBL
EXT_00496,C[C@H](c1ccc(Cl)nc1)N1CCN/C1=N\[N+](=O)[O-],PCQCQCIFVHSSNM-SSDOTTSWSA-N,1,CHEMBL2272997,1,6.02,6.02,Musca domestica,ChEMBL
EXT_00497,CC(c1ccc(Cl)nc1)N1CCN/C1=N\[N+](=O)[O-],PCQCQCIFVHSSNM-UHFFFAOYSA-N,1,CHEMBL2272995,1,6.68,6.68,Musca domestica,ChEMBL
EXT_00498,C[C@@H](c1ccc(Cl)nc1)N1CCN/C1=N\[N+](=O)[O-],PCQCQCIFVHSSNM-ZETCQYMHSA-N,1,CHEMBL2272996,1,6.72,6.72,Musca domestica,ChEMBL
EXT_00499,Cc1ccc(N[C@H]2C[C@@H](C)N(C(=O)c3ccccc3C)c3ccc(C)cc32)cc1,PCYUVGIXKYENDH-YKSBVNFPSA-N,1,CHEMBL292838,1,5.06,5.06,Aedes aegypti,ChEMBL
EXT_00500,O=C(O)CNC(=S)S,PDQXSLJFPJSYBF-UHFFFAOYSA-N,1,CHEMBL2023172,2,7.12,7.015000000000001,Drosophila melanogaster,ChEMBL
EXT_00501,CN/C(=N\[N+](=O)[O-])NCc1cnc(Cl)s1,PGOOBECODWQEAB-UHFFFAOYSA-N,1,CHEMBL259727,3,8.74,8.66,"Drosophila melanogaster,Musca domestica",ChEMBL
EXT_00502,CC(C)NCCN1C(=O)CSC1c1ccc(Cl)cc1Cl,PGPHDINTKOOAGS-UHFFFAOYSA-N,1,CHEMBL5401005,1,5.38,5.38,Anopheles gambiae,ChEMBL
EXT_00503,C=CCC1OC(=O)CCNC(=O)[C@H](C)N(C)C(=O)[C@H]([C@@H](C)CC)N(C)C(=O)[C@H]([C@@H](C)CC)NC(=O)[C@@H]2C(C)CCN2C1=O,PGUIAWATJDLBEN-KOSMNMCVSA-N,0,CHEMBL449360,1,,,Drosophila melanogaster,ChEMBL
EXT_00504,CCCO/N=C/COc1ccc(CC(C)C)cc1,PHOHAZONAKWFLD-CXUHLZMHSA-N,1,CHEMBL2272178,1,5.39,5.39,Culex pipiens,ChEMBL
EXT_00505,COc1cccc(C(=O)NN(C(=O)c2ccccc2Cl)C(C)(C)C)c1C,PIEYNDWUOMEKNW-UHFFFAOYSA-N,0,CHEMBL2286723,1,4.78,4.78,Drosophila melanogaster,ChEMBL
EXT_00506,C[N+]1(C)[C@@H]2CC[C@H]1C[C@@H](OC(=O)C(CO)c1ccccc1)C2,PIPAJLPNWZMYQA-KNCRFDSUSA-N,1,CHEMBL516476,2,8.74,8.68,Drosophila melanogaster,ChEMBL
EXT_00507,CC(C)CC[C@@H](O)[C@](C)(O)[C@H]1CC[C@@]2(O)C3=CC(=O)[C@@H]4C[C@@H](O)[C@@H](O)C[C@]4(C)[C@H]3CC[C@]12C,PJYYBCXMCWDUAZ-JJJZTNILSA-N,1,CHEMBL549789,2,8.89,7.470000000000001,"Drosophila melanogaster,Lucilia cuprina",ChEMBL
EXT_00508,CCNCCCCOc1ccc(Oc2ccccc2)cc1,PKVZYEBWVBEQTL-UHFFFAOYSA-N,1,CHEMBL2271820,1,7.36,7.36,Culex pipiens,ChEMBL
EXT_00509,Cc1ccccc1C(=O)N1c2ccc(F)cc2[C@@H](Nc2ccc(F)cc2)C[C@H]1C,PLSOFNMUJDWSIL-ZHRRBRCNSA-N,1,CHEMBL416140,1,5.5,5.5,Aedes aegypti,ChEMBL
EXT_00510,CCCONCCOc1ccc(Oc2ccccc2)cc1,PNBYUHCKTGODAG-UHFFFAOYSA-N,1,CHEMBL2271806,1,8.28,8.28,Culex pipiens,ChEMBL
EXT_00511,S=C(S)N1CCN(C(=S)S)CC1,PNKGVPLMWAEASD-UHFFFAOYSA-N,1,CHEMBL2023728,2,9.05,8.36,Drosophila melanogaster,ChEMBL
EXT_00512,N#Cc1ccc(C2CCN(C(=S)S)CC2)cc1,PNXYJCAJPFIKQS-UHFFFAOYSA-N,1,CHEMBL2334358,2,8.43,8.16,Drosophila melanogaster,ChEMBL
EXT_00513,Cc1cn(CCCCCCOC(c2ccccc2)(c2ccccc2)c2ccccc2)c(=O)[nH]c1=O,POQKPOUSJVGFHD-UHFFFAOYSA-N,0,CHEMBL216998,1,4.77,4.77,Drosophila melanogaster,ChEMBL
EXT_00514,CCN1CCN(C2CCN(C(=O)COc3ccc(-c4ccc([N+](=O)[O-])cc4)cc3)CC2)CC1,PPANJQUMADIAMO-UHFFFAOYSA-N,1,CHEMBL4291845,3,7.1,6.96,"Aedes aegypti,Anopheles gambiae",ChEMBL
EXT_00515,Cc1cc(Cl)cc(C(=O)NC(C)C)c1NC(=O)c1cc(OCC(F)(F)F)nn1-c1ncccc1Cl,PPCBEYUYYBRDHV-UHFFFAOYSA-N,1,CHEMBL400986,2,,,"Plutella xylostella,Spodoptera frugiperda",ChEMBL
EXT_00516,CCOCCCCOc1ccc(CC(C)(C)C)cc1,PPSCUZGKELLVNH-UHFFFAOYSA-N,1,CHEMBL2272174,1,6.66,6.66,Culex pipiens,ChEMBL
EXT_00517,C[C@@H]1C[C@H](Nc2ccc(F)cc2)c2cc(F)ccc2N1C(=O)c1ccccc1F,PQMBQNDRNVWBSB-SZNDQCEHSA-N,1,CHEMBL291513,1,5.52,5.52,Aedes aegypti,ChEMBL
EXT_00518,CN(C)CCCN1C(=O)CSC1c1ccc(F)cc1F,PSHRBDVGRGWEIB-UHFFFAOYSA-N,1,CHEMBL5416845,1,5.36,5.36,Anopheles gambiae,ChEMBL
EXT_00519,CNC(=O)c1cc(Cl)cc(C)c1NC(=O)c1cc(Br)nn1-c1ncccc1Cl,PSOVNZZNOMJUBI-UHFFFAOYSA-N,1,CHEMBL399318,4,10.3,8.850000000000001,"Drosophila melanogaster,Plutella xylostella,Spodoptera frugiperda",ChEMBL
EXT_00520,FC1Cc2cn(-c3c(Cl)cc(C(F)(F)F)cc3Cl)nc2C1F,PSRFKHITIJTTIS-UHFFFAOYSA-N,1,CHEMBL204682,1,6.7,6.7,Musca domestica,ChEMBL
EXT_00521,CC(C)COCCOc1ccc(Cc2ccccc2)cc1,PSVNMHOGBBNLEF-UHFFFAOYSA-N,1,CHEMBL2272155,1,8.07,8.07,Culex pipiens,ChEMBL
EXT_00522,CC(C)(C)N(NC(=O)c1ccccc1I)C(=O)c1ccccc1Cl,PUHBZYAKYDZFIB-UHFFFAOYSA-N,0,CHEMBL2286745,1,4.06,4.06,Drosophila melanogaster,ChEMBL
EXT_00523,COc1ccccc1C(=O)N(NC(=O)c1ccccc1)C(C)(C)C,PUKQUTSJNLMGLT-UHFFFAOYSA-N,1,CHEMBL2228437,2,5.42,5.42,Drosophila melanogaster,ChEMBL
EXT_00524,NC(=S)N/N=C/COc1ccc(Br)cc1,PVISOQWZTUCSOW-LFYBBSHMSA-N,1,CHEMBL3589425,1,,,Aedes aegypti,ChEMBL
EXT_00525,NS(=O)(=O)c1nnc(NS(=O)(=O)c2ccccc2)s1,PWDGTQXZLNDOKS-UHFFFAOYSA-N,1,CHEMBL73962,1,8.01,8.01,Anopheles gambiae,ChEMBL
EXT_00526,CCOc1cccc(C(=O)NN(C(=O)c2cc(C)cc(C)c2)C(C)(C)C)c1C,PWJQXNCIMVWGQX-UHFFFAOYSA-N,0,CHEMBL2286729,1,4.92,4.92,Drosophila melanogaster,ChEMBL
EXT_00527,CCCN(C)CCCOc1ccc(Oc2ccccc2)cc1,PWOGNIVTTMGRHR-UHFFFAOYSA-N,1,CHEMBL2271823,1,7.93,7.93,Culex pipiens,ChEMBL
EXT_00528,CCc1ccc(C2CNP(=S)(OC)O2)cc1,PXCYWBXHQDTZJJ-UHFFFAOYSA-N,0,CHEMBL2289272,1,,,Tribolium castaneum,ChEMBL
EXT_00529,CCOP(=O)(OCC)SCCCCCCCCCCSP(=O)(OCC)OCC,PXYLKSPZXNBOGO-UHFFFAOYSA-N,1,CHEMBL2252846,2,5.75,5.75,"Drosophila melanogaster,Musca domestica",ChEMBL
EXT_00530,CCc1ccc(C(=O)NN(C(=O)c2ccccc2Cl)C(C)(C)C)cc1,PYGCFNZDSHYQIS-UHFFFAOYSA-N,1,CHEMBL2286720,3,7.89,6.66,"Drosophila melanogaster,Spodoptera frugiperda",ChEMBL
EXT_00531,CCC(CC)Cc1ccc(OCCNC(=O)NC(C)C)cc1,PYNKNBFKASFTKP-UHFFFAOYSA-N,1,CHEMBL2272168,1,6.97,6.97,Culex pipiens,ChEMBL
EXT_00532,CCC(CC)Cc1ccc(OCCNC(=O)NC)cc1,PYQDJAVISDOFPG-UHFFFAOYSA-N,0,CHEMBL2272169,1,4.83,4.83,Culex pipiens,ChEMBL
EXT_00533,O=C(O)CCc1nc(-c2ccc(Cl)cc2)no1,PZAHEYNFUFWABS-UHFFFAOYSA-N,1,CHEMBL1520624,1,,,Aedes aegypti,ChEMBL
EXT_00534,CCOP(=O)(OCC)SCCCSP(=O)(OCC)OCC,PZDOWCZNZUHZRY-UHFFFAOYSA-N,1,CHEMBL2252724,2,5.79,5.140000000000001,"Drosophila melanogaster,Musca domestica",ChEMBL
EXT_00535,CN1C(=O)[C@@]23C[C@]4([C@]56C[C@@]78SS[C@@](CO)(C(=O)N7[C@H]5Nc5ccccc56)N(C)C8=O)c5ccccc5N[C@@H]4N2C(=O)[C@]1(CO)SS3,PZPPOCZWRGNKIR-PNVYSBBASA-N,1,CHEMBL1089316,4,6.22,6.22,Drosophila melanogaster,ChEMBL
EXT_00536,C=CCO/N=C/COc1ccc(Cc2ccccc2)cc1,PZPUNRPKNAMFOI-XDHOZWIPSA-N,1,CHEMBL2271778,1,8.14,8.14,Culex pipiens,ChEMBL
EXT_00537,CC(C)NC(=O)c1cccc(Cl)c1NC(=O)c1cc(C(F)(F)F)nn1-c1ncccc1Cl,PZRKZXKZLKHADY-UHFFFAOYSA-N,1,CHEMBL436286,2,,,"Plutella xylostella,Spodoptera frugiperda",ChEMBL
EXT_00538,CCCCC/C(=N\C#N)N(C)Cc1ccc(Cl)nc1,PZWNSVTWQFYBGF-NBVRZTHBSA-N,0,CHEMBL2287457,1,,,Musca domestica,ChEMBL
EXT_00539,CCCOCCCOc1ccc(CC(C)C)cc1,QBBBAIKILBQEET-UHFFFAOYSA-N,1,CHEMBL2271830,1,7.86,7.86,Culex pipiens,ChEMBL
EXT_00540,CCOP(=O)(OCC)SCCCN1C(=O)c2ccccc2C1=O,QBOYFUNEVAOEDI-UHFFFAOYSA-N,1,CHEMBL2252847,2,5.08,5.08,"Drosophila melanogaster,Musca domestica",ChEMBL
EXT_00541,COc1cccc(C(=O)NN(C(=O)c2ccccc2Cl)C(C)(C)C)c1,QBTZIYVDZIURSE-UHFFFAOYSA-N,0,CHEMBL2286750,1,4.14,4.14,Drosophila melanogaster,ChEMBL
EXT_00542,COc1cccc(C(=O)NN(C(=O)c2cc(C)cc(C)c2)C(C)(C)C)c1C,QCAWEPFNJXQPAN-UHFFFAOYSA-N,1,CHEMBL55772,2,8.22,6.5,"Drosophila melanogaster,Spodoptera littoralis",ChEMBL
EXT_00543,CC[C@@H]1C(=O)OC[C@@H]1Cc1cncn1C,QCHFTSOMWOSFHM-WPRPVWTQSA-N,1,CHEMBL550,2,5.55,5.54,Drosophila melanogaster,ChEMBL
EXT_00544,CC(C)c1cc2c(c(O)c1O)[C@@]1(C)CCCC(C)(C)C1=C(O)C2=O,QDFALZMZLBCVCD-HXUWFJFHSA-N,1,CHEMBL488040,1,,,Spodoptera littoralis,ChEMBL
EXT_00545,C[C@@H]1C[C@H](Nc2ccc(F)cc2)c2cc(F)ccc2N1C(=O)c1cccc(C(F)(F)F)c1,QEINCZRZFQRACL-SZNDQCEHSA-N,1,CHEMBL301460,1,6.0,6.0,Aedes aegypti,ChEMBL
EXT_00546,CC(C)(C)N(NC(=O)c1ccc(Cl)cc1)C(=O)c1ccccc1Cl,QEIZHWRVSXPSIZ-UHFFFAOYSA-N,1,CHEMBL2286752,2,6.89,5.49,"Drosophila melanogaster,Spodoptera frugiperda",ChEMBL
EXT_00547,COc1cc(C(=O)Nc2c(C)cc(Cl)cc2C(=O)NC(C)C)n(-c2ncccc2Cl)n1,QEJBPAFVVLKQEO-UHFFFAOYSA-N,1,CHEMBL248979,2,,,"Plutella xylostella,Spodoptera frugiperda",ChEMBL
EXT_00548,CCC(CC)Cc1ccc(OCCCNC(=O)OC)cc1,QEQVAZBDYOYPKU-UHFFFAOYSA-N,1,CHEMBL2272166,1,6.31,6.31,Culex pipiens,ChEMBL
EXT_00549,CSCC[C@@H]1NC(=O)[C@H](CC(=O)O)NC(=O)[C@H](CCC(=O)O)NC(=O)[C@@H]2CSSC[C@H](NC(=O)[C@@H](N)Cc3ccc(O)cc3)C(=O)N[C@@H](CCC(N)=O)C(=O)N[C@@H](CCCCN)C(=O)N[C@@H](Cc3ccccc3)C(=O)N[C@@H](CC(C)C)C(=O)N[C@@H](Cc3c[nH]c4ccccc34)C(=O)N[C@@H]([C@@H](C)O)C(=O)N[C@H]3CSSC[C@H](NC(=O)[C@H](C(C)C)NC1=O)C(=O)N[C@@H](CCC(=O)O)C(=O)N[C@@H](CC(C)C)C(=O)N[C@@H](Cc1c[nH]c4ccccc14)C(=O)N[C@H](C(=O)N[C@@H](CCCCN)C(=O)N[C@@H](CC(C)C)C(=O)N[C@@H](CCC(=O)O)C(=O)N[C@@H](CCCCN)C(=O)O)CSSC[C@H](NC(=O)[C@H](CCCCN)NC(=O)[C@H](CCCNC(=N)N)NC(=O)[C@H](CCC(=O)O)NC(=O)[C@H]([C@@H](C)O)NC(=O)[C@H](CC(=O)O)NC3=O)C(=O)N2,QFRQTCDVQNVWDI-SUNZBBGGSA-N,1,CHEMBL2272094,2,8.43,8.43,Blattella germanica,ChEMBL
EXT_00550,CCOCCCCOc1ccc(CC(C)C)cc1,QHWQWBYJHQZNNS-UHFFFAOYSA-N,1,CHEMBL2271831,1,6.48,6.48,Culex pipiens,ChEMBL
EXT_00551,O=C(O)CCc1cc(-c2ccccc2)no1,QIBVLSLOHQJUNF-UHFFFAOYSA-N,0,CHEMBL2442685,1,,,Aedes aegypti,ChEMBL
EXT_00552,CCC(CC)Cc1ccc(OCCCOCC(C)C)cc1,QKKGIWCQYWBTKC-UHFFFAOYSA-N,1,CHEMBL2271841,1,8.81,8.81,Culex pipiens,ChEMBL
EXT_00553,COCCCCCOc1ccc(CC(C)(C)C)cc1,QKZSBNXJAFWXQB-UHFFFAOYSA-N,1,CHEMBL2272175,1,5.29,5.29,Culex pipiens,ChEMBL
EXT_00554,Cc1cccc(Cc2ccc(OCC/C=N/OC(C)C)cc2)c1,QLEWKHFBRQHELK-CIAFOILYSA-N,1,CHEMBL2271825,1,10.06,10.06,Culex pipiens,ChEMBL
EXT_00555,CCCCCCCC(F)(F)C(=O)C(F)(F)F,QNQITXCXUKBZRB-UHFFFAOYSA-N,1,CHEMBL153015,1,8.28,8.28,Drosophila melanogaster,ChEMBL
EXT_00556,N#C/N=C1\NCCN1Cc1ccc(Cl)nc1,QNSLBNMSETUZJN-UHFFFAOYSA-N,1,CHEMBL2251976,1,7.77,7.77,Musca domestica,ChEMBL
EXT_00557,CCc1nc(C(F)(F)F)ccc1C(=O)Nc1c(C)cccc1C(=O)NC(C)C,QNSMKJFNORJNHH-UHFFFAOYSA-N,0,CHEMBL370155,2,,,"Plutella xylostella,Spodoptera frugiperda",ChEMBL
EXT_00558,Nc1nccc(Nc2ccc(S(N)(=O)=O)cc2)n1,QOAXQANKSMHFKJ-UHFFFAOYSA-N,0,CHEMBL6633,1,4.97,4.97,Anopheles gambiae,ChEMBL
EXT_00559,CCN(Cc1ccc(Cl)nc1)/C(C)=N/C#N,QQFAZFZNLZJZBT-OQLLNIDSSA-N,1,CHEMBL2287445,1,5.52,5.52,Musca domestica,ChEMBL
EXT_00560,CNC(=O)c1cc(Cl)cc(C)c1NC(=O)c1cc(C(F)(F)F)nn1-c1ncccc1Cl,QQRCKFXFWQIUGK-UHFFFAOYSA-N,1,CHEMBL398611,2,,,"Plutella xylostella,Spodoptera frugiperda",ChEMBL
EXT_00561,CCCOCCCOc1ccc(OC(CC)CC)cc1,QRLRFPYGSKBZBY-UHFFFAOYSA-N,1,CHEMBL2271838,1,6.8,6.8,Culex pipiens,ChEMBL
EXT_00562,CCCCCC[Se](=O)CC(=O)C(F)(F)F,QTOSDEKHSYHUAT-UHFFFAOYSA-N,1,CHEMBL155514,1,9.27,9.27,Drosophila melanogaster,ChEMBL
EXT_00563,Cc1cccc(C(=O)NC(C)C)c1NC(=O)c1cc(C(F)(F)F)nn1-c1ccccc1,QUIUXACFUWSXQF-UHFFFAOYSA-N,1,CHEMBL198547,2,,,"Plutella xylostella,Spodoptera frugiperda",ChEMBL
EXT_00564,O=C(O)CCc1nc(-c2ccc([N+](=O)[O-])cc2)no1,QVBPNNMACQAWFA-UHFFFAOYSA-N,0,CHEMBL2442677,1,,,Aedes aegypti,ChEMBL
EXT_00565,CCCC(C)n1cc(C(=O)C(F)(F)F)cn1,QWJQWXDSWXGISZ-UHFFFAOYSA-N,1,CHEMBL3623550,2,8.69,8.559999999999999,Anopheles gambiae,ChEMBL
EXT_00566,CCCCCC[Se](=O)(=O)CC(=O)C(F)(F)F,QWLJZMGMBXLORJ-UHFFFAOYSA-N,1,CHEMBL155513,1,7.44,7.44,Drosophila melanogaster,ChEMBL
EXT_00567,CCCNCCCOc1ccc(Oc2ccccc2)cc1,QWMOICYFNUPSCG-UHFFFAOYSA-N,1,CHEMBL2271819,1,7.68,7.68,Culex pipiens,ChEMBL
EXT_00568,CCNC(=O)c1cccc(C)c1NC(=O)c1ccc(C(F)(F)F)cc1C,QWMZQSWJLKNPDN-UHFFFAOYSA-N,0,CHEMBL372559,2,,,"Plutella xylostella,Spodoptera frugiperda",ChEMBL
EXT_00569,CCCCc1ccc(C(=O)NN(C(=O)c2ccccc2OCC)C(C)(C)C)cc1,QXSMVCGTOSHISL-UHFFFAOYSA-N,1,CHEMBL2286447,1,5.11,5.11,Spodoptera littoralis,ChEMBL
EXT_00570,CCc1ccc(C(=O)NN(C(=O)c2cc(C)cc(C)c2)C(C)(C)C)cc1,QYPNKSZPJQQLRK-UHFFFAOYSA-N,1,CHEMBL226968,6,8.66,6.699999999999999,"Aedes aegypti,Drosophila melanogaster,Lucilia cuprina,Spodoptera littoralis",ChEMBL
EXT_00571,CCCC(C)n1cc(C(=O)C(F)F)cn1,QYQDDTYKNXOHKG-UHFFFAOYSA-N,1,CHEMBL3623557,2,7.63,7.585,Anopheles gambiae,ChEMBL
EXT_00572,CCc1c(OC)cccc1C(=O)NN(C(=O)c1cc(C)cc(C)c1)C(C)(C)C,QYYXITIZXRMPSZ-UHFFFAOYSA-N,1,CHEMBL55436,1,6.36,6.36,Aedes aegypti,ChEMBL
EXT_00573,Cc1cccc(Cn2cnc3cc(C(=O)O)ccc32)c1,QYZGJDMVSIEQSQ-UHFFFAOYSA-N,0,CHEMBL3287367,1,,,Drosophila melanogaster,ChEMBL
EXT_00574,CC(O)(C#N)C1CC1,QZSDRCNPRWAUTO-UHFFFAOYSA-N,1,CHEMBL2271407,1,,,Musca domestica,ChEMBL
EXT_00575,Cc1ccc(C(=O)N2c3ccc(F)cc3[C@@H](Nc3ccc(F)cc3)C[C@H]2C)cc1,RAUUISLVMFNBHF-ZHRRBRCNSA-N,1,CHEMBL57114,1,6.06,6.06,Aedes aegypti,ChEMBL
EXT_00576,O=C(O)c1ccc2c(c1)ncn2Cc1ccccc1,RBFKLENWRJKDSC-UHFFFAOYSA-N,0,CHEMBL3287366,1,,,Drosophila melanogaster,ChEMBL
EXT_00577,NC(=S)N/N=C/c1ccc(F)cc1,RDFBIASNXIDXSK-VZUCSPMQSA-N,0,CHEMBL1818875,1,,,Aedes aegypti,ChEMBL
EXT_00578,CCCCCCCC(=O)O[C@H]1[C@H](O)[C@@H](CO)O[C@H]1n1cc(/C=C/Br)c(=O)[nH]c1=O,RDRKUMOEJLAQLK-OLQWOGRFSA-N,0,CHEMBL238635,2,,,Drosophila melanogaster,ChEMBL
EXT_00579,Cc1cccc(C(=O)NN(C(=O)c2ccccc2Cl)C(C)(C)C)c1,RDWXMEGZBSTSGK-UHFFFAOYSA-N,0,CHEMBL2286749,1,,,Drosophila melanogaster,ChEMBL
EXT_00580,O=S1OC[C@@H]2[C@H](CO1)[C@@]1(Cl)C(Cl)=C(Cl)[C@]2(Cl)C1(Cl)Cl,RDYMFSUJUZBWLH-IOPZMNTHSA-N,1,CHEMBL1890408,1,8.0,8.0,Musca domestica,ChEMBL
EXT_00581,Cc1cn(C/C=C\COC(c2ccccc2)(c2ccccc2)c2ccc(Cl)cc2)c(=O)[nH]c1=O,REWNSLVXVLBEQF-HJWRWDBZSA-N,1,CHEMBL373997,1,5.24,5.24,Drosophila melanogaster,ChEMBL
EXT_00582,CCOP(=O)(OCC)SCCCCCCCCCSP(=O)(OCC)OCC,RFLAKLPDKRJBNX-UHFFFAOYSA-N,1,CHEMBL2252845,2,5.84,5.84,"Drosophila melanogaster,Musca domestica",ChEMBL
EXT_00583,CN(C)CCCN1C(=O)CSC1c1cccnc1,RFVCZAAXZDMXQX-UHFFFAOYSA-N,0,CHEMBL5404712,1,4.35,4.35,Anopheles gambiae,ChEMBL
EXT_00584,CNC(=O)c1ccc(C(OCCCCCCn2cc(C)c(=O)[nH]c2=O)(c2ccccc2)c2ccccc2)cc1,RGICYNKHSDSDTE-UHFFFAOYSA-N,1,CHEMBL219299,1,5.46,5.46,Drosophila melanogaster,ChEMBL
EXT_00585,Cc1ccc(C(=O)NN(C(=O)c2ccccc2Cl)C(C)(C)C)c(C)c1,RGVVLCHDQQUBHQ-UHFFFAOYSA-N,0,CHEMBL2286724,1,,,Drosophila melanogaster,ChEMBL
EXT_00586,O=[N+]([O-])/N=C1\NCOCN1Cc1ccc(Cl)nc1,RHEABVUOLZOFCR-UHFFFAOYSA-N,1,CHEMBL2269823,3,7.85,7.82,"Drosophila melanogaster,Musca domestica",ChEMBL
EXT_00587,C=C1C(C)=C(C#N)C(=O)N1c1c(C(C)C)cccc1C(C)C,RHYXWSASENINLB-UHFFFAOYSA-N,0,CHEMBL1254374,1,4.63,4.63,Lucilia cuprina,ChEMBL
EXT_00588,Cc1cc(C)cc(C(=O)N(NC(=O)c2ccccc2)C(C)(C)C)c1,RIQWCSUNJYMQFI-UHFFFAOYSA-N,1,CHEMBL2228438,2,6.3,5.24,"Drosophila melanogaster,Spodoptera littoralis",ChEMBL
EXT_00589,CCCCCCN(CCCCCC)C(=S)S,RJPKXYJWDKGKGW-UHFFFAOYSA-N,1,CHEMBL2023722,2,8.85,8.635,Drosophila melanogaster,ChEMBL
EXT_00590,C/C(=N\C#N)N(C)Cc1cnc(Cl)s1,RKFXZRRJPRUWET-WUXMJOGZSA-N,1,CHEMBL2269820,1,6.81,6.81,Drosophila melanogaster,ChEMBL
EXT_00591,CN1[C@@H]2CC[C@H]1C[C@@H](OC(=O)C(CO)c1ccccc1)C2,RKUNBYITZUJHSG-SPUOUPEWSA-N,0,CHEMBL517712,1,4.49,4.49,Musca domestica,ChEMBL
EXT_00592,N=c1sccn1Cc1ccc(Cl)nc1,RLSQXMJPNPUPPZ-UHFFFAOYSA-N,1,CHEMBL72675,1,6.73,6.73,Drosophila melanogaster,ChEMBL
EXT_00593,CCN(CC)Cc1ccccn1,RLXNMHYUCLAIFM-UHFFFAOYSA-N,0,CHEMBL1622508,1,,,Musca domestica,ChEMBL
EXT_00594,CN1CCN(CC(=O)N2c3ccccc3C(=O)Nc3cccnc32)CC1,RMHMFHUVIITRHF-UHFFFAOYSA-N,1,CHEMBL9967,2,6.41,6.390000000000001,Drosophila melanogaster,ChEMBL
EXT_00595,CC(C)(C)N(NC(=O)c1ccc([N+](=O)[O-])cc1)C(=O)c1ccccc1Cl,RNBWAEDCPRUHDB-UHFFFAOYSA-N,1,CHEMBL2287465,1,6.42,6.42,Spodoptera frugiperda,ChEMBL
EXT_00596,C[C@@H]1C[C@H](Nc2ccccc2)c2ccccc2N1C(=O)c1ccccc1,RNXXIKOZHJKKPF-UTKZUKDTSA-N,1,CHEMBL59018,1,5.95,5.95,Aedes aegypti,ChEMBL
EXT_00597,CCCCCCCCCC(=O)O[C@H]1[C@H](O)[C@@H](CO)O[C@H]1n1cc(C)c(=O)[nH]c1=O,RODPFHDKOVCRPV-VYCZESIESA-N,0,CHEMBL392957,2,,,Drosophila melanogaster,ChEMBL
EXT_00598,CCC(CC)Cc1ccc(OCCONC(C)C)cc1,ROKABDFXVUGFFO-UHFFFAOYSA-N,1,CHEMBL2272192,1,8.66,8.66,Culex pipiens,ChEMBL
EXT_00599,O=C(O)CCCc1nc(-c2ccc(Cl)cc2)no1,ROMPPAWVATWIKR-UHFFFAOYSA-N,1,CHEMBL1466222,2,,,Aedes aegypti,ChEMBL
EXT_00600,CCN1CCN(CCCNC(=O)COc2ccc(-c3ccccc3)cc2)CC1,ROYSJTCXIAEDDB-UHFFFAOYSA-N,1,CHEMBL4295165,3,5.48,5.46,"Aedes aegypti,Anopheles gambiae",ChEMBL
EXT_00601,COc1ccccc1CNCCCCCCNCCCCCCCCNCCCCCCNCc1ccccc1OC,RPMBYDYUVKEZJA-UHFFFAOYSA-N,1,CHEMBL500996,2,5.54,5.475,Drosophila melanogaster,ChEMBL
EXT_00602,CC(C)CNC(=O)/C=C/C=C/CCCC/C=C/c1ccc2c(c1)OCO2,RPOYGOULCHMVBB-ADDDGJNWSA-N,1,CHEMBL257943,1,,,Aedes aegypti,ChEMBL
EXT_00603,FC1CCc2nn(-c3c(Cl)cc(C(F)(F)F)cc3Cl)cc21,RPYIFLNKXOBNLG-UHFFFAOYSA-N,1,CHEMBL206241,1,5.77,5.77,Musca domestica,ChEMBL
EXT_00604,CNC(=O)c1cccc(C)c1NC(=O)c1ccc(C(F)(F)F)cc1C,RQRDRZBTWOPNBB-UHFFFAOYSA-N,0,CHEMBL198218,2,,,"Plutella xylostella,Spodoptera frugiperda",ChEMBL
EXT_00605,O=C1CCCN1CC#CCN1CCCC1,RSDOPYMFZBJHRL-UHFFFAOYSA-N,0,CHEMBL7634,2,4.71,4.6899999999999995,Drosophila melanogaster,ChEMBL
EXT_00606,CCCCN(C)CCOc1ccc(Oc2ccccc2)cc1,RSKVCDAZZIAFIP-UHFFFAOYSA-N,1,CHEMBL2271822,1,7.23,7.23,Culex pipiens,ChEMBL
EXT_00607,Cc1cc(C)cc(C(=O)N(NC(=O)c2cccc(C)c2C)C(C)(C)C)c1,RSLMFTSJRXSAOA-UHFFFAOYSA-N,1,CHEMBL2228849,1,7.79,7.79,Spodoptera littoralis,ChEMBL
EXT_00608,O=C1CCC2(Oc3cccc4cccc(c34)O2)c2ccc(Cl)c(O)c21,RTMDACDGYGBZCM-UHFFFAOYSA-N,0,CHEMBL4217179,1,,,Aedes albopictus,ChEMBL
EXT_00609,N#C/N=C1\SCCN1Cc1cnc(Cl)s1,RUXHRNZZERQELK-WQLSENKSSA-N,1,CHEMBL2269821,1,7.03,7.03,Drosophila melanogaster,ChEMBL
EXT_00610,Cc1cccc(C(=O)N2c3ccc(F)cc3[C@@H](Nc3ccc(F)cc3)C[C@H]2C)c1,RVPXPNCGYMMUPY-ZHRRBRCNSA-N,1,CHEMBL294491,1,5.87,5.87,Aedes aegypti,ChEMBL
EXT_00611,CCOC(=O)NCCOc1ccc(CC(CC)CC)cc1,RWCXVVGXLHJNHB-UHFFFAOYSA-N,1,CHEMBL2272163,1,7.54,7.54,Culex pipiens,ChEMBL
EXT_00612,CCC(CC)Cc1ccc(OCCCOC(=O)N(C)C)cc1,RWFNXDKCMKCVNP-UHFFFAOYSA-N,1,CHEMBL2272161,1,7.77,7.77,Culex pipiens,ChEMBL
EXT_00613,C=C1C(C(C)C)=C(C#N)C(=O)N1c1c(C)cccc1C(C)C,RXMWKPAWKIZVAO-UHFFFAOYSA-N,0,CHEMBL1254692,1,4.33,4.33,Lucilia cuprina,ChEMBL
EXT_00614,O=[N+]([O-])/N=C1\N(CCCCCCN2CCN(Cc3ccc(Cl)nc3)/C2=N/[N+](=O)[O-])CCN1Cc1ccc(Cl)nc1,RYYRNTOJTBSRIT-HCTXVGCHSA-N,1,CHEMBL2271613,1,5.51,5.51,Musca domestica,ChEMBL
EXT_00615,Cc1ccc(-c2cc(C(F)(F)F)nn2-c2ccc(S(N)(=O)=O)cc2)cc1,RZEKVGVHFLEQIL-UHFFFAOYSA-N,1,CHEMBL118,1,6.76,6.76,Anopheles gambiae,ChEMBL
EXT_00616,CNC(=O)Oc1cccc(OCCCOc2ccc(C(F)(F)F)cc2)c1,RZHLRJGZFINBMK-UHFFFAOYSA-N,0,CHEMBL2230101,1,,,Musca domestica,ChEMBL
EXT_00617,COc1ccc(NC(S)=NCCN2CCOCC2)cc1,RZHYSLUFWXIQIJ-UHFFFAOYSA-N,0,CHEMBL1543212,1,4.96,4.96,Anopheles gambiae,ChEMBL
EXT_00618,Cc1ccc(N[C@H]2C[C@@H](C)N(C(=O)c3ccccc3F)c3ccc(C)cc32)cc1,SADWKIIBGKIGLX-JPYJTQIMSA-N,0,CHEMBL294698,1,4.48,4.48,Aedes aegypti,ChEMBL
EXT_00619,CCONCCCOc1ccc(Oc2ccccc2)cc1,SBHPEUWRJADCDI-UHFFFAOYSA-N,1,CHEMBL2271809,1,9.53,9.53,Culex pipiens,ChEMBL
EXT_00620,CCOP(=S)(OCC)Oc1nc(Cl)c(Cl)cc1Cl,SBPBAQFWLVIOKP-UHFFFAOYSA-N,1,CHEMBL463210,2,5.74,5.38,"Drosophila melanogaster,Musca domestica",ChEMBL
EXT_00621,Cc1cc(C)cc(C(=O)N(NC(=O)c2ccc(Cl)cc2)C(C)(C)C)c1,SBQGINRWYSHEKN-UHFFFAOYSA-N,0,CHEMBL2228859,1,4.78,4.78,Drosophila melanogaster,ChEMBL
EXT_00622,CCc1nc(C(F)(F)F)ncc1C(=O)Nc1c(C)cccc1C(=O)NC(C)C,SBUDUJISMJYINW-UHFFFAOYSA-N,0,CHEMBL197768,2,,,"Plutella xylostella,Spodoptera frugiperda",ChEMBL
EXT_00623,NCc1ccc([C@@H]2Nc3c(F)cc(F)cc3[C@@H]3C=CC[C@@H]32)cc1,SCSDNLHYMQEWLD-VKJFTORMSA-N,0,CHEMBL2064259,2,,,"Aedes aegypti,Anopheles stephensi",ChEMBL
EXT_00624,CNC(=O)Oc1ccccc1,SCWKRWCUMCMVPW-UHFFFAOYSA-N,0,CHEMBL2046815,1,,,Musca domestica,ChEMBL
EXT_00625,COc1cccc(C2SCC(=O)N2CCCN(C)C)c1,SDZSLWCLYKIAEU-UHFFFAOYSA-N,0,CHEMBL1202941,1,4.07,4.07,Anopheles gambiae,ChEMBL
EXT_00626,Fc1cc(F)c2c(c1)[C@@H]1C=CC[C@@H]1[C@H](c1ccccn1)N2,SECYMZWHUFZRKC-BWACUDIHSA-N,0,CHEMBL2064255,2,,,"Aedes aegypti,Anopheles stephensi",ChEMBL
EXT_00627,O=S(=O)(CCc1ccccc1)[C@H]1O[C@H](CO)[C@@H](O)[C@H](O)[C@@H]1O,SEKFSLRHYOITAX-PEBLQZBPSA-N,0,CHEMBL1689636,1,,,Drosophila melanogaster,ChEMBL
EXT_00628,NS(=O)(=O)c1ccc(S(=O)(=O)Nc2cccc3c(Cl)c[nH]c23)cc1,SETFNECMODOHTO-UHFFFAOYSA-N,1,CHEMBL77517,1,6.65,6.65,Anopheles gambiae,ChEMBL
EXT_00629,CSCC[C@@H]1NC(=O)[C@H](CCCCN)NC(=O)[C@H](Cc2ccccc2)NC(=O)[C@H](CCC(N)=O)NC(=O)[C@@H](NC(=O)[C@@H](N)Cc2ccc(O)cc2)CSSC[C@@H]2NC(=O)[C@@H]3CSSC[C@@H](C(=O)N[C@@H](CCCCN)C(=O)N[C@@H](CC(C)C)C(=O)N[C@@H](CC(N)=O)C(=O)N[C@@H](CC(C)C)C(=O)O)NC(=O)[C@H](Cc4c[nH]c5ccccc45)NC(=O)[C@H](CC(C)C)NC(=O)[C@H](CCCNC(=N)N)NC(=O)[C@H](CSSC[C@H](NC(=O)[C@H]([C@@H](C)O)NC(=O)[C@H](Cc4c[nH]c5ccccc45)NC1=O)C(=O)N[C@@H](CC(=O)O)C(=O)N[C@@H](CO)C(=O)N[C@@H](CCC(=O)O)C(=O)N[C@@H](CCCNC(=N)N)C(=O)N[C@@H](CCCCN)C(=O)N3)NC(=O)[C@H](C(C)C)NC(=O)[C@H](CCSC)NC(=O)[C@H](CC(=O)O)NC(=O)[C@H](CCC(=O)O)NC2=O,SFFKKWQHDLGIQB-HQYFERETSA-N,1,CHEMBL2272096,2,7.72,7.665,Blattella germanica,ChEMBL
EXT_00630,Cc1cn(CCCCCCCCOC(c2ccccc2)(c2ccccc2)c2ccccc2)c(=O)[nH]c1=O,SFNKSIIBUILCIH-UHFFFAOYSA-N,0,CHEMBL374244,1,4.52,4.52,Drosophila melanogaster,ChEMBL
EXT_00631,CCN1CCN(C2CCN(C(=O)COc3ccc(-c4ccccc4F)cc3)CC2)CC1,SGLADPJLVFJEPA-UHFFFAOYSA-N,1,CHEMBL4276694,3,6.66,6.62,"Aedes aegypti,Anopheles gambiae",ChEMBL
EXT_00632,CCNCc1cccnc1,SGROJTFSHJVVSF-UHFFFAOYSA-N,0,CHEMBL2286832,1,,,Musca domestica,ChEMBL
EXT_00633,CN(C)CC/N=C(/S)Nc1ccc(S(N)(=O)=O)cc1,SGYDCWZOMUMRHB-UHFFFAOYSA-N,0,CHEMBL179218,1,4.13,4.13,Anopheles gambiae,ChEMBL
EXT_00634,Cc1cc(C)c(Cl)c(C(=O)N(NC(=O)c2ccccc2)C(C)(C)C)c1,SHJGYGDSHYNHFN-UHFFFAOYSA-N,1,CHEMBL2286437,1,5.76,5.76,Spodoptera littoralis,ChEMBL
EXT_00635,NC(=S)N/N=C/C=C/c1ccccc1,SHUQFXIRXYXNOZ-HCFISPQYSA-N,1,CHEMBL1276230,1,,,Aedes aegypti,ChEMBL
EXT_00636,c1ccc2[nH]ccc2c1,SIKJAQJRHWYJAI-UHFFFAOYSA-N,0,CHEMBL15844,2,4.11,4.11,Plutella xylostella,ChEMBL
EXT_00637,CC(C)(C)N(NC(=O)c1cccc(F)c1)C(=O)c1ccccc1Cl,SISYMEZDIREZLL-UHFFFAOYSA-N,0,CHEMBL2286746,1,4.59,4.59,Drosophila melanogaster,ChEMBL
EXT_00638,CC(C)Cn1cc(C(=O)C(F)F)cn1,SJSTZEWGUCLUTP-UHFFFAOYSA-N,1,CHEMBL3623560,2,5.52,5.46,Anopheles gambiae,ChEMBL
EXT_00639,CNC(=O)c1cc(Br)cc(C)c1NC(=O)c1cc(Br)nn1-c1ncccc1Cl,SJUVAGITOHZCSM-UHFFFAOYSA-N,1,CHEMBL398819,2,,,"Plutella xylostella,Spodoptera frugiperda",ChEMBL
EXT_00640,Cc1cn(CCCCCOC(c2ccccc2)(c2ccccc2)c2ccccc2)c(=O)[nH]c1=O,SLJLMYFAIDHROH-UHFFFAOYSA-N,0,CHEMBL216997,1,4.82,4.82,Drosophila melanogaster,ChEMBL
EXT_00641,CO/N=C1/NCCN(Cc2ccc(Cl)nc2)C1=O,SLNCTQCXEXOORY-UHFFFAOYSA-N,1,CHEMBL2272694,1,5.82,5.82,Musca domestica,ChEMBL
EXT_00642,CN(C)Cc1cccnc1,SLZCOYDOFRTTHF-UHFFFAOYSA-N,0,CHEMBL331904,1,,,Musca domestica,ChEMBL
EXT_00643,CN1CCC[C@H]1c1cccnc1,SNICXCGAKADSCV-JTQLQIEISA-N,1,CHEMBL3,5,5.61,5.485,"Drosophila melanogaster,Musca domestica",ChEMBL
EXT_00644,CN1CCC[C@@H]1c1cccnc1,SNICXCGAKADSCV-SNVBAGLBSA-N,0,CHEMBL9732,3,4.22,4.22,Musca domestica,ChEMBL
EXT_00645,CCC(CC)Cc1ccc(OCCC/C=N/OC)cc1,SOMABUKUCYKKGW-LDADJPATSA-N,1,CHEMBL2272182,1,6.66,6.66,Culex pipiens,ChEMBL
EXT_00646,C#CCOC(=O)C1=CCCN(C)C1,SPHRJZBOFYIKMC-UHFFFAOYSA-N,1,CHEMBL128365,2,5.35,5.3149999999999995,Drosophila melanogaster,ChEMBL
EXT_00647,Cc1cc(C)c(Cl)c(C(=O)N(NC(=O)c2ccc3c(c2C)CCCO3)C(C)(C)C)c1,SPIZWORIBFYOLU-UHFFFAOYSA-N,1,CHEMBL2286444,1,7.17,7.17,Spodoptera littoralis,ChEMBL
EXT_00648,CCO/N=C/COc1ccc(Oc2cccc([N+](=O)[O-])c2)cc1,SPPVMUZAHPHXGG-LICLKQGHSA-N,1,CHEMBL2271469,1,7.75,7.75,Culex pipiens,ChEMBL
EXT_00649,CCOP(=O)(OCC)SCCCCCCCCSP(=O)(OCC)OCC,SQPJEYFWFWRQGM-UHFFFAOYSA-N,1,CHEMBL2252844,2,5.32,5.32,"Drosophila melanogaster,Musca domestica",ChEMBL
EXT_00650,CC(C)CN1C[C@H](CCCCN)NC(=S)c2nn(CC(C)C)cc21,SRDGVWFRHBVJPL-HNNXBMFYSA-N,1,CHEMBL3974271,1,5.17,5.17,Drosophila melanogaster,ChEMBL
EXT_00651,Cc1cc(O)c2c(c1)O[C@@]1(C(=O)NCCO)C(=CC=C[C@H]1O)C2=O,SRLBYYFTPDTTRA-DYVFJYSZSA-N,0,CHEMBL89464,1,4.64,4.64,Drosophila melanogaster,ChEMBL
EXT_00652,CCCCCCS(=O)(=O)[C@H]1O[C@H](CO)[C@@H](O)[C@H](O)[C@@H]1O,SROORBDBUHCJSN-LDMBFOFVSA-N,0,CHEMBL1689641,1,,,Drosophila melanogaster,ChEMBL
EXT_00653,CN1CCC(NCc2ccc([C@@H]3Nc4c(F)cc(F)cc4[C@@H]4C=CC[C@@H]43)cc2)CC1,SSLSWWQENAPOFG-DPLHUUCSSA-N,0,CHEMBL2064261,2,,,"Aedes aegypti,Anopheles stephensi",ChEMBL
EXT_00654,CN1[C@@H]2C[C@@H](OC(=O)[C@H](CO)c3ccccc3)C[C@H]1[C@@H]1O[C@@H]12,STECJAGHUSJQJN-FWXGHANASA-N,1,CHEMBL2251240,2,9.15,9.055,Drosophila melanogaster,ChEMBL
EXT_00655,CC(C)(CCN1CCN(Cc2ccc(Cl)nc2)/C1=N\[N+](=O)[O-])CCN1CCN(Cc2ccc(Cl)nc2)/C1=N\[N+](=O)[O-],STRMCUCFXKFYOH-WTMPVAMOSA-N,1,CHEMBL2252352,1,5.84,5.84,Musca domestica,ChEMBL
EXT_00656,O=C(O)Cc1nc(-c2ccc(Cl)cc2)no1,SUVXWDJZJAVWEA-UHFFFAOYSA-N,1,CHEMBL495441,1,,,Aedes aegypti,ChEMBL
EXT_00657,CCC(CC)Cc1ccc(OCCCCCOC)cc1,SWFSQBYUUPKVJP-UHFFFAOYSA-N,1,CHEMBL2271840,1,5.71,5.71,Culex pipiens,ChEMBL
EXT_00658,C/N=C(\NCc1ccc(Cl)nc1)N[N+](=O)[O-],SWHRDLPFZQFSLS-UHFFFAOYSA-N,1,CHEMBL148390,4,8.36,8.14,"Drosophila melanogaster,Musca domestica",ChEMBL
EXT_00659,CCc1ccc(C(=O)NN(C(=O)c2cc(C)cc(C)c2Cl)C(C)(C)C)cc1,SXFBNFBHSBQUPU-UHFFFAOYSA-N,1,CHEMBL2286438,1,6.47,6.47,Spodoptera littoralis,ChEMBL
EXT_00660,O=[N+]([O-])/N=C1\NCCN1Cc1cnc(Cl)c(Br)c1,SYMPEVQAJKXDTI-UHFFFAOYSA-N,1,CHEMBL2287706,1,6.82,6.82,Musca domestica,ChEMBL
EXT_00661,CCCCN(CCCC)C(=S)S,SZRLKIKBPASKQH-UHFFFAOYSA-N,1,CHEMBL2023721,2,9.3,8.535,Drosophila melanogaster,ChEMBL
EXT_00662,Cc1cc(C)cc(C(=O)N(NC(=O)c2ccc3c(c2C)OC(C)C3)C(C)(C)C)c1,TUCSJFNYZJYLHE-UHFFFAOYSA-N,0,CHEMBL2228848,2,,,Plutella xylostella,ChEMBL
EXT_00663,O=C(O)Cc1nc(-c2ccc(Br)cc2)no1,TUKOCDSLLJGORV-UHFFFAOYSA-N,0,CHEMBL493415,1,,,Aedes aegypti,ChEMBL
EXT_00664,CCCC12COP(=S)(OC1)OC2,TVWURRDFHQMXFZ-UHFFFAOYSA-N,1,CHEMBL2287385,1,6.0,6.0,Blattella germanica,ChEMBL
EXT_00665,Cc1cn([C@H]2C[C@H](n3nncc3-c3ccc(Cl)cc3)[C@@H](CO)O2)c(=O)[nH]c1=O,TWLPJSCQTPQHJC-NUEKZKHPSA-N,0,CHEMBL1091210,1,4.52,4.52,Drosophila melanogaster,ChEMBL
EXT_00666,CCC(CC)Cc1ccc(OCCNC(=O)OC(C)C)cc1,TWWYTFSPZFZEBO-UHFFFAOYSA-N,1,CHEMBL2272164,1,8.12,8.12,Culex pipiens,ChEMBL
EXT_00667,NCc1ccc(S(N)(=O)=O)cc1,TYMRLRRVMHJFTF-UHFFFAOYSA-N,0,CHEMBL419,1,4.87,4.87,Anopheles gambiae,ChEMBL
EXT_00668,C=C1C(CCCC)=C(C#N)C(=O)N1c1cccc(Cl)c1C,TZJUVBVCSBZHNP-UHFFFAOYSA-N,1,CHEMBL1254864,1,5.08,5.08,Lucilia cuprina,ChEMBL
EXT_00669,CCO/N=C/COc1ccc(Oc2cccc(C)c2)cc1,UAIPWDDSFDCVDX-WOJGMQOQSA-N,1,CHEMBL2271800,1,8.71,8.71,Culex pipiens,ChEMBL
EXT_00670,CCC(CC)Cc1ccc(OCC/C=N/OC(C)C)cc1,UBKGNBOWTBTLLM-XDHOZWIPSA-N,1,CHEMBL2272183,1,10.76,10.76,Culex pipiens,ChEMBL
EXT_00671,NS(=O)(=O)Cc1noc2ccccc12,UBQNRHZMVUUOMG-UHFFFAOYSA-N,1,CHEMBL750,1,6.58,6.58,Anopheles gambiae,ChEMBL
EXT_00672,CCN(CC)CC1CCCCN1CC(=O)N1c2ccccc2C(=O)Nc2cccnc21,UBRKDAVQCKZSPO-UHFFFAOYSA-N,1,CHEMBL17045,2,5.91,5.885,Drosophila melanogaster,ChEMBL
EXT_00673,NS(=O)(=O)c1ccc(C(=O)O)cc1,UCAGLBKTLXCODC-UHFFFAOYSA-N,1,CHEMBL414,1,6.15,6.15,Anopheles gambiae,ChEMBL
EXT_00674,C=C[C@]1(C)CC[C@H]2C(=CC[C@@H]3[C@](C)(CO)CC[C@@H]4C[C@@]432)C1,UCEUIXXYXCUUSN-FZWBFHRNSA-N,1,CHEMBL2268883,1,,,Spodoptera frugiperda,ChEMBL
EXT_00675,CCCO/N=C(\C)COc1ccc(Oc2ccccc2)cc1,UCKVIINUEAPPCZ-XDJHFCHBSA-N,1,CHEMBL2271771,1,7.53,7.53,Culex pipiens,ChEMBL
EXT_00676,CC(=O)OC[C@]12[C@H](OC(=O)c3ccccc3)[C@H](OC(=O)c3ccccc3)[C@H]3OC(=O)C(C)(O)CCc4ncccc4C(=O)OC[C@@]4(C)O[C@@]1([C@H]3C)[C@@H](OC(C)=O)[C@@H]4C(=O)[C@@H]2OC(C)=O,UCOPHAQUYHWUPL-WMGPEYNPSA-N,1,CHEMBL4103848,1,,,Aedes aegypti,ChEMBL
EXT_00677,O=S(=O)(Cc1ccccc1)[C@H]1O[C@H](CO)[C@@H](O)[C@H](O)[C@@H]1O,UDJIORVHQZZHIW-NAWOPXAZSA-N,0,CHEMBL1689635,1,,,Drosophila melanogaster,ChEMBL
EXT_00678,Cc1ccc(C(=O)NN(C(=O)c2cc(C)cc(C)c2Cl)C(C)(C)C)cc1,UDSMHPVMWUPKBV-UHFFFAOYSA-N,1,CHEMBL2286441,1,5.87,5.87,Spodoptera littoralis,ChEMBL
EXT_00679,CCO/N=C/COc1ccc(Oc2ccccc2Cl)cc1,UEHMBHOIYLPKGE-WOJGMQOQSA-N,1,CHEMBL2271798,1,6.89,6.89,Culex pipiens,ChEMBL
EXT_00680,N=C1NCCN1Cc1ccc(Cl)nc1,UEQZFAGVRGWPDK-UHFFFAOYSA-N,1,CHEMBL309804,2,6.0,5.91,Drosophila melanogaster,ChEMBL
EXT_00681,CCN(CC)Cc1cccnc1,UEUUOSYQIZIXMD-UHFFFAOYSA-N,0,CHEMBL2286836,1,,,Musca domestica,ChEMBL
EXT_00682,CC1(O)c2cn(-c3c(Cl)cc(C(F)(F)F)cc3Cl)nc2CC1(F)F,UEXNMZMHXMVREM-UHFFFAOYSA-N,1,CHEMBL203278,1,7.0,7.0,Musca domestica,ChEMBL
EXT_00683,CCONCCCOc1ccc(CC(C)C)cc1,UFOAKOVSRNEJBA-UHFFFAOYSA-N,1,CHEMBL2271834,1,7.81,7.81,Culex pipiens,ChEMBL
EXT_00684,CC(C)CO/N=C/CCOc1ccc(Cc2ccccc2)cc1,UGGNYDICJSBPEF-FYJGNVAPSA-N,1,CHEMBL2271788,1,9.68,9.68,Culex pipiens,ChEMBL
EXT_00685,Nc1ccn([C@@H]2O[C@H](CO)[C@@H](O)[C@@H]2O)c(=O)n1,UHDGCWIWMRVCDJ-CCXZUQQUSA-N,0,CHEMBL803,2,,,Drosophila melanogaster,ChEMBL
EXT_00686,CN(C)CCCN1C(=O)CSC1c1ccc(Cl)cc1,UHOAIESFARWLTF-UHFFFAOYSA-N,1,CHEMBL5440621,1,6.07,6.07,Anopheles gambiae,ChEMBL
EXT_00687,CNC(=O)ON=C(C)SC,UHXUZOCRWCRNSJ-UHFFFAOYSA-N,0,CHEMBL3085419,2,,,Plutella xylostella,ChEMBL
EXT_00688,CN1C(=O)CC[C@H]1c1cccnc1,UIKROCXWUNQSPJ-VIFPVBQESA-N,0,CHEMBL578211,1,,,Musca domestica,ChEMBL
EXT_00689,CC(C)CN1C[C@@H](CCCCN)N=C(SCCC(=O)NN)c2nn(CC(C)C)cc21,UJJHGVGOUCOPLX-QGZVFWFLSA-N,0,CHEMBL3982272,1,4.68,4.68,Drosophila melanogaster,ChEMBL
EXT_00690,CCCCCCCCCC(=O)O[C@H]1[C@H](O)[C@@H](CO)O[C@H]1n1cc(/C=C/Br)c(=O)[nH]c1=O,UJLLAVMKZANACG-PWRIRTTLSA-N,0,CHEMBL400618,2,,,Drosophila melanogaster,ChEMBL
EXT_00691,O=C(/N=C1/N(CCCCCCN2CCN(Cc3ccc(Cl)nc3)/C2=N/C(=O)C(F)(F)F)CCN1Cc1ccc(Cl)nc1)C(F)(F)F,ULHNZITWDHMBKD-QMMCXANNSA-N,0,CHEMBL2252351,1,4.58,4.58,Musca domestica,ChEMBL
EXT_00692,CN(C)CCCN1C(=O)CSC1c1cccc(Cl)c1Cl,ULNFTCVMWDRSGR-UHFFFAOYSA-N,1,CHEMBL5401085,1,5.44,5.44,Anopheles gambiae,ChEMBL
EXT_00693,COc1cc(CN2CCN/C2=N\[N+](=O)[O-])cnc1Cl,ULUYZUCREVJCJA-UHFFFAOYSA-N,1,CHEMBL2287708,1,6.12,6.12,Musca domestica,ChEMBL
EXT_00694,CCCCCC[Se](=O)(=O)CC(C)=O,UMYOOWWZVVASQM-UHFFFAOYSA-N,0,CHEMBL152376,1,4.16,4.16,Drosophila melanogaster,ChEMBL
EXT_00695,CNC(=O)c1ccc(C(OC/C=C\Cn2cc(C)c(=O)[nH]c2=O)(c2ccccc2)c2ccccc2)cc1,UOCXTBVLUKRGQL-KTKRTIGZSA-N,1,CHEMBL385954,1,5.8,5.8,Drosophila melanogaster,ChEMBL
EXT_00696,Cc1cccc(C(=O)NC(C)C)c1NC(=O)c1cc(C(F)(F)F)nn1C(C)C,UPAXYPIULKFTGB-UHFFFAOYSA-N,1,CHEMBL370999,2,,,"Plutella xylostella,Spodoptera frugiperda",ChEMBL
EXT_00697,C[C@H]([C@H](O)CCC(C)(C)O)[C@H]1CC[C@@]2(O)C3=CC(=O)[C@@H]4C[C@@H](O)[C@@H](O)C[C@]4(C)[C@H]3CC[C@]12C,UPEZCKBFRMILAV-JMZLNJERSA-N,1,CHEMBL549300,1,5.59,5.59,Drosophila melanogaster,ChEMBL
EXT_00698,CCCC[C@@H]1OC(=O)C2=CCCC[C@H]21,UPJFTVFLSIQQAV-KOLCDFICSA-N,0,CHEMBL2252754,2,,,Drosophila melanogaster,ChEMBL
EXT_00699,CCC(CC)(NC(=O)c1ccc2c(c1C)CCCO2)C(=O)c1cc(C)cc(C)c1,UPOFHUGBBSWKSH-UHFFFAOYSA-N,1,CHEMBL2286409,1,6.78,6.78,Spodoptera littoralis,ChEMBL
EXT_00700,CC(C)CC[C@@H](O)[C@](C)(O)[C@H]1CC[C@H]2[C@@H]3CC(=O)[C@H]4C[C@H](O)[C@H](O)C[C@]4(C)[C@H]3CC[C@]12C,UQTLRMAXXDCFFD-HTMKTGTPSA-N,1,CHEMBL564892,1,6.49,6.49,Drosophila melanogaster,ChEMBL
EXT_00701,CC(C)CC[C@@H](O)[C@](C)(O)[C@H]1CC[C@H]2[C@@H]3CC(=O)[C@H]4C[C@@H](O)[C@@H](O)C[C@]4(C)[C@H]3CC[C@]12C,UQTLRMAXXDCFFD-MUURXVJHSA-N,0,CHEMBL562711,1,4.84,4.84,Drosophila melanogaster,ChEMBL
EXT_00702,CC(C)CC[C@H](O)[C@](C)(O)[C@H]1CC[C@H]2[C@@H]3CC(=O)[C@H]4C[C@H](O)[C@H](O)C[C@]4(C)[C@H]3CC[C@]12C,UQTLRMAXXDCFFD-MVBTYRTFSA-N,0,CHEMBL564474,1,4.41,4.41,Drosophila melanogaster,ChEMBL
EXT_00703,CC(C)CC[C@@H](O)[C@](C)(O)[C@H]1CC[C@H]2[C@@H]3CC(=O)[C@@H]4C[C@@H](O)[C@@H](O)C[C@]4(C)[C@H]3CC[C@]12C,UQTLRMAXXDCFFD-ODUVHUIYSA-N,1,CHEMBL559048,1,7.23,7.23,Drosophila melanogaster,ChEMBL
EXT_00704,S=C(S)NCCN(CCNC(=S)S)CNC(=S)S,URHCSBAYTMVCGQ-UHFFFAOYSA-N,1,CHEMBL2334359,2,8.82,7.845000000000001,Drosophila melanogaster,ChEMBL
EXT_00705,c1ccc(CONCCOc2ccc(Cc3ccccc3)cc2)cc1,URPNCJXZVCAHCN-UHFFFAOYSA-N,1,CHEMBL2271785,1,6.75,6.75,Culex pipiens,ChEMBL
EXT_00706,C[C@@H]1C[C@H](Nc2ccccc2)c2ccccc2N1C(=O)c1cccc(F)c1,USNGTWIJXFTREV-IERDGZPVSA-N,1,CHEMBL57946,1,6.12,6.12,Aedes aegypti,ChEMBL
EXT_00707,CC(O)(C#N)CF,USTQBHSSNOJGMC-UHFFFAOYSA-N,1,CHEMBL2271410,1,,,Musca domestica,ChEMBL
EXT_00708,CCC(CC)Cc1ccc(OCC(C)OC(=O)NC(C)C)cc1,UVCBTACGHXDHBU-UHFFFAOYSA-N,1,CHEMBL2272157,1,7.95,7.95,Culex pipiens,ChEMBL
EXT_00709,CCCCCC[Se]CC(C)=O,UWVDSLFGHZRFAG-UHFFFAOYSA-N,0,CHEMBL150821,1,,,Drosophila melanogaster,ChEMBL
EXT_00710,CN(C)CCCN1C(=O)CSC1c1ccc(Cl)cc1Cl,UXHGLFZWHNSTGF-UHFFFAOYSA-N,1,CHEMBL5421973,2,6.0,6.0,Anopheles gambiae,ChEMBL
EXT_00711,CC(C)(C)N(NC(=O)c1cccc(C#N)c1)C(=O)c1ccccc1Cl,UZDVKFJSAQWCIC-UHFFFAOYSA-N,0,CHEMBL2286748,1,4.44,4.44,Drosophila melanogaster,ChEMBL
EXT_00712,CC/C=N/OCCOc1ccc(CC(C)(C)C)cc1,UZUBKBNMUGKIPL-LICLKQGHSA-N,1,CHEMBL2272177,1,9.5,9.5,Culex pipiens,ChEMBL
EXT_00713,O=C(c1ccccc1F)N1CCN(C2CCN(Cc3ccccc3)CC2)CC1,VABOMGRPQBUJLX-UHFFFAOYSA-N,0,CHEMBL3969241,1,4.77,4.77,Anopheles gambiae,ChEMBL
EXT_00714,COC(=O)N(C(=O)N1CO[C@@]2(C(=O)OC)Cc3cc(Cl)ccc3C2=N1)c1ccc(OC(F)(F)F)cc1,VBCVPMMZEGZULK-NRFANRHFSA-N,1,CHEMBL197676,2,,,"Plutella xylostella,Spodoptera frugiperda",ChEMBL
EXT_00715,O=C(/N=c1\sccn1Cc1ccc(Cl)nc1)C(F)(F)F,VBEAIKGZKGLSLL-YVLHZVERSA-N,1,CHEMBL518310,2,,,Culex quinquefasciatus,ChEMBL
EXT_00716,CN1CCN(Cc2cnc(Cl)s2)/C(=N\C#N)C1=O,VBRKFTSGUXSHIC-ZSOIEALJSA-N,1,CHEMBL2272685,1,8.4,8.4,Musca domestica,ChEMBL
EXT_00717,Cc1cccc(C(=O)NC(C)C)c1NC(=O)c1cc(C(F)(F)F)nn1-c1ncccc1Cl,VCJFAZFEDNUPMX-UHFFFAOYSA-N,1,CHEMBL425573,2,,,"Plutella xylostella,Spodoptera frugiperda",ChEMBL
EXT_00718,NC(=S)N/N=C/COc1cccc(Cl)c1,VCYWAUOKIAPLHG-UUILKARUSA-N,0,CHEMBL3589424,1,,,Aedes aegypti,ChEMBL
EXT_00719,CCOC(=O)c1c(C)[nH]c2ccc3c(c12)CN1CCc2cc(OC)ccc2C1O3,VDDUJINYXKGZLV-UHFFFAOYSA-N,1,CHEMBL59898,2,5.99,5.915,Drosophila melanogaster,ChEMBL
EXT_00720,CNCCCN1C(=O)CSC1c1ccc(Cl)cc1Cl,VFFPALFWDWTCTP-UHFFFAOYSA-N,0,CHEMBL5413217,1,4.72,4.72,Anopheles gambiae,ChEMBL
EXT_00721,CCC(CC)Cc1ccc(OCCCN(C)C(=O)OC)cc1,VFUGYIGNTVWBEK-UHFFFAOYSA-N,1,CHEMBL2272167,1,6.79,6.79,Culex pipiens,ChEMBL
EXT_00722,O=C(O)c1ccc2c(c1)ncn2Cc1ccc(C(F)(F)F)cc1,VGCMNBOEBOBROL-UHFFFAOYSA-N,0,CHEMBL3287364,1,,,Drosophila melanogaster,ChEMBL
EXT_00723,Nc1nnc(S(N)(=O)=O)s1,VGMVBPQOACUDRU-UHFFFAOYSA-N,1,CHEMBL265674,1,6.13,6.13,Anopheles gambiae,ChEMBL
EXT_00724,CC(C)(C)N(NC(=O)c1ccc(C(F)(F)F)cc1)C(=O)c1ccccc1Cl,VHFPPNOCTTYTFK-UHFFFAOYSA-N,1,CHEMBL2287464,1,6.96,6.96,Spodoptera frugiperda,ChEMBL
EXT_00725,CCCCCCNCC(=O)C(F)(F)F,VLSZWXFKEIUTAT-UHFFFAOYSA-N,1,CHEMBL153080,1,7.13,7.13,Drosophila melanogaster,ChEMBL
EXT_00726,O=C1/C(=N\O)NCCN1Cc1ccc(Cl)nc1,VLXXFDPCPAWVTE-UHFFFAOYSA-N,1,CHEMBL2272693,1,5.48,5.48,Musca domestica,ChEMBL
EXT_00727,CCC(C)(O)C#N,VMEHOTODTPXCKT-UHFFFAOYSA-N,1,CHEMBL2271409,1,,,Musca domestica,ChEMBL
EXT_00728,CC(C)CS(=O)(=O)c1nc(OS(C)(=O)=O)cs1,VMFPETLDGPXOHU-UHFFFAOYSA-N,1,CHEMBL2286262,1,9.01,9.01,Musca domestica,ChEMBL
EXT_00729,CCO/N=C/COc1ccc(Oc2cc(C)cc(C)c2)cc1,VNCBMMLGXJPFJS-DJKKODMXSA-N,1,CHEMBL2271768,1,7.98,7.98,Culex pipiens,ChEMBL
EXT_00730,CNC(=O)Oc1cccc(C)c1,VOEYXMAFNDNNED-UHFFFAOYSA-N,0,CHEMBL2046816,1,,,Musca domestica,ChEMBL
EXT_00731,CNC(=O)c1cc(I)cc(C)c1NC(=O)c1cc(C(F)(F)F)nn1-c1ncccc1Cl,VPCDJHVPOWBSRU-UHFFFAOYSA-N,1,CHEMBL251207,2,,,"Plutella xylostella,Spodoptera frugiperda",ChEMBL
EXT_00732,O=C(c1cnn(C2CCCC2)c1)C(F)(F)F,VSAZMHWIUAZWGB-UHFFFAOYSA-N,1,CHEMBL3623552,2,8.81,8.675,Anopheles gambiae,ChEMBL
EXT_00733,C1=C(c2cccnc2)NCC1,VSECEWAIAJHRGJ-UHFFFAOYSA-N,1,CHEMBL2286829,2,5.72,5.72,Musca domestica,ChEMBL
EXT_00734,C#CCO/N=C/COc1ccc(Cc2ccccc2)cc1,VSFGSJMNPXPMSA-XDHOZWIPSA-N,1,CHEMBL2271467,1,7.46,7.46,Culex pipiens,ChEMBL
EXT_00735,S=C(S)N1CCCC1,VSWDORGPIHIGNW-UHFFFAOYSA-N,1,CHEMBL2021946,2,8.33,7.6,Drosophila melanogaster,ChEMBL
EXT_00736,CCOP(=O)(OCC)SCCCCCCSP(=O)(OCC)OCC,VUEPZCBFZYCVMA-UHFFFAOYSA-N,1,CHEMBL2252842,2,6.06,5.555,"Drosophila melanogaster,Musca domestica",ChEMBL
EXT_00737,CC(C)CSc1nc(OS(C)(=O)=O)cs1,VUKQRTDWIZJXSS-UHFFFAOYSA-N,0,CHEMBL2286252,1,,,Musca domestica,ChEMBL
EXT_00738,COc1ccc(-c2ccc(OCC(=O)NCCCN3CCN(C)CC3)cc2)cc1,VUUAQQRMLQXWNQ-UHFFFAOYSA-N,0,CHEMBL4283139,3,4.8,4.6,"Aedes aegypti,Anopheles gambiae",ChEMBL
EXT_00739,CCO/N=C/CCOc1ccc(Oc2cccc(C)c2)cc1,VVNORTPFZQGSDM-XDHOZWIPSA-N,1,CHEMBL2271792,1,9.46,9.46,Culex pipiens,ChEMBL
EXT_00740,CC(C)(C)N(NC(=O)c1ccccc1)C(=O)c1ccccc1Br,VWUXTQITZZGXTQ-UHFFFAOYSA-N,1,CHEMBL2286737,2,6.1,5.095,Drosophila melanogaster,ChEMBL
EXT_00741,CCCCNCc1cccnc1,VWXAXLILGBPMJP-UHFFFAOYSA-N,0,CHEMBL2286835,1,,,Musca domestica,ChEMBL
EXT_00742,C[C@H]1[C@H](C)CC[C@]2(C(=O)O)CC[C@]3(C)C(=CC[C@@H]4[C@@]5(C)CC[C@H](O)C(C)(C)[C@@H]5CC[C@]43C)[C@H]12,WCGUUGGRBIKTOS-GPOJBZKASA-N,1,CHEMBL169,1,,,Spodoptera frugiperda,ChEMBL
EXT_00743,C/C(=N\C#N)N(C)Cc1ccc(Cl)nc1,WCXDHFDTOYPNIE-RIYZIHGNSA-N,1,CHEMBL265941,3,8.14,8.08,"Drosophila melanogaster,Musca domestica",ChEMBL
EXT_00744,CNC(=O)Oc1cccc(OCCCCOc2ccc([N+](=O)[O-])cc2)c1,WDNHKZOQGLRCKP-UHFFFAOYSA-N,0,CHEMBL2230095,1,4.34,4.34,Musca domestica,ChEMBL
EXT_00745,CCCCCc1ccc(C(=O)NN(C(=O)c2ccccc2Cl)C(C)(C)C)cc1,WDOUSRDVKPFXSK-UHFFFAOYSA-N,1,CHEMBL2286446,1,6.49,6.49,Spodoptera littoralis,ChEMBL
EXT_00746,CCO/N=C/COc1ccc(Oc2ccc(F)cc2)cc1,WFFUDTYVTBFFSS-WOJGMQOQSA-N,1,CHEMBL2271475,1,7.58,7.58,Culex pipiens,ChEMBL
EXT_00747,COc1ccccc1NC(=S)NCCN(C)C,WGGARZSAXKSVFS-UHFFFAOYSA-N,1,CHEMBL4064806,4,5.15,5.135,Anopheles gambiae,ChEMBL
EXT_00748,CNC(=O)c1cc(Cl)cc(C)c1NC(=O)c1cc(Cl)nn1-c1ncccc1Cl,WHSOCKLJTZLZGU-UHFFFAOYSA-N,1,CHEMBL248580,2,,,"Plutella xylostella,Spodoptera frugiperda",ChEMBL
EXT_00749,Cc1cn([C@H]2C[C@H](n3cc(-c4ccc(Cl)c(Cl)c4)nn3)[C@@H](CO)O2)c(=O)[nH]c1=O,WIFKLHLTMFBZJV-ARFHVFGLSA-N,1,CHEMBL1090868,1,6.0,6.0,Drosophila melanogaster,ChEMBL
EXT_00750,CCN(CC)Cc1ccncc1,WJIPIQALFYTIQL-UHFFFAOYSA-N,0,CHEMBL2286830,1,,,Musca domestica,ChEMBL
EXT_00751,N=C1SCCN1Cc1ccc(Cl)nc1,WJLMZDWUGGHQEH-UHFFFAOYSA-N,1,CHEMBL71046,2,6.89,6.795,Drosophila melanogaster,ChEMBL
EXT_00752,O=C(O)c1ccc2[nH]c(CCNC(=O)c3cccs3)nc2c1,WKDCOKVCLMYCHZ-UHFFFAOYSA-N,0,CHEMBL3287358,1,,,Drosophila melanogaster,ChEMBL
EXT_00753,C=CC(O)C#N,WKFMHXZXCCJSJK-UHFFFAOYSA-N,1,CHEMBL2271405,1,,,Musca domestica,ChEMBL
EXT_00754,CCCC12COP(=S)(OC1)OC2C,WKNRXGWDXDYGFR-UHFFFAOYSA-N,1,CHEMBL2287386,1,6.0,6.0,Blattella germanica,ChEMBL
EXT_00755,C/C(=N\C#N)N(Cc1ccccc1)Cc1ccc(Cl)nc1,WKOHAWIGHSNTOJ-DEDYPNTBSA-N,0,CHEMBL2287451,1,,,Musca domestica,ChEMBL
EXT_00756,CCC/C=C1/OC(=O)c2ccccc21,WMBOCUXXNSOQHM-DHZHZOJOSA-N,0,CHEMBL1765390,1,,,Drosophila melanogaster,ChEMBL
EXT_00757,CCC/C=C1\OC(=O)c2ccccc21,WMBOCUXXNSOQHM-FLIBITNWSA-N,0,CHEMBL249592,1,,,Drosophila melanogaster,ChEMBL
EXT_00758,CC(C)(C)N(NC(=O)c1ccc(S(C)(=O)=O)cc1)C(=O)c1ccccc1Cl,WMMVFXUSYMACFO-UHFFFAOYSA-N,1,CHEMBL2287463,1,5.54,5.54,Spodoptera frugiperda,ChEMBL
EXT_00759,N#C/N=C1/NCCN(Cc2ccc(Cl)nc2)C1=O,WMRMVQPCEGWFLZ-UHFFFAOYSA-N,1,CHEMBL2272695,1,6.36,6.36,Musca domestica,ChEMBL
EXT_00760,COc1cccc(C(=O)NN(C(=O)c2cc(C)cc(C)c2)C(C)(C)C)c1,WMVHARKWMABWRW-UHFFFAOYSA-N,0,CHEMBL2286727,1,4.34,4.34,Drosophila melanogaster,ChEMBL
EXT_00761,CCCCN(CC)C(=S)S,WNFPFXIAVMZVSR-UHFFFAOYSA-N,1,CHEMBL2023723,2,7.98,7.82,Drosophila melanogaster,ChEMBL
EXT_00762,O=C(COc1ccccc1)N1CCN(C2CCN(Cc3ccccc3)CC2)CC1,WNIKHMMTZLLSKH-UHFFFAOYSA-N,0,CHEMBL3931517,1,4.68,4.68,Anopheles gambiae,ChEMBL
EXT_00763,Nc1ccc(S(=O)(=O)NCCc2ccc(S(N)(=O)=O)cc2)cc1,WODATDPNMUWSHD-UHFFFAOYSA-N,1,CHEMBL7146,1,7.33,7.33,Anopheles gambiae,ChEMBL
EXT_00764,CCO/N=C/CCOc1ccc(Cc2ccccc2)cc1,WOIILRVWZKRYED-CPNJWEJPSA-N,1,CHEMBL2271786,1,8.76,8.76,Culex pipiens,ChEMBL
EXT_00765,CCO/N=C/COc1ccc(Oc2ccc(Cl)cc2)cc1,WOIXKKFSAFGYOT-WOJGMQOQSA-N,1,CHEMBL2271476,1,7.26,7.26,Culex pipiens,ChEMBL
EXT_00766,S=C(NCCN1CCCCC1)Nc1cccc(Cl)c1,WPABCFPMORYBLD-UHFFFAOYSA-N,0,CHEMBL4071394,2,4.66,4.66,Anopheles gambiae,ChEMBL
EXT_00767,O=[N+]([O-])/N=C1/N(CCOCCN2CCN(Cc3ccc(Cl)nc3)/C2=N\[N+](=O)[O-])CCN1Cc1ccc(Cl)nc1,WRHNDJITRHOSBE-ZDSKVHJSSA-N,1,CHEMBL2252496,1,6.28,6.28,Musca domestica,ChEMBL
EXT_00768,COc1ccccc1C1SCC(=O)N1CCCN(C)C,WRPAWPNWNSQSDF-UHFFFAOYSA-N,1,CHEMBL5419417,1,5.6,5.6,Anopheles gambiae,ChEMBL
EXT_00769,CC(C)c1ccc2c(c1)CC[C@H]1[C@](C)(CO)CCC[C@]21C,WSKGRAGZAQRSED-SLFFLAALSA-N,1,CHEMBL12799,1,,,Spodoptera frugiperda,ChEMBL
EXT_00770,C[C@@H]1C[C@H](Nc2ccc(F)cc2)c2cc(F)ccc2N1C(=O)c1ccc(Cl)cc1,WTBVRUDVERRJSI-SZNDQCEHSA-N,1,CHEMBL58297,1,6.19,6.19,Aedes aegypti,ChEMBL
EXT_00771,CC1CC(Nc2ccc(F)cc2)c2cc(F)ccc2N1C(=O)c1ccc(Cl)cc1,WTBVRUDVERRJSI-UHFFFAOYSA-N,1,CHEMBL2286418,2,6.19,5.205,"Aedes aegypti,Spodoptera littoralis",ChEMBL
EXT_00772,Cc1cccc(C(=O)NC(C)C)c1NC(=O)c1ccc(C(F)(F)F)nc1C,WVAWYQVBEMVBSU-UHFFFAOYSA-N,1,CHEMBL372948,2,,,"Plutella xylostella,Spodoptera frugiperda",ChEMBL
EXT_00773,CCCCc1ccc(C(=O)NN(C(=O)c2cc(C)cc(C)c2Cl)C(C)(C)C)cc1,WVTHKGZASIXDOJ-UHFFFAOYSA-N,1,CHEMBL2286439,1,5.95,5.95,Spodoptera littoralis,ChEMBL
EXT_00774,CN(C)CCCN1C(=O)CSC1c1ccccc1Cl,WVTVIPKMBHMUGA-UHFFFAOYSA-N,1,CHEMBL5403260,2,5.27,5.18,Anopheles gambiae,ChEMBL
EXT_00775,Cc1cc(C)cc(C(=O)C2(NC(=O)c3ccc4c(c3C)CCCO4)CCCCC2)c1,WWFFMUFUVAQRMJ-UHFFFAOYSA-N,1,CHEMBL2286448,1,8.47,8.47,Spodoptera littoralis,ChEMBL
EXT_00776,COP(=S)(OC)Oc1ccc(Sc2ccc(OP(=S)(OC)OC)cc2)cc1,WWJZWCUNLNYYAU-UHFFFAOYSA-N,1,CHEMBL1355821,1,,,Aedes aegypti,ChEMBL
EXT_00777,CCCCCCSCC(C)=O,WWKQGAPNBQJSNA-UHFFFAOYSA-N,0,CHEMBL153107,1,,,Drosophila melanogaster,ChEMBL
EXT_00778,S=C(NCCN1CCOCC1)Nc1cccc(Cl)c1,WWMQKYLDVZTOBE-UHFFFAOYSA-N,0,CHEMBL1416246,1,4.17,4.17,Anopheles gambiae,ChEMBL
EXT_00779,Cc1cn([C@H]2C[C@H](n3cc(-c4ccc(Cl)cc4)nn3)[C@@H](CO)O2)c(=O)[nH]c1=O,WWMWBLWTLDFTOG-ARFHVFGLSA-N,1,CHEMBL1089867,1,5.75,5.75,Drosophila melanogaster,ChEMBL
EXT_00780,CC[C@H](O)C[C@@]12[C@@H]3C[C@H]4[C@H]5[C@H](C)/C(=C6/OC(=O)C(C)=C6OC)O[C@]5(O3)[C@H]1CCN42,WXCVDEUJZBRYIT-DOKLQMRDSA-N,1,CHEMBL491987,2,,,Spodoptera littoralis,ChEMBL
EXT_00781,C(\COc1ccc(Cc2ccccc2)cc1)=N/OC1CCCC1,XAEWOZAUXHGARZ-KGENOOAVSA-N,1,CHEMBL2268518,1,8.1,8.1,Culex pipiens,ChEMBL
EXT_00782,CC(C)(C)c1cccc(C(=O)C(F)(F)F)c1,XAZQUPBUJONHAF-UHFFFAOYSA-N,1,CHEMBL89354,2,7.74,7.505,Anopheles gambiae,ChEMBL
EXT_00783,Cc1cn(C/C=C\COC(c2ccccc2)(c2ccccc2)c2cc[n+](C)cc2)c(=O)[nH]c1=O,XBEIAPUKOLJNSE-KTKRTIGZSA-O,0,CHEMBL219908,1,,,Drosophila melanogaster,ChEMBL
EXT_00784,NS(=O)(=O)c1ccc(CCNS(=O)(=O)c2ccc([N+](=O)[O-])cc2CO)cc1,XCDUUGYZODDUMD-UHFFFAOYSA-N,1,CHEMBL2324864,1,8.21,8.21,Anopheles gambiae,ChEMBL
EXT_00785,C=CCN(Cc1ccc(Cl)nc1)/C(C)=N/C#N,XCLRBPNSFVYAEZ-MHWRWJLKSA-N,0,CHEMBL2287448,1,4.46,4.46,Musca domestica,ChEMBL
EXT_00786,CCO/N=C/COc1ccc(Oc2ccc(OCC)cc2)cc1,XCXLLORXFJGAGE-CPNJWEJPSA-N,1,CHEMBL2271474,1,6.86,6.86,Culex pipiens,ChEMBL
EXT_00787,C=C1C(C)=C(C(=O)Nc2cccc(Cl)c2)C(=O)N1c1cccc(Cl)c1,XDDAYQPNDDSZMV-UHFFFAOYSA-N,0,CHEMBL1254537,1,,,Lucilia cuprina,ChEMBL
EXT_00788,CC(C)COCCCCOc1ccc(Oc2ccccc2)cc1,XFHOWYMIURYWDJ-UHFFFAOYSA-N,1,CHEMBL2271774,1,8.08,8.08,Culex pipiens,ChEMBL
EXT_00789,CN(C(=S)S)c1ccccc1,XFOAZOPAGIZIHX-UHFFFAOYSA-N,1,CHEMBL2023725,2,8.23,7.7,Drosophila melanogaster,ChEMBL
EXT_00790,CC/C=N/OCCOc1ccc(CC(CC)CC)cc1,XGJSRGFOFWKZER-WOJGMQOQSA-N,1,CHEMBL2272187,1,9.88,9.88,Culex pipiens,ChEMBL
EXT_00791,CCSc1nc2sc3c(c2c(=O)n1-c1ccccc1)CCN(Cc1ccccc1)C3,XGZDCBGAMNLKSW-UHFFFAOYSA-N,1,CHEMBL577016,1,5.08,5.08,Anopheles gambiae,ChEMBL
EXT_00792,CC(C)O/N=C/CCOc1ccc(CC(C)(C)C)cc1,XHSCUNLSQOGSPA-WOJGMQOQSA-N,1,CHEMBL2272171,1,10.03,10.03,Culex pipiens,ChEMBL
EXT_00793,CCCC/C(=N\C#N)N(C)Cc1ccc(Cl)nc1,XIMAVZOSPGNLKM-GHRIWEEISA-N,0,CHEMBL2287455,1,,,Musca domestica,ChEMBL
EXT_00794,CCC(CC)Cc1ccc(OCC(C)OC(=O)N(C)C(C)C)cc1,XISHXFCLWJLQNX-UHFFFAOYSA-N,1,CHEMBL2272159,1,8.25,8.25,Culex pipiens,ChEMBL
EXT_00795,C[C@@H]1C[C@H](Nc2ccc(F)cc2)c2cc(F)ccc2N1C(=O)c1ccc(C(F)(F)F)cc1,XLSVHXBAFPMFTL-SZNDQCEHSA-N,1,CHEMBL58694,1,6.04,6.04,Aedes aegypti,ChEMBL
EXT_00796,COc1ccc(NC(=S)NCCN(C)C)cc1Cl,XMTMNCSIIKTNGP-UHFFFAOYSA-N,0,CHEMBL4075136,2,4.77,4.76,Anopheles gambiae,ChEMBL
EXT_00797,N#Cc1cc(CN2CCN/C2=N\[N+](=O)[O-])cnc1Cl,XNMRXBUOPWDAFP-UHFFFAOYSA-N,1,CHEMBL2287961,1,6.07,6.07,Musca domestica,ChEMBL
EXT_00798,CC/C=C/[C@@]12[C@@H]3C[C@H]4[C@H]5[C@H](C)/C(=C6/OC(=O)C(C)=C6OC)O[C@]5(O3)[C@@H]1CCN42,XNUWGEPKIOWLHQ-KQYNXQAPSA-N,1,CHEMBL1807141,2,,,Spodoptera littoralis,ChEMBL
EXT_00799,Cc1cccc(C(=O)NC(C)C)c1NC(=O)c1ccc(C(F)(F)F)nc1C(C)C,XNYUHDKHKQHGTB-UHFFFAOYSA-N,0,CHEMBL199142,2,,,"Plutella xylostella,Spodoptera frugiperda",ChEMBL
EXT_00800,Cc1cccc(-c2noc(CCC(=O)O)n2)c1,XODDCJFEBMABKW-UHFFFAOYSA-N,0,CHEMBL2442690,1,,,Aedes aegypti,ChEMBL
EXT_00801,CC(C)(C)N(NC(=O)c1ccccc1Br)C(=O)c1ccccc1Cl,XOMSSWCTXPZCIF-UHFFFAOYSA-N,0,CHEMBL2286744,1,4.22,4.22,Drosophila melanogaster,ChEMBL
EXT_00802,Cc1cc(Cl)cc(C(=O)NC(C)C)c1NC(=O)c1cc(C(F)(F)F)nn1-c1ncccc1Cl,XPJUOKKHAANAGZ-UHFFFAOYSA-N,1,CHEMBL199017,4,,,"Plutella xylostella,Spodoptera frugiperda",ChEMBL
EXT_00803,CCCCOCCOc1ccc(OC(CC)CC)cc1,XPNCXPSNYPZARP-UHFFFAOYSA-N,1,CHEMBL2272144,1,5.49,5.49,Culex pipiens,ChEMBL
EXT_00804,Cc1cn(CCOCCOC(c2ccccc2)(c2ccccc2)c2ccccc2)c(=O)[nH]c1=O,XTVPTIAFWYQSSW-UHFFFAOYSA-N,0,CHEMBL219905,1,4.25,4.25,Drosophila melanogaster,ChEMBL
EXT_00805,CCOP(=O)(OCC)SCCCCCCCCCCN1C(=O)c2ccccc2C1=O,XUWKCSYPGGIVKR-UHFFFAOYSA-N,0,CHEMBL2252723,2,4.09,4.09,"Drosophila melanogaster,Musca domestica",ChEMBL
EXT_00806,CC(C)(C)N(NC(=O)c1ccc(I)cc1)C(=O)c1ccccc1Cl,XVGIYJFMSOEXKP-UHFFFAOYSA-N,1,CHEMBL2286946,2,7.3,6.225,"Drosophila melanogaster,Spodoptera frugiperda",ChEMBL
EXT_00807,COc1ccc(CC(=O)O[C@H]2[C@H](O)[C@@H](CO)O[C@H]2n2cc(/C=C/Br)c(=O)[nH]c2=O)cc1,XXABSLKSVNSKNR-LRHXJELHSA-N,0,CHEMBL241408,1,,,Drosophila melanogaster,ChEMBL
EXT_00808,CCC(CC)Cc1ccc(OCCC(C)OC(=O)NC)cc1,XXPFMWLCLXVIGS-UHFFFAOYSA-N,1,CHEMBL2272162,1,7.11,7.11,Culex pipiens,ChEMBL
EXT_00809,CC(C)(C)N(NC(=O)c1ccccc1Cl)C(=O)c1ccccc1Cl,XYKDBVSVTYPSCQ-UHFFFAOYSA-N,1,CHEMBL2286743,2,5.59,5.59,Drosophila melanogaster,ChEMBL
EXT_00810,CC(C)(C)OC(=O)NCCCCCCCC(=O)O[C@H]1[C@H](O)[C@@H](CO)O[C@H]1n1cc(/C=C/Br)c(=O)[nH]c1=O,XZBAHVXCAMYTPQ-DXSAQWPFSA-N,0,CHEMBL240716,1,4.13,4.13,Drosophila melanogaster,ChEMBL
EXT_00811,COc1cccc(C(=O)N2c3ccc(C)cc3[C@@H](Nc3ccc(C)cc3)C[C@H]2C)c1,XZHPYHJFZUUHKF-DVECYGJZSA-N,0,CHEMBL409553,1,4.48,4.48,Aedes aegypti,ChEMBL
EXT_00812,CN1c2c(F)cc(F)cc2[C@@H]2C=CC[C@@H]2[C@@H]1c1cccnc1,YAEPCDBQNNDLJN-KEYYUXOJSA-N,0,CHEMBL2064248,2,,,"Aedes aegypti,Anopheles stephensi",ChEMBL
EXT_00813,CC(C)COCCCOc1ccc(CC(C)(C)C)cc1,YAPZONGWUNHYFV-UHFFFAOYSA-N,1,CHEMBL2272176,1,9.43,9.43,Culex pipiens,ChEMBL
EXT_00814,COc1ccccc1C(=O)N1c2ccc(F)cc2[C@@H](Nc2ccc(F)cc2)C[C@H]1C,YBASPVAHLJGYNX-VFNWGFHPSA-N,0,CHEMBL61369,1,4.48,4.48,Aedes aegypti,ChEMBL
EXT_00815,CCO/N=C/COc1ccc(Oc2cccc(Cl)c2)cc1,YCCGSNINHZTAKE-VCHYOVAHSA-N,1,CHEMBL2271804,1,8.12,8.12,Culex pipiens,ChEMBL
EXT_00816,O=[N+]([O-])/N=C1/N(Cc2ccc(CN3CCN(Cc4ccc(Cl)nc4)/C3=N\[N+](=O)[O-])cc2)CCN1Cc1ccc(Cl)nc1,YECLWZGOXPAQBL-WVMMTVHUSA-N,1,CHEMBL447459,1,5.64,5.64,Musca domestica,ChEMBL
EXT_00817,Cc1cn(CCOCCOC(c2ccccc2)(c2ccccc2)c2ccc(Cl)cc2)c(=O)[nH]c1=O,YEMQPAHBMSLZJE-UHFFFAOYSA-N,0,CHEMBL219458,1,4.35,4.35,Drosophila melanogaster,ChEMBL
EXT_00818,CNC(=O)c1cc(I)cc(C)c1NC(=O)c1cc(Br)nn1-c1ncccc1Cl,YENFJUFFMMZNKJ-UHFFFAOYSA-N,1,CHEMBL398660,2,,,"Plutella xylostella,Spodoptera frugiperda",ChEMBL
EXT_00819,CCCOCCCOc1ccc(CC(C)(C)C)cc1,YFVCPZNXOVONEK-UHFFFAOYSA-N,1,CHEMBL2272173,1,8.01,8.01,Culex pipiens,ChEMBL
EXT_00820,Cc1cn([C@H]2C[C@H](n3cc(-c4ccccc4)nn3)[C@@H](CO)O2)c(=O)[nH]c1=O,YIIUPUWFCBAYMU-ARFHVFGLSA-N,1,CHEMBL1090132,1,5.66,5.66,Drosophila melanogaster,ChEMBL
EXT_00821,CN1CCN(CCCNC(=O)COc2ccc(-c3ccccc3)cc2)CC1,YJAARTMYXMWRRB-UHFFFAOYSA-N,0,CHEMBL4288000,3,4.92,4.89,"Aedes aegypti,Anopheles gambiae",ChEMBL
EXT_00822,CN(C)CCCN1C(=O)CSC1c1ccc(F)cc1,YJKWFOWTUKOVGQ-UHFFFAOYSA-N,1,CHEMBL1202939,2,6.14,6.115,Anopheles gambiae,ChEMBL
EXT_00823,CC(=O)O[C@@H]1C[C@H]2C(C)(C)C(=O)C=C[C@]2(C)[C@H]2CC[C@@]3(C)[C@H](c4ccoc4)OC(=O)[C@H]4O[C@]43[C@@]21C,YJXDGWUNRYLINJ-BHAPSIHVSA-N,1,CHEMBL465226,2,,,Spodoptera frugiperda,ChEMBL
EXT_00824,CN/C(=N/CC1CCOC1)N[N+](=O)[O-],YKBZOVFACRVRJN-UHFFFAOYSA-N,1,CHEMBL2228155,1,5.3,5.3,Drosophila melanogaster,ChEMBL
EXT_00825,CCC(CC)Cc1ccc(OCCN(C)C(=O)OC(C)C)cc1,YKKKEUIXOGAMSZ-UHFFFAOYSA-N,1,CHEMBL2272165,1,7.86,7.86,Culex pipiens,ChEMBL
EXT_00826,CCCO/N=C/COc1ccc(Cc2ccccc2)cc1,YNUNGJGJSCJWCT-XDHOZWIPSA-N,1,CHEMBL2271776,1,7.97,7.97,Culex pipiens,ChEMBL
EXT_00827,Cc1cccc(C(=O)NC(C)C)c1NC(=O)c1cc(C(F)(F)F)nn1-c1ccccc1Cl,YOKQIZKUAKALCR-UHFFFAOYSA-N,1,CHEMBL381903,2,,,"Plutella xylostella,Spodoptera frugiperda",ChEMBL
EXT_00828,CC(C)/C(=N\C#N)N(C)Cc1ccc(Cl)nc1,YPDQKWNPGRNLNW-FOWTUZBSSA-N,0,CHEMBL2287454,1,,,Musca domestica,ChEMBL
EXT_00829,CCN1CCN(CCCNC(=O)COc2ccc(I)cc2)CC1,YQFJJOPBPPYZEU-UHFFFAOYSA-N,0,CHEMBL4280753,3,4.37,4.14,"Aedes aegypti,Anopheles gambiae",ChEMBL
EXT_00830,CCC(CC)Cc1ccc(OCCCNOC(C)C)cc1,YQIXJNDJDBFLQK-UHFFFAOYSA-N,1,CHEMBL2272191,1,8.97,8.97,Culex pipiens,ChEMBL
EXT_00831,CCOP(=O)(OCC)SCCCCCCCN1C(=O)c2ccccc2C1=O,YRRSROCUIGCSJO-UHFFFAOYSA-N,1,CHEMBL2252851,2,5.74,5.71,"Drosophila melanogaster,Musca domestica",ChEMBL
EXT_00832,Cc1cn([C@H]2C[C@H](n3cc(Cc4ccccc4)nn3)[C@@H](CO)O2)c(=O)[nH]c1=O,YSZNONLNIIELSQ-GVDBMIGSSA-N,1,CHEMBL1090133,1,5.41,5.41,Drosophila melanogaster,ChEMBL
EXT_00833,CC(C)COCCCOc1ccc(Oc2ccccc2)cc1,YTPCHPWJAWCIKQ-UHFFFAOYSA-N,1,CHEMBL2272150,1,9.73,9.73,Culex pipiens,ChEMBL
EXT_00834,COC(=O)CCc1cc(-c2ccccc2)no1,YTXREVZAOHNBNN-UHFFFAOYSA-N,1,CHEMBL2442686,1,,,Aedes aegypti,ChEMBL
EXT_00835,C=C1C(CC)=C(C#N)C(=O)N1c1cc(Cl)ccc1C(C)(C)C,YUHNZTXVYZZCPS-UHFFFAOYSA-N,0,CHEMBL1253195,1,4.96,4.96,Lucilia cuprina,ChEMBL
EXT_00836,CC(C)(C)N(NC(=O)c1cccc(Cl)c1)C(=O)c1ccccc1Cl,YVAIPWQNMHDDIV-UHFFFAOYSA-N,1,CHEMBL2286425,3,5.92,5.77,"Drosophila melanogaster,Spodoptera littoralis",ChEMBL
EXT_00837,C=C1C(CCCC)=C(C#N)C(=O)N1c1c(C)cccc1Cl,YWFYQDLYWZUMHH-UHFFFAOYSA-N,0,CHEMBL1254949,1,4.25,4.25,Lucilia cuprina,ChEMBL
EXT_00838,O=[N+]([O-])/N=C1\NCCN1Cc1ccc(Cl)nc1,YWTYJOPNNQFBPC-UHFFFAOYSA-N,1,CHEMBL406819,12,8.68,8.34,"Drosophila melanogaster,Musca domestica",ChEMBL
EXT_00839,O=C1CCC2(Oc3cccc4cccc(c34)O2)c2c(Cl)ccc(O)c21,YWUWMXDEUDNGHC-UHFFFAOYSA-N,0,CHEMBL3342637,1,,,Aedes albopictus,ChEMBL
EXT_00840,CC1=C2C[C@H](C(C)(C)O)CC[C@H](C)[C@@H]2CC1=O,YXZJYDYPBCUCJX-WCQGTBRESA-N,0,CHEMBL463501,1,,,Spodoptera littoralis,ChEMBL
EXT_00841,CCC(CC)n1cc(C(=O)C(F)(F)F)cn1,YYGHBQVPXHKCRO-UHFFFAOYSA-N,1,CHEMBL3623551,2,9.17,8.865,Anopheles gambiae,ChEMBL
EXT_00842,Cc1cc(C(F)(F)F)cc(C(=O)NC(C)C)c1NC(=O)c1cc(C(F)(F)F)nn1-c1ncccc1Cl,YZEILLAXYWDWPG-UHFFFAOYSA-N,1,CHEMBL399903,2,,,"Plutella xylostella,Spodoptera frugiperda",ChEMBL
EXT_00843,c1cncc(CN2CCCCC2)c1,ZAHGBBWQTOLMRX-UHFFFAOYSA-N,0,CHEMBL2287057,2,4.17,4.17,Musca domestica,ChEMBL
EXT_00844,CC=C(Cl)Cl,ZAIDIVBQUMFXEC-UHFFFAOYSA-N,1,CHEMBL1595845,1,,,Musca domestica,ChEMBL
EXT_00845,CCO/N=C/COc1ccc(Oc2c(C)ccc(C)c2C)cc1,ZBQWVEUKXDFNIY-UDWIEESQSA-N,1,CHEMBL2271769,1,5.68,5.68,Culex pipiens,ChEMBL
EXT_00846,CCOP(=O)(OCC)SCCCCN1C(=O)c2ccccc2C1=O,ZCPLATPMENEVQQ-UHFFFAOYSA-N,0,CHEMBL2252848,2,5.0,4.795,"Drosophila melanogaster,Musca domestica",ChEMBL
EXT_00847,CC(C)CS(=O)(=O)c1cccc(OS(C)(=O)=O)c1,ZDTAUHDUCQQJIG-UHFFFAOYSA-N,1,CHEMBL2286259,1,6.43,6.43,Musca domestica,ChEMBL
EXT_00848,CCCOCC(C)COc1ccc(Oc2ccccc2)cc1,ZEFWSVGJXLIDFU-UHFFFAOYSA-N,1,CHEMBL2272153,1,8.3,8.3,Culex pipiens,ChEMBL
EXT_00849,CCO/N=C/COc1ccc(Oc2cccc(C)c2C)cc1,ZEJBFNGTHUVPDA-XDHOZWIPSA-N,1,CHEMBL2271766,1,7.9,7.9,Culex pipiens,ChEMBL
EXT_00850,CCCc1ccc(C(=O)NN(C(=O)c2ccccc2Cl)C(C)(C)C)cc1,ZESHJUIZOWZVPB-UHFFFAOYSA-N,1,CHEMBL2286427,3,7.64,7.13,"Drosophila melanogaster,Spodoptera frugiperda,Spodoptera littoralis",ChEMBL
EXT_00851,CCCCNCCOc1ccc(Oc2ccccc2)cc1,ZESOBAMYQKHMED-UHFFFAOYSA-N,1,CHEMBL2271818,1,6.88,6.88,Culex pipiens,ChEMBL
EXT_00852,Cc1cn([C@H]2C[C@H](n3nncc3-c3ccccc3)[C@@H](CO)O2)c(=O)[nH]c1=O,ZGLKLXLPRAAAMO-NUEKZKHPSA-N,0,CHEMBL1090869,1,4.77,4.77,Drosophila melanogaster,ChEMBL
EXT_00853,Cc1cc(C(F)(C(F)(F)F)C(F)(F)F)ccc1NC(=O)c1cccc(I)c1C(=O)NC(C)(C)CS(C)(=O)=O,ZGNITFSDLCMLGI-UHFFFAOYSA-N,1,CHEMBL563789,1,,,Plutella xylostella,ChEMBL
EXT_00854,Cc1ccc(C)c(C(=O)NN(C(=O)c2ccccc2Cl)C(C)(C)C)c1,ZGQJECISIKVETQ-UHFFFAOYSA-N,0,CHEMBL2286725,1,,,Drosophila melanogaster,ChEMBL
EXT_00855,CC(=O)c1ccc(C(=O)NN(C(=O)c2ccccc2Cl)C(C)(C)C)cc1,ZGTOBXPHEGBCOS-UHFFFAOYSA-N,1,CHEMBL2286463,1,6.37,6.37,Spodoptera frugiperda,ChEMBL
EXT_00856,CCO/N=C/CCOc1ccc(CC(C)C)cc1,ZGVKFTJPNGNDNQ-MHWRWJLKSA-N,1,CHEMBL2272179,1,8.29,8.29,Culex pipiens,ChEMBL
EXT_00857,CCNCCCOc1ccc(Oc2ccccc2)cc1,ZGYPZKIKCFSIME-UHFFFAOYSA-N,1,CHEMBL2271817,1,8.34,8.34,Culex pipiens,ChEMBL
EXT_00858,FC1(F)Cc2cn(-c3c(Cl)cc(C(F)(F)F)cc3Cl)nc2C1,ZHDRYZUBXGVWLJ-UHFFFAOYSA-N,1,CHEMBL205569,1,6.7,6.7,Musca domestica,ChEMBL
EXT_00859,CCCCCCCCC(=O)CF,ZHHDPMJFHGUJRF-UHFFFAOYSA-N,0,CHEMBL153601,1,,,Drosophila melanogaster,ChEMBL
EXT_00860,CC(C)(C)N(NC(=O)c1ccccc1)C(=O)c1ccccc1Cl,ZIXLQHZCSCBWFZ-UHFFFAOYSA-N,1,CHEMBL2228435,2,7.08,6.075,"Drosophila melanogaster,Spodoptera frugiperda",ChEMBL
EXT_00861,NS(=O)(=O)c1cc(Cl)cc(Cl)c1O,ZJLNEJARVJZSHY-UHFFFAOYSA-N,1,CHEMBL2324869,1,5.19,5.19,Anopheles gambiae,ChEMBL
EXT_00862,CCc1ccc(C(=O)NN(C(=O)c2ccccc2)C(C)(C)C)cc1,ZJOWBUQITMZDKJ-UHFFFAOYSA-N,1,CHEMBL2286431,2,6.96,6.109999999999999,"Drosophila melanogaster,Spodoptera littoralis",ChEMBL
EXT_00863,CCN(CC)CC,ZMANZCXQSJIPKH-UHFFFAOYSA-N,1,CHEMBL2334360,6,9.3,7.57,Drosophila melanogaster,ChEMBL
EXT_00864,O=C(O)c1ccc2c(c1)nc(CCNC(=O)c1cccs1)n2Cc1cccc(C(F)(F)F)c1,ZMSNARUZUICOMA-UHFFFAOYSA-N,0,CHEMBL2430574,1,,,Drosophila melanogaster,ChEMBL
EXT_00865,CCCOCCCOc1ccc(Cc2ccccc2)cc1,ZNCYBYUHILEHAA-UHFFFAOYSA-N,1,CHEMBL2272156,1,9.18,9.18,Culex pipiens,ChEMBL
EXT_00866,C/N=C(\NCc1cnc(Cl)c(N=[N+]=[N-])c1)N[N+](=O)[O-],ZNYFOVSQSAVTHE-UHFFFAOYSA-N,1,CHEMBL149660,1,7.89,7.89,Drosophila melanogaster,ChEMBL
EXT_00867,CCOc1ccccc1C(=O)N(NC(=O)c1ccc(Cl)cc1)C(C)(C)C,ZOCALJCNEUANCJ-UHFFFAOYSA-N,1,CHEMBL2286435,1,5.02,5.02,Spodoptera littoralis,ChEMBL
EXT_00868,N#Cc1nn(-c2c(Cl)cc(C(F)(F)F)cc2Cl)c(N)c1[S+]([O-])C(F)(F)F,ZOCSXAVNDGMNBV-UHFFFAOYSA-N,1,CHEMBL101326,1,8.64,8.64,Musca domestica,ChEMBL
EXT_00869,C=C1C(C)=C(C(=O)c2ccccc2)C(=O)N1c1cccc(C(F)(F)F)c1,ZOXGWDGGTQZPRO-UHFFFAOYSA-N,0,CHEMBL1254303,1,4.76,4.76,Lucilia cuprina,ChEMBL
EXT_00870,CCCOC(C)CCOc1ccc(Oc2ccccc2)cc1,ZPMJMWIXTWONEW-UHFFFAOYSA-N,1,CHEMBL2272152,1,9.6,9.6,Culex pipiens,ChEMBL
EXT_00871,CCCCN(CCCC)Cc1cccnc1,ZQTJXFGUXQBJSN-UHFFFAOYSA-N,0,CHEMBL2286838,1,,,Musca domestica,ChEMBL
EXT_00872,Cc1cc(CN2CCN/C2=N\[N+](=O)[O-])cnc1Cl,ZQWXQVGEFHMWBM-UHFFFAOYSA-N,1,CHEMBL2287954,1,6.5,6.5,Musca domestica,ChEMBL
EXT_00873,COc1ccc(-c2ccc(OCC(=O)NCCCN3CCCCC3)cc2)cc1,ZRDFCDGVKGMYOD-UHFFFAOYSA-N,1,CHEMBL4290992,3,5.41,5.35,"Aedes aegypti,Anopheles gambiae",ChEMBL
EXT_00874,CC(C)(C)N(NC(=O)c1ccc(Br)cc1)C(=O)c1ccccc1Cl,ZRDWAFJNMTVKIX-UHFFFAOYSA-N,1,CHEMBL2286426,4,7.69,5.955,"Drosophila melanogaster,Spodoptera frugiperda,Spodoptera littoralis",ChEMBL
EXT_00875,CC1CCc2ccccc2N1C(=O)c1ccc(Cl)cc1,ZSDFNOZRKMPXSL-UHFFFAOYSA-N,0,CHEMBL2286415,1,4.26,4.26,Spodoptera littoralis,ChEMBL
EXT_00876,Cc1cc(Br)cc(C(=O)NC(C)C)c1NC(=O)c1cc(C(F)(F)F)nn1-c1ncccc1Cl,ZSYAVZSUKTVVLJ-UHFFFAOYSA-N,1,CHEMBL398818,2,,,"Plutella xylostella,Spodoptera frugiperda",ChEMBL
EXT_00877,CCOP(=O)(OCC)SCCCCSP(=O)(OCC)OCC,ZTKWGESWIBSOPZ-UHFFFAOYSA-N,1,CHEMBL2252840,2,5.09,5.09,"Drosophila melanogaster,Musca domestica",ChEMBL
EXT_00878,CCc1ccccc1C(=O)N(NC(=O)c1ccccc1)C(C)(C)C,ZTRFLUQOXMKABJ-UHFFFAOYSA-N,0,CHEMBL2286741,1,4.01,4.01,Drosophila melanogaster,ChEMBL
EXT_00879,CCc1ccc(C(=O)NN(C(=O)c2cccc3ccccc23)C(C)(C)C)cc1,ZWMFZYFOLFXETA-UHFFFAOYSA-N,0,CHEMBL2286703,1,4.98,4.98,Drosophila melanogaster,ChEMBL
LIC_00005,c1cncc(CN2CCCC2)c1,YFCWBKBNFCDPDF-UHFFFAOYSA-N,0,CHEMBL148489,2,4.79,4.79,Musca domestica,ChEMBL
LIC_00034,c1cncc(C2CCCCN2)c1,MTXSIJUGVMTTMU-UHFFFAOYSA-N,1,CHEMBL280963,2,5.43,5.43,Musca domestica,ChEMBL
LIC_00280,O=C(O)CCc1nc(-c2ccccc2)no1,UBSBRLFVQKHLPG-UHFFFAOYSA-N,0,CHEMBL1313027,1,,,Aedes aegypti,ChEMBL
LIC_00370,O=C1Cc2ccccc2N1,JYGFTBXVXVMTGB-UHFFFAOYSA-N,0,CHEMBL40823,2,4.29,4.29,Plutella xylostella,ChEMBL
LIC_00386,COc1ccc(-c2noc(CCC(=O)O)n2)cc1,WRFNXLGYERRRTO-UHFFFAOYSA-N,0,CHEMBL1421066,1,,,Aedes aegypti,ChEMBL
LIC_01844,NC(=S)N/N=C/c1ccc(O)cc1,IKDRFCOUGSBGNI-BJMVGYQFSA-N,1,CHEMBL242113,1,5.3,5.3,Aedes aegypti,ChEMBL
REP_00005,CC1(C)C(C=C(Cl)Cl)C1C(=O)OC(C#N)c1cccc(Oc2ccccc2)c1,KAATUXNTWXVJKI-UHFFFAOYSA-N,1,CHEMBL373204,2,,,"Plutella xylostella,Spodoptera frugiperda",ChEMBL
REP_00007,C=C(C)[C@H]1Cc2c(ccc3c2O[C@@H]2COc4cc(OC)c(OC)cc4[C@@H]2C3=O)O1,JUVIOZPCNVVQFO-HBGVWJBISA-N,0,CHEMBL429023,2,,,Drosophila melanogaster,ChEMBL
REP_00011,CC1(C)C(C=C(Cl)Cl)C1C(=O)OCc1cccc(Oc2ccccc2)c1,RLLPVAHGXHCWKJ-UHFFFAOYSA-N,1,CHEMBL1525,2,,,Culex quinquefasciatus,ChEMBL
REP_00264,Cn1cccc1-c1cccnc1,RYFOJXFXERAMLS-UHFFFAOYSA-N,0,CHEMBL1522291,1,,,Musca domestica,ChEMBL
REP_00324,CCCCCCCCC(C)=O,ZAJNGDIORYACQU-UHFFFAOYSA-N,0,CHEMBL47127,1,,,Drosophila melanogaster,ChEMBL
