74
 energy: -94.765101584800 gnorm: 0.115056982414 xtb: 6.7.1 (edcfbbe)
C           -7.56338417774600       -4.82873209044500        0.00429516982500
C           -6.36724163085800       -4.97204916064100       -0.58145669464100
C           -5.41656854038500       -3.84159714129500       -0.86252256671300
C           -4.04659307612300       -4.06603152945400       -0.23622809708600
O           -3.63421263993200       -5.13175887536000        0.20574508352300
O           -3.35529165366800       -2.87464221100700       -0.30074718967900
N           -2.07050485704100       -3.02344413979200        0.24893541141700
C           -1.41797105290500       -1.90528222403000        0.23017966268100
C           -0.00041319295000       -1.85028472036500        0.73542034211800
C            0.30374098877300       -0.36133284462300        0.67673743373500
C           -0.57504729164900        0.19173732275100       -0.45791609471200
C            0.01787933477000       -0.04864511703800       -1.86655079157800
C            1.34921105527600        0.63453297448400       -2.08032003314800
C            2.45521748803800       -0.07906571729600       -2.34815619336900
O            1.27087208571200        2.00441793112100       -1.96712917489600
C            2.46442469467000        2.79392745930800       -1.94031429296700
C            3.06230912090200        2.76195904208800       -0.56234388467900
C            4.34161425852700        2.52157604527600       -0.20812452922400
C            5.46459575530700        2.29487510293400       -1.18315875791300
C            4.73093316478000        2.51043914301100        1.26075267785300
C            4.71739437029600        1.11662377312200        1.90756242017500
C            5.89904362399900        0.26303074895300        1.52983842330700
C            5.89965576445300       -0.92559849410800        0.89470439429700
C            7.19487400556700       -1.64634390468700        0.62250215015300
C            4.67963885036900       -1.64757859718700        0.39357261097400
C           -1.91287152916100       -0.56913641769000       -0.29554633292400
C           -2.86651286845800        0.07850876323400        0.72065411091300
C           -3.56076915155800        1.31957320648500        0.15193395273600
C           -4.53611617545200        1.92202152318200        1.16541390039500
C           -5.23272288186100        3.15895841386800        0.59892043361000
C           -6.20322178201200        3.76040091228700        1.60282687801400
H           -7.93867138028100       -3.86044256954700        0.32016159563200
H           -8.19599730293700       -5.69299327242600        0.18603736398500
H           -6.03789365887500       -5.96959261707100       -0.87070435031300
H           -5.82306495155700       -2.89923370442300       -0.47706426594700
H           -5.28058405268200       -3.74970614286600       -1.94542799833200
H            0.64262429548600       -2.42149151741500        0.05894844647300
H            0.07805628194600       -2.25255784373500        1.74823670905600
H            0.01557164668900        0.10742666002800        1.62598938271400
H            1.37154480449000       -0.16946103537100        0.54358668547100
H           -0.71154390425100        1.27035350935600       -0.32118894254800
H           -0.68447882996300        0.33726526744000       -2.61735627834700
H            0.10318822602900       -1.12483670654600       -2.06364539382200
H            2.41707865812500       -1.16223321386700       -2.41555824398000
H            3.42938484154100        0.36602662176300       -2.50275029329100
H            2.15456925288300        3.82522647766300       -2.14423186878200
H            3.14145419713900        2.51412562618600       -2.75107747332300
H            2.33074003812200        2.93614476331200        0.22600125094700
H            5.74522496630100        1.23891715534900       -1.21229922407400
H            5.21112347593500        2.60138245420100       -2.20100743153900
H            6.34438505014900        2.88003955372700       -0.89491340757200
H            4.02901584249700        3.14383703580900        1.82059343933900
H            5.71063990540800        2.98792351233200        1.39041329362100
H            3.76156329368100        0.62442716541000        1.70777074993700
H            4.75872587790800        1.24943375434400        2.99661520784800
H            6.85759663367300        0.67942942341400        1.84071252556800
H            8.06417962562500       -1.09862350611900        1.00135183029400
H            7.18825935678900       -2.63094876892700        1.10146060909200
H            7.33291285425300       -1.78354332536200       -0.45502508921500
H            4.77607502804400       -1.84584522580600       -0.67925801837800
H            3.75221792622400       -1.09035480594500        0.53361793333000
H            4.57117451615800       -2.60606663585800        0.91171684770000
H           -2.41745197668000       -0.70828601928600       -1.25794574953700
H           -2.33054734735700        0.34331997644700        1.64018476880400
H           -3.63429401111900       -0.64511389327900        1.02093768380500
H           -4.10429832429500        1.04777158183800       -0.76113781448800
H           -2.81797102693700        2.07476817836000       -0.12746775605700
H           -5.28732003045200        1.17264896332900        1.44328377961600
H           -3.99472952392300        2.19183531154200        2.08037719675900
H           -4.48661505915000        3.91347093109500        0.32371069494800
H           -5.77827678335600        2.89380233826200       -0.31418596978100
H           -6.69003402485800        4.64343831838400        1.17719161650700
H           -6.98219055401400        3.04101177599600        1.87490040672600
H           -5.68330591209500        4.06624527117800        2.51632695172800
74
 energy: -94.776186057631 gnorm: 0.029106581915 xtb: 6.7.1 (edcfbbe)
C           -7.55261567171619       -4.83152850088524        0.00554236998136
C           -6.37266033104150       -4.97468369258086       -0.57314419947559
C           -5.42913477207195       -3.84807452224358       -0.85823257030343
C           -4.05771692271658       -4.07930824071602       -0.24895849629130
O           -3.64855217251699       -5.11174251138076        0.19602277332610
O           -3.36859175754389       -2.90486795289059       -0.29057987911650
N           -2.06920789256114       -3.00807956982852        0.24932213919171
C           -1.42426135337339       -1.91361694991151        0.23020283961404
C           -0.01368488691772       -1.84159428861647        0.72905333514930
C            0.31307272814559       -0.35085970209567        0.66878986811431
C           -0.56736997665529        0.20878895882586       -0.45686279072710
C            0.02103013134077       -0.03496116908766       -1.85908923606512
C            1.36097439358684        0.62942677019140       -2.06089151745168
C            2.45887646493590       -0.07257083190764       -2.32591832856923
O            1.26929830532950        1.99184125174863       -1.96332711706156
C            2.45875659917194        2.77807219708234       -1.92720469598255
C            3.07522262442992        2.74394450837433       -0.55747338142228
C            4.34161044329247        2.51856901310929       -0.20833813946849
C            5.46123336017764        2.29178862094687       -1.17962370904214
C            4.72485227845857        2.51289210879036        1.25534990264560
C            4.71927588258371        1.11544932897192        1.90037092184369
C            5.89224193773045        0.26466105470293        1.51264942080810
C            5.89652341662041       -0.91174475023335        0.88888253043874
C            7.18662944642535       -1.63878497223676        0.62281941617891
C            4.68226001585649       -1.63981228502752        0.39351607093433
C           -1.88771464962287       -0.57244911742798       -0.28423907750258
C           -2.85885159743978        0.07528901340356        0.71462924589455
C           -3.55707076707383        1.31365823583430        0.15268613420068
C           -4.53320057607450        1.92253465399988        1.15805460459231
C           -5.23447936273261        3.15924069549133        0.60199736926318
C           -6.20717863378147        3.76494024284058        1.60352147753914
H           -7.92868854453067       -3.86841008052956        0.31505420807724
H           -8.19235874713325       -5.68173015892948        0.17969564251529
H           -6.03344003981573       -5.96050516667388       -0.86525926079177
H           -5.82339717932684       -2.90101488159979       -0.48194649786866
H           -5.28277164459514       -3.75187191925044       -1.93860970066332
H            0.62964961780639       -2.41977249124478        0.06399445396404
H            0.07273666360285       -2.26021809683040        1.73125416248672
H            0.02649534654071        0.12085284676327        1.61317813381709
H            1.37450785590556       -0.15646499382530        0.51186344502957
H           -0.70913271837835        1.28440577877016       -0.33043982436618
H           -0.68266624562383        0.35893741176227       -2.60140586178613
H            0.12171703814340       -1.10738812595334       -2.04419872253471
H            2.41376979019102       -1.14504948840537       -2.41226354995520
H            3.42531329094371        0.37118928868839       -2.48855192930678
H            2.12244596868511        3.80212796755744       -2.14021974959171
H            3.14235814650028        2.48498726070413       -2.72836339134732
H            2.34433277935722        2.91853839186740        0.22433033997917
H            5.74549788633062        1.23906384375769       -1.19007636629404
H            5.19763217742816        2.59103963788013       -2.19321601743933
H            6.33736353923444        2.86982262112580       -0.88332294012835
H            4.01641013863203        3.13902819431776        1.80887168794399
H            5.71433419927526        2.96488213492538        1.37849534090602
H            3.77021511117055        0.62365907041040        1.68157528521851
H            4.76307885573894        1.25425131473438        2.98809263045468
H            6.84582674937661        0.67934412039895        1.82371748623583
H            8.04705298182555       -1.08923439174716        1.00358976060285
H            7.17591767409986       -2.62249820153235        1.09498612140818
H            7.32482766853313       -1.78742955894155       -0.44944165397416
H            4.78320399851315       -1.84785720501475       -0.67302921892869
H            3.76347413883407       -1.07671250406387        0.53699448700521
H            4.58032401582875       -2.59659877600428        0.90921885256366
H           -2.40863179037542       -0.70564918007867       -1.23732996576056
H           -2.31947870721025        0.34402535546307        1.62698285274269
H           -3.62353148796465       -0.65391208198330        1.00078016891512
H           -4.10094806776086        1.04161836022512       -0.75637412111238
H           -2.81614583210122        2.06772660411824       -0.12389447250246
H           -5.28371880168402        1.17632414077711        1.43461787716710
H           -3.99375357217774        2.19407111098569        2.07015125902320
H           -4.48525975541951        3.90706585220420        0.32746672287550
H           -5.77505935104351        2.88899938029913       -0.30942427937905
H           -6.69366452055285        4.64439768354488        1.18291976765947
H           -6.97863869319032        3.04493009064485        1.87473484067905
H           -5.68676663786614        4.06461124344100        2.51263653799505
74
 energy: -94.777839169875 gnorm: 0.010177115625 xtb: 6.7.1 (edcfbbe)
C           -7.55112965963507       -4.83231393281292       -0.00177488569235
C           -6.37273682450665       -4.97522981724996       -0.57465209412709
C           -5.43383457895525       -3.84767531827605       -0.85628859216838
C           -4.06701001700350       -4.08397179001800       -0.23751929118218
O           -3.64782700586693       -5.11155124395732        0.19275228030574
O           -3.38255995772699       -2.91710736612574       -0.27827266694880
N           -2.06956047292947       -2.99081348939048        0.24801491321079
C           -1.42909570970872       -1.90585219707252        0.22350364302593
C           -0.01926254252162       -1.83362039099626        0.71981780319728
C            0.32192636091733       -0.34400354464079        0.66087115785261
C           -0.56587538580970        0.21704068922583       -0.45645558853430
C            0.02164130105484       -0.02951598504107       -1.85416862414703
C            1.36524571467368        0.62553813822060       -2.04894189998766
C            2.46479192489412       -0.07095607771559       -2.30385060293901
O            1.26362118412099        1.98240370590086       -1.95315727440020
C            2.44947183160177        2.76545975796946       -1.91421231858327
C            3.07509829377878        2.72698770860918       -0.54936997254812
C            4.34025246872365        2.51454998161547       -0.20680153593843
C            5.46009989573869        2.28118858588158       -1.17350403622972
C            4.72411014290681        2.51663578639012        1.25185445696080
C            4.71400570985371        1.11494408211824        1.89144652895898
C            5.88624141276257        0.27196368209620        1.49818176529522
C            5.89273119444247       -0.90174624869796        0.88009302095058
C            7.18062029129553       -1.63044769642208        0.61792209818746
C            4.68073412986085       -1.63321663176464        0.38797642596903
C           -1.88162201799639       -0.56298644332555       -0.28737182334986
C           -2.85543445366800        0.07867700697148        0.71433887156414
C           -3.55457774283397        1.31328298388768        0.14931732831481
C           -4.53005118050569        1.91990429689898        1.15606231436154
C           -5.23169787264971        3.15667909736351        0.59940831247509
C           -6.20477971582207        3.76166712181292        1.60330671002415
H           -7.92396757230178       -3.87139265534049        0.31225332681576
H           -8.19085619134306       -5.67641657017420        0.18507899302722
H           -6.01753398049676       -5.95474361630831       -0.86100558845349
H           -5.82791605119076       -2.89988876492951       -0.48627684622233
H           -5.27923764150518       -3.74891471954729       -1.93577515410287
H            0.62364829471103       -2.41665341007992        0.05912058670693
H            0.07320377380245       -2.25963869344734        1.71782493642589
H            0.05106126529973        0.13109761828347        1.60610450310416
H            1.38015940718175       -0.15980060711537        0.47948884851210
H           -0.70961840017791        1.29124015827777       -0.33441277723386
H           -0.67503072989427        0.37724732964087       -2.59287573312525
H            0.12456349530930       -1.09975270608619       -2.03406147970449
H            2.41896766587602       -1.13997673317257       -2.38607687134728
H            3.43264757463702        0.37193301593884       -2.44337742591474
H            2.09926532197552        3.78466056608834       -2.12636757616788
H            3.13558367212242        2.46628645973671       -2.71136922885446
H            2.34445197137836        2.89263822603476        0.23270379190282
H            5.74737763602356        1.22961709120602       -1.16417932518100
H            5.19079415793697        2.56686312131625       -2.18680045462876
H            6.33301446751660        2.86073995818629       -0.87825060776037
H            4.01388213973057        3.13865178151392        1.80190604684418
H            5.71864960362302        2.95339299264608        1.37192886784138
H            3.76885672448105        0.62411015638273        1.65962774066352
H            4.75836417371727        1.25292198680399        2.97762297295913
H            6.83856387351216        0.69308593060235        1.79977710814733
H            8.03536161025562       -1.07879556927987        1.00116974838244
H            7.16232509784719       -2.61192975482352        1.09116343751543
H            7.31859028630826       -1.78648200332247       -0.45202983495729
H            4.78520165169115       -1.84936812012447       -0.67496392506607
H            3.76678278963385       -1.06628558844750        0.53128089190141
H            4.58326582994082       -2.58615106180810        0.90841403266572
H           -2.40992832314899       -0.69155343105148       -1.23754412377221
H           -2.31546179485517        0.34729094006665        1.62487115980698
H           -3.61414024992035       -0.65957291739727        0.98733179999494
H           -4.09824421217034        1.03752838921514       -0.75754638673064
H           -2.81382336480040        2.06629902644386       -0.12686622500499
H           -5.27973164729467        1.17373626458098        1.43092505655114
H           -3.98977271080721        2.19257432165456        2.06609713894470
H           -4.48239704486694        3.90354921434970        0.32650219751160
H           -5.77239664181730        2.88529879690751       -0.31040908570151
H           -6.69061354351346        4.63944965030115        1.18392657616232
H           -6.97380111514153        3.04142265841292        1.87353698650304
H           -5.68364798775871        4.05976681641183        2.51036729993241
74
 energy: -94.778331135352 gnorm: 0.007104583340 xtb: 6.7.1 (edcfbbe)
C           -7.54751513960877       -4.83388002172601        0.00589835288015
C           -6.36985604694968       -4.97656820762162       -0.56898525645408
C           -5.43440560587050       -3.84730738761629       -0.85488547536107
C           -4.06473862664332       -4.08851251162576       -0.24182238371280
O           -3.64548258182967       -5.11731866727963        0.19016698405845
O           -3.38805190881415       -2.92052290821487       -0.27199374471492
N           -2.07212367893019       -2.98257697817136        0.25475969669903
C           -1.43084924718709       -1.89937548541486        0.22018416338493
C           -0.01957424405833       -1.83015624344700        0.71332265979143
C            0.32840579039163       -0.34164592370743        0.65160655368374
C           -0.56517103222565        0.22255803361179       -0.45946620438971
C            0.02074290987158       -0.02877844664093       -1.85591061896058
C            1.36803725393952        0.62142524079020       -2.03502414656122
C            2.47328951700100       -0.07440020190833       -2.26912644934924
O            1.25948339463426        1.97630326433776       -1.94513698830406
C            2.44255443316562        2.75889667743747       -1.90515874368726
C            3.07086716725105        2.71743611610408       -0.54218684779261
C            4.33873818159544        2.51471802772523       -0.20425001356501
C            5.45851554431043        2.27176609870721       -1.16852686228924
C            4.72322548797357        2.52082620428318        1.25238251123985
C            4.70793509688558        1.11558595193874        1.88551951184150
C            5.88140756137003        0.27916748174830        1.48672092954950
C            5.88893744264346       -0.89536172178742        0.86994147993003
C            7.17679930861505       -1.62340016333254        0.60918510659851
C            4.67682703876933       -1.62941211307404        0.38162124944551
C           -1.87856459800181       -0.55562530668756       -0.29120110920144
C           -2.85281389404344        0.08189147414918        0.71330291730976
C           -3.55311129798927        1.31421561479899        0.14723786433089
C           -4.52817807837848        1.92004078400539        1.15418198485056
C           -5.23068076460205        3.15633152138639        0.59744053633991
C           -6.20359356235446        3.75985720941875        1.60316369610545
H           -7.92635892191088       -3.86944671234491        0.30253666864275
H           -8.19536712901069       -5.67341289493281        0.18589287816142
H           -6.00862548056129       -5.95271325564814       -0.85838242193728
H           -5.82630154393637       -2.89794930784853       -0.48700493955553
H           -5.27911773203870       -3.75054388473761       -1.93445701394483
H            0.62051648911222       -2.41643857970356        0.05224847712465
H            0.07453260046415       -2.25746057506329        1.71064522371336
H            0.07616077862152        0.13717602766192        1.59960229413841
H            1.38469521922717       -0.16677385997781        0.45119552911798
H           -0.70773845302730        1.29706317873141       -0.33830921924253
H           -0.66741468945123        0.38753775236689       -2.59591705865643
H            0.11882883054447       -1.09882833130801       -2.03364506816069
H            2.42600571216006       -1.14292488543281       -2.35468257302918
H            3.44275990555132        0.36856558867657       -2.39541650220392
H            2.08972126426488        3.77676343518830       -2.11368951096441
H            3.12892956013645        2.45872498183161       -2.70164332562379
H            2.34141286426665        2.87635330067279        0.24259265683703
H            5.74763526616261        1.22046390631909       -1.13943237280474
H            5.18768585312044        2.53938812262730       -2.18567381809911
H            6.32980343070661        2.85662886051878       -0.88054035334549
H            4.01548684781051        3.14338556432511        1.80249713374800
H            5.72036581751631        2.94915156653105        1.37151299709921
H            3.76430755888512        0.62759570027339        1.64409624058125
H            4.74932947065439        1.24639464148228        2.97173807424157
H            6.83354344964618        0.70534557382119        1.78195247281394
H            8.02950880894861       -1.07029542028656        0.99304353629870
H            7.15483387959739       -2.60293489041092        1.08585069714403
H            7.31534826635396       -1.78347503024320       -0.45984663023832
H            4.78356372508418       -1.85201049689067       -0.67944269873614
H            3.76429320646636       -1.06043267303402        0.52110528211031
H            4.57994305025408       -2.57866295996738        0.90820155425400
H           -2.40946335668110       -0.67994474440588       -1.24047180127534
H           -2.31304273401696        0.35047215960471        1.62326131665668
H           -3.60820048276510       -0.66038172229809        0.98143843724600
H           -4.09699695437296        1.03551865638110       -0.75827113664401
H           -2.81300229492411        2.06697441373137       -0.13044365296753
H           -5.27666406790991        1.17292992887416        1.42835892276689
H           -3.98691473361147        2.19295973745416        2.06312982936180
H           -4.48159634511919        3.90313436287405        0.32503130144679
H           -5.77167891572264        2.88406428019973       -0.31155488181421
H           -6.69022956702548        4.63745783327930        1.18501881002151
H           -6.97084621678295        3.03784519441648        1.87285528099788
H           -5.68070805762511        4.05655804450663        2.50941983379386
74
 energy: -94.778726989456 gnorm: 0.006375306716 xtb: 6.7.1 (edcfbbe)
C           -7.55152893460389       -4.83338920433470       -0.00353074539862
C           -6.36994455522383       -4.97765143594027       -0.57141325454251
C           -5.43364800801869       -3.84735765131380       -0.85331046546988
C           -4.06474482459769       -4.08883292892352       -0.23540806136746
O           -3.64288725666446       -5.12504165744157        0.18263452483851
O           -3.39506773073094       -2.91974658209990       -0.25587815023441
N           -2.07390861969527       -2.97677024403275        0.26265640472173
C           -1.43103193946282       -1.89374290994687        0.21388815069596
C           -0.01815568654359       -1.82773745085435        0.70490481247981
C            0.33793787708545       -0.34127743049555        0.63732443914966
C           -0.56447900427113        0.22558552273197       -0.46579911203052
C            0.02016259486399       -0.02864266450679       -1.86242077207691
C            1.37150254338331        0.61646248395702       -2.02179335740946
C            2.48578217468369       -0.08052140659006       -2.21670493750547
O            1.25562900979637        1.96999501835746       -1.93969412143462
C            2.43565142562231        2.75280244043091       -1.89486784579077
C            3.06467299532445        2.70813420551737       -0.53289348041548
C            4.33627860821966        2.51720578290207       -0.19968870607034
C            5.45551477633962        2.26057108539598       -1.16115553988737
C            4.72196971134958        2.52649874557947        1.25555947318548
C            4.69866169127091        1.11625313848743        1.87835318990509
C            5.87389827428321        0.28683575851040        1.47305148761895
C            5.88265257794087       -0.88866753851577        0.85598650453444
C            7.17164180550205       -1.61331348724432        0.59299851265988
C            4.66992683727157       -1.62558731989160        0.37224266290225
C           -1.87644320176221       -0.54955810875973       -0.29721439093816
C           -2.84981182744670        0.08519200792509        0.71065430401854
C           -3.55172354534784        1.31566406733241        0.14426766757552
C           -4.52580158200926        1.92147468263311        1.15150498902562
C           -5.22994198942207        3.15680583762363        0.59502796440285
C           -6.20236520306507        3.75786336954784        1.60306398676183
H           -7.92450643217470       -3.86751152064894        0.29722748163435
H           -8.19484884934488       -5.67221669675234        0.19746158946831
H           -5.99629914658733       -5.95312791158898       -0.84840232952806
H           -5.82539691109812       -2.89736467144036       -0.48754710310531
H           -5.27354285074786       -3.75231155404893       -1.93253756264257
H            0.61772213428847       -2.41797415834436        0.04271088784795
H            0.07585245221958       -2.25381789081244        1.70269252920237
H            0.11091438513334        0.14306679234937        1.58879227683282
H            1.39172751614435       -0.17806423253586        0.41389246230257
H           -0.70431402233654        1.30078352393515       -0.34431463521509
H           -0.65742675977151        0.39892088978395       -2.60471933663377
H            0.10857124600323       -1.09896298779124       -2.04013736368305
H            2.43855440117586       -1.14998857605899       -2.29545046895336
H            3.46005722942318        0.36121613962613       -2.31333522022989
H            2.08378148851040        3.77079444098948       -2.09794163479794
H            3.12254257339346        2.45401656110116       -2.69137091375556
H            2.33772284466036        2.86245227643490        0.25559652700636
H            5.74856319212323        1.21040056160716       -1.10205043093494
H            5.18286174340426        2.49799479649623       -2.18564699232218
H            6.32442136681647        2.85656742533898       -0.88848594331326
H            4.01946453563953        3.15223711219490        1.80727799944555
H            5.72200475853674        2.94591785808146        1.37424211417368
H            3.75611768683646        0.63354805158670        1.62389928990580
H            4.73351933848389        1.23377503397864        2.96569229970607
H            6.82594476617461        0.71925460155642        1.76044124780847
H            8.02317638296228       -1.05773486654204        0.97543289879364
H            7.14938763832031       -2.59084803817290        1.07390501249437
H            7.30994337654997       -1.77682444943173       -0.47545118824574
H            4.78002970386576       -1.85819124704941       -0.68641498231757
H            3.75823028330553       -1.05356651526069        0.50327057527292
H            4.57058031195587       -2.56916501360519        0.90840760446192
H           -2.40919629404249       -0.66797738268629       -1.24601596292399
H           -2.30927042017421        0.35409177059184        1.61963018959132
H           -3.60247535445055       -0.65917491997051        0.97750901955758
H           -4.09673214992392        1.03408177355313       -0.75963467288832
H           -2.81273747002471        2.06837545736249       -0.13654096351751
H           -5.27284397011008        1.17325733164788        1.42597287182981
H           -3.98334503559711        2.19478270053862        2.05942071645281
H           -4.48176064850393        3.90422377878932        0.32240627464819
H           -5.77155308532967        2.88360657831595       -0.31315030441881
H           -6.69096533790200        4.63553647666898        1.18708770695484
H           -6.96751320762878        3.03332878813434        1.87247564324190
H           -5.67736240425748        4.05308578603976        2.50871847965916
74
 energy: -94.778954462737 gnorm: 0.006463554435 xtb: 6.7.1 (edcfbbe)
C           -7.54827162753410       -4.83407647353957        0.00362024122284
C           -6.36599982255558       -4.97955553476842       -0.56282083567547
C           -5.43196088434735       -3.84826889399690       -0.85143737255064
C           -4.06149381160107       -4.08792775155585       -0.23490394210751
O           -3.63875805340220       -5.12871838358252        0.17217220384577
O           -3.39724912894973       -2.91626276176140       -0.24445043178034
N           -2.07525703370309       -2.97560824860638        0.27071003374261
C           -1.43108346571417       -1.89260918865214        0.21258910987058
C           -0.01642872315393       -1.82885345468344        0.70031427084607
C            0.34416363862510       -0.34420235016546        0.62724186883550
C           -0.56415945214195        0.22316836860535       -0.47128884340974
C            0.02097085536792       -0.02854992244665       -1.86946448667960
C            1.37472356018260        0.61404766892251       -2.01397076014916
C            2.49446073908499       -0.08495631466291       -2.17306599329555
O            1.25594491313100        1.96821323565591       -1.94252161446704
C            2.43490590617741        2.75163458773101       -1.89121879568574
C            3.06151846204426        2.70729099071318       -0.52826930678150
C            4.33419534924291        2.52075533229353       -0.19579077457559
C            5.45301950860760        2.25563825118861       -1.15512311613194
C            4.72102960448967        2.52925194233361        1.25959397672077
C            4.69114864063370        1.11576102258590        1.87427649667015
C            5.86726253895914        0.28875910595636        1.46604438399371
C            5.87695130695763       -0.88614540770961        0.84669218728988
C            7.16758437958029       -1.60585689092357        0.57732610960547
C            4.66402637040039       -1.62474275943944        0.36543936364863
C           -1.87690571240485       -0.54989045446910       -0.30092046175409
C           -2.84809084982850        0.08724731665464        0.70791832152762
C           -3.55119959586694        1.31705424925870        0.14105390367184
C           -4.52390932326729        1.92327700253049        1.14937113394818
C           -5.22974163175408        3.15770828517642        0.59333480413303
C           -6.20155620225543        3.75666225885872        1.60291788100914
H           -7.92740710515498       -3.86404462133991        0.28557289617508
H           -8.19858594936420       -5.67022035994208        0.19398043435638
H           -5.99205165029765       -5.95481214847302       -0.83979651807606
H           -5.82329314610710       -2.89781161817336       -0.48633628068551
H           -5.27369112783334       -3.75648424775160       -1.93120337477053
H            0.61613918041179       -2.42208835417451        0.03749762373052
H            0.07677659333762       -2.25156126589197        1.69938954393834
H            0.13132828320672        0.14398207637947        1.57964039445066
H            1.39616509831440       -0.18726248971094        0.39271328644119
H           -0.70210765880405        1.29868680189181       -0.34846416236775
H           -0.65096100396799        0.40550608758914       -2.61300295522305
H            0.10235885409295       -1.09898160711229       -2.05145384726931
H            2.44875381520553       -1.15595435757915       -2.23913608496224
H            3.47195341179289        0.35512557001621       -2.24604418854373
H            2.08599126494435        3.77087029352633       -2.09268182259027
H            3.12347375349505        2.45455255752861       -2.68719251015255
H            2.33609141815719        2.86314598802739        0.26141711614269
H            5.75260568326613        1.20841875982933       -1.07391244434631
H            5.17799996149298        2.46814847948922       -2.18503738610264
H            6.31889738180241        2.86370653164274       -0.89779759652288
H            4.02285473284845        3.15848920474017        1.81346321157085
H            5.72267818444435        2.94479606346357        1.37866670939832
H            3.74859936203723        0.63754766817485        1.61129980746029
H            4.71994549686336        1.22257935280435        2.96307942778167
H            6.81910325038641        0.72404022454060        1.74997155122725
H            8.01942290796200       -1.04738541809966        0.95590746643450
H            7.15107001557237       -2.58317995001157        1.05928105231567
H            7.30296052683287       -1.76897334152759       -0.49159625878517
H            4.77713085645887       -1.86664801392370       -0.69115589221245
H            3.75249592752019       -1.04975503073120        0.48752860024269
H            4.55970226647051       -2.56332943463134        0.90971171722614
H           -2.40963246759488       -0.66679614142963       -1.24980331764359
H           -2.30553509111551        0.35733732457379        1.61560760395140
H           -3.60055857785987       -0.65573334513785        0.97878881270542
H           -4.09785861134156        1.03435304074394       -0.76178550298597
H           -2.81310206442978        2.06990154228143       -0.14257297338350
H           -5.27023155233044        1.17472936990035        1.42560482351035
H           -3.98056580955936        2.19730345312301        2.05674115278810
H           -4.48300123809237        3.90640956423732        0.31973211203679
H           -5.77216457076479        2.88425057611611       -0.31444392738936
H           -6.69206137274799        4.63434442577588        1.18866331044886
H           -6.96569095828890        3.03084688476766        1.87267145181435
H           -5.67583872627343        4.05170507697903        2.50847920509686
74
 energy: -94.779157559429 gnorm: 0.005002740893 xtb: 6.7.1 (edcfbbe)
C           -7.55033766174236       -4.83210609071356        0.00093516505542
C           -6.36492813312512       -4.98036854313736       -0.55816992234048
C           -5.43039233179777       -3.85016373287826       -0.85044735920519
C           -4.05754167888875       -4.08789778464721       -0.23769970172478
O           -3.63308059703398       -5.13117921912888        0.15982049068923
O           -3.39844364601956       -2.91260087599269       -0.23389783395557
N           -2.07730900023284       -2.97698090911073        0.27977737940858
C           -1.43147625074313       -1.89481409044951        0.21566601959135
C           -0.01515265338392       -1.83286291248489        0.69900894969789
C            0.34757141484222       -0.34957721112868        0.62096315827943
C           -0.56324418589548        0.21864330119369       -0.47526048106844
C            0.02315927268237       -0.02705970539011       -1.87547863607499
C            1.37889241144683        0.61398686226018       -2.00470930282916
C            2.50122338702070       -0.08704673008071       -2.12852220656295
O            1.25958433356779        1.97003051255878       -1.95136666565200
C            2.43873393030635        2.75378310188622       -1.89274409612594
C            3.06047887084503        2.71252145075178       -0.52735486906072
C            4.33215889895134        2.52441609654680       -0.19247885039903
C            5.45139362943501        2.25486060067892       -1.14935021334016
C            4.71922579957256        2.52926234419747        1.26384954390929
C            4.68362920007511        1.11370588418833        1.87172658646817
C            5.86017815270218        0.28704484035499        1.46206434494294
C            5.87097765842572       -0.88587158835815        0.83879110241335
C            7.16346650685348       -1.59925734740192        0.56002344405476
C            4.65842945816182       -1.62636033239787        0.35990696647683
C           -1.87718483765412       -0.55422103668088       -0.30264816780066
C           -2.84598600205031        0.08878557358813        0.70480624995101
C           -3.55035273675018        1.31806502695669        0.13700947177003
C           -4.52147189651503        1.92529579092241        1.14659203181144
C           -5.22969886569041        3.15873315032367        0.59157817719167
C           -6.20093528430655        3.75598387859397        1.60220666353808
H           -7.92874945932581       -3.86109286888099        0.27976753718147
H           -8.19786126340248       -5.66901943700857        0.19725366425622
H           -5.99036854570562       -5.95808122974655       -0.82612636649240
H           -5.82184041669138       -2.89867838077092       -0.48753647130093
H           -5.27471017357197       -3.76296568445283       -1.93074729651468
H            0.61428751763155       -2.42900784569952        0.03605675561125
H            0.07774234701894       -2.25182141266260        1.69950927846717
H            0.14111464387878        0.14130842113891        1.57249119818757
H            1.39827729832184       -0.19574124738530        0.38242327867662
H           -0.70100491469106        1.29401475565115       -0.35021950856814
H           -0.64575622172745        0.41244701609441       -2.61881452524316
H            0.10080670233894       -1.09702697122365       -2.06541885049086
H            2.45708911141434       -1.15943242236696       -2.18170868628296
H            3.47899147563953        0.35197165249261       -2.18718925581037
H            2.09254813940929        3.77407976563223       -2.09682784439774
H            3.13067985784783        2.45684929341515       -2.68638401107180
H            2.33488332279137        2.87309831258812        0.26113193010068
H            5.76296844584327        1.21326488479405       -1.04901467582956
H            5.17258182075760        2.44392434643520       -2.18286030975434
H            6.31151106272694        2.87819028554323       -0.90759377477886
H            4.02427194440842        3.16131432203222        1.81994715716326
H            5.72207795653633        2.94286858614025        1.38380179230599
H            3.74080180643582        0.63925012038838        1.60244765601146
H            4.70704483082327        1.21220830052867        2.96183011893438
H            6.81155998472063        0.72302008428315        1.74585667374511
H            8.01600166774312       -1.03688307787645        0.93270373144463
H            7.15709516651410       -2.57767149024724        1.04044086703778
H            7.29258758407761       -1.75926265343365       -0.51027208447909
H            4.77508074617737       -1.87974624165330       -0.69393356437418
H            3.74732075604044       -1.04760502452217        0.47158071681612
H            4.54744607854592       -2.55904095329074        0.91343456112685
H           -2.40903554577470       -0.67345503797085       -1.25165244135610
H           -2.30063598587704        0.36145835935717        1.61054747063097
H           -3.59953004162440       -0.65119809882115        0.98248406931015
H           -4.09895758269326        1.03463902626643       -0.76470767185010
H           -2.81317000140972        2.07109324481930       -0.14926538991047
H           -5.26716310481033        1.17681814279095        1.42575779344818
H           -3.97694364691856        2.20057121866266        2.05317237170251
H           -4.48476780591151        3.90902969665198        0.31654304545580
H           -5.77302821484991        2.88502756316692       -0.31584335061508
H           -6.69329993054269        4.63343396685199        1.18922020500895
H           -6.96436995021309        3.02946861738756        1.87274956411197
H           -5.67514462496861        4.05162978988298        2.50772902604492
74
 energy: -94.779340104210 gnorm: 0.004274360583 xtb: 6.7.1 (edcfbbe)
C           -7.55242315611539       -4.82993997589576        0.00112674106144
C           -6.36431257390920       -4.98159105692396       -0.55094779468594
C           -5.42994877953706       -3.85334152540463       -0.84954136308661
C           -4.05625738393565       -4.08878949459459       -0.23864940300859
O           -3.62417431917304       -5.13439043931027        0.14261220277485
O           -3.40140305046768       -2.91018356783238       -0.22366083520568
N           -2.07986093120723       -2.98003305997886        0.28557552236379
C           -1.43187359634504       -1.89959283696526        0.22002842257407
C           -0.01523578425129       -1.83862786793119        0.70117326457736
C            0.34850044098604       -0.35616214318530        0.62058711625518
C           -0.56103783402002        0.21321709610436       -0.47599040463191
C            0.02723619409916       -0.02262654444858       -1.87811066843045
C            1.38336099247022        0.61770664662497       -1.99852249324027
C            2.50629706127879       -0.08499617279600       -2.08786995879940
O            1.26624511763916        1.97572734413465       -1.96675809588474
C            2.44661722662020        2.75875247712732       -1.89979659338542
C            3.06112686227080        2.72139599542277       -0.53073197942910
C            4.33018593247783        2.52673123165324       -0.19029336899841
C            5.45192401133815        2.25822269458838       -1.14372215577570
C            4.71492148272257        2.52614117224185        1.26755011908192
C            4.67552089201773        1.10933606952777        1.87017005738894
C            5.85239292823686        0.28235608239907        1.45986233411565
C            5.86467399273187       -0.88734187107742        0.83122223313038
C            7.15898280081558       -1.59298146897945        0.54032758191552
C            4.65297459912128       -1.63051194117162        0.35558125861148
C           -1.87635609848124       -0.56038652818295       -0.30267902136360
C           -2.84344243369466        0.08977963207623        0.70162521375222
C           -3.54869653611362        1.31827937808508        0.13195911658703
C           -4.51798428307727        1.92715877159427        1.14275288681707
C           -5.22930030019657        3.15943992439469        0.58907213940580
C           -6.20002216944746        3.75538150980496        1.60060084689380
H           -7.93381772206472       -3.85782834532681        0.27107384970079
H           -8.19834955093042       -5.66747951350464        0.19868916136235
H           -5.99074749585099       -5.96257047769089       -0.80853317098062
H           -5.82126712711756       -2.90067468128279       -0.48955247933475
H           -5.27803616613354       -3.77098072638101       -1.93079746535496
H            0.61185978631453       -2.43711388693660        0.03863279215666
H            0.07826356479515       -2.25533527302596        1.70257344199477
H            0.14017559823602        0.13573417382998        1.57043727734681
H            1.39919807886521       -0.20310890312468        0.38419551180915
H           -0.70071298676379        1.28780410076179       -0.34756376357297
H           -0.64152502903878        0.42215129404468       -2.61858552200895
H            0.10504854609933       -1.09132682931705       -2.07800741580688
H            2.46446552903912       -1.15856873148594       -2.12220135954309
H            3.48458446261865        0.35343707022786       -2.13043730209871
H            2.10201025263247        3.77913551977045       -2.11020862734014
H            3.14361253076425        2.45996472849194       -2.68885649720369
H            2.33291130271035        2.88818553683569        0.25390630377511
H            5.78360446452447        1.22532478443161       -1.02452154440661
H            5.16795319032281        2.42338024485815       -2.17955153449300
H            6.30116633603202        2.90228004826654       -0.91634743289642
H            4.02084044215022        3.15891460704612        1.82501158181300
H            5.71848817764922        2.93882318081707        1.38932573973071
H            3.73272941563036        0.63695739980520        1.59677329865647
H            4.69533679546800        1.20311085635380        2.96094115265157
H            6.80325699781479        0.71831184972572        1.74489023468774
H            8.01199207644080       -1.02601778849836        0.90584275336286
H            7.16532264115467       -2.57347709784178        1.01671591348135
H            7.27846716350141       -1.74779074176493       -0.53209598024400
H            4.77387535785974       -1.89904740440051       -0.69415513347985
H            3.74305649776996       -1.04705389492557        0.45511094052883
H            4.53482070153491       -2.55541590790387        0.92106062603003
H           -2.40685213715636       -0.68456329555437       -1.25185917893476
H           -2.29516965161188        0.36622985378289        1.60483696488676
H           -3.59844701066096       -0.64686816819905        0.98661071872370
H           -4.09909666923543        1.03374703428193       -0.76839029500544
H           -2.81236205376720        2.07127879695274       -0.15674771980819
H           -5.26272774848673        1.17887587955234        1.42561719793248
H           -3.97152487792550        2.20422557569541        2.04782770156734
H           -4.48633682104124        3.91132738378806        0.31244397869749
H           -5.77363709921130        2.88508931709827       -0.31773891157065
H           -6.69411105199144        4.63224701796432        1.18829751625674
H           -6.96266674518611        3.02841542007080        1.87230938625985
H           -5.67428327061578        4.05214046161322        2.50583619205792
74
 energy: -94.779479072513 gnorm: 0.004216138519 xtb: 6.7.1 (edcfbbe)
C           -7.55690167353686       -4.82734360640413        0.00074957752808
C           -6.36585797859879       -4.98299561154562       -0.54377167222897
C           -5.43089536566980       -3.85767977756719       -0.84955813884593
C           -4.05506618321674       -4.09294758192200       -0.24515640033514
O           -3.61460043585215       -5.13889320966685        0.12346659340121
O           -3.40527896162408       -2.91087105796400       -0.21765535033128
N           -2.08410263560520       -2.98125365635988        0.29156286233898
C           -1.43318521390924       -1.90310739183906        0.22510353636141
C           -0.01658195795340       -1.84375224613274        0.70479907330624
C            0.34824324769049       -0.36158399593477        0.62497915185242
C           -0.55823510039615        0.20977565197641       -0.47306672986926
C            0.03151930960653       -0.01637114531382       -1.87621081217001
C            1.38835901790733        0.62332510219516       -1.98968159429992
C            2.51213780604323       -0.08035029727942       -2.04861181502312
O            1.27345583054755        1.98253846294963       -1.98192018875003
C            2.45495862773552        2.76422320384651       -1.90944489128010
C            3.06209956656868        2.72956298266516       -0.53682643757259
C            4.32830488931826        2.52770128781720       -0.18967547153127
C            5.45497823743397        2.26386333324476       -1.13845346678927
C            4.70780499869849        2.52164866539490        1.26968496901864
C            4.66731607545670        1.10334711877360        1.86836545131478
C            5.84498489912876        0.27781759082017        1.45641504797928
C            5.85898559949569       -0.88888402277951        0.82281881931946
C            7.15466103694800       -1.58708865405292        0.52044312025373
C            4.64792897692990       -1.63596790799907        0.35248682685822
C           -1.87450503639999       -0.56412309285347       -0.30175820325728
C           -2.84112394561622        0.09089436768269        0.69948672384045
C           -3.54662214625014        1.31791616719749        0.12669443506681
C           -4.51400333309549        1.92841275999549        1.13859925869654
C           -5.22805533490388        3.15939236525286        0.58535566188354
C           -6.19824986046081        3.75430838067714        1.59808397635245
H           -7.94098744744078       -3.85440969009353        0.26246350344492
H           -8.19983978492916       -5.66545784567327        0.20498366248084
H           -5.99150788868524       -5.96701170568656       -0.78891374935039
H           -5.81977557560975       -2.90259987439415       -0.49337802745473
H           -5.28302824374866       -3.78098904985630       -1.93190437922866
H            0.60911054604531       -2.44350282643053        0.04225396702169
H            0.07845310206787       -2.26066454691376        1.70613363217780
H            0.13474448744324        0.12958545937183        1.57427357264930
H            1.40014157949054       -0.20858270881741        0.39314228596937
H           -0.70011663050387        1.28343871872516       -0.34033204651315
H           -0.63744379052322        0.43426623366282       -2.61297051495959
H            0.11124052874706       -1.08346603649795       -2.08427037643148
H            2.47108209988873       -1.15397372182779       -2.06912063306656
H            3.48955991059421        0.35866283339917       -2.08394119520924
H            2.11121769436292        3.78363121436640       -2.12695847656749
H            3.15662222439644        2.46147928766974       -2.69311360882448
H            2.32957010990769        2.89933380434185        0.24308958614376
H            5.81106062918509        1.24109807314187       -0.99960601947947
H            5.16676376801729        2.40402484268566       -2.17679552789189
H            6.28944100088570        2.93179567017278       -0.92296758015649
H            4.01177714271069        3.15227567407806        1.82706899732430
H            5.71125126578827        2.93383000428207        1.39499867129499
H            3.72521576966233        0.63089735281979        1.59272706173472
H            4.68603756315767        1.19513472020979        2.95920409571751
H            6.79546116476539        0.71482229114849        1.74137281363089
H            8.00747828532441       -1.01626966084288        0.88000193234604
H            7.17135130487674       -2.56948799004390        0.99234249624037
H            7.26461779714801       -1.73701409097759       -0.55388445510897
H            4.77280002397912       -1.92178840844416       -0.69214466373309
H            3.73972152170910       -1.04799528964738        0.43972208987026
H            4.52435675678810       -2.55166526158252        0.93206792581326
H           -2.40357235541571       -0.69252063832402       -1.25134666738331
H           -2.29138257153961        0.37077914277819        1.60073525002030
H           -3.59655995498656       -0.64404451395035        0.98854830066240
H           -4.09819685309617        1.03132762433259       -0.77215053394371
H           -2.81075820647341        2.07036960912954       -0.16433237016815
H           -5.25743224727131        1.18016072898889        1.42489679046781
H           -3.96511021322063        2.20749821401082        2.04158718613547
H           -4.48677690890975        3.91243221063686        0.30737577314770
H           -5.77343242316860        2.88384766491358       -0.32046309005989
H           -6.69382891922098        4.63035258905525        1.18600917368185
H           -6.95976501720350        3.02672645592162        1.87104261347840
H           -5.67203420142272        4.05215925529006        2.50261044375493
74
 energy: -94.779597326701 gnorm: 0.003701526443 xtb: 6.7.1 (edcfbbe)
C           -7.56169010782295       -4.82496132892278        0.00288719024430
C           -6.36816648993633       -4.98488033256861       -0.53498940965842
C           -5.43282174095029       -3.86263984963292       -0.85003056883259
C           -4.05496201351629       -4.09811970483852       -0.25252869991252
O           -3.60384092176255       -5.14526080294248        0.10021106941968
O           -3.41021974218726       -2.91284193559919       -0.21379922400179
N           -2.08816977782902       -2.98200334316585        0.29386499934888
C           -1.43446325843888       -1.90590234348239        0.22841043313438
C           -0.01890106627246       -1.84858173863576        0.70973664528604
C            0.34622651188861       -0.36610694165900        0.63475257991847
C           -0.55470343658218        0.20889488846165       -0.46590480149179
C            0.03654404545203       -0.00904415606514       -1.86917762653317
C            1.39336549500279        0.63067849550760       -1.98120958578961
C            2.51701055244924       -0.07287483655476       -2.01861923865178
O            1.28086462168764        1.98975653125516       -1.99569174668008
C            2.46347280021891        2.76963941016725       -1.92111082674978
C            3.06346542950254        2.73593983053804       -0.54532185703237
C            4.32665477967526        2.52754288449944       -0.19055674558971
C            5.46065860901302        2.27277229125254       -1.13342202968001
C            4.69781561361924        2.51619330321406        1.27050383157943
C            4.65974116663344        1.09593044867207        1.86603145287426
C            5.83871524179206        0.27397618218259        1.45080238901308
C            5.85444125735256       -0.89067991155907        0.81366768646298
C            7.15103824908424       -1.58212707647751        0.50100524795774
C            4.64355262900490       -1.64317526832844        0.35156047259258
C           -1.87141090123131       -0.56544089562070       -0.30011242451259
C           -2.83973371426001        0.09098172072609        0.69815128473602
C           -3.54462544148133        1.31650754921661        0.12198385345297
C           -4.51014922845780        1.92933416609984        1.13420792305128
C           -5.22629091036605        3.15884475435001        0.58043477955446
C           -6.19585924805868        3.75340416503443        1.59430715148946
H           -7.95008519359060       -3.85049988491846        0.25221988495421
H           -8.20356734474780       -5.66248387528511        0.21305442446589
H           -5.99187745229209       -5.97127102425034       -0.76746893368930
H           -5.81794417590734       -2.90487960593976       -0.49747319347582
H           -5.28978840196199       -3.79170402505024       -1.93371631390830
H            0.60690046587111       -2.44697122966136        0.04599284811510
H            0.07722526982899       -2.26887789161357        1.70979788795414
H            0.12450163311806        0.12213437583423        1.58436729442087
H            1.40002296831750       -0.21147770469270        0.41102498780305
H           -0.69838859314973        1.28175741275161       -0.32794845810243
H           -0.63291524215154        0.44690788017407       -2.60187275956848
H            0.11817023997901       -1.07449788732132       -2.08334012060772
H            2.47640861158509       -1.14637188063072       -2.02304028715331
H            3.49433337494599        0.36700769867538       -2.04932821416245
H            2.12119556346332        3.78775212371597       -2.14501136326469
H            3.16849969789455        2.46180342984577       -2.69974426729194
H            2.32540998260748        2.90457010347426        0.22960207958192
H            5.84267111360484        1.26202311130934       -0.97684098951142
H            5.17086415720456        2.38847779704367       -2.17386214534563
H            6.27736910656610        2.96539280364102       -0.92747354258373
H            3.99656387971160        3.14163534086710        1.82646450890381
H            5.69968793775213        2.92970507443984        1.40195548485871
H            3.71874068070265        0.62149381662002        1.59037971433598
H            4.67971999002192        1.18745193366508        2.95663116554017
H            6.78888323382929        0.71338098505512        1.73372782573264
H            8.00326774485241       -1.00846730424936        0.85627794368815
H            7.17524015682276       -2.56616719476466        0.96846294958328
H            7.25291112193504       -1.72757557328947       -0.57476919474830
H            4.77147488958606       -1.94800259598634       -0.68702786717424
H            3.73716572221938       -1.05132776099829        0.42623624459155
H            4.51637743847285       -2.54815118815561        0.94724031060576
H           -2.39810388138225       -0.69492014869515       -1.25095679141569
H           -2.29081821413614        0.37334237339625        1.59882103947697
H           -3.59503575579759       -0.64363324732776        0.98760738227992
H           -4.09694082742366        1.02750411547805       -0.77538119118945
H           -2.80868544103978        2.06778424115431       -0.17143394083289
H           -5.25221467239619        1.18122278784884        1.42373748773536
H           -3.95873299954144        2.21062361231559        2.03482312924513
H           -4.48622506251731        3.91235917398819        0.30104246160930
H           -5.77260708741551        2.88150400714579       -0.32411350082440
H           -6.69288607927946        4.62849152829114        1.18220925782017
H           -6.95586951089988        3.02494975078725        1.86873079915655
H           -5.66847804849316        4.05224839019207        2.49771358015660
74
 energy: -94.779689039436 gnorm: 0.003171206762 xtb: 6.7.1 (edcfbbe)
C           -7.56585579787463       -4.82221552651054        0.00578321864035
C           -6.37013319117309       -4.98661335335394       -0.52594522906576
C           -5.43455798174922       -3.86720638231646       -0.85149289680014
C           -4.05367320853947       -4.10305585076814       -0.26245074421358
O           -3.59462850010139       -5.15128517855950        0.07689703832560
O           -3.41403537385756       -2.91513178608715       -0.21293440457408
N           -2.09142525241057       -2.98161304729116        0.29461967895032
C           -1.43576591033754       -1.90682481467960        0.22940745754810
C           -0.02097406240987       -1.85209761837395        0.71303134007857
C            0.34425728424358       -0.36909317175361        0.64604526056213
C           -0.55169942451967        0.21009239934491       -0.45653170027646
C            0.04104964502351       -0.00248619952401       -1.85937502153272
C            1.39819803409751        0.63700847807777       -1.97174607972455
C            2.52283893506005       -0.06662388451337       -1.99355289221789
O            1.28622780221957        1.99515261298775       -2.00593067137088
C            2.46979854171971        2.77313718312721       -1.93122309992355
C            3.06424584885287        2.73854151165527       -0.55318157690956
C            4.32532953013194        2.52830538564802       -0.19181377984565
C            5.46695374264741        2.28337540008564       -1.12858526001819
C            4.68717081221772        2.51202420056969        1.27090615367294
C            4.65383780391163        1.08885911248672        1.86223536754884
C            5.83428406395120        0.27207235146575        1.44206792926151
C            5.85132317518790       -0.89241813288065        0.80447264684467
C            7.14850846738167       -1.57846077125194        0.48364261102482
C            4.64012855806547       -1.65112318496949        0.35260129963653
C           -1.86870743465345       -0.56419897896185       -0.29819487988827
C           -2.84031859032966        0.09013850984931        0.69797811873416
C           -3.54381337645411        1.31459512103698        0.11875286463493
C           -4.50751499196278        1.93020205934122        1.13069295946619
C           -5.22459224125364        3.15819860364681        0.57509120925289
C           -6.19333956500734        3.75316020308085        1.58982751487090
H           -7.95756312492687       -3.84571019940942        0.24212302787411
H           -8.20779321388219       -5.65802557024925        0.22350227879261
H           -5.99052974060978       -5.97458887336390       -0.74605918044935
H           -5.81513926931674       -2.90650674610152       -0.50240175671914
H           -5.29729948159583       -3.80277490909323       -1.93659553006014
H            0.60575035606737       -2.44685764717563        0.04655466870039
H            0.07527144963406       -2.27802421726652        1.71082316825077
H            0.11588168633748        0.11471983146998        1.59706371377595
H            1.39975074166208       -0.21242225769953        0.42976564500817
H           -0.69565895829395        1.28248643670077       -0.31381376534879
H           -0.62778066477369        0.45714354316730       -2.58990297265820
H            0.12290715326175       -1.06692006632229       -2.07620234754771
H            2.48143821520534       -1.13964868680172       -1.98594044431915
H            3.49983422807271        0.37359548450508       -2.02710784077435
H            2.13017347053175        3.79052769041063       -2.15908423826670
H            3.17662361626705        2.46078160013894       -2.70630180498587
H            2.32105162945226        2.90180221538171        0.21800773416850
H            5.87186487209945        1.28437462566624       -0.95458504516062
H            5.17751256356382        2.37519871532440       -2.17162235708144
H            6.26606100968385        2.99872004934383       -0.93120419229938
H            3.97879296374731        3.13032602449343        1.82513136085383
H            5.68626783611985        2.92880272454027        1.41038808462035
H            3.71393100972918        0.61195626176624        1.58728995108784
H            4.67608343609342        1.17897307533078        2.95279794036897
H            6.78425360071665        0.71564327950365        1.71981086978395
H            8.00015648484637       -1.00308984759195        0.83660019466678
H            7.17709266033586       -2.56367736003615        0.94784228137584
H            7.24525390987653       -1.72049135220198       -0.59295588877710
H            4.76996980792922       -1.97472658012477       -0.67982222674092
H            3.73514846556455       -1.05630204774573        0.41526938958359
H            4.51087460693492       -2.54490845737200        0.96464869274070
H           -2.39234525272234       -0.69085313455208       -1.25108101675343
H           -2.29421315603184        0.37326371703609        1.59982011774356
H           -3.59519982082231       -0.64548578948243        0.98441481225154
H           -4.09677578205786        1.02344267542741       -0.77736406953802
H           -2.80716218692540        2.06413712409709       -0.17713926654336
H           -5.24867315522785        1.18255280414990        1.42310476287630
H           -3.95408892955919        2.21369356756072        2.02922675175394
H           -4.48517406081391        3.91151881508442        0.29402232152805
H           -5.77171419258603        2.87877877448072       -0.32815755879254
H           -6.69169835052560        4.62728400964015        1.17755968160233
H           -6.95184772339907        3.02387693727026        1.86592426048334
H           -5.66440605174790        4.05299850949596        2.49191718299614
74
 energy: -94.779773384969 gnorm: 0.003553588786 xtb: 6.7.1 (edcfbbe)
C           -7.56852774823776       -4.81846073247329        0.01008905428738
C           -6.37113163102994       -4.98769728730791       -0.51624360158374
C           -5.43583666654075       -3.87100047421853       -0.85412263291242
C           -4.05131109379772       -4.10680965643649       -0.27402352814461
O           -3.58628628509155       -5.15661565505478        0.05253032925793
O           -3.41612849283640       -2.91697709387680       -0.21535713458895
N           -2.09287709688362       -2.98159793260262        0.29156877895477
C           -1.43660939851196       -1.90704797949210        0.22828086430385
C           -0.02250717198394       -1.85516929380531        0.71520608800538
C            0.34128291817834       -0.37119035811238        0.66019893999101
C           -0.54919872466769        0.21294901884436       -0.44410655311564
C            0.04547178993645        0.00237683184131       -1.84592043168600
C            1.40235346593724        0.64200658237540       -1.96339032209788
C            2.52630087306976       -0.06125525320417       -1.98364373597066
O            1.29039432830274        1.99852422431862       -2.01255662335556
C            2.47497685335372        2.77476502209496       -1.94008556063604
C            3.06494405451838        2.73796986691428       -0.56045401967450
C            4.32463964867212        2.53023682480764       -0.19309094851413
C            5.47408289513193        2.29820000786638       -1.12394604168285
C            4.67632465002154        2.50886762384061        1.27143995550380
C            4.65095891828079        1.08230662246716        1.85725424088823
C            5.83277223096218        0.27164129922435        1.43041751790045
C            5.85041771977244       -0.89503448851496        0.79643906866181
C            7.14779199757155       -1.57721013686822        0.46932664744515
C            4.63853316300395       -1.66098673010343        0.35763654732403
C           -1.86653305704711       -0.56163926692514       -0.29517767166112
C           -2.84350509378249        0.08761587110424        0.69895561288510
C           -3.54480897000657        1.31188932733693        0.11754248690010
C           -4.50681784493875        1.93121109895425        1.12831774940197
C           -5.22355093871957        3.15774139767779        0.56954702919604
C           -6.19126718802742        3.75470754855399        1.58420659649429
H           -7.96276413148237       -3.83946666008664        0.23216041970011
H           -8.21137210082212       -5.65160158924135        0.23623498344124
H           -5.98802030889833       -5.97689752314352       -0.72400788398193
H           -5.81185117550789       -2.90745307051526       -0.50832335444468
H           -5.30605657550084       -3.81383115999174       -1.94073063617480
H            0.60613686608965       -2.44315093057750        0.04413092039345
H            0.07280241213527       -2.28955565951248        1.70944464212924
H            0.10556950035202        0.10605858914812        1.61325696509351
H            1.39825911136263       -0.21076582545012        0.45243682439057
H           -0.69241345006683        1.28515198983828       -0.29747636529829
H           -0.62298361740004        0.46316103135661       -2.57573246401426
H            0.12649739749677       -1.06178250872130       -2.06275948981024
H            2.48359339196917       -1.13393467735764       -1.96352676877530
H            3.50403219716870        0.37804596865167       -2.02434224509028
H            2.13893309618605        3.79221717158047       -2.17014804669083
H            3.18209222619763        2.45862114329710       -2.71324722062497
H            2.31670790059488        2.89208892970972        0.20787648163352
H            5.89873566151138        1.31133438827785       -0.93669336983831
H            5.18696613080882        2.37048628743721       -2.16834050656865
H            6.25586002629796        3.03296412851446       -0.93350027683732
H            3.95830289196180        3.11746050544547        1.82378726627151
H            5.67093052873822        2.93251436275498        1.42085669856822
H            3.71194412319697        0.60238001905516        1.58448168115308
H            4.67688188115352        1.16996335116620        2.94798077626624
H            6.78260978832612        0.72059844679992        1.70032296931125
H            7.99922321485394       -1.00138579616823        0.82169920038865
H            7.17850411573713       -2.56355082506572        0.93079446042638
H            7.24184767273204       -1.71612057374387       -0.60776623030430
H            4.76867518325674       -2.00325529647295       -0.66833166054084
H            3.73444064921728       -1.06426576478510        0.40899145310148
H            4.50855617862597       -2.54291654060895        0.98617923681072
H           -2.38589476026656       -0.68231260140462       -1.25112089492885
H           -2.30252082082715        0.36960425580615        1.60410177329620
H           -3.59829190239687       -0.64996880909716        0.97921869744902
H           -4.09839456944816        1.01944173833742       -0.77773073205266
H           -2.80666317484506        2.05909920183746       -0.18057337412302
H           -5.24785602582438        1.18469745835024        1.42357046406031
H           -3.95207915409122        2.21704150546824        2.02519240696398
H           -4.48404326988455        3.90999436366318        0.28620551675586
H           -5.77128786928524        2.87593239327278       -0.33247167931883
H           -6.69053232820804        4.62780700616526        1.17106568599593
H           -6.94870128073836        3.02519689711531        1.86253027116457
H           -5.66072373509434        4.05603784967370        2.48482652563833
74
 energy: -94.779834405904 gnorm: 0.004593223235 xtb: 6.7.1 (edcfbbe)
C           -7.56973578615393       -4.81263839989469        0.01481122908361
C           -6.37014023400293       -4.98813100577901       -0.50445717282214
C           -5.43600848842773       -3.87434667654743       -0.85770880069264
C           -4.04715739313811       -4.10928707274644       -0.28670393946665
O           -3.57619316118980       -5.16265401817219        0.02220331878435
O           -3.41802049436400       -2.91723423597521       -0.21543683507786
N           -2.09339501892380       -2.98175746832133        0.28840250518618
C           -1.43714908763388       -1.90701340499629        0.22588144506607
C           -0.02288051205647       -1.85868875524550        0.71452266071201
C            0.33977431284519       -0.37406297777201        0.67189754088602
C           -0.54714361397763        0.21572988605811       -0.43221279227876
C            0.04947655037245        0.00642763614780       -1.83352647563916
C            1.40687943496861        0.64484291496133       -1.95334049201033
C            2.53283908046773       -0.06002942329149       -1.96237295211950
O            1.29343615467065        2.00031019707485       -2.02068178405168
C            2.47915548268943        2.77453663538655       -1.94665324063241
C            3.06396800374904        2.73485462588072       -0.56514677513748
C            4.32325429986874        2.53520429249398       -0.19228531863970
C            5.48039865427045        2.31575066915902       -1.11658716231999
C            4.66540443024774        2.50746761615636        1.27413855180648
C            4.64782182954381        1.07601457281092        1.84939063833430
C            5.83090219051038        0.27251561569998        1.41334824275313
C            5.84895093678197       -0.89786806023342        0.78571854636944
C            7.14683848862510       -1.57518742305309        0.45036304562318
C            4.63637821382320       -1.67279965774956        0.36360519337091
C           -1.86501960656736       -0.55919811438999       -0.29213070986039
C           -2.84789609679811        0.08468298085893        0.69976089218052
C           -3.54714756968086        1.30919619387990        0.11674524636931
C           -4.50703123803880        1.93311578592562        1.12625153635434
C           -5.22344319153033        3.15791395593882        0.56368676850532
C           -6.18968250509817        3.75797582147807        1.57779937855751
H           -7.96610766268854       -3.83010720069429        0.21873687630299
H           -8.21345675244713       -5.64228007831934        0.25189520825793
H           -5.98251380048077       -5.97911507865728       -0.69594913378883
H           -5.80778634657225       -2.90767558820214       -0.51632698690412
H           -5.31527075079113       -3.82666449748392       -1.94597229288441
H            0.60664140974654       -2.43927606284551        0.03759469959599
H            0.07134794573152       -2.30238101598303        1.70459287757676
H            0.10080874707500        0.09637327985644        1.62750506307818
H            1.39729730718004       -0.21098090924571        0.46900472994754
H           -0.68905760355462        1.28779752614906       -0.28217008517626
H           -0.61736522134495        0.46832207274442       -2.56405902134643
H            0.12801437254054       -1.05802185024794       -2.04983340421704
H            2.48850862411008       -1.13253244841555       -1.92927744230053
H            3.51211035910288        0.37663949776366       -2.00841389692940
H            2.14758249344101        3.79292903526422       -2.17801970026196
H            3.18745686580664        2.45590103524725       -2.71793180827002
H            2.31101997985487        2.87834031301022        0.20082008753755
H            5.93141726557669        1.34313291881138       -0.90529884854062
H            5.19262981058043        2.35710821314960       -2.16472806340929
H            6.24121194305660        3.07824725133659       -0.93992108342417
H            3.93785969073853        3.10541141761247        1.82589349575170
H            5.65511402574721        2.93891178045500        1.43423337112313
H            3.70963933555039        0.59459130761658        1.57592183725023
H            4.67616777583193        1.15570079108171        2.94095015479552
H            6.78053793883011        0.72865915598036        1.67204809392157
H            7.99848504085301       -0.99840586427489        0.80125642300721
H            7.18152752407002       -2.56297319939174        0.90894286191782
H            7.23742725454952       -1.71031012379255       -0.62755751656723
H            4.76741796568132       -2.03948238382030       -0.65437209949594
H            3.73308547169185       -1.07306051773392        0.39966895647734
H            4.50420668149605       -2.53949490578192        1.01345911506549
H           -2.37961136289032       -0.67300062033418       -1.25145320750779
H           -2.31246468481341        0.36490002851415        1.60888428447175
H           -3.60289031824180       -0.65496398703750        0.97355331977204
H           -4.10208843079163        1.01575736640459       -0.77748596261106
H           -2.80740449210332        2.05382436383097       -0.18418429816573
H           -5.24829400874282        1.18825804423512        1.42529609540575
H           -3.95100438927306        2.22189698364945        2.02141063048212
H           -4.48385122455862        3.90884494625629        0.27696588367302
H           -5.77209969588512        2.87326219592314       -0.33689663750090
H           -6.68992523821281        4.62984331085851        1.16329628626724
H           -6.94629415739044        3.02878501649468        1.85931385215108
H           -5.65746375392045        4.06164577427825        2.47668681903840
74
 energy: -94.779892049269 gnorm: 0.003314443787 xtb: 6.7.1 (edcfbbe)
C           -7.56751482296310       -4.80703228433524        0.01890541141996
C           -6.36779616406116       -4.98637308477955       -0.49827983976458
C           -5.43483211408994       -3.87466216859433       -0.86209378579518
C           -4.04330566898674       -4.10865243795920       -0.29603838360661
O           -3.57366152257548       -5.16268964739950        0.00910434841108
O           -3.41524675972088       -2.91737624666380       -0.22190969231442
N           -2.09085876914083       -2.98284446504036        0.28207918918605
C           -1.43670964471285       -1.90645757841424        0.22298982560945
C           -0.02184839702301       -1.85959059428211        0.71210296063073
C            0.33781547086490       -0.37416500352043        0.67961477209766
C           -0.54767595465998        0.21790991952398       -0.42410076105461
C            0.05007833052328        0.00459487084775       -1.82457510943942
C            1.40717980639327        0.64262571907723       -1.95117882654900
C            2.53210342077804       -0.06311328077242       -1.97382972362364
O            1.29299590985337        1.99735284688597       -2.01924760552626
C            2.47917676199799        2.77117250346830       -1.94621921094940
C            3.06308555666963        2.72953960605411       -0.56468495925574
C            4.32333596306422        2.53979855260275       -0.19059238029374
C            5.48344889917218        2.33225503852998       -1.11323752173833
C            4.66156877345224        2.50819212233173        1.27665886306330
C            4.65191405895522        1.07422272628828        1.84437016671362
C            5.83512263505237        0.27463188677108        1.40184152116235
C            5.85224700131203       -0.90107042492958        0.78379724971474
C            7.14970907233632       -1.57812615858403        0.44632489786017
C            4.63904406834007       -1.68151794052853        0.37403707227722
C           -1.86613335077288       -0.55735423928028       -0.28868850970192
C           -2.85396717517876        0.08114141715629        0.70192374780120
C           -3.55136988645090        1.30717373580897        0.11958023388359
C           -4.51065152180797        1.93417142162730        1.12753996650796
C           -5.22506690670847        3.15840812024224        0.56120643190441
C           -6.19030018633584        3.76322670179409        1.57314428675483
H           -7.96306875908228       -3.82268778883144        0.21356357424810
H           -8.21158448298681       -5.63402267335620        0.26371740271446
H           -5.97877664837765       -5.97809194856587       -0.68118587873934
H           -5.80455860707082       -2.90619137079067       -0.52359408878881
H           -5.32033616426693       -3.83336900453528       -1.95106961455519
H            0.60888958265279       -2.43320878892595        0.03039262051515
H            0.07172162547937       -2.31068569386143        1.69857735298793
H            0.09596199719623        0.09034165146342        1.63705652978457
H            1.39522377448600       -0.20749896221667        0.47988918929461
H           -0.68816636510977        1.29014192131736       -0.27467288428734
H           -0.61709108228514        0.46238859416841       -2.55769515310815
H            0.12735930106033       -1.06107173477286       -2.03633291824106
H            2.48552382133473       -1.13498037249893       -1.94065582164284
H            3.51225614708428        0.37041780038644       -2.03214166625123
H            2.14975032741416        3.79079432061449       -2.17653627850014
H            3.18666055948196        2.45286274752963       -2.71852303227605
H            2.30812590838123        2.86297016247068        0.20117865211238
H            5.94105371053624        1.36715743084808       -0.90176544058560
H            5.19846143689099        2.37011591881081       -2.15940751149926
H            6.23590808921025        3.09940494625429       -0.93903768069725
H            3.92739183691483        3.09800388331475        1.82874464059571
H            5.64689836885004        2.94792006357775        1.44265229821544
H            3.71383285996867        0.59175492879316        1.57194537405585
H            4.68333768315050        1.14790736808159        2.93650694006496
H            6.78477332078609        0.73593518267502        1.65082200272351
H            8.00212106927878       -1.00278449465137        0.79854990376614
H            7.18380872167485       -2.56680882362886        0.90333765907022
H            7.24097500481117       -1.71122711650150       -0.63180101880728
H            4.76763252684033       -2.05900851607131       -0.63945787335163
H            3.73528755604664       -1.08256744028350        0.40483753244504
H            4.50819148971326       -2.54012007177507        1.03322233647024
H           -2.37749575146805       -0.66616211001287       -1.25031341968521
H           -2.32374458924519        0.35793717820414        1.61543695461279
H           -3.60960145203337       -0.66053626337197        0.96899089514249
H           -4.10684369520918        1.01477750412116       -0.77484451137091
H           -2.80997143106039        2.05009075133304       -0.18172081835326
H           -5.25325232006609        1.19112723875179        1.42822484185376
H           -3.95508137704453        2.22454048516545        2.02255428872325
H           -4.48423958956703        3.90728105620512        0.27186971097840
H           -5.77402172637773        2.87199647358918       -0.33875333804564
H           -6.68965707721569        4.63433607113547        1.15590867257074
H           -6.94786950264336        3.03599350502361        1.85734812034782
H           -5.65767298171773        4.06943435689666        2.47099864286711
74
 energy: -94.779937446769 gnorm: 0.002154791653 xtb: 6.7.1 (edcfbbe)
C           -7.56623165509214       -4.80227344494880        0.02110794703755
C           -6.36602133981757       -4.98469730121594       -0.49385969481225
C           -5.43364644772982       -3.87501183433694       -0.86454590890333
C           -4.04066439659929       -4.10863282488535       -0.30146466000361
O           -3.56935826124317       -5.16404013896597       -0.00264981328457
O           -3.41459850620398       -2.91672630691761       -0.22179080101353
N           -2.08995511530726       -2.98430424033452        0.28074436301524
C           -1.43653565021465       -1.90738438339806        0.22339933751536
C           -0.02092310817805       -1.86113957343723        0.71057533617537
C            0.33776092765960       -0.37573356801555        0.68041296316695
C           -0.54804280149054        0.21679176821763       -0.42258590372845
C            0.05009366178673        0.00267515439222       -1.82322157244517
C            1.40716851638123        0.64010190580090       -1.94988361031824
C            2.53062029132807       -0.06600408524948       -1.97394128553003
O            1.29370788566782        1.99523840097284       -2.01939759746986
C            2.47975917674598        2.76926960875432       -1.94435078431471
C            3.06189860631025        2.72743117258649       -0.56218681458388
C            4.32273131416169        2.54343565872174       -0.18757167352401
C            5.48399438141815        2.34248634003483       -1.10971483754398
C            4.66078622868989        2.50872425261578        1.28000956732094
C            4.65315506006405        1.07311693673949        1.84127298220069
C            5.83630377595358        0.27521225155196        1.39476337138067
C            5.85316289574039       -0.90283035002992        0.78135964290995
C            7.15069286691895       -1.57809979060513        0.43968338600325
C            4.63987962906387       -1.68713861037208        0.38000588503858
C           -1.86714779762794       -0.55849344160456       -0.28706689536514
C           -2.85617514947186        0.08009465042459        0.70223922088980
C           -3.55338319510544        1.30669758204867        0.12016237802759
C           -4.51232007022999        1.93513658309174        1.12778640666355
C           -5.22642608750368        3.15900105066210        0.55989013281631
C           -6.19097345777673        3.76688209845164        1.57047677896795
H           -7.96200555957624       -3.81667246883668        0.20849566618613
H           -8.20921749384857       -5.62821555242466        0.27154535825817
H           -5.97686139731801       -5.97778963532371       -0.66918488574361
H           -5.80234747755031       -2.90517578942642       -0.52865449756112
H           -5.32242320419986       -3.83816412440536       -1.95386367292951
H            0.60898524715110       -2.43307268888131        0.02705138324798
H            0.07372925813428       -2.31419635688846        1.69580643481087
H            0.09550773812283        0.08711641049555        1.63821899286570
H            1.39482267462009       -0.20818030201217        0.48056006012747
H           -0.68844660098194        1.28898837312557       -0.27368335860496
H           -0.61740792751455        0.46004295365791       -2.55668362657569
H            0.12687843216003       -1.06327259653729       -2.03521463265480
H            2.48428498769165       -1.13830938635603       -1.93622499491462
H            3.51167621933251        0.36586768323134       -2.03008993172557
H            2.15034254302285        3.78929642410882       -2.17494070926778
H            3.18825204051879        2.45180320484181       -2.71631989651695
H            2.30590486252004        2.85700618185147        0.20315410667571
H            5.95423019378153        1.38347571200002       -0.89025095187380
H            5.19628385605846        2.36873043313265       -2.15653940268071
H            6.22813725472633        3.12136530770721       -0.94233494114566
H            3.92539202053849        3.09542471066431        1.83377699801972
H            5.64487474090452        2.95089691667032        1.44730145121320
H            3.71520544735994        0.59132861565122        1.56696864835152
H            4.68481843782902        1.14092084018551        2.93385524242894
H            6.78585420099264        0.73917404292209        1.63833499157468
H            8.00368249592940       -1.00249141861805        0.79053145430362
H            7.18765829819100       -2.56775589514830        0.89459329581326
H            7.23933052868756       -1.70885100086970       -0.63915082622950
H            4.76801107304849       -2.07510430377596       -0.62991376103831
H            3.73611456348014       -1.08741413995866        0.40510922662174
H            4.50832340229366       -2.53910215114860        1.04802096210358
H           -2.37759549650882       -0.66795474511234       -1.24909573730143
H           -2.32715812571999        0.35620159730789        1.61674306264440
H           -3.61236109839499       -0.66158149611970        0.96835892037550
H           -4.10938721227302        1.01470197022849       -0.77414454756941
H           -2.81168303681805        2.04920303728065       -0.18139511274954
H           -5.25539058441811        1.19297790989655        1.42981755899875
H           -3.95668418491669        2.22662730082695        2.02248791698231
H           -4.48525569423199        3.90695205516486        0.26873120720066
H           -5.77592780451711        2.87152076847026       -0.33950143434698
H           -6.68962990768205        4.63744106874326        1.15109036865818
H           -6.94944883001649        3.04130856356197        1.85664744776846
H           -5.65838105891438        4.07514644937361        2.46769014266981
74
 energy: -94.780000642177 gnorm: 0.003190641905 xtb: 6.7.1 (edcfbbe)
C           -7.56336410136584       -4.79287999241203        0.02511370814325
C           -6.36280616013609       -4.98083082829178       -0.48718302535621
C           -5.43098100501653       -3.87536431227339       -0.86914110185958
C           -4.03698984883724       -4.10861378543123       -0.30837222113985
O           -3.56229296457410       -5.16616953864226       -0.02025190548930
O           -3.41384644870844       -2.91611236255899       -0.21973917127479
N           -2.08833851772687       -2.98713465414460        0.27968066637657
C           -1.43622350265114       -1.90939587235276        0.22486157336247
C           -0.01921213583651       -1.86287212646450        0.70708555925169
C            0.33833921542625       -0.37768296140414        0.67559045829869
C           -0.55015675182776        0.21371878337520       -0.42572457882029
C            0.04721886112067       -0.00244330372944       -1.82709119907075
C            1.40482950404103        0.63336427326746       -1.95088558509378
C            2.52815934584188       -0.07428872389390       -1.96986337873412
O            1.29287120045645        1.98990700979369       -2.01756254082211
C            2.47813126592055        2.76477431157748       -1.93635399472622
C            3.05856463294692        2.72340581829805       -0.55352444470425
C            4.32110421062779        2.54958578472189       -0.18040425703329
C            5.48233764073218        2.36025786280762       -1.10411509766933
C            4.66307168063357        2.50996490949850        1.28685751120518
C            4.65628665058302        1.07191474603299        1.83696471956662
C            5.83930167159374        0.27648269973306        1.38397234401831
C            5.85570392782247       -0.90528166804461        0.77836248042149
C            7.15315724048233       -1.57735756169225        0.42898578607176
C            4.64234316401081       -1.69606038140461        0.39171261608806
C           -1.86980774109383       -0.56159860213068       -0.28538870708500
C           -2.85842191065779        0.07936762856725        0.70274199379602
C           -3.55624120623330        1.30663384425356        0.12141788622124
C           -4.51542865494922        1.93636637588806        1.12869811347568
C           -5.22918102629903        3.15983103962165        0.55851854444030
C           -6.19259678293662        3.77375088944301        1.56643488616108
H           -7.95930769278827       -3.80532243321989        0.20077224461353
H           -8.20427841190907       -5.61706945926929        0.28496552733314
H           -5.97425748368360       -5.97642444169649       -0.64971871837240
H           -5.79794837938001       -2.90290636669434       -0.53859424610341
H           -5.32315350274517       -3.84613208213212       -1.95877705586194
H            0.60803823268245       -2.43496914907098        0.02194156654753
H            0.07900714185990       -2.31610697653690        1.69160320854097
H            0.09800155662838        0.08496807515515        1.63343750285396
H            1.39441594572238       -0.20997318235237        0.47241687550830
H           -0.69074732962368        1.28594419541798       -0.27911818845473
H           -0.62056909854733        0.45378646361142       -2.56141628983669
H            0.12412911213966       -1.06878728587750       -2.03861247569101
H            2.48192519368047       -1.14682210200551       -1.93459643110479
H            3.50992847783879        0.35588914558217       -2.01981368006992
H            2.14693093188036        3.78491320309667       -2.16690749102582
H            3.18922182961443        2.45026044916626       -2.70749250636190
H            2.30188260089483        2.84654829311714        0.21185284220143
H            5.97050795759544        1.41103806696138       -0.87734726047484
H            5.19014040297383        2.37188567589243       -2.15028710987075
H            6.21478526200854        3.15351450923148       -0.94643391216899
H            3.92950614472969        3.09420230044670        1.84530127735817
H            5.64721569665142        2.95256036315207        1.45238735342396
H            3.71864616187023        0.59229635920118        1.55760839052601
H            4.68735302795379        1.12872369206650        2.93017539855510
H            6.78877062988139        0.74498061131392        1.61792126485258
H            8.00699087744709       -1.00102563596391        0.77688550946739
H            7.19525780652715       -2.56854973794811        0.88002808933807
H            7.23624336708118       -1.70411515060684       -0.65105017739221
H            4.76902841571583       -2.10105413903244       -0.61211155439476
H            3.73841501460213       -1.09558362107977        0.40846746485349
H            4.51057192196514       -2.53710802328823        1.07403663013708
H           -2.38107147482493       -0.67540497781248       -1.24653443007296
H           -2.32924055883293        0.35536312999136        1.61718084920547
H           -3.61533030724574       -0.66162265237237        0.96962072983128
H           -4.11273344854413        1.01521028269117       -0.77282235856139
H           -2.81475104799638        2.04936076254459       -0.17990037866961
H           -5.25907768487000        1.19525581581811        1.43211440197293
H           -3.96002816553958        2.22940658802682        2.02312897439690
H           -4.48731422805178        3.90603958138273        0.26432482544285
H           -5.77978791706432        2.87055258268275       -0.33975769707702
H           -6.68931066344874        4.64337659689620        1.14245182392495
H           -6.95322801928822        3.05176341595931        1.85611133236168
H           -5.66030974895743        4.08589795555331        2.46252206305749
74
 energy: -94.780043310342 gnorm: 0.003245115659 xtb: 6.7.1 (edcfbbe)
C           -7.56223336702355       -4.78390911874476        0.02969179522529
C           -6.36171792823460       -4.97772083756135       -0.48070745510114
C           -5.42906722237129       -3.87715688924691       -0.87427627926113
C           -4.03419811368475       -4.11056684495607       -0.31639150176974
O           -3.55713233421815       -5.16803188005425       -0.03421982928142
O           -3.41347816119433       -2.91775099759841       -0.22006575469621
N           -2.08808089756392       -2.98908390005385        0.27967227940741
C           -1.43665720355937       -1.91092002319511        0.22630850623061
C           -0.01895596192446       -1.86364669978984        0.70545296366217
C            0.33781751411703       -0.37829275355204        0.67247058157763
C           -0.55236376485278        0.21141995460660       -0.42840937090190
C            0.04410663796847       -0.00657736407244       -1.82994521625739
C            1.40227777469212        0.62834272130810       -1.95155544749982
C            2.52506410950262       -0.07935799610063       -1.96997841200332
O            1.29154454349049        1.98539120643526       -2.01303370981456
C            2.47583560732076        2.76102616796504       -1.92902906088431
C            3.05578493488403        2.71915279420278       -0.54604723658257
C            4.32005765341484        2.55428098908543       -0.17479925427454
C            5.48169842692574        2.37731594427074       -1.10058494310499
C            4.66494732252326        2.51025464170704        1.29198931193825
C            4.65954704529758        1.06974305964803        1.83412330080441
C            5.84273256113322        0.27730613363743        1.37552730575960
C            5.85877636863457       -0.90754943382524        0.77612745964630
C            7.15585821796219       -1.57652656094257        0.41944801195903
C            4.64499760700400       -1.70467154751729        0.40359928795370
C           -1.87204423617828       -0.56356848011993       -0.28441794880328
C           -2.85963641896506        0.07894424619137        0.70385664293577
C           -3.55769680776874        1.30626815498098        0.12238309270444
C           -4.51747548695872        1.93685370562725        1.12903910172447
C           -5.23061235057542        3.15977973724121        0.55631514801134
C           -6.19293645202676        3.77897578414672        1.56221535854467
H           -7.95799128876958       -3.79457089541133        0.19504215093273
H           -8.20245626900085       -5.60574354034394        0.29865859859404
H           -5.97386884545230       -5.97535807457131       -0.63210057261527
H           -5.79249106764370       -2.90120839211589       -0.54964976281507
H           -5.32421080471782       -3.85632144525726       -1.96454440504527
H            0.60672703063338       -2.43618327019519        0.01916755959032
H            0.08243528196566       -2.31651573156991        1.68992954418167
H            0.09779978709800        0.08479845776934        1.63024596404124
H            1.39358181595480       -0.21007778401562        0.46796295234046
H           -0.69283532866185        1.28379487712992       -0.28349684204244
H           -0.62355003447554        0.44937049534005       -2.56458574237318
H            0.12107797214830       -1.07300992275051       -2.04075424954965
H            2.47886612539447       -1.15204882166033       -1.93876310041936
H            3.50690720757942        0.35107381202753       -2.01591879555264
H            2.14298620376177        3.78082062907914       -2.15895591609904
H            3.18841092041767        2.44855640030073       -2.69960562347324
H            2.29824027966923        2.83426340330614        0.21986118439659
H            5.98566920363511        1.43697579474383       -0.86904031978906
H            5.18639223527924        2.37725089974300       -2.14612431655472
H            6.20222460790022        3.18331815367262       -0.94936854036192
H            3.93237682736991        3.09201946697889        1.85444697970719
H            5.64950271534661        2.95246251934625        1.45641574376725
H            3.72239110372093        0.59093681518278        1.55193571715939
H            4.69103288158548        1.11910877295925        2.92755824212086
H            6.79225924582660        0.75046786071651        1.60029011414199
H            8.01012223182932       -0.99964675292265        0.76505878733010
H            7.20151022507388       -2.56887018652980        0.86717102879072
H            7.23407903062371       -1.69992283963695       -0.66136645466551
H            4.76944525762695       -2.12423921950052       -0.59441069708645
H            3.74086558465626       -1.10445489558683        0.41385908236767
H            4.51486478674552       -2.53580448485735        1.09844343877326
H           -2.38478671075478       -0.68042738775760       -1.24462303649847
H           -2.32981403592496        0.35538542345527        1.61775267352231
H           -3.61674068716758       -0.66166313735189        0.97143802092494
H           -4.11401994682933        1.01467098888680       -0.77185276920854
H           -2.81632477346967        2.04913340710723       -0.17875596241147
H           -5.26133741661037        1.19627699818438        1.43303101534717
H           -3.96243269116469        2.23114828691277        2.02323766083724
H           -4.48800121949594        3.90419700536634        0.25951190846376
H           -5.78221538598873        2.86854808266673       -0.34071670358536
H           -6.68802021182026        4.64769120753976        1.13428167438240
H           -6.95506570380948        3.05979771622809        1.85492048911217
H           -5.66036575786305        4.09427539367662        2.45701637423032
74
 energy: -94.780098810771 gnorm: 0.003011289157 xtb: 6.7.1 (edcfbbe)
C           -7.56161732210198       -4.77015906132696        0.03785309738059
C           -6.36182994893477       -4.97357953499677       -0.47060733343501
C           -5.42692135228585       -3.88116620226789       -0.88160875934256
C           -4.03097583477694       -4.11529167103413       -0.32773886861762
O           -3.54716987256381       -5.17433892533912       -0.05997650401778
O           -3.41517565079711       -2.92078738476136       -0.21812733322295
N           -2.08876784171745       -2.99179332981181        0.27970179604547
C           -1.43814220807216       -1.91312694071971        0.22790083897949
C           -0.02019602076974       -1.86408026863775        0.70470738242454
C            0.33556081897368       -0.37833201183241        0.66864412287676
C           -0.55623931817801        0.20860914546737       -0.43255773087130
C            0.03920468859402       -0.01173716645624       -1.83391692274837
C            1.39829773517068        0.62234407840398       -1.95184991276506
C            2.52111871686445       -0.08501432139372       -1.96917199290807
O            1.28826931424093        1.97982899641072       -2.00496733184804
C            2.47135968687913        2.75612599279416       -1.91823907900393
C            3.05173631813594        2.71202518417147       -0.53535978560319
C            4.31857367930402        2.55973934548491       -0.16731010842387
C            5.48113121249525        2.40386397590188       -1.09660055132933
C            4.66755549599284        2.50924022979868        1.29840240952745
C            4.66468379161577        1.06524277139974        1.83120862241215
C            5.84808767640123        0.27799343220927        1.36397880998396
C            5.86368775831944       -0.91090284759498        0.77263012503473
C            7.15992828231828       -1.57500287515685        0.40439121719327
C            4.64916724803521       -1.71760328926728        0.42192047751407
C           -1.87526848248244       -0.56601109004553       -0.28392854610463
C           -2.86037192180881        0.07839656401484        0.70578726107827
C           -3.55864578533559        1.30521846541071        0.12340878075119
C           -4.51948148239119        1.93712572542728        1.12862726039567
C           -5.23155502699396        3.15889743407321        0.55170942103830
C           -6.19200853661982        3.78551993724880        1.55513460461827
H           -7.95686465937951       -3.77804466509671        0.18742360057748
H           -8.20253404662201       -5.58724073028382        0.31997967456892
H           -5.97539531391870       -5.97389623226199       -0.60646530767399
H           -5.78424157120662       -2.89992389295940       -0.56629618104480
H           -5.32674508944433       -3.87327477749075       -1.97282682618183
H            0.60435305673156       -2.43747516105356        0.01765941376259
H            0.08496731438900       -2.31539713760355        1.68978548595501
H            0.09526085244975        0.08635452200718        1.62590440075859
H            1.39126019530467       -0.20948935459687        0.46357270068941
H           -0.69644271470147        1.28133309920046       -0.28970699156320
H           -0.62745067403029        0.44460083879513       -2.56896129520785
H            0.11601661108595       -1.07812310942733       -2.04383921751941
H            2.47534180754621       -1.15803693766123       -1.94543369946616
H            3.50232277430172        0.34727365927317       -2.01062342999531
H            2.13697676533695        3.77545802022699       -2.14649845236793
H            3.18534454822025        2.44599748627381       -2.68824522418058
H            2.29327720314008        2.81352710656943        0.23190345472230
H            6.00655021597507        1.47705616824941       -0.86206914191368
H            5.18300371534630        2.39033448897177       -2.14021636275041
H            6.18310734928008        3.22663263149818       -0.95242703834018
H            3.93640716966034        3.08755732457892        1.86645590843816
H            5.65280213822167        2.95030743745133        1.46175318864036
H            3.72826395402757        0.58685922030580        1.54643669954824
H            4.69762481903905        1.10628776194682        2.92471916123160
H            6.79748832943093        0.75784629457567        1.57560221881744
H            8.01475963574704       -0.99706712469167        0.74628663355194
H            7.21082352319704       -2.56892472693942        0.84751979422862
H            7.23063648649054       -1.69356311068915       -0.67741680421767
H            4.77033969509107       -2.15931105481427       -0.56682509262674
H            3.74457677337950       -1.11812077966708        0.42239899313684
H            4.52265545477952       -2.53314575234782        1.13602729732696
H           -2.39086213836287       -0.68579976879683       -1.24249889701978
H           -2.32853289095444        0.35609122993433        1.61803321962278
H           -3.61724702288831       -0.66156223652380        0.97547722555947
H           -4.11426856115687        1.01268692424002       -0.77083947983314
H           -2.81735831255724        2.04813031393920       -0.17773820628880
H           -5.26343699805247        1.19703907921091        1.43310111451038
H           -3.96512516161684        2.23327394819019        2.02251847860376
H           -4.48784217843832        3.90048302831176        0.25085922486428
H           -5.78469293654269        2.86435877590781       -0.34320851849743
H           -6.68523752888148        4.65278276615672        1.12201246655025
H           -6.95561974299799        3.06982621765337        1.85234277402632
H           -5.65825866393770        4.10505385187207        2.44767939274154
74
 energy: -94.780141429446 gnorm: 0.002472131811 xtb: 6.7.1 (edcfbbe)
C           -7.56220379273637       -4.75605099217205        0.04625251967329
C           -6.36340947875939       -4.97027679377032       -0.46028067138676
C           -5.42515059365923       -3.88699187050012       -0.88974935670735
C           -4.02806341616453       -4.12127000382725       -0.34004391957324
O           -3.54032651481816       -5.17937345622435       -0.08094661222746
O           -3.41661574058957       -2.92575020599148       -0.21867859069353
N           -2.09099383761210       -2.99384325568992        0.28176946542765
C           -1.44056601582076       -1.91506628167120        0.22905110852059
C           -0.02309406188450       -1.86402001052895        0.70635823314804
C            0.33172462499865       -0.37789634896837        0.66756371253576
C           -0.56009530122257        0.20634663267243       -0.43519639130121
C            0.03550833980710       -0.01518945279908       -1.83591891092655
C            1.39496357684229        0.61902373532385       -1.95154913637915
C            2.51865456287718       -0.08744877160041       -1.96824690415458
O            1.28408116354674        1.97644691807111       -1.99736525512114
C            2.46658812544512        2.75267156390940       -1.90916256841327
C            3.04827885710149        2.70396835606070       -0.52669218102818
C            4.31733458636285        2.56326514560787       -0.16147847435781
C            5.48088925632635        2.42896535733138       -1.09386406884275
C            4.66907245610934        2.50678685485136        1.30305271867495
C            4.66968076193843        1.05984843128620        1.82990412723279
C            5.85289316897876        0.27754996006177        1.35464856468511
C            5.86817253760039       -0.91423992227322        0.76904367735370
C            7.16339845990862       -1.57325322413964        0.38861393713619
C            4.65314767197955       -1.72951538478357        0.43880597796354
C           -1.87811979509173       -0.56803250912693       -0.28421158118173
C           -2.86052109294728        0.07772396650084        0.70750904753688
C           -3.55860451308416        1.30356466181030        0.12347584941226
C           -4.52016653690951        1.93707858505048        1.12688842584714
C           -5.23112686064539        3.15743595041210        0.54584117372347
C           -6.18941285873077        3.78986701252334        1.54787832974509
H           -7.95544063096233       -3.76118249562961        0.18165736729046
H           -8.20560880181334       -5.56706501418501        0.34104694561238
H           -5.97898372477562       -5.97315667495609       -0.58195843524041
H           -5.77533995767559       -2.89956862117531       -0.58565574707700
H           -5.33008781117950       -3.89473719934810       -1.98192266554767
H            0.60216790918926       -2.43800123679036        0.01997843508313
H            0.08337020773109       -2.31317490184977        1.69243250450375
H            0.09009788872851        0.08867622693367        1.62391128317395
H            1.38774306228682       -0.20868888153136        0.46374213597834
H           -0.70033098288382        1.27940614133366       -0.29379660900448
H           -0.62956540137375        0.44208157249941       -2.57136971227982
H            0.11189439232048       -1.08139564894164       -2.04553873916280
H            2.47400752313871       -1.16065913359948       -1.95032675298125
H            3.49931106588282        0.34729672562140       -2.00524050738022
H            2.13227691488339        3.77219204038237       -2.13433332407068
H            3.18069697390610        2.44453694227620       -2.67957606675985
H            2.28938864989711        2.79113662290499        0.24216672229525
H            6.02783717541765        1.51555081796692       -0.85588746008784
H            5.18038427717517        2.40208613156797       -2.13652098136612
H            6.16307126325381        3.26923865874265       -0.95597135238944
H            3.93835445148907        3.08142875615280        1.87540242554479
H            5.65427429077750        2.94751212136085        1.46669282961872
H            3.73365054871161        0.58099453506284        1.54526180474636
H            4.70537900676254        1.09637775701869        2.92329997872805
H            6.80199037168808        0.76339466595405        1.55418675694984
H            8.01897400460434       -0.99399294512151        0.72617776275299
H            7.21992193750904       -2.56855743036599        0.82783020315317
H            7.22633062014439       -1.68749932509154       -0.69407586310393
H            4.77134583741500       -2.19122596207481       -0.54058167943728
H            3.74784368818243       -1.13151706718868        0.43032282501561
H            4.53081995227004       -2.52988358191511        1.17021654222098
H           -2.39624004580362       -0.68828119466266       -1.24138424673429
H           -2.32621893946262        0.35703255622821        1.61773309641753
H           -3.61681010383913       -0.66151490645970        0.98009156021683
H           -4.11341960033132        1.00960301868316       -0.77072473138293
H           -2.81711308380516        2.04607192676694       -0.17823157805259
H           -5.26415572189986        1.19738819012401        1.43188765977052
H           -3.96644042310217        2.23497840337654        2.02048255016018
H           -4.48655139242299        3.89642679676784        0.24106155398866
H           -5.78579062258790        2.85970524181351       -0.34695210050070
H           -6.68193792717438        4.65573929504367        1.11133524083614
H           -6.95335338061877        3.07635125081814        1.84920231535160
H           -5.65366120080665        4.11257117809102        2.43801762958392
74
 energy: -94.780172981332 gnorm: 0.002320810299 xtb: 6.7.1 (edcfbbe)
C           -7.56272328139991       -4.74383923832365        0.05382808142136
C           -6.36542684353755       -4.96774441268530       -0.45178984541003
C           -5.42426214628925       -3.89244470151323       -0.89562475103417
C           -4.02631690702277       -4.12650081680559       -0.34848092875584
O           -3.53282810389648       -5.18609383163810       -0.10276943314151
O           -3.41963252128388       -2.92925837324295       -0.21614767319296
N           -2.09355745231385       -2.99578538427880        0.28337880033857
C           -1.44334955861759       -1.91688740189950        0.22947231662822
C           -0.02679912241372       -1.86402335827274        0.70957326870689
C            0.32757548768535       -0.37773899569704        0.66867100249592
C           -0.56314674077684        0.20432695464756       -0.43617259315829
C            0.03379606332863       -0.01737652377719       -1.83605420249761
C            1.39334341724150        0.61774048434638       -1.94854618788469
C            2.51776670435252       -0.08738708297095       -1.96639024951957
O            1.28043183228860        1.97511005361984       -1.99084939984672
C            2.46280812192489        2.75105253115604       -1.90235129910601
C            3.04612970293940        2.69715645072997       -0.52054156289115
C            4.31657898163750        2.56500138112871       -0.15732450004008
C            5.48028312625687        2.44879751406493       -1.09212040714979
C            4.66985730938232        2.50375438192131        1.30628758845066
C            4.67414785715871        1.05508125987696        1.83024403600648
C            5.85668996298137        0.27654199036841        1.34803848388487
C            5.87158114332767       -0.91671594116567        0.76540742255940
C            7.16565978248107       -1.57151891991540        0.37441526173034
C            4.65652331801124       -1.73845726765826        0.45155641502761
C           -1.88042999411690       -0.57015428171788       -0.28518347368848
C           -2.86058477656369        0.07675042378736        0.70810891488752
C           -3.55828908435152        1.30156337101876        0.12224047955631
C           -4.51991778849332        1.93695694279325        1.12398759404221
C           -5.23007550618432        3.15603053866214        0.53984390101279
C           -6.18616485121261        3.79214615471397        1.54154388053414
H           -7.95337483471237       -3.74638743638279        0.17748721318649
H           -8.20916707593178       -5.54883701949467        0.35856689582668
H           -5.98359597586376       -5.97268656518661       -0.56303615040508
H           -5.76947834125311       -2.90068641044906       -0.60122348899097
H           -5.33365285278621       -3.91333308839826       -1.98798589509881
H            0.60031446622548       -2.43854388603413        0.02519503375695
H            0.07815096890954       -2.31100422880830        1.69677863501929
H            0.08432664309815        0.09074655120588        1.62381190181307
H            1.38402573945037       -0.20854778250308        0.46661763557268
H           -0.70390359804376        1.27759540616992       -0.29582025351468
H           -0.62977313260352        0.44092668388432       -2.57208444694482
H            0.10998990269220       -1.08339957532718       -2.04624442486318
H            2.47449568426254       -1.16055367921240       -1.95259442595068
H            3.49730899879460        0.34951806747891       -2.00242697595476
H            2.12935425102919        3.77142378372533       -2.12387188141856
H            3.17594068155326        2.44457703972302       -2.67426246386795
H            2.28733723827099        2.77170319511138        0.24969481312433
H            6.04351419591126        1.54665371709027       -0.85328342104032
H            5.17866191389148        2.41322635748935       -2.13390811225498
H            6.14600566330708        3.30165015812078       -0.95857079595883
H            3.93883104493235        3.07523054307755        1.88137271747402
H            5.65444690902931        2.94525120916225        1.47063785036651
H            3.73792813985067        0.57524019480380        1.54805620089729
H            4.71361903603070        1.09021992458710        2.92357146568449
H            6.80539803429166        0.76641951414047        1.53857758733826
H            8.02220251995332       -0.99068683747266        0.70708385830183
H            7.22788489930688       -2.56766948910903        0.81105145042792
H            7.22118686411590       -1.68293142498715       -0.70895508327464
H            4.77275576897683       -2.21711575128190       -0.51967189233426
H            3.75054854709211       -1.14150867510667        0.43526896891113
H            4.53708099788542       -2.52553756215222        1.19753404924951
H           -2.39990162347618       -0.68938588008644       -1.24155579523100
H           -2.32395798153025        0.35771865433523        1.61644022642827
H           -3.61642381414145       -0.66158346516048        0.98400748827053
H           -4.11265020620452        1.00622538327235       -0.77179688313429
H           -2.81643016019223        2.04336396690191       -0.18047163288445
H           -5.26406808025935        1.19782303571216        1.42995296331464
H           -3.96651659960602        2.23638929741481        2.01726494608917
H           -4.48504203803304        3.89311267977376        0.23169205338582
H           -5.78612095319719        2.85588241559636       -0.35121651284700
H           -6.67911459929762        4.65692083322562        1.10354841459480
H           -6.94959440728622        3.07960696492714        1.84629997965458
H           -5.64821096697276        4.11688927896226        2.42957907006903
74
 energy: -94.780197098182 gnorm: 0.001776731217 xtb: 6.7.1 (edcfbbe)
C           -7.56297710499221       -4.73243455409857        0.06027468881420
C           -6.36719294093855       -4.96558338583257       -0.44454768183013
C           -5.42358022251792       -3.89760300492587       -0.90142538717110
C           -4.02480279332838       -4.13060451423878       -0.35582181757987
O           -3.52874365108083       -5.19025525499492       -0.11779868249511
O           -3.42180070357500       -2.93258005226926       -0.21520927639323
N           -2.09644511939070       -2.99754335341711        0.28594213523165
C           -1.44625139119182       -1.91867857642882        0.23009751753354
C           -0.03069244071746       -1.86470598699496        0.71395646404413
C            0.32380606167200       -0.37852289144665        0.67138611510878
C           -0.56508862667524        0.20228347723266       -0.43558120632716
C            0.03411562909847       -0.01888101857122       -1.83460616636945
C            1.39278724837930        0.61799143531149       -1.94597219400634
C            2.51847090678171       -0.08572216611142       -1.96398705901172
O            1.27749052487487        1.97519949373970       -1.98706365111224
C            2.46004472809338        2.75072112545079       -1.89719845795626
C            3.04463853956743        2.69063992120350       -0.51615484167873
C            4.31595093209192        2.56486482340030       -0.15407818946479
C            5.47949002656047        2.46353182601208       -1.09031959470107
C            4.67002824787776        2.50067479170584        1.30897694712431
C            4.67836360582442        1.05129571163576        1.83169936830123
C            5.85974176577149        0.27534422651158        1.34300709434716
C            5.87385523286347       -0.91830329537611        0.76118046971526
C            7.16670142795970       -1.56976665941207        0.36115982241388
C            4.65894120022429       -1.74445696267341        0.45987566292445
C           -1.88211144085790       -0.57260760194585       -0.28613048469419
C           -2.86129747103526        0.07549846079402        0.70736004558014
C           -3.55847361610456        1.29941251223695        0.11957251976112
C           -4.51931408416584        1.93697676739715        1.12015951828080
C           -5.22908245731437        3.15512151172150        0.53420693433457
C           -6.18297046878870        3.79310404587813        1.53651061288352
H           -7.94979527119614       -3.73241309053440        0.17469142568742
H           -8.21223362667816       -5.53172929810033        0.37396878354404
H           -5.98854281767347       -5.97278139385094       -0.54701823436325
H           -5.76512323962297       -2.90187710887207       -0.61691092096622
H           -5.33649671210355       -3.93177528670613       -1.99356175688843
H            0.59864655876825       -2.44007897179431        0.03252127140504
H            0.07059191818552       -2.30974653760285        1.70230805671696
H            0.07941174747129        0.09162226777902        1.62532328351897
H            1.38060570175876       -0.20993155044278        0.47077116253218
H           -0.70684825845848        1.27558427464741       -0.29604136137270
H           -0.62868629957168        0.43943199790628       -2.57128899898101
H            0.11091314423802       -1.08480003317158       -2.04537831746373
H            2.47711954335115       -1.15896973395880       -1.94962601029078
H            3.49779229896659        0.35232670467434       -1.99767668625338
H            2.12765546905119        3.77253024570505       -2.11415483778871
H            3.17184613931546        2.44678423897855       -2.67151417873865
H            2.28621629415876        2.75536079401817        0.25491858764919
H            6.05731154277287        1.57123678892888       -0.85053426809290
H            5.17631890920671        2.42076896169630       -2.13154938213702
H            6.13101525656880        3.32782154341424       -0.96147355409897
H            3.93793571286515        3.06929853502110        1.88546110238424
H            5.65346108297799        2.94431280730920        1.47400802376370
H            3.74143465859394        0.57019780920739        1.55366516947563
H            4.72258823219438        1.08657965707535        2.92506973432995
H            6.80824060265407        0.76781435875176        1.52667358946583
H            8.02437527378457       -0.98713185823272        0.68825475529718
H            7.23458989023690       -2.56611516554484        0.79661371940569
H            7.21502402023624       -1.68005882748170       -0.72268394932048
H            4.77417860299246       -2.23726455454695       -0.50424852902498
H            3.75259320837757       -1.14778914903226        0.43627898939716
H            4.54031538659079       -2.52007078229529        1.21771134292533
H           -2.40143406315742       -0.69045097945552       -1.24247226775280
H           -2.32327352415479        0.35798908880595        1.61441753440628
H           -3.61703726042350       -0.66191659123134        0.98606595874747
H           -4.11298809081613        1.00286916453233       -0.77404178640405
H           -2.81615187689352        2.04022663690126       -0.18460404030466
H           -5.26374189331995        1.19867615040991        1.42774294310126
H           -3.96562258965618        2.23769507804901        2.01290291516587
H           -4.48395978093568        3.89100611048071        0.22333742049159
H           -5.78645928715234        2.85350659767867       -0.35554011619256
H           -6.67715220168117        4.65711133753504        1.09857647495803
H           -6.94539092726684        3.08070559426633        1.84412484756100
H           -5.64284501952796        4.11903331760196        2.42280270165110
74
 energy: -94.780210741464 gnorm: 0.000645198052 xtb: 6.7.1 (edcfbbe)
C           -7.56214776654637       -4.73006017676480        0.06086045570059
C           -6.36695328357989       -4.96461245664223       -0.44434307945353
C           -5.42353711579289       -3.89786975300415       -0.90281801210588
C           -4.02480602532989       -4.13008508245384       -0.35589028389707
O           -3.52926671171189       -5.18989677343048       -0.11703099021586
O           -3.42210129600384       -2.93227832488954       -0.21528735252746
N           -2.09696797318026       -2.99797044121903        0.28648347314920
C           -1.44676563742270       -1.91919648775987        0.23080793518728
C           -0.03131934155253       -1.86568772109821        0.71541836475903
C            0.32417751571826       -0.37987735692121        0.67221387720232
C           -0.56445423152088        0.20119141145923       -0.43475956849365
C            0.03557853022297       -0.02020905169546       -1.83357709374185
C            1.39362205358232        0.61770109840092       -1.94479974642241
C            2.51950719076732       -0.08537315095470       -1.96357412359336
O            1.27794303127683        1.97488018457650       -1.98735946437414
C            2.46007045529965        2.75103768074382       -1.89607243880185
C            3.04471187297187        2.69006508705683       -0.51540034255809
C            4.31602098064063        2.56450527482294       -0.15336365055463
C            5.47883081738254        2.46256729597923       -1.08977834910278
C            4.67044581248066        2.50086134127934        1.30994924699159
C            4.68012593425403        1.05209980526195        1.83270938313738
C            5.86068366812730        0.27568686063751        1.34264926684893
C            5.87387032457463       -0.91756991196053        0.76006552378642
C            7.16627601634342       -1.56958302561139        0.35976388819015
C            4.65857310491071       -1.74274872268828        0.45823707911836
C           -1.88210875786006       -0.57367193697456       -0.28606118136224
C           -2.86259183959415        0.07501878267212        0.70564500606726
C           -3.55964079070558        1.29907393410627        0.11765572344659
C           -4.51961221368056        1.93715163494095        1.11877113352375
C           -5.22964733315927        3.15576280513862        0.53389102731839
C           -6.18317338216906        3.79305696354734        1.53689054957463
H           -7.94715146259144       -3.72947973755611        0.17533945050513
H           -8.21100276477027       -5.52831948133824        0.37657803444669
H           -5.98975306282375       -5.97237728259685       -0.54641955171865
H           -5.76580840096406       -2.90203725877071       -0.62021222495793
H           -5.33599782007990       -3.93435051594742       -1.99427342197497
H            0.59805003481518       -2.44222955184184        0.03532273457933
H            0.06824636394866       -2.31025070446357        1.70417575692093
H            0.08071911893865        0.09064125679205        1.62595614956108
H            1.38075793328429       -0.21218012768702        0.47055034416867
H           -0.70651017872230        1.27437869805990       -0.29561969585996
H           -0.62804778753753        0.43654023416889       -2.57091184075256
H            0.11379533830540       -1.08629645096796       -2.04363343379819
H            2.47827349541512       -1.15847594720387       -1.94831648862440
H            3.49882282428417        0.35219698994005       -1.99910831072947
H            2.12658546621478        3.77316090154485       -2.11149465897231
H            3.17184958922843        2.44911478299351       -2.67154027483531
H            2.28631441068688        2.75457354840418        0.25551965001254
H            6.05708802517142        1.57041199359631       -0.85035148102300
H            5.17478397351632        2.42059181732157       -2.13126135138506
H            6.13066347446483        3.32656423450180       -0.96125459181079
H            3.93805479280778        3.06921323851241        1.88631010607043
H            5.65351781540741        2.94594809775866        1.47413649905770
H            3.74257277651425        0.57050414227505        1.55675777774094
H            4.72639813139173        1.08752740192862        2.92613923457209
H            6.80950299876278        0.76758282441501        1.52637115810229
H            8.02414774284332       -0.98635092734443        0.68487138280387
H            7.23501775233903       -2.56521137517457        0.79655513702225
H            7.21326598840070       -1.68175742774545       -0.72386328927815
H            4.77405262595278       -2.23697074392018       -0.50472393538524
H            3.75294042953402       -1.14531322940104        0.43281398959017
H            4.53767234445561       -2.51689857779504        1.21669356645960
H           -2.40007218641989       -0.69226777274821       -1.24310555158019
H           -2.32561774340986        0.35749618391948        1.61335371099046
H           -3.61879624987689       -0.66230963819959        0.98372107335843
H           -4.11482674453677        1.00262047985852       -0.77558312183560
H           -2.81726852647688        2.03957518215448       -0.18703135064577
H           -5.26420477774899        1.19931777281034        1.42711665252679
H           -3.96520668226484        2.23771898184508        2.01115901575876
H           -4.48469404302655        3.89198379468624        0.22323797493037
H           -5.78730821467035        2.85491906292678       -0.35602893936147
H           -6.67776682393667        4.65726668411667        1.09969451904616
H           -6.94544653140601        3.08050145438482        1.84459395530919
H           -5.64295705417056        4.11875720524493        2.42323120695117
74
 energy: -94.780231389042 gnorm: 0.001622025950 xtb: 6.7.1 (edcfbbe)
C           -7.55978080517261       -4.72263560896640        0.06618472722196
C           -6.36719788633622       -4.96211817295023       -0.44318208711995
C           -5.42330053646159       -3.89921252722957       -0.90787793069334
C           -4.02523087692128       -4.12960506239017       -0.35696356523765
O           -3.53127496099421       -5.18962361979856       -0.11532987650434
O           -3.42320945563588       -2.93232953145010       -0.21635713148228
N           -2.09905378275530       -2.99901056201341        0.28842440275795
C           -1.44842909243529       -1.92046078874780        0.23302443432677
C           -0.03371294571185       -1.86835448506154        0.72059183492084
C            0.32465049811848       -0.38340157277757        0.67499440651426
C           -0.56292882707064        0.19834451086450       -0.43248488840530
C            0.03943465260223       -0.02408811535411       -1.83034694744323
C            1.39565111546052        0.61685814762568       -1.94332952880139
C            2.52268892323154       -0.08426726538370       -1.96362014264917
O            1.27819423266021        1.97395099179331       -1.98774179026162
C            2.45900812445372        2.75194485118186       -1.89267107019635
C            3.04423938669730        2.68799586719311       -0.51284390758579
C            4.31581505898356        2.56280611228132       -0.15145743669188
C            5.47746433923332        2.46053633722524       -1.08844616194004
C            4.67153081866585        2.50088766741663        1.31211884066340
C            4.68538886920091        1.05364401117627        1.83634644173004
C            5.86393245602793        0.27669227625271        1.34201602071595
C            5.87426039481859       -0.91521693053220        0.75670998923601
C            7.16522859269320       -1.56891571234340        0.35474150749717
C            4.65702729984025       -1.73695316407661        0.45387312324400
C           -1.88201907767334       -0.57591321918757       -0.28619635706187
C           -2.86602172232485        0.07390257008069        0.70115343947300
C           -3.56243102934640        1.29800646783172        0.11185205319970
C           -4.52004987289332        1.93745501131389        1.11452613142429
C           -5.23069913561241        3.15722430559817        0.53239961514659
C           -6.18324154758434        3.79232898947003        1.53764561138346
H           -7.94106783158592       -3.72029074381506        0.17701378116049
H           -8.21033844204719       -5.51806582288292        0.38421951788996
H           -5.99423956225744       -5.97159677790822       -0.54411429332525
H           -5.76568174841563       -2.90188984910094       -0.63105242161478
H           -5.33395244908518       -3.94264890697651       -1.99840461569980
H            0.59611547760380       -2.44856274198641        0.04435725079508
H            0.06126430693106       -2.31071086195699        1.71089494289442
H            0.08365153481612        0.08884173471911        1.62825825906882
H            1.38119479040112       -0.21859536014690        0.47126384345473
H           -0.70512778245396        1.27144208134710       -0.29401974107736
H           -0.62547091075051        0.42834522287138       -2.56952796053040
H            0.12117747760860       -1.09055429944771       -2.03785263515067
H            2.48242657237556       -1.15738962102215       -1.94543868865716
H            3.50184873041042        0.35324877644013       -2.00083766005950
H            2.12274520245852        3.77450012679859       -2.10368161646546
H            3.17082183946500        2.45567016609853       -2.67067834590356
H            2.28622104092643        2.75289229876718        0.25830443514170
H            6.05554678395485        1.56789171714935       -0.85054885371794
H            5.17205030545900        2.41969426926614       -2.12991182295459
H            6.13058465851094        3.32372547264415       -0.96066775127803
H            3.93822952319822        3.06837073638895        1.88819466723345
H            5.65349955368525        2.94959048097339        1.47439308230010
H            3.74656552523360        0.57049404227779        1.56640369426781
H            4.73760165196536        1.09003955050603        2.92971741852413
H            6.81371650622664        0.76684936929841        1.52564779438847
H            8.02411131179085       -0.98390150008894        0.67370373767660
H            7.23590564897110       -2.56226784696021        0.79642789017823
H            7.20801279336180       -1.68692285168238       -0.72843119157851
H            4.77398457444570       -2.23547112641200       -0.50640520954267
H            3.75403531817248       -1.13563552916028        0.42249207633003
H            4.52963841100006       -2.50715133565014        1.21506506626965
H           -2.39626927879811       -0.69612634592623       -1.24518556540070
H           -2.33216095133383        0.35656296869824        1.61072090144998
H           -3.62321292641571       -0.66346419393652        0.97699281880865
H           -4.11935784986934        1.00115499969714       -0.78019154745966
H           -2.81987184235180        2.03752566991008       -0.19467288064841
H           -5.26487895910034        1.20054035522483        1.42462853321407
H           -3.96350876901230        2.23747215847447        2.00584008000225
H           -4.48621341320005        3.89431888967701        0.22247204987184
H           -5.78929922428827        2.85833998149717       -0.35769299465146
H           -6.67897411780064        4.65706008957610        1.10257225541633
H           -6.94493667818676        3.07908774892731        1.84538652781097
H           -5.64232000978456        4.11711502880349        2.42395323693970
74
 energy: -94.780247010459 gnorm: 0.002302108448 xtb: 6.7.1 (edcfbbe)
C           -7.55947915281283       -4.71265538138596        0.06894804483884
C           -6.36991837540191       -4.95908126395847       -0.44442885176172
C           -5.42297961369032       -3.90165389453155       -0.91513399743591
C           -4.02658348126043       -4.13053580351552       -0.35821389584252
O           -3.53417120376568       -5.19059161433335       -0.11325229884275
O           -3.42500507723937       -2.93362147229756       -0.21792151696426
N           -2.10212379138155       -3.00035141721842        0.29088104067091
C           -1.45069819854250       -1.92223372556699        0.23554667808326
C           -0.03752359440132       -1.87111580545922        0.72786891473776
C            0.32450057442069       -0.38709434626045        0.67860050396736
C           -0.56135180912735        0.19494688820579       -0.43023095093543
C            0.04347465409849       -0.02901977711985       -1.82670542009267
C            1.39794049097542        0.61557001373219       -1.93956438973155
C            2.52659287353539       -0.08292618171644       -1.96180211679977
O            1.27767196815836        1.97245324464291       -1.98566609718489
C            2.45672269136426        2.75298950289543       -1.88798160031446
C            3.04331830468007        2.68642373121349       -0.50897879375968
C            4.31533101318306        2.56122433593144       -0.14899721094340
C            5.47580306528561        2.45821226090700       -1.08724223057928
C            4.67295016203790        2.50097646815406        1.31437809507483
C            4.69198912375971        1.05498338024161        1.84105873359270
C            5.86852074424671        0.27807061379821        1.34165888189279
C            5.87529129072165       -0.91192437209198        0.75238740140628
C            7.16414478952590       -1.56795766985238        0.34755790029217
C            4.65504382195169       -1.72904137865584        0.44878251321085
C           -1.88163304105598       -0.57829361787383       -0.28696394617598
C           -2.86933886902786        0.07254040827923        0.69596061939827
C           -3.56498278381884        1.29639747698813        0.10490921705496
C           -4.52004420208384        1.93760517343044        1.10908004564402
C           -5.23133610828550        3.15843191490961        0.52986659386925
C           -6.18270207773341        3.79102938859525        1.53788886787297
H           -7.93326215109313       -3.70773243815205        0.18230094438348
H           -8.20937096592464       -5.50380126477169        0.39909132480462
H           -6.00090546201353       -5.97048601437686       -0.54056607805526
H           -5.76439869742244       -2.90156178807627       -0.64694213296528
H           -5.33052121854315       -3.95433249200376       -2.00497820596593
H            0.59348021100768       -2.45583688897753        0.05665150381021
H            0.05224692648360       -2.30989263955202        1.72033810436337
H            0.08573654615337        0.08791360914376        1.63103832830528
H            1.38140562126130       -0.22569077652698        0.47362321868533
H           -0.70313853612824        1.26815367504184       -0.29227716983318
H           -0.62192875012581        0.41900397996410       -2.56817192147989
H            0.12907845990664       -1.09587359564924       -2.03090227903444
H            2.48820249157494       -1.15622528258224       -1.94429343819159
H            3.50496340863054        0.35596798429644       -2.00334453295009
H            2.11723220537124        3.77550701284984       -2.09444503547032
H            3.16869844933024        2.46227432189471       -2.66800978824181
H            2.28607561363938        2.75045344338619        0.26305803941177
H            6.05303672150171        1.56461764522155       -0.85074315374494
H            5.16933662250394        2.41845665062918       -2.12844284021334
H            6.13032453305333        3.32038868948218       -0.95959383929446
H            3.93871360144638        3.06713691552997        1.89064202092772
H            5.65374756970626        2.95308641761738        1.47464688662247
H            3.75210591879810        0.56978431842000        1.57835963550713
H            4.75121855548122        1.09362498611543        2.93407974746894
H            6.81942614490378        0.76616949808297        1.52493959572968
H            8.02464987579654       -0.98087687758013        0.65839615276672
H            7.23706660541772       -2.55838327617531        0.79566273672029
H            7.20134335860223       -1.69333011823645       -0.73501933044850
H            4.77365760837887       -2.23374940301462       -0.50807354643356
H            3.75582129921801       -1.12230608627404        0.40936065365505
H            4.51919948589497       -2.49402404606375        1.21391175671668
H           -2.39216323429163       -0.69980454084481       -1.24783067961659
H           -2.33882894329687        0.35563612969259        1.60738307393326
H           -3.62734983067323       -0.66493461612982        0.96935751447788
H           -4.12380658395092        0.99863752260882       -0.78563225898026
H           -2.82220744491003        2.03466008050082       -0.20408219801116
H           -5.26493155109574        1.20144556957561        1.42085924904022
H           -3.96110765563500        2.23688613130899        1.99915600854960
H           -4.48737424386448        3.89638091348204        0.22074973952504
H           -5.79103114597839        2.86146536398605       -0.36017133964241
H           -6.67976825703761        4.65635713644513        1.10546699100977
H           -6.94347616904039        3.07671203619716        1.84547074994897
H           -5.64062118136033        4.11436503344208        2.42404688071893
74
 energy: -94.780262966922 gnorm: 0.001981603515 xtb: 6.7.1 (edcfbbe)
C           -7.55773861381266       -4.70348055810234        0.07611880551118
C           -6.37172887874042       -4.95627153185985       -0.44233586793837
C           -5.42268417492652       -3.90415115252325       -0.92110864350665
C           -4.02750889506835       -4.13235525213164       -0.36069979692840
O           -3.53635315799371       -5.19219921793252       -0.11208006694080
O           -3.42626566700071       -2.93543256009811       -0.22045662720256
N           -2.10488050876662       -3.00149717498967        0.29269280805673
C           -1.45275021606024       -1.92382242331698        0.23751640370978
C           -0.04111849193240       -1.87297834934897        0.73412943000553
C            0.32362829156188       -0.38962674948560        0.68160723230867
C           -0.56048804889221        0.19214446469606       -0.42886036327899
C            0.04640594785959       -0.03303413388021       -1.82407956432674
C            1.39964628394803        0.61426313490931       -1.93701272566973
C            2.52960036035462       -0.08200874458368       -1.96114310186913
O            1.27680376912127        1.97095889531653       -1.98226491343761
C            2.45435443682151        2.75363884916364       -1.88364479145151
C            3.04243773894207        2.68549561827274       -0.50524760712118
C            4.31485380112382        2.56007697936523       -0.14676884906232
C            5.47437813783675        2.45658252782381       -1.08637646181624
C            4.67437754458521        2.50116373662664        1.31611682680270
C            4.69744586398281        1.05579094767108        1.84484079646182
C            5.87256442799068        0.27922024708588        1.34158972626618
C            5.87647897325125       -0.90906771787569        0.74878205088416
C            7.16341488438105       -1.56705927322166        0.34120829766516
C            4.65357056192052       -1.72234444162672        0.44493040683116
C           -1.88141085444808       -0.58014826758158       -0.28777816169010
C           -2.87142044315522        0.07140188353397        0.69231502642683
C           -3.56640895956090        1.29490505106693        0.09973854662791
C           -4.51970982475820        1.93748947134736        1.10477086647040
C           -5.23133787927770        3.15889069512971        0.52734011222129
C           -6.18180029270465        3.78978050646529        1.53740915422987
H           -7.92842080526305       -3.69687676573743        0.18467300186708
H           -8.21070994046678       -5.49107945420902        0.40877392077648
H           -6.00770117840013       -5.96947603916186       -0.53846896810164
H           -5.76216933769500       -2.90125726529303       -0.66075170537430
H           -5.32903789583907       -3.96536725766322       -2.01059634024078
H            0.59125350997110       -2.46108551100115        0.06708882007640
H            0.04473237347815       -2.30850907403348        1.72839516531851
H            0.08586217650436        0.08796238301952        1.63306507376074
H            1.38097305207448       -0.23076132141734        0.47654516420543
H           -0.70180747632870        1.26553976961872       -0.29146983887800
H           -0.61900997601407        0.41207298633784       -2.56719358984469
H            0.13461764027687       -1.10012132600362       -2.02582873535866
H            2.49322198284775       -1.15541307083227       -1.94434204514464
H            3.50699885300902        0.35888804932730       -2.00404073449515
H            2.11244672558513        3.77586876093895       -2.08711319230398
H            3.16639928170404        2.46644380729051       -2.66480435479834
H            2.28610019590308        2.74885937441824        0.26778237971197
H            6.05079208945566        1.56217126896871       -0.85076414915570
H            5.16711213773369        2.41775278282112       -2.12730272176406
H            6.12985121295309        3.31794606706448       -0.95845530770327
H            3.93960444946459        3.06612539487198        1.89292500842794
H            5.65440514914608        2.95541293634116        1.47481156963481
H            3.75699068846393        0.56897180011918        1.58757171020147
H            4.76187303292432        1.09676593069596        2.93744098612305
H            6.82431943748460        0.76568211371486        1.52462800279812
H            8.02538804258467       -0.97849683370635        0.64527129812367
H            7.23819773623728       -2.55513914138069        0.79432512314009
H            7.19582584904689       -1.69820856854970       -0.74082153217437
H            4.77331054004908       -2.23277072233826       -0.50880042815766
H            3.75764695311144       -1.11116225956127        0.39850969119974
H            4.51065584297219       -2.48257931244293        1.21361354750046
H           -2.38963525335066       -0.70234211263724       -1.24974482275647
H           -2.34295315407003        0.35499064236780        1.60475120097393
H           -3.62986659962597       -0.66609076505935        0.96432403660119
H           -4.12651159350770        0.99628646479002       -0.78969556499425
H           -2.82343036905211        2.03215782012744       -0.21116797741604
H           -5.26458323351628        1.20178550979430        1.41763399401665
H           -3.95916655518380        2.23627293004024        1.99398389549045
H           -4.48774760842701        3.89734338900901        0.21865940484212
H           -5.79185474424334        2.86306990324184       -0.36251091209672
H           -6.67976931605151        4.65556267977071        1.10700002880406
H           -6.94183907164351        3.07461503164810        1.84480811858260
H           -5.63872096089291        4.11186354478920        2.42340465309466
74
 energy: -94.780286994979 gnorm: 0.001258371114 xtb: 6.7.1 (edcfbbe)
C           -7.55526459665775       -4.67959774744846        0.09124726271507
C           -6.37806903693688       -4.94923085364170       -0.43896373376440
C           -5.42176728344627       -3.91132235820278       -0.93620838217607
C           -4.03040945067478       -4.13838402331695       -0.36651940733508
O           -3.54119841117472       -5.19733604568923       -0.11069376693613
O           -3.42924110774977       -2.94103711178310       -0.22696954440988
N           -2.11138112490317       -3.00490771637260        0.29577878925989
C           -1.45784864716182       -1.92811070968105        0.24155738927243
C           -0.05027576788988       -1.87669285595859        0.74899886686280
C            0.31953459528920       -0.39460804085842        0.68870391171043
C           -0.55989988242717        0.18527619089442       -0.42674746597328
C            0.05245220530919       -0.04271844841984       -1.81869904706540
C            1.40301949438837        0.61043849252005       -1.93255079997385
C            2.53607981381740       -0.08058739760714       -1.96196814051239
O            1.27368839068211        1.96672460681101       -1.97030057692117
C            2.44774751641822        2.75436214823571       -1.87185198510467
C            3.04017365576803        2.68391525507360       -0.49494500677848
C            4.31375113962140        2.55769614232123       -0.14077525821144
C            5.47097115151133        2.45399108542163       -1.08413423124294
C            4.67881015231412        2.50176051537898        1.32035093320283
C            4.71070867836174        1.05725840884850        1.85365025113285
C            5.88269081235285        0.28184620126309        1.34174200754515
C            5.87986217919853       -0.90216520967490        0.74017565318207
C            7.16199001490552       -1.56453131211709        0.32513947392055
C            4.65043976077275       -1.70635798283445        0.43676761191657
C           -1.88169857380507       -0.58488684309340       -0.29007307418776
C           -2.87508484993396        0.06842382987495        0.68537058872748
C           -3.56838192867141        1.29092630552371        0.08904069201415
C           -4.51836845296078        1.93649746632399        1.09530236201637
C           -5.23021022902210        3.15867127133511        0.52040890310191
C           -6.17871472676715        3.78668364752246        1.53438276780516
H           -7.91617366647356       -3.66863114515774        0.19329597649676
H           -8.21489713332338       -5.45771613544098        0.43420284036085
H           -6.02538267911910       -5.96681582802341       -0.53167928598305
H           -5.75521243944688       -2.90120880201851       -0.69562549903322
H           -5.32547562561751       -3.99407197194982       -2.02470581724838
H            0.58610941958177       -2.47189918589679        0.09181872015444
H            0.02683009153994       -2.30427631360654        1.74746117129645
H            0.08206039125518        0.08943669416497        1.63719823322331
H            1.37812988678486       -0.24098900506548        0.48537034150248
H           -0.70035155935965        1.25924344285556       -0.29149534142760
H           -0.61219880965891        0.39672723974236       -2.56543386343831
H            0.14581674998430       -1.11013166955479       -2.01560788794427
H            2.50531807459411       -1.15421019786598       -1.94750352938263
H            3.51076536274003        0.36653849776005       -2.00221327061880
H            2.10077393887841        3.77550346664494       -2.07010192246307
H            3.15942535763077        2.47339819209424       -2.65513656665902
H            2.28660015644087        2.74766015311960        0.28087236460849
H            6.04517741762635        1.55747813466365       -0.85100126299125
H            5.16152721073575        2.41730604121546       -2.12409430908638
H            6.12869739093428        3.31347025693040       -0.95564536869461
H            3.94354020553169        3.06391929590938        1.89927746917752
H            5.65744902513007        2.95995144449033        1.47516208793246
H            3.76936020782980        0.56708787359885        1.60769516550640
H            4.78605224849745        1.10371581242205        2.94511784226272
H            6.83640493692335        0.76440529999391        1.52440390853268
H            8.02760045467973       -0.97299096173770        0.61332359465083
H            7.24125920288566       -2.54738209137450        0.78911267115417
H            7.18254057975109       -1.70824152682791       -0.75557561486178
H            4.77284934308301       -2.23175291680692       -0.50876753466195
H            3.76268841228332       -1.08449471707763        0.37268720373659
H            4.49088277085602       -2.45393338354335        1.21508453930664
H           -2.38604802591504       -0.70811602647737       -1.25379023533052
H           -2.34965706758291        0.35349462828012        1.59903268043720
H           -3.63420981519976       -0.66877469661703        0.95579570501229
H           -4.13072412823450        0.99025677635876       -0.79827060268270
H           -2.82478181478299        2.02593105230371       -0.22576697189402
H           -5.26327092112267        1.20170986137651        1.41024107180879
H           -3.95494553377474        2.23458483954241        1.98287532805123
H           -4.48725791466891        3.89776893852397        0.21203943110807
H           -5.79250492488222        2.86456950214552       -0.36875003800181
H           -6.67807912886038        4.65346158796765        1.10790782276905
H           -6.93745270638762        3.07001309234243        1.84140016545939
H           -5.63334043230363        4.10600753996281        2.41993336681278
74
 energy: -94.780303329096 gnorm: 0.001186581631 xtb: 6.7.1 (edcfbbe)
C           -7.55532331554710       -4.67059001540805        0.09501406757582
C           -6.38106642706266       -4.94662783282690       -0.43792561088337
C           -5.42131872333479       -3.91431207087091       -0.94059442880316
C           -4.03095487566219       -4.14170216899394       -0.36977041366304
O           -3.54179584341334       -5.20012398861062       -0.11232238257277
O           -3.42947529519264       -2.94391010296346       -0.22992989223041
N           -2.11287224758433       -3.00698351994225        0.29534916793254
C           -1.45931691504456       -1.93012091615317        0.24195213300089
C           -0.05295264842395       -1.87718965553428        0.75221128938017
C            0.31652770714103       -0.39502509220418        0.69021409249109
C           -0.56134787388994        0.18301328373247       -0.42746882330632
C            0.05262960810691       -0.04588344095240       -1.81837768224708
C            1.40297858317824        0.60849486594036       -1.92881624672213
C            2.53679501078296       -0.08126344601322       -1.96089302687247
O            1.27184904741240        1.96467090075504       -1.96181445919440
C            2.44519864735980        2.75356228881588       -1.86672122520596
C            3.03981268184149        2.68532132213658       -0.49042655984722
C            4.31392875707172        2.55865986536183       -0.13823432663300
C            5.46997105581884        2.45472483461383       -1.08338173364734
C            4.68147507363693        2.50241412628497        1.32198189877433
C            4.71452492844510        1.05756531171387        1.85555877118848
C            5.88580528350553        0.28253893178495        1.34183960632508
C            5.88116744149345       -0.90026619321139        0.73800595807297
C            7.16183189857517       -1.56327475254829        0.31980455880572
C            4.64998769773954       -1.70239524552868        0.43598787687957
C           -1.88271367456224       -0.58707025012858       -0.29094371536983
C           -2.87468344352902        0.06705946591140        0.68537223029294
C           -3.56750242677591        1.28931081413054        0.08839892531937
C           -4.51771563338897        1.93550974604150        1.09383655716701
C           -5.22898553826905        3.15725298627122        0.51765624446332
C           -6.17718691053465        3.78640458782610        1.53115030835789
H           -7.91224913387675       -3.65815477146273        0.19637597375224
H           -8.21697592894850       -5.44511961801336        0.44262468529885
H           -6.03240380799729       -5.96574561204865       -0.52845890461891
H           -5.75149451467088       -2.90194107933043       -0.70603914996906
H           -5.32547669697615       -4.00403049094671       -2.02847261079159
H            0.58505421493979       -2.47309173678325        0.09732804968376
H            0.02248329681029       -2.30277454836311        1.75153244697751
H            0.07693507280967        0.09050128043137        1.63748579870793
H            1.37553673243363       -0.24137338742763        0.48908917978600
H           -0.70206754326005        1.25719027358142       -0.29367980208470
H           -0.61081548586187        0.39326128674248       -2.56626173093458
H            0.14681464217508       -1.11319779442850       -2.01495637632376
H            2.50789737431758       -1.15498961457604       -1.95383399899971
H            3.51045191631943        0.36838026293140       -2.00175759111751
H            2.09735601419130        3.77395443391955       -2.06606416259194
H            3.15601769082969        2.47172812466177       -2.65022440950473
H            2.28743998842123        2.74950810673658        0.28655610346799
H            6.04369887433444        1.55762733002155       -0.85155068741147
H            5.15934141374864        2.41865137983421       -2.12277816792567
H            6.12828841587938        3.31380750553812       -0.95518954035081
H            3.94725252657847        3.06419687997238        1.90253339777170
H            5.66038254553597        2.96025009687180        1.47537689076833
H            3.77321745978433        0.56726083237510        1.61083229251047
H            4.79124227374310        1.10454187562222        2.94667513626942
H            6.84002525171635        0.76419476024184        1.52406708327243
H            8.02837284304741       -0.97170504067745        0.60454908261482
H            7.24240815904525       -2.54542214132921        0.78480324588359
H            7.17897025012252       -1.70831158841123       -0.76058276865999
H            4.77278369372750       -2.23321749861467       -0.50641759275102
H            3.76461789862107       -1.07805582722299        0.36642409610555
H            4.48650169196425       -2.44500302769925        1.21801865993078
H           -2.38785651483459       -0.71023306890950       -1.25415318874345
H           -2.34807161999010        0.35276350888502        1.59811951188514
H           -3.63379977097252       -0.66951069549356        0.95734127120551
H           -4.12941487598303        0.98832715497365       -0.79905476799244
H           -2.82356472287327        2.02397107582154       -0.22639378658834
H           -5.26277857631726        1.20090519122328        1.40881312321226
H           -3.95463612025275        2.23402286929922        1.98146477970690
H           -4.48571161481881        3.89567870329165        0.20851327745761
H           -5.79135926738182        2.86235844025021       -0.37115545981380
H           -6.67585834708835        4.65332444879602        1.10433812813408
H           -6.93632773770161        3.07021470614692        1.83823820675493
H           -5.63149959119325        4.10549237415518        2.41657293993765
74
 energy: -94.780327034092 gnorm: 0.001786675750 xtb: 6.7.1 (edcfbbe)
C           -7.55548194594809       -4.65045699556147        0.10159420085542
C           -6.38657710890714       -4.94063802824895       -0.43536284942117
C           -5.42006958030359       -3.92021441457123       -0.94982257768904
C           -4.03169700907435       -4.14843748147416       -0.37566527517886
O           -3.54226816895204       -5.20629816274844       -0.11685135992047
O           -3.42937020342124       -2.95006808458334       -0.23572093569270
N           -2.11463941554515       -3.01264901413909        0.29273259970893
C           -1.46186392338730       -1.93509780839184        0.24191168299627
C           -0.05753757004072       -1.87875922578665        0.75716751907232
C            0.31013108685624       -0.39616585724602        0.69275850614761
C           -0.56497164196537        0.17776991060673       -0.42913698374185
C            0.05284873987409       -0.05271773354165       -1.81792527067221
C            1.40245662475065        0.60406996266182       -1.92438244745437
C            2.53741454862189       -0.08340462376381       -1.96339356525426
O            1.26839279692207        1.96023334871508       -1.94345134684305
C            2.44042248931255        2.75168912797977       -1.85466083720017
C            3.03984396121175        2.68747907147396       -0.48005763631464
C            4.31515985050285        2.56076924141080       -0.13222938698822
C            5.46777296677184        2.45674023359557       -1.08165876054289
C            4.68833413414745        2.50460085085213        1.32641848083119
C            4.72247551512053        1.05907687693700        1.85903714548161
C            5.89210537058684        0.28450627607335        1.34104232061530
C            5.88383436790634       -0.89647824702585        0.73368771827578
C            7.16177909841705       -1.56033441872960        0.30886950641244
C            4.64949562377341       -1.69542219440132        0.43525282627809
C           -1.88569109898148       -0.59261375076189       -0.29194627650850
C           -2.87453677532007        0.06328057818166        0.68638660962152
C           -3.56609436524371        1.28560832630452        0.08864572912938
C           -4.51729478093672        1.93316698257491        1.09189539052557
C           -5.22686490422393        3.15401713782612        0.51198347047333
C           -6.17460523227994        3.78731317323681        1.52315097579800
H           -7.90234340579953       -3.63437689622527        0.20190346376784
H           -8.22058327782091       -5.41689961015183        0.46110179579853
H           -6.04716574455924       -5.96342379252152       -0.52006764117218
H           -5.74413393880745       -2.90326856468550       -0.72759496790174
H           -5.32516167815746       -4.02479594618992       -2.03629851993603
H            0.58381644939815       -2.47508741816419        0.10615432803389
H            0.01482944695529       -2.30141431272713        1.75789269930332
H            0.06562642846273        0.09146346653846        1.63770833430414
H            1.36969957674577       -0.24126513210393        0.49591634460670
H           -0.70688153127244        1.25221542191136       -0.29893717749065
H           -0.60899428221769        0.38525487907428       -2.56802727337013
H            0.14871427560678       -1.11998159355482       -2.01381160224958
H            2.51160188030317       -1.15712008765844       -1.96593752759674
H            3.50960783238160        0.37002600746496       -1.99873248322695
H            2.09031806486136        3.77095538146366       -2.05584349328920
H            3.14902687869116        2.46851379735003       -2.63968412700358
H            2.29006156692866        2.75263966613216        0.29930970875950
H            6.04178575961769        1.55908707021748       -0.85291830862922
H            5.15358763958946        2.42240257496663       -2.12005782759114
H            6.12691813267264        3.31535024485315       -0.95458887070524
H            3.95685126473468        3.06639633773122        1.91038389627925
H            5.66826779946107        2.96145794213579        1.47612773819492
H            3.78062326039578        0.56900663370865        1.61614258520255
H            4.80185217984996        1.10550006315101        2.94986167003691
H            6.84735862286948        0.76466312714506        1.52172327332445
H            8.03006358920373       -0.96877451079553        0.58790366131095
H            7.24483738838385       -2.54202441238418        0.77432774529378
H            7.17220260183416       -1.70633487263464       -0.77135690511910
H            4.77354558433050       -2.23871900965937       -0.49979312994450
H            3.76849100308143       -1.06642341478874        0.35316223607494
H            4.47759932149350       -2.42676617534298        1.22599661868589
H           -2.39291497712326       -0.71568702834504       -1.25398259761875
H           -2.34482388925179        0.34983412368159        1.59707086507397
H           -3.63401500767117       -0.67160252067002        0.96198053959457
H           -4.12661641606424        0.98473391056008       -0.79970845536953
H           -2.82122010910915        2.01977474619987       -0.22509937422852
H           -5.26305458503736        1.19930513270568        1.40695402996977
H           -3.95543804235878        2.23294057985353        1.97989956850414
H           -4.48241872633694        3.89042748527843        0.20077413053810
H           -5.78905333844744        2.85696233988514       -0.37625854699403
H           -6.67096651810608        4.65445778893581        1.09420609456468
H           -6.93547265532206        3.07323746925091        1.83086331730573
H           -5.62893187464341        4.10679405097065        2.40842683485788
74
 energy: -94.780345337312 gnorm: 0.001759302364 xtb: 6.7.1 (edcfbbe)
C           -7.55368518065404       -4.62711445620667        0.11205261493190
C           -6.39120372847067       -4.93330332676966       -0.43079925527621
C           -5.41850464773131       -3.92633201091309       -0.96078709195562
C           -4.03140480665945       -4.15479243694495       -0.38358952455327
O           -3.54317471405715       -5.21251226018184       -0.12181286173960
O           -3.42897145602775       -2.95642568757005       -0.24244822357995
N           -2.11629968512257       -3.01889797638291        0.29066108899460
C           -1.46461899178674       -1.94044100270659        0.24279230867123
C           -0.06186599070355       -1.88183282946175        0.76233305902825
C            0.30460225036165       -0.39895742976491        0.69580236708682
C           -0.56820372844725        0.17195478683716       -0.42935118887793
C            0.05362917024766       -0.06079510136196       -1.81588835974191
C            1.40206892396998        0.59938657890705       -1.91709389879585
C            2.53839657819931       -0.08535219204649       -1.96382116715255
O            1.26498260328918        1.95537905961912       -1.92550567765437
C            2.43545459984884        2.74980522935021       -1.84122876307194
C            3.03997637032575        2.68803339260915       -0.46882237086187
C            4.31675016015385        2.56258599930600       -0.12575855143138
C            5.46549182885515        2.45895353972861       -1.07965594217136
C            4.69595783814869        2.50694227153510        1.33154504874345
C            4.73215669804571        1.06144481877335        1.86350576699316
C            5.89926240090296        0.28700064924076        1.33942542577366
C            5.88661119184999       -0.89227886316708        0.72875410998378
C            7.16162525839791       -1.55703115654921        0.29664030928227
C            4.64880031129035       -1.68760218666601        0.43410246665468
C           -1.88879145958244       -0.59884308827562       -0.29239251520229
C           -2.87636963088493        0.05871752544225        0.68620834466967
C           -3.56644426284323        1.28145105915503        0.08764630096049
C           -4.51812223437993        1.93080139134529        1.08920005973552
C           -5.22569870357273        3.15132493046546        0.50599009545943
C           -6.17281287368605        3.78910203920225        1.51480026857097
H           -7.89011797114243       -3.60674980111844        0.20539046260797
H           -8.22395831196347       -5.38424604258204        0.48160850382160
H           -6.06285966365870       -5.96035338050752       -0.50910883444038
H           -5.73639935722277       -2.90419642950858       -0.75271477935722
H           -5.32451905954226       -4.04808752862256       -2.04565887577725
H            0.58243269896071       -2.47931624514009        0.11531895793320
H            0.00692536520357       -2.30191118826418        1.76450104217488
H            0.05697214692826        0.09036198455905        1.63900446179321
H            1.36451012734095       -0.24343336113249        0.50162076959197
H           -0.71119824252475        1.24657384279344       -0.30244301112907
H           -0.60703373874272        0.37393017214859       -2.56926322472131
H            0.15301420206810       -1.12821755665325       -2.00973091632786
H            2.51499084534329       -1.15908934387981       -1.97855539453590
H            3.50950950368491        0.37045682436639       -1.99972100207320
H            2.08207380149069        3.76824315284509       -2.04197505105067
H            3.14178533372360        2.46784769199940       -2.62886292197568
H            2.29301986072762        2.75389145907469        0.31316679723388
H            6.04014640127525        1.56080405227329       -0.85453800373330
H            5.14706726970369        2.42627592752437       -2.11693928803738
H            6.12571846967264        3.31703729340989       -0.95428928862467
H            3.96712572538563        3.06909327211785        1.91846334088592
H            5.67663943265856        2.96381285710025        1.47691071496830
H            3.78912756973656        0.57142652756404        1.62416748903062
H            4.81617349540325        1.10660816853945        2.95420612616364
H            6.85572103507585        0.76579071479472        1.51729026608668
H            8.03191810368748       -0.96535918779823        0.56951349939435
H            7.24727886927484       -2.53829387762317        0.76272651597237
H            7.16498115458030       -1.70430044518750       -0.78361055382698
H            4.77492189539051       -2.24548820209241       -0.49215704413267
H            3.77260309386424       -1.05323038771494        0.33705487831843
H            4.46623450322255       -2.40593831254509        1.23480164720233
H           -2.39644927878181       -0.72248092446160       -1.25417456753039
H           -2.34551082750590        0.34547371123922        1.59621148782610
H           -3.63656660667528       -0.67491722805947        0.96333772949145
H           -4.12604562838870        0.98094028224321       -0.80143062322045
H           -2.82046398852473        2.01488220260655       -0.22525529977910
H           -5.26490465418628        1.19819278181433        1.40478381010979
H           -3.95696237144525        2.23167641593974        1.97732290096695
H           -4.47988440766143        3.88563605540641        0.19293305618973
H           -5.78794176171581        2.85271292173442       -0.38175544991716
H           -6.66665178789552        4.65649385068621        1.08333109310396
H           -6.93577759361350        3.07766413249254        1.82351541368657
H           -5.62723974249854        4.10941188108886        2.39986074491206
74
 energy: -94.780369086888 gnorm: 0.001278080833 xtb: 6.7.1 (edcfbbe)
C           -7.55069789937158       -4.59963463754680        0.12256964065445
C           -6.39545875834714       -4.92383291462561       -0.42493909302787
C           -5.41666443243029       -3.93264044579199       -0.97232593400962
C           -4.03060878437172       -4.16163666864902       -0.39211004513517
O           -3.54395329725426       -5.21991826783918       -0.12979472875166
O           -3.42814644901606       -2.96395132243491       -0.24910594444415
N           -2.11655870479601       -3.02689509396092        0.28679865886572
C           -1.46693187360901       -1.94690210604168        0.24307507986161
C           -0.06528553909505       -1.88620535821363        0.76562389302233
C            0.29935407281665       -0.40290903597455        0.69906938771688
C           -0.57192844373906        0.16560073159605       -0.42829314714921
C            0.05375049802309       -0.06912524144469       -1.81266613332694
C            1.40072971214336        0.59439655912381       -1.91148804543778
C            2.53811888083438       -0.08776771547096       -1.96787683346023
O            1.26111760137247        1.95014116686080       -1.90636697471714
C            2.43008012717089        2.74739389672091       -1.82555663439766
C            3.04062198273069        2.68695659965988       -0.45599783436598
C            4.31931183166657        2.56501079760047       -0.11874045998102
C            5.46348441877360        2.46327847168813       -1.07789072524611
C            4.70537506467010        2.50978324855855        1.33712138813967
C            4.74279840811033        1.06431349749155        1.86737861219909
C            5.90695515914879        0.28995046367516        1.33649142309806
C            5.88971857433755       -0.88821059867561        0.72402004009877
C            7.16172186296337       -1.55302350787601        0.28338345354157
C            4.64864369112621       -1.68079733203736        0.43546374781575
C           -1.89248199319064       -0.60584470401234       -0.29145835792431
C           -2.87978243110520        0.05234098129120        0.68716153266108
C           -3.56774888189427        1.27620650977506        0.08829485272913
C           -4.52070636489325        1.92778123827933        1.08725952804036
C           -5.22509103974498        3.14803315184634        0.49917772665890
C           -6.17173863536708        3.79302495163054        1.50373611059232
H           -7.87512481653133       -3.57460808142252        0.20601689348588
H           -8.22592456983835       -5.34556731946117        0.50500710178019
H           -6.07909389687428       -5.95521237293753       -0.49392321636932
H           -5.72762818901063       -2.90561073228954       -0.77941870852772
H           -5.32468152152044       -4.07254089902175       -2.05482530528800
H            0.58135027846253       -2.48344504780659        0.12095719729899
H            0.00132384592587       -2.30550193424451        1.76824651250970
H            0.04897785794548        0.08652527702115        1.64134549646300
H            1.35936829028457       -0.24596954134932        0.50698091619182
H           -0.71597110260171        1.24025404795756       -0.30424704679723
H           -0.60611433338214        0.36145679948780       -2.56925236790369
H            0.15677335347134       -1.13669631254135       -2.00391669472078
H            2.51612965144727       -1.16127587591953       -1.99198245910755
H            3.50882782370550        0.36904311118969       -2.00129789066244
H            2.07296074159728        3.76515561801220       -2.02412866532778
H            3.13358927104707        2.46812978333641       -2.61671986388116
H            2.29704102324973        2.75187159393195        0.32925601384843
H            6.03989052774843        1.56518225156334       -0.85705036500145
H            5.14002900480030        2.43198432651220       -2.11375893445828
H            6.12406919349421        3.32145839871450       -0.95477015507603
H            3.98000554124229        3.07303606848576        1.92726653879215
H            5.68712528471869        2.96608857743521        1.47750276998508
H            3.79850742005672        0.57485361817865        1.63113809245940
H            4.83140307311394        1.10687292186848        2.95794528047252
H            6.86455950862345        0.76815198601909        1.50962381665030
H            8.03384450592283       -0.96266594769642        0.55268377997772
H            7.24944311762097       -2.53539047175968        0.74657785944973
H            7.15905921788786       -1.69773627672437       -0.79714160398520
H            4.77620814211108       -2.25546905548471       -0.47996006152933
H            3.77739404367475       -1.04235561178302        0.32202454482934
H            4.45551337410896       -2.38358490343252        1.24712955125576
H           -2.40028019527755       -0.72984682035851       -1.25315852456062
H           -2.34875312184289        0.33826015823487        1.59733286058280
H           -3.64098990975398       -0.68038059764169        0.96409920492857
H           -4.12585915216094        0.97679172232059       -0.80209487001274
H           -2.82027926720455        2.00891034710073       -0.22277796731481
H           -5.26911641866394        1.19688444729556        1.40287314231256
H           -3.96103324555354        2.22995152156329        1.97589960364464
H           -4.47698385648154        3.87911924276627        0.18389394953072
H           -5.78707989399701        2.84732128244671       -0.38806975579012
H           -6.66167394425373        4.66035009852323        1.06745380583217
H           -6.93796814231087        3.08580150056512        1.81413279067844
H           -5.62683687267423        4.11548578616180        2.38845437178163
74
 energy: -94.780394484384 gnorm: 0.001995369436 xtb: 6.7.1 (edcfbbe)
C           -7.54567763771546       -4.55977750876658        0.13840028428768
C           -6.40060765905325       -4.90975970483637       -0.41597905130834
C           -5.41402460328950       -3.94108258084180       -0.99005946764466
C           -4.02965162118284       -4.17049625958909       -0.40431064849164
O           -3.54624837115585       -5.22993140001842       -0.13954813518065
O           -3.42789302187624       -2.97391078988262       -0.25835846133032
N           -2.11820177764177       -3.03679333532016        0.28367212339445
C           -1.47056332537663       -1.95541831001515        0.24498796525889
C           -0.07060231552870       -1.89399484791178        0.77237076927970
C            0.29409056713401       -0.41069036985429        0.70559530244326
C           -0.57506515484151        0.15704069153275       -0.42374150386096
C            0.05526157304770       -0.08003084370660       -1.80545786527586
C            1.39977574285226        0.58885352903727       -1.90328947738056
C            2.53891824692154       -0.08918924356387       -1.97272072423841
O            1.25599657455963        1.94397699696736       -1.88428512904894
C            2.42229836979830        2.74547762832932       -1.80521447224746
C            3.04070613589784        2.68253161019549       -0.43946364705863
C            4.32204154483028        2.56650806758440       -0.11011730403820
C            5.46056793228667        2.46914671824550       -1.07615765565746
C            4.71716458206218        2.51281278998900        1.34372719153549
C            4.75878743188700        1.06780296009390        1.87344020652390
C            5.91869177202216        0.29419611401750        1.33186580440934
C            5.89451390537544       -0.88251583318483        0.71672435138069
C            7.16176683891451       -1.54832676868314        0.26423773358143
C            4.64810484854123       -1.67030044218924        0.43691000710402
C           -1.89608871488440       -0.61455195047037       -0.28956981192130
C           -2.88681168301127        0.04330214720665        0.68599630057160
C           -3.57150549504139        1.26856026592302        0.08577020906661
C           -4.52503227249619        1.92383498927293        1.08207806027959
C           -5.22507443563466        3.14448895097853        0.48921476721673
C           -6.17060391854084        3.79753751411029        1.48966512540420
H           -7.85344205909797       -3.52828753933483        0.20719815645110
H           -8.22782416889127       -5.28926896110210        0.54054643509686
H           -6.10013129697473       -5.94699885527115       -0.47104868115239
H           -5.71536247638590       -2.90641715876884       -0.82062910643552
H           -5.32415152081788       -4.10862103512708       -2.06921572014265
H            0.57848482910529       -2.49229525488060        0.13111147634896
H           -0.00789658146902       -2.31215459945343        1.77586560084020
H            0.04265734493839        0.07927431825362        1.64721757970047
H            1.35433613355015       -0.25404591649680        0.51463058206462
H           -0.71949119381806        1.23174952798565       -0.30166518545276
H           -0.60447255047531        0.34397844278173       -2.56600841462069
H            0.16393756321807       -1.14793133034088       -1.99217472331491
H            2.51916395405838       -1.16255664711966       -2.00602100425937
H            3.50874709036497        0.36936295775258       -2.00646447741591
H            2.05937390226564        3.76279111971073       -1.99674142850511
H            3.12271346524973        2.47331429735149       -2.60165003330944
H            2.30177486338378        2.74361233114281        0.35047318214635
H            6.03967959751601        1.57137251727793       -0.86074708657513
H            5.13095837537094        2.43990454392462       -2.11032037234596
H            6.12081401920551        3.32777421419005       -0.95487511040857
H            3.99521943584524        3.07626172371792        1.93793310845792
H            5.69952405063432        2.97005723078716        1.47741343970879
H            3.81272933878295        0.57767393607567        1.64463649115549
H            4.85650038626154        1.10948179815193        2.96345615217340
H            6.87801401190666        0.77119211677594        1.49868209129979
H            8.03695191123501       -0.95951017596386        0.52769709398196
H            7.25178273482954       -2.53186823624967        0.72467836126863
H            7.14984817242763       -1.69061085120499       -0.81676709872536
H            4.77795143096826       -2.26933284327462       -0.46284626793443
H            3.78482914904297       -1.02444200082254        0.29900844971686
H            4.43879150169517       -2.35020443056335        1.26484994248811
H           -2.40121771976597       -0.73904764853480       -1.25266582089582
H           -2.35925223645417        0.32755495862011        1.59869807815062
H           -3.64968894284537       -0.68930784902110        0.95878758292098
H           -4.12871084211927        0.97003951979257       -0.80549482843608
H           -2.82191138812103        1.99951226796838       -0.22429098482894
H           -5.27580938122608        1.19548380528865        1.39789404391740
H           -3.96643562007718        2.22687209473168        1.97108684438398
H           -4.47408823534502        3.87174546384256        0.17186519241654
H           -5.78725453008556        2.84240773178498       -0.39745750271023
H           -6.65640169709497        4.66473771499630        1.04833855813135
H           -6.94029098193399        3.09508472653234        1.80229773711153
H           -5.62598389772871        4.12236118946504        2.37369664322988
74
 energy: -94.780420675059 gnorm: 0.001931518958 xtb: 6.7.1 (edcfbbe)
C           -7.54014133252217       -4.52646032392828        0.14936555921288
C           -6.40276069939711       -4.89605647142465       -0.40645517341521
C           -5.41200466803846       -3.94608293803261       -1.00138566318614
C           -4.02773533816092       -4.17692225006028       -0.41429055906550
O           -3.54683134173908       -5.23840777472617       -0.15256126079777
O           -3.42709506331791       -2.98194962244461       -0.26353436524401
N           -2.11727802225335       -3.04551061960544        0.27985153297513
C           -1.47193822319425       -1.96269343930053        0.24596845874351
C           -0.07182689924964       -1.90241498753655        0.77319278784289
C            0.29202807055920       -0.41876514503394        0.71130438270677
C           -0.57743880587667        0.15140178921993       -0.41646870246699
C            0.05400786638901       -0.08529799494418       -1.79759312835813
C            1.39699946225828        0.58642585227738       -1.89720509970119
C            2.53653480625776       -0.08942203272180       -1.97753974960055
O            1.25152491970500        1.94077579990909       -1.86975216850736
C            2.41647852230406        2.74412990145593       -1.79027011935215
C            3.04122254772661        2.67612556224191       -0.42785302641967
C            4.32493619860474        2.56852998534673       -0.10516227375320
C            5.45930577233742        2.47917143890229       -1.07660366077337
C            4.72692345245600        2.51483971589842        1.34701482717420
C            4.77062345269213        1.06999826445705        1.87563916858161
C            5.92742030678134        0.29705388796086        1.32675962868266
C            5.89869261943682       -0.88041543875249        0.71351460906137
C            7.16247527744027       -1.54530665570239        0.25044517826838
C            4.64917502437147       -1.66734397572209        0.44471674139543
C           -1.89863520096417       -0.62095398393126       -0.28540129536824
C           -2.89431870694068        0.03405784782511        0.68727361923395
C           -3.57568206410876        1.26117643165037        0.08643229809563
C           -4.53123657270242        1.91954016241813        1.07920332992388
C           -5.22571501583668        3.14080917469178        0.48044519243695
C           -6.17075219417868        3.80346598688421        1.47519942008995
H           -7.83687215532694       -3.49121447826864        0.20154534844870
H           -8.22677391720422       -5.24196079052616        0.56608773513168
H           -6.11246590427106       -5.93638122857501       -0.44692805158781
H           -5.70510468535392       -2.90741617036727       -0.84808379821806
H           -5.32705792877451       -4.13283142638851       -2.07676624866077
H            0.57709102165374       -2.49827182629015        0.12955470662513
H           -0.00844014930252       -2.32433443416616        1.77502037916050
H            0.04090907774280        0.06799666744798        1.65459559584136
H            1.35210007451813       -0.26106213213150        0.51998794234902
H           -0.72163456639832        1.22586081476423       -0.29293809873651
H           -0.60654904378771        0.33496634533636       -2.55935254477998
H            0.16576674312355       -1.15318677637171       -1.98215154579234
H            2.51679625095825       -1.16261869683789       -2.01595550843695
H            3.50634668251968        0.36874556408294       -2.01424249029791
H            2.05010874581120        3.76179113685130       -1.97373134677840
H            3.11409988812284        2.47878075696150       -2.59139366026633
H            2.30608101061166        2.73020734498313        0.36610707179710
H            6.04314656373302        1.58327587692436       -0.86581531397790
H            5.12493959382050        2.45067064411484       -2.10929046889792
H            6.11661836005098        3.34014684857769       -0.95650050153882
H            4.00817559558501        3.07907561867773        1.94433083913251
H            5.71001988264739        2.97182540952125        1.47584821518684
H            3.82356854175464        0.57994505998633        1.65074401349368
H            4.87389476252533        1.11005607705310        2.96518161101203
H            6.88748289608180        0.77534038487921        1.48523626264175
H            8.03975136904877       -0.96105967275860        0.51684059559582
H            7.25154498895226       -2.53370216455273        0.70065753721586
H            7.14663796214667       -1.67652333480582       -0.83195209946064
H            4.77809707078961       -2.28465073382367       -0.44150476530972
H            3.79069246382154       -1.02029631139480        0.29037860865471
H            4.43237890359024       -2.32824790080895        1.28426605446569
H           -2.40071189042838       -0.74480555815525       -1.25031224454781
H           -2.37205846113676        0.31522286536387        1.60401910332582
H           -3.65872200350175       -0.69967583777882        0.95293835388540
H           -4.13112497796464        0.96409894213545       -0.80645151887831
H           -2.82386125489243        1.99077028911809       -0.22140051585679
H           -5.28493142430248        1.19365217027913        1.39367172562489
H           -3.97514339752972        2.22309886916995        1.96957442371934
H           -4.47107434177323        3.86352419059715        0.16132667203794
H           -5.78748510901142        2.83725507759262       -0.40598660332833
H           -6.65192574308544        4.66984880301192        1.02695972660096
H           -6.94424699584319        3.10647834891013        1.79062508701457
H           -5.62702265057187        4.13210722041260        2.35837105071983
74
 energy: -94.780437722820 gnorm: 0.003244613648 xtb: 6.7.1 (edcfbbe)
C           -7.53482872396960       -4.47860554207688        0.16726938125400
C           -6.40951835125207       -4.87821864504653       -0.39486077065033
C           -5.40949288772261       -3.95558857088088       -1.02088962009224
C           -4.02741641641599       -4.18728351498508       -0.42836504237364
O           -3.54879764732089       -5.24974370215855       -0.16661031037011
O           -3.42810190311444       -2.99304432060382       -0.27189936185940
N           -2.12056500416019       -3.05631401750965        0.27788410768884
C           -1.47615914866896       -1.97284253806402        0.24905428617935
C           -0.07817647989952       -1.91287507958980        0.78215469882370
C            0.28722455138335       -0.42950525164479        0.72155397033487
C           -0.57972814429610        0.14180450641333       -0.40780914354906
C            0.05520886079499       -0.09428928864183       -1.78726266043099
C            1.39557362970721        0.58283506279177       -1.88779790216336
C            2.53708939078620       -0.08836221974388       -1.98092029955387
O            1.24492833370889        1.93651159691656       -1.84836999403679
C            2.40714216853396        2.74369211144304       -1.76987559489118
C            3.04049685886066        2.67092644965138       -0.41145077148648
C            4.32698520141079        2.57067203709935       -0.09729777434288
C            5.45606315613633        2.48967596283567       -1.07603495344168
C            4.73856919774431        2.51675796464816        1.35216532883176
C            4.78955072741856        1.07222479002625        1.88178796841950
C            5.94182659815602        0.30078392820144        1.32135610199385
C            5.90524811958598       -0.87534407737226        0.70582969049334
C            7.16277885611519       -1.54195430682694        0.22837019627932
C            4.64926075229435       -1.65695263630123        0.44897347279144
C           -1.90126991787160       -0.63051751815417       -0.28239696567522
C           -2.90284750995026        0.02302284591822        0.68529658114880
C           -3.57998222479553        1.25112255888225        0.08151701307616
C           -4.53627323906482        1.91420641944409        1.07053777327059
C           -5.22532095656479        3.13631409723163        0.46719862741358
C           -6.16872715081591        3.80657133734359        1.45845793244121
H           -7.81471187611566       -3.43714264790707        0.20039063894107
H           -8.22833191505400       -5.17436735545532        0.60902537430598
H           -6.13536714494127       -5.92424194353992       -0.41689060035043
H           -5.69004824835214       -2.90844241064306       -0.89535585437686
H           -5.32899337013255       -4.17482421056029       -2.09178522358027
H            0.57291644605613       -2.50941729206451        0.14112583071134
H           -0.01875243666920       -2.33465977768069        1.78432797217004
H            0.03518050974837        0.05713952513573        1.66475435366191
H            1.34788151923321       -0.27298355364566        0.53201291554820
H           -0.72366232222094        1.21623801048236       -0.28343565341700
H           -0.60581169963328        0.32158486872389       -2.55097851793659
H            0.17165536251265       -1.16201355571704       -1.96953140730498
H            2.52119364223813       -1.16156221038488       -2.02708948127228
H            3.50490274014139        0.37411117910876       -2.01930607000562
H            2.03569050067854        3.76104137528385       -1.94419166831663
H            3.10144146518971        2.48692239481318       -2.57659681823596
H            2.31013694789261        2.71671920220899        0.38755214732221
H            6.04435742248317        1.59503020181845       -0.87187669158493
H            5.11591336814565        2.46337786368417       -2.10680662066475
H            6.11076200591707        3.35265425174633       -0.95650255882265
H            4.02272184352848        3.07955154058019        1.95435533565857
H            5.72160226965043        2.97562077484732        1.47436843851626
H            3.84125793591635        0.58032285590546        1.66661477827334
H            4.90362523297017        1.11375649339043        2.97019387362937
H            6.90357331145468        0.77812208285972        1.47190643262402
H            8.04441665041080       -0.96205437523783        0.49030357898051
H            7.25253509653667       -2.53300158248781        0.67238235825034
H            7.13725340846480       -1.66709914594057       -0.85466058012248
H            4.77975970660783       -2.30308643486953       -0.41802358112889
H            3.80000126587235       -1.00245057068491        0.26635836925715
H            4.41545082864594       -2.28976506402356        1.30792078300828
H           -2.39869846109428       -0.75394808067747       -1.24979308704447
H           -2.38657652341365        0.30266550559627        1.60587680381431
H           -3.66898213649539       -0.71119186680964        0.94458969538207
H           -4.13427539885088        0.95403768493264       -0.81206468492095
H           -2.82564667778548        1.97822751986901       -0.22599592430527
H           -5.29294533207137        1.19115020717177        1.38434472965901
H           -3.98168090917431        2.21788357496073        1.96175816533567
H           -4.46735291335823        3.85481719602929        0.14649730597607
H           -5.78740816950716        2.83209724167997       -0.41877453955852
H           -6.64647637991019        4.67260981484951        1.00601443632861
H           -6.94485848379842        3.11368176703310        1.77630147620473
H           -5.62438977848310        4.13720850639728        2.34047962661131
74
 energy: -94.780459723747 gnorm: 0.002009315969 xtb: 6.7.1 (edcfbbe)
C           -7.53482594627250       -4.47359872103816        0.16802324396519
C           -6.41021811657230       -4.87534223226388       -0.39259831308812
C           -5.40992031989330       -3.95565657605963       -1.02137393674631
C           -4.02782362397853       -4.18800351056020       -0.42989689639520
O           -3.54838172478376       -5.25048604283731       -0.16988277356508
O           -3.42910439128755       -2.99343615829704       -0.27081050143813
N           -2.12200786675086       -3.05678438881159        0.27956916786582
C           -1.47650862606525       -1.97404459688033        0.25030267689690
C           -0.07852935186840       -1.91526998451558        0.78336922579099
C            0.28772540993918       -0.43203837607352        0.72399125844819
C           -0.57901790406378        0.14123133132297       -0.40469395298268
C            0.05491889747252       -0.09224094595011       -1.78506012195925
C            1.39525916445893        0.58475110603850       -1.88668637577024
C            2.53683094419258       -0.08623056216457       -1.97879994632271
O            1.24428044378555        1.93844588070273       -1.84968253274290
C            2.40653546546574        2.74517564752928       -1.77049244404272
C            3.04006175591121        2.67014449129264       -0.41213467333329
C            4.32651449356016        2.57079247555654       -0.09811842149754
C            5.45587360956568        2.49341528023216       -1.07704700330303
C            4.73833658099980        2.51603488331366        1.35097268390379
C            4.79118286119169        1.07135875245480        1.88123083315129
C            5.94333244327420        0.30046681875282        1.32011976382200
C            5.90626727193412       -0.87609923133013        0.70547335298354
C            7.16276540807478       -1.54326083444607        0.22662937330110
C            4.64981291103268       -1.65785753779439        0.45136220641481
C           -1.90040827845823       -0.63116566948465       -0.28123114750099
C           -2.90381534225015        0.02171350151765        0.68484520457060
C           -3.58035608934478        1.24935153545445        0.07968614781167
C           -4.53681997944682        1.91306487980043        1.06792780963561
C           -5.22502798251914        3.13551747015823        0.46476152275941
C           -6.16808141157689        3.80526389759758        1.45652199196481
H           -7.81481926559231       -3.43267394191247        0.19919757311863
H           -8.22796089990152       -5.16743479787203        0.61239119680997
H           -6.13570151962394       -5.92092431697778       -0.41156221829059
H           -5.68875103319945       -2.90823565189471       -0.89822901498629
H           -5.33137276943533       -4.17765828884650       -2.09139334090365
H            0.57210694591178       -2.51141179917363        0.14132944089077
H           -0.01884876117600       -2.33805790880701        1.78509803019783
H            0.03596510467833        0.05393092729737        1.66772903229396
H            1.34854220130234       -0.27601045802599        0.53473510693160
H           -0.72266023947210        1.21553583482797       -0.27788950111923
H           -0.60674186826889        0.32572511026364       -2.54694851325245
H            0.17052122304334       -1.15960287108733       -1.96952939222698
H            2.52189724910127       -1.15944374035247       -2.02307919991288
H            3.50394151404774        0.37778902427073       -2.01830034465015
H            2.03571925157870        3.76273922224784       -1.94331776201512
H            3.10071376681235        2.48928903105656       -2.57737583562151
H            2.30962552237893        2.71296491154210        0.38687385274553
H            6.04597156459160        1.59983650249959       -0.87372965074332
H            5.11598462532322        2.46724375695214       -2.10774963354940
H            6.10843946206263        3.35786148611600       -0.95645814157506
H            4.02190474978136        3.07746733841043        1.95368551761439
H            5.72084568815125        2.97576247569311        1.47333076425323
H            3.84318537808564        0.57854667679143        1.66772488817482
H            4.90653137220701        1.11460354799169        2.96927465990160
H            6.90504455899288        0.77789489751200        1.46988178241632
H            8.04538769553110       -0.96541738722498        0.49005644049713
H            7.25081787377278       -2.53558244969888        0.66796452428074
H            7.13708640690147       -1.66538804892602       -0.85667464994024
H            4.77968398151620       -2.30591865497729       -0.41346928725228
H            3.80096417045587       -1.00390363841822        0.26703487026146
H            4.41650208196481       -2.28768966551314        1.31177366409454
H           -2.39635692675646       -0.75404000086182       -1.24940452064432
H           -2.38932220866081        0.30162213613006        1.60624867972334
H           -3.66993055022609       -0.71288306802100        0.94270721540525
H           -4.13434481773482        0.95149572808958       -0.81381449174970
H           -2.82575833862011        1.97596250393954       -0.22828365870467
H           -5.29397229626942        1.19023139696706        1.38104771728253
H           -3.98259617581526        2.21621434779111        1.95953583751096
H           -4.46675045557963        3.85381288618323        0.14457501090516
H           -5.78713883170949        2.83192795848738       -0.42138136313139
H           -6.64645493600643        4.67111163575125        1.00475739011900
H           -6.94356736152815        3.11183609060454        1.77446905328663
H           -5.62318383835598        4.13565867798279        2.33825267170000
74
 energy: -94.780489986457 gnorm: 0.001375283492 xtb: 6.7.1 (edcfbbe)
C           -7.53376473593592       -4.44703652932796        0.17575837547463
C           -6.41420067885947       -4.86332736246707       -0.38303957019539
C           -5.41040224342540       -3.95883360176510       -1.02772065638882
C           -4.02907269457351       -4.19273615863401       -0.43661460601748
O           -3.54712852110328       -5.25555786066070       -0.18293863579345
O           -3.43192429112586       -2.99753260061188       -0.26967522720736
N           -2.12614694678737       -3.06186502961536        0.28231463027950
C           -1.47847211175410       -1.98043149060551        0.25357059058316
C           -0.08100470051494       -1.92402204543280        0.78770529312264
C            0.28685332052356       -0.44103579419857        0.73159576820317
C           -0.57875118837180        0.13661781019077       -0.39592453918832
C            0.05423535975680       -0.08985661510983       -1.77784383166532
C            1.39394416824523        0.58823521161206       -1.87946401046907
C            2.53635169350485       -0.08105802980799       -1.97181671520087
O            1.24118117377472        1.94184466260525       -1.84488414971434
C            2.40290575960651        2.74869014770728       -1.76566958327966
C            3.03912076077927        2.66812653626366       -0.40858740335918
C            4.32639468392737        2.57244358541105       -0.09719289424065
C            5.45454034375652        2.50602811158294       -1.07886622547976
C            4.74163053418666        2.51535255870067        1.35044066486588
C            4.80030759894711        1.07027956599425        1.88094401125222
C            5.95088650762174        0.30075089091114        1.31525586232054
C            5.91039906820192       -0.87661094077243        0.70241783612384
C            7.16281511990571       -1.54528861431809        0.21591660244994
C            4.65127293760472       -1.65767345124960        0.45825158253186
C           -1.89977338670713       -0.63648476120978       -0.27810001429048
C           -2.90753029185007        0.01536085059996        0.68382058895390
C           -3.58178629324819        1.24196575008663        0.07436650953170
C           -4.53928698471638        1.90811087078348        1.05960011922983
C           -5.22382184007439        3.13160248070773        0.45487509694670
C           -6.16595210914059        3.80279589947018        1.44648370473593
H           -7.80880356856854       -3.40475482771479        0.19482283614787
H           -8.22884498132529       -5.13053206346039        0.63190544118295
H           -6.14438526028732       -5.91010532029534       -0.38815047606191
H           -5.68150549391996       -2.90864933988224       -0.91788134906616
H           -5.33804132174944       -4.19661041543088       -2.09419446471056
H            0.56914182574686       -2.51902222701261        0.14398572196834
H           -0.02161976064755       -2.34920903442729        1.78835484874458
H            0.03461941436564        0.04314594851805        1.67629480287937
H            1.34811362533214       -0.28569806401390        0.54401712801122
H           -0.72242196441862        1.21043224628606       -0.26351149312225
H           -0.60876017788409        0.33256249216878       -2.53606892958551
H            0.16930467497596       -1.15625085427926       -1.96790925456606
H            2.52464121115484       -1.15420778672054       -2.01623074163469
H            3.50138724401967        0.38720974516631       -2.01480180663689
H            2.03198885300204        3.76670081882743       -1.93381457765262
H            3.09562665616677        2.49590550953380       -2.57459368219491
H            2.30973501143379        2.70325030509041        0.39169654946989
H            6.05087364150578        1.61575449513807       -0.87954945649690
H            5.11295109280727        2.48074707366362       -2.10885717687964
H            6.10116256054330        3.37475524242139       -0.95656809750245
H            4.02487968144332        3.07334009408439        1.95596573588251
H            5.72306565587944        2.97744883519697        1.47135600938556
H            3.85258611841188        0.57523525609630        1.67309156901471
H            4.92125091056628        1.11638001498993        2.96801100305169
H            6.91307585904608        0.77876578484605        1.45953831633065
H            8.04863122711876       -0.97353183274378        0.48205092809897
H            7.24714921001917       -2.54162808019793        0.64891982464415
H            7.13407057667968       -1.65811750497631       -0.86833435872695
H            4.77946511356124       -2.31923241591438       -0.39565731776415
H            3.80578952215043       -1.00385459419250        0.26240158057990
H            4.41465825981280       -2.27218687737761        1.32758723879832
H           -2.39175661706962       -0.75828441426049       -1.24838871189239
H           -2.39731112593257        0.29615491996511        1.60724810387182
H           -3.67410485159951       -0.71965888449508        0.93848222359690
H           -4.13428842271100        0.94234476355547       -0.81949294353633
H           -2.82590083339879        1.96704200306619       -0.23407968834089
H           -5.29847002975251        1.18665566740785        1.37105145033334
H           -3.98662256952908        2.21042270190494        1.95246349245769
H           -4.46374754917202        3.84813767524593        0.13512352739296
H           -5.78583606919344        2.82896940860291       -0.43163456036678
H           -6.64445584840276        4.66840806853903        0.99469852154404
H           -6.94114125121600        3.10958496630627        1.76556328151434
H           -5.61997026113311        4.13332645395951        2.32747160046388
74
 energy: -94.780509976796 gnorm: 0.002182873023 xtb: 6.7.1 (edcfbbe)
C           -7.53178142067002       -4.40326493549057        0.18973167153818
C           -6.42077249933373       -4.84423211387257       -0.36753211980428
C           -5.41070074801112       -3.96502532712384       -1.03931097679291
C           -4.02979798921721       -4.20080704807776       -0.44935611487816
O           -3.54575385331220       -5.26433888988981       -0.20246855463232
O           -3.43502642823518       -3.00533377167873       -0.27083490954658
N           -2.13138603394858       -3.07160603338476        0.28474604606816
C           -1.48180255005372       -1.99118051048140        0.25779639914214
C           -0.08492913963591       -1.93694434886581        0.79312873074549
C            0.28385015777431       -0.45404911942330        0.74101812267901
C           -0.58002541929874        0.12775795574844       -0.38571060893116
C            0.05377490851444       -0.09033606116796       -1.76853591437627
C            1.39207244073837        0.59052670669493       -1.86796930338193
C            2.53609931648781       -0.07571574044976       -1.96264519858659
O            1.23652244751134        1.94392076766077       -1.83121526550415
C            2.39704513998394        2.75226366150849       -1.75315738104670
C            3.03875870805041        2.66703530024928       -0.39880662194036
C            4.32780589007825        2.57703079246379       -0.09275817614740
C            5.45230147409571        2.52357835239974       -1.07973134305888
C            4.74966127211675        2.51610459928545        1.35276140677064
C            4.81547505930338        1.07048119231438        1.88133643644900
C            5.96268239986709        0.30259226821770        1.30641178256091
C            5.91623486180189       -0.87581734659183        0.69610549914791
C            7.16286768853697       -1.54614538406114        0.19736793735279
C            4.65280385126818       -1.65535157990985        0.46699977671169
C           -1.90078446554179       -0.64662637611684       -0.27421628839321
C           -2.91299112050440        0.00505221484839        0.68285933795711
C           -3.58408176049491        1.23071471731653        0.06817579802388
C           -4.54342732138024        1.90055803206680        1.04880406645065
C           -5.22248869190806        3.12520121590643        0.44031272888167
C           -6.16356040351324        3.80117776342418        1.42975649280245
H           -7.79585955022825       -3.35748199289318        0.18851579587856
H           -8.23091677336523       -5.06964002806870        0.66577731945223
H           -6.16226033641587       -5.89415875004050       -0.35184711489273
H           -5.66982103425764       -2.90949342540886       -0.95214094893746
H           -5.34714108221658       -4.23004561773488       -2.10027839511075
H            0.56517009164280       -2.53053720552014        0.14812100433115
H           -0.02642586298085       -2.36472327253084        1.79264070029759
H            0.03020356564194        0.02776030798540        1.68661520333113
H            1.34552286895946       -0.29879090831725        0.55578895823281
H           -0.72478437672640        1.20079174980345       -0.24779240810653
H           -0.61030246274142        0.33581791934511       -2.52388431302654
H            0.17006667893005       -1.15553835096528       -1.96477153412349
H            2.52819773371018       -1.14859526018572       -2.01037987584052
H            3.49901568512077        0.39681148513029       -2.00697655551254
H            2.02412543507291        3.77050471690323       -1.91559246803818
H            3.08700595874746        2.50396627419069       -2.56599095301223
H            2.31184120629928        2.69291705791950        0.40417214110288
H            6.05723550389466        1.63772856901749       -0.88655115699748
H            5.10629732590983        2.49926433708037       -2.10827063524974
H            6.09182516992730        3.39760686595489       -0.95713288956126
H            4.03397451811142        3.07037461716649        1.96302233535143
H            5.73020423484823        2.98090014416253        1.47028266755631
H            3.86736188401602        0.57350641682285        1.68072650006335
H            4.94498566245600        1.11678970378002        2.96742553377319
H            6.92590898580637        0.78124888342331        1.44172515975616
H            8.05295013995464       -0.98176278625410        0.46503326096755
H            7.24385848146593       -2.54748716228439        0.61967007416155
H            7.12818151850888       -1.64744225895322       -0.88801703948980
H            4.78002123624064       -2.34085465377486       -0.36865353460237
H            3.81333456889234       -0.99999538245210        0.24936418538874
H            4.40736746351673       -2.24428734193860        1.35219024760310
H           -2.38836012025311       -0.76787744360178       -1.24683267892764
H           -2.40686906991106        0.28718248261475        1.60815328575861
H           -3.68054270229378       -0.72975465441478        0.93497427455907
H           -4.13412419560865        0.92931925108277       -0.82664131939874
H           -2.82630272181374        1.95396444729893       -0.24001154460681
H           -5.30563219058809        1.18145609775546        1.35839013862574
H           -3.99317371542518        2.20247557800584        1.94331971281494
H           -4.45934568614735        3.83845972814778        0.12036310005695
H           -5.78413407540191        2.82291482776358       -0.44655657563790
H           -6.64037387036784        4.66663578235803        0.97575885925775
H           -6.94001962651388        3.11009558277151        1.75062376083972
H           -5.61691223550178        4.13275271536274        2.30996608839305
74
 energy: -94.780524656077 gnorm: 0.001567026995 xtb: 6.7.1 (edcfbbe)
C           -7.53205145871275       -4.38873484348604        0.19441708974151
C           -6.42309132865811       -4.83704231844111       -0.36094412734228
C           -5.41187670904470       -3.96625980285886       -1.04104892867366
C           -4.03073217594136       -4.20268425976858       -0.45229100218983
O           -3.54472612982638       -5.26656661730676       -0.21081075850272
O           -3.43683019588209       -3.00733920229183       -0.26888700227284
N           -2.13315581709368       -3.07548620553953        0.28569574298220
C           -1.48257889067056       -1.99554855214806        0.25864345207554
C           -0.08547443720806       -1.94201118422402        0.79328131754439
C            0.28319629174048       -0.45908805654937        0.74286448626519
C           -0.58045416487314        0.12411906301025       -0.38318845203435
C            0.05376439727590       -0.08943526903610       -1.76653492550850
C            1.39175763180645        0.59214897894005       -1.86295691633712
C            2.53650089403628       -0.07342486753229       -1.95496183961036
O            1.23584355962432        1.94562155895360       -1.82675370913704
C            2.39628947414529        2.75432862723649       -1.74949174799338
C            3.03930896597549        2.66921182609383       -0.39591917521478
C            4.32876651171699        2.58036246181806       -0.09109454497526
C            5.45188331182258        2.53078667410348       -1.07946291078484
C            4.75230008764633        2.51698959797602        1.35400802689741
C            4.81966207102657        1.07082240449797        1.87972760317178
C            5.96558178533792        0.30317116199837        1.30159421074199
C            5.91745969243268       -0.87636743370308        0.69364630497427
C            7.16246390130451       -1.54688950709548        0.19107252233099
C            4.65326514185569       -1.65625753999070        0.47025489143343
C           -1.90115869252979       -0.65110206906261       -0.27337296871790
C           -2.91360638920118        0.00156609154503        0.68264057202858
C           -3.58436539080598        1.22645671832379        0.06606736519503
C           -4.54464019580461        1.89723272111925        1.04502172202211
C           -5.22207900552946        3.12221620109171        0.43530806306128
C           -6.16322474116559        3.79953604041438        1.42377133051592
H           -7.79319449982500       -3.34230253370778        0.18516652007856
H           -8.23226782736643       -5.04968725893680        0.67568037671936
H           -6.16826351535072       -5.88753053601865       -0.33783824312603
H           -5.66769788572661       -2.90982120640499       -0.96038586172861
H           -5.35216902933346       -4.23922921640039       -2.09972951010241
H            0.56418866365370       -2.53477756614372        0.14721205142555
H           -0.02651874974449       -2.37105308395232        1.79223029502556
H            0.02895377772590        0.02138478388221        1.68891333576811
H            1.34486856015183       -0.30342749264746        0.55829323546659
H           -0.72646020875282        1.19661146780251       -0.24296822015669
H           -0.61042952543033        0.33925132973188       -2.52056178428447
H            0.17041430681274       -1.15398645700356       -1.96661458416585
H            2.52926052209687       -1.14622557748854       -2.00338000243676
H            3.49925721033165        0.39939081641028       -1.99744563127328
H            2.02286107915073        3.77255896256474       -1.91187358728570
H            3.08541309120121        2.50610989772245       -2.56328379701155
H            2.31286800599848        2.69302535296620        0.40747376758478
H            6.06054454119675        1.64729836039491       -0.88774473058611
H            5.10427724809655        2.50576905802082       -2.10755156602659
H            6.08839265836901        3.40712208540433       -0.95764200395282
H            4.03686968230381        3.06979887715717        1.96590691399552
H            5.73254106038951        2.98263919168748        1.47114692935996
H            3.87125682959065        0.57390994586394        1.68015572034880
H            4.95134879715703        1.11484629848596        2.96574151208821
H            6.92898480687503        0.78269895839953        1.43272060735421
H            8.05373957174007       -0.98477138671794        0.45918945433218
H            7.24245347518727       -2.54963405734757        0.60998370804894
H            7.12620849289084       -1.64466131581374       -0.89453846501985
H            4.77999840591271       -2.34860613286522       -0.35926892645080
H            3.81484867121038       -1.00186963623972        0.24653887703451
H            4.40629300696059       -2.23719685818572        1.35975285739611
H           -2.38783582162314       -0.77255201965210       -1.24642807011340
H           -2.40727702510991        0.28522099221542        1.60739965452573
H           -3.68128593490992       -0.73263769240851        0.93622073729895
H           -4.13330157030812        0.92413062474771       -0.82911302475248
H           -2.82637032885059        1.94957862346135       -0.24193436922798
H           -5.30774189652096        1.17882903517237        1.35397129132960
H           -3.99533155663284        2.19917521942557        1.94012740890936
H           -4.45798923598975        3.83462553150496        0.11559843806167
H           -5.78326475403278        2.82005826601027       -0.45191472129683
H           -6.63927953227093        4.66511885249033        0.96900183106448
H           -6.94034245069549        3.10916571547376        1.74477848863874
H           -5.61681911134454        4.13131938287826        2.30407921819723
74
 energy: -94.780546422078 gnorm: 0.002386462010 xtb: 6.7.1 (edcfbbe)
C           -7.53166154549387       -4.33610236364293        0.21279569412384
C           -6.43146080867412       -4.81204971023647       -0.33860555742142
C           -5.41542263780850       -3.97205763235731       -1.05098880663898
C           -4.03326194628008       -4.21012022428396       -0.46511399038886
O           -3.54427919641576       -5.27551572937902       -0.23588937721298
O           -3.44211220105224       -3.01601803758426       -0.26755746444778
N           -2.13884794105909       -3.08892851344852        0.28746981334171
C           -1.48609082217289       -2.01004477197012        0.26106146747153
C           -0.08852533292704       -1.95857150235884        0.79456094691978
C            0.28008364120364       -0.47560234401000        0.74821078725799
C           -0.58230495202731        0.11131646427230       -0.37663323776171
C            0.05561619429908       -0.09127910804207       -1.75992636160100
C            1.39188388127971        0.59448431449294       -1.84696160618756
C            2.53914081444312       -0.06782997072158       -1.93380633774785
O            1.23338341750601        1.94779736504180       -1.80634291229171
C            2.39251937827507        2.75936422757251       -1.73188780420930
C            3.04143064330297        2.67485063230558       -0.38152517721478
C            4.33275421032446        2.59044364075876       -0.08284098534680
C            5.45038129620514        2.55149210730889       -1.07700344326129
C            4.76375066799471        2.52157046864747        1.36048409980677
C            4.83526341184795        1.07330559429999        1.87611048503627
C            5.97612851221988        0.30704609863089        1.28495727270215
C            5.92156906699198       -0.87535836397046        0.68307668120071
C            7.16085376120681       -1.54649582220857        0.16678847875777
C            4.65412318867496       -1.65545160547817        0.47880158604891
C           -1.90317402362036       -0.66590998418220       -0.27133597501449
C           -2.91683732741160       -0.01030918159712        0.68133225683748
C           -3.58660270995192        1.21261070429665        0.05950594049772
C           -4.54934466042542        1.88668239729044        1.03373154716774
C           -5.22158419626855        3.11235690035445        0.41921149504176
C           -6.16307848494013        3.79554074043465        1.40321496668922
H           -7.77890682306866       -3.28663586557589        0.17788033494410
H           -8.23663070598182       -4.97662769840851        0.71508640708875
H           -6.19201111522613       -5.86563149816890       -0.29058751613469
H           -5.65915371943088       -2.91033041523806       -0.99659540796318
H           -5.36719482411150       -4.27676964488759       -2.10209731624316
H            0.56045780459986       -2.54980378997077        0.14661296500236
H           -0.02925791169603       -2.39050762069847        1.79234847644182
H            0.02476650637688        0.00177674724507        1.69532990102840
H            1.34178818070167       -0.31942447929365        0.56504124207549
H           -0.73164819477638        1.18247499221246       -0.23123694337359
H           -0.60812660526881        0.34118360313042       -2.51252186214770
H            0.17573042119923       -1.15407420399429       -1.96815648015811
H            2.53347447597026       -1.14052478367430       -1.98615569714252
H            3.50198277802314        0.40530589669672       -1.96737947610218
H            2.01552280663716        3.77699343494324       -1.89314115824144
H            3.07859121124031        2.51286962333188       -2.54933629701613
H            2.31821989017162        2.69410350539287        0.42480139331917
H            6.06945644376944        1.67447355518348       -0.88969120504799
H            5.09676336651252        2.52368483903859       -2.10328650422306
H            6.07897618725792        3.43413778547256       -0.95910960847203
H            4.05025168630880        3.07042222008634        1.97829642598061
H            5.74359663602283        2.98930865943243        1.47479912985072
H            3.88518734385514        0.57728055922920        1.68017979238391
H            4.97499337192420        1.10869472778935        2.96189026218999
H            6.94026611881452        0.78866284603126        1.40267092379015
H            8.05586924737886       -0.98857662311461        0.43095298607644
H            7.24113297498127       -2.55171044073877        0.57893588149325
H            7.11588328354931       -1.63765987574284       -0.91913000354797
H            4.77985430533618       -2.37397950839894       -0.32873612699222
H            3.82060307264523       -1.00243983068352        0.23170444585608
H            4.39836485990466       -2.20720277371529        1.38481835663233
H           -2.38698792935666       -0.78813871681570       -1.24581599327630
H           -2.41013809221202        0.27716968514342        1.60491771173781
H           -3.68503321044527       -0.74294520372633        0.93848571590015
H           -4.13270482769691        0.90779350980493       -0.83654512827813
H           -2.82789317258544        1.93519380474364       -0.24813536706947
H           -5.31522621393763        1.17072608470402        1.34133396621633
H           -4.00264435007538        2.18924412673897        1.93025880924501
H           -4.45436830105001        3.82161410670645        0.09973868005406
H           -5.78134308789074        2.80984692939664       -0.46883043762225
H           -6.63510861970461        4.66142747583484        0.94450064001625
H           -6.94354239088811        3.10892674393774        1.72435210289225
H           -5.61810617704191        4.12845072041338        2.28401931942180
74
 energy: -94.780554662594 gnorm: 0.001504833103 xtb: 6.7.1 (edcfbbe)
C           -7.53237163613824       -4.33870209345489        0.21259458465661
C           -6.43152253763539       -4.81216520625465       -0.33845941505820
C           -5.41695100844333       -3.97062513330223       -1.04850595597975
C           -4.03400637646938       -4.20872017810862       -0.46412425744225
O           -3.54523951012162       -5.27438107234695       -0.23574904014729
O           -3.44293054602193       -3.01501263595048       -0.26646138438248
N           -2.13899252809128       -3.08807281846728        0.28767059668139
C           -1.48586555627145       -2.00949380644038        0.26023671366407
C           -0.08795350089838       -1.95852593891787        0.79297075604801
C            0.28123231890948       -0.47571133489167        0.74656217039816
C           -0.58137221918369        0.11151161060172       -0.37801460805249
C            0.05686420450030       -0.09090418020990       -1.76117278984731
C            1.39319588785242        0.59493044246129       -1.84707957673855
C            2.54051562488848       -0.06762756649546       -1.93102950478931
O            1.23463227795825        1.94816326127387       -1.80731762850116
C            2.39376577526480        2.75987094908780       -1.73280092838819
C            3.04185691802598        2.67693146963412       -0.38200706357297
C            4.33295574390732        2.59165129586113       -0.08282924193554
C            5.45102190614053        2.55067017914257       -1.07627162900715
C            4.76307330295452        2.52223790932907        1.36066088107211
C            4.83335847128478        1.07338411835684        1.87469493935998
C            5.97427284350938        0.30734709730711        1.28364638685939
C            5.92042162323448       -0.87545062399606        0.68252245674468
C            7.16009894293440       -1.54628433480762        0.16703014670592
C            4.65382326779400       -1.65652192438374        0.47831116575099
C           -1.90249606533383       -0.66528788516412       -0.27239960394770
C           -2.91560233378175       -0.00942968982379        0.68077795016555
C           -3.58645450918789        1.21302247195967        0.05921075177276
C           -4.54892110650341        1.88652200131882        1.03416030389275
C           -5.22207114920522        3.11196937584001        0.42027924953046
C           -6.16425540363127        3.79394221006045        1.40438166928001
H           -7.78083068117175       -3.29012766705870        0.17868960026792
H           -8.23642854919573       -4.98026007882461        0.71359211135137
H           -6.19088910437570       -5.86489540414360       -0.29184954513192
H           -5.66176656732729       -2.91010938335552       -0.99150858011928
H           -5.36919593259984       -4.27221774439539       -2.09943794616909
H            0.56045931515047       -2.55000887056834        0.14463751384931
H           -0.02824389337822       -2.39055500793013        1.79069613233884
H            0.02676066327234        0.00180070815372        1.69381990787612
H            1.34289051157361       -0.32003385600465        0.56267705552513
H           -0.73053396968027        1.18268706170904       -0.23251286006768
H           -0.60644430297235        0.34149397876794       -2.51409937827962
H            0.17727175954867       -1.15361563528686       -1.96931541901827
H            2.53415272492938       -1.14044458931016       -1.98198938468482
H            3.50390854062943        0.40460165469880       -1.96219874903155
H            2.01681466983736        3.77723252938799       -1.89549714873745
H            3.08043913163186        2.51229804313204       -2.54933596250291
H            2.31845863243752        2.69738073293699        0.42413745208475
H            6.06965558651112        1.67378929932470       -0.88724283400316
H            5.09809850126170        2.52130543569291       -2.10272543638708
H            6.07975014222130        3.43328512371783       -0.95928445940312
H            4.04943134081569        3.07089459939957        1.97841685453569
H            5.74301476894389        2.98945720865166        1.47596163776274
H            3.88311576115538        0.57830087341758        1.67696895628812
H            4.97189072533821        1.10702076715827        2.96063514843606
H            6.93809240396414        0.78935763103158        1.40118636639692
H            8.05450651383400       -0.98593541609876        0.42821772276258
H            7.24246712739265       -2.54987327737931        0.58261154414556
H            7.11401995224442       -1.64126126033960       -0.91846900114195
H            4.77919097021279       -2.37252176288110       -0.33047860216470
H            3.81907061962423       -1.00472929523783        0.23411117731174
H            4.40018361174725       -2.21027616884582        1.38272094017122
H           -2.38663645505770       -0.78746769287755       -1.24673394951231
H           -2.40809951947063        0.27856657533399        1.60377847042182
H           -3.68335835256713       -0.74217871872664        0.93894944674929
H           -4.13310527012211        0.90777877742533       -0.83633959381643
H           -2.82842504878339        1.93604072662738       -0.24908350834772
H           -5.31427455898471        1.17015196862535        1.34205816452390
H           -4.00182293157608        2.18915907971784        1.93040436602312
H           -4.45538186268835        3.82197197678174        0.10133135313309
H           -5.78147005057117        2.80949015296105       -0.46799974937872
H           -6.63620301499890        4.66006320084509        0.94615849490141
H           -6.94473124660403        3.10691993914375        1.72443107272826
H           -5.61988578441045        4.12622581543271        2.28578434626053
74
 energy: -94.780570642270 gnorm: 0.001127841640 xtb: 6.7.1 (edcfbbe)
C           -7.53128167138761       -4.31926913273330        0.22168479312791
C           -6.43523703508720       -4.80257222809571       -0.33064528545655
C           -5.42004094313334       -3.97179800633041       -1.05191579639650
C           -4.03671319629835       -4.21061106342716       -0.46754146399249
O           -3.54906727493011       -5.27757528340901       -0.24275283655903
O           -3.44607043314012       -3.01808380239833       -0.26783807920302
N           -2.14127604569825       -3.09127432044744        0.28610682685211
C           -1.48736894464263       -2.01335880050808        0.25869868824296
C           -0.08989526084346       -1.96437288692101        0.79309271907283
C            0.28182490964453       -0.48211442779135        0.74822382261913
C           -0.57975325100552        0.10761226819435       -0.37618734024593
C            0.06069066700732       -0.09349481293372       -1.75843223475136
C            1.39599008508205        0.59513544797957       -1.84178414351161
C            2.54428736835542       -0.06563715673673       -1.92526644171195
O            1.23451732343334        1.94766715893022       -1.79923759673425
C            2.39221503744042        2.76148112037230       -1.72539790183786
C            3.04252338812180        2.67903452218922       -0.37546713042172
C            4.33434842919357        2.59541602420976       -0.07928921951864
C            5.45121763885656        2.55494127962806       -1.07456565593297
C            4.76705805337463        2.52455064576787        1.36304304391589
C            4.83778787443412        1.07405792942233        1.87373291565601
C            5.97691306560856        0.30959992388609        1.27798902975567
C            5.92118045795605       -0.87357695276710        0.67775685974958
C            7.15846975995739       -1.54385603822951        0.15595068365657
C            4.65363354101762       -1.65516932400582        0.48111024015297
C           -1.90155625218023       -0.66800627856574       -0.27368456080706
C           -2.91676451070430       -0.01307963024376        0.67820109205459
C           -3.58824111680283        1.20858825942930        0.05581639264510
C           -4.55047054293629        1.88301732748613        1.03055564558819
C           -5.22320371834808        3.10814150920178        0.41580034075082
C           -6.16648143353341        3.79060836372434        1.39843481552716
H           -7.77486977792321       -3.26997286508400        0.17928998877547
H           -8.23659385392845       -4.95263604626546        0.73142525204035
H           -6.19892577429850       -5.85587048001375       -0.27611735147797
H           -5.66067074762360       -2.91005457748518       -1.00341034605885
H           -5.37664685133428       -4.28311987861172       -2.09989856682915
H            0.55805783615587       -2.55621449141898        0.14436751789248
H           -0.03100510599648       -2.39745372190978        1.79043237050120
H            0.02888331988593       -0.00483453168830        1.69607457006843
H            1.34380067633116       -0.32838539641395        0.56394373245480
H           -0.72782904094213        1.17884501026067       -0.22898058617934
H           -0.60178611702760        0.33727582611438       -2.51268200259689
H            0.18383210633694       -1.15586552325209       -1.96570667478319
H            2.53860931600285       -1.13870504287105       -1.97756326615145
H            3.50750862017042        0.40737688371678       -1.95360797946732
H            2.01332244186601        3.77803583914305       -1.88680487553886
H            3.07872909906827        2.51536260007168       -2.54218448612718
H            2.32110490055399        2.69793840076379        0.43266411530726
H            6.07129824037638        1.67921340120174       -0.88451616803147
H            5.09744549996012        2.52278248069881       -2.10050730875153
H            6.07835754988688        3.43891729231534       -0.95964631589576
H            4.05450561905769        3.07175561324472        1.98328120131862
H            5.74726622667466        2.99106001962985        1.47772125701179
H            3.88683828248870        0.58028465000077        1.67606613253765
H            4.97816163029104        1.10496768496605        2.95931815918190
H            6.94064396066640        0.79263956618838        1.39059062083725
H            8.05349556736636       -0.97911145825615        0.40663291465735
H            7.24719587785534       -2.54474882687512        0.57718278253394
H            7.10368555682848       -1.64549248347448       -0.92878397720023
H            4.77788715582538       -2.37877936546243       -0.32079724237609
H            3.81992001126256       -1.00423957590750        0.23085349354330
H            4.39902090330527       -2.19954417678719        1.39075044921945
H           -2.38383389137738       -0.78886829566639       -1.24912721303566
H           -2.41102602301191        0.27520075164330        1.60203506128950
H           -3.68401589427644       -0.74678492241899        0.93479326799057
H           -4.13569298593942        0.90204902936838       -0.83877465117260
H           -2.83064128149287        1.93133726151542       -0.25415404299913
H           -5.31593656606944        1.16689544814957        1.33872679296998
H           -4.00328788196528        2.18593650131535        1.92660782707507
H           -4.45624489204539        3.81797378315763        0.09739511031127
H           -5.78171119880381        2.80524165933497       -0.47287196314305
H           -6.63671450445857        4.65707715714857        0.93949733305968
H           -6.94805815753292        3.10429190009981        1.71686138041069
H           -5.62331582099880        4.12222126496590        2.28079328728111
74
 energy: -94.780588032376 gnorm: 0.002103451538 xtb: 6.7.1 (edcfbbe)
C           -7.52907207116177       -4.27551032695698        0.24073214389010
C           -6.44324781565344       -4.78110060156186       -0.31213992751848
C           -5.42551620126433       -3.97479833395909       -1.06007858526241
C           -4.04061822663420       -4.21591740313626       -0.47929001226793
O           -3.55535177149188       -5.28487885687905       -0.25811581360009
O           -3.45086982481325       -3.02495677210986       -0.27363797696059
N           -2.14669845951133       -3.09877855871465        0.28383329860106
C           -1.49076521215409       -2.02224728673147        0.25708043182538
C           -0.09398310462951       -1.97746271819164        0.79363437328233
C            0.28118501707748       -0.49592441589164        0.75333308148331
C           -0.57767450888739        0.09912626871668       -0.37066825144360
C            0.06707104810658       -0.09802776718684       -1.75143812829589
C            1.40027289049485        0.59582992183690       -1.83064738740179
C            2.55071166163854       -0.06112202969881       -1.91608980324202
O            1.23338832907325        1.94719860469655       -1.78175890130122
C            2.38821432761807        2.76513506471496       -1.70997723850269
C            3.04371028015001        2.68187212800917       -0.36234569829287
C            4.33710222771227        2.60204509086552       -0.07212846495744
C            5.45082115904586        2.56634680673938       -1.07183424961952
C            4.77605638168441        2.52828101641821        1.36784028583664
C            4.84840749587407        1.07516586900381        1.87279759343222
C            5.98385741084333        0.31342275248700        1.26708857867007
C            5.92366147628544       -0.87049691758859        0.66862490806121
C            7.15569842227742       -1.53910772801142        0.13273230224803
C            4.65380561104852       -1.65355032449057        0.48955402687459
C           -1.90040377511014       -0.67499902559732       -0.27478357950573
C           -2.91964643295844       -0.02168998752638        0.67412594812138
C           -3.59118342526455        1.19862941363744        0.04925082537833
C           -4.55363687687889        1.87520800417552        1.02246771992293
C           -5.22468042264358        3.09976784280890        0.40480301396374
C           -6.17000578603935        3.78415033519531        1.38430798994426
H           -7.76187812037563       -3.22430053434160        0.18064697975396
H           -8.23651252623625       -4.89121991401667        0.76973579723072
H           -6.21679645425497       -5.83605079988650       -0.23947973098224
H           -5.65506439336508       -2.90897655556577       -1.03212314822543
H           -5.39259498644063       -4.31052013896057       -2.10200644450194
H            0.55342209611057       -2.56879563012063        0.14369020674039
H           -0.03700671152165       -2.41356879075465        1.78966605927248
H            0.02925276369151       -0.02035220503416        1.70237913696743
H            1.34377477445540       -0.34461681313432        0.57002335562900
H           -0.72443586177069        1.17017660017062       -0.21975286746314
H           -0.59441094139594        0.33103502525139       -2.50722109332970
H            0.19475366862568       -1.15970152427956       -1.95903425669745
H            2.54788392190816       -1.13412530319398       -1.97309687747398
H            3.51256668007827        0.41491597324959       -1.94130193255576
H            2.00548264222237        3.78050862009024       -1.86795317557328
H            3.07341551397247        2.52260049268027       -2.52871176259879
H            2.32614318365048        2.69749930132200        0.44917900208743
H            6.07529096641033        1.69346653611466       -0.88218212896380
H            5.09396071334427        2.53047849057765       -2.09648774309867
H            6.07400800113139        3.45357176398076       -0.96028995527229
H            4.06620987133593        3.07314898374366        1.99317463179914
H            5.75693226064586        2.99369935535904        1.48017006179935
H            3.89633786666369        0.58315387857582        1.67664000336410
H            4.99348709093894        1.10173587494518        2.95770749944814
H            6.94777702074298        0.79860812557231        1.36911970766988
H            8.05187967239328       -0.96752932119912        0.36411339642785
H            7.25655709190838       -2.53585517839676        0.56175684280064
H            7.08402009595777       -1.65080241340840       -0.95019301324738
H            4.77502099486393       -2.39539719745830       -0.29677314806708
H            3.82254426576228       -1.00480412343953        0.22532351278926
H            4.39747971744239       -2.17650733104431        1.41166801904400
H           -2.37874049608654       -0.79310886522062       -1.25248341442515
H           -2.41743930972864        0.26725936633182        1.59956504372245
H           -3.68630900520331       -0.75689220817818        0.92773242972369
H           -4.13903245100501        0.88990448185890       -0.84438891188196
H           -2.83360110051524        1.92053354832204       -0.26278587172471
H           -5.31983839543007        1.15995175488592        1.33090886110313
H           -4.00706343002525        2.17898052856040        1.91858581192649
H           -4.45672619958365        3.80879976995287        0.08705394052802
H           -5.78139352938656        2.79580536816090       -0.48462661188358
H           -6.63695534761442        4.65136946519771        0.92347741033580
H           -6.95392039747580        3.09937772142559        1.70030087298212
H           -5.62909104069477        4.11493375626216        2.26836282419698
74
 energy: -94.780598411018 gnorm: 0.002018327056 xtb: 6.7.1 (edcfbbe)
C           -7.52818941854631       -4.26055772280939        0.24802219706571
C           -6.44618424832646       -4.77318185789988       -0.30557773581605
C           -5.42839384239190       -3.97460424713109       -1.06124152887192
C           -4.04298497607396       -4.21699259578036       -0.48206751259408
O           -3.55802181015562       -5.28664527238141       -0.26325089166362
O           -3.45261178379761       -3.02656309364350       -0.27574791590684
N           -2.14836612950355       -3.10131523491129        0.28133028880275
C           -1.49151653132418       -2.02533197699766        0.25503431652540
C           -0.09513874757524       -1.98218532319170        0.79275092418354
C            0.28097251283650       -0.50083708229097        0.75488291589239
C           -0.57642403019589        0.09630426294442       -0.36911978390652
C            0.06994387736224       -0.09934229922124       -1.74933929466519
C            1.40240376913687        0.59627763534868       -1.82691285447297
C            2.55364081441734       -0.05916261780656       -1.91358200004357
O            1.23365414667375        1.94723453431163       -1.77607068528585
C            2.38729452618537        2.76686026054342       -1.70525103842678
C            3.04436608517938        2.68369790042060       -0.35835861778549
C            4.33812890731592        2.60446725050861       -0.06975604705900
C            5.45074184063460        2.57001622617507       -1.07081326512647
C            4.77895305121555        2.52935799753580        1.36950233800882
C            4.85118091107922        1.07542262560508        1.87253209605105
C            5.98540018736629        0.31445037067243        1.26356300431679
C            5.92402761741948       -0.86982450166729        0.66591992377914
C            7.15431747970077       -1.53708037886190        0.12475702088453
C            4.65396531814818       -1.65420190329454        0.49367237459856
C           -1.89955409386645       -0.67727474535161       -0.27596022537755
C           -2.91987094882329       -0.02458630943776        0.67226157437415
C           -3.59162922228470        1.19533861864795        0.04689099589349
C           -4.55414508476769        1.87230643779813        1.01977461619085
C           -5.22544338085372        3.09636387549222        0.40138779417561
C           -6.17206953864312        3.78031479089461        1.37999100921009
H           -7.75804050674315       -3.20905683873239        0.18230640011609
H           -8.23575827181185       -4.87051415328745        0.78298890268763
H           -6.22239691348433       -5.82821837256675       -0.22738898587000
H           -5.65463714405924       -2.90835459569143       -1.03860723768435
H           -5.39978421987862       -4.31635550926563       -2.10091131687746
H            0.55228505112508       -2.57284168208513        0.14223440127114
H           -0.03916562384309       -2.41992676873000        1.78808287641327
H            0.02857349750294       -0.02645947054286        1.70440273219801
H            1.34382758767387       -0.34996553251214        0.57271770535937
H           -0.72281505758867        1.16722377048164       -0.21689934654043
H           -0.59122486424689        0.32927472668519       -2.50565029860585
H            0.19909777848571       -1.16078367663672       -1.95729767181069
H            2.55234437688345       -1.13196405810593       -1.97321907477071
H            3.51468326379200        0.41845400607133       -1.93884387315839
H            2.00306591631707        3.78176719020149       -1.86240114587723
H            3.07202520327562        2.52556310719088       -2.52477431204641
H            2.32780115304172        2.69840715585535        0.45396291086296
H            6.07649862465528        1.69798003394264       -0.88144545730234
H            5.09278702420169        2.53314813900912       -2.09503869826567
H            6.07284319036784        3.45811261637987       -0.96040653734189
H            4.07031381015483        3.07388120487730        1.99645241455708
H            5.76029033291697        2.99399768005240        1.48102498204797
H            3.89869905704547        0.58413427351630        1.67662421571575
H            4.99755194417731        1.10039898656045        2.95731181654797
H            6.94921804035609        0.80065876310750        1.36181055308085
H            8.05005528951746       -0.96097627458488        0.34616132105967
H            7.26213311751671       -2.53101040701766        0.55878612019347
H            7.07494594716518       -1.65537302142894       -0.95683572174792
H            4.77418487449977       -2.40137040141105       -0.28780532721297
H            3.82254560587315       -1.00687247142890        0.22571375998739
H            4.39871479368961       -2.17058178505679        1.41986826445342
H           -2.37657384144411       -0.79388401886023       -1.25444494746088
H           -2.41859990289984        0.26464086088243        1.59807988940972
H           -3.68628891369462       -0.76024467762929        0.92521311382059
H           -4.13959338599987        0.88603040732906       -0.84649542557939
H           -2.83412901024599        1.91709786457220       -0.26568846312574
H           -5.32019925390672        1.15704623153553        1.32860411674047
H           -4.00765408089517        2.17666349662011        1.91574831660563
H           -4.45766638397071        3.80583924598973        0.08417134668735
H           -5.78124138513783        2.79191338075789       -0.48844704157747
H           -6.63819964113605        4.64793644187562        0.91903026919023
H           -6.95658178858558        3.09544584482497        1.69438081537997
H           -5.63238254822474        4.11041266306581        2.26506146825822
74
 energy: -94.780621268619 gnorm: 0.001887718619 xtb: 6.7.1 (edcfbbe)
C           -7.52588450318959       -4.21899466425508        0.26871381032964
C           -6.45427942083130       -4.75112625713041       -0.28685877560845
C           -5.43618569663392       -3.97400649294237       -1.06452543719944
C           -4.04930750885102       -4.21969621721662       -0.49057642463962
O           -3.56522011529123       -5.29052762074903       -0.27574229432376
O           -3.45635522054718       -3.03052864343808       -0.28329227097252
N           -2.15275280012862       -3.10857081400833        0.27377732753743
C           -1.49327184574148       -2.03408098303288        0.24940530399688
C           -0.09788459738078       -1.99509592992274        0.79000484883323
C            0.28001491273370       -0.51403752744931        0.75936962871205
C           -0.57313544607119        0.08830790015446       -0.36496012773895
C            0.07741122724949       -0.10260393641448       -1.74386296215611
C            1.40779372695528        0.59750582698485       -1.81768573210597
C            2.56121539052111       -0.05352174902562       -1.90877987877952
O            1.23441468424489        1.94759410492410       -1.76130694530286
C            2.38492519159833        2.77172805769005       -1.69290560325228
C            3.04638902245528        2.68876096405622       -0.34821402554316
C            4.34110000324022        2.61075201705345       -0.06366737372589
C            5.45034947076818        2.58035648524161       -1.06851958727534
C            4.78669543252537        2.53168732100413        1.37392407219608
C            4.85897509145414        1.07627886494668        1.87271280101036
C            5.98968794118903        0.31662072781888        1.25556950190157
C            5.92497813148478       -0.86846523660523        0.65989810714285
C            7.15046403019051       -1.53197624853866        0.10398628112992
C            4.65465416998124       -1.65628342835056        0.50547686654224
C           -1.89745931242269       -0.68413328673015       -0.27918817919139
C           -2.92037894177460       -0.03264459525619        0.66710614474950
C           -3.59210568095450        1.18656823602091        0.04032230725347
C           -4.55510926857622        1.86430788027158        1.01207302449410
C           -5.22746614018710        3.08694605346137        0.39203250247467
C           -6.17771516678743        3.76893927954327        1.36850223378493
H           -7.74737065331975       -3.16661401295835        0.18764186456478
H           -8.23357093775718       -4.81331930233837        0.82116374741948
H           -6.23845731326024       -5.80659685432972       -0.19360999892129
H           -5.65307006197440       -2.90587588789951       -1.05717985822862
H           -5.41963081492154       -4.33332780096874       -2.09822547374395
H            0.55005567076095       -2.58349729544304        0.13806472933050
H           -0.04470197646806       -2.43749080544089        1.78338226742775
H            0.02486430376416       -0.04350021606571        1.71006532935605
H            1.34360820260364       -0.36341528435228        0.58140826422445
H           -0.71913006780511        1.15873862515744       -0.20925617374985
H           -0.58335652949719        0.32534355565351       -2.50106749502521
H            0.21026986585561       -1.16330126157833       -1.95364588869038
H            2.56464523872560       -1.12564544336262       -1.97486937494415
H            3.51987482426004        0.42887165482171       -1.93391216375505
H            1.99635592940781        3.78547335380879       -1.84743677025687
H            3.06799225489349        2.53447089042423       -2.51521667219345
H            2.33205351761833        2.70006637678414        0.46605304352799
H            6.07982890116435        1.71048600998484       -0.88169113021406
H            5.08900250268737        2.54244392305918       -2.09153344392262
H            6.06960159832875        3.47063031431921       -0.96022816738115
H            4.08119938653986        3.07569523953316        2.00476019203161
H            5.76912353448793        2.99467323101796        1.48299427997258
H            3.90534254244134        0.58649012928827        1.67847163429507
H            5.00931916392235        1.09750320958894        2.95711183780282
H            6.95312828967347        0.80580455033376        1.34298904440817
H            8.04480261832945       -0.94373903318919        0.29808492431357
H            7.27742360891291       -2.51813489491728        0.55107689210733
H            7.04977144687221       -1.66804184387675       -0.97376551459033
H            4.77175337126298       -2.41512433753953       -0.26389016641481
H            3.82199621670941       -1.01408447555507        0.23005968252631
H            4.40344759354960       -2.15715395755532        1.44014410445828
H           -2.37094583717698       -0.79702903368915       -1.25979071974375
H           -2.42125117420149        0.25727628313671        1.59383798161010
H           -3.68658427820734       -0.76897212065705        0.91878063770194
H           -4.13974772323201        0.87620592373828       -0.85291685960362
H           -2.83449549040223        1.90797513966147       -0.27282063243602
H           -5.32064429375597        1.14891832707212        1.32193884758894
H           -4.00893783617781        2.17039597543921        1.90766375813910
H           -4.46042927712604        3.79798461719014        0.07646289868668
H           -5.78071241826827        2.78129706118353       -0.49898052276366
H           -6.64228238974618        4.63748963509396        0.90763385903434
H           -6.96335776565387        3.08331720963617        1.67855972617436
H           -5.64134050506491        4.09725253771654        2.25626015834254
74
 energy: -94.780630473401 gnorm: 0.000831568518 xtb: 6.7.1 (edcfbbe)
C           -7.52452170651266       -4.21673802503324        0.26992542116753
C           -6.45387508884287       -4.74944388876584       -0.28547879260688
C           -5.43635303717131       -3.97417545727826       -1.06443151601386
C           -4.04913651449607       -4.21951502548821       -0.49174811731878
O           -3.56530301965663       -5.28983293333738       -0.27408201117701
O           -3.45506566942040       -3.03016619488749       -0.28585882758106
N           -2.15239229092152       -3.10922457092947        0.27254001657576
C           -1.49297682389790       -2.03465130113377        0.24931050724493
C           -0.09731140144502       -1.99534137541125        0.78919494493605
C            0.27952099751268       -0.51400473352249        0.75898132697788
C           -0.57349962013349        0.08796235067916       -0.36547531886984
C            0.07690888904699       -0.10251000660256       -1.74445935686428
C            1.40712468165108        0.59746743029746       -1.81897668383718
C            2.56054015066992       -0.05302699578670       -1.91147790293649
O            1.23419906897513        1.94776968951501       -1.76188475064304
C            2.38476924779793        2.77183965762037       -1.69277862515007
C            3.04646930593528        2.68772749355408       -0.34849644607195
C            4.34117877422395        2.60959476941674       -0.06380340128018
C            5.44981484427804        2.58084270138726       -1.06888489320747
C            4.78666005609570        2.53122585435468        1.37411155927654
C            4.85990674602498        1.07667773259811        1.87359021120648
C            5.99005876584472        0.31660554875558        1.25575161065490
C            5.92501009320803       -0.86866994382924        0.66064467843838
C            7.15026819321530       -1.53262439177687        0.10495400229990
C            4.65513133531085       -1.65688175438456        0.50652172997302
C           -1.89783058413207       -0.68502708232439       -0.27912732152016
C           -2.92034489743775       -0.03292739229016        0.66704050954356
C           -3.59126916875256        1.18681033823942        0.04031282652956
C           -4.55477120636543        1.86405827644967        1.01185143217104
C           -5.22756785373618        3.08662031145355        0.39201661744001
C           -6.17806591185677        3.76785043631113        1.36871369125221
H           -7.74499102470189       -3.16464557730026        0.18878491812333
H           -8.23213088218737       -4.81051017152891        0.82189140834321
H           -6.24003145548529       -5.80493382662847       -0.19254837884335
H           -5.65328773795155       -2.90625872036504       -1.05809986800427
H           -5.42085220084119       -4.33463035778126       -2.09726951935866
H            0.55098042778381       -2.58328885646347        0.13730605965125
H           -0.04389661814431       -2.43794078590949        1.78249146588275
H            0.02306169739079       -0.04400060677954        1.70950580548240
H            1.34303363955648       -0.36238415868426        0.58186844668356
H           -0.72017092190558        1.15825507877379       -0.20994725360804
H           -0.58442184325139        0.32579096546343       -2.50115768174474
H            0.20968805358543       -1.16309034877956       -1.95502617292506
H            2.56437615568969       -1.12511520499707       -1.97669833884011
H            3.51919557679936        0.42932343546639       -1.93551906606861
H            1.99583821901488        3.78572971100014       -1.84627971652869
H            3.06727813454500        2.53576695424652       -2.51584895234908
H            2.33191840744631        2.69902257910196        0.46561686037883
H            6.07955202125683        1.71086996931022       -0.88450774704260
H            5.08769406102287        2.54528731736248       -2.09179492193124
H            6.06931200919875        3.47083833660900       -0.95918935738772
H            4.08075509822480        3.07548633798895        2.00437307758585
H            5.76872586778153        2.99516090993011        1.48272665326104
H            3.90623347159158        0.58625418643638        1.68119267618037
H            5.01157502648530        1.09854460739910        2.95779981647025
H            6.95343881448460        0.80559509070438        1.34291367806783
H            8.04404401309838       -0.94450598260875        0.29782170955363
H            7.27796949032399       -2.51815149914194        0.55168638111091
H            7.04905072318820       -1.66918656581889       -0.97201426945581
H            4.77247243204135       -2.41644723748344       -0.26262565197494
H            3.82181592289348       -1.01478609742412        0.23168030788823
H            4.40390561586101       -2.15779247569192        1.44172242361441
H           -2.37147072496671       -0.79850880137797       -1.25962450616942
H           -2.42069277084507        0.25670943906273        1.59367714659357
H           -3.68711565019344       -0.76862653208060        0.91910468321929
H           -4.13809276596024        0.87720848600999       -0.85367717886692
H           -2.83326210071040        1.90836221779650       -0.27154703291244
H           -5.32013688563118        1.14845546804872        1.32162566139854
H           -4.00882150444867        2.17033681365801        1.90751879544564
H           -4.46081927934382        3.79808203792798        0.07662624087530
H           -5.78064809864640        2.78105624830130       -0.49914423256826
H           -6.64346349338644        4.63611315452833        0.90806075619405
H           -6.96312788268063        3.08168996610108        1.67905306485690
H           -5.64175739301717        4.09657297779928        2.25633651184906
74
 energy: -94.780636425851 gnorm: 0.000769093662 xtb: 6.7.1 (edcfbbe)
C           -7.52358542089060       -4.21288526226152        0.27157370880146
C           -6.45422150335134       -4.74746973279846       -0.28464558959255
C           -5.43631488228751       -3.97430064978567       -1.06460639218089
C           -4.04979774565096       -4.21944008425528       -0.49093460359046
O           -3.56567852167774       -5.28922105650722       -0.27151670976892
O           -3.45362018245019       -3.02992901666393       -0.28844136187646
N           -2.15092912740272       -3.11050485738403        0.26884940645517
C           -1.49198052988572       -2.03551619580655        0.24772910227147
C           -0.09643814603841       -1.99542452596390        0.78777657355050
C            0.27897621734410       -0.51372119629715        0.75824021185922
C           -0.57394713208671        0.08770060762124       -0.36647031012777
C            0.07597759914024       -0.10237664286909       -1.74565154226639
C            1.40612771413076        0.59740330024307       -1.81982269058410
C            2.55970629485516       -0.05251130650072       -1.91387321969529
O            1.23347839084413        1.94795801934629       -1.76247940003393
C            2.38407746355422        2.77198939518566       -1.69259100951634
C            3.04619823269411        2.68666731424593       -0.34874629045892
C            4.34095672359976        2.60875697919911       -0.06407607213072
C            5.44906409138133        2.58175556149508       -1.06950916767746
C            4.78653716232460        2.53055603782426        1.37404581388969
C            4.86125920109505        1.07697942285048        1.87486467513605
C            5.99075944583073        0.31631226823140        1.25631683253884
C            5.92515836918635       -0.86934633958557        0.66213245813359
C            7.15020992331938       -1.53352704072694        0.10607552068160
C            4.65548390091069       -1.65773256754005        0.50879436683230
C           -1.89809022741324       -0.68599567377982       -0.27979013907176
C           -2.92000233415733       -0.03352337904319        0.66663063703848
C           -3.58980988583428        1.18715830131933        0.04047349316654
C           -4.55423794368069        1.86354337808357        1.01163873229856
C           -5.22773361262233        3.08591110354207        0.39208583734790
C           -6.17872650890769        3.76597186712619        1.36905838412640
H           -7.74177919505739       -3.16038833575751        0.19109235741824
H           -8.23055754228889       -4.80532731866010        0.82537755202125
H           -6.24214032480720       -5.80310821153572       -0.19033959917959
H           -5.65261602680230       -2.90627197349277       -1.05961529232708
H           -5.42123349045261       -4.33619884580860       -2.09678458295662
H            0.55237247300534       -2.58256024423600        0.13575767642299
H           -0.04265503923327       -2.43841436782602        1.78094300799485
H            0.02073291885647       -0.04451794770002        1.70866380648784
H            1.34246895225711       -0.36074119665174        0.58241089536224
H           -0.72132488193012        1.15785595727895       -0.21099967271092
H           -0.58570726553130        0.32641605434367       -2.50190497887748
H            0.20863288248638       -1.16283502304756       -1.95702827279551
H            2.56402436404837       -1.12452095645128       -1.98043688437939
H            3.51816600984414        0.43011344158887       -1.93935192938157
H            1.99460850118905        3.78602397324609       -1.84442800213707
H            3.06599291232398        2.53751015827018       -2.51663433588570
H            2.33152627105585        2.69675290343193        0.46532459995151
H            6.07866703606916        1.71103345499784       -0.88852287493248
H            5.08615168901598        2.54973780452966       -2.09230430994501
H            6.06923024369023        3.47109667332405       -0.95760212736263
H            4.08010482327899        3.07487459525726        2.00372882039491
H            5.76807968582415        2.99581370702153        1.48221881871625
H            3.90747792607658        0.58559426252653        1.68522762300124
H            5.01517180309094        1.10007525751366        2.95879853032787
H            6.95412601044805        0.80540413841317        1.34227357607385
H            8.04374286750397       -0.94496364259224        0.29756171872549
H            7.27839690449980       -2.51839677803185        0.55364884193364
H            7.04775310988946       -1.67114766752793       -0.97049233595425
H            4.77263913245795       -2.41772389679241       -0.26006193848925
H            3.82149500703219       -1.01615960686502        0.23440561766898
H            4.40458968214489       -2.15875879016820        1.44430641012644
H           -2.37203880445417       -0.79987956538090       -1.26012004792206
H           -2.42002503476137        0.25538987747687        1.59337962355140
H           -3.68752575725925       -0.76848550476087        0.91866876709997
H           -4.13540314841278        0.87881915048350       -0.85468839027333
H           -2.83121943880692        1.90895101718110       -0.26940237061242
H           -5.31928133352573        1.14742460883008        1.32098645446301
H           -4.00879623411124        2.16999104753080        1.90756546792953
H           -4.46144116530962        3.79805206573996        0.07707506613989
H           -5.78048275221262        2.78037051983486       -0.49930009451891
H           -6.64547384670635        4.63365051866169        0.90861798337095
H           -6.96278516664487        3.07880326648063        1.67973167821797
H           -5.64252178367656        4.09540739081138        2.25648371442535
74
 energy: -94.780641767582 gnorm: 0.001137237253 xtb: 6.7.1 (edcfbbe)
C           -7.52101372551036       -4.20590297065998        0.27689631124472
C           -6.45433557203622       -4.74418971890828       -0.28160801097816
C           -5.43602604224189       -3.97475523314209       -1.06494446749044
C           -4.04952625882406       -4.21999325339580       -0.49217646107797
O           -3.56665378919600       -5.28912168102709       -0.26700169935619
O           -3.45106123281219       -3.03026435491668       -0.29388842189303
N           -2.14922683353355       -3.11179478339393        0.26436266246446
C           -1.49084861575007       -2.03630098958432        0.24573654683579
C           -0.09519671686410       -1.99547205940924        0.78525134403621
C            0.27848666537978       -0.51329364462607        0.75672169289971
C           -0.57448622930527        0.08758266680659       -0.36814441648028
C            0.07492584380515       -0.10226314089192       -1.74751632209553
C            1.40492715154178        0.59742902733280       -1.82250986189342
C            2.55874065050203       -0.05186059534181       -1.91819399274979
O            1.23222750697804        1.94811780767354       -1.76353344011638
C            2.38264547994113        2.77223138294094       -1.69218241818332
C            3.04533973393527        2.68458341594243       -0.34879753563035
C            4.34021112183498        2.60755732806477       -0.06439035061899
C            5.44791802500801        2.58324069464656       -1.07033788829863
C            4.78620272157566        2.52988203845347        1.37377858210607
C            4.86311888511186        1.07729503533482        1.87648868214664
C            5.99166447385112        0.31612988636827        1.25662041582154
C            5.92524261885291       -0.87017246509378        0.66385008581121
C            7.15000454059661       -1.53497732494164        0.10746203547157
C            4.65559337451328       -1.65884771920421        0.51256929152706
C           -1.89827955954893       -0.68673114919965       -0.28078643234267
C           -2.91957632929523       -0.03434405916060        0.66610869123609
C           -3.58767332721871        1.18777149014481        0.04088668655283
C           -4.55354475190712        1.86263987382042        1.01160014767055
C           -5.22793483978235        3.08466553938232        0.39234187848344
C           -6.17985211390217        3.76304409773306        1.36955478463176
H           -7.73772583076746       -3.15321144998316        0.19359760856731
H           -8.22938074462878       -4.79649082234765        0.83109891532948
H           -6.24587233771155       -5.80064374565763       -0.18696720744944
H           -5.65059655433657       -2.90626105193811       -1.06276070133547
H           -5.42216248873235       -4.33953112658355       -2.09619782583955
H            0.55414607107077       -2.58146875971075        0.13271393742347
H           -0.04065218043576       -2.43898699208443        1.77817490614296
H            0.01835839276028       -0.04500016199544        1.70713232711672
H            1.34195540275929       -0.35865954170218        0.58225290533486
H           -0.72231547467635        1.15766976721233       -0.21277962001670
H           -0.58711925650181        0.32697785925178       -2.50320177229498
H            0.20721337361562       -1.16264208462116       -1.95953691652678
H            2.56372013615373       -1.12391427345878       -1.98501712843758
H            3.51698695030570        0.43118601111621       -1.94356619525212
H            1.99250917528251        3.78646753869298       -1.84136173366999
H            3.06406866974188        2.54008439423939       -2.51734079560847
H            2.33075485810784        2.69289986078106        0.46540836123170
H            6.07659998202698        1.71088794925988       -0.89372868647437
H            5.08435307515182        2.55630950614700       -2.09306739973475
H            6.06940883680505        3.47128679303186       -0.95493289957962
H            4.07911398322696        3.07387982391792        2.00305188367482
H            5.76709454449321        2.99675713217397        1.48140150688181
H            3.90921055329130        0.58463863678679        1.69058850637618
H            5.02023290384323        1.10245384240600        2.96001103915391
H            6.95515744307550        0.80532039129523        1.34082673346721
H            8.04359769107763       -0.94556197959032        0.29691907634651
H            7.27886588699712       -2.51897153823186        0.55711794373561
H            7.04607526201123       -1.67471187096571       -0.96885308461677
H            4.77205782297934       -2.41924928450682       -0.25584713419466
H            3.82103528535785       -1.01793537381865        0.23853807346018
H            4.40578080728081       -2.15956956958640        1.44854633790479
H           -2.37282095987697       -0.80088008463381       -1.26080505210252
H           -2.41948540445860        0.25310471900906        1.59325209538097
H           -3.68803210895367       -0.76862325735054        0.91729541801250
H           -4.13156377956174        0.88136470604015       -0.85597350502600
H           -2.82823118865840        1.90990768142637       -0.26609625682057
H           -5.31808927731738        1.14557539196129        1.31997636941492
H           -4.00905033139623        2.16916001055981        1.90808668597789
H           -4.46227559975939        3.79777217194233        0.07796489343454
H           -5.78009728923012        2.77904561734955       -0.49938072070532
H           -6.64856609827180        4.62972787305517        0.90923915094458
H           -6.96238238356843        3.07430857201555        1.68065434003872
H           -5.64389067429426        4.09364157737961        2.25670932334048
74
 energy: -94.780646593046 gnorm: 0.001005484026 xtb: 6.7.1 (edcfbbe)
C           -7.51973260288108       -4.19925386323306        0.27959118192253
C           -6.45547851083316       -4.74124453352193       -0.27992357092158
C           -5.43572534688836       -3.97539935406499       -1.06530537182145
C           -4.04971700146672       -4.22093808102616       -0.49163056714926
O           -3.56832980349514       -5.28979159407131       -0.26217755577976
O           -3.44925356859939       -3.03123262838270       -0.29805738459014
N           -2.14752334766015       -3.11261978811638        0.26019726579243
C           -1.48979457223562       -2.03669843851711        0.24310034066097
C           -0.09414777518480       -1.99539715249204        0.78245758387995
C            0.27857166944516       -0.51295471785575        0.75479368166045
C           -0.57462926085827        0.08773178010171       -0.36998964958902
C            0.07443911510282       -0.10235783419730       -1.74945837001152
C            1.40437676094829        0.59743826837112       -1.82476009457863
C            2.55831131187721       -0.05149863090810       -1.92116845485935
O            1.23115859882814        1.94800000459166       -1.76434596028707
C            2.38119866988990        2.77235342585726       -1.69168731129137
C            3.04421807779029        2.68276044376874       -0.34847277222339
C            4.33922412381333        2.60702434300280       -0.06443586405463
C            5.44684617092100        2.58459346541189       -1.07074810844587
C            4.78575365753144        2.52978349608379        1.37352491356986
C            4.86452968981059        1.07755030165771        1.87743552940040
C            5.99225055724397        0.31626740685356        1.25631308364194
C            5.92514252129549       -0.87063082848340        0.66479318665268
C            7.14945576881320       -1.53638145610826        0.10839999223543
C            4.65525878164410       -1.65956412321137        0.51594867370427
C           -1.89807046284451       -0.68677879490595       -0.28228387096991
C           -2.91912206725902       -0.03523027379246        0.66534368681328
C           -3.58594411631273        1.18827855270364        0.04150028782185
C           -4.55314467684900        1.86158468453198        1.01193073663833
C           -5.22819260252583        3.08331147364444        0.39288725480545
C           -6.18118548438513        3.76033642907335        1.37000974463768
H           -7.73237727733638       -3.14551246514303        0.19756200182141
H           -8.22733491311347       -4.78669163665630        0.83847903707328
H           -6.24906373525397       -5.79799288231796       -0.18317215370635
H           -5.64863212548966       -2.90651614919079       -1.06623006579417
H           -5.42230416387215       -4.34302383197803       -2.09571592164771
H            0.55551321882596       -2.58046693476910        0.12934804480324
H           -0.03899999910098       -2.43945761681184        1.77508829450443
H            0.01766891632098       -0.04524638481199        1.70532978335484
H            1.34200163605485       -0.35735789895542        0.58087676032699
H           -0.72231989224247        1.15786379355907       -0.21469707492257
H           -0.58768538366605        0.32697719197173       -2.50495459036261
H            0.20647535799096       -1.16276047077235       -1.96143166062451
H            2.56366256869529       -1.12354721918280       -1.98839118964935
H            3.51634168426321        0.43200444097950       -1.94637651333927
H            1.99070511723419        3.78671878551818       -1.83885473524948
H            3.06267507554958        2.54191324851899       -2.51727186412276
H            2.32987538586399        2.68942064263975        0.46595488809614
H            6.07385473273947        1.71034714217087       -0.89715317237014
H            5.08318239921296        2.56188331969983       -2.09351277555234
H            6.06997484096690        3.47102329541693       -0.95213590270029
H            4.07833831410059        3.07316581034267        2.00297034125903
H            5.76624526581059        2.99756656494057        1.48074280876405
H            3.91056092167896        0.58411470177165        1.69417174614643
H            5.02396775082493        1.10440779603473        2.96058916841003
H            6.95587730414189        0.80557755025745        1.33886170819696
H            8.04330183113303       -0.94636495066653        0.29576697403094
H            7.27911931762906       -2.51948970479093        0.56020934098966
H            7.04477119426291       -1.67857009904053       -0.96763923714271
H            4.77080925527360       -2.42049646719936       -0.25199910993741
H            3.82056000559927       -1.01883188963028        0.24216313762607
H            4.40687791532465       -2.15932172243745        1.45262807152707
H           -2.37321665252953       -0.80054795413867       -1.26203647129209
H           -2.41932785850171        0.25043839604953        1.59315706649224
H           -3.68821086184532       -0.76936878322371        0.91493736807717
H           -4.12855756806218        0.88371054734402       -0.85676576054634
H           -2.82587070229368        1.91078407782614       -0.26301336892513
H           -5.31725586402294        1.14354411614151        1.31911756009419
H           -4.00968645387101        2.16795275997308        1.90909358182964
H           -4.46302372719062        3.79721544685334        0.07916100070907
H           -5.77968010963786        2.77755940913392       -0.49919771141053
H           -6.65149626312549        4.62605021134694        0.90955274448967
H           -6.96240505332312        3.07022923553989        1.68136273690386
H           -5.64565567971799        4.09205459495342        2.25700469924647
74
 energy: -94.780652681712 gnorm: 0.000862582181 xtb: 6.7.1 (edcfbbe)
C           -7.51612179462333       -4.18859337810576        0.28618573687099
C           -6.45631811583050       -4.73657569399298       -0.27568807760930
C           -5.43525917333224       -3.97653921190045       -1.06540849732092
C           -4.05010917695718       -4.22263305865840       -0.48954997323817
O           -3.57126466586754       -5.29148193950916       -0.25506751111022
O           -3.44710861261551       -3.03323414818500       -0.30309616075696
N           -2.14481629045551       -3.11361244871492        0.25418169026812
C           -1.48820873461553       -2.03707974036371        0.23837635163126
C           -0.09274509025555       -1.99528925656323        0.77815448089514
C            0.27926208251474       -0.51267340502333        0.75159141276844
C           -0.57438494598211        0.08800984018126       -0.37290491090224
C            0.07436226935984       -0.10275290358325       -1.75244135029492
C            1.40430087964811        0.59736180032907       -1.82666474289748
C            2.55837684342527       -0.05126316116333       -1.92323402628041
O            1.23002781219691        1.94756925667781       -1.76519078630614
C            2.37943216931837        2.77237056265192       -1.69092997853737
C            3.04253888412921        2.68120646640613       -0.34766669662365
C            4.33775090096372        2.60753499867028       -0.06412531123877
C            5.44538985961174        2.58638458736492       -1.07073618804653
C            4.78512670199428        2.53018089358568        1.37335104094722
C            4.86600888068743        1.07790551924599        1.87799520950345
C            5.99279397442041        0.31660622157755        1.25551601190438
C            5.92485387514512       -0.87111669579659        0.66570108842233
C            7.14826052773021       -1.53820259444467        0.10917944251292
C            4.65433982329052       -1.66011200245628        0.52023967865386
C           -1.89740511916226       -0.68653227140147       -0.28521601171167
C           -2.91838490343614       -0.03669450160914        0.66372468867049
C           -3.58393172194034        1.18882387640482        0.04249987101799
C           -4.55290648220575        1.85979706278516        1.01276511871538
C           -5.22869690409471        3.08123569171988        0.39407361284198
C           -6.18335812960263        3.75663948842277        1.37072819365663
H           -7.72517459227328       -3.13425221106035        0.20171617858676
H           -8.22574974476100       -4.77177191844010        0.84723391043469
H           -6.25395383049640       -5.79406127601652       -0.17804611307806
H           -5.64563179094881       -2.90717172293868       -1.07101795056851
H           -5.42281443482694       -4.34860959336107       -2.09442264125088
H            0.55721623365545       -2.57927045241913        0.12432961698941
H           -0.03709808672698       -2.44022152570860        1.77032967928438
H            0.01825590474090       -0.04560034322813        1.70243664344676
H            1.34260779308389       -0.35638939180593        0.57766036369224
H           -0.72156751782527        1.15825620347675       -0.21775188095694
H           -0.58755802651401        0.32634148153906       -2.50820089125964
H            0.20642402409872       -1.16323611688929       -1.96383076119727
H            2.56397635436500       -1.12316223624265       -1.99234558903758
H            3.51607271853722        0.43290630919391       -1.94930858533329
H            1.98865573589240        3.78680385955201       -1.83624576674661
H            3.06145042978072        2.54361126478314       -2.51648256478120
H            2.32849221721008        2.68537443212482        0.46700927609220
H            6.06932257910962        1.70917566960986       -0.90049218852204
H            5.08188396057272        2.56913097097200       -2.09359052697122
H            6.07132249009962        3.47011571737701       -0.94793126379127
H            4.07759537995640        3.07254617369047        2.00350426176112
H            5.76524237090034        2.99870691202326        1.48014706148979
H            3.91195692577878        0.58390945514587        1.69726109437483
H            5.02778092451765        1.10627815038154        2.96070454866565
H            6.95650010555885        0.80628838302456        1.33546094763675
H            8.04249913858959       -0.94751121864692        0.29335735459605
H            7.27899207667539       -2.51989431437574        0.56410257106172
H            7.04246875884830       -1.68415462754863       -0.96631088572980
H            4.76842247204000       -2.42214549105210       -0.24679451511443
H            3.81962401869077       -1.01938267092362        0.24667506794755
H            4.40786524187067       -2.15800421638136        1.45814430956840
H           -2.37326923737681       -0.79919735899653       -1.26472955612602
H           -2.41930585611358        0.24613105398051        1.59275128583798
H           -3.68813084282327       -0.77107186038993        0.91052671519726
H           -4.12510446274387        0.88687674271362       -0.85752957985136
H           -2.82320917390853        1.91197268204570       -0.25877625659282
H           -5.31650067831925        1.14040131840151        1.31809512775585
H           -4.01096305216447        2.16571052204046        1.91098523031849
H           -4.46405847397197        3.79614744206128        0.08140531313483
H           -5.77908884919225        2.77538423598592       -0.49864830369422
H           -6.65550598750862        4.62105113199878        0.90978117228975
H           -6.96302955740840        3.06484664130780        1.68218668199325
H           -5.64871928215146        4.08990193847581        2.25766982478449
74
 energy: -94.780658241075 gnorm: 0.000739735407 xtb: 6.7.1 (edcfbbe)
C           -7.51334066518586       -4.17800244190077        0.29171301048184
C           -6.45746343800169       -4.73203761007410       -0.27180647695326
C           -5.43489378647318       -3.97799428823187       -1.06535865032486
C           -4.04982280181014       -4.22424706951294       -0.48865353071535
O           -3.57425978155826       -5.29326105500781       -0.24811921098248
O           -3.44531755406917       -3.03528744277352       -0.30747765487947
N           -2.14294603782719       -3.11431077917205        0.25027402151517
C           -1.48717720180698       -2.03735869351630        0.23444630824652
C           -0.09155393985865       -1.99554903944551        0.77406718516738
C            0.28015887951133       -0.51287378450699        0.74834535574884
C           -0.57389069062593        0.08798215290333       -0.37576264393761
C            0.07519786468493       -0.10318481407174       -1.75515817606374
C            1.40498690148751        0.59742406498936       -1.82878900114007
C            2.55926191496397       -0.05099577492500       -1.92478753672895
O            1.22988240424440        1.94729756011267       -1.76607280016105
C            2.37875748967613        2.77249616562974       -1.69032854819463
C            3.04144821737337        2.68080572884962       -0.34681146659035
C            4.33679037243388        2.60866526845298       -0.06345257503344
C            5.44441711840066        2.58780932440010       -1.07010359864656
C            4.78482570684322        2.53094674196539        1.37367591890740
C            4.86660537551702        1.07837289397962        1.87780668315053
C            5.99280793829870        0.31713925080793        1.25436698315553
C            5.92427192207927       -0.87134268792036        0.66609702908909
C            7.14675767189837       -1.53951110582030        0.10930034496388
C            4.65316717184312       -1.66015883392029        0.52342365576095
C           -1.89677668402972       -0.68652485162217       -0.28814734419925
C           -2.91787363455907       -0.03820623452065        0.66185813607698
C           -3.58269720865145        1.18898028973941        0.04314847828965
C           -4.55305365203464        1.85765870659074        1.01367244574264
C           -5.22938019205860        3.07910746661507        0.39554788706732
C           -6.18558249357393        3.75315071701083        1.37164594044289
H           -7.71778017086745       -3.12284966675466        0.20587889636036
H           -8.22390372260251       -4.75633151820529        0.85662363178860
H           -6.25876362845529       -5.79001747901337       -0.17226426856120
H           -5.64286170681808       -2.90820036634845       -1.07603036919117
H           -5.42332284807520       -4.35509175033789       -2.09244495528618
H            0.55849273536999       -2.57893438779317        0.11979024940395
H           -0.03581055655930       -2.44119065167570        1.76588244504112
H            0.01973672951300       -0.04619848434361        1.69951282364315
H            1.34338858450449       -0.35647399539546        0.57375133451488
H           -0.72074471410624        1.15829714917527       -0.22087225215679
H           -0.58647171097682        0.32534204903644       -2.51142721221239
H            0.20763857853187       -1.16371048981261       -1.96596180566778
H            2.56506309519787       -1.12283206126700       -1.99411738601910
H            3.51687479864649        0.43344830494387       -1.94921393825124
H            1.98777283290896        3.78690835104050       -1.83502085483109
H            3.06142773379313        2.54461748241359       -2.51555466746956
H            2.32740800735053        2.68379367767111        0.46784690623505
H            6.06534012429379        1.70789228805519       -0.90261384236407
H            5.08107975536684        2.57523150593345       -2.09303979452081
H            6.07322973850087        3.46893853899385       -0.94402244270349
H            4.07737966066339        3.07254553731419        2.00454605199471
H            5.76476008215312        2.99984577519882        1.48025003250738
H            3.91241299251557        0.58441307491397        1.69792074549780
H            5.02942354481366        1.10667769790096        2.96031234689183
H            6.95653317917894        0.80707148602705        1.33239654022721
H            8.04121126205687       -0.94815132290571        0.29040076442832
H            7.27825470690982       -2.51980537087401        0.56702180033232
H            7.03922480941047       -1.68878753842172       -0.96556123301368
H            4.76604961624220       -2.42366395106192       -0.24227353208041
H            3.81841320076136       -1.01961741341499        0.24954393333132
H            4.40759128598592       -2.15613676258239        1.46254810389429
H           -2.37298269587471       -0.79817565211498       -1.26761377130805
H           -2.41928327926048        0.24208545273700        1.59190678698321
H           -3.68799785293624       -0.77300228710936        0.90628170972601
H           -4.12286249604296        0.88931786999637       -0.85825929148210
H           -2.82165317399996        1.91289814654764       -0.25541861603899
H           -5.31628165133611        1.13715597372636        1.31734175818081
H           -4.01231767439436        2.16295069763519        1.91282297839529
H           -4.46506848221928        3.79489110644008        0.08407013104702
H           -5.77871407467621        2.77345609175752       -0.49790872453403
H           -6.65886744263629        4.61664924652803        0.91015535301992
H           -6.96432051026872        3.06019268364605        1.68282822022575
H           -5.65200584971779        4.08756113672727        2.25878706751024
74
 energy: -94.780664839562 gnorm: 0.000717599855 xtb: 6.7.1 (edcfbbe)
C           -7.50982888643947       -4.16444583527047        0.29881169055134
C           -6.45881037045685       -4.72608118645508       -0.26615531829850
C           -5.43472968308480       -3.97994954612272       -1.06504598714954
C           -4.05002522977200       -4.22600348089361       -0.48644624556203
O           -3.57772071639464       -5.29511031944511       -0.23993027510716
O           -3.44368061888299       -3.03763498383955       -0.31156855777343
N           -2.14101159630548       -3.11549577522805        0.24619818247813
C           -1.48601023766821       -2.03811370533950        0.22978308077882
C           -0.09025709044145       -1.99631061922248        0.76942355854987
C            0.28120210037190       -0.51358025260830        0.74452661568371
C           -0.57308679777973        0.08755502659576       -0.37921855595108
C            0.07693006709728       -0.10353340286740       -1.75827659641524
C            1.40647001394656        0.59775079558181       -1.83064784270940
C            2.56106000144864       -0.05032097477849       -1.92550696770202
O            1.23074868617051        1.94740859357399       -1.76691011282216
C            2.37914645908629        2.77310253588568       -1.68997257757929
C            3.04100349707320        2.68141815302488       -0.34603617659124
C            4.33634479413289        2.61007316237122       -0.06246422838806
C            5.44398979866072        2.58935427583912       -1.06898840091691
C            4.78456537030892        2.53210518950798        1.37462798879658
C            4.86623239100416        1.07915909461946        1.87729587833117
C            5.99186981574209        0.31803384707952        1.25265868579139
C            5.92271674315725       -0.87128055015816        0.66608169613206
C            7.14427037273381       -1.54070318951345        0.10885016656202
C            4.65132847372482       -1.66010727571375        0.52641999103938
C           -1.89595076995617       -0.68715783107463       -0.29190692726206
C           -2.91721794536096       -0.04032548942769        0.65913807312935
C           -3.58161766586900        1.18855240593005        0.04329198789088
C           -4.55336277944545        1.85448864939103        1.01443129036511
C           -5.23022412484350        3.07632175675137        0.39748605587233
C           -6.18818467841483        3.74858122696450        1.37309220420338
H           -7.70859045253327       -3.10847244562471        0.21002527597720
H           -8.22203466022738       -4.73686993739471        0.86754134536801
H           -6.26551639375853       -5.78477904250133       -0.16401899622255
H           -5.63987452956836       -2.90969932214306       -1.08244282495300
H           -5.42394093098611       -4.36383393338327       -2.08949079033981
H            0.55994995754812       -2.57928359452091        0.11497122132700
H           -0.03480424488662       -2.44258404415518        1.76095603022472
H            0.02139022378831       -0.04732631941887        1.69600919850439
H            1.34432213786357       -0.35710596243184        0.56925679473160
H           -0.72006260593066        1.15783467971833       -0.22442336719599
H           -0.58432641884811        0.32441791799004       -2.51522367831316
H            0.21013051016626       -1.16402701735416       -1.96877836240113
H            2.56716945115638       -1.12213675424201       -1.99499216265399
H            3.51866757944221        0.43425859556438       -1.94762392318931
H            1.98787270273763        3.78740097990279       -1.83501940894780
H            3.06250029450006        2.54542172131937       -2.51467654143824
H            2.32666482205065        2.68467471948704        0.46833274924814
H            6.06144166522759        1.70637157674234       -0.90476894244856
H            5.08091541756042        2.58221870720344       -2.09207478539775
H            6.07632463703231        3.46743774634146       -0.93931381034137
H            4.07725047690244        3.07324393077534        2.00605785472386
H            5.76451326107026        3.00098539106880        1.48128119150975
H            3.91182867075890        0.58574173151864        1.69696521243105
H            5.02921520893550        1.10605376669758        2.95982630970332
H            6.95562271726451        0.80807858408695        1.32915914296574
H            8.03877392840566       -0.94840418186130        0.28604261177851
H            7.27717547525593       -2.51941474433070        0.56943621404196
H            7.03435397794172       -1.69353016069476       -0.96519690220132
H            4.76336119958215       -2.42581629604103       -0.23722104126218
H            3.81663297403213       -1.01995728409061        0.25135843417004
H            4.40592674208101       -2.15344406323019        1.46710899815932
H           -2.37226219122343       -0.79782437869597       -1.27142988768089
H           -2.41885385491144        0.23742914828195        1.59006681104481
H           -3.68764309791440       -0.77553967034921        0.90143194296022
H           -4.12079218714795        0.89140062050848       -0.85954047913031
H           -2.82046007687474        1.91354537715794       -0.25233708963642
H           -5.31622121393448        1.13279881425419        1.31621656226402
H           -4.01373989625133        2.15878563529608        1.91457909414174
H           -4.46618007632417        3.79315001552795        0.08771666599829
H           -5.77833689803730        2.77134678807925       -0.49696340544455
H           -6.66229524720257        4.61150001082673        0.91130249535293
H           -6.96627776940432        3.05452584965861        1.68344515157023
H           -5.65595067890596        4.08367654933001        2.26076853781944
74
 energy: -94.780673938622 gnorm: 0.000995811360 xtb: 6.7.1 (edcfbbe)
C           -7.50510773054794       -4.14392418605491        0.30918920990320
C           -6.46114037028100       -4.71695367357784       -0.25748522970398
C           -5.43473125952691       -3.98314774986699       -1.06451672884437
C           -4.05035864198391       -4.22844780034010       -0.48386638788868
O           -3.58203169336401       -5.29730878349707       -0.22846187358772
O           -3.44158176667190       -3.04066786922865       -0.31705309280368
N           -2.13883844112442       -3.11739667472661        0.24120594913493
C           -1.48440578742214       -2.03968068552737        0.22379034197419
C           -0.08856511551423       -1.99786772220564        0.76355285366266
C            0.28249894738631       -0.51504488461119        0.73976441862735
C           -0.57174914956711        0.08647731424774       -0.38375636562589
C            0.07974394987043       -0.10358659096866       -1.76233086186247
C            1.40900721505688        0.59855054206870       -1.83194197638557
C            2.56414884749442       -0.04882239828029       -1.92510145868958
O            1.23267313583586        1.94809657768529       -1.76772494320692
C            2.38061768377117        2.77451841954203       -1.69011706095017
C            3.04136416889416        2.68448563595403       -0.34557944401940
C            4.33656622797041        2.61321822701419       -0.06127415253263
C            5.44447093282976        2.59147891524288       -1.06728592093023
C            4.78416588725285        2.53369000350464        1.37603881350654
C            4.86447759961832        1.08014813083268        1.87637634640056
C            5.98960934864715        0.31872987799101        1.25098674762347
C            5.91962306088786       -0.87153140102719        0.66646658634022
C            7.14004501454276       -1.54167609780164        0.10756853563353
C            4.64798246718289       -1.66030441786713        0.53004567196535
C           -1.89459190478201       -0.68876961488614       -0.29733039453323
C           -2.91600120760623       -0.04352061248503        0.65486859803214
C           -3.58019399425261        1.18723693310147        0.04255311607199
C           -4.55370062986046        1.84932872007360        1.01473300023789
C           -5.23126793768641        3.07201421500122        0.40004691757827
C           -6.19145777650286        3.74122094350258        1.37556216514231
H           -7.69557100059326       -3.08690651789774        0.21521814789583
H           -8.21928862850876       -4.70746414807324        0.88415552957078
H           -6.27601139815296       -5.77658356026672       -0.15030428131728
H           -5.63587163282402       -2.91233585005720       -1.09254934052408
H           -5.42539766419359       -4.37767379674711       -2.08478343067251
H            0.56198827002618       -2.58036423873860        0.10907602642402
H           -0.03359620160340       -2.44479629523812        1.75481467461830
H            0.02294000370395       -0.04947561208926        1.69158790951889
H            1.34553776868383       -0.35832001210433        0.56421953397086
H           -0.71937291075011        1.15658529441403       -0.22868193552202
H           -0.58078630889620        0.32406019839378       -2.52011851826162
H            0.21417715687800       -1.16389006352335       -1.97308873959378
H            2.57086147495425       -1.12057961564619       -1.99571961989658
H            3.52165739343312        0.43602990895276       -1.94531416831514
H            1.98880489216742        3.78845719218847       -1.83649202673430
H            3.06476686794311        2.54645454482696       -2.51404732737622
H            2.32633066114565        2.68785783698128        0.46818723668512
H            6.05715536423412        1.70431863025887       -0.90756452986648
H            5.08183616182750        2.59185146188588       -2.09057563273423
H            6.08166602762976        3.46532525934263       -0.93269513029386
H            4.07697481464675        3.07475184518522        2.00769137607919
H            5.76430811494319        3.00199198539923        1.48351941637867
H            3.90970073569933        0.58789165689497        1.69452976434224
H            5.02680768618492        1.10439721452312        2.95910158060778
H            6.95319128232410        0.80946947243234        1.32470071258702
H            8.03443300642255       -0.94780034612986        0.27921260736630
H            7.27552145837018       -2.51828217571515        0.57159091736288
H            7.02638167548818       -1.69898154963985       -0.96534518828618
H            4.75952771822043       -2.42945938981807       -0.23028052306033
H            3.81346053808597       -1.02089141056135        0.25241969841073
H            4.40204631628515       -2.14953644345566        1.47288946876621
H           -2.37078229295131       -0.79850974231285       -1.27701947656398
H           -2.41775251075269        0.23146132764510        1.58669481827490
H           -3.68672204061390       -0.77916761762475        0.89498647902905
H           -4.11804670737484        0.89313476033148       -0.86205662870088
H           -2.81909024264930        1.91378294768771       -0.24935077802852
H           -5.31607964814098        1.12602575337751        1.31385182206822
H           -4.01535336133314        2.15188135647283        1.91623027879809
H           -4.46756808615575        3.79043341314929        0.09308621979303
H           -5.77775275666805        2.76856267144912       -0.49592923016495
H           -6.66635225023329        4.60399421414703        0.91421349922821
H           -6.96893744450534        3.04562038837881        1.68400818952373
H           -5.66101338296852        4.07613575854309        2.26436904109025
74
 energy: -94.780686856196 gnorm: 0.001315615761 xtb: 6.7.1 (edcfbbe)
C           -7.49814465571124       -4.11247031188008        0.32474491690126
C           -6.46460932788599       -4.70278848186334       -0.24386136900180
C           -5.43490523645591       -3.98801479094405       -1.06367877526152
C           -4.05165970245560       -4.23192591160642       -0.47916662617034
O           -3.58757417559257       -5.29987791996214       -0.21244206830843
O           -3.43886344925575       -3.04470892032417       -0.32441358410806
N           -2.13582246061140       -3.12057713945690        0.23354143816394
C           -1.48177682642645       -2.04260884881184        0.21532640735923
C           -0.08616913384399       -2.00060183909924        0.75586990623087
C            0.28408421270955       -0.51756064831829        0.73387078872187
C           -0.56958598981103        0.08468596253728       -0.38963886348410
C            0.08418764085956       -0.10290264072943       -1.76752657737143
C            1.41297338568507        0.60043295030408       -1.83438738096841
C            2.56892652954346       -0.04584507321445       -1.92537980534957
O            1.23586055151719        1.94990815717189       -1.76890571614470
C            2.38320364053149        2.77739550866626       -1.69102470412905
C            3.04256042802130        2.68895664900676       -0.34573792829508
C            4.33743767262040        2.61696988897621       -0.06004631974715
C            5.44618993465438        2.59473078113597       -1.06496094798339
C            4.78339165520571        2.53583350661851        1.37785356576931
C            4.86073289999948        1.08138632939374        1.87496317127426
C            5.98512559640690        0.31969022756659        1.24825111893605
C            5.91406680607665       -0.87176576974930        0.66633693440972
C            7.13321924794330       -1.54249827590772        0.10526018326313
C            4.64235884868664       -1.66117067883099        0.53514645023632
C           -1.89222451476116       -0.69158680389666       -0.30494970902436
C           -2.91402091110184       -0.04847903136003        0.64846748792280
C           -3.57800479708964        1.18449237405115        0.04039478710650
C           -4.55391761347042        1.84115160479454        1.01401823619344
C           -5.23240882070318        3.06538288327517        0.40328842578305
C           -6.19557690981982        3.72927881958340        1.37952071069112
H           -7.67672186844585       -3.05414038451452        0.22199567000905
H           -8.21533704050541       -4.66259958699621        0.90890863750842
H           -6.29164721057838       -5.76364411591546       -0.12802742115557
H           -5.62999312601855       -2.91650209957663       -1.10811242415127
H           -5.42817030290591       -4.39888785946008       -2.07752015342243
H            0.56510157570311       -2.58215130254964        0.10132033638195
H           -0.03179827467762       -2.44853759725653        1.74673026337074
H            0.02387668572218       -0.05311378299730        1.68601926793880
H            1.34712262641740       -0.36018565199233        0.55898505943318
H           -0.71845004078712        1.15444597832597       -0.23357478238875
H           -0.57548683379072        0.32498203910561       -2.52590747591932
H            0.22010363812449       -1.16279505313571       -1.97951686191242
H            2.57674551065012       -1.11762082372794       -1.99609973731760
H            3.52628646382985        0.43946599940388       -1.94138861809727
H            1.99059156495037        3.79080876409244       -1.83927843091712
H            3.06816414036047        2.54855053795300       -2.51404368383340
H            2.32658429183360        2.69398704003496        0.46719355942471
H            6.05216027735440        1.70180571331226       -0.91158563429951
H            5.08456860086103        2.60582466170422       -2.08860042850638
H            6.09002534153980        3.46263928123447       -0.92303328491720
H            4.07609614470284        3.07699135571448        2.00933910663498
H            5.76399196822947        3.00283907740606        1.48719669472749
H            3.90534689141823        0.59106645597154        1.69058033267583
H            5.02169020541032        1.10210911471490        2.95802778434361
H            6.94860100398952        0.81087391358020        1.31931347959396
H            8.02713127547845       -0.94584400197842        0.26917879862090
H            7.27295972840621       -2.51623940048291        0.57392113139658
H            7.01421027560563       -1.70582061220664       -0.96612170965602
H            4.75377786960468       -2.43569662952090       -0.21978277410761
H            3.80816331891411       -1.02326148746227        0.25274160734700
H            4.39528335200861       -2.14379993213272        1.48124534930431
H           -2.36797391461852       -0.80019791167541       -1.28495689730375
H           -2.41591207240099        0.22332137686276        1.58131999152295
H           -3.68506302818832       -0.78463711463286        0.88609136748984
H           -4.11395491558741        0.89419667361776       -0.86656087568332
H           -2.81711468309285        1.91321763777999       -0.24660729048731
H           -5.31565933612991        1.11553525999348        1.30914853238322
H           -4.01725986818009        2.14080989128436        1.91749528501781
H           -4.46926803147920        3.78628828989895        0.10073351472010
H           -5.77672486358697        2.76473931496933       -0.49496182006446
H           -6.67140836115881        4.59261600836549        0.92011055114330
H           -6.97227244353830        3.03119229566126        1.68437167672053
H           -5.66742106093491        4.06245611013216        2.27033997556658
74
 energy: -94.780703911921 gnorm: 0.001561100725 xtb: 6.7.1 (edcfbbe)
C           -7.48837695123043       -4.06750390913420        0.34591546054055
C           -6.46920149192999       -4.68184297445201       -0.22374466710905
C           -5.43528725111360       -3.99456794255543       -1.06225394756409
C           -4.05314293149270       -4.23648542814219       -0.47439081935154
O           -3.59416614517531       -5.30257266114545       -0.19149565941942
O           -3.43494100425533       -3.04976892441991       -0.33518846287402
N           -2.13231452854348       -3.12491270913267        0.22360883575106
C           -1.47804788372609       -2.04704069176004        0.20477916936813
C           -0.08274627126702       -2.00492973717407        0.74609421405345
C            0.28624433821274       -0.52149854078699        0.72711934091644
C           -0.56623289072514        0.08207967376882       -0.39654810305153
C            0.09028124323949       -0.10127728246592       -1.77371773196449
C            1.41855494603039        0.60360816091653       -1.83570858241817
C            2.57558308061130       -0.04113545996399       -1.92423187697334
O            1.24025388977588        1.95304861318036       -1.77022025758753
C            2.38684561276729        2.78200934555203       -1.69306923612902
C            3.04468283940875        2.69621438382461       -0.34689856487740
C            4.33899802889399        2.62267100248202       -0.05909470730239
C            5.44932078218936        2.59923824142581       -1.06222932356303
C            4.78178238961450        2.53850464284367        1.37974840200658
C            4.85447343499735        1.08278009851965        1.87319039433947
C            5.97784734892202        0.32024727615715        1.24544469080901
C            5.90552290211564       -0.87256784241667        0.66648524455596
C            7.12311877371986       -1.54323241874867        0.10171220594833
C            4.63382606113830       -1.66296249086959        0.54194420364001
C           -1.88838115895242       -0.69573009222737       -0.31485917648132
C           -2.91101411008390       -0.05540200711427        0.63955638035839
C           -3.57501956632380        1.17977643430998        0.03614776326571
C           -4.55402763992698        1.82924787593285        1.01157030690744
C           -5.23365554814435        3.05589198264010        0.40698636765624
C           -6.20049811095818        3.71145454965651        1.38527458916267
H           -7.65094193429014       -3.00774695881935        0.23015867878856
H           -8.20881846153727       -4.59842169218023        0.94417311966040
H           -6.31271303033520       -5.74391898700258       -0.09438957490898
H           -5.62161176463286       -2.92242888184505       -1.13034315106359
H           -5.43360439759099       -4.42889074808902       -2.06655797337942
H            0.56955895966455       -2.58483566162577        0.09110992385124
H           -0.02885355777138       -2.45447244390923        1.73626817041898
H            0.02418821857262       -0.05893826010365        1.67968410327307
H            1.34939604063639       -0.36285125323205        0.55417793117526
H           -0.71685001591702        1.15128774330270       -0.23836600011852
H           -0.56833376514059        0.32783989940907       -2.53234246501023
H            0.22796750861723       -1.16046923418938       -1.98826145144172
H            2.58490736505381       -1.11279688241759       -1.99749545925005
H            3.53238587776778        0.44528148415294       -1.93840082494104
H            1.99317482727393        3.79465756694405       -1.84384160562240
H            3.07270326803489        2.55185126336923       -2.51496931676821
H            2.32750302020743        2.70254916450781        0.46498117666846
H            6.04646475087149        1.69895037342233       -0.91684423388398
H            5.08957404289105        2.62421950547798       -2.08633903373088
H            6.10156695977518        3.45926481636490       -0.91050828362393
H            4.07430192250794        3.08011820877621        2.01065532899846
H            5.76321654626643        3.00301506477678        1.49231518218021
H            3.89819759240128        0.59536710535719        1.68528948918359
H            5.01333632502228        1.09940457863546        2.95669236380381
H            6.94107303028773        0.81242634492715        1.31230110760850
H            8.01612626054788       -0.94252556269452        0.25568803455944
H            7.26930384354523       -2.51342909258348        0.57585646601306
H            6.99728017680382       -1.71389398954745       -0.96777622783241
H            4.74563790055814       -2.44523149704059       -0.20495493581249
H            3.80030961500740       -1.02738949352330        0.25201563829346
H            4.38499082447559       -2.13567613914391        1.49263786707064
H           -2.36319683804593       -0.80311530195913       -1.29541252256667
H           -2.41344414881983        0.21302151249733        1.57368000156541
H           -3.68226390714671       -0.79230517797830        0.87421319215624
H           -4.10841947826440        0.89374015444993       -0.87364236815725
H           -2.81457742579938        1.91126559555288       -0.24493812301426
H           -5.31500093509592        1.10053779325831        1.30106297010321
H           -4.01954417272683        2.12450391633737        1.91780494491915
H           -4.47135170420540        3.78035955683402        0.11081711500724
H           -5.77526227705771        2.75979308788787       -0.49441660331421
H           -6.67738302778314        4.57652395261114        0.93018616645754
H           -6.97621738142765        3.00965756766047        1.68416138908115
H           -5.67505884101744        4.04035983270203        2.27930516374506
74
 energy: -94.780722340218 gnorm: 0.001330672056 xtb: 6.7.1 (edcfbbe)
C           -7.47734769032528       -4.01818499039352        0.36794362520559
C           -6.47344154588683       -4.65772546733907       -0.20126953688203
C           -5.43596772094601       -4.00048009906878       -1.05972452275575
C           -4.05500747403736       -4.24054428416888       -0.46922245295431
O           -3.59959081279949       -5.30411060558892       -0.17262444885727
O           -3.43102015020691       -3.05445739422534       -0.34512792682366
N           -2.12841582415920       -3.12975386733447        0.21291891600808
C           -1.47340454552098       -2.05229882198128        0.19417802305897
C           -0.07871202426660       -2.01019303896977        0.73674768871312
C            0.28882145728001       -0.52634218782909        0.72175392017012
C           -0.56206082070799        0.07911833132444       -0.40213337264964
C            0.09695691305646       -0.09855906520196       -1.77884276206607
C            1.42453343715522        0.60794416723000       -1.83804074773993
C            2.58258563519670       -0.03528854288416       -1.92454366588273
O            1.24488410980448        1.95728059109110       -1.77213202589895
C            2.39075355952557        2.78767159859030       -1.69599448236578
C            3.04732452357488        2.70437530654169       -0.34906789387806
C            4.34097657083318        2.62875307578218       -0.05886823449516
C            5.45333978940206        2.60384511655214       -1.05982837535463
C            4.77976531061332        2.54099767448381        1.38098503856994
C            4.84659785331944        1.08382308827749        1.87121995360344
C            5.96898345119954        0.32005960881707        1.24320757213080
C            5.89555744047908       -0.87384516598832        0.66673289371870
C            7.11177309661995       -1.54348183222838        0.09765226231024
C            4.62384791620020       -1.66532228201251        0.54882413729905
C           -1.88353145007002       -0.70039099534630       -0.32456384051452
C           -2.90774491685125       -0.06309119493166        0.63004199161345
C           -3.57234473161809        1.17334292560566        0.03011168134805
C           -4.55424431131670        1.81574020475084        1.00721771478867
C           -5.23484006559659        3.04531400032588        0.40995055797147
C           -6.20491020482509        3.69105012504914        1.39161775293702
H           -7.62461865227761       -2.95794874653297        0.23643183068513
H           -8.20043190873062       -4.52829664113648        0.98118488996930
H           -6.33286720529360       -5.71998249939424       -0.05540170798302
H           -5.61296969652195       -2.92863798175637       -1.15264251063739
H           -5.44162270927671       -4.45914928644261       -2.05323058554764
H            0.57470888168723       -2.58772080149211        0.08074680351734
H           -0.02495326360107       -2.46203823631639        1.72590778961810
H            0.02388859297749       -0.06636672768759        1.67483348544569
H            1.35220763193954       -0.36606655550373        0.55189758979439
H           -0.71456851148648        1.14763258780160       -0.24085075809044
H           -0.56110500058479        0.33253603854604       -2.53677849414493
H            0.23608992640734       -1.15684772169425       -1.99691299353283
H            2.59359779680370       -1.10695826068428       -1.99770807011084
H            3.53882385584797        0.45238312678396       -1.93525847115365
H            1.99610537195288        3.79955149962198       -1.84894588284458
H            3.07738747418830        2.55638487407268       -2.51694198571130
H            2.32898489009433        2.71149604139294        0.46179788205595
H            6.04204773918380        1.69690978436330       -0.92162733492328
H            5.09597097395235        2.64160686379810       -2.08427382866574
H            6.11311852725499        3.45626140414145       -0.89882349523873
H            4.07202386766301        3.08348746962311        2.01081060500338
H            5.76225935057854        3.00227480717491        1.49749017611479
H            3.88929619126151        0.59973375609134        1.67963501134490
H            5.00292424716329        1.09703820860084        2.95513634701194
H            6.93198615226362        0.81323879097127        1.30581327030879
H            8.00371289498018       -0.93873897962817        0.24242765201823
H            7.26466751180667       -2.51053260523995        0.57621985754917
H            6.97943180915544       -1.72046745667716       -0.97007324867900
H            4.73674615922878       -2.45630543697789       -0.18863661992367
H            3.79138185840624       -1.03258343032236        0.24953814331629
H            4.37257236584253       -2.12646059604617        1.50443724309602
H           -2.35673922457723       -0.80654866916764       -1.30598845669739
H           -2.41134067590892        0.20313670680516        1.56540122209977
H           -3.67881067611377       -0.80100413052437        0.86204969409140
H           -4.10334004996381        0.89040652022733       -0.88200156273149
H           -2.81271693204341        1.90749015755445       -0.24608786478288
H           -5.31462675918842        1.08403101883055        1.29065326461687
H           -4.02179429277639        2.10581686804887        1.91634115439620
H           -4.47343592128193        3.77359639292204        0.12092576905130
H           -5.77396901370887        2.75493285972674       -0.49479275255711
H           -6.68233777451481        4.55923406254161        0.94308530817049
H           -6.97996330998408        2.98525406586159        1.68282492014391
H           -5.68183926796045        4.01297487882446        2.28962909696813
74
 energy: -94.780739665617 gnorm: 0.000947138836 xtb: 6.7.1 (edcfbbe)
C           -7.46712143792418       -3.97512855016972        0.38553700033388
C           -6.47522462186101       -4.63498222266446       -0.18074454227900
C           -5.43648617056733       -4.00357775010886       -1.05682636992075
C           -4.05573314455818       -4.24307774868115       -0.46681393878751
O           -3.60283303549465       -5.30467486623974       -0.15954768634253
O           -3.42692056734247       -3.05765195294489       -0.35386994246235
N           -2.12490892405617       -3.13376213752622        0.20439968935314
C           -1.46877654759428       -2.05698288456683        0.18636816673068
C           -0.07431558351868       -2.01531264453084        0.72910437206392
C            0.29154183205385       -0.53097084915485        0.71856542441933
C           -0.55805541328835        0.07685412730824       -0.40505813536671
C            0.10202805884320       -0.09567731389923       -1.78184307987546
C            1.42907750584886        0.61212855109725       -1.83848994095668
C            2.58780436988928       -0.02997374882225       -1.92421476193324
O            1.24806708379522        1.96137808064984       -1.77409326250210
C            2.39326795371860        2.79285080526508       -1.69887174394304
C            3.04903413499754        2.70965950933217       -0.35153663100842
C            4.34214106392978        2.63228397455338       -0.05947635685830
C            5.45628232431439        2.60767970798883       -1.05870344282914
C            4.77760343967149        2.54260040576262        1.38116301363780
C            4.83979534286100        1.08451640805552        1.86990508600032
C            5.96103585907565        0.31973109449349        1.24128700460272
C            5.88672139924871       -0.87498016399035        0.66659183899667
C            7.10185179817174       -1.54401341684049        0.09464305893633
C            4.61501404864509       -1.66767484293296        0.55483003856278
C           -1.87864898574636       -0.70430893771587       -0.33134977378663
C           -2.90501322437884       -0.06977636782761        0.62246610005542
C           -3.57059293630103        1.16671788537507        0.02389600651603
C           -4.55469636749622        1.80372205883267        1.00207382897168
C           -5.23577011699202        3.03602640845301        0.41143441789995
C           -6.20810012123457        3.67277778962671        1.39670913456639
H           -7.60322195518851       -2.91548399524140        0.23953361830913
H           -8.19114112742566       -4.46744989164084        1.01179289528627
H           -6.34613983514285       -5.69626033641855       -0.01934527924519
H           -5.60527139136558       -2.93272087485901       -1.16999987400223
H           -5.45080878989390       -4.48205862002241       -2.04055171785684
H            0.57978036709502       -2.59001126739777        0.07122156760983
H           -0.01985611085138       -2.47004276153515        1.71691041116842
H            0.02368265335091       -0.07396242913703        1.67233453689318
H            1.35509778584334       -0.36876963932006        0.55182790789718
H           -0.71193431550616        1.14471783029991       -0.24035488202444
H           -0.55620111728979        0.33764240144689       -2.53838296456689
H            0.24201195268160       -1.15312365838755       -2.00342989746653
H            2.59998806703128       -1.10149635819851       -1.99928605231853
H            3.54327417813124        0.45907313269752       -1.93626046932902
H            1.99804053060546        3.80433690565926       -1.85259642545742
H            3.08035480819705        2.56119452590818       -2.51933660841487
H            2.33001324740631        2.71771462436351        0.45871150043358
H            6.03918356360107        1.69638301034479       -0.92545897087958
H            5.10094656866814        2.65430963901525       -2.08337385474129
H            6.12080926707280        3.45482997355221       -0.89075815251503
H            4.06962740824943        3.08594170360098        2.00996366053118
H            5.76101507718527        3.00105299777003        1.50075579144718
H            3.88161296074605        0.60304381152771        1.67626257628056
H            4.99456685561712        1.09642374627721        2.95401293678712
H            6.92415102754511        0.81288435520894        1.30161027983987
H            7.99290135083250       -0.93656527265816        0.23352173220041
H            7.25950338126698       -2.50919362592296        0.57551484314423
H            6.96527400423695       -1.72461978506484       -0.97191151926191
H            4.72910669899174       -2.46660838689413       -0.17370174120620
H            3.78381416139938       -1.03757903968556        0.24659073186828
H            4.36121992748767       -2.11782669483246        1.51481403643850
H           -2.35001660382876       -0.80954798019326       -1.31372332110339
H           -2.41031315299532        0.19574732483673        1.55893205820785
H           -3.67549311294256       -0.80893863348781        0.85237991984734
H           -4.09976272913354        0.88501783027557       -0.88964332975549
H           -2.81190290166738        1.90289950955871       -0.24939219946193
H           -5.31483335826064        1.06978890196588        1.28035790876002
H           -4.02389192098151        2.08920067623307        1.91361353163316
H           -4.47510533316285        3.76743115889121        0.12857228604750
H           -5.77315829163957        2.75104911087671       -0.49601967307526
H           -6.68544201751431        4.54459585125694        0.95529638486077
H           -6.98297297097488        2.96374301248658        1.68038973633255
H           -5.68657782421853        3.98683680869662        2.29843333082660
74
 energy: -94.780757428666 gnorm: 0.001671470916 xtb: 6.7.1 (edcfbbe)
C           -7.45343705088950       -3.92108319836649        0.40688370982928
C           -6.47577397909890       -4.60598100922548       -0.15509106118752
C           -5.43623061796889       -4.00611423676762       -1.05323810621330
C           -4.05551468119277       -4.24610988575615       -0.46416036557016
O           -3.60626667714890       -5.30604755405349       -0.14605936919093
O           -3.42052128953764       -3.06202421004415       -0.36466873359353
N           -2.11857216759340       -3.13908937035164        0.19264676076721
C           -1.46201481181845       -2.06258564328981        0.17630781823516
C           -0.06745933081951       -2.02134499650715        0.71847295824257
C            0.29596294757276       -0.53638554023843        0.71441594278403
C           -0.55310367992427        0.07422095175184       -0.40812397306313
C            0.10722229058129       -0.09258452682439       -1.78546935785110
C            1.43331319433461        0.61694362544861       -1.84216664026751
C            2.59276902134321       -0.02381726933836       -1.92771422054030
O            1.25027038602642        1.96584068335459       -1.77805412245572
C            2.39441361430173        2.79856655458368       -1.70155645432293
C            3.04930124216724        2.71477993196710       -0.35384744200842
C            4.34195464603585        2.63681887833180       -0.06017958422583
C            5.45757786139280        2.61236845631084       -1.05795606918274
C            4.77450480876822        2.54407532421550        1.38095840497415
C            4.83324899118627        1.08532278979537        1.86910076335524
C            5.95282262290184        0.31871057914095        1.24020644426753
C            5.87698597462585       -0.87719861177749        0.66817513305177
C            7.09012777849974       -1.54612175269522        0.09218615910710
C            4.60460712677733       -1.67006083918954        0.56299122949126
C           -1.87262465473757       -0.70882336102275       -0.33875098768656
C           -2.90198688623577       -0.07826531912577        0.61415461048718
C           -3.56871175811236        1.15843693184666        0.01724384898197
C           -4.55576432111491        1.78926521151052        0.99623937311699
C           -5.23710336828671        3.02472737188144        0.41291581221675
C           -6.21232080990522        3.65124053065838        1.40190857179798
H           -7.57696456826326       -2.86256581819584        0.24096930889278
H           -8.17829433912277       -4.39104446484297        1.04994297697187
H           -6.35926374947812       -5.66563516121348        0.02660041981670
H           -5.59440562807023       -2.93622699089713       -1.19013022912304
H           -5.46211178209844       -4.50787598322577       -2.02522720149473
H            0.58715431673191       -2.59166085010167        0.05721782282860
H           -0.01126203743992       -2.48066184177762        1.70405483435650
H            0.02499578419769       -0.08377460076234        1.66947297987397
H            1.35953922182300       -0.37139531991844        0.55073664907224
H           -0.70827301618000        1.14130816622175       -0.23942496094518
H           -0.55207728364805        0.34279672975130       -2.53986801319573
H            0.24797725325224       -1.14910760556932       -2.01073494350358
H            2.60634672728500       -1.09532428985235       -2.00158047546250
H            3.54756408309785        0.46669367719709       -1.93855452021891
H            1.99828773560163        3.80975812586309       -1.85426645803254
H            3.08231796973824        2.56854106720791       -2.52181596930488
H            2.32953153372672        2.72049701898426        0.45575748436179
H            6.03438751178750        1.69614604335689       -0.93067905096699
H            5.10393803683842        2.66913702903436       -2.08281755639746
H            6.12720292234602        3.45386929256093       -0.88217327790586
H            4.06651538092703        3.08821393572451        2.00901696107126
H            5.75863601053863        3.00006582461045        1.50309427905781
H            3.87412554116600        0.60608074642535        1.67503447752824
H            4.98787471814960        1.09689687519850        2.95315763717141
H            6.91593642255421        0.81266187251803        1.29527037810221
H            7.98084086253188       -0.93675672928848        0.22480194184237
H            7.25196951583491       -2.50952518072041        0.57515462910120
H            6.94893665735236       -1.73030692292981       -0.97316965126627
H            4.71981724119926       -2.47902766945705       -0.15433005891727
H            3.77537602391688       -1.04267776379332        0.24372769507012
H            4.34755098820389       -2.10627925205515        1.52845528216500
H           -2.34182804762525       -0.81254182525471       -1.32232328571090
H           -2.40988120384082        0.18616960136377        1.55234362349934
H           -3.67173397381298       -0.81919751221254        0.84083182433256
H           -4.09551099648180        0.87814873573676       -0.89816043350839
H           -2.81104572142601        1.89703385514382       -0.25251432334169
H           -5.31580786763271        1.05280057161024        1.26816689045396
H           -4.02731463287939        2.06938524874933        1.91083615809410
H           -4.47711277248963        3.75964035871903        0.13746026003711
H           -5.77214028951056        2.74601912429576       -0.49787904745852
H           -6.68927008270341        4.52723028044320        0.96856944623133
H           -6.98722467331963        2.93867149306041        1.67650673973327
H           -5.69297621494142        3.95613961209844        2.30805952651106
74
 energy: -94.780778232543 gnorm: 0.003066457440 xtb: 6.7.1 (edcfbbe)
C           -7.43797196407290       -3.86512952765283        0.42538719617748
C           -6.47217134581132       -4.57176830840563       -0.12716328003035
C           -5.43549550873171       -4.00325025494752       -1.04704719472898
C           -4.05299518756556       -4.24689450087669       -0.46462664984988
O           -3.60620360863375       -5.30621331366867       -0.14433947001841
O           -3.41280531767897       -3.06544351601194       -0.37177831840486
N           -2.10996423835941       -3.14502808758528        0.18215379120942
C           -1.45316719317903       -2.06868453145919        0.16828892303721
C           -0.05767554702400       -2.02837290831356        0.70769379051045
C            0.30236916589019       -0.54266798542797        0.71205260654659
C           -0.54740694523138        0.07174351976413       -0.40793397108367
C            0.11099439110367       -0.08885509834900       -1.78689713412360
C            1.43593717005148        0.62240947847897       -1.84593091781427
C            2.59591372137117       -0.01728627965509       -1.93256461262378
O            1.25052587790198        1.97086987049843       -1.78350306459849
C            2.39351490765525        2.80454990634519       -1.70417331811099
C            3.04779775127241        2.71729007462627       -0.35637865212907
C            4.34020517839343        2.63930519693309       -0.06181468623260
C            5.45681376756720        2.61624700511939       -1.05876651382291
C            4.77110581943796        2.54467221161626        1.37941764423487
C            4.82744274426138        1.08581100022915        1.86885846172764
C            5.94516618405070        0.31706748702183        1.23985304153117
C            5.86742051803297       -0.87988285603526        0.67031535675109
C            7.07831759319017       -1.54966132335979        0.09111892519772
C            4.59364872514312       -1.67168635218644        0.57109659627525
C           -1.86543434027345       -0.71364367737080       -0.34297239997454
C           -2.89914517733667       -0.08757684726977        0.60771069688573
C           -3.56896547432229        1.14700352024939        0.00978803216097
C           -4.55834387062502        1.77344135386472        0.98882588942475
C           -5.23885349045520        3.01242261216597        0.41258060840046
C           -6.21612240923298        3.62938273774770        1.40532755147636
H           -7.55434022149665       -2.81046366689129        0.23517309754445
H           -8.16073105649544       -4.31290512741621        1.08499831680519
H           -6.36230612008840       -5.62695379860546        0.07902849492417
H           -5.58297654548892       -2.93590867045083       -1.20386192910865
H           -5.47773388635094       -4.52418701976246       -2.00686032391976
H            0.59649478028298       -2.59255054420201        0.04062211137344
H            0.00238360411057       -2.49428508043872        1.68994203597144
H            0.02864046356550       -0.09613994246765        1.66925570619239
H            1.36572993840461       -0.37400864078827        0.55096245400373
H           -0.70362445493491        1.13791112536311       -0.23415535183451
H           -0.55077641848176        0.34872367030126       -2.53782665308063
H            0.25201562689340       -1.14439575031717       -2.01618647943023
H            2.61046807058622       -1.08882675766222       -2.00453136589089
H            3.55001532731957        0.47460355890711       -1.94511773451279
H            1.99666185645062        3.81587369588171       -1.85357693648603
H            3.08213689599158        2.57802549738344       -2.52486347535433
H            2.32763011394247        2.71977331928190        0.45289393350778
H            6.03189016828537        1.69907114592776       -0.93393574189991
H            5.10450186021983        2.67643650071888       -2.08333619881125
H            6.12722258710471        3.45561911063587       -0.87997834073879
H            4.06339576853674        3.08982349087577        2.00686113788417
H            5.75584173224332        2.99879853850160        1.50273720341918
H            3.86743949629475        0.60794186891732        1.67621860504102
H            4.98313932172253        1.09916702076354        2.95268386234541
H            6.90872078519978        0.81061139390627        1.29108060540372
H            7.96986117683705       -0.94132563672864        0.22217846407562
H            7.24045080185530       -2.51355551584965        0.57276264496840
H            6.93479735151713       -1.73287171995738       -0.97404045679819
H            4.71048023291126       -2.49168460910937       -0.13295151037815
H            3.76780283545090       -1.04709346897561        0.23786738542752
H            4.33088545242032       -2.09176099498869        1.54180693352955
H           -2.33177103729974       -0.81594628911235       -1.32809913227932
H           -2.41066399751680        0.17835402749912        1.54735659677211
H           -3.66689422398963       -0.83120221482841        0.83200933285907
H           -4.09423279800052        0.86503731530571       -0.90593974277890
H           -2.81326250478088        1.88766028308842       -0.25957484496489
H           -5.31900063836443        1.03552859533630        1.25480829011058
H           -4.03193307979032        2.04809386165454        1.90619439556263
H           -4.47895487714785        3.74999108857641        0.14455933603922
H           -5.77191054397815        2.74063554428616       -0.50138901267852
H           -6.69034479797841        4.51128209728090        0.98139247977695
H           -6.99284585605046        2.91480988496999        1.66899663811835
H           -5.69875508673687        3.92212220713374        2.31661806406257
74
 energy: -94.780792971130 gnorm: 0.003639466253 xtb: 6.7.1 (edcfbbe)
C           -7.41563696004156       -3.78135051271089        0.45643220693508
C           -6.46981054907116       -4.52449971956831       -0.08713212036376
C           -5.43376552311875       -4.00429131364720       -1.04094082023071
C           -4.04991514893568       -4.25131412724057       -0.46300432609989
O           -3.61064466133949       -5.31019047783958       -0.12875604461389
O           -3.40110809573444       -3.07294722446019       -0.38717798695646
N           -2.09764218608673       -3.15390079763004        0.16476161175851
C           -1.44154759406537       -2.07713301252897        0.15318121471246
C           -0.04483066273590       -2.03738710525489        0.68932351576788
C            0.31046636585192       -0.55061528071785        0.70386855876354
C           -0.54045574423512        0.06811448306987       -0.41289135021593
C            0.11684982652680       -0.08512472454304       -1.79329142441254
C            1.44032667147499        0.62887180561872       -1.85125727027330
C            2.60149857659102       -0.00873144999493       -1.93792449093983
O            1.25158474821644        1.97678152272280       -1.78999440566942
C            2.39267571595507        2.81235581543642       -1.70655080516646
C            3.04538558820319        2.72075766577968       -0.35821981159649
C            4.33750852162702        2.64315964783099       -0.06228396777785
C            5.45531528680330        2.62314436964188       -1.05812169520773
C            4.76676501512199        2.54661893510666        1.37921159522249
C            4.82030633034321        1.08730333877811        1.86809536501139
C            5.93520473329303        0.31659603736479        1.23666871396740
C            5.85417454044889       -0.88266104771709        0.67240099110855
C            7.06147897059328       -1.55529330052376        0.08943769591902
C            4.57854754692563       -1.67361875229358        0.58445185928111
C           -1.85654401812663       -0.72068390858956       -0.35274602292941
C           -2.89457815076254       -0.10115895216097        0.59729109006130
C           -3.56713693808152        1.13336211778391        0.00204574882969
C           -4.56123664232099        1.75116796904732        0.98182802647498
C           -5.24120391982544        2.99466386687839        0.41472827475006
C           -6.22349354841788        3.59887665839078        1.41057902096871
H           -7.51539527534879       -2.72987558640827        0.23327952010153
H           -8.13836888773894       -4.19480005454125        1.14147129529789
H           -6.37579520087289       -5.57580597544958        0.15240352625690
H           -5.56494008930956       -2.93856183843275       -1.23230513852794
H           -5.49563345994629       -4.55899771694163       -1.98294446909832
H            0.60918148070899       -2.59399446489935        0.01555363639107
H            0.01962564412442       -2.51119034081861        1.66757460954757
H            0.03394281828946       -0.11148558958313        1.66378826183064
H            1.37342585851040       -0.37719091723839        0.54520254117496
H           -0.69850691838993        1.13315024812700       -0.23349357775067
H           -0.54688048104261        0.35459744062347       -2.54125296969139
H            0.25927231273032       -1.13945606865980       -2.02719461777883
H            2.61781771725157       -1.08015861066708       -2.01106734998569
H            3.55453928286979        0.48514299529034       -1.95226426137576
H            1.99433713921720        3.82360797949726       -1.85263238721152
H            3.08271275214860        2.58998867382606       -2.52723104865934
H            2.32435816066766        2.72114217145182        0.45028594069778
H            6.02391542214945        1.70052477113844       -0.94114658047257
H            5.10456617611870        2.69539680483380       -2.08272320068407
H            6.13141671313667        3.45627743947961       -0.87028010589534
H            4.05915522760885        3.09219492601718        2.00639293810381
H            5.75209563898406        2.99904034031714        1.50412567712645
H            3.85901857215867        0.61144502665947        1.67679641154297
H            4.97766302252714        1.10076013498663        2.95171031260818
H            6.89940848042953        0.80928862405035        1.28264362598545
H            7.95416786803332       -0.94675212199159        0.21340825841032
H            7.22579895171460       -2.51765533792443        0.57372566127998
H            6.91185798761399       -1.74223558472282       -0.97444696075074
H            4.69620656498853       -2.50929381314722       -0.10154595404465
H            3.75674438741822       -1.05285174105282        0.23317382185560
H            4.30898831111343       -2.07161257677966        1.56315053772467
H           -2.32032310240508       -0.82058826009156       -1.33937213530948
H           -2.40977120084167        0.16322151107442        1.53932348018498
H           -3.66057115630034       -0.84803094525967        0.81682854634195
H           -4.08902729145113        0.85304411702802       -0.91620147260508
H           -2.81338901992136        1.87787217025032       -0.26250081609491
H           -5.32217393615788        1.01006316520984        1.23853346735468
H           -4.03876655917013        2.01846761243699        1.90373285435676
H           -4.48157495633921        3.73653804100563        0.15749529815805
H           -5.77007899462550        2.73143375968726       -0.50430054241674
H           -6.69552121651584        4.48657050797687        0.99632888835139
H           -7.00156672976869        2.88071189638212        1.66089141908986
H           -5.71047010948242        3.87918466125950        2.32843193428234
74
 energy: -94.780814651763 gnorm: 0.001879479108 xtb: 6.7.1 (edcfbbe)
C           -7.41880341757606       -3.79628889675714        0.44962876284534
C           -6.46783315623576       -4.53109002652298       -0.09422035571715
C           -5.43330658721452       -4.00177350680176       -1.04150982193103
C           -4.04917946510155       -4.25043526761276       -0.46399351645858
O           -3.60992336811247       -5.31128534048553       -0.13388290168704
O           -3.40198241241116       -3.07201413912487       -0.38377610229557
N           -2.09822417161907       -3.15275536245620        0.16843375634014
C           -1.44287363427000       -2.07552899708534        0.15594101850171
C           -0.04562341381337       -2.03527394332027        0.69092431633038
C            0.30986006868815       -0.54863349450330        0.70358911863127
C           -0.54238206300069        0.06882568924508       -0.41276874923446
C            0.11434406289154       -0.08667415828363       -1.79318773913185
C            1.43802983143883        0.62687840085545       -1.85121325245154
C            2.59904002101176       -0.01096517091308       -1.93811292377551
O            1.24986476254934        1.97486990264349       -1.78906403356007
C            2.39113295375635        2.81013426205925       -1.70480038750468
C            3.04410739409875        2.71805608297297       -0.35664271637569
C            4.33651345387554        2.64116373781451       -0.06173577500593
C            5.45326088664427        2.62170438340475       -1.05861572290236
C            4.76776000070536        2.54601441452332        1.37942209356914
C            4.82397363076122        1.08731994222664        1.86890589585808
C            5.93919292279464        0.31700014273206        1.23726463510562
C            5.85790181403889       -0.88213549049844        0.67276993457334
C            7.06519865354290       -1.55616246246105        0.09123745461450
C            4.58195291741029       -1.67194687881746        0.58248386288356
C           -1.85868298497361       -0.71962843025485       -0.35006341262509
C           -2.89535447717963       -0.09919234948092        0.60101622687274
C           -3.56799239878463        1.13524161355460        0.00554845410950
C           -4.56148979287466        1.75500796303919        0.98489931783322
C           -5.24092004796305        2.99729867705421        0.41439828074080
C           -6.22297139639057        3.60613346350951        1.40751028652604
H           -7.52326818882952       -2.74527362826128        0.23226435424113
H           -8.14071642613720       -4.21634199325766        1.12906757944577
H           -6.36895849524732       -5.58216624497686        0.13930491906290
H           -5.56758341651135       -2.93581067825761       -1.22516250752682
H           -5.49252244252196       -4.54858975594082       -1.98690337813702
H            0.60783223704703       -2.59280735058171        0.01759830719065
H            0.01923415213450       -2.50786334115322        1.66959733166284
H            0.03507310682258       -0.10838554258770        1.66336030169682
H            1.37258246749796       -0.37562844083049        0.54292696033834
H           -0.70013336142209        1.13408459703932       -0.23495042711105
H           -0.54920549359303        0.35198958088225       -2.54188553629401
H            0.25659394469942       -1.14135897051424       -2.02560615536421
H            2.61493963239671       -1.08241608952487       -2.01179582010290
H            3.55236635438139        0.48229137763082       -1.95236948435570
H            1.99281028752638        3.82152795327697       -1.85031044027830
H            3.08103223809679        2.58826539146446       -2.52569764050861
H            2.32338818564098        2.71867139210985        0.45211586760177
H            6.02478964897017        1.70096962193121       -0.93937208433450
H            5.10110807497585        2.68998125264172       -2.08327893118538
H            6.12715400275619        3.45772837796168       -0.87383379866630
H            4.06033056351421        3.09108647251147        2.00729859411797
H            5.75262194307309        3.00005668090436        1.50248923872575
H            3.86307215933673        0.61019500871394        1.67873223025476
H            4.98230682865940        1.10112688219099        2.95243217875092
H            6.90346468877955        0.80941677006999        1.28421140982098
H            7.95885517597498       -0.94957891621276        0.21805048439401
H            7.22643805390406       -2.51965974650942        0.57446765369579
H            6.91729279443269       -1.74109147373975       -0.97326406520809
H            4.69874420610287       -2.50472704415155       -0.10638497313081
H            3.76019032419315       -1.05014142136259        0.23412757313494
H            4.31258879501333       -2.07361479958303        1.55921692735063
H           -2.32387956077933       -0.82007427804796       -1.33594901450558
H           -2.40917304786255        0.16540996981676        1.54224591960054
H           -3.66126004865559       -0.84576181410266        0.82183554875953
H           -4.09055132599291        0.85449014102061       -0.91222085392841
H           -2.81412526461387        1.87934898368292       -0.25992095286003
H           -5.32259138589984        1.01485334551363        1.24359831235234
H           -4.03865815998703        2.02442135433561        1.90589442824761
H           -4.48070802582073        3.73759520858239        0.15468514877688
H           -5.76999785752403        2.73146509136946       -0.50363815716378
H           -6.69444561510847        4.49201127259211        0.98916868264491
H           -7.00158644197372        2.88998535054601        1.66103648608283
H           -5.71003589417399        3.89045469258116        2.32379360081180
74
 energy: -94.780808832097 gnorm: 0.003209933041 xtb: 6.7.1 (edcfbbe)
C           -7.42189975383898       -3.81145082250973        0.44284140170413
C           -6.46580037068508       -4.53758177551337       -0.10138395898808
C           -5.43292678751098       -3.99903153005199       -1.04196339738323
C           -4.04859836665601       -4.24945991012571       -0.46473855275055
O           -3.60945158684887       -5.31232668090614       -0.13809865545225
O           -3.40284476964560       -3.07091579947081       -0.38060785159660
N           -2.09891430463104       -3.15149478570873        0.17207901949017
C           -1.44418876034692       -2.07389620856163        0.15869403185748
C           -0.04644031999380       -2.03321579078644        0.69259933108501
C            0.30927698746575       -0.54672616215286        0.70351145268318
C           -0.54418931779950        0.06956598532303       -0.41246442444584
C            0.11194844099692       -0.08814657139153       -1.79289832732746
C            1.43584433220561        0.62496922027287       -1.85102842670242
C            2.59667877292343       -0.01313891464541       -1.93817554637371
O            1.24820984510035        1.97304026900770       -1.78826790820712
C            2.38964940667744        2.80798936915966       -1.70323284764185
C            3.04287353509701        2.71533118792699       -0.35524098972833
C            4.33554278367688        2.63910100455392       -0.06130928601842
C            5.45131244227411        2.62032955402823       -1.05917496039323
C            4.76866296138081        2.54537088171420        1.37952974656283
C            4.82748009108792        1.08729991640654        1.86971297188966
C            5.94300424145296        0.31736021403836        1.23787506523007
C            5.86150849010779       -0.88165108357637        0.67312503861304
C            7.06882422887853       -1.55692672637881        0.09291877522586
C            4.58529256840386       -1.67045359466882        0.58064423123139
C           -1.86071121771133       -0.71849197682170       -0.34738988204655
C           -2.89618551398914       -0.09717258739092        0.60453587158268
C           -3.56881862093007        1.13716735045805        0.00870907270864
C           -4.56169754029213        1.75884455078200        0.98767121715797
C           -5.24064120930998        3.00000088696646        0.41403514019325
C           -6.22235456513837        3.61316057778705        1.40466430618363
H           -7.53111637681388       -2.76093456791114        0.23204994008365
H           -8.14298432577327       -4.23844028578844        1.11607519609267
H           -6.36192042838518       -5.58834218334692        0.12566278944570
H           -5.57048962434765       -2.93294926521644       -1.21791096306480
H           -5.48943051158071       -4.53787142780793       -1.99067579613138
H            0.60650293997388       -2.59163516673640        0.01973284715861
H            0.01876468691286       -2.50465016991977        1.67165741840426
H            0.03611699921363       -0.10542833263902        1.66313391908196
H            1.37178707621655       -0.37415363465826        0.54102159630382
H           -0.70158565071842        1.13503685357762       -0.23611427527882
H           -0.55146545276407        0.34949792931189       -2.54226009153835
H            0.25397254273154       -1.14318023381784       -2.02385119505401
H            2.61214859725323       -1.08461138214044       -2.01241614948798
H            3.55026218549933        0.47953896297307       -1.95269616287917
H            1.99138895519230        3.81954325423816       -1.84813874159684
H            3.07942097940225        2.58660552570741       -2.52433909811262
H            2.32246255231355        2.71618262853141        0.45376726597891
H            6.02547903328731        1.70119139858016       -0.93786382015533
H            5.09779209619446        2.68508316471405       -2.08395743315075
H            6.12322872325616        3.45905184824414       -0.87702147933023
H            4.06139662606800        3.08996731642039        2.00805579862183
H            5.75307878631024        3.00094701158168        1.50083930035213
H            3.86694862922114        0.60895003102320        1.68067799401688
H            4.98677865123816        1.10158054713404        2.95314730868882
H            6.90733859261683        0.80953392716851        1.28572992888407
H            7.96337592039758       -0.95209951972546        0.22243362403173
H            7.22721596863473       -2.52151872483043        0.57516993878096
H            6.92253833829704       -1.73994352990765       -0.97220091524997
H            4.70116486165867       -2.50020450766287       -0.11114879625301
H            3.76347945955636       -1.04773685625408        0.23537820522547
H            4.31630740959561       -2.07589622069267        1.55532298552404
H           -2.32718737875987       -0.81945695680154       -1.33259670664716
H           -2.40881148217711        0.16766524247522        1.54505337179388
H           -3.66202565403362       -0.84346069054458        0.82649338428146
H           -4.09203368477958        0.85595331718628       -0.90859679180209
H           -2.81479853898381        1.88085555169291       -0.25768544688019
H           -5.32296142870240        1.01961136795835        1.24829729711988
H           -4.03848542431618        2.03026259337837        1.90777416076001
H           -4.47990605843121        3.73877666011736        0.15187844819496
H           -5.77003818920358        2.73172086981691       -0.50297051644748
H           -6.69336345195597        4.49730807822778        0.98261091049522
H           -7.00143903088612        2.89897648238065        1.66134286582003
H           -5.70935404086724        3.90122304622729        2.31932804835421
74
 energy: -94.780838517109 gnorm: 0.001170115450 xtb: 6.7.1 (edcfbbe)
C           -7.41123503305151       -3.77104553065669        0.45662290882313
C           -6.46382723908220       -4.51403752951722       -0.08183479360286
C           -5.43202028182936       -3.99852221763707       -1.03799680453918
C           -4.04637044148753       -4.25138399251535       -0.46473928787959
O           -3.61020636131058       -5.31464790390697       -0.13787818491206
O           -3.39766484550974       -3.07510166389060       -0.38431056012997
N           -2.09228714144977       -3.15641159191264        0.16541658009544
C           -1.43845742130971       -2.07821642883176        0.15198545745415
C           -0.03959385507313       -2.03726650321615        0.68304401696538
C            0.31356432622036       -0.55020982423776        0.69803156457627
C           -0.54149073203116        0.06745944198953       -0.41592980340593
C            0.11421129895304       -0.08685334155615       -1.79706170788857
C            1.43738597309908        0.62760482222201       -1.85416149314983
C            2.59889602163068       -0.00935366862592       -1.94094346710073
O            1.24844958179386        1.97543943088963       -1.79051288693746
C            2.38902431497823        2.81137940684632       -1.70331949439163
C            3.04150002723324        2.71770304070238       -0.35504760849135
C            4.33411927676312        2.64151013501610       -0.06083582907613
C            5.44992015549055        2.62291137378742       -1.05857013255755
C            4.76719380590426        2.54661399542288        1.38004450633478
C            4.82494121591596        1.08831799056024        1.86927087495286
C            5.93934371564624        0.31725408527779        1.23664036873714
C            5.85573806530708       -0.88283527558880        0.67450963004509
C            7.06091797774843       -1.56060470123528        0.09280128676752
C            4.57812372762619       -1.66982327434567        0.58592890991098
C           -1.85699676098831       -0.72263141793434       -0.35171741162970
C           -2.89362019769784       -0.10434148513719        0.60103592065636
C           -3.56879145088489        1.12943882220193        0.00689406143627
C           -4.56380861771675        1.74746948792656        0.98609602281821
C           -5.24183733213285        2.99050638016176        0.41519379957617
C           -6.22645880915591        3.59992325647973        1.40538855101792
H           -7.51370679605550       -2.72277214709528        0.22737380012502
H           -8.13147466238794       -4.18099514136665        1.14309672706042
H           -6.36687754126589       -5.56246155430459        0.16227444908448
H           -5.56149948321475       -2.93346667337333       -1.22866903364404
H           -5.49869882853187       -4.55160404027796       -1.97844298275478
H            0.61279786525296       -2.59230054123642        0.00680069751859
H            0.02834491212731       -2.51203349068512        1.66031068639728
H            0.04025641722875       -0.11205236992228        1.65905067843162
H            1.37565864471462       -0.37530889758395        0.53522061704609
H           -0.70022776492672        1.13237815073231       -0.23739133239371
H           -0.54987412018026        0.35153966596471       -2.54539422081128
H            0.25725516259522       -1.14132429216594       -2.03010670475055
H            2.61524571562079       -1.08079978237039       -2.01584603880708
H            3.55216582964617        0.48392921755920       -1.95430576011708
H            1.98975698238991        3.82271399227101       -1.84712587593823
H            3.07950272278960        2.59185521016186       -2.52431745104509
H            2.32067200173325        2.71785196651395        0.45358489408537
H            6.02323831982597        1.70330043928023       -0.93876121070256
H            5.09679491425702        2.68948888532841       -2.08310814301025
H            6.12269005704126        3.46046393205445       -0.87551064154479
H            4.06031166262629        3.09140347561450        2.00885879941872
H            5.75190385621016        3.00160971756760        1.50148121282138
H            3.86391862524014        0.61092792414846        1.68008492512921
H            4.98451255159573        1.10150589146662        2.95272092553503
H            6.90397566229526        0.80897503097124        1.28204162829136
H            7.95674955265586       -0.95745626987369        0.22053557652539
H            7.21833135174199       -2.52522654059114        0.57514424215175
H            6.91250914526773       -1.74377932333093       -0.97191441715101
H            4.69465341160215       -2.50771917926201       -0.09644599305296
H            3.75923378996265       -1.04834751011033        0.23051050653994
H            4.30410848361166       -2.06373616376119        1.56440093564323
H           -2.32320591188813       -0.82271643781261       -1.33717384517264
H           -2.40666801717493        0.16025556201160        1.54181793738863
H           -3.65805207990171       -0.85230853836521        0.82212547403652
H           -4.09082121297699        0.84859299789902       -0.91114782134009
H           -2.81630158700157        1.87523828204422       -0.25781781040497
H           -5.32535552096346        1.00711989900049        1.24276221485044
H           -4.04244495338765        2.01592322928448        1.90814803056511
H           -4.48061341813420        3.73059168946557        0.15791166090424
H           -5.76858724023856        2.72545249537181       -0.50435435319482
H           -6.69507370819715        4.48657807256058        0.98558487778330
H           -7.00723725182994        2.88516952376201        1.65587898152166
H           -5.71653050341255        3.88329832374459        2.32342998528789
74
 energy: -94.780782158029 gnorm: 0.008238921233 xtb: 6.7.1 (edcfbbe)
C           -7.37284188908990       -3.62890469527148        0.50443392100548
C           -6.45517041164477       -4.42897117529672       -0.01227970455518
C           -5.42904493518611       -3.99498551178203       -1.02401208276612
C           -4.03846633688710       -4.25793606228072       -0.46556827327796
O           -3.61292781017875       -5.32388730374562       -0.13752544936966
O           -3.37890596358786       -3.08925308604019       -0.39767429089069
N           -2.06867550651788       -3.17396117984066        0.14207255723251
C           -1.41775956231560       -2.09382473033743        0.12825971801211
C           -0.01503211012120       -2.05111950748974        0.64928162149868
C            0.32866362688171       -0.56195512725555        0.67782393523340
C           -0.53276977903518        0.05968220442364       -0.42893982939805
C            0.12066346678181       -0.08236228542830       -1.81284433198480
C            1.44136143061062        0.63661700718212       -1.86649862959628
C            2.60524425462578        0.00383576461251       -1.95321583544609
O            1.24808762921523        1.98358712821112       -1.79709174928335
C            2.38568723984288        2.82297619764825       -1.70244136761889
C            3.03634375450043        2.72552489104749       -0.35358962218724
C            4.32893793736510        2.64920296356037       -0.05906677222528
C            5.44443388235008        2.63170833910169       -1.05682715920135
C            4.76269013664618        2.55067070667021        1.38167031679801
C            4.81725881217896        1.09188862694774        1.86822711452466
C            5.92775459133581        0.31653530277970        1.23321724659279
C            5.83621315684191       -0.88720255619779        0.68022682260818
C            7.03370103924721       -1.57426978999533        0.09349474543332
C            4.55299350958424       -1.66671295225039        0.60455673447689
C           -1.84444079047842       -0.73774911897460       -0.36658693584306
C           -2.88373522189734       -0.12990117576464        0.59053999930551
C           -3.56828587572533        1.10164075878880        0.00248421240605
C           -4.57114453387107        1.70709782085277        0.98197548834962
C           -5.24575403569696        2.95597995084184        0.41891545126889
C           -6.24130274909264        3.55389072295307        1.40577447067445
H           -7.45246055024729       -2.58961018697922        0.21265873248270
H           -8.09016289413569       -3.98027741346488        1.23307041874616
H           -6.38107874475012       -5.46799051346030        0.29254616466740
H           -5.53027841829457       -2.93396401516275       -1.26674965379404
H           -5.53331774952059       -4.59870304036906       -1.93470852687680
H            0.63539890040219       -2.59407296897519       -0.03899524961452
H            0.06334591251400       -2.53720733648448        1.62044330689932
H            0.05476529662962       -0.13478073631342        1.64374478568419
H            1.38920327151101       -0.37846457816686        0.51369328519157
H           -0.69660932921060        1.12262448288285       -0.24300288049672
H           -0.54592625194693        0.35908737997161       -2.55720432575973
H            0.26704947730966       -1.13474298473487       -2.05371194855586
H            2.62489976378106       -1.06745531696078       -2.03114403903217
H            3.55742740403235        0.49935265342800       -1.96093887231692
H            1.98266459444634        3.83354897391002       -1.84158912203115
H            3.07821566714799        2.61059500185986       -2.52359263592013
H            2.31450483031521        2.72296386007349        0.45414750015618
H            6.01664580972464        1.71158042531904       -0.94093313577927
H            5.09189933182686        2.70226619793772       -2.08063542420713
H            6.11839819585757        3.46715350958377       -0.87199731785816
H            4.05718272527584        3.09612323721876        2.01150963305822
H            5.74818619225040        3.00424537393720        1.50287404607833
H            3.85457453311561        0.61741458360113        1.67951863618412
H            4.97849128769695        1.10217394491136        2.95156882622151
H            6.89364354313770        0.80623754247363        1.27029504115677
H            7.93465087106650       -0.97813845037243        0.21622343709967
H            7.18588783107886       -2.53949746316260        0.57572501660156
H            6.87832292176078       -1.75719459129337       -0.97010040652136
H            4.67151587674907       -2.53295169473791       -0.04432084307593
H            3.74508989496276       -1.04961396533833        0.21270859876795
H            4.26014027543103       -2.01993603713340        1.59551625996037
H           -2.31106909448547       -0.83502504933567       -1.35225884335255
H           -2.39702750272456        0.13422453884270        1.53156887556372
H           -3.64300875800197       -0.88361398466195        0.80989704228010
H           -4.08595277459963        0.82176824061458       -0.91820214354522
H           -2.82131141728528        1.85498451245776       -0.25633736064303
H           -5.33367798638128        0.96299445739662        1.22509674369786
H           -4.05664221362219        1.96608097831123        1.91076404979325
H           -4.48263203571672        3.70016580633580        0.17813952043723
H           -5.76261470596715        2.70098698562660       -0.50944757010424
H           -6.70135998481630        4.44851177651975        0.99193468514852
H           -7.02800890850398        2.83764780440738        1.63550066328163
H           -5.74274204453871        3.82266593184387        2.33529453134417
74
 energy: -94.780867949335 gnorm: 0.003879846250 xtb: 6.7.1 (edcfbbe)
C           -7.38718847565972       -3.68303302999796        0.48556778628606
C           -6.45745177164496       -4.45998018048882       -0.03875713905295
C           -5.43015131333427       -3.99436856118194       -1.02802281299506
C           -4.04074537327452       -4.25509724107978       -0.46626206531661
O           -3.61063735267077       -5.32104564828489       -0.14516199480442
O           -3.38613900550213       -3.08418130093736       -0.38890814032103
N           -2.07664790196448       -3.16806982817173        0.15243723274270
C           -1.42512872713584       -2.08832679423955        0.13770600065571
C           -0.02342283547685       -2.04539593032121        0.66128685326543
C            0.32327219660345       -0.55687716419573        0.68350513559396
C           -0.53699386123648        0.06223781581354       -0.42555320297578
C            0.11700745371105       -0.08458241286444       -1.80856337842167
C            1.43869227940046        0.63263178879445       -1.86272294506343
C            2.60175551021024       -0.00153201978785       -1.94978419121681
O            1.24736064086167        1.97990472068251       -1.79302339468406
C            2.38610436906154        2.81808424345519       -1.70121342581102
C            3.03786494554368        2.72267901210744       -0.35276412146236
C            4.33064409921245        2.64626570163188       -0.05903377792361
C            5.44560181491629        2.62764393529157       -1.05735172007942
C            4.76528905520059        2.54937243978426        1.38151828600135
C            4.82150711948071        1.09086547405934        1.86877435596326
C            5.93360294013488        0.31694557419457        1.23486613442864
C            5.84435444823808       -0.88531872389603        0.67847441139922
C            7.04432746931484       -1.57029046511746        0.09441412674936
C            4.56254976400683       -1.66617442313690        0.59667536154152
C           -1.84982101022982       -0.73296947785937       -0.36058852038191
C           -2.88663405923594       -0.12099549225368        0.59661535600840
C           -3.56880176090294        1.11093780409797        0.00685721155192
C           -4.56882652944036        1.72163690535289        0.98582120489492
C           -5.24413164890827        2.96764356267433        0.41739317578383
C           -6.23632381197761        3.57279469345340        1.40301101911486
H           -7.47651459752646       -2.64104543537153        0.21720942991077
H           -8.10505621457168       -4.05700076786245        1.19748535151814
H           -6.37392544971075       -5.50198465766433        0.24276440448205
H           -5.54190686578563       -2.93211342531675       -1.24832304868093
H           -5.52118008888000       -4.57611554407606       -1.95049594537793
H            0.62733032494851       -2.59311101327928       -0.02261505638276
H            0.05187594408742       -2.52657077700547        1.63498924355453
H            0.05069401410131       -0.12506678676553        1.64763050879190
H            1.38413260176249       -0.37642529503646        0.51839014153406
H           -0.69945997725814        1.12593613502417       -0.24308769909489
H           -0.54843386014843        0.35564045146046       -2.55467599037558
H            0.26235534940132       -1.13772609314895       -2.04653616134208
H            2.62027601300895       -1.07281288077042       -2.02773065637974
H            3.55446153541123        0.49296680484785       -1.95766699896122
H            1.98415986442411        3.82879671682631       -1.84222640958232
H            3.07765656863756        2.60310300842629       -2.52245004379024
H            2.31667660661273        2.72160493843241        0.45555442676607
H            6.02101611391074        1.71010507410635       -0.93742640954489
H            5.09225276132949        2.69215127879465       -2.08126151619036
H            6.11674231869359        3.46630165784117       -0.87685659562950
H            4.05955787160885        3.09449965154118        2.01137393087724
H            5.75039309833532        3.00399212860410        1.50189053817939
H            3.85957089526904        0.61508031261189        1.67973119159220
H            4.98204499754305        1.10174146864409        2.95217023227696
H            6.89919585299454        0.80684737178829        1.27580443120638
H            7.94420161313250       -0.97349039938490        0.22074982289665
H            7.19603755848054       -2.53600011035969        0.57571915996674
H            6.89252545763169       -1.75189754319892       -0.96982059827132
H            4.68015211655926       -2.52181761090868       -0.06446873899533
H            3.75150157662211       -1.04681587828789        0.21763528439964
H            4.27528976546585       -2.03433194231958        1.58248103469181
H           -2.31782302752132       -0.83163903292931       -1.34544451884595
H           -2.39809299337164        0.14375817355434        1.53652587872809
H           -3.64735916322435       -0.87252581661595        0.81835877920588
H           -4.08831909183281        0.83037941200516       -0.91255214504603
H           -2.82024949552438        1.86169629216084       -0.25456258406806
H           -5.33104819736432        0.97929814337464        1.23466346801842
H           -4.05192640291425        1.98520071851311        1.91185104981611
H           -4.48115190363649        3.70946823225157        0.16978997748120
H           -5.76381983596112        2.70735351702341       -0.50772948933940
H           -6.69863190395966        4.46359108131427        0.98369406463500
H           -7.02146987144809        2.85812267452091        1.64143535651811
H           -5.73462054667576        3.84945078908390        2.32818190016959
74
 energy: -94.780881970404 gnorm: 0.001681497312 xtb: 6.7.1 (edcfbbe)
C           -7.38737438931985       -3.68635184539017        0.48445413372287
C           -6.45705169561049       -4.46111284949368       -0.04063428666402
C           -5.43032212889789       -3.99350844621017       -1.02830397744244
C           -4.04118624615622       -4.25496421443403       -0.46634567257923
O           -3.61094637565216       -5.32144668784491       -0.14396321573668
O           -3.38615784306473       -3.08341010259498       -0.38953150541237
N           -2.07731726147180       -3.16764867010441        0.15286998942759
C           -1.42541598361523       -2.08814874243279        0.13836081992195
C           -0.02384037453355       -2.04493454073041        0.66205777034444
C            0.32285045281470       -0.55640505386877        0.68375152940314
C           -0.53752545951894        0.06233022727575       -0.42541758112589
C            0.11607733480159       -0.08462272221855       -1.80852358773280
C            1.43787010546059        0.63240798016271       -1.86284621660454
C            2.60079993596937       -0.00181598946580       -1.95109240039821
O            1.24661887903020        1.97962653003339       -1.79206568847083
C            2.38540456830115        2.81773128595987       -1.70073670586445
C            3.03780540468547        2.72175339522504       -0.35261722272922
C            4.33065540199950        2.64525084443680       -0.05928255123018
C            5.44550849732847        2.62744968435272       -1.05783671107636
C            4.76557742350277        2.54903858795640        1.38115540922808
C            4.82228799206712        1.09082850394903        1.86944503957427
C            5.93424515944888        0.31672792191849        1.23561936187214
C            5.84497139497306       -0.88534274505772        0.67877123883373
C            7.04510104082890       -1.57026941306231        0.09504994649319
C            4.56309155756644       -1.66612417180837        0.59639035191066
C           -1.85024162801910       -0.73273077488749       -0.35986227064140
C           -2.88643429516940       -0.12047109456729        0.59773103718887
C           -3.56808502236387        1.11157159909559        0.00764734769938
C           -4.56819120394413        1.72254820055674        0.98628701218411
C           -5.24379244632220        2.96787496627419        0.41693464615365
C           -6.23610226858861        3.57357739270492        1.40195012257864
H           -7.47735409469962       -2.64447714680229        0.21972242491927
H           -8.10507927194631       -4.06239518967476        1.19403784513919
H           -6.37287067321317       -5.50294088459049        0.23810388507864
H           -5.54304695942300       -2.93137931591586       -1.24752387283244
H           -5.52123838260769       -4.57382779789127       -1.95116302715536
H            0.62706326101214       -2.59280754064498       -0.02155503901377
H            0.05158752054177       -2.52561243427259        1.63596435427366
H            0.04998702662588       -0.12426625738523        1.64764096814446
H            1.38371862422934       -0.37593673794524        0.51891969145679
H           -0.69984533701702        1.12606232302199       -0.24310839848166
H           -0.54954123228918        0.35590925100331       -2.55428303659897
H            0.26102016704612       -1.13773079581483       -2.04672996604121
H            2.61931018900721       -1.07298953004600       -2.03023047034470
H            3.55339780714733        0.49286673985494       -1.95946547418896
H            1.98352353138900        3.82855463814122       -1.84115829550201
H            3.07658210508952        2.60296991718637       -2.52236018721961
H            2.31703301741606        2.72074195969474        0.45607697888298
H            6.02152586848286        1.71000254764026       -0.93738212364498
H            5.09168467793391        2.69134377159555       -2.08199711638286
H            6.11606141027398        3.46699769329045       -0.87728916677306
H            4.05988514111183        3.09427278589241        2.01096438728590
H            5.75063768053327        3.00374726267899        1.50121794620962
H            3.86033722386290        0.61482438760764        1.68127359827794
H            4.98339780693384        1.10283786498214        2.95272782671092
H            6.89999060531110        0.80639273109688        1.27685944081323
H            7.94493948268469       -0.97326667143693        0.22166632191844
H            7.19667935855249       -2.53599866158815        0.57660140658961
H            6.89362913946709       -1.75196207172872       -0.96934411862117
H            4.68022224374227       -2.52042025669842       -0.06584972124142
H            3.75193833546413       -1.04674660968860        0.21870156744076
H            4.27640385367827       -2.03572090517998        1.58124445213258
H           -2.31885237365908       -0.83154413362979       -1.34437942733617
H           -2.39740766503953        0.14428007351411        1.53741092996725
H           -3.64728179766285       -0.87176807917525        0.81990354399953
H           -4.08739795316165        0.83099012680369       -0.91194767029691
H           -2.81927237598420        1.86218812367150       -0.25363120118528
H           -5.33024321821188        0.98020751235624        1.23562008499675
H           -4.05144606453596        1.98694942576518        1.91213513931326
H           -4.48106442342219        3.70956495481097        0.16842683396523
H           -5.76358310048822        2.70656336929065       -0.50774079862977
H           -6.69930664331680        4.46331328395471        0.98179977003809
H           -7.02049062724255        2.85886380381914        1.64187623725088
H           -5.73411441018733        3.85193741673434        2.32618913664629
74
 energy: -94.780896089515 gnorm: 0.000868105748 xtb: 6.7.1 (edcfbbe)
C           -7.38217147587681       -3.67335488179629        0.48807875897577
C           -6.45497223311088       -4.45174196097676       -0.03512581714427
C           -5.43068942034787       -3.99120993754945       -1.02606220532062
C           -4.04077788618451       -4.25553625621889       -0.46777145262975
O           -3.60970613031914       -5.32332412593883       -0.14972499787459
O           -3.38528168546914       -3.08408782092291       -0.38815427109202
N           -2.07597411765285       -3.16965020092696        0.15266973344986
C           -1.42361066939478       -2.09036478871594        0.13741669880178
C           -0.02154260048106       -2.04593361472761        0.65932366426906
C            0.32403035611635       -0.55712999757165        0.68056350089222
C           -0.53792604175342        0.06092679107275       -0.42771846844789
C            0.11469959881667       -0.08419441190134       -1.81141930573614
C            1.43649712630263        0.63304413056990       -1.86454644277879
C            2.59948473689412       -0.00067143157604       -1.95550865081117
O            1.24520858551731        1.98001435091120       -1.78889184708064
C            2.38383195178536        2.81850757171028       -1.69864742565312
C            3.03768491005468        2.72252458785894       -0.35123673100459
C            4.33072379106247        2.64507556574810       -0.05896436365461
C            5.44506920454953        2.62720504791435       -1.05814133057825
C            4.76662003688708        2.54946583827931        1.38117831458321
C            4.82269836221115        1.09149649847876        1.87040339399220
C            5.93410157155368        0.31626739114943        1.23699075136256
C            5.84346972268289       -0.88554415521961        0.67985765174703
C            7.04288211562738       -1.57223767376220        0.09685136673913
C            4.56031078738657       -1.66412359039171        0.59628910099511
C           -1.84978262285126       -0.73514244620343       -0.36022094387820
C           -2.88391942210055       -0.12330572939958        0.59990084502652
C           -3.56699965818885        1.10799563594038        0.01026600871912
C           -4.56816654872697        1.71832122199047        0.98807524092968
C           -5.24375678381136        2.96245805908746        0.41624183213942
C           -6.23813395011175        3.56953051673551        1.39815278089142
H           -7.47084535167853       -2.63336292173884        0.21962021714707
H           -8.09861242758279       -4.04464775185582        1.19972345029754
H           -6.37250987426813       -5.49156099311481        0.24750667267353
H           -5.54154962941352       -2.93050462976473       -1.24805658616280
H           -5.52718657006795       -4.57314540075832       -1.94573854806673
H            0.62906913737049       -2.59312189216941       -0.02501777407933
H            0.05576805575092       -2.52628141625008        1.63316620726094
H            0.05151268994879       -0.12512998217744        1.64456859872324
H            1.38457726939639       -0.37580429964095        0.51506002525078
H           -0.70108656138295        1.12442981260212       -0.24491413715785
H           -0.55126924268699        0.35762151234109       -2.55610370448289
H            0.25952457228381       -1.13684631098562       -2.05157464253252
H            2.61844015297088       -1.07151530735153       -2.03872707385205
H            3.55181389334649        0.49453987648685       -1.96269920796692
H            1.98142010529946        3.82919090599315       -1.83837188285269
H            3.07427203400244        2.60425665615908       -2.52097852537087
H            2.31781628534286        2.72224807453031        0.45826528054434
H            6.02461224498833        1.71235184420192       -0.93391221996025
H            5.09029950124756        2.68533148091312       -2.08250559413678
H            6.11240232402110        3.47035479495270       -0.88133854611838
H            4.06168463880812        3.09542803864447        2.01120995714300
H            5.75204111991361        3.00356373526625        1.50036504902747
H            3.86048960819793        0.61597495849461        1.68256713087963
H            4.98395981284341        1.10422876387217        2.95363872733968
H            6.90048360685798        0.80455169641162        1.27912670968950
H            7.94362292286250       -0.97680950132491        0.22462179918195
H            7.19235008885327       -2.53854384222592        0.57801282665469
H            6.89205040127431       -1.75300338953828       -0.96781877434600
H            4.67750707921736       -2.52036412257973       -0.06268527927829
H            3.75159070005795       -1.04471189794577        0.21428328403459
H            4.27012022414889       -2.02984958190450        1.58099321494703
H           -2.32059675533984       -0.83406206812158       -1.34364057796255
H           -2.39251567207676        0.14209877163545        1.53817545406886
H           -3.64386683578849       -0.87481299021723        0.82443198566457
H           -4.08571212228041        0.82692189013306       -0.90953589355956
H           -2.81895783004003        1.85946622469277       -0.25071030978550
H           -5.32984116171625        0.97564400548222        1.23729029664603
H           -4.05248894174257        1.98387569353515        1.91411769195834
H           -4.48098495130066        3.70398532382828        0.16774309881868
H           -5.76179085349739        2.69933559763925       -0.50881067571655
H           -6.70147655371490        4.45765127850071        0.97495006698073
H           -7.02214894746272        2.85489986782164        1.63870458518551
H           -5.73788979807223        3.85084731190737        2.32223405623145
74
 energy: -94.780915601770 gnorm: 0.000905216048 xtb: 6.7.1 (edcfbbe)
C           -7.37011303807675       -3.63620854943403        0.50057648171830
C           -6.45186148615476       -4.42848317694132       -0.01749901307839
C           -5.43080838359481       -3.98959466349766       -1.02231980971306
C           -4.03964521318358       -4.25727186567973       -0.46917222723009
O           -3.60921291361957       -5.32603056608196       -0.15302477384380
O           -3.38188536900632       -3.08675016617196       -0.39014901181898
N           -2.07179402643926       -3.17410770734683        0.14825824477762
C           -1.41892512678265       -2.09507545614229        0.13256757051536
C           -0.01605279648561       -2.04989153807903        0.65186910847326
C            0.32752651923953       -0.56061159822247        0.67518908717611
C           -0.53629777495974        0.05820124825039       -0.43122284963503
C            0.11509407027408       -0.08265655374594       -1.81594092028549
C            1.43648533725945        0.63556860558055       -1.86768337611679
C            2.59982995825463        0.00293609413699       -1.96184688805499
O            1.24439696847396        1.98210260178798       -1.78664008077787
C            2.38242703087144        2.82153850933712       -1.69690098405757
C            3.03746916742388        2.72516126494153       -0.35009014061815
C            4.33061544593882        2.64651054559292       -0.05858059651558
C            5.44470715142903        2.62825576552736       -1.05809030332854
C            4.76699865899742        2.55069423095846        1.38136037267875
C            4.82069940533241        1.09270633442333        1.87112445191371
C            5.93094129435134        0.31544343521571        1.23820159823563
C            5.83797943804296       -0.88643270150877        0.68159820816973
C            7.03579637125619       -1.57548471034880        0.09819071680425
C            4.55284203558429       -1.66199152283952        0.59860409875826
C           -1.84689590883147       -0.73966378004232       -0.36318348145023
C           -2.87996837235642       -0.12985233624661        0.59939656709099
C           -3.56550628486266        1.10047277219115        0.01090028751222
C           -4.56895333104737        1.70788425703591        0.98807210339410
C           -5.24476384342997        2.95170735455236        0.41590569474477
C           -6.24270475060199        3.55671910153454        1.39539684349886
H           -7.45247596012438       -2.59921018109330        0.21947960402085
H           -8.08522888282050       -3.99285534500749        1.22072879996539
H           -6.37594764950907       -5.46505624567044        0.27859022878358
H           -5.53496100501059       -2.93081694685154       -1.25782441420994
H           -5.53871162649023       -4.58395845728029       -1.93321872952107
H            0.63400133095950       -2.59470935167464       -0.03492336260234
H            0.06408789642202       -2.53189536750265        1.62467320358508
H            0.05499170144846       -0.13057898616409        1.64008637117693
H            1.38767157026208       -0.37751536379823        0.50935479320429
H           -0.70084537073937        1.12111646948579       -0.24615797571233
H           -0.55171298066321        0.36114920754699       -2.55869416931103
H            0.26029770348966       -1.13445672923856       -2.05954163733056
H            2.61967011197399       -1.06752616973120       -2.04957085459323
H            3.55168089593800        0.49910183845187       -1.96773934411757
H            1.97902747346562        3.83196682188755       -1.83549024635117
H            3.07238211292163        2.60854084627523       -2.51995044373773
H            2.31832875063868        2.72535610060490        0.46006945267681
H            6.02699997784538        1.71557836055969       -0.93072052473168
H            5.08950204431589        2.68162738309184       -2.08258060081519
H            6.10948184105687        3.47411451075536       -0.88447264746239
H            4.06322953640540        3.09801749357635        2.01150910416444
H            5.75324961169057        3.00307730976020        1.50007395003212
H            3.85779701570395        0.61867156287746        1.68313634459506
H            4.98177738173618        1.10570711983253        2.95437559724640
H            6.89819987509593        0.80203177847952        1.28011441313537
H            7.93773671890889       -0.98165497442250        0.22541742573309
H            7.18372810894584       -2.54196669002579        0.57955929279499
H            6.88411745281229       -1.75623175479268       -0.96641816339540
H            4.67080343134497       -2.52467255373403       -0.05170283109361
H            3.74830240645575       -1.04346593866692        0.20618373887892
H            4.25598237995069       -2.01736109746445        1.58504960149483
H           -2.31923025036589       -0.83797141819913       -1.34591121925793
H           -2.38695725421196        0.13605170832533        1.53668980969550
H           -3.63846064392972       -0.88238329663508        0.82539191510365
H           -4.08281034474990        0.81911240488824       -0.90961613125155
H           -2.81891837371394        1.85385510851290       -0.24874846169535
H           -5.33007430550371        0.96389376658805        1.23501883062674
H           -4.05526364685817        1.97297734375675        1.91533406646504
H           -4.48220927301944        3.69437651365278        0.17016710271235
H           -5.75980548104778        2.68868785382073       -0.51084438577639
H           -6.70599244365950        4.44444740329324        0.97136721222877
H           -7.02640626771448        2.84087719541770        1.63322620931233
H           -5.74545580299590        3.83815553780211        2.32102391918971
74
 energy: -94.780846480572 gnorm: 0.008971763798 xtb: 6.7.1 (edcfbbe)
C           -7.30648739402559       -3.44592109863746        0.56360059370214
C           -6.43618431721331       -4.31189318159172        0.06959797219932
C           -5.43110373339091       -3.98324903213113       -1.00347448033385
C           -4.03347893386212       -4.26675197103626       -0.47594140294132
O           -3.60605053475859       -5.34030303784645       -0.17097770030858
O           -3.36541025090320       -3.10098634421519       -0.39913505351358
N           -2.05068613714754       -3.19669041450105        0.12613524176388
C           -1.39578511472911       -2.11862323259792        0.10834117641199
C            0.01147600272037       -2.07097858158660        0.61411282811928
C            0.34618993149337       -0.57962298191692        0.64905575335339
C           -0.52705411539231        0.04436084289064       -0.44717361515131
C            0.11801433870751       -0.07522260856333       -1.83704166526560
C            1.43714629204040        0.64821487547373       -1.88279104507382
C            2.60220811714289        0.02101635455430       -1.99326455404951
O            1.24090282692097        1.99251716927573       -1.77634195366435
C            2.37588622625567        2.83672530543196       -1.68833884766619
C            3.03632228929671        2.73803205855565       -0.34432059463828
C            4.32999087550890        2.65357324702912       -0.05656699054240
C            5.44259034284088        2.63301831407041       -1.05782977008157
C            4.76903193154849        2.55690265649538        1.38242028499119
C            4.81015100390237        1.09896667371976        1.87481307895823
C            5.91457240044659        0.31154792297079        1.24424639580231
C            5.80977326883567       -0.89042679579869        0.68980797100733
C            6.99962512733431       -1.59166358756669        0.10487159209737
C            4.51465862003137       -1.65055554390588        0.60886868084547
C           -1.83197324171584       -0.76197412716592       -0.37756195199126
C           -2.86112302998803       -0.16231741338572        0.59579257900886
C           -3.55875708642338        1.06317848210845        0.01254828611694
C           -4.57346464973317        1.65596420318478        0.98683997012337
C           -5.25139654958901        2.89821717435727        0.41394696548060
C           -6.26696967241435        3.49143445598827        1.38259002474055
H           -7.35736638014320       -2.42425816853949        0.21098655303185
H           -8.01268065780423       -3.72430760951811        1.33507667029700
H           -6.39335097734872       -5.33188961746162        0.43631400358878
H           -5.50231101970753       -2.93539435982400       -1.30583636597030
H           -5.59578443879189       -4.63758804063729       -1.86952542379824
H            0.65811148109382       -2.60398542398632       -0.08551713166561
H            0.10533467851843       -2.56231342409375        1.58124626202948
H            0.07465323928892       -0.16009873185593        1.61901982245993
H            1.40438142372054       -0.38831225192857        0.48080416530912
H           -0.69782999306023        1.10428790984199       -0.25003518604200
H           -0.55338247114791        0.37781458392668       -2.57018802657280
H            0.26545636046157       -1.12284325563242       -2.09728072081042
H            2.62609877421173       -1.04756968038641       -2.10262868914454
H            3.55184387084492        0.52153236576561       -1.99417560531460
H            1.96756518305403        3.84593607170616       -1.82114895283392
H            3.06370875939946        2.63033114735026       -2.51482133400549
H            2.32054159730591        2.74078688705484        0.46885961578151
H            6.03870954716738        1.73136697374634       -0.91414735878147
H            5.08509065810758        2.66184307814897       -2.08298466665336
H            6.09463403840852        3.49261709525511       -0.90094534766964
H            4.07168029078732        3.11167089361782        2.01324700917022
H            5.75975346517651        3.00020500634940        1.49822754559891
H            3.84374097648397        0.63267535286268        1.68542524378731
H            4.96975705465754        1.11282943922174        2.95826488386755
H            6.88637149271172        0.78916058413348        1.28605195691911
H            7.90749484967916       -1.00585597065181        0.22915501718201
H            7.14002723899430       -2.55889337087014        0.58736332441256
H            6.84375228835049       -1.77251283796969       -0.95925991822153
H            4.63691203457316       -2.54681374006865        0.00338288353330
H            3.73212301488541       -1.03636958388920        0.16227776350093
H            4.18257388697998       -1.95235068963095        1.60433049558295
H           -2.31052292560303       -0.85677661048054       -1.35756559642967
H           -2.36149705715672        0.10601076652470        1.52892742277838
H           -3.61251081668762       -0.92018405703607        0.82777887880959
H           -4.06921368092408        0.78037159253160       -0.91142216654414
H           -2.81943246238050        1.82605628547449       -0.24064726165516
H           -5.33144166128807        0.90508542998547        1.22275591568400
H           -4.06934394215770        1.91882086750162        1.92001146054422
H           -4.49059808517424        3.64740909138746        0.18216657512303
H           -5.75185454464425        2.63614356219333       -0.52124739312868
H           -6.73081965621508        4.37745478594470        0.95555794032933
H           -7.04859659012434        2.76865633961330        1.60653514493726
H           -5.78439367829296        3.77276153068861        2.31614264429141
74
 energy: -94.780993462470 gnorm: 0.002206542401 xtb: 6.7.1 (edcfbbe)
C           -7.29985838582860       -3.44568109123663        0.56084984792422
C           -6.43383008562315       -4.31025234169020        0.06814235786869
C           -5.43246165425589       -3.98455727213788       -1.00140943251291
C           -4.03484443130436       -4.26679365440156       -0.47380791590328
O           -3.60781406117090       -5.33976868325148       -0.16831328211478
O           -3.36660862868461       -3.10144330050726       -0.39938730236607
N           -2.05149694557557       -3.19664491753080        0.12529827077580
C           -1.39691654798834       -2.11837066833959        0.10806960595260
C            0.01048498889905       -2.07196477490637        0.61393974191894
C            0.34651776886070       -0.58103435825737        0.64994193369271
C           -0.52643066864282        0.04419761308937       -0.44566533694251
C            0.11853481662317       -0.07572143662515       -1.83541792372624
C            1.43742832831474        0.64786177044128       -1.88273488188168
C            2.60236590084886        0.02081147793106       -1.99367851313214
O            1.24118232357267        1.99203501879034       -1.77737497819508
C            2.37606418887828        2.83621313279893       -1.68826775921532
C            3.03608046124995        2.73715526730707       -0.34415047500060
C            4.32977612472334        2.65333048551322       -0.05640339761457
C            5.44204215857058        2.63255560677497       -1.05782956368411
C            4.76916302889322        2.55677331411238        1.38257945523512
C            4.81023169614818        1.09914866593277        1.87517905420033
C            5.91462552035513        0.31157719798675        1.24477832820860
C            5.80980056246168       -0.89015110005512        0.68993075592513
C            6.99962161687139       -1.59137277885388        0.10508009365592
C            4.51483939098473       -1.64989050848023        0.60745232571143
C           -1.83212724621196       -0.76131139656009       -0.37710976961877
C           -2.86233869362748       -0.16144172324392        0.59489893226276
C           -3.55924507574954        1.06447709611634        0.01150777495419
C           -4.57369509428514        1.65737873047634        0.98594598375575
C           -5.25294005694600        2.89927088443736        0.41370400485830
C           -6.26791523767370        3.49135129498136        1.38339586001558
H           -7.35087729582022       -2.42688281244815        0.20996556067431
H           -8.00268011301086       -3.72174405015919        1.32954691756305
H           -6.39055263945998       -5.32760788145855        0.43348321533309
H           -5.50657396679346       -2.94027637881389       -1.30549052202433
H           -5.59791535811799       -4.63755218765742       -1.86323828993949
H            0.65672150290956       -2.60511199130716       -0.08571954417537
H            0.10363829817318       -2.56402040172227        1.58060192502931
H            0.07590919801879       -0.16198017410183        1.62027564465560
H            1.40480014281880       -0.39051257603197        0.48122120486479
H           -0.69630819498605        1.10407551760664       -0.24807368873518
H           -0.55326113105094        0.37643903450848       -2.56863558304057
H            0.26612836567618       -1.12339806816053       -2.09489379052298
H            2.62593154871390       -1.04776665227433       -2.10118261981904
H            3.55223789807597        0.52087300614168       -1.99508187354437
H            1.96768621337403        3.84546279722995       -1.82068064576258
H            3.06406430184072        2.63050320887024       -2.51471832487818
H            2.32003706168230        2.73944657948108        0.46877354353176
H            6.03817670370955        1.73130085451705       -0.91457998722812
H            5.08462702617261        2.66130302181888       -2.08263638743509
H            6.09417058300544        3.49176272117763       -0.90165343767000
H            4.07218298222106        3.11193131845195        2.01340507002833
H            5.75992372250093        3.00007514106962        1.49780082671856
H            3.84385646381770        0.63284363773254        1.68579899863870
H            4.96979563039780        1.11292577019009        2.95865195424412
H            6.88642591475461        0.78904265180411        1.28699701434663
H            7.90721920126906       -1.00541485917774        0.22868167129251
H            7.14042337374067       -2.55815134579910        0.58795551059938
H            6.84343288272201       -1.77284168688418       -0.95872000624232
H            4.63611721792164       -2.54528863273434        0.00296421494890
H            3.73323407268045       -1.03733164078416        0.16090349566439
H            4.18197663032320       -1.95157502705446        1.60076247114628
H           -2.30943265802490       -0.85555905401092       -1.35777374736097
H           -2.36405502896326        0.10639173729766        1.52883492766223
H           -3.61420355603923       -0.91916688875330        0.82541489249548
H           -4.06979833687805        0.78211552957329       -0.91248407451746
H           -2.81963197100956        1.82699299356784       -0.24156181689892
H           -5.33112270824048        0.90622162323887        1.22253124703543
H           -4.06906301676152        1.92057348822189        1.91872771594946
H           -4.49308817861421        3.64917326910892        0.18155911600461
H           -5.75407238085976        2.63735375411188       -0.52108942347017
H           -6.73306359653010        4.37706497286366        0.95703377155021
H           -7.04857226681216        2.76777776894143        1.60798981867996
H           -5.78468060128495        3.77279436122073        2.31655106240878
74
 energy: -94.781010591717 gnorm: 0.000890174175 xtb: 6.7.1 (edcfbbe)
C           -7.29518305646833       -3.44374895623367        0.56080573759564
C           -6.43143140431044       -4.30972968358205        0.06790281929206
C           -5.43268081660306       -3.98654797904035       -1.00210366908692
C           -4.03480639007219       -4.26729975380266       -0.47410627787479
O           -3.60866088017332       -5.33965356370759       -0.16552948881375
O           -3.36715052108660       -3.10190159389146       -0.40110122752426
N           -2.05242219238704       -3.19628114863538        0.12487036915622
C           -1.39811908049394       -2.11790017533837        0.10818877232862
C            0.00941213599584       -2.07312084776168        0.61412186000397
C            0.34670551799687       -0.58257081453973        0.65103788162078
C           -0.52581957607979        0.04410543891781       -0.44404428507396
C            0.11896420946770       -0.07631200536293       -1.83378058343105
C            1.43768024819559        0.64743309206394       -1.88200498709996
C            2.60256463115130        0.02039510797742       -1.99338813626034
O            1.24134930651897        1.99160364389056       -1.77815772046364
C            2.37617216043851        2.83574044990635       -1.68822145687790
C            3.03585363041354        2.73610466791133       -0.34401999980385
C            4.32958784643636        2.65281218442866       -0.05632214623433
C            5.44160647078844        2.63206968093420       -1.05792718062001
C            4.76928798387001        2.55659707520655        1.38265930480415
C            4.81020022799450        1.09920952370879        1.87552852717212
C            5.91462560212943        0.31154910077588        1.24525148582129
C            5.80974074637545       -0.88981184620687        0.68969176891029
C            6.99971195263175       -1.59105897701161        0.10517943722679
C            4.51474089993393       -1.64920657758853        0.60597401857204
C           -1.83229637542833       -0.76047522279649       -0.37663021492556
C           -2.86367752528534       -0.16036111473570        0.59391877589659
C           -3.55965470430974        1.06606634765628        0.01025696374972
C           -4.57385991968435        1.65901929590483        0.98496241678949
C           -5.25460978633809        2.90041986600097        0.41337484366723
C           -6.26908060187834        3.49117939470228        1.38436133247257
H           -7.34537548987217       -2.42591849686938        0.20971386072765
H           -7.99702458756167       -3.71792717992425        1.32898474575856
H           -6.38878492045558       -5.32632041713564        0.43300719938173
H           -5.50724181385433       -2.94368792764447       -1.30837757835996
H           -5.59725486912011       -4.64089716388253       -1.86132229776478
H            0.65510689005056       -2.60656272450346       -0.08572840095492
H            0.10175279512807       -2.56594760962491        1.58041315259787
H            0.07702867415268       -0.16396254270634        1.62178571414952
H            1.40510522010793       -0.39296130220360        0.48188832233818
H           -0.69481266537197        1.10398977756464       -0.24594522603734
H           -0.55309697557737        0.37509777104056       -2.56719425399506
H            0.26677859292673       -1.12412464582512       -2.09247899854112
H            2.62579124986748       -1.04822515667770       -2.10007532715468
H            3.55257896174957        0.52016949381339       -1.99649083555495
H            1.96777160745734        3.84505661181332       -1.82018964988514
H            3.06434865040641        2.63059033805973       -2.51465116839564
H            2.31963125462831        2.73814028270475        0.46873478778503
H            6.03769175473025        1.73088881343837       -0.91482396284735
H            5.08397739603111        2.66073341417276       -2.08256675612268
H            6.09379454938065        3.49117136295918       -0.90208814879746
H            4.07263408578009        3.11219937752206        2.01344141473554
H            5.76014790341411        2.99982347495974        1.49733689167237
H            3.84382551640863        0.63289475246318        1.68615926946312
H            4.96973353892654        1.11303482368647        2.95902153381254
H            6.88655282027842        0.78864159370301        1.28836636119571
H            7.90709329612865       -1.00476144830268        0.22814788628759
H            7.14088727780953       -2.55737853765232        0.58875026066754
H            6.84325638198194       -1.77337531452883       -0.95837380341274
H            4.63641017986512       -2.54420583219069        0.00160135673584
H            3.73410902665334       -1.03665090465886        0.15886288570937
H            4.18119624741423       -1.95079278796787        1.59850928408124
H           -2.30832213167192       -0.85421915136755       -1.35799541518091
H           -2.36680052146738        0.10695140556406        1.52873970210907
H           -3.61612611045185       -0.91795354259396        0.82287710866051
H           -4.07029364669577        0.78409574505002       -0.91379145862318
H           -2.81961832890071        1.82819135890361       -0.24263395311290
H           -5.33069427606933        0.90752687008985        1.22234974788680
H           -4.06872203060138        1.92280722831991        1.91730325360468
H           -4.49572867177992        3.65108445490728        0.18063582993565
H           -5.75650278776178        2.63830915562764       -0.52092915399545
H           -6.73582521495112        4.37645872678938        0.95879759788427
H           -7.04864754839678        2.76669939883058        1.60983203322598
H           -5.78508202050577        3.77299184455048        2.31700907014935
74
 energy: -94.781025719285 gnorm: 0.001513803392 xtb: 6.7.1 (edcfbbe)
C           -7.28731914292160       -3.43919935872810        0.56093657020970
C           -6.42866436943748       -4.30954598531693        0.06668505272373
C           -5.43245701227633       -3.99137302365249       -1.00513275633978
C           -4.03478135066186       -4.26857246578181       -0.47348580434123
O           -3.60943600635272       -5.33982991808996       -0.15997046729107
O           -3.36827150757736       -3.10290910126675       -0.40418590635158
N           -2.05386033343173       -3.19581237290212        0.12301420896279
C           -1.40030086826876       -2.11710749040378        0.10793220237920
C            0.00709603796821       -2.07521891318783        0.61491766143318
C            0.34694108251779       -0.58541639268317        0.65346144593674
C           -0.52466936764130        0.04386538915668       -0.44086465505704
C            0.11989479338881       -0.07746227954760       -1.83055485704118
C            1.43822482647441        0.64663671092411       -1.88103575946305
C            2.60301900527113        0.01956385675528       -1.99325108860319
O            1.24161857340230        1.99082152892361       -1.77956383049750
C            2.37632151538689        2.83488722669355       -1.68811336662871
C            3.03551639063726        2.73414037633178       -0.34379763224083
C            4.32932226350521        2.65179769860280       -0.05622054152586
C            5.44099106339780        2.63107438315769       -1.05813159572230
C            4.76951149673142        2.55614759396812        1.38273740785658
C            4.81016517835074        1.09917954367412        1.87633995517378
C            5.91481682071602        0.31139046719331        1.24653528090883
C            5.80982709233906       -0.88910576880655        0.68921050772936
C            7.00013470491901       -1.59034864148962        0.10533256740024
C            4.51447738319932       -1.64764462861621        0.60268807834979
C           -1.83263625879493       -0.75886791306982       -0.37589869538809
C           -2.86631672284785       -0.15831744296372        0.59185286233590
C           -3.56031011793061        1.06930176019144        0.00780673977733
C           -4.57403846581459        1.66242071343510        0.98302815661141
C           -5.25812661512387        2.90261153177973        0.41264073627747
C           -6.27157922198069        3.49075442951078        1.38632229282830
H           -7.33380654702353       -2.42197438393894        0.20898969875544
H           -7.98603013258796       -3.70849213080461        1.33251318725828
H           -6.38742707507321       -5.32498737729578        0.43375550895482
H           -5.50706564469856       -2.95034991038535       -1.31643739877152
H           -5.59482103627111       -4.64996279171446       -1.86038034100380
H            0.65194084627813       -2.60932824955535       -0.08511864101228
H            0.09763005680400       -2.56946913051365        1.58061562373021
H            0.07870463057045       -0.16753544464778        1.62488636083564
H            1.40562338719840       -0.39760148971272        0.48378471045012
H           -0.69195096939887        1.10380230847490       -0.24178976105361
H           -0.55269106729258        0.37255390991187       -2.56431046120882
H            0.26805814238315       -1.12557980183016       -2.08776086406336
H            2.62569122030320       -1.04929092130708       -2.09773587952422
H            3.55327848525314        0.51881778784695       -1.99872768378690
H            1.96784787081328        3.84431765514381       -1.81910106574930
H            3.06477196619289        2.63084845092444       -2.51458523282820
H            2.31903849723442        2.73551035972112        0.46871765838117
H            6.03698612842326        1.72988347039186       -0.91511835406640
H            5.08298148068809        2.65957077634615       -2.08259147016582
H            6.09328493908832        3.49009477475782       -0.90274463282399
H            4.07343609601423        3.11261926310753        2.01339083802429
H            5.76058818242781        2.99914017100003        1.49650366970001
H            3.84383062297949        0.63276895210457        1.68696146521275
H            4.96955483327219        1.11331974383037        2.95986646447010
H            6.88696073689626        0.78786194531777        1.29136432715673
H            7.90709245330465       -1.00322182845359        0.22700592692706
H            7.14214848010711       -2.55572516717162        0.59049291840697
H            6.84324838992978       -1.77455272178466       -0.95778486994773
H            4.63704874004022       -2.54224034843230       -0.00177867981791
H            3.73561608451012       -1.03436969266701        0.15416456090031
H            4.17904140881284       -1.94922057052109        1.59420907619202
H           -2.30616006555066       -0.85151747709350       -1.35864465481487
H           -2.37221282361919        0.10784478195064        1.52847751854219
H           -3.62005334227887       -0.91557322767033        0.81771327048975
H           -4.07110834734328        0.78826548645337       -0.91643105870523
H           -2.81933442797208        1.83063562414020       -0.24462462599188
H           -5.32952711036237        0.91012366437873        1.22216599313279
H           -4.06784097622740        1.92758800167573        1.91440982620941
H           -4.50136163901262        3.65493666896613        0.17845373388306
H           -5.76167595876796        2.63982760831435       -0.52056594727923
H           -6.74184266306528        4.37495622266863        0.96232438660391
H           -7.04871118423005        2.76425063612188        1.61379343032807
H           -5.78589353594354        3.77359288818407        2.31779852047564
74
 energy: -94.781042804037 gnorm: 0.001615004688 xtb: 6.7.1 (edcfbbe)
C           -7.27470823008561       -3.43038668507068        0.56429396712372
C           -6.42522789079197       -4.30849362763751        0.06684744893687
C           -5.43159347033188       -3.99938534486843       -1.01034574541290
C           -4.03373020135970       -4.27157776227300       -0.47507608896737
O           -3.60926416877483       -5.34070225962954       -0.15274756620329
O           -3.36940478024805       -3.10498261986319       -0.40996447671892
N           -2.05624799189760       -3.19527358836336        0.12087029257012
C           -1.40352079302393       -2.11617760017571        0.10805471322029
C            0.00358144981671       -2.07759032500289        0.61660338747733
C            0.34655674020606       -0.58866342415068        0.65672676519895
C           -0.52363564727055        0.04353705619556       -0.43712099688443
C            0.12099437431816       -0.07893169008529       -1.82663903926771
C            1.43892849893253        0.64552794739373       -1.87934531852032
C            2.60360997688748        0.01840352278507       -1.99264424780672
O            1.24189682691982        1.98980349590700       -1.78067606448664
C            2.37646923193581        2.83381308036706       -1.68792734889590
C            3.03536132815806        2.73182433999733       -0.34357034451262
C            4.32924314675386        2.65040613243720       -0.05613910083524
C            5.44069294544797        2.62977375525177       -1.05829543154021
C            4.76983441999409        2.55545335017423        1.38278431648925
C            4.81022066211140        1.09893755251704        1.87753489862586
C            5.91533403183351        0.31112211480660        1.24851359313730
C            5.81025245693042       -0.88805227764860        0.68841202416166
C            7.00105753646727       -1.58930528151889        0.10552083114687
C            4.51422961798667       -1.64520604024139        0.59785061164936
C           -1.83332097888417       -0.75695660644994       -0.37511516828338
C           -2.86969720959354       -0.15576285885567        0.58923191132368
C           -3.56093958883513        1.07354345691322        0.00482063091071
C           -4.57408226078852        1.66681382064365        0.98073206521736
C           -5.26287973223048        2.90503363320216        0.41156115243246
C           -6.27494177076501        3.48995743025312        1.38878664985108
H           -7.31779237624701       -2.41466533224468        0.20677936771411
H           -7.97291924166562       -3.69339694011810        1.33904691625643
H           -6.38950294874822       -5.32365229916346        0.43597455885010
H           -5.50601110587408       -2.96067417763717       -1.33028680212027
H           -5.59285024320096       -4.66568419047614       -1.86014335627087
H            0.64777874988072       -2.61280834433204       -0.08319001026604
H            0.09166667983376       -2.57311550211325        1.58186245665510
H            0.07964637554740       -0.17128596744421        1.62872910968240
H            1.40562989944999       -0.40306939764964        0.48680805269265
H           -0.68882038420865        1.10361388046547       -0.23703367219694
H           -0.55206914240560        0.36957822356024       -2.56087534689650
H            0.26951236701315       -1.12743760031998       -2.08210904608486
H            2.62571802272010       -1.05068562553909       -2.09539032219321
H            3.55400902694964        0.51731541346957       -2.00157299947511
H            1.96791708985934        3.84336968162272       -1.81775277710909
H            3.06510528026646        2.63094763717734       -2.51454176590560
H            2.31873123435762        2.73244215206597        0.46880149202830
H            6.03662238831002        1.72849741475053       -0.91520638247573
H            5.08241955193887        2.65805818417990       -2.08269078905708
H            6.09307988523030        3.48878688264828       -0.90323119281471
H            4.07432747782750        3.11291129152932        2.01320601240374
H            5.76117657388282        2.99809577876125        1.49568450006024
H            3.84402982562028        0.63225742519313        1.68808985565973
H            4.96928523352956        1.11381203287761        2.96109781612470
H            6.88778647905499        0.78672447851521        1.29597012758402
H            7.90742493969394       -1.00089541758864        0.22543310033122
H            7.14435390157307       -2.55335444529919        0.59302986015707
H            6.84382407713181       -1.77628961902237       -0.95705071023849
H            4.63773250778580       -2.53962509015126       -0.00687416274906
H            3.73755883610783       -1.03049998884175        0.14722312980069
H            4.17546722682072       -1.94694312831269        1.58829026505109
H           -2.30384653169164       -0.84841483802158       -1.35948725327912
H           -2.37895587312568        0.10871900219039        1.52812615881920
H           -3.62517024270396       -0.91251216329617        0.81119008165584
H           -4.07185966418795        0.79393088593091       -0.91979383824195
H           -2.81859784335603        1.83381345679334       -0.24680375077667
H           -5.32756606025965        0.91328009803428        1.22241266361062
H           -4.06646065589962        1.93414860890034        1.91073014402196
H           -4.50910322513765        3.65962282772815        0.17500271965431
H           -5.76876791304799        2.64084977473204       -0.51999004658596
H           -6.75015243457056        4.37237834406485        0.96655196013863
H           -7.04857516296137        2.76063873877592        1.61935808674960
H           -5.78685111096235        3.77471515661917        2.31844929070677
74
 energy: -94.781054358499 gnorm: 0.001578159516 xtb: 6.7.1 (edcfbbe)
C           -7.26276545542490       -3.41920592976538        0.56436463545366
C           -6.42454705012623       -4.30744638548131        0.06493160904073
C           -5.43046253789979       -4.01061864182281       -1.01700736587420
C           -4.03351531259045       -4.27581763857698       -0.47493022136257
O           -3.60784776531772       -5.34223009933967       -0.14515471284627
O           -3.37148988275205       -3.10774855629609       -0.41577140794196
N           -2.05909047500960       -3.19515483226719        0.11725814343586
C           -1.40728909182745       -2.11558362279022        0.10747803806784
C           -0.00114850961799       -2.07945831172949        0.61928274407186
C            0.34482912088859       -0.59134415195286        0.66018301877609
C           -0.52341538238716        0.04308126989461       -0.43403568858725
C            0.12192189559373       -0.08042419790676       -1.82312685712134
C            1.43953517155431        0.64431372366859       -1.87775638000844
C            2.60410820655687        0.01720988913451       -1.99235872019006
O            1.24211651722793        1.98868624374685       -1.78081650776441
C            2.37660147301063        2.83266021147068       -1.68751040719537
C            3.03563458665127        2.72970222648368       -0.34329183462826
C            4.32956652197072        2.64883680194892       -0.05599292605794
C            5.44101551767026        2.62833940036359       -1.05820986791511
C            4.77027304561753        2.55456135367083        1.38290845160704
C            4.81051576807592        1.09841493898630        1.87900183458601
C            5.91627597877910        0.31067949957194        1.25105385085835
C            5.81113588398136       -0.88682808671782        0.68740712338598
C            7.00254637436786       -1.58803772403962        0.10573799656854
C            4.51427453040324       -1.64208362078285        0.59197598980233
C           -1.83462069390874       -0.75531221326299       -0.37505108849562
C           -2.87323834136566       -0.15352732086143        0.58639398520869
C           -3.56133351840996        1.07789410414538        0.00215889363189
C           -4.57387153442592        1.67126574344419        0.97878781023478
C           -5.26822484454649        2.90672988429625        0.41030048557948
C           -6.27868641977093        3.48870815683197        1.39113608016622
H           -7.29330311680970       -2.40219935203583        0.20726308349353
H           -7.95496656255445       -3.67089973615205        1.34979570815823
H           -6.39468642947982       -5.32113906203663        0.44025255378129
H           -5.50503811203381       -2.97517390076152       -1.34899295839357
H           -5.59103890568981       -4.68756000601243       -1.85957137077190
H            0.64326392101914       -2.61615635565314       -0.07922367687020
H            0.08388871335735       -2.57540528730272        1.58462881024840
H            0.07837951493604       -0.17382555460565        1.63226767047272
H            1.40438790770533       -0.40794609669376        0.49080182093927
H           -0.68677334521571        1.10334051621590       -0.23331323190474
H           -0.55132136423278        0.36687595333779       -2.55793899936926
H            0.27069700469591       -1.12927885888742       -2.07708923568805
H            2.62592955432293       -1.05207660454119       -2.09367306249455
H            3.55448515859384        0.51607366379164       -2.00377848847096
H            1.96795825248301        3.84230876501731       -1.81628116627240
H            3.06516878423676        2.63072469479235       -2.51442779013831
H            2.31906867421542        2.72971503813326        0.46913534365987
H            6.03698589678579        1.72701917383452       -0.91487653775878
H            5.08274421721099        2.65639785008083       -2.08266780608447
H            6.09338111413753        3.48743803716576       -0.90324609213122
H            4.07508856848366        3.11280293047325        2.01300149158108
H            5.76181812249081        2.99688120960119        1.49529960618067
H            3.84458817659758        0.63129096817301        1.68942847904036
H            4.96908818619785        1.11442184451360        2.96259454901451
H            6.88909331823275        0.78523550559864        1.30182863766797
H            7.90817429743405       -0.99797393281597        0.22355406499507
H            7.14755106708719       -2.55045980369474        0.59611110854199
H            6.84510452198522       -1.77845637392650       -0.95619831164037
H            4.63847920473016       -2.53653471103045       -0.01295085575928
H            3.74004282613121       -1.02559578122351        0.13881353224310
H            4.17112692011273       -1.94400420850646        1.58121976329728
H           -2.30247603926202       -0.84558470332528       -1.36084299610444
H           -2.38555555526443        0.10881352066534        1.52750366964803
H           -3.63063926811606       -0.90956834937666        0.80445682396188
H           -4.07228611608661        0.80020703065093       -0.92303146479624
H           -2.81739113280245        1.83701407695474       -0.24826156428689
H           -5.32481828424646        0.91617495948269        1.22363297751988
H           -4.06467511923751        1.94153988666718        1.90708090951955
H           -4.51795253499522        3.66376700430964        0.17038884803358
H           -5.77680456135693        2.64015065942887       -0.51911649262758
H           -6.75965916672565        4.36858789726271        0.97014438931176
H           -7.04811726966594        2.75623186488817        1.62590031447139
H           -5.78779481642628        3.77656351350219        2.31839306410361
74
 energy: -94.781067539552 gnorm: 0.001189437337 xtb: 6.7.1 (edcfbbe)
C           -7.25217132786321       -3.40956072089438        0.56785820959194
C           -6.42280192119342       -4.30493151974007        0.06665747943778
C           -5.42989568795387       -4.01769501079424       -1.01981829144201
C           -4.03319954284272       -4.27927042337935       -0.47640270821891
O           -3.60584635252616       -5.34384653702940       -0.14317634998915
O           -3.37260878082292       -3.10990078001372       -0.41953522404695
N           -2.06097295751792       -3.19550558618294        0.11531961153571
C           -1.40951924592506       -2.11574703733331        0.10696461091006
C           -0.00423968863861       -2.07958019747454        0.62117131747897
C            0.34249375678898       -0.59162701002968        0.66133165631448
C           -0.52449212105303        0.04267162182647       -0.43398180151115
C            0.12194126005643       -0.08114166805515       -1.82255234712019
C            1.43954645896978        0.64363849568194       -1.87707499514036
C            2.60413015476099        0.01670095999657       -1.99234100186882
O            1.24211939805849        1.98802704140738       -1.77952277817392
C            2.37663023974421        2.83203913039132       -1.68695448199587
C            3.03619620203125        2.72928882849111       -0.34298107553678
C            4.33012771783371        2.64818318535299       -0.05574897532151
C            5.44169763115186        2.62752674772301       -1.05786007581869
C            4.77063630911474        2.55412267295803        1.38316754790357
C            4.81095079830207        1.09803100994301        1.87980664438618
C            5.91707068726078        0.31038490610044        1.25247959207063
C            5.81189456529272       -0.88618797039249        0.68683506059276
C            7.00364385762890       -1.58737115362661        0.10591902486980
C            4.51460516302737       -1.64020217136681        0.58869683894534
C           -1.83599984799828       -0.75519831879195       -0.37585348174548
C           -2.87461206305533       -0.15309012329448        0.58532045678586
C           -3.56126483244721        1.07947864050265        0.00180358449516
C           -4.57346658563106        1.67282653134660        0.97878790185313
C           -5.27070617731691        2.90634630995254        0.40973185933877
C           -6.28043643359196        3.48780499983577        1.39165194040581
H           -7.27936189532050       -2.39399140784898        0.20624565882275
H           -7.94718669489480       -3.65626960191382        1.35232264736704
H           -6.40083852051154       -5.31885622701517        0.44232858714443
H           -5.50441495904401       -2.98479551643210       -1.35966192883889
H           -5.59277171121103       -4.70125628448537       -1.85685353099646
H            0.64117617415823       -2.61731263738135       -0.07563928492849
H            0.07901441530697       -2.57454249688064        1.58719658390663
H            0.07530027745156       -0.17327289067692        1.63287069603808
H            1.40231354007976       -0.40893911700144        0.49292229009512
H           -0.68762616967735        1.10304137216653       -0.23363468491695
H           -0.55088610902220        0.36603647732227       -2.55782903859811
H            0.27082489720320       -1.13005070468883       -2.07623350995157
H            2.62619602901953       -1.05254093168136       -2.09391642947710
H            3.55432159359398        0.51591036130825       -2.00361973520704
H            1.96792267068663        3.84165861692895       -1.81567361073694
H            3.06487881717358        2.63003131647326       -2.51412996493791
H            2.31987776605944        2.72938184046947        0.46967297989708
H            6.03776766360849        1.72628506566689       -0.91424568640881
H            5.08358945057023        2.65537786428814       -2.08239860263413
H            6.09397258976786        3.48671809968800       -0.90291586668152
H            4.07531205025042        3.11240007946910        2.01306472436373
H            5.76216291439779        2.99642128685670        1.49570642583614
H            3.84519319454853        0.63066368190482        1.69010579348024
H            4.96920087259959        1.11467836346852        2.96341193271493
H            6.89008831291233        0.78433507812508        1.30512024575208
H            7.90889207167285       -0.99649940779015        0.22283567443873
H            7.14948010039116       -2.54897520568551        0.59769026268086
H            6.84632430106413       -1.77948834808218       -0.95571331612581
H            4.63892439420465       -2.53470709735863       -0.01621466830751
H            3.74168037993840       -1.02284090085178        0.13423707660985
H            4.16902343396420       -1.94213477606799        1.57721669368817
H           -2.30349852212437       -0.84519755438660       -1.36180408789386
H           -2.38734310290002        0.10801782630716        1.52696202244059
H           -3.63283094281192       -0.90863023365383        0.80227068336934
H           -4.07221401391011        0.80298384249550       -0.92374109950654
H           -2.81657537036817        1.83812311365580       -0.24782822232196
H           -5.32291746531781        0.91688202314958        1.22556568751151
H           -4.06351217336682        1.94508848908124        1.90607645744670
H           -4.52220065679081        3.66435285826598        0.16744935323165
H           -5.78051866099963        2.63762014495179       -0.51838838784232
H           -6.76429256785037        4.36583619536851        0.97021987425706
H           -7.04764298444428        2.75393124194294        1.62922259241891
H           -5.78825602375251        3.77831124744186        2.31738878662251
74
 energy: -94.781086850464 gnorm: 0.001275165919 xtb: 6.7.1 (edcfbbe)
C           -7.23451396049489       -3.39060693523521        0.57139829975617
C           -6.42066959292824       -4.29927060323000        0.06911079838565
C           -5.42907614369588       -4.03027242471872       -1.02401798127623
C           -4.03188262229801       -4.28631586012783       -0.48190428242858
O           -3.60110031863023       -5.34759324516694       -0.14266253261617
O           -3.37436989620688       -3.11410253002517       -0.42603522211056
N           -2.06495167306410       -3.19627899825828        0.11399075033791
C           -1.41379615323546       -2.11636645826195        0.10666779655522
C           -0.00993244834494       -2.07868174505137        0.62452966361847
C            0.33684412894916       -0.59056460906793        0.66189339083467
C           -0.52803054737826        0.04187378681590       -0.43614370427656
C            0.12101714838620       -0.08250652326566       -1.82344470927536
C            1.43891314248625        0.64216764068224       -1.87527638013683
C            2.60359474287976        0.01564779439417       -1.99165213934867
O            1.24188159045736        1.98656091899720       -1.77543482657262
C            2.37659928008305        2.83066123961081       -1.68539729356238
C            3.03744361839941        2.72931708776803       -0.34194557995096
C            4.33137943229168        2.64727223506920       -0.05488357152175
C            5.44312741029304        2.62596878183837       -1.05680351700435
C            4.77150761724793        2.55360482885752        1.38409370187369
C            4.81213507539980        1.09747391648120        1.88118622250273
C            5.91878570708191        0.31007341691215        1.25465651514105
C            5.81347387372665       -0.88500240880107        0.68581330293179
C            7.00581429260865       -1.58627734081293        0.10634430815244
C            4.51552139336015       -1.63699896719314        0.58329800835842
C           -1.83939175800967       -0.75602651419802       -0.37811013464477
C           -2.87650803047408       -0.15348818677961        0.58432141690260
C           -3.56128277934313        1.08084017197524        0.00267382651680
C           -4.57280211327958        1.67399822311155        0.98036204445287
C           -5.27438439970849        2.90385367778858        0.40896839501595
C           -6.28309279581487        3.48616434136575        1.39136564713362
H           -7.25090348543151       -2.37628084972813        0.20578276591661
H           -7.93084931192064       -3.62574769683377        1.35811881695359
H           -6.41266429493613       -5.31254351096025        0.44713893579015
H           -5.50285446597793       -3.00244343434015       -1.37861412154375
H           -5.59679778582341       -4.72607002033201       -1.84975835592622
H            0.63797303637214       -2.61861683820665       -0.06830873505685
H            0.07018271527070       -2.57044302603279        1.59248282824707
H            0.06761892702136       -0.16987640345393        1.63190904943608
H            1.39704014951647       -0.40843061407363        0.49549648198923
H           -0.69180493632577        1.10246923061008       -0.23746247523642
H           -0.55036943884044        0.36491454823205       -2.55995742616444
H            0.27023815647749       -1.13139547279988       -2.07703352183873
H            2.62632982506111       -1.05317602701570       -2.09669108855134
H            3.55331224495060        0.51587853412651       -2.00264939848257
H            1.96783581647720        3.84015510900980       -1.81493069800045
H            3.06403134612697        2.62760397295287       -2.51301555962348
H            2.32172789474181        2.73045296879314        0.47126438499854
H            6.03945687194174        1.72501588040593       -0.91250010458929
H            5.08522098123732        2.65317093603122       -2.08144065938518
H            6.09519548137466        3.48540254139413       -0.90218718324492
H            4.07565108072106        3.11149633244614        2.01371923945066
H            5.76284005119049        2.99618034651783        1.49713305366236
H            3.84662647285330        0.62978188956804        1.69119349682822
H            4.96989637322395        1.11482978901313        2.96482084308891
H            6.89219829210537        0.78284276828207        1.31055182451497
H            7.91055131122777       -0.99440950326104        0.22232696773965
H            7.15252647468493       -2.54676181338199        0.60006807871509
H            6.84895489922012       -1.78070283702283       -0.95489480871925
H            4.64011241854597       -2.53148033780306       -0.02156135508941
H            3.74483683772821       -1.01834336134787        0.12676796462349
H            4.16619820404138       -1.93885836732917        1.57053415930155
H           -2.30775355320445       -0.84622467166423       -1.36354458884775
H           -2.38821169955410        0.10551578330771        1.52597495351320
H           -3.63576628200084       -0.90813053782732        0.80072760604491
H           -4.07235446666498        0.80644295464883       -0.92342066362352
H           -2.81558561853781        1.83892896655084       -0.24559318160319
H           -5.31971022352304        0.91672455625229        1.23073469289396
H           -4.06161986761064        1.95008192175442        1.90584402792545
H           -4.52840818434512        3.66281230384394        0.16201718197570
H           -5.78587832448089        2.63046785714706       -0.51686865876688
H           -6.77124488420760        4.36056552767335        0.96748433653274
H           -7.04690813583617        2.75060559183830        1.63443958574446
H           -5.78912412368517        3.78247030156519        2.31430091747109
74
 energy: -94.781104418951 gnorm: 0.001672298394 xtb: 6.7.1 (edcfbbe)
C           -7.21198090678486       -3.36553677744644        0.57443275982351
C           -6.41752653017584       -4.29116819133473        0.07152452618665
C           -5.42799859495482       -4.04459666004164       -1.02900901514037
C           -4.03153067138426       -4.29405458655387       -0.48355383524293
O           -3.59476843662694       -5.35277442132617       -0.14468084628090
O           -3.37688225517022       -3.11900012882919       -0.43014522110104
N           -2.06804590399345       -3.19817017410189        0.11060086448779
C           -1.41805285332710       -2.11756636003472        0.10441869995505
C           -0.01651114849731       -2.07695475736786        0.62828812690860
C            0.32979827818257       -0.58852477348681        0.66179656410583
C           -0.53295395627986        0.04084528037457       -0.43965265691126
C            0.11934786643217       -0.08443195304439       -1.82530707330416
C            1.43755918615848        0.64015766291743       -1.87466938423410
C            2.60229825045260        0.01401562644631       -1.99255222905650
O            1.24131040815375        1.98438970908086       -1.77022427958046
C            2.37635608309216        2.82850315899071       -1.68283776194870
C            3.03863220406586        2.72905781367544       -0.33995299029665
C            4.33262889949408        2.64613055685489       -0.05328652247139
C            5.44430257301373        2.62369445185216       -1.05524957391895
C            4.77273239638285        2.55320966905712        1.38571191522874
C            4.81395452103788        1.09706120714347        1.88302328602870
C            5.92114181847212        0.30994824128569        1.25717681891644
C            5.81559057277489       -0.88347250263116        0.68485400493038
C            7.00855366146154       -1.58494560702619        0.10692141149088
C            4.51682391968919       -1.63329470063198        0.57718968771092
C           -1.84388773452041       -0.75763722021742       -0.38161577301600
C           -2.87909939284329       -0.15519816310900        0.58306268440353
C           -3.56220492195296        1.08122136212152        0.00430177836362
C           -4.57269155625514        1.67441035405868        0.98289916068900
C           -5.27905147112593        2.89995843706332        0.40825451479443
C           -6.28649001309311        3.48446536674201        1.39054960480095
H           -7.21341966797741       -2.35280051331159        0.20409715464217
H           -7.90886471391324       -3.58519099782349        1.36512422302663
H           -6.42544524851266       -5.30250462999923        0.45459420808998
H           -5.49993175740235       -3.02275752096661       -1.40069122129528
H           -5.59987040053741       -4.75471262538805       -1.84143776161401
H            0.63471173048114       -2.61937419695472       -0.05940667000093
H            0.05956350715533       -2.56471171926020        1.59868734774635
H            0.05809622622242       -0.16495838778926        1.62989113617724
H            1.39036650555411       -0.40668261266157        0.49757080904044
H           -0.69807137883367        1.10167568929796       -0.24334221699994
H           -0.55021945927101        0.36286359191921       -2.56359487964570
H            0.26912037656575       -1.13335845244866       -2.07841654468363
H            2.62570335667422       -1.05447987448194       -2.10042270892874
H            3.55171341594599        0.51494127818930       -2.00044562170329
H            1.96753528098753        3.83783787031841       -1.81350230315466
H            3.06282946427394        2.62411368615818       -2.51093976137705
H            2.32360940891515        2.73180378028883        0.47388674539094
H            6.04101334935152        1.72319113469347       -0.90991876954126
H            5.08629744579474        2.64967662680781       -2.07988812604146
H            6.09611010499761        3.48352879916736       -0.90162948992219
H            4.07636188489052        3.11063708422105        2.01516383558576
H            5.76378462605344        2.99634968930184        1.49895769538011
H            3.84870118515788        0.62899764127135        1.69272501934833
H            4.97134340671896        1.11479360075305        2.96669172158787
H            6.89499355521619        0.78138777404222        1.31654626252726
H            7.91289338337403       -0.99238655920454        0.22242042870464
H            7.15563959938988       -2.54448273548238        0.60240345111137
H            6.85234508659980       -1.78133909826960       -0.95401692903476
H            4.64213464648382       -2.52754387773051       -0.02777881796545
H            3.74883735429863       -1.01315472715434        0.11823750691179
H            4.16344989728138       -1.93520083255142        1.56287779995603
H           -2.31362968727134       -0.84783447871114       -1.36631071777220
H           -2.38913993807555        0.10131275399659        1.52454710466027
H           -3.63937870761346       -0.90893021489774        0.79918842463469
H           -4.07375162227069        0.80931932835862       -0.92225443203206
H           -2.81557700439778        1.83881512702907       -0.24262019864048
H           -5.31672991426732        0.91582160709028        1.23782336247354
H           -4.05992612066111        1.95516107374410        1.90611589381946
H           -4.53563438946382        3.65951169219247        0.15543938692582
H           -5.79242996178377        2.62075038625081       -0.51483257535960
H           -6.77936250766335        4.35438580526614        0.96286528905952
H           -7.04664638916163        2.74746674986170        1.64072385850216
H           -5.79048022123499        3.78831936441112        2.30996365689709
74
 energy: -94.781122449902 gnorm: 0.001500962967 xtb: 6.7.1 (edcfbbe)
C           -7.19129887110349       -3.34165130272327        0.57521378759607
C           -6.41322030297152       -4.28157814432468        0.07354383648900
C           -5.42636105501065       -4.05545084334222       -1.03344584996236
C           -4.02902312562030       -4.30084394239903       -0.48809505721849
O           -3.58907716022079       -5.35801458212266       -0.14831154323718
O           -3.37779833682631       -3.12358100533180       -0.43331636375460
N           -2.07021545683186       -3.19966074050107        0.11043274832409
C           -1.42149169375334       -2.11828590070025        0.10371591056824
C           -0.02124671644857       -2.07511611309705        0.63088260734435
C            0.32422277356118       -0.58633709550893        0.66101658203503
C           -0.53761989316123        0.04007556210253       -0.44278996775466
C            0.11716197869052       -0.08665057697185       -1.82708464912658
C            1.43567024890021        0.63782113225180       -1.87420448081635
C            2.60029516920273        0.01174204023758       -1.99371435249570
O            1.24023417858520        1.98184058131221       -1.76568363777319
C            2.37560193366613        2.82588156891982       -1.68002191007737
C            3.03882855503627        2.72809443337266       -0.33747902629615
C            4.33297419325523        2.64499581304599       -0.05145204787639
C            5.44420364064887        2.62122173821394       -1.05385036533761
C            4.77378966560940        2.55299546331297        1.38742377134245
C            4.81586533872910        1.09695191123403        1.88485950514237
C            5.92338392264382        0.31013852601335        1.25916894764169
C            5.81763629704385       -0.88209100027883        0.68443286648989
C            7.01096575233579       -1.58376603856490        0.10741556647176
C            4.51826828660838       -1.63048843765419        0.57288043824153
C           -1.84801628088949       -0.75929555572172       -0.38411192033274
C           -2.88214300593621       -0.15732335284570        0.58218597284536
C           -3.56461749844439        1.08030524746199        0.00560335437707
C           -4.57393280238389        1.67377822595244        0.98518630969087
C           -5.28365119644359        2.89606164113068        0.40775060884334
C           -6.28968508084751        3.48345115104805        1.38967460856341
H           -7.17848760465168       -2.33075228663195        0.20044950888337
H           -7.88452039293221       -3.54555773362784        1.37344045664472
H           -6.43324808588068       -5.28981172336019        0.46370105879057
H           -5.49574428609030       -3.03901732390429       -1.41983477712795
H           -5.60216593763849       -4.77738564428987       -1.83406153329992
H            0.63233962505994       -2.61953832698097       -0.05286130581477
H            0.05195973358902       -2.55950453021175        1.60318077826274
H            0.05134196370757       -0.16042903520304        1.62771874616937
H            1.38487254893747       -0.40443319512296        0.49749038558710
H           -0.70398492122563        1.10113039059854       -0.24881215293336
H           -0.55083960129499        0.35988011321297       -2.56728725939270
H            0.26763329204608       -1.13575710091020       -2.07907206938657
H            2.62371214204640       -1.05641357521087       -2.10481103791714
H            3.54972617037989        0.51272921267969       -1.99982212386258
H            1.96681876034218        3.83511733779103       -1.81167035390541
H            3.06143770996852        2.62036393560014       -2.50835162007153
H            2.32433268301678        2.73215076697579        0.47682000300956
H            6.04131715167552        1.72119393765375       -0.90737756357741
H            5.08572795703210        2.64556168592923       -2.07835936562285
H            6.09579315994631        3.48151685283031       -0.90182791280587
H            4.07735433171595        3.11019168335523        2.01700467173579
H            5.76462153182280        2.99677692263106        1.50013402528163
H            3.85081690340126        0.62846287504542        1.69453714865591
H            4.97331534136523        1.11467600247149        2.96852757260565
H            6.89751328291146        0.78068266025242        1.32080933241254
H            7.91526067744154       -0.99126620744194        0.22336081893028
H            7.15759156684751       -2.54309189546147        0.60344760116363
H            6.85545812731889       -1.78062157577939       -0.95351633988994
H            4.64441058446633       -2.52434974019964       -0.03241977934973
H            3.75226550519035       -1.00924112280198        0.11227425092626
H            4.16207238951309       -1.93270123920448        1.55733081878490
H           -2.31881870976849       -0.84991318645269       -1.36822294004107
H           -2.39103961686180        0.09741425909047        1.52356819643813
H           -3.64276311142699       -0.91084134936603        0.79799353277774
H           -4.07695466799551        0.80993101048060       -0.92095362273872
H           -2.81754877288833        1.83758266241618       -0.24088925943755
H           -5.31589521695494        0.91450229497740        1.24404778958310
H           -4.05968425494517        1.95829160643412        1.90642091519523
H           -4.54183555073415        3.65551765466309        0.14997543131363
H           -5.79868248104318        2.61221452049810       -0.51299966031892
H           -6.78591031287167        4.34969253680551        0.95836915451653
H           -7.04732417746675        2.74602217407310        1.64612102865995
H           -5.79194889474503        3.79380329219885        2.30596302402697
74
 energy: -94.781149132801 gnorm: 0.001047821883 xtb: 6.7.1 (edcfbbe)
C           -7.16439715269497       -3.30946147028270        0.57517888327489
C           -6.40513759854073       -4.26623328684070        0.07693531376274
C           -5.42311792183571       -4.06526604967867       -1.03815488617970
C           -4.02462528637855       -4.30806708071281       -0.49271899336325
O           -3.58215975017520       -5.36522560620386       -0.15625177876674
O           -3.37751006603867       -3.12917952440218       -0.43404913918815
N           -2.07037873465461       -3.20193510848777        0.11141643401691
C           -1.42397570737101       -2.11911744234215        0.10324324631820
C           -0.02476956808755       -2.07244158202443        0.63295235742589
C            0.31889286635143       -0.58313001334594        0.65930149201949
C           -0.54332483775602        0.03948711589635       -0.44634525808824
C            0.11350756723080       -0.08975911262331       -1.82936055283669
C            1.43244337957437        0.63438851312531       -1.87391246977629
C            2.59665790116437        0.00798950288421       -1.99607752360521
O            1.23801754978891        1.97805858814894       -1.76056548574814
C            2.37377246112284        2.82185627249711       -1.67592060873119
C            3.03774993170965        2.72531326025957       -0.33361525179925
C            4.33222597654125        2.64293332030705       -0.04878507020284
C            5.44243361883625        2.61771531491722       -1.05223366441559
C            4.77496178603116        2.55276925475572        1.38970743548344
C            4.81860584508103        1.09706506150637        1.88752850260004
C            5.92624342764225        0.31079156963842        1.26119393562946
C            5.82023357107434       -0.88042459072201        0.68447977613388
C            7.01371158631853       -1.58236328780005        0.10794770244358
C            4.52036446027758       -1.62771243813414        0.56970292319434
C           -1.85263986573048       -0.76169513618160       -0.38633922762791
C           -2.88656682479159       -0.16099249199079        0.58129206248476
C           -3.56984205459046        1.07694038380956        0.00653474063157
C           -4.57743382441262        1.67130551736959        0.98743736449888
C           -5.28979310481033        2.89073197069403        0.40710920582511
C           -6.29364673408204        3.48253950414284        1.38855122178154
H           -7.13615990609650       -2.30236422280945        0.19182071397760
H           -7.85214868152263       -3.49365063687172        1.38267364585802
H           -6.43719573946884       -5.26935342480780        0.47856186833569
H           -5.48829823656356       -3.05514877274937       -1.44073236811894
H           -5.60466357610871       -4.79979159642780       -1.82505200916292
H            0.63090660148186       -2.61840788474233       -0.04735340102395
H            0.04644439940387       -2.55356187048360        1.60696510969766
H            0.04586210398986       -0.15490859269956        1.62485548945164
H            1.37932297234371       -0.40058042668520        0.49503398139933
H           -0.71134264917696        1.10077675479473       -0.25525414262096
H           -0.55289413966733        0.35519907778613       -2.57197856281511
H            0.26479244621301       -1.13927995592622       -2.07922097457018
H            2.61926627297778       -1.05968454192818       -2.11198919094714
H            3.54647070628377        0.50833345121175       -2.00185867787758
H            1.96518966612490        3.83110009503560       -1.80829563699155
H            3.05915977037612        2.61539454020518       -2.50431266272418
H            2.32386045128470        2.73081737377845        0.48118630864363
H            6.04028745607204        1.71847806329617       -0.90412075736422
H            5.08293679628274        2.63930103777537       -2.07642640856724
H            6.09358688659442        3.47882593847490       -0.90297606200567
H            4.07895561529652        3.10991886283988        2.01981374161303
H            5.76558253190172        2.99751521638600        1.50070517109457
H            3.85376971658976        0.62783870562441        1.69784917291958
H            4.97685740935138        1.11478038111939        2.97109850817282
H            6.90062009518241        0.78057124342184        1.32460487834834
H            7.91848385342359       -0.99108087270637        0.22612303362184
H            7.15848614357069       -2.54262654303905        0.60268621930893
H            6.85940416805435       -1.77734410174107       -0.95348378562922
H            4.64727650142383       -2.52085688093106       -0.03640449688904
H            3.75592701059709       -1.00538323569550        0.10820369675740
H            4.16211528027934       -1.93073221268839        1.55298739226734
H           -2.32431489184461       -0.85331856438981       -1.36992052451512
H           -2.39485067723712        0.09273453473421        1.52262335908265
H           -3.64666988925756       -0.91517329742781        0.79673093361786
H           -4.08381849908197        0.80699088852687       -0.91922691989134
H           -2.82301052267579        1.83408914893791       -0.24101125197325
H           -5.31767719477190        0.91187367961031        1.25059389159683
H           -4.06129159894846        1.95946707444799        1.90644246770835
H           -4.54901917651157        3.64931666696472        0.14385292614657
H           -5.80704198281864        2.60239053715010       -0.51095757851438
H           -6.79260540157162        4.34507397574076        0.95299037569419
H           -7.04934405477440        2.74570701741917        1.65218382772785
H           -5.79372093384586        3.79987244131423        2.30116783477340
74
 energy: -94.781187712240 gnorm: 0.002511693188 xtb: 6.7.1 (edcfbbe)
C           -7.11147600574845       -3.24561595308195        0.57618684910618
C           -6.38748089334131       -4.23501925493870        0.08512213542909
C           -5.41569599468234       -4.08363579102017       -1.04775505668128
C           -4.01506133908946       -4.32186651520737       -0.50256776256553
O           -3.56921355326408       -5.37903402566753       -0.16992184155443
O           -3.37587156975425       -3.14011668133781       -0.43685411395634
N           -2.06982700267940       -3.20621571403666        0.11309248587791
C           -1.42805164329696       -2.12060849492366        0.10364303359918
C           -0.03029297423564       -2.06838861412654        0.63710931195551
C            0.31052428288508       -0.57832293698345        0.65793619908332
C           -0.55278180061702        0.03826174720027       -0.45029168355240
C            0.10693169210097       -0.09549372761927       -1.83147593992724
C            1.42632802219573        0.62813717393539       -1.87569131267144
C            2.58960765613957        0.00104428516101       -2.00365456762676
O            1.23340899698965        1.97105716036064       -1.75307534161932
C            2.36971208352495        2.81426918910370       -1.66865280941032
C            3.03501153036558        2.71861234606626       -0.32685566996403
C            4.33013806004141        2.63836385125787       -0.04433058241185
C            5.43840093101926        2.61106210873943       -1.04981611645104
C            4.77653968141334        2.55165012398953        1.39333879084143
C            4.82354434901718        1.09688168532813        1.89309416489696
C            5.93147933880709        0.31148929225326        1.26600465275936
C            5.82493601221035       -0.87763506215375        0.68507987844510
C            7.01858065863284       -1.57951315887212        0.10870469539204
C            4.52399574870993       -1.62242998087872        0.56398838569217
C           -1.86044612931564       -0.76569581521745       -0.38861044770937
C           -2.89577151672480       -0.16723306745624        0.57933487003677
C           -3.58062866519032        1.07050917259271        0.00606760772517
C           -4.58488537596330        1.66703140834293        0.98931622724668
C           -5.30257638893716        2.88161760905864        0.40500944653533
C           -6.30143302698111        3.48021007085562        1.38750237156886
H           -7.05691482739154       -2.24677734398870        0.17294714557084
H           -7.78969334138254       -3.39216154022180        1.40061592600100
H           -6.44216629238863       -5.22877520066372        0.50875312937551
H           -5.47306462070636       -3.08550441271345       -1.48262530974454
H           -5.61029924870736       -4.84351223714466       -1.80787332376035
H            0.62852290469712       -2.61639215869350       -0.03839939579429
H            0.03836747043538       -2.54488715821317        1.61354748404682
H            0.03770910555313       -0.14666132667866        1.62192341395819
H            1.37056156393067       -0.39474707495427        0.49193675354755
H           -0.72314827547186        1.09992860783983       -0.26378254615769
H           -0.55752156189102        0.34634517863622       -2.57766244053741
H            0.25900818140246       -1.14589591845346       -2.07719038806895
H            2.61057539747415       -1.06624850600840       -2.12349555786448
H            3.54035914852976        0.49962783024819       -2.00666021906076
H            1.96142420392076        3.82367697694259       -1.80075340177977
H            3.05442672503347        2.60763892770985       -2.49743416510561
H            2.32223327720109        2.72512331119911        0.48886773078123
H            6.03805621098189        1.71351697993642       -0.89875300784702
H            5.07704022664488        2.62746455040346       -2.07342553944371
H            6.08827973187180        3.47396914005134       -0.90556646450714
H            4.08155177864210        3.10913001452841        2.02428909826929
H            5.76682452927011        2.99809404756624        1.50071865956721
H            3.85918489895119        0.62587545568377        1.70540065590258
H            4.98368088146472        1.11576988862075        2.97636968959816
H            6.90621773643377        0.78015709627721        1.33233965990037
H            7.92427244216235       -0.99061501515845        0.23168839461089
H            7.15990667574871       -2.54201460552104        0.60009850893358
H            6.86665783791319       -1.76998142870082       -0.95390602464832
H            4.65179872785012       -2.51412267451357       -0.04398016170649
H            3.76226199727530       -0.99774010680793        0.10123627391115
H            4.16197628944118       -1.92738714334051        1.54518746384232
H           -2.33231086270278       -0.85942026532794       -1.37189981259030
H           -2.40471041078252        0.08574170987128        1.52119377449941
H           -3.65479621652556       -0.92300225235163        0.79326911198832
H           -4.09783594908476        0.80003235418535       -0.91774499104314
H           -2.83440014710692        1.82723027611080       -0.24457483784054
H           -5.32206439420443        0.90727971221057        1.26019018709166
H           -4.06496215148243        1.96144567263330        1.90424113226858
H           -4.56413895685337        3.63908556164846        0.13176943708790
H           -5.82495253256326        2.58594736758627       -0.50788649880174
H           -6.80611225534138        4.33654428803031        0.94599542042108
H           -7.05313647744378        2.74384874177980        1.66412927773054
H           -5.79631458508086        3.80900024905762        2.29328972011734
74
 energy: -94.781227553677 gnorm: 0.002037660657 xtb: 6.7.1 (edcfbbe)
C           -7.07731456380444       -3.20168095736711        0.57489559443629
C           -6.37166974407907       -4.20770348995183        0.09313327492778
C           -5.40895833336030       -4.08710924130394       -1.05068055434275
C           -4.00642587466354       -4.32852663169213       -0.50999620450540
O           -3.55962695192807       -5.38879568400855       -0.18821335092131
O           -3.37147520402908       -3.14639663725307       -0.43391791607644
N           -2.06505432034620       -3.21004361089339        0.11645848713621
C           -1.42698058370615       -2.12221525981801        0.10524798066583
C           -0.02943664358883       -2.06423576206471        0.63870772470100
C            0.30667644553177       -0.57304860878885        0.65600016498464
C           -0.55947702313317        0.03789127066253       -0.45320356028008
C            0.10076330013223       -0.09907151587515       -1.83383003432396
C            1.42066246435872        0.62381412254747       -1.87778860833705
C            2.58311406490006       -0.00402716813600       -2.00974771823544
O            1.22876954946984        1.96614510432013       -1.74870099423153
C            2.36540316030638        2.80883288714260       -1.66371032368570
C            3.03144177691915        2.71306330167941       -0.32219972338299
C            4.32710352404916        2.63473775561153       -0.04156843047234
C            5.43369538126915        2.60642829621639       -1.04884931999275
C            4.77668310816119        2.55065285988333        1.39532581246680
C            4.82697437651562        1.09669270922854        1.89683626616150
C            5.93470104184633        0.31204134686304        1.26834492586619
C            5.82791899566415       -0.87665532167277        0.68667205447765
C            7.02118087248355       -1.57803973187097        0.10885556106604
C            4.52686498208157       -1.62118923972005        0.56497923154305
C           -1.86464166297251       -0.76985741320375       -0.38878347041597
C           -2.90147774369841       -0.17378508219841        0.57936898875238
C           -3.59068429381804        1.06112629121592        0.00523657882271
C           -4.59252912272072        1.65993796142092        0.98974402659243
C           -5.31011744259544        2.87366150026768        0.40351779293301
C           -6.30507681453702        3.47880961510035        1.38603105264040
H           -7.01183867384600       -2.21054627048762        0.15518244151558
H           -7.74868033975652       -3.32607464630911        1.40804478693835
H           -6.43622846523632       -5.19367308923821        0.53294772212223
H           -5.46002239019102       -3.09624539787988       -1.50154655069138
H           -5.61619265107918       -4.85812384848010       -1.79534818524041
H            0.63104040388015       -2.61162273546342       -0.03559409753448
H            0.04067010031891       -2.53835179137743        1.61613504870264
H            0.03400276608044       -0.13980892732884        1.61925057519151
H            1.36594955976451       -0.38670576765446        0.48791585731484
H           -0.73263863470729        1.09966247104009       -0.27009945747936
H           -0.56277737558106        0.34090233031878       -2.58189801456309
H            0.25285908201360       -1.15009303490607       -2.07690243560360
H            2.60259503563565       -1.07100605796677       -2.13297353711441
H            3.53467009474926        0.49303113531870       -2.01164915775693
H            1.95745208501884        3.81848163747414       -1.79509448385447
H            3.04984112205330        2.60249314053761       -2.49268758355993
H            2.31949158411030        2.71972263655876        0.49421055827284
H            6.03514153535805        1.71042044148446       -0.89566437725789
H            5.07070265778965        2.61864699301201       -2.07193486361108
H            6.08220698758425        3.47101392248511       -0.90856753900748
H            4.08252203360149        3.10820710958285        2.02713343700213
H            5.76661024414490        2.99868017775455        1.49960127880621
H            3.86289448439287        0.62407041444620        1.71175398453125
H            4.98953339023649        1.11685887248386        2.97973286603148
H            6.90936196822818        0.78087549614086        1.33427438962809
H            7.92824981739480       -0.99253082835400        0.23818028743967
H            7.15831347111343       -2.54427007515743        0.59414828265520
H            6.87155544199190       -1.76088272944084       -0.95551620602611
H            4.65451164947829       -2.51170044262942       -0.04482107856868
H            3.76467709841128       -0.99575114319694        0.10391576980396
H            4.16570971593913       -1.92809685695846        1.54588374999737
H           -2.33709558502566       -0.86647796666749       -1.37153802403448
H           -2.41060021640289        0.08166854657984        1.52061637895703
H           -3.65777603711704       -0.93197099383388        0.79441705898624
H           -4.11076583108130        0.78714593512536       -0.91594210967096
H           -2.84653225049526        1.81828586626856       -0.25029890037225
H           -5.32959273898201        0.90140220661244        1.26399387233264
H           -4.07054211395233        1.95624181339865        1.90279597300609
H           -4.57095511979755        3.62851628659769        0.12525809277405
H           -5.83555984944284        2.57548859399842       -0.50671515539424
H           -6.80999220609770        4.33317087798449        0.94119317885207
H           -7.05685538921889        2.74521236115900        1.66918222825598
H           -5.79692318203710        3.81227967065250        2.28822045206284
74
 energy: -94.781274320583 gnorm: 0.003483875255 xtb: 6.7.1 (edcfbbe)
C           -7.02030915863000       -3.12999075542266        0.57453260899701
C           -6.34682885069806       -4.16495546261325        0.10521968684762
C           -5.39846671915983       -4.09465614919048       -1.05621062175354
C           -3.99351178835314       -4.33955368875616       -0.52195725990658
O           -3.54396299371697       -5.40337943123931       -0.21537611292097
O           -3.36474588235572       -3.15639232321950       -0.43182356971496
N           -2.05824765702274       -3.21621372322119        0.11995710567848
C           -1.42573796025002       -2.12505194201717        0.10860118677533
C           -0.02879090334191       -2.05900735339581        0.64273110748853
C            0.30038388077857       -0.56622429665673        0.65564245248527
C           -0.56901000204428        0.03717167653762       -0.45527685704458
C            0.09170639584016       -0.10433947545862       -1.83522915407796
C            1.41240927331346        0.61726350735095       -1.87796856774194
C            2.57369896082768       -0.01141288964272       -2.01596956559954
O            1.22170016074534        1.95901114512308       -1.74284952949832
C            2.35872648081442        2.80093859655046       -1.65738141957148
C            3.02610494438259        2.70389677614726       -0.31650508198799
C            4.32247284641128        2.62801611033715       -0.03838816646119
C            5.42692656936300        2.59941410287179       -1.04801899859544
C            4.77616303295219        2.54821423326323        1.39749886638495
C            4.83152058247326        1.09574846194998        1.90282649727623
C            5.93914395913257        0.31233809964706        1.27260333899450
C            5.83208316722837       -0.87514852033941        0.68846370316237
C            7.02511096892907       -1.57547779947290        0.10890209333559
C            4.53077128130904       -1.61899452761024        0.56499792010143
C           -1.87052990375663       -0.77598468382106       -0.38789170619030
C           -2.91048475734161       -0.18287922271415        0.57898867371861
C           -3.60587974226390        1.04737719700798        0.00202050438864
C           -4.60406970955294        1.64983499092861        0.98824439788208
C           -5.32296685551973        2.86187657149363        0.39987382554502
C           -6.31100702389679        3.47490603767147        1.38463026869115
H           -6.93841194934005       -2.15114872311119        0.12829123205377
H           -7.68225745967035       -3.21860380690290        1.42034447891215
H           -6.42749051870397       -5.13860769653853        0.57050294880841
H           -5.44060311997433       -3.11591908838251       -1.53463316031863
H           -5.62686400007946       -4.88465563315321       -1.77508703394336
H            0.63450226871162       -2.60517280193534       -0.02987529667454
H            0.04322408249073       -2.53011706683561        1.62147392520062
H            0.02675240301992       -0.13113407274969        1.61774290615771
H            1.35869677203787       -0.37570601865730        0.48589836520160
H           -0.74595481893521        1.09904491548989       -0.27659127011721
H           -0.57081096597666        0.33342292585580       -2.58555451881619
H            0.24353521315521       -1.15622297688920       -2.07481065555550
H            2.59123598850753       -1.07767817025002       -2.14621738160065
H            3.52594511977701        0.48434562138018       -2.02151822325560
H            1.95124999068929        3.81105569321079       -1.78696208799063
H            3.04253629692618        2.59554601677256       -2.48700540405260
H            2.31543417082537        2.71051349779912        0.50099768757152
H            6.03155001729781        1.70602055561901       -0.89195605800703
H            5.06178454420370        2.60561392034843       -2.07038859993131
H            6.07287266367161        3.46678094396545       -0.91313091738554
H            4.08278594782226        3.10590081647706        2.03004913236001
H            5.76543838989683        2.99872973322742        1.49750669286568
H            3.86802091404015        0.62024429495118        1.72222559669475
H            4.99773877985073        1.11930323498990        2.98509899935171
H            6.91390089834560        0.78094294194238        1.33959135500471
H            7.93384804041693       -0.99454450289904        0.24748598777481
H            7.15671995385893       -2.54704879576518        0.58513888483462
H            6.87911673041983       -1.74724255370253       -0.95796182244832
H            4.65795513445682       -2.50762241282852       -0.04773719356258
H            3.76815718136033       -0.99210954632377        0.10634193983384
H            4.17006790178630       -1.92914091628951        1.54520492619539
H           -2.34275407326374       -0.87710204403623       -1.37034418406760
H           -2.42101188385979        0.07714756026985        1.51970787764564
H           -3.66288618187855       -0.94455300516218        0.79549382224617
H           -4.13008969659320        0.76736160254593       -0.91505848928588
H           -2.86474122251645        1.80488138456283       -0.26138979060786
H           -5.34038924705815        0.89260026125919        1.26812290966893
H           -4.07850811089183        1.94939157319192        1.89818910159286
H           -4.58390556238240        3.61378682943959        0.11322974967137
H           -5.85444889961976        2.55996647684713       -0.50565017877465
H           -6.81793249433679        4.32644169025228        0.93665951683091
H           -7.06174414357607        2.74425226568470        1.67811706533606
H           -5.79663765155904        3.81468981426720        2.28093136070415
74
 energy: -94.781325971450 gnorm: 0.002942984369 xtb: 6.7.1 (edcfbbe)
C           -6.97888106113100       -3.07587821002295        0.57257748046421
C           -6.32263997153850       -4.12562329874515        0.11638552397726
C           -5.38875095053761       -4.08813294020305       -1.05645767874152
C           -3.98159949856799       -4.34340728218403       -0.53316392114901
O           -3.53148108304356       -5.41261112818591       -0.24575246956442
O           -3.35499809768889       -3.16149004575124       -0.42683754552181
N           -2.04797574680826       -3.22176465341960        0.12438207660836
C           -1.41980046889482       -2.12802795821940        0.11456919264341
C           -0.02225634119634       -2.05502584039405        0.64575084743994
C            0.29880036652133       -0.56055000990341        0.65784160897195
C           -0.57455967628256        0.03690787637507       -0.45319745319373
C            0.08414473250919       -0.10717894864332       -1.83389001479506
C            1.40521347591228        0.61322183937123       -1.87965559631689
C            2.56556603669197       -0.01613255061899       -2.02140487519532
O            1.21483124622212        1.95466291405155       -1.74263671907809
C            2.35189012154004        2.79584286434289       -1.65495735464816
C            3.01997699762137        2.69541188491933       -0.31460603149437
C            4.31678149874636        2.62148881048538       -0.03808282449600
C            5.41974872179715        2.59444616877530       -1.04942391133382
C            4.77318807208482        2.54499833943575        1.39705230488221
C            4.83353311354642        1.09417106249019        1.90692926054693
C            5.94083368693437        0.31171409500369        1.27515017633087
C            5.83396954571515       -0.87578993368711        0.69095432284330
C            7.02653431991153       -1.57407311918088        0.10810079461631
C            4.53326512468260       -1.62093840441053        0.57013003313855
C           -1.87220648509657       -0.78174478079697       -0.38305913481996
C           -2.91658669817667       -0.19121170844610        0.58046361877501
C           -3.62025947124247        1.03135275796408       -0.00355379594839
C           -4.61579541838885        1.63775416945724        0.98300356717762
C           -5.33198193159897        2.85185184775012        0.39547810957906
C           -6.31321551982107        3.47026103080953        1.38374850691563
H           -6.89544819345007       -2.10838481837204        0.10450165554140
H           -7.63295248946129       -3.14260763800601        1.42421130575575
H           -6.40696539688914       -5.08858729325689        0.60081592450650
H           -5.42423491743046       -3.11723248129120       -1.54844381102536
H           -5.63818364182168       -4.88432100596646       -1.75950580976334
H            0.64238672837589       -2.59700960447886       -0.02910911293393
H            0.05525756288103       -2.52629840220354        1.62399585524593
H            0.02310538422926       -0.12629209814409        1.61973719874013
H            1.35600193867057       -0.36431776332181        0.48744597898434
H           -0.75505078559410        1.09853125630161       -0.27694726921771
H           -0.57929850087145        0.32973905296803       -2.58381843410109
H            0.23446190613560       -1.15962232928197       -2.07181105906416
H            2.58180550672393       -1.08225206008459       -2.15218229237407
H            3.51828901727412        0.47861389639216       -2.02964639577428
H            1.94474696185190        3.80655022706537       -1.78118986012279
H            3.03541684775076        2.59300444575651       -2.48541216773173
H            2.31007931821683        2.70029508279246        0.50357107180028
H            6.02788033243290        1.70373074015666       -0.89165528120724
H            5.05304238357149        2.59603922999443       -2.07120891118902
H            6.06259700644440        3.46462925617256       -0.91827613633025
H            4.07996916240452        3.10271787792256        2.02973567596289
H            5.76168237745103        2.99791130055495        1.49380923095004
H            3.87057107600770        0.61563925522886        1.73172096161875
H            5.00376393302438        1.12233529653093        2.98846278123696
H            6.91524542117542        0.78136360992724        1.34057513348693
H            7.93686838183951       -0.99799076761591        0.25664461337744
H            7.15296898973708       -2.55184823278021        0.57305727964684
H            6.88393376434831       -1.73256424502093       -0.96147480651060
H            4.65906164119457       -2.50776761962999       -0.04559925134510
H            3.76740979681118       -0.99406197644239        0.11645971864174
H            4.17691700544037       -1.93463836656134        1.55109086997332
H           -2.34316933467555       -0.88810633244521       -1.36564251475947
H           -2.42940038501006        0.07749325418838        1.51999015849992
H           -3.66374473848491       -0.95701544544993        0.80061527491911
H           -4.14786813830912        0.74157892502864       -0.91576839977614
H           -2.88343706355495        1.78969174571546       -0.27699012386819
H           -5.35385897896468        0.88284862138522        1.26447345628950
H           -4.08802111179279        1.93644913849412        1.89189743141150
H           -4.59106822694064        3.60038458091243        0.10504352438791
H           -5.86862540495072        2.55136481576731       -0.50738166756778
H           -6.81817272184401        4.32366419418284        0.93739316335295
H           -7.06596113950850        2.74349685868149        1.68108762646528
H           -5.79328991491180        3.80834096984113        2.27725113806286
74
 energy: -94.781356006708 gnorm: 0.004619481492 xtb: 6.7.1 (edcfbbe)
C           -6.91612864419416       -2.99736085297369        0.57153024247494
C           -6.29326015577274       -4.07626013538149        0.13089915354701
C           -5.37794008630867       -4.09329971387157       -1.06144522869295
C           -3.96850846747316       -4.35317852755283       -0.54787876740766
O           -3.51441574977504       -5.42462974945638       -0.27596933468602
O           -3.34637268477361       -3.17045625582508       -0.42717317863063
N           -2.04030880854247       -3.22879701809180        0.12649407567733
C           -1.41720323927189       -2.13204350792906        0.12031241105240
C           -0.02058672486536       -2.05127225036293        0.65255422714377
C            0.29267295045924       -0.55512010930384        0.66254555633947
C           -0.58262033936871        0.03547437249802       -0.45068208519401
C            0.07584518003415       -0.11148446966637       -1.83122583912095
C            1.39718770547661        0.60788000927963       -1.88037146520043
C            2.55665948412700       -0.02191987832249       -2.02687134722686
O            1.20747100695905        1.94916379479569       -1.74068165160343
C            2.34481447399942        2.78941312204478       -1.65168906461339
C            3.01438862803136        2.68600768911363       -0.31226433141550
C            4.31159425604590        2.61350334177177       -0.03725795740073
C            5.41320511862601        2.58763854474665       -1.05016788072646
C            4.77023841963851        2.54077025634054        1.39728949564348
C            4.83618346871070        1.09190266705872        1.91268070443770
C            5.94360791705140        0.31039377428405        1.28024015368904
C            5.83677222059347       -0.87542038004838        0.69252426905947
C            7.02944191649163       -1.57145593637245        0.10733307691368
C            4.53596977565383       -1.61991661820503        0.56928281936933
C           -1.87656436228718       -0.78853058300319       -0.37909876517032
C           -2.92544694952535       -0.20033008559363        0.58064958726961
C           -3.63633955155520        1.01502583163247       -0.01022645440432
C           -4.62843215712568        1.62583258404553        0.97704985910391
C           -5.34654648193619        2.83866349223347        0.38916722199341
C           -6.31873062618339        3.46263638451486        1.38306416866511
H           -6.81893003278207       -2.04371076396787        0.07527620683725
H           -7.55873326643937       -3.02552251957502        1.43702765602508
H           -6.39403355926155       -5.02577067149614        0.64124604306274
H           -5.40483699801503       -3.13617148292857       -1.58410934006355
H           -5.65211622969841       -4.90916152047880       -1.73555778573557
H            0.64732304066618       -2.59058858274582       -0.02147590763876
H            0.05944236118639       -2.52082766004873        1.63152326563408
H            0.01289354573918       -0.12058840136988        1.62323464508513
H            1.34911602261201       -0.35349607485778        0.49363323593853
H           -0.76704491668711        1.09695783632364       -0.27769330535738
H           -0.58797650063573        0.32440865757988       -2.58143838359413
H            0.22495541255819       -1.16452683392058       -2.06719689057705
H            2.57204242065962       -1.08798081654006       -2.15752510612989
H            3.50960224985664        0.47234671131707       -2.03687412826070
H            1.93794356391525        3.80069026914683       -1.77439769788460
H            3.02746293247009        2.58913649030832       -2.48351372796982
H            2.30546430409523        2.68927022968708        0.50678566711036
H            6.02564143075317        1.70028899188502       -0.88989571568479
H            5.04497285303504        2.58352137785630       -2.07142578926564
H            6.05219013905303        3.46133294059515       -0.92339893861026
H            4.07661263200941        3.09844590871854        2.02955599214974
H            5.75767742971874        2.99660032942684        1.49102095868894
H            3.87403454209698        0.60981284846245        1.74313932859852
H            5.01032068005410        1.12569400513442        2.99342189236328
H            6.91799196673081        0.77998676929119        1.34704702424858
H            7.94087662830409       -0.99961275176544        0.26534723919088
H            7.15127352539105       -2.55448787851049        0.56223001114172
H            6.89070160363608       -1.71815146105931       -0.96450800057260
H            4.66114586182250       -2.50434681535259       -0.05008955703250
H            3.76934306294320       -0.99140202480886        0.11886643473810
H            4.18050278217098       -1.93777700070441        1.54944221991040
H           -2.34577299630716       -0.90010622153562       -1.36199965549421
H           -2.44097517216938        0.07658651132710        1.51924868897031
H           -3.66794903339018       -0.96971271389661        0.80403510618915
H           -4.16752957001949        0.71595280849512       -0.91742778549645
H           -2.90333771773853        1.77347748490253       -0.29372250361383
H           -5.36586163655069        0.87221183483258        1.26390738755482
H           -4.09708272383618        1.92741586398713        1.88301495501894
H           -4.60643637347800        3.58479678514857        0.09023500047596
H           -5.89066905268705        2.53569976005933       -0.50854502128885
H           -6.82610011698526        4.31524055400027        0.93777033871614
H           -7.07014389915202        2.73804635338717        1.68944958233840
H           -5.79064868863502        3.80319108131757        2.27108451220797
74
 energy: -94.781402439411 gnorm: 0.002301417325 xtb: 6.7.1 (edcfbbe)
C           -6.91152917721586       -2.99210509503533        0.57118936361367
C           -6.28937858236726       -4.07024527341981        0.13223392404921
C           -5.37811115568410       -4.08893305920170       -1.06029564189536
C           -3.96924087834271       -4.35045378437293       -0.55001832809138
O           -3.51365553834260       -5.42036971828000       -0.27896374116974
O           -3.34427148594859       -3.16828441500659       -0.42959866730902
N           -2.03921153448348       -3.22967683213907        0.12443124027210
C           -1.41517878048757       -2.13348933428952        0.12304235924145
C           -0.01900826562145       -2.05353681611931        0.65588132335936
C            0.29338363146891       -0.55731800393147        0.66906476974340
C           -0.58006577760147        0.03476500599639       -0.44459963446014
C            0.07724627323430       -0.10997761216267       -1.82591511210896
C            1.39804051675506        0.60968522211328       -1.87820361401219
C            2.55800708837661       -0.01960092975972       -2.02210669369319
O            1.20750537617235        1.95178347665777       -1.74582966051663
C            2.34473688124116        2.79188510006809       -1.65632306864987
C            3.01421716537651        2.68656514998625       -0.31712009783657
C            4.31097389745142        2.61237900109521       -0.04058167700657
C            5.41377623908228        2.58834678820449       -1.05229726331892
C            4.76694077628175        2.53867896965377        1.39461712481872
C            4.83315526915808        1.09027633644816        1.91169815175266
C            5.94086058490809        0.30844523465920        1.28047978819576
C            5.83451442842915       -0.87693764943860        0.69178759190615
C            7.02769289996359       -1.57162736741258        0.10617143860401
C            4.53407863354726       -1.62184639168395        0.56826300292589
C           -1.87397917047001       -0.78914017225342       -0.37532744241606
C           -2.92444887487498       -0.20005154968906        0.58138409917235
C           -3.63676651424194        1.01198013370619       -0.01443130950785
C           -4.62940619533059        1.62353228117294        0.97143260216109
C           -5.34799731776767        2.83710756058043        0.38587121277893
C           -6.31788433958074        3.45778575157384        1.38383613917528
H           -6.81867400406577       -2.03968090517438        0.07451375886843
H           -7.55254918189058       -3.01924304492728        1.43647033697708
H           -6.38854946132960       -5.01869158233602        0.64243376280525
H           -5.40606382261640       -3.13295773643509       -1.58388776664380
H           -5.65498263742312       -4.90316323653967       -1.73273386992640
H            0.64929620852447       -2.59101071768865       -0.01938899090013
H            0.06166127289598       -2.52499925118718        1.63397939300271
H            0.00974994029208       -0.12507558554657        1.62984070863665
H            1.35010482198454       -0.35426712375153        0.50422823742994
H           -0.76455951418024        1.09593052907378       -0.26974429824105
H           -0.58822797216679        0.32758724173095       -2.57377257820046
H            0.22555858130185       -1.16262731218227       -2.06401109594875
H            2.57475542996727       -1.08628964205345       -2.14700986389129
H            3.51007638186239        0.47626040447347       -2.03432921054290
H            1.93770494197206        3.80326611119437       -1.77740136403090
H            3.02719223605071        2.59310698666755       -2.48882437537006
H            2.30474031996989        2.68817963894259        0.50151537601492
H            6.02741672583290        1.70181262166941       -0.89253935087515
H            5.04650660692387        2.58482751001452       -2.07386602999425
H            6.05129718174826        3.46280790433954       -0.92401230686833
H            4.07169821536796        3.09602029224989        2.02539911213294
H            5.75390780416985        2.99492303724199        1.49029461450182
H            3.87125575269385        0.60757807185255        1.74329746135146
H            5.00735733026199        1.12645653314530        2.99225890780665
H            6.91513617972634        0.77816323809257        1.34788123853226
H            7.93830155978049       -0.99906885656473        0.26384818167024
H            7.15100074721108       -2.55416155814405        0.56045412389478
H            6.88900567727294       -1.71815945606884       -0.96517704320458
H            4.65912896585913       -2.50566068832482       -0.05192922271927
H            3.76689052813942       -0.99327654107939        0.11901335511830
H            4.17933633989176       -1.94078705638979        1.54834282640328
H           -2.34123184827882       -0.90123440970196       -1.35905361700705
H           -2.44155447868279        0.08148375473982        1.51937050189973
H           -3.66595019356936       -0.96948908403235        0.80721989225559
H           -4.16701039643601        0.70883995582411       -0.92056034020858
H           -2.90482432371640        1.77017233172954       -0.30044617691340
H           -5.36707618573306        0.86984885221399        1.25761310495937
H           -4.09830350252740        1.92441994391682        1.87784338654319
H           -4.60867837834541        3.58403989408900        0.08729173741676
H           -5.89359902237048        2.53604006494527       -0.51156506880732
H           -6.82522364007918        4.31340512726662        0.94407107166314
H           -7.06927414801731        2.73221124898824        1.68779894308805
H           -5.78774311140885        3.79284048603294        2.27286218035384
74
 energy: -94.781432052217 gnorm: 0.002126962611 xtb: 6.7.1 (edcfbbe)
C           -6.88266091690552       -2.95538799604878        0.57086131240214
C           -6.27658263773907       -4.04569090692450        0.13835730872161
C           -5.37530077563956       -4.08792324308054       -1.06106349906625
C           -3.96540222609379       -4.35207414833743       -0.55757364606088
O           -3.50571319228473       -5.42220662262056       -0.29400264987395
O           -3.34004583653513       -3.16929602534800       -0.43185857982518
N           -2.03637454524225       -3.23307975007047        0.12353197950263
C           -1.41299699698121       -2.13646138748870        0.12685185668365
C           -0.01786810535053       -2.05426524199152        0.66151303752039
C            0.29103422568730       -0.55725020453548        0.67606892222376
C           -0.58109385269085        0.03352687165501       -0.43925049270141
C            0.07608017769422       -0.11013348716077       -1.82070862266177
C            1.39645473847151        0.60965604305975       -1.87538877204921
C            2.55681269845071       -0.01937207587306       -2.01687521585600
O            1.20553829468764        1.95259894587158       -1.74946108238239
C            2.34290848437959        2.79229583631123       -1.65966262237816
C            3.01243069786459        2.68513507952863       -0.32074467586193
C            4.30884914160324        2.60927373842233       -0.04301129749417
C            5.41249910155436        2.58665225561492       -1.05390948764903
C            4.76287541492663        2.53579735362865        1.39278825742820
C            4.83074574306558        1.08815281742201        1.91207588558490
C            5.93881259839570        0.30650750095958        1.28144807953047
C            5.83298949670739       -0.87787198984740        0.69070268253786
C            7.02682156897500       -1.57111688729494        0.10465837375813
C            4.53292757071214       -1.62301022230367        0.56551204381388
C           -1.87364708555205       -0.79250424569936       -0.37152387300320
C           -2.92629542028017       -0.20388769241430        0.58244903175704
C           -3.64293103130939        1.00255015318538       -0.01958157591825
C           -4.63487410660114        1.61584722809995        0.96554021335666
C           -5.35465505108517        2.82897098364782        0.38078705453418
C           -6.31981392836490        3.44974337871073        1.38316206882047
H           -6.78516958510081       -2.00916017319984        0.06294105967264
H           -7.51771787246371       -2.96613712635974        1.44079317364546
H           -6.38096222299396       -4.98699688255155        0.66117268498859
H           -5.40065725218610       -3.13877355292909       -1.59628803914610
H           -5.66339841146002       -4.90849413522422       -1.72024624056988
H            0.65250833745766       -2.58978342495212       -0.01329999278400
H            0.06302077113833       -2.52602217196141        1.63952048397980
H            0.00238272709137       -0.12655053142935        1.63620146161641
H            1.34780828225715       -0.35109900291852        0.51559166428568
H           -0.76745640656469        1.09443142226702       -0.26425974822798
H           -0.59047170491328        0.32828776077867       -2.56721729047762
H            0.22395360042810       -1.16259410678375       -2.05992400656520
H            2.57474190064589       -1.08666213287729       -2.13675148214001
H            3.50811514947241        0.47785848157800       -2.03126627752447
H            1.93596126424151        3.80386579742848       -1.77932319110496
H            3.02500353396163        2.59462768519180       -2.49284801676515
H            2.30255913634788        2.68614094072657        0.49760797101558
H            6.02854270950845        1.70204557006474       -0.89303606750793
H            5.04570450631672        2.58110840556322       -2.07569793662561
H            6.04750654923541        3.46308355702325       -0.92622855380295
H            4.06574183223948        3.09241270238972        2.02214732250855
H            5.74901824956242        2.99357314171208        1.48973174715954
H            3.86924173414025        0.60406644027704        1.74577328026220
H            5.00596545878493        1.12712205073686        2.99232681283424
H            6.91309052900482        0.77596381618031        1.35045375102863
H            7.93717027038415       -0.99894870645280        0.26525624634840
H            7.14948887725068       -2.55498006361228        0.55603228854658
H            6.88931961935168       -1.71409926627174       -0.96725577893300
H            4.65821133305057       -2.50518492386357       -0.05689187796846
H            3.76539120491723       -0.99370402757637        0.11817747741178
H            4.17872692523495       -1.94461099045819        1.54485209459144
H           -2.33924229410485       -0.90632512914674       -1.35582848139915
H           -2.44444780365955        0.08444016428865        1.51890585254521
H           -3.66485842208445       -0.97490855574565        0.81243909456646
H           -4.17380299860884        0.69266716338561       -0.92300767122135
H           -2.91350861345434        1.76100165343369       -0.31117734005317
H           -5.37209302359423        0.86241285319719        1.25357975066796
H           -4.10276870790676        1.91789770691522        1.87102072800782
H           -4.61626849133827        3.57544616084677        0.07876256668494
H           -5.90393493981004        2.52760238578161       -0.51428355812550
H           -6.82720462243512        4.30750632854971        0.94767795437577
H           -7.07118038647756        2.72471070491284        1.68849889719088
H           -5.78555498743846        3.78158595203438        2.27103699442419
74
 energy: -94.781462812191 gnorm: 0.002294145722 xtb: 6.7.1 (edcfbbe)
C           -6.85725106245573       -2.92168318407035        0.57043015891467
C           -6.26624374401214       -4.02237764675230        0.14445246019083
C           -5.37464294161895       -4.08716279154386       -1.06124201107551
C           -3.96320123843384       -4.35266943014108       -0.56388481266930
O           -3.49983368710211       -5.42285693238471       -0.30547562247788
O           -3.33703268533659       -3.16917460976416       -0.43545186626305
N           -2.03507384315416       -3.23579998235409        0.12197787349831
C           -1.41142143345603       -2.13926944040859        0.12889616219165
C           -0.01778358838772       -2.05587793704047        0.66680788253138
C            0.28899685555141       -0.55828182344991        0.68264360465160
C           -0.58097488794594        0.03220069231678       -0.43450565818028
C            0.07714198285256       -0.10979654044239       -1.81560349346958
C            1.39688379054722        0.61068629074514       -1.87091622561764
C            2.55810839450734       -0.01808319745458       -2.00665065699544
O            1.20539694128778        1.95467093478053       -1.75379229284222
C            2.34296096342493        2.79421883919086       -1.66429352453533
C            3.01156738023105        2.68694502182223       -0.32507751494587
C            4.30744277333386        2.60841868889064       -0.04538718978892
C            5.41253903746120        2.58588495804107       -1.05475037825728
C            4.75862596517009        2.53397768588512        1.39134495499148
C            4.82666721997347        1.08632331466836        1.91043149451016
C            5.93530784173347        0.30486212022145        1.28051213978633
C            5.83019467584566       -0.87869405924222        0.68811487743369
C            7.02490664173798       -1.57123738498435        0.10278999554220
C            4.53054597548449       -1.62414199373313        0.56042515930280
C           -1.87273014913247       -0.79540325102944       -0.36914295835899
C           -2.92659717356484       -0.20766746586979        0.58365510232389
C           -3.64764687648413        0.99369833547850       -0.02291358240613
C           -4.63944979801113        1.60775903958789        0.96154485419491
C           -5.36089152858005        2.81953546440381        0.37636373244897
C           -6.32280945427670        3.44089581234379        1.38129612956533
H           -6.75291042620420       -1.98098058634823        0.05317929198150
H           -7.48444977616855       -2.91705072478069        1.44605542302261
H           -6.37659950603213       -4.95663819485826        0.67890204508237
H           -5.39775046016094       -3.14503313328894       -1.60858194328160
H           -5.67225022916854       -4.91552328831654       -1.70648425665142
H            0.65494621679761       -2.59047813533498       -0.00620277898514
H            0.06114594911525       -2.52751083488732        1.64504356742268
H           -0.00403318064829       -0.12888451038777        1.64207538196273
H            1.34598460943911       -0.35013102887243        0.52638822996610
H           -0.76902361059870        1.09284902382129       -0.25905642480602
H           -0.58994021994775        0.32900143455607       -2.56150147975132
H            0.22564551533529       -1.16196878090903       -2.05582033127492
H            2.57757191181653       -1.08607528725176       -2.12057815927347
H            3.50861038456108        0.48054723759386       -2.02246143921974
H            1.93620296861346        3.80575072415871       -1.78464877963879
H            3.02518549963807        2.59601062471870       -2.49733768441803
H            2.30071826223454        2.68881388903060        0.49246665859378
H            6.03015296077162        1.70280520057373       -0.89197142561178
H            5.04683723895365        2.57821815834488       -2.07701325303725
H            6.04569680401543        3.46384252149637       -0.92769840667630
H            4.05938766827966        3.08944915639313        2.01941957080134
H            5.74408611216569        2.99283700883912        1.49077562301543
H            3.86536606627580        0.60186429115856        1.74402702292965
H            5.00155855646485        1.12559641146566        2.99069309889388
H            6.90964700115018        0.77382925262152        1.35158304097614
H            7.93485084576102       -0.99841357010645        0.26436740564553
H            7.14761900942403       -2.55529390361702        0.55411746298537
H            6.88795708925536       -1.71376482326027       -0.96937623721689
H            4.65678111464999       -2.50449901582883       -0.06430204749025
H            3.76321631217228       -0.99395766345718        0.11444914658568
H            4.17615343807817       -1.94854040798202        1.53859296500314
H           -2.33713145722043       -0.90930932998717       -1.35397176006165
H           -2.44463284897106        0.08641127810737        1.51821192482000
H           -3.66226976857395       -0.98021523744513        0.81800625745782
H           -4.17881707063906        0.67819008972942       -0.92419367263243
H           -2.92070982435440        1.75289790003247       -0.31884231789783
H           -5.37556670236910        0.85404876372710        1.25156329733636
H           -4.10670968185307        1.91167744248616        1.86602359344200
H           -4.62353419087582        3.56566247896027        0.07094665057033
H           -5.91276605730158        2.51672523633784       -0.51652746725753
H           -6.82928738734656        4.30051722523769        0.94867189693959
H           -7.07478496060893        2.71673445709982        1.68724112985101
H           -5.78585652316714        3.77008912274635        2.26853220851307
74
 energy: -94.781497972334 gnorm: 0.003115690118 xtb: 6.7.1 (edcfbbe)
C           -6.82715792493555       -2.88128042483268        0.57035582636410
C           -6.25627449462810       -3.99581815800335        0.15091883888859
C           -5.37497401264213       -4.08748484211075       -1.06067405852289
C           -3.96125693981669       -4.35387284713650       -0.56972232281814
O           -3.49541480736550       -5.42440644263870       -0.31606605119239
O           -3.33464585125952       -3.16989402573135       -0.43933330249945
N           -2.03414766197313       -3.23872561107312        0.12017514739831
C           -1.41015174028475       -2.14225407543643        0.12935617608401
C           -0.01839311230341       -2.05788741934519        0.67174873678933
C            0.28725044845658       -0.55987594972471        0.68833995790243
C           -0.58041634231239        0.03056017384964       -0.43066231416821
C            0.07986915080066       -0.10978118422615       -1.81082463213406
C            1.39877903666637        0.61201531792305       -1.86536842998648
C            2.56120527915417       -0.01656843487823       -1.99246584874819
O            1.20645471665398        1.95696164203793       -1.75829081875508
C            2.34416750948863        2.79672025162110       -1.66946111315497
C            3.01082747908616        2.69142722562208       -0.32923939120475
C            4.30602200349606        2.60970112344415       -0.04718572930910
C            5.41291911805525        2.58542474029118       -1.05452715517225
C            4.75404319260784        2.53327272998856        1.39055247786352
C            4.82110962732993        1.08474202195683        1.90691327927392
C            5.93060763169797        0.30365597033777        1.27774384160149
C            5.82644347278224       -0.87934476498884        0.68418323252858
C            7.02215002265297       -1.57179242039905        0.10048742766669
C            4.52721336423837       -1.62509966323638        0.55325921897659
C           -1.87158340435091       -0.79849348427554       -0.36814445828948
C           -2.92623873151783       -0.21261795969554        0.58495289058021
C           -3.65274068645915        0.98376022634988       -0.02441573016769
C           -4.64466891364759        1.59784153811455        0.95972587827068
C           -5.36861552996614        2.80702176895193        0.37248376829654
C           -6.32837575936386        3.43067723942539        1.37790252049297
H           -6.71154953584994       -1.94734028440251        0.04243827582968
H           -7.44414341034507       -2.85753436999967        1.45327879349603
H           -6.37538041003521       -4.92146647237095        0.69877196198695
H           -5.39533664638090       -3.15406379905744       -1.62229740033397
H           -5.68253733766209       -4.92427023870564       -1.68953007572443
H            0.65720595936026       -2.59255929387342        0.00196111688709
H            0.05666143655129       -2.52869782894490        1.65066439260740
H           -0.00882468100556       -0.13111563302947        1.64703706672413
H            1.34444909073664       -0.35073959724476        0.53516784097951
H           -0.77021001468890        1.09093441138147       -0.25485452039679
H           -0.58707321382718        0.32839075508553       -2.55720727804039
H            0.23009492869608       -1.16170193562462       -2.05125547225115
H            2.58213433095568       -1.08527201777889       -2.09973226422504
H            3.51114726730542        0.48301015561632       -2.00817015947329
H            1.93766706961136        3.80796299778089       -1.79278585174665
H            3.02722065249296        2.59628442410262       -2.50136434947447
H            2.29851584554648        2.69545226882995        0.48704352721540
H            6.03141098358095        1.70363939637751       -0.88846704789780
H            5.04883458043289        2.57472298998539       -2.07742898454101
H            6.04475830171380        3.46462134535689       -0.92885074602173
H            4.05286035094847        3.08723226400539        2.01782319458454
H            5.73899656734706        2.99268526032731        1.49318282875529
H            3.85989073108902        0.60080531421504        1.73807795187745
H            4.99428173014718        1.12169679908821        2.98755603496939
H            6.90496082252601        0.77218688122898        1.35103225509228
H            7.93166027556288       -0.99783844954318        0.26147332782374
H            7.14535146609545       -2.55510088353337        0.55390951078899
H            6.88554043473068       -1.71646411607626       -0.97162370225177
H            4.65471169292953       -2.50311194491698       -0.07454762501395
H            3.76023574793147       -0.99361633970653        0.10892792573360
H            4.17232849412162       -1.95309905881073        1.52987855594758
H           -2.33510064466562       -0.91116281575626       -1.35349282043923
H           -2.44340231589879        0.08645674173296        1.51742587291586
H           -3.65847234490294       -0.98723522197257        0.82356660666873
H           -4.18435378473984        0.66320404016049       -0.92367111274523
H           -2.92879244374410        1.74440367662396       -0.32427843725493
H           -5.37891185744765        0.84339552990669        1.25240465822225
H           -4.11138462748760        1.90480226374153        1.86283169425881
H           -4.63242143030267        3.55261942378020        0.06294685890322
H           -5.92234430663465        2.50099020353767       -0.51806314064573
H           -6.83321217436258        4.29132194202320        0.94565728379174
H           -7.08162625235490        2.70817113312535        1.68469583200843
H           -5.78984746846950        3.75881582118066        2.26451158036537
74
 energy: -94.781534998249 gnorm: 0.002732127935 xtb: 6.7.1 (edcfbbe)
C           -6.80305484163049       -2.84744748062563        0.57043628452221
C           -6.24923958602250       -3.97229410275925        0.15741393815509
C           -5.37733057867089       -4.08694319260987       -1.05846571274386
C           -3.96131183407212       -4.35380639711011       -0.57205305212157
O           -3.49615620084598       -5.42491016393752       -0.31947504186429
O           -3.33355588116093       -3.17040616359782       -0.44352081977849
N           -2.03381923173826       -3.24058770771634        0.11764953767811
C           -1.40903390062209       -2.14446036600746        0.12725278776994
C           -0.01909743666553       -2.06060341437967        0.67442856140448
C            0.28753973432804       -0.56262900250721        0.69152906467004
C           -0.57811751382344        0.02909826730447       -0.42841309556878
C            0.08502582162815       -0.10957687796453       -1.80737317344150
C            1.40299799750563        0.61414818569117       -1.85936364566848
C            2.56682027022935       -0.01427344288154       -1.97575761765547
O            1.20944591736906        1.95971886502957       -1.76251001255746
C            2.34708431912543        2.80025937078269       -1.67488302875660
C            3.01075150967900        2.69920768508619       -0.33289152558798
C            4.30516662581066        2.61403070196910       -0.04824779475336
C            5.41415640520441        2.58631603670725       -1.05313173417493
C            4.74995299550812        2.53434477559741        1.39040409215634
C            4.81399535835855        1.08374319996249        1.90084818815353
C            5.92459273267199        0.30323531153211        1.27245475672622
C            5.82163828718646       -0.87998071028429        0.67914901567136
C            7.01829872908463       -1.57312972507626        0.09808017784238
C            4.52297358212933       -1.62637984853284        0.54585783644229
C           -1.86938990455887       -0.80036879113527       -0.36893602296551
C           -2.92408605545629       -0.21721579188501        0.58627923898204
C           -3.65583255201662        0.97567247878305       -0.02293650532946
C           -4.64872715465580        1.58827150668360        0.96120372290382
C           -5.37556327117723        2.79400316850771        0.37041084003896
C           -6.33600270813066        3.42067154829141        1.37321291702087
H           -6.67505864091611       -1.91926779385097        0.03583050938764
H           -7.41046404739671       -2.80841982199666        1.45841466904200
H           -6.37751016829160       -4.89049660556925        0.71493451707440
H           -5.39569035622864       -3.16178475979440       -1.63401701402803
H           -5.69252789404387       -4.93219304480120       -1.67202191359062
H            0.65897895705505       -2.59656474802944        0.00848547758168
H            0.05063483507261       -2.53047050457414        1.65416900521654
H           -0.00877229150378       -0.13383518428715        1.64994754053499
H            1.34498545108404       -0.35444054548736        0.53916674265292
H           -0.76891425562064        1.08921189015435       -0.25187232115738
H           -0.58115483027407        0.32717472536353       -2.55516856085231
H            0.23793212565926       -1.16126391028913       -2.04734575945280
H            2.58879193413556       -1.08354795137626       -2.07702694253123
H            3.51659126971438        0.48560690893765       -1.98992608733224
H            1.94081682863230        3.81089011418081       -1.80371947119934
H            3.03180944517723        2.59574812576545       -2.50447193341308
H            2.29659697011003        2.70679431648982        0.48174536093343
H            6.03203605614279        1.70492621228205       -0.88308038752659
H            5.05229109845195        2.57275363221603       -2.07680705115052
H            6.04595301970770        3.46576334042113       -0.92879903308503
H            4.04747856266202        3.08662883346143        2.01770260138293
H            5.73489398781589        2.99301601465938        1.49689817959739
H            3.85264010197446        0.60177157378643        1.72637941791343
H            4.98336283602286        1.11510312724443        2.98236999755311
H            6.89883836275191        0.77166993127674        1.34749403639567
H            7.92712737275868       -0.99699708287290        0.25553201817716
H            7.14320644534812       -2.55402799677821        0.55680516160452
H            6.88116690661286       -1.72391792662251       -0.97328498536764
H            4.65147593332212       -2.50181388889902       -0.08539510305896
H            3.75588295518187       -0.99361961694357        0.10391610984119
H            4.16822571326783       -1.95829445906057        1.52104514795465
H           -2.33261423941098       -0.91004379185977       -1.35471393213560
H           -2.43972537704618        0.08443233983510        1.51707269148423
H           -3.65307010324774       -0.99406522949284        0.82772728047557
H           -4.18755996344486        0.65223761205756       -0.92109163495559
H           -2.93478915329383        1.73842927410722       -0.32471300818150
H           -5.38057935599094        0.83244458441636        1.25615561969367
H           -4.11564714088510        1.89881894426187        1.86316217801515
H           -4.64053119967308        3.53938641473709        0.05762545940200
H           -5.92908723036103        2.48351723145731       -0.51864862815443
H           -6.83842378202090        4.28134776071185        0.93825913952363
H           -7.09124556259882        2.70014815510819        1.67991145041683
H           -5.79847321103637        3.74953587676367        2.26006310095921
74
 energy: -94.781561601411 gnorm: 0.004024258755 xtb: 6.7.1 (edcfbbe)
C           -6.76127857129380       -2.79190430722894        0.57000956817433
C           -6.23438147734111       -3.93558354333064        0.16770296883330
C           -5.37604514543766       -4.08665172778061       -1.05587544886701
C           -3.95747079325448       -4.35704085676033       -0.57612580115403
O           -3.49445007979313       -5.43047995507373       -0.32984674089386
O           -3.32990492712759       -3.17518232108807       -0.44515793729165
N           -2.02957207175011       -3.24468129372537        0.11604108917375
C           -1.40636954152587       -2.14754167014613        0.12602510231245
C           -0.01778091735079       -2.06183986452006        0.67648034250722
C            0.28791491323401       -0.56356575039891        0.69325829330458
C           -0.57806297522855        0.02743376456428       -0.42687407166464
C            0.08728610599757       -0.11090005946746       -1.80492731009851
C            1.40458551123691        0.61439230102532       -1.85532777411603
C            2.56907235305467       -0.01406733021417       -1.96462935852080
O            1.20996009489876        1.95988253846022       -1.76450425860286
C            2.34736686086179        2.80120154780215       -1.67783477511052
C            3.00860558553174        2.70426449766330       -0.33427886124931
C            4.30253090301086        2.61700229924829       -0.04825898822165
C            5.41272894722304        2.58572032226096       -1.05162078303311
C            4.74582472832345        2.53492892329023        1.39060948076948
C            4.80783531435703        1.08242223133316        1.89596021266757
C            5.91962660282150        0.30294238979013        1.26817295626176
C            5.81809567547018       -0.88082407438424        0.67557744499489
C            7.01546330884917       -1.57384419994132        0.09596781829586
C            4.52024417531557       -1.62834743801922        0.54163044683371
C           -1.86823976012608       -0.80392387127671       -0.36889932632102
C           -2.92449135655691       -0.22478892133293        0.58770476159596
C           -3.66355866696199        0.96342895328102       -0.02189383894781
C           -4.65664969233695        1.57547626268023        0.96264594465464
C           -5.38663669812892        2.77744144903414        0.36776228592320
C           -6.34655960698004        3.40939069011831        1.36792732418188
H           -6.61895710747889       -1.87479233089257        0.01844289496170
H           -7.35653535728520       -2.72583297183752        1.46700043270149
H           -6.37650952134188       -4.84280385909179        0.74098680712437
H           -5.38990831608749       -3.17314851427792       -1.65116387131194
H           -5.70576534727048       -4.94209528853816       -1.64849335655460
H            0.66282488869712       -2.59823779938738        0.01352113698676
H            0.04880746899696       -2.53055828963685        1.65697368454046
H           -0.00727826080854       -0.13433555674815        1.65173054523454
H            1.34515514520613       -0.35526027311643        0.53947893973496
H           -0.77059540804451        1.08723952131443       -0.25056443197469
H           -0.57814002127736        0.32380386974655       -2.55442920173423
H            0.24233649224170       -1.16264629591918       -2.04327444001708
H            2.59084637779476       -1.08361570520730       -2.06202672032500
H            3.51924641375331        0.48509264768448       -1.97682915509854
H            1.94134646680219        3.81127430669370       -1.81156992979765
H            3.03375329685997        2.59312450318157       -2.50518250283839
H            2.29324701202662        2.71473661204997        0.47921165852557
H            6.03052351458397        1.70513152002204       -0.87706986975485
H            5.05248442861453        2.56800015484532       -2.07574956217188
H            6.04407839722400        3.46582141737449       -0.92986200567961
H            4.04306230774390        3.08592482437512        2.01867144683374
H            5.73091308025277        2.99264363186750        1.49931260303277
H            3.84655686154248        0.60191773592378        1.71646764916562
H            4.97369964350480        1.10898493193256        2.97825453859253
H            6.89345091595672        0.77215535888573        1.34384264279625
H            7.92388953082337       -0.99689409205204        0.25211284214464
H            7.14109323795993       -2.55365275044361        0.55683107499882
H            6.87878348736085       -1.72746391236798       -0.97507825545082
H            4.64843709215838       -2.50027056152092       -0.09468088640289
H            3.75115981023920       -0.99423761655754        0.10507264830672
H            4.16818391135585       -1.96594433438064        1.51593005744209
H           -2.33102547787699       -0.91226229564065       -1.35501647101444
H           -2.43992587190183        0.08044446291769        1.51733223352542
H           -3.64891880745094       -1.00527321678471        0.83121514481046
H           -4.19659192151128        0.63533575380354       -0.91776029866187
H           -2.94657093977397        1.72854224966176       -0.32791534496372
H           -5.38612988131255        0.81862613371904        1.26088449661060
H           -4.12313944072791        1.89021337198453        1.86290012150558
H           -4.65273865499481        3.52192371406154        0.05008091535764
H           -5.94108068725174        2.46168430858421       -0.51897912052894
H           -6.84737346781422        4.26890807292707        0.92850317355850
H           -7.10344830295774        2.69164230007239        1.67723001753116
H           -5.80893578757657        3.74139327493756        2.25359877467855
74
 energy: -94.781579965917 gnorm: 0.003555011192 xtb: 6.7.1 (edcfbbe)
C           -6.75448807999424       -2.78002637135299        0.57052941367969
C           -6.23676064168365       -3.92692172570647        0.17044264714239
C           -5.38022923565646       -4.08319716987257       -1.04868361519969
C           -3.96084476204239       -4.35603095432812       -0.56857899180717
O           -3.50579252532174       -5.43193816990201       -0.31906526697222
O           -3.33115353576686       -3.17744451483465       -0.44424007716118
N           -2.02782196192820       -3.24493019488862        0.11345437944356
C           -1.40458111282026       -2.14783981162910        0.12006694074808
C           -0.01585733674061       -2.06465700065711        0.67104415469414
C            0.29405303309257       -0.56723353792596        0.68778884440504
C           -0.57358108531434        0.02685053992154       -0.42950319018393
C            0.09344168459823       -0.11036757533845       -1.80712520823609
C            1.41022135588994        0.61696616953736       -1.85384924799791
C            2.57524572479686       -0.01145028195998       -1.95695423378434
O            1.21418975322006        1.96153092070734       -1.76454324795129
C            2.35087762176411        2.80457539875541       -1.67994927462377
C            3.00915432387196        2.71447296528269       -0.33427962219711
C            4.30265810865637        2.62563212300796       -0.04718648164409
C            5.41407158861217        2.58939980735731       -1.04889300693543
C            4.74490980746915        2.53911502219901        1.39153641958494
C            4.80059460184291        1.08295895615968        1.88743269226013
C            5.91356217745120        0.30433443784607        1.26042558563125
C            5.81365030844518       -0.88199130998953        0.67241964960834
C            7.01129234779286       -1.57611597330531        0.09510004792053
C            4.51697808224248       -1.63179665794493        0.54226043575452
C           -1.86472220337474       -0.80311240642788       -0.37206698445667
C           -2.91985103233154       -0.22753935045456        0.58906922127129
C           -3.66158144625304        0.96189807871243       -0.01439845928583
C           -4.65731932104629        1.57003954533178        0.97048712614469
C           -5.38969313101065        2.76828168149212        0.37052341935815
C           -6.35682447855867        3.40311415808175        1.36208714922770
H           -6.60520882007855       -1.86715182028979        0.01663723622494
H           -7.34693578957505       -2.70823385815504        1.46636610622073
H           -6.38501885440071       -4.83115779729496        0.74384769532095
H           -5.39368900995082       -3.17337919667836       -1.64534634441102
H           -5.71057169702522       -4.93600585677679       -1.63822824822615
H            0.66427152539598       -2.60341675706517        0.00962000065531
H            0.04767748566732       -2.53316697540243        1.65175472828747
H            0.00609995615100       -0.13689120545096        1.64783035766313
H            1.35123815628547       -0.36285711174309        0.52791057644526
H           -0.76499462105336        1.08651755362927       -0.25184129962435
H           -0.57072868337707        0.32241282208181       -2.55858486041785
H            0.25110560797208       -1.16200488807028       -2.04411522991100
H            2.59596249450896       -1.08089110280902       -2.05393714084082
H            3.52643230073293        0.48597734930163       -1.96426641062711
H            1.94481911670200        3.81357868558007       -1.82128833343001
H            3.03967092252332        2.59100401315938       -2.50384571067686
H            2.29262835387339        2.72890820953975        0.47799757457423
H            6.02821552346166        1.70682849678555       -0.87154220179311
H            5.05594945202674        2.57125995281611       -2.07354048394263
H            6.04833026273909        3.46726813910863       -0.92726423753922
H            4.04371832072157        3.08942799896824        2.02185102989529
H            5.73147428571330        2.99273345929292        1.50298869040844
H            3.83884465107809        0.60680521945216        1.69798248746940
H            4.95946804131082        1.10002496987826        2.97116820043974
H            6.88659862854469        0.77548494162585        1.33397908243910
H            7.91861711496928       -0.99562992850232        0.24349543272938
H            7.14090413958020       -2.55150419184340        0.56414937834138
H            6.87227947185009       -1.73994258320504       -0.97412310001435
H            4.64361755901537       -2.50101237817585       -0.09807388793574
H            3.74415927958766       -0.99767095808867        0.11223279060697
H            4.17030009567965       -1.97376901113343        1.51704347361760
H           -2.32895333582349       -0.90721688750016       -1.35794383423200
H           -2.43391423075240        0.07398119039277        1.51912595325375
H           -3.64273120516207       -1.00992051194281        0.83022102159214
H           -4.19397441835512        0.63639124781377       -0.91150097238335
H           -2.94625397819456        1.72959985109539       -0.31745647746053
H           -5.38455923508895        0.81107771930543        1.26865179973269
H           -4.12604198868935        1.88776069309250        1.87090190884897
H           -4.65654028316615        3.51356760414861        0.05347641126246
H           -5.93909805656718        2.44760556099761       -0.51760471941094
H           -6.85546057389349        4.25975503515940        0.91397520570062
H           -7.11561898336468        2.68671748726985        1.66962994442102
H           -5.82588761152843        3.74055802178671        2.24967701110058
74
 energy: -94.781615838564 gnorm: 0.002724087571 xtb: 6.7.1 (edcfbbe)
C           -6.73458839307992       -2.75421551694748        0.57001888344570
C           -6.22574119371550       -3.90744741761535        0.17737638041488
C           -5.37696265100422       -4.08152370753331       -1.04820706571767
C           -3.95742922304234       -4.35766396663949       -0.57130177489800
O           -3.50304381444641       -5.43427929529543       -0.32464269509035
O           -3.32702963306845       -3.18005572703268       -0.44483736395933
N           -2.02366959575763       -3.24740655011681        0.11303273328528
C           -1.40217077134923       -2.14941437310943        0.12186518613977
C           -0.01314961655076       -2.06440975062839        0.67163647674295
C            0.29423219628804       -0.56652384080400        0.68874718535674
C           -0.57489299403654        0.02634711265687       -0.42801305045388
C            0.09069295283046       -0.11095124194896       -1.80639480129382
C            1.40761294881201        0.61597623322396       -1.85477814620061
C            2.57223089304277       -0.01250414391295       -1.96105721807526
O            1.21151297128874        1.96044986742454       -1.76388184646031
C            2.34806933316030        2.80339684229049       -1.67928830414218
C            3.00724197126220        2.71190642735008       -0.33420755687602
C            4.30090006717054        2.62347496442413       -0.04764583036391
C            5.41191496584752        2.58854287748127       -1.04985058604164
C            4.74365465937166        2.53759218135094        1.39084087603328
C            4.79999691015020        1.08191178752295        1.88834373317187
C            5.91307813403319        0.30359762595322        1.26147284863864
C            5.81367242695717       -0.88294215189022        0.67371943304317
C            7.01151339017836       -1.57571386612291        0.09533085559612
C            4.51756986602981       -1.63391145308196        0.54546841816785
C           -1.86485838814508       -0.80510221659432       -0.36979897205488
C           -2.92166584415049       -0.23034273944254        0.58969330690665
C           -3.66549466054270        0.95676973361922       -0.01634748416251
C           -4.66109286524280        1.56574479603694        0.96812220318645
C           -5.39451544180284        2.76340483923293        0.36824160466063
C           -6.36011562878904        3.39813448455423        1.36130491966144
H           -6.58240877492346       -1.84605649782126        0.00953689138355
H           -7.32634728198737       -2.67269557980270        1.46480610703651
H           -6.37817088557661       -4.80703989777128        0.75828334793702
H           -5.38742182984974       -3.17661118586806       -1.65652469418167
H           -5.71685320666555       -4.94175043523200       -1.62734934822572
H            0.66710755975865       -2.60162069354584        0.00889599188344
H            0.05279364634718       -2.53338781053422        1.65200019363131
H            0.00565013490512       -0.13700184173739        1.64912080008954
H            1.35109271094043       -0.36023717266370        0.52886060977231
H           -0.76717113330371        1.08586818480864       -0.25037565041540
H           -0.57424349116717        0.32237928872755       -2.55688625491870
H            0.24743836118326       -1.16260939024823       -2.04371601067482
H            2.59263333937566       -1.08194823612514       -2.05886179628295
H            3.52337827643654        0.48495471668788       -1.96986621914231
H            1.94192358909859        3.81248345449582       -1.81907161822477
H            3.03638909962427        2.59101650410493       -2.50381543451648
H            2.29124709670220        2.72528292939448        0.47852825162458
H            6.02708888779571        1.70661769980231       -0.87289702334641
H            5.05336249414755        2.57006926996053       -2.07432218142163
H            6.04524752968063        3.46708938029322       -0.92830909014676
H            4.04269386612321        3.08823986154815        2.02112074789219
H            5.73027806758380        2.99114376914422        1.50159706249680
H            3.83849973070454        0.60521326732336        1.70001064342622
H            4.95916532006208        1.10072431854008        2.97180588521825
H            6.88580581336948        0.77558806419516        1.33420759289251
H            7.91861557491140       -0.99557763351318        0.24556921492251
H            7.14108523020239       -2.55213944911914        0.56155699775560
H            6.87305843011270       -1.73645827394628       -0.97418634615108
H            4.64304944196791       -2.50159251988635       -0.09718867232031
H            3.74230206579834       -0.99994551024352        0.11942823177326
H            4.17452068877827       -1.97862249741514        1.52075833691753
H           -2.32855897463282       -0.91112334526180       -1.35572985400100
H           -2.43719353135310        0.07381622955258        1.51974908695257
H           -3.64317379821386       -1.01382488283201        0.83141548249080
H           -4.19829231686569        0.62817890942968       -0.91214442344937
H           -2.95144572498094        1.72455707121280       -0.32207234552989
H           -5.38795443905950        0.80671365398166        1.26722236214796
H           -4.12951474142309        1.88435462416693        1.86809550933120
H           -4.66218780158503        3.50888210987084        0.04957502511899
H           -5.94539706416805        2.44221007954605       -0.51884773216757
H           -6.86027443325942        4.25427629977342        0.91391909091889
H           -7.11772081357349        2.68131885567471        1.67078744150698
H           -5.82756968477408        3.73642249695514        2.24771326414781
74
 energy: -94.781647711556 gnorm: 0.002966623991 xtb: 6.7.1 (edcfbbe)
C           -6.70876900280568       -2.72062190520604        0.56855322320126
C           -6.21440217590628       -3.88370543109931        0.18428839861040
C           -5.37379904236242       -4.07813577881071       -1.04532459479077
C           -3.95444471768756       -4.35929927204729       -0.57281602160939
O           -3.50021670484140       -5.43703245424850       -0.33057250895929
O           -3.32205440339773       -3.18273222809198       -0.44442183442646
N           -2.01829880394673       -3.25103710315192        0.11210483613129
C           -1.39859546442307       -2.15212496668206        0.12435689179111
C           -0.00886201521773       -2.06538429012262        0.67182462776491
C            0.29543350825062       -0.56692885383608        0.69028991712322
C           -0.57555968364119        0.02528376516182       -0.42533566876643
C            0.08761455653947       -0.11088934035366       -1.80508115466168
C            1.40462422720266        0.61557023776737       -1.85620076031711
C            2.56897519781246       -0.01286881254498       -1.96625387413299
O            1.20823577112562        1.96019270813606       -1.76391653566592
C            2.34455351919656        2.80313655071093       -1.67948867875967
C            3.00501169492842        2.70956770392013       -0.33529125883201
C            4.29880054023219        2.62130809498427       -0.04908750943554
C            5.40955994007856        2.58862686379768       -1.05171671825399
C            4.74152587008187        2.53563131006835        1.38934324645958
C            4.79781571685119        1.08046702257835        1.88873651649186
C            5.91099202016317        0.30237171875612        1.26218158157735
C            5.81255857168958       -0.88479772409502        0.67551945337038
C            7.01090462706148       -1.57563747606802        0.09586926723898
C            4.51760377492769       -1.63814733313106        0.55061609582338
C           -1.86419023026557       -0.80793879695838       -0.36626821201227
C           -2.92275105303926       -0.23370201203643        0.59103567168239
C           -3.66881561939999        0.95033931835701       -0.01882446607678
C           -4.66510258878995        1.55982716054421        0.96449764039650
C           -5.40052969639041        2.75629834593880        0.36477974404193
C           -6.36526008202463        3.38905434128736        1.35976690373839
H           -6.55399590865921       -1.81993432681187       -0.00450484789734
H           -7.29690170535783       -2.62248011382650        1.46651846214342
H           -6.37223663430218       -4.77685893372277        0.77481564998418
H           -5.38075129865493       -3.17910971686864       -1.66272110208614
H           -5.72402078317143       -4.94162831110286       -1.61436448991186
H            0.67108245861098       -2.60022822315092        0.00665164498328
H            0.06073043694195       -2.53555135030206        1.65144010660114
H            0.00574562528785       -0.13920796012930        1.65130408122119
H            1.35187989107643       -0.35798065411133        0.53090442985739
H           -0.76872434429212        1.08454748502811       -0.24683392197137
H           -0.57883403497144        0.32387520487982       -2.55346709450307
H            0.24302648704046       -1.16235504448951       -2.04393627266439
H            2.58959459241336       -1.08247140274804       -2.06401254615863
H            3.51980939643547        0.48505645107605       -1.97696235402055
H            1.93809180426971        3.81230797786414       -1.81696481323974
H            3.03207165685426        2.59254939238354       -2.50509132616283
H            2.28962931452671        2.72124387040203        0.47802813957428
H            6.02583821111256        1.70721077329817       -0.87618323112627
H            5.05055895024655        2.57097366455708       -2.07607123333085
H            6.04191979264929        3.46777664870914       -0.92925569782072
H            4.04073847328091        3.08690073553815        2.01928438301515
H            5.72837379278902        2.98874905578332        1.49981095819447
H            3.83650905101005        0.60341015740782        1.70143409424838
H            4.95704038962988        1.10124103806205        2.97191218256176
H            6.88319682985891        0.77576003452437        1.33323364667784
H            7.91733126206868       -0.99479136714878        0.24739500432352
H            7.14149867545148       -2.55285090141325        0.55969097226158
H            6.87250850091291       -1.73365962811412       -0.97389442894999
H            4.64159915728176       -2.50336187848759       -0.09561355125274
H            3.73828224702975       -1.00484265030700        0.13092105561204
H            4.18069495546647       -1.98723162531462        1.52668417401183
H           -2.32728548911648       -0.91615777291683       -1.35226835663059
H           -2.43995376263478        0.07406848721974        1.52081674982849
H           -3.64276233091463       -1.01819554143915        0.83400742178375
H           -4.20128497717125        0.61781897674640       -0.91337719397011
H           -2.95625133642810        1.71832718359122       -0.32722625118023
H           -5.39108536642261        0.80020618383799        1.26437945210186
H           -4.13380312190831        1.87981760268029        1.86418640160762
H           -4.66985341459979        3.50289604900618        0.04485668435665
H           -5.95248474562516        2.43441359773430       -0.52138674283163
H           -6.86797820017269        4.24450809784193        0.91417390660047
H           -7.12064834311224        2.67057514704015        1.67068068540443
H           -5.83145440678618        3.72797222369751        2.24520277282475
74
 energy: -94.781691620477 gnorm: 0.002878687378 xtb: 6.7.1 (edcfbbe)
C           -6.67970320645349       -2.68074794870649        0.56696237768235
C           -6.20441746866999       -3.85480404207076        0.19278811325428
C           -5.37241086584042       -4.07294124350633       -1.03854606325905
C           -3.95385791309601       -4.36008075766504       -0.56954483789489
O           -3.50227138856994       -5.43856749463091       -0.32644529494881
O           -3.31657431429439       -3.18538556354755       -0.44493038244766
N           -2.01207319704318       -3.25526608748974        0.10924489830515
C           -1.39383618102560       -2.15569979495139        0.12534823709591
C           -0.00267674052533       -2.06865067722277        0.66898199050963
C            0.29950485949342       -0.56986601597930        0.68999256120921
C           -0.57420500936597        0.02349398055426       -0.42287245829515
C            0.08529212524051       -0.10973025397037       -1.80478824292509
C            1.40235657699860        0.61639308539989       -1.85870226423448
C            2.56651302548915       -0.01166163085250       -1.97354659182125
O            1.20539722011191        1.96107811058720       -1.76359619082652
C            2.34116041300107        2.80457292658316       -1.68021278749184
C            3.00321222413123        2.70959091946921       -0.33702052096625
C            4.29709211670410        2.62141824303135       -0.05110342973820
C            5.40773940865368        2.59135885696996       -1.05403458566756
C            4.73922718190306        2.53447767397036        1.38737944985886
C            4.79272728417322        1.07914119427931        1.88705276275909
C            5.90601887828463        0.30099002068603        1.26124137141695
C            5.80935116784261       -0.88799008996258        0.67794617727844
C            7.00867476241608       -1.57660586078656        0.09755103584123
C            4.51646480852354       -1.64577043114226        0.55895429107374
C           -1.86190587515241       -0.81089010766056       -0.36279187951757
C           -2.92140986910020       -0.23712083825731        0.59312257521530
C           -3.66849938813645        0.94498436213836       -0.01941367696016
C           -4.66756628203482        1.55304827897715        0.96185550523816
C           -5.40762324697655        2.74614852529644        0.36109901622557
C           -6.37525131996403        3.37386072430659        1.35631124301888
H           -6.51894093256995       -1.78875034180269       -0.01765784874139
H           -7.26563384288294       -2.56441706192677        1.46405748393531
H           -6.36998218216717       -4.73988120800318        0.79345574455156
H           -5.37486155375232       -3.18157886638134       -1.66690267070706
H           -5.73334669371239       -4.93968199068421       -1.59552338514668
H            0.67573851846911       -2.60101613539836        0.00005798917848
H            0.07140759288449       -2.54097646875318        1.64734605781106
H            0.01010923271830       -0.14481220558804        1.65244297835976
H            1.35545193015866       -0.35871826339974        0.53009806690639
H           -0.76759463089127        1.08234376511711       -0.24183999893560
H           -0.58331728181734        0.32751200127166       -2.54990728845262
H            0.23920791036962       -1.16068096240440       -2.04673820724035
H            2.58772277032796       -1.08127491510035       -2.07231226707750
H            3.51691437489559        0.48695782387412       -1.98579149968929
H            1.93387824113110        3.81361621655990       -1.81570483235530
H            3.02768982775573        2.59562021539772       -2.50703309150908
H            2.28855068736623        2.71930170955791        0.47701730667891
H            6.02380101453883        1.70915753746942       -0.88178921797616
H            5.04837280442577        2.57732973431026       -2.07835927537889
H            6.04043456494208        3.46989576990592       -0.92865033508142
H            4.03932625692825        3.08711413842439        2.01710433093078
H            5.72704410003712        2.98537996968042        1.49830916802216
H            3.83125913749434        0.60315720503894        1.69849179442474
H            4.95023112835884        1.09996944752076        2.97029165310082
H            6.87732266497868        0.77681095259774        1.32887264843444
H            7.91347519767717       -0.99254510298887        0.24694049080135
H            7.14305847820570       -2.55269992619861        0.56235948735823
H            6.86892914113895       -1.73597276529046       -0.97172492664290
H            4.63837202680260       -2.50687562876991       -0.09309685674468
H            3.73045925917589       -1.01380917346586        0.14966960438949
H            4.18985884119245       -2.00198026156623        1.53620692117489
H           -2.32496307545345       -0.92044600805454       -1.34870599438771
H           -2.44009369421010        0.07275106994701        1.52287478931033
H           -3.64073940535946       -1.02202191165280        0.83657347369636
H           -4.19886583423008        0.61022706533728       -0.91420745418965
H           -2.95696417847069        1.71366269881047       -0.32770321077726
H           -5.39108035964701        0.79119647252427        1.26223143059978
H           -4.13805785268481        1.87609917610159        1.86156113043030
H           -4.68040145850197        3.49613368585463        0.04116646597753
H           -5.95808299339625        2.42181252883174       -0.52510335599606
H           -6.88323080770237        4.22643326307217        0.91132447208901
H           -7.12606545045585        2.65093477511951        1.66796811244299
H           -5.84284326084054        3.71594391128702        2.24140954025062
74
 energy: -94.781752041885 gnorm: 0.003011636436 xtb: 6.7.1 (edcfbbe)
C           -6.63774696371464       -2.61984320407409        0.56420313118711
C           -6.19361481191576       -3.81074153947035        0.20556905637018
C           -5.37387847094660       -4.06623395138292       -1.02645735227918
C           -3.95583473930370       -4.36024757908517       -0.56093733392245
O           -3.51022965955396       -5.43957316711243       -0.31093396780927
O           -3.31040262620143       -3.18839648898447       -0.44753862462271
N           -2.00499547783948       -3.26081408857599        0.10372066820087
C           -1.38746958525254       -2.16097546188957        0.12321895150709
C            0.00529158914531       -2.07515428270840        0.66293327947413
C            0.30679333669638       -0.57632264138301        0.68765883830345
C           -0.57009589410615        0.02029558609818       -0.42097713156909
C            0.08547045734309       -0.10770989823578       -1.80534787605123
C            1.40213243081808        0.61901945388211       -1.86077566386666
C            2.56660267702905       -0.00804542251351       -1.97753671559778
O            1.20395361531346        1.96363354353472       -1.76418250201912
C            2.33872930799950        2.80861865961705       -1.68263072023949
C            3.00146104844537        2.71445121288274       -0.33981292392829
C            4.29519211815509        2.62577947123064       -0.05351748218929
C            5.40631210154263        2.59748310227915       -1.05602048750121
C            4.73563155841801        2.53504445833661        1.38529536382467
C            4.78255172171377        1.07807127325602        1.88107751157690
C            5.89609542416798        0.29955848979950        1.25635931821393
C            5.80235819144146       -0.89275675290564        0.67940734826115
C            7.00340934674943       -1.57951821809857        0.10015695544864
C            4.51282403935915       -1.65739765861764        0.56811207959139
C           -1.85723962971065       -0.81490854839172       -0.36053309464970
C           -2.91658387682694       -0.24264980080186        0.59619231391752
C           -3.66524777032338        0.93806020334466       -0.01693663928473
C           -4.66971965764030        1.54162671712470        0.96160729770191
C           -5.41863013501962        2.72731029369035        0.35686418738237
C           -6.39425545654505        3.34784338504806        1.34882666522933
H           -6.46209543439360       -1.74130155278064       -0.03680136785697
H           -7.21542547272142       -2.47451501010050        1.46318673064700
H           -6.37445828197838       -4.68265290528811        0.82105867983098
H           -5.36959092391522       -3.18802359955984       -1.67279781523385
H           -5.74884215917941       -4.93914319606654       -1.56320701324191
H            0.68170366219549       -2.60539185532918       -0.00974397572956
H            0.08279011267008       -2.55029664736896        1.63973321196475
H            0.01957848648271       -0.15455419493509        1.65223607993119
H            1.36215947840901       -0.36394665485034        0.52576979648378
H           -0.76351070591817        1.07843944062820       -0.23560441848185
H           -0.58557253773424        0.33223313779721       -2.54674836210898
H            0.23883534018339       -1.15777624093140       -2.05156958213259
H            2.58902991211767       -1.07754679157445       -2.07692685729096
H            3.51654409160322        0.49139328611079       -1.98976570879335
H            1.93010179633572        3.81711567977232       -1.81842790943939
H            3.02485742528884        2.59981153174820       -2.50986179885225
H            2.28697253404507        2.72317476195707        0.47446455749303
H            6.02011173044141        1.71287607762092       -0.88800575451708
H            5.04717132657515        2.58945417154673       -2.08055663519008
H            6.04120976739434        3.47382318664367       -0.92609030193212
H            4.03724966173136        3.08932434980394        2.01523243242717
H            5.72521641786753        2.98159628641042        1.49838236072511
H            3.82033984207429        0.60543058108991        1.68713877402263
H            4.93557797644070        1.09455365284327        2.96510228975949
H            6.86612969890731        0.77870772619912        1.31914443696167
H            7.90554467525295       -0.98921200459972        0.24234001294301
H            7.14473162845585       -2.55149105853821        0.57186148943690
H            6.86088973367155       -1.74737903691432       -0.96756673574984
H            4.63257462701418       -2.51171754787908       -0.09328574221655
H            3.71756620244687       -1.02707839965398        0.17422482088117
H            4.20061179358332       -2.02493948484199        1.54616507967584
H           -2.32101482741198       -0.92353586824130       -1.34625679399683
H           -2.43553335247887        0.06801932465632        1.52563636021114
H           -3.63499132867874       -1.02825108323532        0.84005001889425
H           -4.19170152181741        0.60260270461965       -0.91360974656497
H           -2.95519011938919        1.70913847197068       -0.32219554199518
H           -5.38785063429130        0.77510702536566        1.26322158543199
H           -4.14369571040922        1.87116810529113        1.86105613979875
H           -4.69738770923751        3.48321699863705        0.03725017227314
H           -5.96419542862034        2.39652974647383       -0.53003421131602
H           -6.91015461951815        4.19427611541612        0.90112347608790
H           -7.13821768149633        2.61792726894358        1.66084359882894
H           -5.86693368149152        3.69732635527981        2.23413154008566
74
 energy: -94.781775209500 gnorm: 0.001468712008 xtb: 6.7.1 (edcfbbe)
C           -6.64161780695928       -2.61940506302940        0.55916593030649
C           -6.19700876364442       -3.80990378418493        0.20397027802794
C           -5.37530001254732       -4.06740546657939       -1.02505078896355
C           -3.95684592950301       -4.35997693371299       -0.55857838788594
O           -3.51164010704162       -5.43882139894435       -0.30466914888563
O           -3.31106073912884       -3.18772517679483       -0.44780894424381
N           -2.00636167845089       -3.26047246614781        0.10459531650767
C           -1.38783677926497       -2.16094552322008        0.12227757718059
C            0.00507266958888       -2.07519745469617        0.66163425052358
C            0.30653390633920       -0.57633473936568        0.68641995218477
C           -0.57020107612063        0.02012290156859       -0.42237372191769
C            0.08548642942312       -0.10782026325507       -1.80649503888206
C            1.40200185458769        0.61907333273438       -1.86075995843412
C            2.56665027955675       -0.00763516060597       -1.97637283058121
O            1.20389848290868        1.96358304563841       -1.76470207641110
C            2.33863320484617        2.80859924067783       -1.68207801848212
C            3.00105409439236        2.71404257646167       -0.33908773816835
C            4.29485239968293        2.62617902961573       -0.05303547215491
C            5.40564013098238        2.59812272429793       -1.05584915802143
C            4.73584197649085        2.53549451226597        1.38571589302458
C            4.78339409916589        1.07875729828976        1.88138893567272
C            5.89640375450468        0.29972679731936        1.25605761942391
C            5.80239507566511       -0.89270172631453        0.67955797855034
C            7.00335855462434       -1.58011205295187        0.10083022080230
C            4.51298403625277       -1.65739530519775        0.56770647760739
C           -1.85731481912575       -0.81527685010889       -0.36189047976375
C           -2.91597210473160       -0.24281856665435        0.59573572703042
C           -3.66439931201261        0.93853737593857       -0.01656671444661
C           -4.66900284353910        1.54139242817211        0.96222754431871
C           -5.41828658548191        2.72653146971150        0.35724305851001
C           -6.39489662173449        3.34648879731529        1.34875327867914
H           -6.45651543492922       -1.74123195355668       -0.03828433411187
H           -7.20908368535665       -2.47122266781963        1.46253278736985
H           -6.37679904586512       -4.67865831332567        0.82264050700539
H           -5.37065491409299       -3.19145302424619       -1.67314905943765
H           -5.74968408497564       -4.94094277215435       -1.55924126830754
H            0.68143018775478       -2.60528436802442       -0.01106847257257
H            0.08234481844976       -2.55045253465664        1.63828769418928
H            0.01911783638429       -0.15453959871817        1.65077662421111
H            1.36183760183547       -0.36386612859970        0.52450336071819
H           -0.76386253325120        1.07818060695933       -0.23707082120493
H           -0.58543682245723        0.33186445002604       -2.54810654879620
H            0.23917939119575       -1.15786249542946       -2.05271514575108
H            2.58930673909307       -1.07691535239773       -2.07650782439458
H            3.51657441160760        0.49193149026180       -1.98880869865845
H            1.92986216264168        3.81720565701203       -1.81743325123354
H            3.02494033429926        2.60030847658237       -2.50933140662813
H            2.28639549087256        2.72238701522062        0.47504613240652
H            6.01895416001726        1.71294606059753       -0.88877773920362
H            5.04606753105746        2.59112583180130       -2.08025814834096
H            6.04116987224511        3.47395368452316       -0.92562077324511
H            4.03757203170645        3.08977868781965        2.01576684063597
H            5.72523285568399        2.98253930576945        1.49830973297871
H            3.82092811852988        0.60595204659390        1.68857242851055
H            4.93772071069165        1.09508685304470        2.96538444461616
H            6.86662429469005        0.77840113928870        1.31866651690504
H            7.90582597202541       -0.99046575983357        0.24298645181127
H            7.14393369522788       -2.55203534942469        0.57304166105323
H            6.86123276770182       -1.74869263660667       -0.96694171749168
H            4.63349870973381       -2.51188256617717       -0.09318864444347
H            3.71849187041000       -1.02725822660228        0.17288912154740
H            4.19984610968367       -2.02448336188809        1.54515482480618
H           -2.32145661948448       -0.92341648653427       -1.34751747582717
H           -2.43394889819065        0.06733274302338        1.52497881664685
H           -3.63466902936803       -1.02818835567982        0.83989837537492
H           -4.19053693247456        0.60415089978505       -0.91407133268430
H           -2.95400155823841        1.71010021431745       -0.32072936226577
H           -5.38667799338511        0.77466001944225        1.26399744149362
H           -4.14304368219300        1.87120804572812        1.86149152012741
H           -4.69724260977247        3.48278627453543        0.03814104688056
H           -5.96296824367241        2.39541284028011       -0.53004170277479
H           -6.91162846266585        4.19192738413669        0.90040390085632
H           -7.13814346532067        2.61599577237689        1.66088005270389
H           -5.86818942762573        3.69691285433625        2.23391370623242
74
 energy: -94.781794209369 gnorm: 0.001843445602 xtb: 6.7.1 (edcfbbe)
C           -6.63724753854279       -2.61403398604180        0.55748099998788
C           -6.19734283950649       -3.80640824325787        0.20577596473584
C           -5.37765621783111       -4.07015869697061       -1.02177851048204
C           -3.95877623899940       -4.36044659405600       -0.55346220973111
O           -3.51430803980687       -5.43814662050964       -0.29256495995673
O           -3.31217239249098       -3.18755985848436       -0.44854390628104
N           -2.00812999452516       -3.26040157687120        0.10462281961487
C           -1.38831130374576       -2.16126286339387        0.11962131952521
C            0.00464900701853       -2.07548067273780        0.65884376386009
C            0.30596376416411       -0.57656700623689        0.68382800494731
C           -0.57042196182728        0.01961359301339       -0.42535127943992
C            0.08571921460993       -0.10800918127884       -1.80902927467590
C            1.40187510711678        0.61936642692879       -1.86173915159028
C            2.56696802212322       -0.00672727337812       -1.97521773193205
O            1.20366666529901        1.96366772923045       -1.76577266334605
C            2.33823657672228        2.80878484240898       -1.68088695381577
C            3.00021092836895        2.71309736445933       -0.33767976208402
C            4.29419218461545        2.62680744814074       -0.05213610955466
C            5.40437414161651        2.59952528199215       -1.05554217643067
C            4.73631492499742        2.53619933243881        1.38644313699017
C            4.78515975012701        1.07987113121096        1.88203763083330
C            5.89720878008359        0.30006536298455        1.25549001509862
C            5.80261915795221       -0.89260917474005        0.67979035899598
C            7.00344840913527       -1.58137925599667        0.10230849643009
C            4.51317832968612       -1.65711816711783        0.56695640583865
C           -1.85746338778394       -0.81610963198958       -0.36487052323872
C           -2.91472434851691       -0.24336383817491        0.59450767859180
C           -3.66244414580270        0.93949325194679       -0.01574907843534
C           -4.66743953798243        1.54087697468177        0.96345343396414
C           -5.41771662780426        2.72498612786459        0.35811959073866
C           -6.39648052456468        3.34348041250158        1.34860078038570
H           -6.45272706220876       -1.74043256291309       -0.04534700067934
H           -7.20849346924669       -2.46378780280441        1.45607707875524
H           -6.38425219743258       -4.67161397169092        0.82564770474566
H           -5.37177233052135       -3.19772154632366       -1.67325757233615
H           -5.75211296921762       -4.94528208336840       -1.55135571385270
H            0.68099422566654       -2.60504566731049       -0.01409031391939
H            0.08171490983162       -2.55113481744607        1.63519663262285
H            0.01812391042788       -0.15477931111119        1.64787205833585
H            1.36121467077675       -0.36397136003603        0.52203461345826
H           -0.76457194459289        1.07753736970373       -0.24016406526661
H           -0.58497354104938        0.33129878574125       -2.55100040475644
H            0.24006933664893       -1.15796238421290       -2.05537907295622
H            2.59019602816763       -1.07584751000190       -2.07541024833307
H            3.51686849983508        0.49301741534374       -1.98618738296665
H            1.92916341176034        3.81755045245769       -1.81509231264142
H            3.02488727827919        2.60177885328785       -2.50821287364907
H            2.28531480181699        2.72049759883388        0.47624321165521
H            6.01664502369686        1.71316735015221       -0.89052124078674
H            5.04412348822910        2.59491335386283       -2.07974674560962
H            6.04118150063275        3.47425017909080       -0.92424281348519
H            4.03819960381663        3.09030460971518        2.01684394798236
H            5.72536071517832        2.98421144132917        1.49811891117120
H            3.82229311387643        0.60667965683925        1.69146407556608
H            4.94196470412873        1.09616032503274        2.96588410805115
H            6.86778614837721        0.77795296307938        1.31766965571022
H            7.90654069978271       -0.99288811204147        0.24446997109408
H            7.14249230407242       -2.55313692868918        0.57558470214595
H            6.86202559203944       -1.75123125184866       -0.96548639812567
H            4.63497156104019       -2.51210263588003       -0.09293775902138
H            3.72001638578356       -1.02714628426020        0.17017784941476
H            4.19829855356989       -2.02321732513055        1.54367138444527
H           -2.32237526866448       -0.92314646522373       -1.35025493019573
H           -2.43093608887621        0.06548165359802        1.52340546755475
H           -3.63403512926142       -1.02816524458292        0.83907966616491
H           -4.18790574633163        0.60739674807355       -0.91477080983902
H           -2.95143598658383        1.71180089211877       -0.31767491808283
H           -5.38418206827263        0.77351105334593        1.26540093163509
H           -4.14162260937267        1.87121358662656        1.86247298508654
H           -4.69730518510978        3.48224462883393        0.04011433430479
H           -5.96070047862448        2.39323424222437       -0.52993140921303
H           -6.91507799714899        4.18694298192456        0.89897877644599
H           -7.13804158406020        2.61145484290488        1.66091010859957
H           -5.87107467482074        3.69595964221880        2.23355152404228
74
 energy: -94.781818206581 gnorm: 0.001805802759 xtb: 6.7.1 (edcfbbe)
C           -6.63526413172622       -2.60509429292286        0.55326329515971
C           -6.20094406689525       -3.80204675986100        0.20703648071867
C           -5.38029271041150       -4.07507846718709       -1.01765687402777
C           -3.96207270264567       -4.36185745971369       -0.54422262537066
O           -3.51824423363217       -5.43750462550914       -0.27438724025236
O           -3.31423511711486       -3.18842993115038       -0.44876026221853
N           -2.00985116342492       -3.26054534227977        0.10313908631398
C           -1.38907313820542       -2.16185335415305        0.11562351598376
C            0.00399190195335       -2.07621974165482        0.65463759768507
C            0.30521893818547       -0.57729815548472        0.68010751182057
C           -0.57072093919606        0.01880315014535       -0.42949598007878
C            0.08627909995135       -0.10822394614910       -1.81273059231599
C            1.40200015671277        0.61993059986552       -1.86359846551499
C            2.56775758593319       -0.00548831912042       -1.97475766905973
O            1.20316578810972        1.96403023119938       -1.76690074675784
C            2.33737259948449        2.80937812105875       -1.67927273632141
C            2.99912759404066        2.71182461390551       -0.33601941705591
C            4.29339923900765        2.62736678685967       -0.05115032488017
C            5.40296242225022        2.60155402596472       -1.05522575649534
C            4.73692854102208        2.53670029216361        1.38711479877420
C            4.78754841147515        1.08073795577886        1.88285991353116
C            5.89867868086340        0.30043478598318        1.25501323020108
C            5.80333686689186       -0.89254356345682        0.68008436029753
C            7.00404906093733       -1.58314440445704        0.10449051172515
C            4.51337475240894       -1.65622791622377        0.56619328282305
C           -1.85781636430406       -0.81690951211857       -0.36896129949687
C           -2.91325543225749       -0.24407783239798        0.59255156111173
C           -3.65952301618803        0.94101751022012       -0.01469212082885
C           -4.66523229390209        1.54025194579691        0.96499640887748
C           -5.41726751803764        2.72309463784044        0.35946156195769
C           -6.39918020060726        3.33894898782171        1.34849769386865
H           -6.44424367398069       -1.73549095316112       -0.05358975211810
H           -7.20751202482989       -2.44884215348752        1.45023676885637
H           -6.39335490796067       -4.66286286828719        0.83157082636245
H           -5.37268556352453       -3.20701527154557       -1.67512803779212
H           -5.75324739832670       -4.95427811586863       -1.54151510941382
H            0.68018874235518       -2.60498528335168       -0.01905129175887
H            0.08143674257968       -2.55260549317893        1.63058504523392
H            0.01695297665530       -0.15563227173481        1.64402833689642
H            1.36052720580224       -0.36471989098410        0.51870704257091
H           -0.76523105411811        1.07666351638556       -0.24440290176804
H           -0.58401250753703        0.33099557752523       -2.55510967799073
H            0.24144477535960       -1.15798495534364       -2.05950004003562
H            2.59179312730745       -1.07467023875815       -2.07459898020951
H            3.51749778302051        0.49460230134357       -1.98285598200089
H            1.92788686951235        3.81824164014398       -1.81162623295492
H            3.02441444019842        2.60431480252167       -2.50673752947248
H            2.28415777328003        2.71758659839168        0.47782041285601
H            6.01370246918790        1.71353718802085       -0.89320868224103
H            5.04221503081236        2.60072864598571       -2.07926773882212
H            6.04148754724079        3.47464255269750       -0.92156976295671
H            4.03889246023336        3.09025098516311        2.01815976360286
H            5.72560988532275        2.98584987248669        1.49780013909735
H            3.82442922141497        0.60691940390893        1.69494710365380
H            4.94709919214589        1.09748243751568        2.96637851761775
H            6.86966074648271        0.77759195187152        1.31673144046054
H            7.90780914028991       -0.99578738949522        0.24687444711052
H            7.14115118240393       -2.55452998897120        0.57924316622335
H            6.86352530763052       -1.75434189064007       -0.96322417654940
H            4.63612293890225       -2.51215900474886       -0.09237715699053
H            3.72162297810390       -1.02609083015163        0.16682670841138
H            4.19633076045783       -2.02083426015953        1.54273172413503
H           -2.32383559880148       -0.92268046563748       -1.35389931517119
H           -2.42761476493454        0.06244521965140        1.52124391512971
H           -3.63353921678318       -1.02799949528413        0.83693959549695
H           -4.18408794350759        0.61207244901066       -0.91539812679406
H           -2.94777788956285        1.71389732245944       -0.31354576277713
H           -5.38065040185210        0.77160820912730        1.26682835286579
H           -4.13973475784060        1.87122127194708        1.86397609152015
H           -4.69811026336282        3.48222064517356        0.04303788567647
H           -5.95806180701123        2.39056236596013       -0.52963075930186
H           -6.92064163757868        4.17983138718267        0.89734258265141
H           -7.13808710891049        2.60427956208176        1.66096438509921
H           -5.87574938701128        3.69443489350058        2.23338588823253
74
 energy: -94.781862380386 gnorm: 0.002695527919 xtb: 6.7.1 (edcfbbe)
C           -6.62878921699444       -2.57972094300545        0.54146164877793
C           -6.21053115464123       -3.78842878397522        0.21153004541763
C           -5.38638262019695       -4.08838508096656       -1.00540489014943
C           -3.96960968038064       -4.36719556175290       -0.52264618011732
O           -3.52970447357688       -5.43694556774684       -0.22371468186782
O           -3.31848044105554       -3.19303053685287       -0.45183794991947
N           -2.01410344054344       -3.26121314911179        0.10000295246294
C           -1.39157105193982       -2.16364189182544        0.10659412467134
C            0.00270354890837       -2.07916449590658        0.64275149318254
C            0.30400403044157       -0.58032541291289        0.67017940382766
C           -0.57112900008683        0.01641790810296       -0.43971278461837
C            0.08784542855887       -0.10894160542726       -1.82219665296514
C            1.40278283189001        0.62112701171256       -1.86702295559967
C            2.57006219598051       -0.00242438276200       -1.97387668760987
O            1.20178968187650        1.96484404867019       -1.76858187062102
C            2.33486068837999        2.81102390489804       -1.67538416337017
C            2.99675111817022        2.70896809449928       -0.33236737786186
C            4.29168414930892        2.62851672725068       -0.04907504140932
C            5.40014164359750        2.60700098038601       -1.05449232408429
C            4.73815570600649        2.53731480780551        1.38831565550379
C            4.79332346874932        1.08189443043897        1.88469394487109
C            5.90303043077438        0.30106487508775        1.25485774621506
C            5.80598005073279       -0.89241404010639        0.68118424595694
C            7.00631115676965       -1.58751083848033        0.11011090105828
C            4.51422003410658       -1.65309405380023        0.56504627134386
C           -1.85869224377531       -0.81846386370226       -0.37860918348092
C           -2.90989909970228       -0.24526726443709        0.58741266323399
C           -3.65178488835683        0.94586903892587       -0.01249627141969
C           -4.65966814311484        1.53921775672323        0.96847821867189
C           -5.41698701853608        2.71873916921139        0.36301129711519
C           -6.40740787028105        3.32615585867269        1.34875066823442
H           -6.42174475717627       -1.72076659237921       -0.07655478101917
H           -7.20326640876358       -2.40427429471410        1.43494085864607
H           -6.41909574103869       -4.63855416080920        0.84720003654988
H           -5.37544811001678       -3.23361920433832       -1.68144525349711
H           -5.75755759673529       -4.97912711169623       -1.51236682464676
H            0.67764309290519       -2.60606815647443       -0.03382916718331
H            0.08233544258785       -2.55774881322437        1.61743632415725
H            0.01501681617191       -0.15934823493170        1.63423879664040
H            1.35948905941988       -0.36779990242664        0.50984696928151
H           -0.76557313176860        1.07431554615643       -0.25461269015913
H           -0.58122478931424        0.33085547058197       -2.56542207692988
H            0.24484250540511       -1.15807633073193       -2.07045597778533
H            2.59601097231090       -1.07150874917382       -2.07612821717425
H            3.51894188737422        0.49925344500662       -1.97789736268659
H            1.92418362254093        3.81999294625852       -1.80289430725919
H            3.02262916243919        2.61083588443298       -2.50339873585030
H            2.28207125786021        2.71014969886790        0.48170115879809
H            6.00667164108915        1.71447191727298       -0.90075679679013
H            5.03876244941095        2.61713357734277       -2.07828672197806
H            6.04315814534764        3.47557708624986       -0.91325723466000
H            4.04013512130292        3.08915390236198        2.02100528017648
H            5.72600853755069        2.98890714667869        1.49709098766225
H            3.83012166252767        0.60631523103198        1.70209596720975
H            4.95816226899010        1.10044143303467        2.96740020899647
H            6.87485190484159        0.77665798605846        1.31642056809668
H            7.91136275760670       -1.00236271609573        0.25346664295937
H            7.13911756986620       -2.55771037413299        0.58857409665012
H            6.86832560684731       -1.76175051145227       -0.95734912230900
H            4.63755675042642       -2.51177153021781       -0.09001609035460
H            3.72587394206398       -1.02202835454215        0.15974544984116
H            4.19171816320320       -2.01342893119947        1.54168756775599
H           -2.32742252726138       -0.92210332150433       -1.36234728423035
H           -2.42086041245811        0.05424611151924        1.51654462955379
H           -3.63310522491783       -1.02709248580333        0.82945189301060
H           -4.17414455382968        0.62510224209876       -0.91731536493405
H           -2.93801389718573        1.71985878703684       -0.30300492852923
H           -5.37160250931419        0.76686413178417        1.26940603325369
H           -4.13565678825227        1.87162798450919        1.86790633460914
H           -4.70149772512441        3.48325311516359        0.05102923559779
H           -5.95185615530398        2.38424615247419       -0.52898896479919
H           -6.93699396599865        4.16033153882135        0.89431470630256
H           -7.13898468657309        2.58402715218203        1.66122370702442
H           -5.88984718018266        3.68953414934063        2.23400000736870
74
 energy: -94.781884537489 gnorm: 0.002407098943 xtb: 6.7.1 (edcfbbe)
C           -6.62521352837565       -2.56480425284809        0.53366609710958
C           -6.21635891809983       -3.77953411822958        0.21425797192810
C           -5.38971603244503       -4.09539236740087       -0.99734620458994
C           -3.97498916589418       -4.37000320274751       -0.50693736007587
O           -3.53722527707161       -5.43655351272653       -0.19449089417066
O           -3.32057443503286       -3.19649578841221       -0.45248118861841
N           -2.01472803763180       -3.26253386460547        0.09610673241713
C           -1.39216304982065       -2.16516582780662        0.10082416672877
C            0.00260493975822       -2.08139077254788        0.63587831207661
C            0.30401974375074       -0.58270506758024        0.66491257542700
C           -0.57084316385095        0.01487089514960       -0.44469428475756
C            0.08886094911991       -0.10919954702412       -1.82703000282637
C            1.40339423063841        0.62182409593441       -1.87002840980279
C            2.57132840699497       -0.00059964643968       -1.97608918452305
O            1.20122581545055        1.96524758749476       -1.76894782010757
C            2.33358079455149        2.81198557403437       -1.67334416123792
C            2.99599029906400        2.70761585659206       -0.33069166288603
C            4.29119600343619        2.62887101710571       -0.04807933712285
C            5.39930435302830        2.60994349595969       -1.05398200225319
C            4.73877705188817        2.53733362247783        1.38887937637399
C            4.79595527324821        1.08202335778830        1.88564126811084
C            5.90549127229172        0.30127021230401        1.25553224184583
C            5.80767929045179       -0.89227951339971        0.68208910872214
C            7.00772809043448       -1.58945408004902        0.11295952911046
C            4.51487855342508       -1.65106759612903        0.56518437203942
C           -1.85880001822576       -0.81931064905138       -0.38365733228487
C           -2.90856429602092       -0.24618371407347        0.58400855168067
C           -3.64778809637557        0.94859333791312       -0.01188333783931
C           -4.65710294787090        1.53863589168935        0.96967910152485
C           -5.41761234778961        2.71652705683809        0.36493967218858
C           -6.41260373148503        3.31835338554301        1.34941015099351
H           -6.40768688360968       -1.71171800663188       -0.08919160150969
H           -7.20075348185524       -2.37711511460719        1.42442179941899
H           -6.43319794173065       -4.62327087991955        0.85595063095588
H           -5.37651675650061       -3.24882681161026       -1.68391645907659
H           -5.76093624691279       -4.99193244130980       -1.49451891633400
H            0.67652584230991       -2.60709156912957       -0.04269348163937
H            0.08377628704941       -2.56163988136789        1.60963095869922
H            0.01459202687854       -0.16265214997975        1.62927856681854
H            1.35958724313628       -0.37007397690404        0.50528519884665
H           -0.76488351779754        1.07276929016332       -0.25915309227241
H           -0.57977331583981        0.33118335243119       -2.57027900439693
H            0.24653831238089       -1.15793643375882       -2.07635377932612
H            2.59838557476129       -1.06963707926899       -2.07874203317687
H            3.51973720156428        0.50199227268137       -1.97674552093515
H            1.92206999566717        3.82093567825099       -1.79818120714061
H            3.02147950750246        2.61450023384441       -2.50189837764595
H            2.28171135187901        2.70648684447936        0.48372228429648
H            6.00351775316518        1.71497698717924       -0.90501317120229
H            5.03782199308981        2.62651564509280       -2.07764718694348
H            6.04469937221463        3.47597084460074       -0.90812653937344
H            4.04064890752060        3.08821040088100        2.02229301774709
H            5.72623719972474        2.98992790723879        1.49706895760304
H            3.83297192779813        0.60555396531712        1.70466553675192
H            4.96227361515385        1.10166264993389        2.96805825848959
H            6.87759980408649        0.77623576104852        1.31752446664598
H            7.91327636078155       -1.00511062729117        0.25666037195461
H            7.13886767068779       -2.55903103730964        0.59310041034444
H            6.87084879154471       -1.76510924904783       -0.95434053855367
H            4.63772057244128       -2.51130696743947       -0.08791468376062
H            3.72829567133287       -1.01939346167397        0.15718934388440
H            4.18984155839158       -2.00887974433742        1.54202315505579
H           -2.32850145177100       -0.92202962301185       -1.36698647070007
H           -2.41882710868704        0.04918402777835        1.51406939746182
H           -3.63371697047059       -1.02695219390044        0.82367088168583
H           -4.16892851273131        0.63233838920617       -0.91893770332134
H           -2.93282038409197        1.72310343148657       -0.29770427658627
H           -5.36710332645286        0.76412683364729        1.26975346089756
H           -4.13413761738117        1.87154142084332        1.86954899617501
H           -4.70445307414675        3.48432388418480        0.05564307087203
H           -5.94934669723915        2.38140197156714       -0.52871134064472
H           -6.94683359546391        4.14909692675187        0.89404010274075
H           -7.13999459412264        2.57189466769016        1.66142122013072
H           -5.89834508585594        3.68535199647925        2.23511107469929
74
 energy: -94.781911277644 gnorm: 0.002016553276 xtb: 6.7.1 (edcfbbe)
C           -6.61994401874220       -2.54472388917454        0.52374003912794
C           -6.22240889172399       -3.76671471104488        0.21860193031917
C           -5.39357038133176       -4.10337868033589       -0.98644208552867
C           -3.98077449661159       -4.37362974980678       -0.48956829717048
O           -3.54728751991266       -5.43590636057459       -0.15726900116329
O           -3.32210623355236       -3.20167314258770       -0.45475092428192
N           -2.01530400098245       -3.26454630681888        0.09208938699522
C           -1.39295863759883       -2.16725430717822        0.09483381939301
C            0.00304277547078       -2.08487108021869        0.62715824313349
C            0.30462768122954       -0.58641624137878        0.65879239934722
C           -0.57020896282049        0.01281432690002       -0.44985456698330
C            0.08996505563434       -0.10939914213166       -1.83224755242899
C            1.40421020615102        0.62250575455786       -1.87306294917857
C            2.57276449884541        0.00145361298981       -1.97996662018661
O            1.20082754227463        1.96558121708623       -1.76840529870992
C            2.33233416428668        2.81306996020744       -1.67102722829948
C            2.99571869644925        2.70650641223183       -0.32898187364504
C            4.29116598173158        2.62926017085637       -0.04694820810133
C            5.39906313805678        2.61322986549605       -1.05320986165927
C            4.73952400626376        2.53717642882043        1.38962669316239
C            4.79837125872045        1.08186681505550        1.88679988360499
C            5.90830639545710        0.30149112671111        1.25712041414746
C            5.80987211117390       -0.89199214585546        0.68356443438760
C            7.00958718936800       -1.59105390393864        0.11615386416730
C            4.51590696402689       -1.64860804017645        0.56604729757938
C           -1.85875612286622       -0.82042384961252       -0.38906617839537
C           -2.90771038926940       -0.24741494002786        0.57946124871808
C           -3.64348910929854        0.95176676249836       -0.01204316049231
C           -4.65469677120651        1.53763834221031        0.97022036545510
C           -5.41916388195019        2.71388942240837        0.36711579845437
C           -6.41936706978083        3.30805624053303        1.35083601212945
H           -6.39047960546253       -1.69945097017936       -0.10556206890465
H           -7.19701237861804       -2.34101141892713        1.41033974715725
H           -6.44944374787177       -4.60221309693894        0.86749226967889
H           -5.37740676587558       -3.26790778844451       -1.68646969808462
H           -5.76643164955778       -5.00675920089410       -1.47013612958801
H            0.67527078617131       -2.60904202876882       -0.05435048198337
H            0.08657882699164       -2.56744851933977        1.59955324796432
H            0.01496091647472       -0.16803538179222        1.62385956410777
H            1.36023057164945       -0.37353015944223        0.49980032118495
H           -0.76340564382235        1.07068091869699       -0.26322612074804
H           -0.57830867931360        0.33198523310254       -2.57520622235844
H            0.24823751435821       -1.15762820852937       -2.08312066059172
H            2.60105230040962       -1.06731682007474       -2.08489624798423
H            3.52047524634045        0.50534172353304       -1.97866855156835
H            1.91971969009429        3.82191331339344       -1.79301897025560
H            3.02012114427389        2.61847958343448       -2.50036398848122
H            2.28205781953558        2.70290442041418        0.48597572058543
H            6.00045929980106        1.71540124323112       -0.90999656536399
H            5.03758599966657        2.63764800524629       -2.07668355565377
H            6.04730764729001        3.47610822917476       -0.90168680707859
H            4.04120852107283        3.08705776346979        2.02366279559895
H            5.72663522129102        2.99053246785282        1.49757550887830
H            3.83582566116004        0.60452864710520        1.70640412933267
H            4.96498836686556        1.10261886736013        2.96907675754683
H            6.88054271741377        0.77605346016886        1.31992845333737
H            7.91551705938834       -1.00724112255986        0.25990073665831
H            7.13950483142538       -2.55997397722891        0.59787712287781
H            6.87352657024649       -1.76814739252297       -0.95093967063217
H            4.63789193528793       -2.51073058572353       -0.08468384710686
H            3.73126607811982       -1.01629892981647        0.15513745796793
H            4.18831568191786       -2.00330784706175        1.54325164967923
H           -2.32894797347607       -0.92252608232271       -1.37221825816482
H           -2.41828333236058        0.04281842788366        1.51126639301483
H           -3.63539775681077       -1.02707059106616        0.81523541025870
H           -4.16298321465716        0.64093259247821       -0.92185964564139
H           -2.92696093338859        1.72680758202753       -0.29208708951604
H           -5.36242667015319        0.76045717468389        1.26884688845512
H           -4.13310887659327        1.87075195768942        1.87081037124506
H           -4.70905249096639        3.48594475796832        0.06143026901077
H           -5.94737207482213        2.37868978424229       -0.52859656516664
H           -6.95909206512166        4.13519475884081        0.89539339862021
H           -7.14175152858097        2.55622611925904        1.66159665335472
H           -5.90895619734216        3.67826312270691        2.23740007727717
74
 energy: -94.781942188083 gnorm: 0.001607464808 xtb: 6.7.1 (edcfbbe)
C           -6.61325747961384       -2.52030859165058        0.51218669423713
C           -6.22783315284261       -3.74983792194566        0.22442014602547
C           -5.39752004469267       -4.11039256803861       -0.97321143916182
C           -3.98679927660533       -4.37710870351017       -0.47020451812698
O           -3.55921997528923       -5.43451877805373       -0.11533438474621
O           -3.32254826767961       -3.20803761007457       -0.45775434870476
N           -2.01483843333865       -3.26749172393889        0.08753406794838
C           -1.39320580463381       -2.17000606607451        0.08885150701782
C            0.00440869412530       -2.08952722321020        0.61763030854347
C            0.30612982956134       -0.59136331644155        0.65292690006036
C           -0.56907329320017        0.01039458476985       -0.45397539019150
C            0.09101929415118       -0.10930108124458       -1.83674132481078
C            1.40517872540512        0.62313679144844       -1.87588848859408
C            2.57407847583779        0.00341870934207       -1.98624251850967
O            1.20097900416465        1.96582520214241       -1.76655804552365
C            2.33170279457611        2.81413588414122       -1.66877205726093
C            2.99638861271904        2.70613914224000       -0.32748768612665
C            4.29195565637606        2.62972744096632       -0.04570114134276
C            5.39988916479211        2.61616053938731       -1.05204252164588
C            4.74029754399281        2.53698290118393        1.39071966961422
C            4.79963910241871        1.08149557548289        1.88805602080415
C            5.91069841764354        0.30181568194577        1.25972082330493
C            5.81212593657323       -0.89142535058215        0.68561015301320
C            7.01155707888121       -1.59142186704700        0.11896605582726
C            4.51723629107334       -1.64628912395874        0.56774638720731
C           -1.85827452267643       -0.82197856091258       -0.39409502474749
C           -2.90778256855406       -0.24936542591270        0.57390598969425
C           -3.63981214054228        0.95431461192196       -0.01365583360822
C           -4.65324335548551        1.53559927574062        0.96927029042557
C           -5.42188005339518        2.71070884852691        0.36907674363275
C           -6.42700701985128        3.29567266410977        1.35325765709270
H           -6.37262443353750       -1.68477797044325       -0.12567104304058
H           -7.19155807493861       -2.29808819313280        1.39367354274061
H           -6.46575629649804       -4.57549510562120        0.88161134371761
H           -5.37751182102069       -3.28787052347739       -1.68807869712709
H           -5.77373603224078       -5.02064348737721       -1.44108915480919
H            0.67442631175506       -2.61179377141896       -0.06757294747816
H            0.09081384913316       -2.57516626044298        1.58823673393425
H            0.01646135894891       -0.17552331865369        1.61913594336540
H            1.36169379894050       -0.37798794658433        0.49439109805528
H           -0.76121782639677        1.06809128451738       -0.26530617038907
H           -0.57719910788382        0.33346497929334       -2.57891386149733
H            0.24957887451353       -1.15696787667349       -2.08961571438573
H            2.60345869944979       -1.06487992447127       -2.09519018251895
H            3.52104882157538        0.50868782432050       -1.98485430107525
H            1.91787976804124        3.82277000561814       -1.78843887002926
H            3.01903355894235        2.62192999124378       -2.49905207932577
H            2.28343652580667        2.70061961985313        0.48810908319318
H            5.99828593563488        1.71545331573649       -0.91456680107483
H            5.03853422990354        2.64852310598808       -2.07527454756468
H            6.05110998556108        3.47570607469235       -0.89479363946617
H            4.04178111304932        3.08627985708714        2.02497769247291
H            5.72728906709431        2.99040665028485        1.49900354587606
H            3.83769512312099        0.60364809066188        1.70636831192271
H            4.96464768542317        1.10282597602471        2.97049014791445
H            6.88277405609716        0.77644891567947        1.32371839606490
H            7.91752397263587       -1.00747952665377        0.26218927863993
H            7.14144977713968       -2.55977329095801        0.60174838244538
H            6.87557858733223       -1.76965885922741       -0.94790679026382
H            4.63839486562188       -2.51038837715519       -0.08043143372193
H            3.73429581373363       -1.01370264568481        0.15395894363653
H            4.18748280871759       -1.99768551508267        1.54544256919238
H           -2.32791181187490       -0.92378017409923       -1.37759182195833
H           -2.42022618908402        0.03545424106595        1.50835126372678
H           -3.63823652311332       -1.02813389847342        0.80433615072072
H           -4.15729200457399        0.64909791853808       -0.92648719086928
H           -2.92158811396527        1.72989469189232       -0.28745485092707
H           -5.35877399080168        0.75557706231244        1.26570983960969
H           -4.13327233697901        1.86825042909768        1.87094522032821
H           -4.71509572489020        3.48749338297078        0.06777625600107
H           -5.94677654993762        2.37650030363071       -0.52894134983812
H           -6.97207755335976        4.12008534204051        0.89937960639700
H           -7.14448358627770        2.53816356979744        1.66150852938070
H           -5.92032584474626        3.66727009256249        2.24131669949568
74
 energy: -94.781983103227 gnorm: 0.002282074410 xtb: 6.7.1 (edcfbbe)
C           -6.60239550765063       -2.48032734027942        0.49411557253595
C           -6.23349480159967       -3.72031495670785        0.23441060743135
C           -5.40325452987520       -4.11708647185839       -0.95235570036422
C           -3.99513240043247       -4.38058304984976       -0.44165957956624
O           -3.57765916217636       -5.43064286684546       -0.05353816936224
O           -3.32142687891779       -3.21739150713378       -0.46251257439920
N           -2.01278967000986       -3.27270451854946        0.08119545604968
C           -1.39232945461754       -2.17473146886480        0.08112664208872
C            0.00772831909435       -2.09726862752050        0.60449653872463
C            0.30940902976250       -0.59951463906758        0.64617372026156
C           -0.56682112597345        0.00672351803346       -0.45740751636521
C            0.09236154926106       -0.10842078480058       -1.84106603438509
C            1.40663342117805        0.62412919447013       -1.87975875523457
C            2.57542760459715        0.00581350546695       -1.99853111975123
O            1.20232158310670        1.96620416275148       -1.76237181864262
C            2.33233566776236        2.81552060182551       -1.66598352040232
C            2.99876085857133        2.70708637756320       -0.32567072715503
C            4.29428043203900        2.63076204018151       -0.04362943806436
C            5.40260714320450        2.61894244479590       -1.04962993123604
C            4.74135280647450        2.53706429872739        1.39304590408979
C            4.79892651491184        1.08110329005186        1.88987913792652
C            5.91227231815678        0.30266591178001        1.26424173457767
C            5.81455303750083       -0.89005867723037        0.68889660083560
C            7.01402201208531       -1.58934112685117        0.12176790770201
C            4.51926346853081       -1.64408787498461        0.57058754567447
C           -1.85671676039279       -0.82515563394092       -0.40008383472554
C           -2.90922992717529       -0.25381626676979        0.56518279257895
C           -3.63637079733735        0.95536200901257       -0.01816857144761
C           -4.65327711648777        1.52996586473963        0.96543565955210
C           -5.42705700196223        2.70474728488008        0.37107636127768
C           -6.43783163799875        3.27586918967278        1.35775171281107
H           -6.34817984063796       -1.66123770947658       -0.15925929996349
H           -7.18140405099282       -2.23042936122777        1.36754123869699
H           -6.48557330561994       -4.52958647745123        0.90598885641784
H           -5.37662203561403       -3.31412236591458       -1.68842654470706
H           -5.78612225200668       -5.03623397779722       -1.39630005270557
H            0.67444110576684       -2.61623332109796       -0.08645345803506
H            0.09830040449724       -2.58805954871956        1.57208966191073
H            0.02008533549281       -0.18827102062707        1.61448178951771
H            1.36478760122953       -0.38508624055152        0.48789405687111
H           -0.75781112949423        1.06384634929696       -0.26449850279878
H           -0.57643679647582        0.33659022798022       -2.58135410426224
H            0.25075540075312       -1.15529172755502       -2.09725336481928
H            2.60580525020846       -1.06168495776932       -2.11403140476768
H            3.52171498136580        0.51247761694005       -1.99853179774500
H            1.91705456903955        3.82379312532962       -1.78392620203731
H            3.01866451973461        2.62513367016370       -2.49751520738041
H            2.28656761151129        2.70047262241006        0.49063956084937
H            5.99681595551727        1.71454731207316       -0.91873913836168
H            5.04152033773467        2.66074187660872       -2.07251322979487
H            6.05790330469817        3.47405961983036       -0.88577013620100
H            4.04271966324698        3.08661428789734        2.02686161831096
H            5.72867402234978        2.98930682307285        1.50260885024553
H            3.83778752350134        0.60344908073116        1.70366443889008
H            4.95921394324802        1.10174567755421        2.97300193152151
H            6.88370474771760        0.77817256673497        1.33010337380124
H            7.91937578199639       -1.00402246487970        0.26338472574515
H            7.14597193238821       -2.55713374799444        0.60506504909105
H            6.87699010362144       -1.76859217971944       -0.94482261297146
H            4.64054317164475       -2.51094602658666       -0.07373608129093
H            3.73805443121802       -1.01226643955098        0.15239914182532
H            4.18688146406992       -1.99093090163002        1.54894002769526
H           -2.32385786376748       -0.92671347694522       -1.38493578735974
H           -2.42623814139471        0.02419864850687        1.50408831280235
H           -3.64319812862964       -1.03192954693108        0.78705825202912
H           -4.15053698876622        0.65729412638686       -0.93523966553173
H           -2.91600892215332        1.73187636841826       -0.28341708869580
H           -5.35626088666275        0.74609043842376        1.25766809611913
H           -4.13570430782363        1.86062977476780        1.86917077479896
H           -4.72464053801396        3.48808521895133        0.07678589914388
H           -5.94821029264516        2.37384267849884       -0.53032616602063
H           -6.98880536079705        4.09888693541185        0.90875821032049
H           -7.14979581437140        2.51093064110657        1.66022672171825
H           -5.93539550037280        3.64547192266421        2.24897447693089
74
 energy: -94.782009486037 gnorm: 0.001865040140 xtb: 6.7.1 (edcfbbe)
C           -6.59725964729526       -2.45969710503473        0.48530417691477
C           -6.23442643241519       -3.70401731825648        0.23952259730168
C           -5.40603545057494       -4.11718060290098       -0.94248270886121
C           -3.99870073158631       -4.38035713169437       -0.42891200156570
O           -3.58580954461322       -5.42694345417813       -0.02813144413324
O           -3.32028751238249       -3.22069365709004       -0.46376761946301
N           -2.01127654089022       -3.27536568604621        0.07892312471599
C           -1.39094864652410       -2.17727925828098        0.07823212719578
C            0.00988699753432       -2.10080147451978        0.59975719557325
C            0.31118101554597       -0.60313423546072        0.64445879248723
C           -0.56566035988163        0.00509840259697       -0.45757171910649
C            0.09287353950242       -0.10747861791608       -1.84168442755982
C            1.40729764606379        0.62479191321199       -1.88072096589344
C            2.57565354271238        0.00655977617698       -2.00416250940497
O            1.20361626389000        1.96658981655219       -1.76002105086874
C            2.33371526088115        2.81608654340394       -1.66513069872817
C            3.00032840977534        2.70856817375084       -0.32489421812841
C            4.29570774253712        2.63171915138964       -0.04240303595164
C            5.40436488661684        2.61896560200090       -1.04800586048835
C            4.74166390797676        2.53762301065996        1.39466337720438
C            4.79693112458944        1.08135258568112        1.89060574834759
C            5.91124632446689        0.30338182160063        1.26606906664929
C            5.81463039584059       -0.88910629238930        0.69011680927243
C            7.01467154977695       -1.58666159316998        0.12208969280003
C            4.51997459974986       -1.64422690598236        0.57121342543785
C           -1.85541228803213       -0.82744802021699       -0.40218736133017
C           -2.91014859710453       -0.25728478040666        0.56132043614426
C           -3.63620534925690        0.95308370646028       -0.02113671222665
C           -4.65473015460381        1.52479811289971        0.96251902541084
C           -5.42959031039947        2.70042555114838        0.37133241334227
C           -6.44174386244950        3.26613893595598        1.35976771413299
H           -6.33916711714582       -1.64959397382156       -0.17741177057657
H           -7.17518088271300       -2.19760008413527        1.35537215524178
H           -6.49072178953257       -4.50437883168870        0.91979994211844
H           -5.37603650434095       -3.32270696054707       -1.68705795087654
H           -5.79240681320823       -5.03937375274549       -1.37611769312005
H            0.67558562606612       -2.61790661023963       -0.09350731628818
H            0.10193348461191       -2.59401072773883        1.56593133183481
H            0.02209490375676       -0.19412287607938        1.61375674580160
H            1.36641658138686       -0.38802813735950        0.48612659685158
H           -0.75688392079572        1.06170588622388       -0.26223302458046
H           -0.57648082491543        0.33859460095960       -2.58085021398958
H            0.25099066452552       -1.15400498192783       -2.09954918264008
H            2.60583851416850       -1.06055769077170       -2.12293190706845
H            3.52201873981829        0.51316086372245       -2.00578448133488
H            1.91828719530980        3.82424277734536       -1.78372185809237
H            3.01965147581127        2.62507723988259       -2.49681767368359
H            2.28804471379627        2.70271086782902        0.49136379988489
H            5.99687157142286        1.71334273903790       -0.91814931159032
H            5.04348935152854        2.66269678437513       -2.07083522762531
H            6.06125861347000        3.47259216599220       -0.88300949601952
H            4.04323371421392        3.08806497581333        2.02792211691275
H            5.72948153414844        2.98856745442793        1.50509341750622
H            3.83591341750545        0.60448922645197        1.70141715990795
H            4.95450280818666        1.10051471861808        2.97418786619791
H            6.88223965856055        0.77965662380821        1.33250192974482
H            7.91928060274392       -0.99998024615019        0.26275468083740
H            7.14864159404667       -2.55433875961830        0.60511647841995
H            6.87677558316718       -1.76601113636722       -0.94442014418467
H            4.64292631236541       -2.51231945486386       -0.07110507628013
H            3.73910524588771       -1.01376361377529        0.15032164824356
H            4.18619523781545       -1.98917522219095        1.54969103128851
H           -2.32073687989132       -0.92868511067726       -1.38799855827400
H           -2.42952636651938        0.01900618999263        1.50194874560141
H           -3.64479486495573       -1.03561720161260        0.77998905224758
H           -4.14871923299257        0.65703547338221       -0.93977792134364
H           -2.91550285784092        1.73029757841273       -0.28339742391845
H           -5.35719949415892        0.73953862313157        1.25216443287312
H           -4.13820682468366        1.85362461059612        1.86751412780317
H           -4.72829988908698        3.48594038773081        0.08040407342033
H           -5.94980467283573        2.37209961448621       -0.53154867957210
H           -6.99335160971272        4.09056685092047        0.91423467621355
H           -7.15300516133508        2.49904263075752        1.65823510167917
H           -5.94025921715771        3.63209951849967        2.25305623402759
74
 energy: -94.782069393120 gnorm: 0.004805833436 xtb: 6.7.1 (edcfbbe)
C           -6.57900602573525       -2.38372641960466        0.45257555127515
C           -6.23674931227055       -3.64436974110998        0.25734897734587
C           -5.41655957201804       -4.11792187997205       -0.90843361549759
C           -4.01152409717591       -4.37938482092063       -0.38387808921019
O           -3.61526028195016       -5.41385505684322        0.06781888498633
O           -3.31643286511980       -3.23097825110789       -0.47039417354066
N           -2.00734172697531       -3.28386248859579        0.07165941607128
C           -1.38607120775754       -2.18609160816884        0.06698305409442
C            0.01680832001087       -2.11201203567624        0.58341216405727
C            0.31613473503314       -0.61440453144559        0.63785894021127
C           -0.56242180798879       -0.00035400368466       -0.45973364937778
C            0.09473230497522       -0.10363723059459       -1.84496544930038
C            1.40943951073595        0.62795418746037       -1.88489136837766
C            2.57633637954380        0.00950359267630       -2.02118422319922
O            1.20797680636813        1.96878397471089       -1.75352135170975
C            2.33868142133305        2.81843173717401       -1.66213037293816
C            3.00479331279241        2.71368554974832       -0.32153022268928
C            4.29971325684958        2.63538803828178       -0.03756669069015
C            5.40939999717295        2.61839582842626       -1.04183521106600
C            4.74232351920770        2.53997227999398        1.40075798610368
C            4.79005766470935        1.08269553978099        1.89308346793788
C            5.90698980332840        0.30610062987827        1.27121758384018
C            5.81458977572199       -0.88571714685432        0.69348181958039
C            7.01749650411386       -1.57708955778743        0.12372762367171
C            4.52267924246492       -1.64540604480545        0.57098276499668
C           -1.85106999699876       -0.83605797776782       -0.41105853638898
C           -2.91216640500578       -0.27072252904199        0.54840403428866
C           -3.63593519108406        0.94287045487653       -0.03054566347968
C           -4.66016207904440        1.50397653413376        0.95336230471063
C           -5.43726013475264        2.68311715051993        0.37254445140679
C           -6.45444156614267        3.23178028843220        1.36592648176148
H           -6.30799590121573       -1.60698241492237       -0.24583782125600
H           -7.15193911186171       -2.07795847706313        1.31184177282295
H           -6.50685333413470       -4.41140186725511        0.97171093546961
H           -5.37484064102882       -3.35432900317400       -1.68548120812750
H           -5.81478534016716       -5.05282751491119       -1.30376160244762
H            0.68008478241170       -2.62235302817469       -0.11708013286567
H            0.11337317502364       -2.61309842866893        1.54499068669187
H            0.02732593367271       -0.21242793447407        1.61009220470103
H            1.37090464023503       -0.39679277997556        0.47972284003534
H           -0.75565007842873        1.05433167100257       -0.25650010437965
H           -0.57627064349218        0.34609101844934       -2.58047164858906
H            0.25219120397141       -1.14887636330490       -2.10884104285243
H            2.60538909193143       -1.05664685398035       -2.14821957726091
H            3.52351587363747        0.51490223004027       -2.02464305611021
H            1.92344039439210        3.82643272822306       -1.78340051902683
H            3.02394975091147        2.62481426745077       -2.49367188941700
H            2.29162436655052        2.71087409843975        0.49401036278241
H            5.99574293187038        1.70834321217666       -0.91420453387260
H            5.04936296738866        2.66749041102933       -2.06477562961048
H            6.07204299955979        3.46705712161833       -0.87393614149731
H            4.04478104269068        3.09343980728056        2.03240266327063
H            5.73179816465171        2.98673549970981        1.51379069203218
H            3.82915668688989        0.60856509268996        1.69506940410242
H            4.94016290336862        1.09636778345340        2.97799044482334
H            6.87667921650482        0.78473024178442        1.33944211057258
H            7.91928943566603       -0.98563180098029        0.26215149524699
H            7.15783032277590       -2.54419883176719        0.60636017717206
H            6.87799976076870       -1.75714356776299       -0.94260385515172
H            4.65352909923152       -2.51831378558720       -0.06333072182206
H            3.74359915432659       -1.02040475999353        0.13838134552151
H            4.18197804999060       -1.98312129785079        1.54942987289071
H           -2.31112824464812       -0.93537188206509       -1.39967571076918
H           -2.43754058667980        0.00052578390771        1.49364077262117
H           -3.64810045357164       -1.05018064184529        0.75816686902935
H           -4.14273155865121        0.65323521510716       -0.95454626389810
H           -2.91488954663265        1.72333582622292       -0.28278570606967
H           -5.36127022282034        0.71404255055930        1.23341178661856
H           -4.14745619396222        1.82583189936115        1.86305891733696
H           -4.73860289935986        3.47523767086812        0.09348668497180
H           -5.95373803939658        2.36374347008346       -0.53577385813929
H           -7.00642348244981        4.06205268768094        0.93170400867925
H           -7.16490619975011        2.45833427232542        1.64983856559742
H           -5.95637975457119        3.58448221221345        2.26673134412036
74
 energy: -94.782118878536 gnorm: 0.002054963272 xtb: 6.7.1 (edcfbbe)
C           -6.57249822762499       -2.34906784056323        0.43967917035486
C           -6.23231214976505       -3.61277398640870        0.26547182728204
C           -5.41991774254676       -4.10776209999352       -0.89470091985083
C           -4.01535227818425       -4.37362562561511       -0.37000405089567
O           -3.62539959892739       -5.40400768924445        0.09025051154079
O           -3.31301339565798       -3.23253873293753       -0.46850397251177
N           -2.00320832168095       -3.28825761313702        0.07125169618306
C           -1.38110338318345       -2.19080479819416        0.06570452564353
C            0.02193598562542       -2.11618960355419        0.58109659337769
C            0.31912382715374       -0.61822591628957        0.63884386744106
C           -0.56061021733742       -0.00264854223346       -0.45708226267811
C            0.09570973364690       -0.10118161300672       -1.84293090466430
C            1.41071489186566        0.62966010297737       -1.88459956554118
C            2.57626433698753        0.00977197306599       -2.02641412309800
O            1.21103195080832        1.97023096017683       -1.75048426843335
C            2.34275271286161        2.81936156656608       -1.66267611111835
C            3.00729704849551        2.71858552496467       -0.32107846101984
C            4.30164564388373        2.63762870178207       -0.03549525187616
C            5.41249756156440        2.61491915192626       -1.03825231771259
C            4.74135501548798        2.54158172447750        1.40383223102296
C            4.78299758878393        1.08341177692126        1.89329389735991
C            5.90106891357527        0.30750408524261        1.27253247662928
C            5.81181187574487       -0.88378556572499        0.69334637243813
C            7.01699884598764       -1.56922136767505        0.12097869075454
C            4.52260565337654       -1.64799916105063        0.56926417266653
C           -1.84755292419687       -0.84157260691313       -0.41189667332750
C           -2.91291402560374       -0.27978889956812        0.54489007237944
C           -3.63994675910510        0.93059260274884       -0.03610441968225
C           -4.66654006309397        1.48820438204420        0.94706227808935
C           -5.44057999291365        2.67156229713116        0.37109346693690
C           -6.45631913942990        3.21718301951070        1.36739322217733
H           -6.30542941581097       -1.58729514948449       -0.27548724567880
H           -7.13969584527632       -2.02821660754996        1.29603310197277
H           -6.49896227624779       -4.36489099281847        0.99588801285267
H           -5.37336705851832       -3.35435008414205       -1.67989452742142
H           -5.82595244913863       -5.04351722414026       -1.27775268006081
H            0.68555880408572       -2.62358293203864       -0.12113512275255
H            0.11965364804025       -2.61961703012126        1.54126706468996
H            0.03038814275209       -0.21887830754301        1.61214789780257
H            1.37354797423534       -0.39891880606855        0.48057576146779
H           -0.75636306972903        1.05085063968115       -0.25021626584837
H           -0.57644944498913        0.35038444880719       -2.57630812951831
H            0.25248095438072       -1.14584419591525       -2.10971013012375
H            2.60325167986521       -1.05617286908752       -2.15571765731122
H            3.52458226184241        0.51309667969693       -2.03155646987993
H            1.92885376353945        3.82731591939982       -1.78874708241127
H            3.02815377739149        2.62109364191432       -2.49292055304879
H            2.29292533074997        2.72009563646113        0.49340301306019
H            5.99769844970344        1.70500708281397       -0.90559912702891
H            5.05366929773707        2.65922763544323       -2.06174157606056
H            6.07577834424947        3.46366930435758       -0.87400229158169
H            4.04453155370087        3.09741823828970        2.03422239091906
H            5.73219286373565        2.98490497061188        1.51896535740536
H            3.82185821491370        0.61190089985793        1.68933266749304
H            4.92834470961552        1.09287356067413        2.97895142531059
H            6.86993458390929        0.78783545321272        1.34125132466054
H            7.91634561411674       -0.97382491596218        0.25844494584150
H            7.16264340209477       -2.53643917790718        0.60185289134847
H            6.87613770129299       -1.74816423328328       -0.94538719078432
H            4.65889499570305       -2.52289343628140       -0.06124084071317
H            3.74316306442962       -1.02714122968109        0.13120713401480
H            4.17917834639991       -1.98298448586278        1.54761695849210
H           -2.30451945022730       -0.94059354253279       -1.40199139395726
H           -2.44113513984988       -0.00610906222982        1.49074710627388
H           -3.64647147008335       -1.06150044101685        0.75371659834714
H           -4.14469174391148        0.63877655472232       -0.96034311955900
H           -2.92120925027528        1.71312043900426       -0.28810080396953
H           -5.36920148746270        0.69764996509978        1.22128660986947
H           -4.15563326430656        1.80476409449518        1.85970582145744
H           -4.74010480173422        3.46342942825293        0.09644836756450
H           -5.95762468672268        2.35818025071380       -0.53896508342339
H           -7.00182044789524        4.05551366024687        0.94039139639307
H           -7.17230127514070        2.44565454846428        1.64223278987558
H           -5.95737826782293        3.55742546405366        2.27272870697508
74
 energy: -94.782156778390 gnorm: 0.002561027055 xtb: 6.7.1 (edcfbbe)
C           -6.56358798995131       -2.30261217100802        0.42065325895969
C           -6.23072784145703       -3.57270853442717        0.27541445314619
C           -5.42533791399924       -4.10136046365239       -0.87538969411605
C           -4.02296418608378       -4.36975003473220       -0.34580259425427
O           -3.64244652779842       -5.39398908259455        0.13627728752927
O           -3.31004141896129       -3.23679086558072       -0.46899592729077
N           -1.99930839233654       -3.29372069405872        0.06841916626665
C           -1.37620574236143       -2.19683780990571        0.06015733103495
C            0.02734661931705       -2.12145738811898        0.57365110416087
C            0.32189691326555       -0.62308281170770        0.63524764491913
C           -0.55888819042939       -0.00613076182010       -0.45913443130309
C            0.09735499001876       -0.09908059560098       -1.84540460861316
C            1.41243896422924        0.63188029404089       -1.88493774406263
C            2.57740810094446        0.01143007849085       -2.02886316239321
O            1.21321025546792        1.97214420254417       -1.74864418527367
C            2.34530698297586        2.82116822229570       -1.66217159527899
C            3.00834458997780        2.72257553444243       -0.31969441530952
C            4.30228039117521        2.63987233176773       -0.03286627330381
C            5.41421472806635        2.61339324546588       -1.03428589412946
C            4.73999203777869        2.54271333793552        1.40701865192174
C            4.77822180028978        1.08370104888909        1.89402531917983
C            5.89742527624960        0.30873201641294        1.27418787302367
C            5.81064224611319       -0.88193779866134        0.69338933887684
C            7.01790883537375       -1.56319367397518        0.12032933116084
C            4.52314759872138       -1.64863581962479        0.56685046657266
C           -1.84407976422836       -0.84798050033355       -0.41679944052314
C           -2.91165282812560       -0.28993641779683        0.53962033282220
C           -3.64144201634518        0.91906517661042       -0.04042844782021
C           -4.67151415190233        1.47060258804174        0.94240451210096
C           -5.44390630998628        2.65732087154584        0.37131284439289
C           -6.46168017986677        3.19729821044829        1.36860581555774
H           -6.29520449806656       -1.55994179581461       -0.31422444607918
H           -7.12526435177536       -1.95801194424909        1.27225206306523
H           -6.49811389458960       -4.30514241953325        1.02595542401874
H           -5.37258848965270       -3.36507178724045       -1.67731048009309
H           -5.84084742293159       -5.04196207556141       -1.23765634240939
H            0.69093451535016       -2.62521625561362       -0.13131885947749
H            0.12744954660681       -2.62773789858996        1.53209758989027
H            0.03246229771103       -0.22675412903010        1.60960237505337
H            1.37598861220139       -0.40162325036349        0.47766863357985
H           -0.75714147918862        1.04624004904874       -0.24888642329188
H           -0.57517267113392        0.35502695377584       -2.57693138995634
H            0.25424938895261       -1.14275783915751       -2.11604099735450
H            2.60305927013491       -1.05422220410600       -2.16181466615599
H            3.52627469564562        0.51364036810222       -2.03458685936254
H            1.93224968808190        3.82907488746444       -1.79112389688272
H            3.03134642195453        2.62028956696549       -2.49118649612870
H            2.29304942673418        2.72654479476359        0.49393076367604
H            5.99702954801855        1.70215683387811       -0.89948953400270
H            5.05676257482676        2.65701173881701       -2.05842370804549
H            6.07937920987873        3.46083647867940       -0.87040505070410
H            4.04348999835619        3.09941364157962        2.03697213751027
H            5.73156664458249        2.98393690510808        1.52389913668083
H            3.81723379981814        0.61368184504988        1.68596601732937
H            4.92038785530017        1.09040061504608        2.98004469919983
H            6.86574292620232        0.79009086400317        1.34409528158870
H            7.91517840500826       -0.96466294178544        0.25777464213038
H            7.16710415562088       -2.53005836161443        0.60069447099597
H            6.87718855394785       -1.74197611996237       -0.94603704744057
H            4.66416908013346       -2.52691944706062       -0.05795785806748
H            3.74525016268942       -1.03121866214436        0.12089554668394
H            4.17449739050482       -1.97847170824923        1.54520568961592
H           -2.29959742162525       -0.94632819903947       -1.40754641479045
H           -2.44117487570885       -0.01613572777598        1.48609179917247
H           -3.64356363995720       -1.07350390827194        0.74714389377504
H           -4.14347855879144        0.62748642646941       -0.96622295564842
H           -2.92487749393230        1.70457187317541       -0.28940733072731
H           -5.37471085388725        0.67809895087694        1.20962644762281
H           -4.16353376963895        1.78180624573359        1.85858340950017
H           -4.74243092656016        3.45057344878397        0.10294702183419
H           -5.95892596302064        2.34938652821153       -0.54176775410753
H           -7.00275963509245        4.04150029115200        0.94748672437887
H           -7.18133110183256        2.42570681085153        1.63388367256414
H           -5.96468399706845        3.52754882232918        2.27873657572814
74
 energy: -94.782218366541 gnorm: 0.002626249858 xtb: 6.7.1 (edcfbbe)
C           -6.55492043259429       -2.24533693215350        0.39784475823263
C           -6.22502749762819       -3.51899539510080        0.28611235518141
C           -5.43096195858026       -4.08557759855746       -0.85382386764245
C           -4.03193211622843       -4.36156290297960       -0.32040191192550
O           -3.66398883672470       -5.37986928845861        0.18529264210493
O           -3.30497415277674       -3.23986415963877       -0.46841119864905
N           -1.99355824495026       -3.30049452797920        0.06750860018286
C           -1.36818981320651       -2.20495388756432        0.05446542085724
C            0.03533173455349       -2.12594449321705        0.56661039681219
C            0.32501375733002       -0.62655067694212        0.63014438834861
C           -0.55710838618287       -0.01087522996394       -0.46384644640992
C            0.10009986366369       -0.09726419220513       -1.85021186637882
C            1.41484022215668        0.63489895258761       -1.88480432543633
C            2.58004100980087        0.01373578313597       -2.02235071123297
O            1.21466726478064        1.97506487546505       -1.75058182189433
C            2.34691528787012        2.82391668179769       -1.66302335195064
C            3.00667399496854        2.72729302271872       -0.31874184372283
C            4.30002815130906        2.64194882318921       -0.03011739990111
C            5.41367991616456        2.61086398474500       -1.02945762757098
C            4.73582776384872        2.54334952629985        1.41007455054655
C            4.77296048368045        1.08324519299656        1.89424353764697
C            5.89292535338188        0.30960994496044        1.27440064259121
C            5.80850684474081       -0.88004174083884        0.69109580003129
C            7.01827362504097       -1.55696138883906        0.11819806594094
C            4.52258950619650       -1.64845745989323        0.56098135417053
C           -1.83903195997789       -0.85719378318086       -0.42269457813573
C           -2.90635408822255       -0.30422356566381        0.53674966902567
C           -3.64447603254532        0.89942628377242       -0.04297702442995
C           -4.67894266961021        1.44365372392133        0.93892194184036
C           -5.44605623002251        2.63533704451804        0.37136823602581
C           -6.46610092594786        3.17410333958296        1.36660157357622
H           -6.29151483097181       -1.52420880323991       -0.35817464296776
H           -7.10761213287749       -1.87577056484605        1.24493366547437
H           -6.48581721371777       -4.22803019730674        1.06018523741434
H           -5.37171427917129       -3.36934769891203       -1.67368009574785
H           -5.86125033036077       -5.02883749980886       -1.19230684771501
H            0.70037154378952       -2.62591748994317       -0.13980180723483
H            0.13819546404310       -2.63319815736736        1.52428030759391
H            0.03346596028907       -0.23227819355381        1.60473807145715
H            1.37860045406154       -0.40162821565373        0.47410992247239
H           -0.75983340723757        1.04025566280042       -0.25164040655359
H           -0.57213517485246        0.36003000443969       -2.57998126602580
H            0.25797325714044       -1.13946102555500       -2.12569230982658
H            2.60412781558919       -1.05210399323628       -2.15481861969088
H            3.52958325452814        0.51443185527700       -2.02412310751139
H            1.93531189042626        3.83183860468500       -1.79565624600505
H            3.03516543167975        2.62013651425200       -2.48943096048457
H            2.28986564240759        2.73432111539084        0.49340750097060
H            5.99552220761313        1.69964239977459       -0.88898313536365
H            5.05871950037469        2.64997671278667       -2.05495964176752
H            6.07900867369246        3.45878371336665       -0.86776499304205
H            4.03895448385990        3.09917232681094        2.04028765828494
H            5.72747963917010        2.98374374231405        1.52894261508870
H            3.81236203914529        0.61400367492365        1.68392300011633
H            4.91398586254648        1.08799130942118        2.98009883499854
H            6.86101487266770        0.79133144755298        1.34612519947180
H            7.91317886489972       -0.95532623463137        0.25734245158960
H            7.17025839172659       -2.52346725660919        0.59796643346417
H            6.87934743917382       -1.73513616186066       -0.94835818070804
H            4.66880895503830       -2.53159782349401       -0.05565740301844
H            3.74791964593202       -1.03481593636827        0.10407083391508
H            4.16581089776833       -1.97066196383633        1.53918352583676
H           -2.29563887959704       -0.95538843295817       -1.41265112388162
H           -2.43367106698341       -0.02660624815559        1.48096528777253
H           -3.63349154559790       -1.09115821521335        0.74831489961607
H           -4.14400811124853        0.60416028614635       -0.96898877115310
H           -2.93336676007823        1.69005617444141       -0.29149215587232
H           -5.38404603401503        0.64968613450899        1.19641969120319
H           -4.17542247328256        1.74743236768812        1.86005479804332
H           -4.74047013745492        3.42738874047779        0.10970311869754
H           -5.95806879996584        2.33336576533263       -0.54530317615244
H           -6.99709935713492        4.02694203048297        0.95013370533760
H           -7.19441014378148        2.40646125887599        1.61983285695816
H           -5.97221294358453        3.49150831432048        2.28263713993434
74
 energy: -94.782256058025 gnorm: 0.002455747942 xtb: 6.7.1 (edcfbbe)
C           -6.54896096022610       -2.20735427501263        0.38264614820229
C           -6.22044874157541       -3.48376397609383        0.29472947593337
C           -5.43431043553265       -4.07449706682063       -0.83893714388862
C           -4.03718288823105       -4.35649708888882       -0.30605215794731
O           -3.67639693115376       -5.37171736468524        0.20866426509910
O           -3.30143673997351       -3.24262998828518       -0.46622770870801
N           -1.98871654631815       -3.30561203233274        0.06713405305057
C           -1.36248642861426       -2.21060405842069        0.05128674694899
C            0.04128154069894       -2.12850423637070        0.56177392228156
C            0.32726599334835       -0.62828569015237        0.62564955747165
C           -0.55585449162173       -0.01446295590519       -0.46848088519645
C            0.10210202027845       -0.09718916430172       -1.85494054459449
C            1.41621598857358        0.63654645893164       -1.88561275533309
C            2.58279374709824        0.01577671319640       -2.01433623098187
O            1.21403339479291        1.97684604588370       -1.75500497627411
C            2.34578364730113        2.82594162919215       -1.66434797999073
C            3.00344811026784        2.72872319313058       -0.31899788602689
C            4.29644843330096        2.64180596929332       -0.02912282177188
C            5.41141513445780        2.61019342533920       -1.02699276753056
C            4.73138319914276        2.54246050750811        1.41103030587965
C            4.77131727378417        1.08181116183953        1.89444780012733
C            5.89212661448480        0.30961809801179        1.27458473817649
C            5.80826404252112       -0.87917367357013        0.68928234081611
C            7.01874611428858       -1.55529512151705        0.11707335359233
C            4.52215075990560       -1.64656420245509        0.55695659965146
C           -1.83565463010537       -0.86337905368795       -0.42612064589679
C           -2.90103376575936       -0.31295749553566        0.53697337990657
C           -3.64595132025114        0.88633713281269       -0.04262747410897
C           -4.68344390489978        1.42591499005309        0.93848894968718
C           -5.44684298191605        2.62026331613170        0.37153711133494
C           -6.46924261553976        3.15980735363944        1.36382996748816
H           -6.29114505101035       -1.50047631590950       -0.38952425276096
H           -7.09751219866704       -1.82019771927959        1.22572591801527
H           -6.47760248298581       -4.17785401863052        1.08383560438625
H           -5.37081494782859       -3.37104455761693       -1.66937792700847
H           -5.87597139984572       -5.01745053332478       -1.16314370079536
H            0.70711742094667       -2.62648839801499       -0.14541166936757
H            0.14651455141999       -2.63555859476911        1.51937385067800
H            0.03380452085386       -0.23485855301213        1.60007586876715
H            1.38041709116874       -0.40071607189303        0.47079944507191
H           -0.76123066945712        1.03619674418548       -0.25622600545078
H           -0.56976772872102        0.36199901193394       -2.58375074999126
H            0.26113837263018       -1.13830460152074       -2.13348507986827
H            2.60728422590282       -1.05042264666066       -2.14387246703096
H            3.53215780566455        0.51669744401121       -2.01097909266003
H            1.93443591691445        3.83383419759359       -1.79738779019400
H            3.03591565115439        2.62255839729218       -2.48931728663024
H            2.28586336977778        2.73641436765717        0.49238452038807
H            5.99423144974637        1.70003880821268       -0.88356415925063
H            5.05832384723654        2.64671686419160       -2.05328160543452
H            6.07532256852724        3.45935369808267       -0.86588912533117
H            4.03295266575163        3.09575749599876        2.04168608293324
H            5.72205588772353        2.98464920268013        1.53106601258359
H            3.81142644012095        0.61127192231361        1.68443427740543
H            4.91305392241840        1.08716448900672        2.98009132474592
H            6.86027256158285        0.79094879725155        1.34842361312950
H            7.91307674046650       -0.95316773360268        0.25783647944883
H            7.17069934948522       -2.52182675379977        0.59662871987359
H            6.88147333953646       -1.73300602246922       -0.94970765360520
H            4.66968980005002       -2.53322299627826       -0.05410443482118
H            3.75078249211324       -1.03408654190736        0.09313538908527
H            4.15969538014165       -1.96291411519727        1.53499656820134
H           -2.29459819648292       -0.96213226102087       -1.41481814399112
H           -2.42515164676579       -0.03171273104150        1.47856405097309
H           -3.62462193482009       -1.10197339510816        0.75348913064433
H           -4.14410024948799        0.58764299458329       -0.96836686279393
H           -2.93913580974290        1.68068263591344       -0.29170000637914
H           -5.38969317773171        0.63115069930622        1.18991282962436
H           -4.18336231247722        1.72553260717233        1.86277676874879
H           -4.73835797600792        3.41117154911078        0.11380366258112
H           -5.95586826521016        2.32099127079273       -0.54764088665154
H           -6.99366463918189        4.01687602170808        0.94785078255305
H           -7.20299766450071        2.39506936511882        1.61014646559802
H           -5.97892165299891        3.47113742604786        2.28358662000661
74
 energy: -94.782277095768 gnorm: 0.001570899258 xtb: 6.7.1 (edcfbbe)
C           -6.54796849801288       -2.19263244259772        0.37649062934012
C           -6.21634530648006       -3.46719949780276        0.29720671271259
C           -5.43454976691327       -4.06507732680761       -0.83441870849496
C           -4.03837062745795       -4.35296308668384       -0.30332978413672
O           -3.68175042603710       -5.36848194762098        0.21357100090148
O           -3.29805851095421       -3.24339017382832       -0.46604645562524
N           -1.98526732733092       -3.30811157347033        0.06765695024564
C           -1.35892477546654       -2.21319347453293        0.05095511303846
C            0.04504350904183       -2.12898600877426        0.56036396832281
C            0.32897927381792       -0.62826140382036        0.62292823005914
C           -0.55485822377133       -0.01656254043938       -0.47173135011897
C            0.10315774957672       -0.09885162317492       -1.85836187431747
C            1.41638514066675        0.63655959321662       -1.88655952339609
C            2.58498870406520        0.01712460969218       -2.00541919510290
O            1.21174091406353        1.97721212721192       -1.76145407542754
C            2.34250649545613        2.82692870264256       -1.66625011793407
C            2.99900346098635        2.72706469116308       -0.32044085940335
C            4.29186007771962        2.63969496879931       -0.02978377412292
C            5.40757820304209        2.61082184480065       -1.02695075604658
C            4.72682270969540        2.54035533258199        1.41018366338998
C            4.77266772617138        1.07984940723865        1.89465212011970
C            5.89417666558462        0.30895196274978        1.27448376545437
C            5.80933201806815       -0.87931060379620        0.68807391112332
C            7.01886566176826       -1.55759607319272        0.11658018010720
C            4.52167199465312       -1.64388942469472        0.55492422085197
C           -1.83374785700939       -0.86626489130034       -0.42646547254508
C           -2.89612558675807       -0.31603101115805        0.54028039688798
C           -3.64625989732567        0.87956992978372       -0.03980006212344
C           -4.68509863565713        1.41782361992224        0.94050255523511
C           -5.44633475999824        2.61262797759235        0.37149027833333
C           -6.47062786244030        3.15512986616368        1.36018402107174
H           -6.29612131577890       -1.48987395613174       -0.40017180350043
H           -7.09490606042370       -1.80164140566788        1.21738502579467
H           -6.46832521819799       -4.15599633786075        1.09124097048353
H           -5.36963930625256       -3.36636688099342       -1.66728952915360
H           -5.88278311931432       -5.00576871690687       -1.15356386273950
H            0.71113430844496       -2.62674884023538       -0.14672906475892
H            0.15172973168402       -2.63479626218285        1.51852041995685
H            0.03423797171004       -0.23451272906506        1.59686487487937
H            1.38180564710359       -0.39919773862806        0.46856979225735
H           -0.76122702771547        1.03425947774051       -0.26091955212628
H           -0.56858210548402        0.36060977955990       -2.58699946245246
H            0.26335912748833       -1.13947370668796       -2.13777625138521
H            2.61162216197918       -1.04957471527782       -2.13039426963676
H            3.53336993381298        0.51980329408328       -1.99775639556530
H            1.93033953246885        3.83476196775915       -1.79698303992174
H            3.03409166100026        2.62662628140688       -2.49086635210910
H            2.28107466597750        2.73320642666393        0.49064424059811
H            5.99347006189151        1.70296237762610       -0.88252279117052
H            5.05537131677791        2.64556200131609       -2.05342407286256
H            6.06836003878341        3.46230838927872       -0.86587046303072
H            4.02591035027397        3.09010968853278        2.04122515077346
H            5.71565937539300        2.98657976430033        1.53055350703422
H            3.81361630580444        0.60635229635875        1.68743523600451
H            4.91681391402849        1.08771861174171        2.98005617614900
H            6.86253276106562        0.78953472502832        1.34992699891707
H            7.91437699059567       -0.95744341388509        0.25844496898560
H            7.16832760543360       -2.52466292272373        0.59598947303645
H            6.88241542694343       -1.73479614224436       -0.95040700477938
H            4.66773139693439       -2.53235937116569       -0.05362145142193
H            3.75310986799605       -1.03041886006739        0.08829987572268
H            4.15643328292291       -1.95681717209845        1.53279409535596
H           -2.29574482238349       -0.96593031031735       -1.41367097794385
H           -2.41646787954247       -0.03082828446792        1.47880398843337
H           -3.61706003316313       -1.10593563368434        0.76266690336222
H           -4.14420633120820        0.57734321790757       -0.96448626683543
H           -2.94255415424551        1.67592515006316       -0.29102469378821
H           -5.39183801383350        0.62310385478612        1.18987560751073
H           -4.18688870234264        1.71666678913082        1.86587115649020
H           -4.73621805686227        3.40229805925065        0.11462174672561
H           -5.95324411523599        2.31307012509685       -0.54868438848999
H           -6.99173584166800        4.01265005596328        0.94120812795766
H           -7.20672889460874        2.39235423834167        1.60480245063654
H           -5.98311468108017        3.46642529852789        2.28120702103153
74
 energy: -94.782241228297 gnorm: 0.007700743563 xtb: 6.7.1 (edcfbbe)
C           -6.53489545097691       -2.11632962302706        0.34237976064066
C           -6.21081841662823       -3.39805577755966        0.31390655270213
C           -5.44126773242887       -4.04883366105001       -0.80263317153887
C           -4.04806394039710       -4.34620110611313       -0.26901260396182
O           -3.70909548236729       -5.35418902196023        0.28024664197858
O           -3.28908294130521       -3.25257660303425       -0.46848733898375
N           -1.97482021267860       -3.31882594610043        0.06236449521741
C           -1.34901989021801       -2.22352243000957        0.04294487218675
C            0.05751863738310       -2.13751803786556        0.54505282611532
C            0.33655597765678       -0.63601921820141        0.61201169067797
C           -0.55057696188619       -0.02431446065810       -0.47990867754781
C            0.10613585109160       -0.10106949954048       -1.86777703520297
C            1.41753432868236        0.63744002679523       -1.89221126724220
C            2.58948024387013        0.02155035000513       -1.99965308938595
O            1.20893580070987        1.97814024383806       -1.77116522470826
C            2.33741931014936        2.82985345211144       -1.66782678870042
C            2.99183671687144        2.72476099057058       -0.32131697554075
C            4.28422335004213        2.63650763606320       -0.02834108620944
C            5.40168310953832        2.61294470250993       -1.02385716570295
C            4.71753605616711        2.53667479718217        1.41199836148841
C            4.77281737726265        1.07626697584823        1.89724206724982
C            5.89778902098069        0.30926555223926        1.27825393530358
C            5.81297481228780       -0.87765500101866        0.68890130815292
C            7.02137085800920       -1.55817313472728        0.11778596293895
C            4.52299529031724       -1.63813900636298        0.55234606507359
C           -1.82761702963427       -0.87668814776553       -0.43196463518732
C           -2.88780387950891       -0.32901597391672        0.53920411850081
C           -3.64526952427440        0.86258273109503       -0.03911517842491
C           -4.69019161415577        1.39210213451403        0.93978557835754
C           -5.45036166061337        2.58860165533791        0.37256150828370
C           -6.48330900097382        3.12416328931679        1.35652249496136
H           -6.28507294392463       -1.44354260304108       -0.46617440489157
H           -7.07585669439953       -1.68805270133242        1.17160800692104
H           -6.46302665330507       -4.05509700283613        1.13909515348662
H           -5.36589033429423       -3.37929700211717       -1.66095881097579
H           -5.90932677274703       -4.99348784763325       -1.08727876649140
H            0.72133356812325       -2.63026908462440       -0.16785033285993
H            0.17116603478111       -2.64669885886083        1.50078572043588
H            0.04030200396294       -0.24656420031073        1.58727064635638
H            1.38832353726311       -0.40243972585960        0.45786994373443
H           -0.75904095566607        1.02584253113984       -0.26700371607599
H           -0.56658737974134        0.36046024376398       -2.59408321090221
H            0.26834304527933       -1.14015780237489       -2.15175455568305
H            2.62117212720610       -1.04551596763556       -2.11980259495240
H            3.53570763100967        0.52826589130872       -1.98413130560871
H            1.92257533851162        3.83732321398191       -1.79340192305082
H            3.03128087807487        2.63649237700786       -2.49243565476845
H            2.27287770733964        2.72771221195028        0.48899167253272
H            5.99054730805552        1.70706962536172       -0.88116679706475
H            5.05101091965729        2.64948977571481       -2.05033389510365
H            6.05931300544359        3.46602048910301       -0.85963370743263
H            4.01152117960149        3.08042324903884        2.04272410258061
H            5.70307701456416        2.98988505481540        1.53433941998968
H            3.81597382326899        0.59724188333762        1.69111553376636
H            4.91742224131609        1.08688312909095        2.98297097693242
H            6.86561458761914        0.79001879958467        1.35791723218846
H            7.91849606580888       -0.96038068740690        0.26007018159437
H            7.16845306366813       -2.52616711395642        0.59671658551175
H            6.88490167483523       -1.73481666883669       -0.94942176067193
H            4.66966535235737       -2.53305572802503       -0.04688807203662
H            3.76152118228738       -1.02493585227476        0.07357038293970
H            4.14836724387014       -1.93972974664098        1.53006764665935
H           -2.29259465356027       -0.97697883085864       -1.41790707597285
H           -2.40473957242996       -0.04021648177760        1.47490241381363
H           -3.60506878731285       -1.12080754679764        0.76665038951621
H           -4.13930944620187        0.55867083387339       -0.96530097310676
H           -2.94657003441130        1.66419846364814       -0.28759626924186
H           -5.39628515350808        0.59416869116062        1.18034070488688
H           -4.19782529528087        1.68665933989315        1.86966555272012
H           -4.74022689171625        3.38139051061451        0.12520395938847
H           -5.94993697221501        2.29316313219974       -0.55317648161788
H           -7.00093252929607        3.98386846848778        0.93739087500888
H           -7.22084834956189        2.35904775269213        1.58973370695333
H           -6.00444011736970        3.43018789695245        2.28442332192551
74
 energy: -94.782302053985 gnorm: 0.002483191024 xtb: 6.7.1 (edcfbbe)
C           -6.54097853379782       -2.14877222794678        0.35550774291499
C           -6.21318502773005       -3.42716141644144        0.30682184414939
C           -5.43771854693821       -4.05510727816784       -0.81564600206204
C           -4.04282650753083       -4.34914759183584       -0.28355641398989
O           -3.69593549166295       -5.36098798464947        0.24909986762698
O           -3.29203048213055       -3.24926282077605       -0.46721128732074
N           -1.97772429458405       -3.31473427754619        0.06327380055846
C           -1.35277412267804       -2.21891497312008        0.04658979676420
C            0.05350347117982       -2.13461825641325        0.54996220862272
C            0.33517684545827       -0.63365516511610        0.61560399568846
C           -0.55145627058164       -0.02152868676447       -0.47650059962765
C            0.10454764140345       -0.10218143477790       -1.86431754520380
C            1.41618288544919        0.63558434174890       -1.89094047087897
C            2.58746415814745        0.01981223354002       -2.00192933029078
O            1.20832887207512        1.97635947070013       -1.77004579364347
C            2.33678885910257        2.82811645622237       -1.66756636097240
C            2.99244623716594        2.72247795827687       -0.32176454771906
C            4.28511472191328        2.63570237989497       -0.02971060511925
C            5.40157998078121        2.61372013658032       -1.02641070949054
C            4.71948120575872        2.53655910085073        1.41048113801862
C            4.77511062680277        1.07684093731619        1.89690645061041
C            5.89921342164710        0.30889715457498        1.27738498874280
C            5.81338143206613       -0.87872170934091        0.68974002023477
C            7.02066381462428       -1.56097384754189        0.11839326542114
C            4.52304229258250       -1.63905825933685        0.55522676797594
C           -1.83002940461017       -0.87174963593611       -0.42803601530626
C           -2.89030335016061       -0.32163660210861        0.54152710995440
C           -3.64396644089818        0.87208660568983       -0.03775465214373
C           -4.68622035135557        1.40615054672783        0.94153308723639
C           -5.44877131357254        2.60007195903127        0.37214293934339
C           -6.48023482106360        3.13710838365821        1.35684839353804
H           -6.28955470011411       -1.46371332357206       -0.43964027476438
H           -7.08550450419529       -1.73562843933805        1.18852959657656
H           -6.46656861400714       -4.09751494060542        1.11818441430364
H           -5.36643380208252       -3.37321209146545       -1.66280456093077
H           -5.89693287084239       -4.99771667337265       -1.11502545275544
H            0.71685923394966       -2.62939938425029       -0.16183392659638
H            0.16539063867142       -2.64307245806833        1.50617670305234
H            0.04042847312780       -0.24283411937765        1.59069922574442
H            1.38722697659172       -0.40204555452667        0.46036803006745
H           -0.75777506454702        1.02920774893490       -0.26471803399714
H           -0.56836421946061        0.35735136219683       -2.59176526645159
H            0.26620321589410       -1.14219617682450       -2.14524380154164
H            2.61942918460529       -1.04711863026789       -2.12306529468479
H            3.53338489560719        0.52702578333285       -1.99062115293576
H            1.92144354989172        3.83558012174809       -1.79190798246282
H            3.02967329289360        2.63559773215366       -2.49317688671647
H            2.27397237470916        2.72396149221520        0.48902289413113
H            5.99121920966730        1.70799126692122       -0.88525904178098
H            5.04939865290872        2.65099145115119       -2.05246731717931
H            6.05881081428633        3.46721494794117       -0.86214411208821
H            4.01400621278162        3.08104916263462        2.04111944862027
H            5.70505267747232        2.98992004239064        1.53169519691688
H            3.81799656577541        0.59775025247099        1.69254426115825
H            4.92079770608795        1.08825765410232        2.98244764507378
H            6.86713987139738        0.78963495068935        1.35538342614926
H            7.91877069337372       -0.96456571603117        0.26006162069424
H            7.16644746589357       -2.52907029760442        0.59747959469048
H            6.88330825836939       -1.73773926113948       -0.94869844704366
H            4.66762650962830       -2.53111053352955       -0.04859292599493
H            3.75941917564943       -1.02425758870172        0.08235170087061
H            4.15282813041784       -1.94518025118138        1.53305369397643
H           -2.29450669096788       -0.97183837922643       -1.41424956938725
H           -2.40818936335987       -0.03420477966384        1.47809200976962
H           -3.60943654652532       -1.11208970316972        0.76735995415625
H           -4.13976363351869        0.56921998481055       -0.96334075915438
H           -2.94266557646304        1.67103800159942       -0.28737771675728
H           -5.39163092585154        0.60931978532577        1.18756332839563
H           -4.19122041442365        1.70476096297238        1.86866447243618
H           -4.74028339608109        3.39290842258447        0.12075934943498
H           -5.95035329511948        2.30124126222954       -0.55132490245184
H           -7.00250240310443        3.99288225858845        0.93557376480096
H           -7.21408340595017        2.37070879440233        1.59667544369598
H           -5.99893585996329        3.44961936356426        2.28116039015218
74
 energy: -94.782315826898 gnorm: 0.000989136211 xtb: 6.7.1 (edcfbbe)
C           -6.54227694626513       -2.15566742127689        0.35751755425932
C           -6.21356712104212       -3.43298919057135        0.30454055998847
C           -5.43679169136545       -4.05595292206676       -0.81843119923386
C           -4.04115011476210       -4.34889913711454       -0.28649866873671
O           -3.69252499881787       -5.36138312610597        0.24315018706414
O           -3.29256564962380       -3.24789292474229       -0.46699316058394
N           -1.97818753759802       -3.31367235986965        0.06302468120248
C           -1.35338983933201       -2.21771728446818        0.04780992824031
C            0.05311401682582       -2.13484568462529        0.55085970448322
C            0.33608582416584       -0.63422286660002        0.61714851541554
C           -0.55087877171083       -0.02097563280494       -0.47409481691546
C            0.10386343584730       -0.10291254927376       -1.86232080086941
C            1.41547684940513        0.63456804436942       -1.89138837138436
C            2.58628439629774        0.01894338490611       -2.00600983713876
O            1.20797271753585        1.97525045801752       -1.76967705900080
C            2.33626193819055        2.82720412324476       -1.66727661233438
C            2.99224628321377        2.72106818009801       -0.32172926726897
C            4.28501886309690        2.63533230508999       -0.02989127974384
C            5.40109022013662        2.61415556434537       -1.02705598942423
C            4.71963091846977        2.53649751348450        1.41036005794086
C            4.77538194182924        1.07721728853523        1.89709181235010
C            5.89920274620003        0.30911815668094        1.27713601846779
C            5.81338019687676       -0.87894694787136        0.69051181273500
C            7.02032914166378       -1.56138851427091        0.11875101701921
C            4.52329794236491       -1.64000728942306        0.55703601575565
C           -1.83015101430993       -0.87030929505664       -0.42584492943014
C           -2.89113040640200       -0.31941811288841        0.54236481374259
C           -3.64290914907263        0.87530454663171       -0.03768922486954
C           -4.68443767695977        1.41096444863067        0.94151355773430
C           -5.44887511934142        2.60338953527420        0.37156713630564
C           -6.48054287857852        3.13894460803704        1.35676019962617
H           -6.28983750329554       -1.46884469607226       -0.43449996847306
H           -7.08726679886249       -1.74575496566271        1.19116271024774
H           -6.46679532377974       -4.10556557275867        1.11319385541315
H           -5.36643724100014       -3.37128551753075       -1.66291732774545
H           -5.89348545818714       -4.99841873640980       -1.12094498472994
H            0.71566455267004       -2.62968435595767       -0.16156564303931
H            0.16496008310503       -2.64410579940120        1.50654359475813
H            0.04277447908029       -0.24365976415173        1.59273514900716
H            1.38820427553281       -0.40346341098089        0.46089146235219
H           -0.75611608259398        1.02983730923213       -0.26194715780829
H           -0.56982580370454        0.35551279264231       -2.58979100323986
H            0.26513283589353       -1.14338154792090       -2.14189935903641
H            2.61851519255292       -1.04789603640620       -2.12775354046511
H            3.53204789825562        0.52646445915099       -1.99755940987353
H            1.92045811808064        3.83456983639772       -1.79081112968870
H            3.02875394480104        2.63552461881933       -2.49335127258064
H            2.27369045869550        2.72165569412135        0.48899256935422
H            5.99132075200030        1.70865490586121       -0.88622030689396
H            5.04817565258688        2.65118532671290       -2.05302853398226
H            6.05789424757485        3.46814281704729       -0.86313546900726
H            4.01425932567245        3.08133893308613        2.04075368399592
H            5.70510296178705        2.99007996204470        1.53124140448511
H            3.81828389236444        0.59802351834294        1.69346730875185
H            4.92151793015886        1.08871253035809        2.98247016902418
H            6.86698597054223        0.79030915469890        1.35409603232877
H            7.91866903983581       -0.96531040682770        0.26003323119381
H            7.16593833686485       -2.52949804693360        0.59772194097955
H            6.88228575720053       -1.73804541277001       -0.94825874154336
H            4.66783550445632       -2.53113288275850       -0.04818020740156
H            3.75857983184717       -1.02520270855789        0.08586192113528
H            4.15470132234377       -1.94769018415290        1.53503648770845
H           -2.29394072768270       -0.96984485873005       -1.41240580029001
H           -2.41009045570750       -0.03271623448071        1.47969005964363
H           -3.61119424202800       -1.10941118255624        0.76675967220403
H           -4.13914621593136        0.57296377139191       -0.96320423137863
H           -2.94039741171444        1.67318433659987       -0.28743988342607
H           -5.38914742259925        0.61414818691147        1.18988247905295
H           -4.18835754254354        1.71153290298925        1.86750303706452
H           -4.74183616830915        3.39721599863736        0.11941228358802
H           -5.95075006605089        2.30334661980909       -0.55131176963935
H           -7.00578983448067        3.99296275180299        0.93543517326034
H           -7.21208701011647        2.37090195765415        1.59859912433656
H           -5.99850957231729        3.45388703842925        2.27986185778568
74
 energy: -94.782327438761 gnorm: 0.001286242566 xtb: 6.7.1 (edcfbbe)
C           -6.54194433780262       -2.15290733881211        0.35382883492231
C           -6.21306755963109       -3.42983982792828        0.30386248227198
C           -5.43658935693789       -4.05449878882340       -0.81688654512782
C           -4.04032266773087       -4.34684707655538       -0.28483259396202
O           -3.69121626049816       -5.35892236025177        0.24372989877772
O           -3.29229709082801       -3.24685256443781       -0.46640866370217
N           -1.97730009191662       -3.31370684821891        0.06187085629658
C           -1.35257252810831       -2.21764799292179        0.04879656905731
C            0.05494238287541       -2.13730710487503        0.54953721639592
C            0.33968753650136       -0.63720496758263        0.61784247611445
C           -0.54856533101859       -0.02169080432538       -0.47108539890868
C            0.10327210263876       -0.10511597403993       -1.86045286568102
C            1.41441344882900        0.63272360043757       -1.89358759453208
C            2.58511723009870        0.01806749122822       -2.01331723618591
O            1.20630692440672        1.97320062706094       -1.77102425753428
C            2.33370252546990        2.82599452571767       -1.66691170999439
C            2.98980878512179        2.71764245315573       -0.32164907379797
C            4.28272033053711        2.63413330353948       -0.02990926345171
C            5.39844731287622        2.61579759125854       -1.02751673254934
C            4.71771243469548        2.53578072805040        1.41039143515716
C            4.77582928280303        1.07722787306651        1.89791654324462
C            5.89950096314153        0.30955805386511        1.27696557618570
C            5.81372024970689       -0.87919913521623        0.69187328059333
C            7.02011601223230       -1.56224663201400        0.11975841328260
C            4.52384057232582       -1.64103179998182        0.55998645415799
C           -1.82889780554033       -0.86953354337269       -0.42246073107756
C           -2.89027253337565       -0.31745205918325        0.54446809343807
C           -3.63982799686419        0.87839271121766       -0.03671241687150
C           -4.68105750870975        1.41559669912549        0.94199175868370
C           -5.44969214631347        2.60456217838753        0.37049930483135
C           -6.48394634801438        3.13580330449156        1.35521042851397
H           -6.28913988495905       -1.46968037972665       -0.44007509184683
H           -7.08664001246672       -1.74074382912243        1.18605001206313
H           -6.46614684671629       -4.09977953863372        1.11375581599179
H           -5.36604524818594       -3.37078599379903       -1.66182156629084
H           -5.89249542556217       -4.99709107221397       -1.11871766013291
H            0.71541626697740       -2.63143125970910       -0.16522480600686
H            0.16811050728999       -2.64871472925023        1.50377956688647
H            0.04897245428033       -0.24783996517758        1.59464796232599
H            1.39177633299647       -0.40737792142830        0.45965022845890
H           -0.75182906061451        1.02921089311119       -0.25787841051669
H           -0.57229338690264        0.35160856985908       -2.58729704309925
H            0.26423427493856       -1.14610550678492       -2.13843233388315
H            2.61858267477286       -1.04866190048172       -2.13575998970769
H            3.53024312258451        0.52687964614582       -2.00937315445571
H            1.91654948198462        3.83313389647188       -1.78768576570149
H            3.02610233408103        2.63749881336634       -2.49374751750083
H            2.27094001177793        2.71555520015994        0.48880327292836
H            5.99076253464038        1.71149676173163       -0.88715959520182
H            5.04474288088862        2.65203839065578       -2.05338418640578
H            6.05341996205640        3.47135103821715       -0.86396742632521
H            4.01158005681299        3.07996814662058        2.04049896728315
H            5.70238101567128        2.99118628112813        1.53084963345427
H            3.81907238955624        0.59670732226012        1.69641749682399
H            4.92375772461196        1.08958812818359        2.98295174307720
H            6.86697459046378        0.79162075153610        1.35239660767472
H            7.91896620509833       -0.96697494822239        0.26087184852152
H            7.16494935919943       -2.53048068922536        0.59855286757366
H            6.88144567449234       -1.73859572704158       -0.94720253228616
H            4.66826822993357       -2.53168662540355       -0.04590380819160
H            3.75808666337121       -1.02655568096558        0.09004505077142
H            4.15680803648443       -1.94961645511723        1.53833219281368
H           -2.29234385742186       -0.96804839771820       -1.40928381258820
H           -2.41041928756189       -0.03148303601222        1.48262319114940
H           -3.61169091971050       -1.10662507542807        0.76739470012202
H           -4.13614856727060        0.57643863797835       -0.96230072094226
H           -2.93596106363825        1.67509278423653       -0.28645833763704
H           -5.38377873476063        0.61806650521038        1.19387093444323
H           -4.18411631460643        1.71999359227938        1.86631788848407
H           -4.74594715709087        3.40123080725133        0.11836609320253
H           -5.95001696209102        2.30200830460755       -0.55235965751422
H           -7.01511728590856        3.98577477000475        0.93304972056960
H           -7.21059498408779        2.36381062457763        1.59923415021513
H           -6.00298631644254        3.45554254384322        2.27716075567679
74
 energy: -94.782339048021 gnorm: 0.000836941982 xtb: 6.7.1 (edcfbbe)
C           -6.53927584464331       -2.13675745988273        0.34454442794859
C           -6.21167749797044       -3.41452868754342        0.30603921803748
C           -5.43814842157471       -4.05061720837401       -0.81032170721227
C           -4.04237273351815       -4.34391512629358       -0.27742421101158
O           -3.69638940527497       -5.35395689031441        0.25791648409968
O           -3.29121086233278       -3.24737152797581       -0.46618747923853
N           -1.97579957319129       -3.31547126025808        0.06106908052487
C           -1.35046746334870       -2.21975211681044        0.04827800888181
C            0.05796283588788       -2.14072484302092        0.54660385405422
C            0.34334622108267       -0.64084440610715        0.61649180639910
C           -0.54601357057016       -0.02385626249177       -0.47066132110786
C            0.10375656166154       -0.10685759318727       -1.86100829300093
C            1.41422211287103        0.63198569453307       -1.89635003597189
C            2.58526115267720        0.01834479022395       -2.01820810951527
O            1.20484553254517        1.97220998504541       -1.77302663914315
C            2.33133232120752        2.82581800184053       -1.66672379841988
C            2.98696611589699        2.71563968274973       -0.32136430037185
C            4.27989719332512        2.63352239195608       -0.02940589743335
C            5.39581111575686        2.61735619733433       -1.02680199376751
C            4.71491719783858        2.53520995451673        1.41089449829253
C            4.77531992149053        1.07685901910409        1.89864171687863
C            5.89907033203660        0.30992274152803        1.27688060818460
C            5.81364848750579       -0.87912965764695        0.69233933890907
C            7.02022456877271       -1.56204085873669        0.12042387220232
C            4.52404481673097       -1.64151443155601        0.56095785931637
C           -1.82670606027790       -0.87103668109707       -0.42137701721460
C           -2.88750435831591       -0.31864502878329        0.54593262419466
C           -3.63697695239358        0.87721296179232       -0.03546244989206
C           -4.67898410380237        1.41381156765419        0.94270647903261
C           -5.45064691978476        2.60017945447419        0.36987605603043
C           -6.48835928611686        3.12753094048193        1.35299673003709
H           -6.28722297270155       -1.46167457030444       -0.45649613798013
H           -7.08218719676505       -1.71627702919808        1.17370686372395
H           -6.46387061608159       -4.07639709881731        1.12301496882998
H           -5.36582080971444       -3.37344835632596       -1.66054891350823
H           -5.89758604476903       -4.99399117214940       -1.10492717779057
H            0.71688111168973       -2.63385314559666       -0.17027079197318
H            0.17285487667868       -2.65375739767134        1.49973781923027
H            0.05398008709596       -0.25265354816849        1.59416949334089
H            1.39532439131208       -0.41113795007595        0.45726428033006
H           -0.74834322437769        1.02699520215545       -0.25639226691622
H           -0.57327210309586        0.34942005965340       -2.58675660007112
H            0.26487804485725       -1.14776446120687       -2.13918557437863
H            2.61956218444789       -1.04836100433685       -2.14051314268497
H            3.52997372474008        0.52798511705796       -2.01552134824223
H            1.91322465299055        3.83279375889934       -1.78551206442037
H            3.02426101843016        2.63987978665634       -2.49367786622073
H            2.26774343788590        2.71160941723824        0.48875375481145
H            5.98996271573251        1.71434865170457       -0.88601734833008
H            5.04227174553847        2.65239299978375       -2.05275433671593
H            6.04894439159870        3.47435086981292       -0.86353455888050
H            4.00790069537430        3.07822750906470        2.04106182439625
H            5.69885256405469        2.99220704297324        1.53140956516479
H            3.81884938530457        0.59517127771924        1.69861803851236
H            4.92480377017591        1.08987116943730        2.98347138378401
H            6.86634896048362        0.79248320118211        1.35178978616973
H            7.91903175191339       -0.96682415016413        0.26202331626899
H            7.16480666756198       -2.53034590834667        0.59913428759830
H            6.88199041267318       -1.73818072701797       -0.94661579093733
H            4.66903376143717       -2.53305342607526       -0.04347732756928
H            3.75838117322788       -1.02792851506204        0.08966593954754
H            4.15656443688612       -1.94880737724094        1.53957004778305
H           -2.29072890840315       -0.96885688365538       -1.40801655305805
H           -2.40744595232970       -0.03263177693474        1.48396943382131
H           -3.60923340555358       -1.10747733528401        0.76911739717038
H           -4.13274775284806        0.57502151846469       -0.96126808432488
H           -2.93321383374893        1.67408456519421       -0.28494011691010
H           -5.37987104847359        0.61506458231058        1.19577939266926
H           -4.18249964015919        1.72055661331303        1.86647942903955
H           -4.74935019394657        3.39935746410604        0.11891473923111
H           -5.94836772658277        2.29590366395477       -0.55381173108702
H           -7.02287720206857        3.97481769196786        0.92975991681273
H           -7.21187946493285        2.35245472703483        1.59655437414317
H           -6.01000129977358        3.44984160082993        2.27536409272206
74
 energy: -94.782349916336 gnorm: 0.003401510598 xtb: 6.7.1 (edcfbbe)
C           -6.52782727436995       -2.06133653608828        0.30247838121766
C           -6.20511275637448       -3.34291648611438        0.31741634868972
C           -5.44589008351888       -4.03168951946594       -0.77985805236469
C           -4.05333955056279       -4.33118245004907       -0.24248011723272
O           -3.72098220577644       -5.33213988331701        0.31908399495502
O           -3.28654109741223       -3.25042909589519       -0.46280437062456
N           -1.96901343910012       -3.32421753559727        0.05928773956588
C           -1.34065860559735       -2.23024714675659        0.04572227529187
C            0.07113428221022       -2.15507185307250        0.53477860209349
C            0.35811878123826       -0.65572752433699        0.60948418530550
C           -0.53559709489231       -0.03406785977099       -0.47133148806468
C            0.10681157111536       -0.11369603391034       -1.86532524254898
C            1.41453543388200        0.62970991303800       -1.90534087921276
C            2.58730047230519        0.02029633723670       -2.03220879594800
O            1.19957891641162        1.96897045933195       -1.78076183094820
C            2.32245432888540        2.82595949230988       -1.66653397146036
C            2.97557192816967        2.71012147483715       -0.32033775401247
C            4.26839716729886        2.63198913660761       -0.02696666255922
C            5.38567574935516        2.62342319253255       -1.02284013554682
C            4.70278283961491        2.53304586524356        1.41341424068581
C            4.77132187991203        1.07487914635053        1.90100761327706
C            5.89583650439155        0.31112678712859        1.27673270712948
C            5.81244420057645       -0.87855610060283        0.69309060194442
C            7.02046716000249       -1.55959997470934        0.12189620391851
C            4.52415139731429       -1.64320707816854        0.56233067753061
C           -1.81698976235478       -0.87952600654355       -0.41872175196857
C           -2.87399512452941       -0.32635070125363        0.55208363390092
C           -3.62590171685349        0.86783214195631       -0.02976524848196
C           -4.67171515552664        1.40049800407500        0.94630518780841
C           -5.45420997360730        2.57699076527092        0.36753938145356
C           -6.50633392887275        3.09058032044341        1.34273930151377
H           -6.28167615160937       -1.42275202602968       -0.53231568132444
H           -7.06160058235336       -1.60201016824648        1.11870733190036
H           -6.45225526813057       -3.96825034104368        1.16667185257946
H           -5.36523298765720       -3.38482463742577       -1.65453839438137
H           -5.92300979014242       -4.97784506268994       -1.04087534950826
H            0.72454043475836       -2.64495657633881       -0.18941858551250
H            0.19261109582723       -2.67302557813356        1.48443053005314
H            0.07299625052117       -0.27140539123620        1.58999013288891
H            1.40959275963321       -0.42599628110297        0.44683917899345
H           -0.73540729508791        1.01646640061262       -0.25297047118899
H           -0.57538949589002        0.34207326127002       -2.58654875051353
H            0.26929296958428       -1.15366961783150       -2.14603578126139
H            2.62435184972470       -1.04620375188800       -2.15595341121930
H            3.53040018455562        0.53293688986749       -2.03420412101672
H            1.90094920007163        3.83220997972402       -1.77943408705971
H            3.01805710080170        2.64849099983802       -2.49309217378485
H            2.25487199818235        2.69961759733080        0.48838795529213
H            5.98755079555392        1.72607020580724       -0.87858107930787
H            5.03348944947958        2.65220446479037       -2.04945366776533
H            6.03079291873816        3.48682612399689       -0.86116098712543
H            3.99231031768491        3.07120413481263        2.04399023500693
H            5.68403901073511        2.99559238461626        1.53499641238461
H            3.81596867661257        0.58915368551260        1.70536142750598
H            4.92556988110821        1.08975435068906        2.98524649673811
H            6.86231303128423        0.79552849159393        1.35059811816035
H            7.91844188189570       -0.96367489347590        0.26590818847502
H            7.16506416278436       -2.52827842567948        0.59987627405099
H            6.88450722494750       -1.73467843062036       -0.94558090203349
H            4.67228497552902       -2.53913233654775       -0.03487933171555
H            3.75981520128638       -1.03362944188452        0.08340016648677
H            4.15300287959619       -1.94371298702515        1.54180849683922
H           -2.28450830953659       -0.97524526358179       -1.40396078939552
H           -2.39096585440371       -0.03863038137158        1.48810988888642
H           -3.59531762255348       -1.11458085789887        0.77895666853091
H           -4.11942185759993        0.56359733908138       -0.95615910784639
H           -2.92422954703056        1.66679312198799       -0.27858160006620
H           -5.36556906918703        0.59664495861493        1.20251459728759
H           -4.17808964466201        1.71575092917637        1.86873999857533
H           -4.76155888353761        3.38525195112635        0.12134767728385
H           -5.94107352945099        2.26581548820280       -0.55973275560097
H           -7.05080061209905        3.92897863734142        0.91442363399502
H           -7.21983722746048        2.30482340382020        1.58236032907191
H           -6.03934536590323        3.42125639956748        2.26805848415936
74
 energy: -94.782363172741 gnorm: 0.001704512697 xtb: 6.7.1 (edcfbbe)
C           -6.53066804353880       -2.07770341803489        0.31063046951228
C           -6.20660364682127       -3.35770122214266        0.31399272068098
C           -5.44446180654771       -4.03513328115373       -0.78688530718112
C           -4.05150846713083       -4.33342516980538       -0.25024672646611
O           -3.71670976261673       -5.33618409136422        0.30692613881332
O           -3.28792014247184       -3.24935023919872       -0.46321249567994
N           -1.97116460371881       -3.32224225604537        0.06064469389958
C           -1.34295167060652       -2.22820410512688        0.04706910562962
C            0.06817046283764       -2.15265159652370        0.53797150025020
C            0.35563596363408       -0.65330330908161        0.61090216441401
C           -0.53711443023659       -0.03248850012172       -0.47118433051236
C            0.10653714867971       -0.11296051966368       -1.86453481613625
C            1.41459589686035        0.62989459741799       -1.90436158879212
C            2.58712947533097        0.01987395670263       -2.03071680378263
O            1.20039484328023        1.96922992520275       -1.77914647912455
C            2.32379282161844        2.82576430801721       -1.66647565388534
C            2.97746264832933        2.71113124639048       -0.32046625007571
C            4.27033455969165        2.63247040077995       -0.02743769825498
C            5.38736257748849        2.62291872709226       -1.02357172366292
C            4.70491470830845        2.53353874306381        1.41287972483307
C            4.77161269760362        1.07521740340930        1.90033687039733
C            5.89585932953703        0.31082886490868        1.27642377608520
C            5.81219486091706       -0.87879176359512        0.69268113720152
C            7.02016541010409       -1.55994080179126        0.12148023610100
C            4.52381927957507       -1.64329039347182        0.56194070341800
C           -1.81867859479577       -0.87771970935745       -0.41867095822782
C           -2.87568678397397       -0.32405478864352        0.55190186853594
C           -3.62685151194918        0.87062167556223       -0.02972963471404
C           -4.67162547692749        1.40455671334784        0.94678065340810
C           -5.45322615483275        2.58146771832043        0.36775493907665
C           -6.50302855643749        3.09786864440342        1.34378446421786
H           -6.28374636237706       -1.43134605837952       -0.51622238407323
H           -7.06648261386312       -1.62716950379803        1.12911686872690
H           -6.45435011612512       -3.99061230334769        1.15587129745248
H           -5.36557962548427       -3.38223702594626       -1.65614727325152
H           -5.91808485929166       -4.98024002167083       -1.05485067895606
H            0.72243960341562       -2.64398069560685       -0.18440950615195
H            0.18801113809903       -2.66909506360673        1.48863954152435
H            0.07003724189541       -0.26761718121036        1.59071666753779
H            1.40728754464073       -0.42418367182024        0.44864929294423
H           -0.73699511383611        1.01823229632281       -0.25379395740270
H           -0.57486477491853        0.34272254832964       -2.58652691579260
H            0.26886321482899       -1.15309645931007       -2.14469381493373
H            2.62359861068475       -1.04669960103952       -2.15367303783225
H            3.53064163615241        0.53179085025238       -2.03084825558989
H            1.90281038402002        3.83207988800476       -1.78059621125279
H            3.01892135151735        2.64672672411225       -2.49306407452032
H            2.25714441967044        2.70172008029561        0.48859339613995
H            5.98844163778047        1.72507178052351       -0.87960476235684
H            5.03500058028840        2.65219599302667       -2.05004389299782
H            6.03330576983556        3.48563405394201       -0.86195330342068
H            3.99525816574592        3.07267255703340        2.04350252730792
H            5.68679785631737        2.99477548966727        1.53424798203646
H            3.81593267020299        0.59045694810070        1.70377431495163
H            4.92497814195770        1.08959391005004        2.98471607391545
H            6.86250943372948        0.79487280335672        1.35037443529064
H            7.91813244091712       -0.96392770867220        0.26522028223587
H            7.16493630042689       -2.52856252761841        0.59955824346844
H            6.88403538379207       -1.73518104024357       -0.94595495129412
H            4.67133640318180       -2.53808567492224       -0.03705735560849
H            3.75884847798921       -1.03299163146838        0.08505363992550
H            4.15387598092686       -1.94561750760257        1.54126479992928
H           -2.28597556458405       -0.97385354273913       -1.40396854374187
H           -2.39264117908692       -0.03668165500707        1.48800168374605
H           -3.59733699608552       -1.11200097084235        0.77860941191185
H           -4.12108817520345        0.56673169039841       -0.95582209880918
H           -2.92458394826153        1.66887271309553       -0.27902534054323
H           -5.36605604816038        0.60150816313318        1.20390336462396
H           -4.17715933422741        1.71982916688119        1.86874645494122
H           -4.75979525633831        3.38835680216237        0.11958061694316
H           -5.94183886920915        2.26996824822831       -0.55843782553386
H           -7.04657110415614        3.93657815636306        0.91503023834837
H           -7.21740708373202        2.31365360012893        1.58532394930663
H           -6.03437039433090        3.42889762198438        2.26810022370171
74
 energy: -94.782369982605 gnorm: 0.001004889332 xtb: 6.7.1 (edcfbbe)
C           -6.53114571309218       -2.07473722242585        0.30709303957540
C           -6.20687570884585       -3.35401931314928        0.31317911406226
C           -5.44540536732152       -4.03372643432283       -0.78602304382951
C           -4.05292347309717       -4.33233942254689       -0.24877125839141
O           -3.71878506595883       -5.33438085664438        0.30974975208665
O           -3.28880967646552       -3.24888144586548       -0.46124760199407
N           -1.97218487247462       -3.32253156146492        0.06263366520228
C           -1.34301252199328       -2.22904206150606        0.04834745637671
C            0.06821291791719       -2.15424765564839        0.53899820368259
C            0.35711720373755       -0.65508763655406        0.61058335031110
C           -0.53574183828150       -0.03396475511938       -0.47125538950226
C            0.10740610608203       -0.11419408900459       -1.86480879795981
C            1.41512277994829        0.62928887107717       -1.90500939922990
C            2.58778848305908        0.01979515997525       -2.03240918116189
O            1.20041467349648        1.96839260460706       -1.77839488040988
C            2.32344337207728        2.82549689471312       -1.66632768175980
C            2.97706675688116        2.71174778522117       -0.32025513213747
C            4.26990298126967        2.63319962644995       -0.02706444495942
C            5.38711575480758        2.62419589386146       -1.02297768935698
C            4.70413795349081        2.53371789207182        1.41331983520448
C            4.76961469700347        1.07504907457075        1.89990102831024
C            5.89406065668556        0.31086055628812        1.27619580206556
C            5.81108934124310       -0.87868227412769        0.69219757797915
C            7.01962596124358       -1.55871113368199        0.12084549544418
C            4.52329175493356       -1.64409203663039        0.56122435635027
C           -1.81776552163252       -0.87840950738655       -0.41788046034986
C           -2.87353499353636       -0.32374697582307        0.55347907661719
C           -3.62452937563707        0.87101524901978       -0.02798780469069
C           -4.66907526832811        1.40537125008532        0.94849367289651
C           -5.45319648389411        2.57945255186949        0.36724773706539
C           -6.50438021958932        3.09545860030776        1.34185504354492
H           -6.28465424978000       -1.43021334026665       -0.52045485797706
H           -7.06661471416205       -1.62264723233360        1.12434372480797
H           -6.45380576552945       -3.98474151320349        1.15628341140890
H           -5.36614939396903       -3.38281974330867       -1.65604861780677
H           -5.92003615023195       -4.97834584068566       -1.05206219080464
H            0.72193299411046       -2.64694364295345       -0.18293238455443
H            0.18765323205629       -2.66981047567041        1.49020122178069
H            0.07248907884282       -0.26848421490913        1.59031386335540
H            1.40886400777776       -0.42706633013292        0.44753073950954
H           -0.73509395001812        1.01683568739589       -0.25373323876636
H           -0.57437652020760        0.34131594776434       -2.58653035085710
H            0.27007433709378       -1.15420313916287       -2.14516983755894
H            2.62425574084092       -1.04669351718024       -2.15600180540348
H            3.53133376711289        0.53163392613440       -2.03198664201328
H            1.90210356380804        3.83156592027266       -1.78120250064560
H            3.01868543669345        2.64613172122921       -2.49270578140433
H            2.25675413650285        2.70231958196852        0.48879264992246
H            5.98954959780771        1.72748471633363       -0.87795390751328
H            5.03490688058070        2.65183772472810       -2.04953249758253
H            6.03162378533175        3.48811064274783       -0.86218174017200
H            3.99478234679988        3.07312468212072        2.04399794027443
H            5.68634254954531        2.99411098206039        1.53509224242675
H            3.81387297945281        0.59090927590847        1.70207519554230
H            4.92193740484705        1.08848360620118        2.98443761073909
H            6.86057337686751        0.79516554597351        1.35033438146273
H            7.91705995686944       -0.96194293884465        0.26475651389763
H            7.16529059435873       -2.52736776832886        0.59859402984395
H            6.88364534022129       -1.73372026813544       -0.94665070423820
H            4.67144588380779       -2.53855958965529       -0.03805840341205
H            3.75786794286362       -1.03424820363594        0.08453426964898
H            4.15357349639895       -1.94697513275159        1.54041750167862
H           -2.28582094559379       -0.97452701144066       -1.40280008092525
H           -2.38936356888704       -0.03627125079685        1.48894626641800
H           -3.59538977042258       -1.11118090879523        0.78122231479961
H           -4.11911448126400        0.56706297684503       -0.95385197019399
H           -2.92217939512053        1.66907232356688       -0.27762785748489
H           -5.36185172742714        0.60172926328567        1.20814376774320
H           -4.17428151404861        1.72361128289263        1.86924682869965
H           -4.76156346601659        3.38732066356981        0.11746015925824
H           -5.94096675436598        2.26496568131881       -0.55833947274598
H           -7.04953531663226        3.93206349084589        0.91112015932421
H           -7.21703075860556        2.31022108910591        1.58479637030588
H           -6.03683528210266        3.42943770174428        2.26561406099544
74
 energy: -94.782379873784 gnorm: 0.000541362771 xtb: 6.7.1 (edcfbbe)
C           -6.53041075174883       -2.05724923532467        0.29349498353444
C           -6.20756085478849       -3.33644137920793        0.31368070379342
C           -5.44871036823068       -4.02974371292879       -0.77874464968816
C           -4.05780247222702       -4.32915144830893       -0.23831880163891
O           -3.72680457239660       -5.32812728626551        0.32677828482797
O           -3.29003444148894       -3.24909109066806       -0.45690816182485
N           -1.97324335086329       -3.32447434261578        0.06600960676198
C           -1.34195419014128       -2.23222194354032        0.04986126667306
C            0.06995283250076       -2.15960523111929        0.53880306048397
C            0.36194301982351       -0.66090567785795        0.60857980403565
C           -0.53174039409229       -0.03834618023112       -0.47182764801794
C            0.10971999346723       -0.11753738198983       -1.86614808723773
C            1.41652148010789        0.62766777334838       -1.90660261200724
C            2.58973860612218        0.01986868629638       -2.03658243083147
O            1.20021495170732        1.96622136611473       -1.77723468314096
C            2.32206830165189        2.82503162550185       -1.66587215269233
C            2.97542452933080        2.71263555473246       -0.31960806854429
C            4.26815965701917        2.63471349483183       -0.02581280617495
C            5.38597779701147        2.62778707068684       -1.02106721117104
C            4.70137670611637        2.53381292103331        1.41479244690567
C            4.76481331517762        1.07434916126860        1.89926918733333
C            5.89025300908117        0.31111850309598        1.27629454107795
C            5.80905629473765       -0.87814044669155        0.69149186465527
C            7.01879029490762       -1.55570997137812        0.11976919567481
C            4.52244479552199       -1.64536079809665        0.55950664394256
C           -1.81480174144096       -0.88105405553643       -0.41661785375674
C           -2.86787075659212       -0.32427735308593        0.55650604560046
C           -3.61843743836375        0.87089533939731       -0.02437040950863
C           -4.66318014983657        1.40508645888446        0.95196946314512
C           -5.45407969682002        2.57228648814063        0.36604222228580
C           -6.50980107531661        3.08518348786183        1.33735158844943
H           -6.28437560903164       -1.42218759541226       -0.54122330681197
H           -7.06437586770591       -1.59524788893915        1.10609040317268
H           -6.45428883780899       -3.95733496757417        1.16358742442123
H           -5.36716685959478       -3.38804634435136       -1.65527378805241
H           -5.92738061541463       -4.97482245692721       -1.03498821615339
H            0.72181968857855       -2.65459182134037       -0.18326734480985
H            0.18940229550048       -2.67421802545487        1.49055355395116
H            0.08001597434783       -0.27304385716327        1.58860171350127
H            1.41381237999587       -0.43516098150417        0.44334601666239
H           -0.72977905786038        1.01251247618801       -0.25330033820257
H           -0.57325145192020        0.33764905256285       -2.58696023743705
H            0.27338178724237       -1.15716609339814       -2.14729284786078
H            2.62692888706200       -1.04629776545987       -2.16298799573860
H            3.53287396965917        0.53239159867196       -2.03646260321521
H            1.89943122250752        3.83046088493743       -1.78165404187373
H            3.01773197973169        2.64591072195709       -2.49191822868744
H            2.25492079967625        2.70242865419937        0.48926633061300
H            5.99156252065367        1.73353486656745       -0.87423586142308
H            5.03417620190085        2.65244490766017       -2.04785629610741
H            6.02718220862504        3.49440520804812       -0.86139667701730
H            3.99221884661667        3.07336317335537        2.04551967185174
H            5.68403130102206        2.99289064530197        1.53774403872218
H            3.80924442026743        0.59109627812841        1.69834362716979
H            4.91455485485808        1.08566184653023        2.98418307699266
H            6.85627335273608        0.79630117016489        1.35119829801243
H            7.91511066531439       -0.95735281103616        0.26399487200023
H            7.16634190022730       -2.52443180637823        0.59680344043224
H            6.88301788495957       -1.73020609395838       -0.94784592423115
H            4.67239490077708       -2.53980716401009       -0.03933915831829
H            3.75670548878075       -1.03672702374967        0.08176994141689
H            4.15210518837766       -1.94832243579821        1.53841017743600
H           -2.28459137062669       -0.97681164762189       -1.40071802820717
H           -2.38137523053118       -0.03695989756441        1.49080099214558
H           -3.59034844696959       -1.11057433543964        0.78609825457796
H           -4.11319036740424        0.56722761981011       -0.95022311512515
H           -2.91599449061511        1.66889770332158       -0.27386647393631
H           -5.35160771677254        0.59935062947085        1.21674317995503
H           -4.16812484672405        1.73008743532402        1.87024302583591
H           -4.76730956145712        3.38358395768859        0.11391341145306
H           -5.93891746921208        2.25121831739084       -0.55886286949605
H           -7.05978051510110        3.91656932156281        0.90257894606870
H           -7.21761748279146        2.29623770010189        1.58232492956111
H           -6.04578625187883        3.42586644782908        2.26043451663143
74
 energy: -94.782386775997 gnorm: 0.000925808816 xtb: 6.7.1 (edcfbbe)
C           -6.52842889668688       -2.02479755219274        0.26879185442573
C           -6.20858253497450       -3.30475185730959        0.31534175921678
C           -5.45427334557338       -4.02314198991906       -0.76482368062936
C           -4.06536746760990       -4.32358767403446       -0.22028012923004
O           -3.74038593771712       -5.31718927350116        0.35790914060711
O           -3.29164187892895       -3.25000512418164       -0.44968070245626
N           -1.97430051247199       -3.32809948076345        0.07127505256226
C           -1.33978480441591       -2.23771693382490        0.05219371602552
C            0.07342295000090       -2.16852628955462        0.53790038403657
C            0.37016129121068       -0.67058509762278        0.60533090250714
C           -0.52505674316866       -0.04565376194979       -0.47253413787827
C            0.11376948276914       -0.12319958915049       -1.86811461124676
C            1.41894836277458        0.62492311219049       -1.90968545785109
C            2.59334270251367        0.02004685964765       -2.04246787686716
O            1.19984477464049        1.96266809552337       -1.77670251286433
C            2.31966916562855        2.82434767077299       -1.66547556295862
C            2.97238807173909        2.71337907957520       -0.31883327795961
C            4.26492100022628        2.63679676429164       -0.02380857817009
C            5.38389075711359        2.63370153778592       -1.01781492150669
C            4.69629342469292        2.53356499764750        1.41720804686299
C            4.75728554394753        1.07284250432014        1.89830503402558
C            5.88482000056723        0.31160068949642        1.27669467917498
C            5.80636593592870       -0.87697574667099        0.69016649858598
C            7.01775252212260       -1.55116024639997        0.11798141199758
C            4.52128028811229       -1.64636415358038        0.55591578530017
C           -1.80972118900966       -0.88571943710324       -0.41456999219207
C           -2.85895810555935       -0.32582348663302        0.56101437893621
C           -3.60922631723062        0.86969142711714       -0.01926843361484
C           -4.65480230534947        1.40312326866765        0.95661055550715
C           -5.45622362494306        2.55978293677626        0.36392661442045
C           -6.51881101929004        3.06739677568363        1.33054161704970
H           -6.28233149978832       -1.40707342994059       -0.57964327755735
H           -7.06018485002741       -1.54449175555998        1.07280789823619
H           -6.45524574910669       -3.90747690030163        1.17938430359283
H           -5.36854765987820       -3.39774154070699       -1.65260116209631
H           -5.94034206628335       -4.96908293391525       -1.00381247406645
H            0.72222800526062       -2.66660000032962       -0.18487057011649
H            0.19335993084050       -2.68212545240686        1.49018562973849
H            0.09279945254187       -0.28110287375926        1.58601454506997
H            1.42214717081025       -0.44825046663434        0.43634920000685
H           -0.72105299311663        1.00526763809730       -0.25239464045486
H           -0.57121618636899        0.33119702818725       -2.58751693249155
H            0.27910223702939       -1.16227723182434       -2.15026529284186
H            2.63262666657685       -1.04573037995286       -2.17139043622307
H            3.53548667435971        0.53439801389120       -2.04160905102884
H            1.89467459389046        3.82873100550569       -1.78192062896551
H            3.01615210351141        2.64651097518175       -2.49113449626519
H            2.25133239218199        2.70136305635481        0.48956655510814
H            5.99442927343218        1.74322283669098       -0.86856085433846
H            5.03291506162153        2.65424913981284       -2.04501171497637
H            6.01992372296280        3.50445782230846       -0.85934453993283
H            3.98695259164807        3.07283821254209        2.04796219020763
H            5.67937053681952        2.99118210589280        1.54227722713244
H            3.80230520782352        0.59049620116914        1.69213888747776
H            4.90268408122919        1.08080932292158        2.98386053328025
H            6.84998417449244        0.79817558594509        1.35355507561901
H            7.91261231590506       -0.95071928123641        0.26263837450914
H            7.16780318169645       -2.52003091797218        0.59394135831180
H            6.88218920773780       -1.72484068638443       -0.94981078963748
H            4.67405727632374       -2.54125931623352       -0.04159523268041
H            3.75591118702988       -1.03934005918457        0.07545723189859
H            4.14889195517486       -1.94866124404579        1.53423610865289
H           -2.28203867600569       -0.98086484494125       -1.39750014597582
H           -2.36913914145479       -0.03841279506217        1.49355107255481
H           -3.58230041191043       -1.11049604274881        0.79350390038371
H           -4.10383127249348        0.56610593961775       -0.94520797622810
H           -2.90693340472357        1.66791815049841       -0.26842957440959
H           -5.33642325654384        0.59400605029173        1.22877019698720
H           -4.15971446107816        1.73831284224553        1.87125604359014
H           -4.77706687293756        3.37642352284174        0.10836635959005
H           -5.93660337152855        2.22891554668741       -0.55992154132434
H           -7.07626777133721        3.89086334835878        0.88997606613863
H           -7.21920759267685        2.27270269982242        1.57839704081185
H           -6.06008335476457        3.41786308321283        2.25265979972130
74
 energy: -94.782389660406 gnorm: 0.000783459364 xtb: 6.7.1 (edcfbbe)
C           -6.52967229401729       -2.02526147585433        0.26675933533466
C           -6.21068188855450       -3.30497005935851        0.31402731613005
C           -5.45493833476596       -4.02434979293550       -0.76416793420215
C           -4.06646254763888       -4.32365191336962       -0.21749108698562
O           -3.74143852099055       -5.31691668147956        0.36056605899272
O           -3.29244624875777       -3.24996741220175       -0.44863943022802
N           -1.97524512508937       -3.32782300572186        0.07273938081062
C           -1.34031725708907       -2.23774943692548        0.05299035179834
C            0.07276045004341       -2.16926890791439        0.53915506970539
C            0.37069966945496       -0.67150920189868        0.60553826628871
C           -0.52428130254847       -0.04631734119391       -0.47239108457490
C            0.11482840398923       -0.12435879504536       -1.86782509502710
C            1.41989352275049        0.62408152884584       -1.90845789320115
C            2.59461860145189        0.01965168820113       -2.04060650725307
O            1.20042883089322        1.96181990192922       -1.77612441342770
C            2.32000533955830        2.82400774179985       -1.66552715607099
C            2.97279365993991        2.71370881218991       -0.31886404395229
C            4.26529617323753        2.63753905610598       -0.02358528846984
C            5.38450297959788        2.63515350748621       -1.01732027315092
C            4.69619385964462        2.53356264131172        1.41751773172573
C            4.75588868685303        1.07241933812989        1.89757723473045
C            5.88420963590798        0.31154692377430        1.27686427278133
C            5.80615471361691       -0.87659057256987        0.68942398716617
C            7.01768460234249       -1.55050909774992        0.11730859429607
C            4.52103786005152       -1.64567623459723        0.55388763657952
C           -1.80942218402137       -0.88564810259443       -0.41426913988860
C           -2.85829394569359       -0.32488803221369        0.56127063436012
C           -3.60803703135023        0.87102953407500       -0.01895753219843
C           -4.65348627648676        1.40470839300904        0.95700955828599
C           -5.45677555742800        2.55941205670701        0.36333823521828
C           -6.51889906974383        3.06726336089465        1.33029795930334
H           -6.28187132710580       -1.40798996920425       -0.58125552207884
H           -7.06261473825224       -1.54469264913036        1.06950531001052
H           -6.45983796482882       -3.90733379585691        1.17691064429988
H           -5.36854412482304       -3.40055428722543       -1.65342500496496
H           -5.94019014721212       -4.97114894269510       -1.00186085592048
H            0.72144931747935       -2.66858872468651       -0.18286140822103
H            0.19178960793370       -2.68217041688595        1.49195055860482
H            0.09433680865189       -0.28111847210901        1.58613090279444
H            1.42279295569817       -0.45030225031572        0.43580469047204
H           -0.71982335128987        1.00472343032348       -0.25245377129542
H           -0.56995279959351        0.32956636555240       -2.58772978565693
H            0.28063733374724       -1.16351525377563       -2.14947278398629
H            2.63470667960080       -1.04598410305968       -2.17064338490873
H            3.53628333497275        0.53487998446567       -2.04048977000366
H            1.89458008802347        3.82815292643283       -1.78239494950147
H            3.01645913848927        2.64599510873382       -2.49120117844484
H            2.25165817460345        2.70133141797948        0.48947944512054
H            5.99523182039609        1.74478846677024       -0.86844300316826
H            5.03376060384391        2.65619771386979       -2.04456752444163
H            6.02030914822569        3.50593227283634       -0.85824819018057
H            3.98704259343001        3.07307650901927        2.04830642708232
H            5.67959818376937        2.99033627822146        1.54314208107179
H            3.80111946274133        0.59060676438561        1.68919516582910
H            4.89934992171628        1.07919784089974        2.98337280418147
H            6.84922027631587        0.79820487904327        1.35490579614886
H            7.91242668262453       -0.94988083090754        0.26188221767872
H            7.16795893397374       -2.51932374773272        0.59327019004687
H            6.88204598633967       -1.72421352463110       -0.95047307616690
H            4.67398704534039       -2.54021280865074       -0.04413672857580
H            3.75610931364668       -1.03814257595581        0.07338265120839
H            4.14798079109018       -1.94854193396267        1.53180741817144
H           -2.28184178533814       -0.98076706508143       -1.39714920889581
H           -2.36828628952151       -0.03781992931839        1.49381125591413
H           -3.58210852489565       -1.10913309104059        0.79378526165998
H           -4.10271075423014        0.56771183490791       -0.94495661301782
H           -2.90543385954220        1.66902072465146       -0.26798654171068
H           -5.33392679288908        0.59527116408503        1.23092577876594
H           -4.15813694529067        1.74183475496733        1.87071284745822
H           -4.77887021275745        3.37639420793301        0.10573896627807
H           -5.93764793223969        2.22652850137342       -0.55944895390817
H           -7.07773333442871        3.88924496065546        0.88895227596331
H           -7.21812888236182        2.27222431805995        1.58021128060943
H           -6.05977384127653        3.41976552626351        2.25133136362660
74
 energy: -94.782392309095 gnorm: 0.000501678923 xtb: 6.7.1 (edcfbbe)
C           -6.53070609415859       -2.02550915336871        0.26386691892915
C           -6.21273154385042       -3.30534298869900        0.31256027459876
C           -5.45536278103257       -4.02572593309711       -0.76338512314813
C           -4.06689992442102       -4.32352123892908       -0.21551254998494
O           -3.74180532003357       -5.31635440421484        0.36334356877550
O           -3.29346804021848       -3.24987543926657       -0.44687544494481
N           -1.97621913609852       -3.32747331390102        0.07461035265767
C           -1.34090244217780       -2.23765311386342        0.05435451302003
C            0.07209599853034       -2.16981176910883        0.54088873994752
C            0.37120944492113       -0.67225577783384        0.60648250633068
C           -0.52346278548203       -0.04685955361731       -0.47157734843517
C            0.11602315862172       -0.12559490907271       -1.86683803814999
C            1.42086249292328        0.62322499747388       -1.90777655542050
C            2.59588176277180        0.01917156776441       -2.03905408068993
O            1.20101835539698        1.96100050555680       -1.77644464388788
C            2.32031858076585        2.82358838230065       -1.66577731760499
C            2.97296613342376        2.71341452455512       -0.31903906217846
C            4.26543474793172        2.63804014253302       -0.02343418043125
C            5.38492906218711        2.63659772216685       -1.01681836019996
C            4.69587107502405        2.53341911071562        1.41775540866171
C            4.75479163278209        1.07193986207180        1.89683409141619
C            5.88383830562396        0.31151826287250        1.27681145781306
C            5.80611654639233       -0.87614093069729        0.68838359025969
C            7.01783323093238       -1.54995715618356        0.11657904540909
C            4.52089657533704       -1.64475763207137        0.55131467858251
C           -1.80908173328769       -0.88549196607518       -0.41358381175989
C           -2.85806138068888       -0.32401648256535        0.56141141842688
C           -3.60740828642691        0.87197865914395       -0.01927014214810
C           -4.65279811152980        1.40592439455642        0.95664746086367
C           -5.45761836711105        2.55917158646497        0.36243612473959
C           -6.51859025410573        3.06754484350073        1.33036758660112
H           -6.28049404441109       -1.40909039557946       -0.58396627799106
H           -7.06499873669723       -1.54404876127062        1.06519691434782
H           -6.46450237519177       -3.90692753979502        1.17502085010722
H           -5.36852603366637       -3.40319879641115       -1.65312299375392
H           -5.93955541946342       -4.97295730100926       -1.00050673097119
H            0.72068278446812       -2.67010911892201       -0.18052827283908
H            0.19035274689633       -2.68222644486950        1.49404002916098
H            0.09569728828471       -0.28112163972896        1.58698936313977
H            1.42341924969558       -0.45206177535779        0.43613706519103
H           -0.71853139771000        1.00432771187007       -0.25195041260132
H           -0.56870896258994        0.32757914296968       -2.58725231658261
H            0.28224190214566       -1.16492411837578       -2.14765105680611
H            2.63687475621031       -1.04647948878904       -2.16823758063174
H            3.53711051286048        0.53524363446915       -2.03880684155681
H            1.89449754130092        3.82754210479883       -1.78267213908003
H            3.01687308944814        2.64581116522409       -2.49142318122759
H            2.25161728595653        2.70032616064356        0.48910231250330
H            5.99564612777481        1.74613735878282       -0.86846887777470
H            5.03449448804910        2.65847499607984       -2.04416349963328
H            6.02065850626648        3.50724722312296       -0.85681660638945
H            3.98672731876293        3.07289853415179        2.04858207122079
H            5.67940419673502        2.98973129362746        1.54393554632671
H            3.80029524651618        0.59043996556035        1.68666704845983
H            4.89672391479607        1.07771791928316        2.98278937787645
H            6.84872388191417        0.79818333770521        1.35610388040647
H            7.91251286499684       -0.94927026077035        0.26127870875391
H            7.16806750825755       -2.51872681380945        0.59262387466027
H            6.88237378858008       -1.72373237418997       -0.95121365130538
H            4.67401927088590       -2.53898716272111       -0.04711655899408
H            3.75663494358904       -1.03664244087617        0.07052339371162
H            4.14687225512015       -1.94807194192599        1.52872047668187
H           -2.28119474070242       -0.98064277455204       -1.39660384545612
H           -2.36831875955940       -0.03690009586719        1.49406678859338
H           -3.58220868215693       -1.10798399624419        0.79384323269575
H           -4.10207181799950        0.56853383127805       -0.94523185049270
H           -2.90462467346980        1.66977400414208       -0.26840376227825
H           -5.33231470946220        0.59617220619203        1.23180609533936
H           -4.15724717247419        1.74445120759310        1.86966497094580
H           -4.78071480529175        3.37630841214749        0.10275564093817
H           -5.93959260170782        2.22474558144322       -0.55916721641271
H           -7.07875354471280        3.88847096580983        0.88890266065255
H           -7.21681836781977        2.27228288016807        1.58244487697623
H           -6.05831552743263        3.42151080493145        2.25020923886511
74
 energy: -94.782395890928 gnorm: 0.000825050759 xtb: 6.7.1 (edcfbbe)
C           -6.53166384795164       -2.01556605948129        0.25086058940563
C           -6.21698584786545       -3.29581902023397        0.30988851378344
C           -5.45727060336715       -4.02626883818823       -0.75764351098765
C           -4.06955849479360       -4.32123830394946       -0.20552137682464
O           -3.74642328820246       -5.31154556417341        0.37961804988236
O           -3.29499578359439       -3.25002979548766       -0.44222123376886
N           -1.97771043600110       -3.32774873707705        0.07966916520240
C           -1.34087255633497       -2.23886820555171        0.05778145454778
C            0.07221661315334       -2.17284635276877        0.54435961997729
C            0.37407224351965       -0.67577263876051        0.60860147944109
C           -0.52006467704322       -0.04949945329970       -0.46938860903820
C            0.11954757592689       -0.12941657687278       -1.86460113641888
C            1.42340598160475        0.62099154581476       -1.90713400231541
C            2.59931028893954        0.01825490607754       -2.03689084018355
O            1.20192419885366        1.95876855560524       -1.77857343026807
C            2.32016505721643        2.82256322934714       -1.66650287700659
C            2.97187082237723        2.71202341614951       -0.31934517521535
C            4.26421552395049        2.63919006204654       -0.02264281174968
C            5.38471654185831        2.64096303314306       -1.01483184642267
C            4.69334845331250        2.53276728985532        1.41879366283644
C            4.75154279891264        1.07047148133372        1.89537247070075
C            5.88226381707154        0.31161426994128        1.27635906426586
C            5.80573870471811       -0.87487363012280        0.68541501709456
C            7.01840950687722       -1.54791271520700        0.11473472579373
C            4.52058708642049       -1.64283388362442        0.54434997581775
C           -1.80679771092578       -0.88643612847462       -0.41151755243049
C           -2.85590558984438       -0.32322566196409        0.56227670054129
C           -3.60505691450847        0.87219617308196       -0.01995174744792
C           -4.65089112042663        1.40612689556264        0.95549910932172
C           -5.46034287612846        2.55521573981764        0.35960386454427
C           -6.51954634081804        3.06378400369821        1.32941953075230
H           -6.27579330116684       -1.40572206717733       -0.59968563695700
H           -7.06880250087930       -1.52778987539231        1.04621455188807
H           -6.47407077235484       -3.89032665797544        1.17614165616649
H           -5.36764285893258       -3.41167273342463       -1.65309837354572
H           -5.94144029159329       -4.97577305071651       -0.98771526480800
H            0.72008123557933       -2.67503785914594       -0.17636179107868
H            0.18929296733988       -2.68458916700394        1.49799741905184
H            0.10050318953452       -0.28335856530371        1.58911052792921
H            1.42655312845790       -0.45781284772637        0.43692801926862
H           -0.71394304942973        1.00198403445140       -0.25008894903422
H           -0.56574374241943        0.32182258550051       -2.58567267122224
H            0.28699581342799       -1.16903084269805       -2.14368806135394
H            2.64242759074692       -1.04753784288546       -2.16362394505326
H            3.53947697541036        0.53635910318448       -2.03703656583563
H            1.89318485636614        3.82602234374328       -1.78295622778495
H            3.01751570598894        2.64624864192773       -2.49178098904975
H            2.24971648183421        2.69627469104051        0.48801083286564
H            5.99616773850193        1.75080094296342       -0.86738495844415
H            5.03539571108699        2.66433281077861       -2.04255611278260
H            6.01941750621706        3.51193285857409       -0.85250188433523
H            3.98368734752781        3.07137475127199        2.04976574581409
H            5.67678495716645        2.98876506339465        1.54657485292861
H            3.79776954453185        0.58920923292788        1.68172653265376
H            4.89075683345861        1.07402825438929        2.98161844274725
H            6.84683242635328        0.79835799273547        1.35872997387163
H            7.91263373997732       -0.94678667730641        0.26044447356843
H            7.16862455351758       -2.51664809141663        0.59085939187289
H            6.88411846321652       -1.72166276958127       -0.95319754379953
H            4.67487493181988       -2.53687446969287       -0.05405081902806
H            3.75824792393254       -1.03393166512842        0.06155309144068
H            4.14336872088472       -1.94631907091499        1.52045067519647
H           -2.27829806051544       -0.98163273053327       -1.39481724580376
H           -2.36656438915128       -0.03515247338883        1.49484294955911
H           -3.58050054692012       -1.10662238735106        0.79529575119342
H           -4.09941130174888        0.56769095173878       -0.94571122104725
H           -2.90240219107339        1.66991993880357       -0.26963194279155
H           -5.32756284135343        0.59497168995501        1.23362521682132
H           -4.15520943793882        1.74859167573388        1.86697084222499
H           -4.78652276115853        3.37338592993310        0.09508094540758
H           -5.94438214429363        2.21643235963726       -0.55933806814810
H           -7.08370590218167        3.88165021768809        0.88741839186734
H           -7.21460861330852        2.26725827717329        1.58646290526045
H           -6.05707276343152        3.42183846102144        2.24660006129966
74
 energy: -94.782397678638 gnorm: 0.000325925099 xtb: 6.7.1 (edcfbbe)
C           -6.53119967141952       -2.01580331676050        0.24969820198400
C           -6.21697270295161       -3.29618160813412        0.30960713063099
C           -5.45697708282967       -4.02678638381193       -0.75749400745153
C           -4.06952891745724       -4.32138507091565       -0.20506090787598
O           -3.74673288252327       -5.31066109852934        0.38124069545400
O           -3.29464606787480       -3.25043577663128       -0.44200502103192
N           -1.97757568168527       -3.32779498062577        0.08033234381284
C           -1.34082957552951       -2.23886982664601        0.05827305361198
C            0.07220205030941       -2.17259055581158        0.54500812273579
C            0.37372475300222       -0.67544468788329        0.60913217601667
C           -0.52021242071071       -0.04946946765418       -0.46923574366606
C            0.11938245131469       -0.12943029477130       -1.86440961093251
C            1.42320692165265        0.62102699115771       -1.90699750992704
C            2.59900630031918        0.01829056851887       -2.03743866084607
O            1.20173459759391        1.95884283041732       -1.77863253315769
C            2.32003211291736        2.82248498320114       -1.66648074401458
C            2.97166622403210        2.71177132448979       -0.31930212236576
C            4.26400839339900        2.63900239175429       -0.02259922738778
C            5.38452907973721        2.64114647736243       -1.01478233198877
C            4.69316632434559        2.53261894096747        1.41884359618417
C            4.75192237053529        1.07038620139773        1.89561473985889
C            5.88239812812201        0.31150634065892        1.27624041349216
C            5.80593042162778       -0.87500485753982        0.68533690122339
C            7.01876173536239       -1.54781034954973        0.11472147423405
C            4.52091935350746       -1.64318505434610        0.54425879382297
C           -1.80685435007706       -0.88658171575336       -0.41142496658956
C           -2.85612654490198       -0.32324262407024        0.56213165831686
C           -3.60550687193973        0.87187042246573       -0.02037861169276
C           -4.65123857520832        1.40588668949767        0.95511679300622
C           -5.46040199035280        2.55537216236813        0.35942421344726
C           -6.51906279398801        3.06461174387132        1.32960162053276
H           -6.27549070949106       -1.40656935392014       -0.60166974701338
H           -7.06791719282914       -1.52707563963163        1.04494827353481
H           -6.47441008362921       -3.89029885214618        1.17587245947265
H           -5.36737587452445       -3.41265511954350       -1.65274575987501
H           -5.94134621127633       -4.97584864877219       -0.98738975365884
H            0.72013227039028       -2.67471361957948       -0.17572050395485
H            0.18937593967733       -2.68423511205313        1.49870238753602
H            0.09937244970301       -0.28304780113778        1.58946271471852
H            1.42625243322135       -0.45719457467515        0.43811133816005
H           -0.71425311218857        1.00202219487615       -0.25004283266547
H           -0.56599221400548        0.32179786605410       -2.58541397066922
H            0.28685353719619       -1.16901253472515       -2.14354763068993
H            2.64157811993122       -1.04753591257708       -2.16458575405352
H            3.53937450664760        0.53600745248580       -2.03858113003403
H            1.89323217535832        3.82606197549090       -1.78291131719127
H            3.01746404188608        2.64614201127700       -2.49169843764995
H            2.24954808621518        2.69580767449352        0.48807513443077
H            5.99592052418781        1.75087808376116       -0.86779437188506
H            5.03521961632333        2.66507921387843       -2.04245390095086
H            6.01929393281792        3.51196947869919       -0.85201791562372
H            3.98329191329908        3.07098185814196        2.04978252680100
H            5.67644707435373        2.98898179901349        1.54661611668405
H            3.79802544340459        0.58886904279288        1.68281016317560
H            4.89192307329427        1.07429467914447        2.98182254589812
H            6.84701645417910        0.79821357166075        1.35833736454366
H            7.91288344511670       -0.94661877003208        0.26077362568392
H            7.16897560442872       -2.51662593377027        0.59072747792446
H            6.88478976827184       -1.72140919995920       -0.95327159324709
H            4.67539210557829       -2.53711541464512       -0.05426888783811
H            3.75845925386680       -1.03436327234256        0.06156846824513
H            4.14381109694450       -1.94682942924805        1.52032513000510
H           -2.27817707170807       -0.98209480362961       -1.39479534658024
H           -2.36680959321659       -0.03474299187191        1.49460166815453
H           -3.58051917487243       -1.10672651777015        0.79544382640654
H           -4.09992642172827        0.56711214354493       -0.94603562860846
H           -2.90297018428359        1.66963084557319       -0.27033331044359
H           -5.32819312027021        0.59491468316850        1.23318309944830
H           -4.15544292603962        1.74810514972968        1.86667468963974
H           -4.78617639188827        3.37312258927586        0.09453793879000
H           -5.94500903213521        2.21664743133248       -0.55931508597742
H           -7.08305581244442        3.88267515218315        0.88761564922264
H           -7.21433583539189        2.26843133676459        1.58712113020584
H           -6.05595699276465        3.42282687003520        2.24650104331614
74
 energy: -94.782399566965 gnorm: 0.000522692837 xtb: 6.7.1 (edcfbbe)
C           -6.53052289305822       -2.01606670417831        0.24732174337645
C           -6.21690238934817       -3.29651546984486        0.30892044801602
C           -5.45637949295810       -4.02785446129395       -0.75737445532436
C           -4.06959959292447       -4.32150917036934       -0.20320120099117
O           -3.74704845649592       -5.30952292150673        0.38520826764082
O           -3.29417877629150       -3.25107884334888       -0.44154337444143
N           -1.97736985707664       -3.32791300778847        0.08135192854103
C           -1.34085889519160       -2.23885450339961        0.05910879757419
C            0.07206737206034       -2.17200199315620        0.54611771475813
C            0.37291562418020       -0.67471997952366        0.61008264144174
C           -0.52066829188528       -0.04935532838395       -0.46895948478130
C            0.11904262921410       -0.12948733823716       -1.86401807154420
C            1.42277310994779        0.62106871464720       -1.90742021957994
C            2.59840760048383        0.01829168028599       -2.03903533059320
O            1.20134043947446        1.95890031446031       -1.77880000450673
C            2.31974379986975        2.82226199377930       -1.66635524691541
C            2.97129296359137        2.71110839828778       -0.31916978053238
C            4.26364168246692        2.63856346442777       -0.02244770357164
C            5.38417815239093        2.64146667097401       -1.01462717021814
C            4.69282770667555        2.53224931544471        1.41900031752575
C            4.75270790985360        1.07016172529415        1.89609963250049
C            5.88280084528862        0.31139731173457        1.27599334583581
C            5.80645039468618       -0.87513361411462        0.68510207926077
C            7.01956292683091       -1.54758385214823        0.11464303234548
C            4.52168039994262       -1.64372381832723        0.54401715133398
C           -1.80711218718614       -0.88682192142052       -0.41119301242093
C           -2.85674761986864       -0.32337833979357        0.56190829303827
C           -3.60655940324596        0.87114685085386       -0.02119983621750
C           -4.65205502819587        1.40547378623619        0.95434172668927
C           -5.46054973896135        2.55567382200474        0.35898525586127
C           -6.51786583802915        3.06636627248127        1.32993192271275
H           -6.27386126627895       -1.40787216017724       -0.60466871441859
H           -7.06752009430746       -1.52592199284634        1.04160719595507
H           -6.47466735611442       -3.88973759016219        1.17557953203110
H           -5.36646436929857       -3.41431455737046       -1.65272239530897
H           -5.94050713238401       -4.97696572050640       -0.98680929447198
H            0.72023209355009       -2.67388873415814       -0.17457996494933
H            0.18945186065842       -2.68348858377479        1.49987596819290
H            0.09729294754153       -0.28231207067352        1.59008914800689
H            1.42549176049644       -0.45591584885201        0.44011042146780
H           -0.71503563562736        1.00215023697191       -0.25005746799806
H           -0.56649415417572        0.32159909940539       -2.58496119655434
H            0.28651459588911       -1.16907222165395       -2.14309250378606
H            2.64019881281752       -1.04766276308787       -2.16583941670021
H            3.53914881798434        0.53527452494673       -2.04072524418299
H            1.89323489559232        3.82601517404066       -1.78260222900332
H            3.01724856679408        2.64600950366915       -2.49154000472546
H            2.24919035656038        2.69468831731333        0.48820564605357
H            5.99541168394718        1.75094582862052       -0.86854955537963
H            5.03486376623524        2.66654020600054       -2.04224486545334
H            6.01909192894907        3.51200224779064       -0.85094859454896
H            3.98252359259843        3.07007324187525        2.04991524152104
H            5.67576876571469        2.98935537927015        1.54680360951649
H            3.79870042593438        0.58813229766637        1.68477185075776
H            4.89407977821179        1.07468413577180        2.98218361454822
H            6.84748169937597        0.79806748036659        1.35774815494014
H            7.91354198553383       -0.94633763155062        0.26133603186011
H            7.16971088411584       -2.51656724837270        0.59036694955439
H            6.88612935502485       -1.72082647484679       -0.95346950195098
H            4.67644604048986       -2.53744265030782       -0.05475769120193
H            3.75893658560722       -1.03507061810968        0.06155568864391
H            4.14481719860901       -1.94777273770569        1.52003664575329
H           -2.27810502764927       -0.98287153480188       -1.39467306286327
H           -2.36753627832324       -0.03408141651711        1.49420519494344
H           -3.58079696169245       -1.10701950016041        0.79571973725813
H           -4.10112307052812        0.56579289020778       -0.94659268252665
H           -2.90426251252578        1.66894680540447       -0.27176655759404
H           -5.32949364191274        0.59483252956506        1.23222024378400
H           -4.15605587295806        1.74717209236365        1.86602414541328
H           -4.78564174849547        3.37261155443911        0.09332353733694
H           -5.94631556124431        2.21717030086687       -0.55926445735006
H           -7.08153010633066        3.88473829538761        0.88802111564748
H           -7.21357825175481        2.27096005857003        1.58854326490863
H           -6.05353445293562        3.42477080108688        2.24619487888404
74
 energy: -94.782401970217 gnorm: 0.000547283141 xtb: 6.7.1 (edcfbbe)
C           -6.52927700140391       -2.01611134813161        0.24291549818874
C           -6.21661459058461       -3.29662220067608        0.30746003960711
C           -5.45497643415970       -4.02994764528988       -0.75691238796938
C           -4.06908449365955       -4.32218420475183       -0.20025310998448
O           -3.74740642525764       -5.30760803624722        0.39314911376099
O           -3.29300895321759       -3.25253163881334       -0.44119112902950
N           -1.97690193825316       -3.32805021363362        0.08341995442560
C           -1.34097263911718       -2.23866276718042        0.06079387368663
C            0.07183915302057       -2.17066542197209        0.54801188608996
C            0.37138210133567       -0.67312390302844        0.61161615988781
C           -0.52180814186713       -0.04899592768383       -0.46848211316124
C            0.11815340743643       -0.12980447322362       -1.86332793286110
C            1.42186848006936        0.62075775954676       -1.90727157873450
C            2.59725283020314        0.01788536071043       -2.04063728281587
O            1.20054708329308        1.95865703342056       -1.77868424995827
C            2.31916468647674        2.82160701854513       -1.66601428573160
C            2.97064140664651        2.70977517513076       -0.31884087247423
C            4.26300860570304        2.63774642734197       -0.02206031354492
C            5.38356361196021        2.64193841857402       -1.01422932365999
C            4.69222458990917        2.53149255973580        1.41938400652941
C            4.75414015438506        1.06962861352209        1.89690632380884
C            5.88382888099878        0.31127285578494        1.27569619617206
C            5.80771404842540       -0.87520673069068        0.68465585951229
C            7.02121688238216       -1.54710337935996        0.11431987986984
C            4.52329728214965       -1.64439172324318        0.54342896204736
C           -1.80780298029566       -0.88719674215754       -0.41071282975588
C           -2.85809613219348       -0.32366988092000        0.56159714099117
C           -3.60872675647378        0.86974972731464       -0.02268910477131
C           -4.65377054053558        1.40483041140166        0.95289347798853
C           -5.46089140206150        2.55626023446074        0.35805260692089
C           -6.51545462985846        3.06985441156744        1.33046503051398
H           -6.27132767064333       -1.41004685191034       -0.61016021181803
H           -7.06706198537377       -1.52372255251102        1.03525707157471
H           -6.47572166353902       -3.88833411176472        1.17470584133617
H           -5.36404956998438       -3.41774979120428       -1.65308587408184
H           -5.93870630142220       -4.97956792320369       -0.98523503724594
H            0.72045465470717       -2.67210369047478       -0.17260870660307
H            0.18962406000277       -2.68187684089866        1.50186112088970
H            0.09402153094787       -0.28064632991624        1.59113608462120
H            1.42396968724966       -0.45336865859876        0.44299693793673
H           -0.71681617308053        1.00255166568491       -0.25030283652024
H           -0.56744626399550        0.32090522211955       -2.58450035411724
H            0.28568418639522       -1.16949672959824       -2.14196553439726
H            2.63805038678451       -1.04807899767413       -2.16798988625967
H            3.53837162438687        0.53412233714014       -2.04440819738290
H            1.89308883674109        3.82560318111426       -1.78192488072644
H            3.01666696666867        2.64544205388678       -2.49122384140972
H            2.24849105309566        2.69246709122540        0.48847300994622
H            5.99442087187424        1.75088234304413       -0.86982618835163
H            5.03422862787139        2.66912009129019       -2.04178631850480
H            6.01885784666307        3.51188429818987       -0.84888913037628
H            3.98113722562362        3.06830475037695        2.05029079673445
H            5.67452775605434        2.98994979014224        1.54730324390586
H            3.80013735976474        0.58662766545811        1.68777154453619
H            4.89758712490407        1.07507035917636        2.98274225294540
H            6.84851134257548        0.79804778492691        1.35702586960361
H            7.91503742915744       -0.94589344951776        0.26212766169719
H            7.17113523441383       -2.51643042287131        0.58942672717562
H            6.88859096643574       -1.71956429123375       -0.95401672853062
H            4.67845922932877       -2.53766216362347       -0.05592519336773
H            3.76002061622088       -1.03593134621722        0.06154307230952
H            4.14689903307087       -1.94933393870098        1.51935501364421
H           -2.27827306132639       -0.98424128057927       -1.39434339031333
H           -2.36922409268793       -0.03299838593315        1.49365380141178
H           -3.58154344877647       -1.10763135313085        0.79617452477643
H           -4.10361993987199        0.56313077186538       -0.94748379326892
H           -2.90684877586820        1.66752712231204       -0.27454214800848
H           -5.33210641597881        0.59484323391862        1.23045600566102
H           -4.15740292723031        1.74562085627017        1.86472092450131
H           -4.78472003859889        3.37161158381526        0.09076838799149
H           -5.94887760746151        2.21816612638081       -0.55915994939116
H           -7.07850331355362        3.88874227309625        0.88873322391432
H           -7.21205751621881        2.27599198757478        1.59134353168605
H           -6.04871703084745        3.42848675054131        2.24541387915104
74
 energy: -94.782404432047 gnorm: 0.000535175919 xtb: 6.7.1 (edcfbbe)
C           -6.52871316808880       -2.01615219537712        0.23733589613427
C           -6.21690297307361       -3.29668443295820        0.30520504314067
C           -5.45316883070162       -4.03251565903493       -0.75603367456495
C           -4.06842998338958       -4.32249642188663       -0.19553248067401
O           -3.74766065553524       -5.30544282191402        0.40255577853393
O           -3.29162385274500       -3.25413729892311       -0.44035982481097
N           -1.97582283489365       -3.32836829360216        0.08502517914257
C           -1.34084285045400       -2.23843660498864        0.06222862958604
C            0.07166905412613       -2.16885218121351        0.55005204801578
C            0.36969368756191       -0.67100432252843        0.61305551053675
C           -0.52337345046403       -0.04850263218540       -0.46807136186588
C            0.11705002323989       -0.13036053027159       -1.86262563930839
C            1.42075797921901        0.62014015336735       -1.90765908011958
C            2.59592866809963        0.01714697091376       -2.04230401259351
O            1.19964465684446        1.95802591376634       -1.77838621054370
C            2.31847732814519        2.82061989932154       -1.66540746728605
C            2.96997171121657        2.70803038029101       -0.31828977998619
C            4.26236231023638        2.63675488688947       -0.02144309660667
C            5.38290588120578        2.64228023500555       -1.01361360922408
C            4.69161669829368        2.53055957474456        1.41998229322158
C            4.75563376556607        1.06884897805492        1.89767084499544
C            5.88528229374335        0.31125449594303        1.27549326858932
C            5.80945642927539       -0.87503386706212        0.68403202424225
C            7.02323511013992       -1.54642239350332        0.11363504409106
C            4.52532624593943       -1.64466991193138        0.54254903150492
C           -1.80876418400953       -0.88763130520355       -0.41017629829348
C           -2.85987318986947       -0.32425218958110        0.56131632917211
C           -3.61135348849797        0.86802512081414       -0.02426625905062
C           -4.65580528848387        1.40425426212522        0.95132049694638
C           -5.46132296625836        2.55695590249742        0.35687457653241
C           -6.51258364227565        3.07410538333500        1.33095599415184
H           -6.26811546199289       -1.41210940720339       -0.61626781781816
H           -7.06713085981953       -1.52146935472387        1.02774737595830
H           -6.47749254354409       -3.88646574855172        1.17336506091399
H           -5.36057592648468       -3.42228569170680       -1.65356310729759
H           -5.93619921038082       -4.98291166307952       -0.98310597909787
H            0.72092856938519       -2.66980023020913       -0.17032384197856
H            0.18977799847676       -2.67969155381368        1.50405437351075
H            0.09101997618994       -0.27828082631944        1.59210769245240
H            1.42220921140495       -0.45025102597900        0.44526010766343
H           -0.71919061510913        1.00311193709874       -0.25096580416830
H           -0.56848164583117        0.31967945352595       -2.58429354000814
H            0.28458543099185       -1.17028840712735       -2.14038275438898
H            2.63635149776145       -1.04889346279922       -2.16909978066521
H            3.53724904447954        0.53298927139348       -2.04632739307328
H            1.89268321394739        3.82478910237790       -1.78080255619319
H            3.01584421464729        2.64467285880274       -2.49077092612648
H            2.24771547576177        2.68977855652188        0.48891397955900
H            5.99325947037714        1.75057927410186       -0.87102067922400
H            5.03353264698973        2.67174446833123       -2.04110707592271
H            6.01872631529133        3.51151000037950       -0.84653463261441
H            3.97970066540930        3.06624465806033        2.05093492349182
H            5.67323783897520        2.99044025094180        1.54806667584478
H            3.80185856841791        0.58478925359379        1.69010087029031
H            4.90065294328921        1.07492934640804        2.98328324380895
H            6.84984499549489        0.79829095171630        1.35675885057567
H            7.91700107153428       -0.94539899607879        0.26254021218384
H            7.17282380795713       -2.51619555842907        0.58791950712511
H            6.89123260191870       -1.71786518812147       -0.95494172704406
H            4.68074234064665       -2.53732939818562       -0.05765982429389
H            3.76150808738596       -1.03620441372757        0.06150370070845
H            4.14947168096071       -1.95076931051585        1.51834732668689
H           -2.27876574982680       -0.98566727345575       -1.39391924164489
H           -2.37151032633327       -0.03219799025186        1.49320195613292
H           -3.58271495124185       -1.10858938608958        0.79653717801008
H           -4.10674552492583        0.55992281982234       -0.94828784537103
H           -2.90988735446772        1.66566348753544       -0.27771302344244
H           -5.33517371954032        0.59508695484956        1.22869144492771
H           -4.15896274030402        1.74416644292252        1.86319799613900
H           -4.78370638582942        3.37042709098568        0.08751017497175
H           -5.95191110738023        2.21921496991229       -0.55904709985835
H           -7.07492645259086        3.89355860199862        0.88942593004236
H           -7.21027057104460        2.28208114216597        1.59458976754534
H           -6.04296700522422        3.43295489806015        2.24431893090282
74
 energy: -94.782407608703 gnorm: 0.000483708467 xtb: 6.7.1 (edcfbbe)
C           -6.52738638794713       -2.01573883745677        0.23036950386224
C           -6.21670794819650       -3.29630332675494        0.30240956534400
C           -5.45069773256436       -4.03587848633772       -0.75457353398251
C           -4.06706308523671       -4.32339874377700       -0.18991127107148
O           -3.74794658801307       -5.30297476041773        0.41479920941912
O           -3.28954271013123       -3.25675004509644       -0.43965363987802
N           -1.97425415548555       -3.32880742182696        0.08736497516698
C           -1.34071140265891       -2.23803301732098        0.06424723994769
C            0.07152118543109       -2.16624630293748        0.55251341725064
C            0.36759569313393       -0.66797701848219        0.61442097600962
C           -0.52567598310156       -0.04778316327378       -0.46783678942225
C            0.11548212872252       -0.13133019438266       -1.86196616638287
C            1.41932279187060        0.61891235294535       -1.90738015915388
C            2.59433807093094        0.01577079261442       -2.04270635904192
O            1.19853122748913        1.95678641501357       -1.77757277167538
C            2.31759807726101        2.81907689429435       -1.66439302120212
C            2.96919020855913        2.70582672030003       -0.31735340815971
C            4.26162426157598        2.63558369097835       -0.02046020342613
C            5.38211084231296        2.64243679622271       -1.01267671392514
C            4.69097604715061        2.52933622431293        1.42092319628542
C            4.75728644920707        1.06767858628772        1.89842591597786
C            5.88735269553893        0.31134958508506        1.27540756458997
C            5.81195782351949       -0.87454099430184        0.68309712924175
C            7.02593425112908       -1.54530352606444        0.11235049095182
C            4.52807741705439       -1.64452616342620        0.54112633446157
C           -1.81018444350172       -0.88822356870893       -0.40948598645692
C           -2.86231597300367       -0.32512669612313        0.56104203768667
C           -3.61479434132652        0.86578364314442       -0.02612741162650
C           -4.65832108543148        1.40373485774737        0.94951856451319
C           -5.46187976099083        2.55785447254740        0.35527637609833
C           -6.50887046437229        3.07976466569217        1.33139744932999
H           -6.26455352801281       -1.41444440264722       -0.62438837315285
H           -7.06913676322320       -1.51911034303152        1.01720661699653
H           -6.48050888930898       -3.88366302953493        1.17133581114042
H           -5.35597391615649       -3.42888012095705       -1.65429841640606
H           -5.93290947030530       -4.98733207174826       -0.97942044922647
H            0.72173118187111       -2.66681706355530       -0.16727788527988
H            0.18994056328342       -2.67628342431338        1.50688879747677
H            0.08800949520824       -0.27467315182810        1.59296507397070
H            1.41991897745162       -0.44605610694459        0.44686788292204
H           -0.72255483548286        1.00395582113293       -0.25235570218698
H           -0.56967064008400        0.31774958385345       -2.58460030851043
H            0.28307169704376       -1.17164224632848       -2.13827823865999
H            2.63492794773700       -1.05021558107594       -2.16960276302788
H            3.53556592260469        0.53182042788447       -2.04704165093308
H            1.89198182537633        3.82336778366955       -1.77924586719236
H            3.01473946898185        2.64332566871092       -2.48997451834105
H            2.24680717941780        2.68647005039263        0.48972048093799
H            5.99173347408723        1.74989084632554       -0.87214242804135
H            5.03265594267268        2.67452844985397       -2.04007672915992
H            6.01871754874163        3.51071000487493       -0.84366283807208
H            3.97818694209294        3.06368545032598        2.05204078644042
H            5.67185167609922        2.99074718553029        1.54921867032163
H            3.80398858730540        0.58241781568712        1.69169908985319
H            4.90327802860429        1.07399623942691        2.98387361950819
H            6.85162933273189        0.79888073861767        1.35701147432982
H            7.91971916718733       -0.94460253254932        0.26244086938714
H            7.17514716855599       -2.51570664161887        0.58544153287863
H            6.89439399010543       -1.71533364506411       -0.95651082706553
H            4.68360527291659       -2.53623987671012       -0.06046125306490
H            3.76364635446242       -1.03577324080565        0.06141555090763
H            4.15293177891845       -1.95229409308444        1.51669767823926
H           -2.27974913841305       -0.98764991478027       -1.39328877787511
H           -2.37466576355085       -0.03153075361190        1.49280517202268
H           -3.58442541905219       -1.10997889135506        0.79683850097567
H           -4.11097932612850        0.55581328279569       -0.94908551483588
H           -2.91375556719740        1.66311009541292       -0.28171472316595
H           -5.33896374640174        0.59569891851990        1.22701391175846
H           -4.16074339063487        1.74283721879708        1.86127863857460
H           -4.78249717616158        3.36889434632018        0.08298026513260
H           -5.95583040472560        2.22030844967943       -0.55888024384573
H           -7.07026084112009        3.89991272920466        0.89000925861067
H           -7.20798253952319        2.29017402557316        1.59863984031017
H           -6.03556527696430        3.43897856850012        2.24268729743890
74
 energy: -94.782411073421 gnorm: 0.000636910166 xtb: 6.7.1 (edcfbbe)
C           -6.52790899166149       -2.01578300979568        0.21942550820729
C           -6.21781554132610       -3.29613707763974        0.29783471706589
C           -5.44733674244970       -4.04074889252875       -0.75224742488572
C           -4.06501061067013       -4.32470489843350       -0.18196702667820
O           -3.74833075297959       -5.29972854006087        0.43159768448951
O           -3.28665566969606       -3.26053035935782       -0.43838219003901
N           -1.97187053708188       -3.32944850144359        0.09062840890751
C           -1.34047007934046       -2.23744338752798        0.06691747894770
C            0.07130573002606       -2.16245339989446        0.55600510212822
C            0.36481901709766       -0.66359901985826        0.61578091010971
C           -0.52900546292705       -0.04683143748681       -0.46796088719980
C            0.11330211356158       -0.13283836514384       -1.86145999737306
C            1.41745080937028        0.61691546819106       -1.90622048385882
C            2.59239933016010        0.01358148976691       -2.04134632972975
O            1.19713641181529        1.95479406587966       -1.77604805485835
C            2.31645299352444        2.81680931656577       -1.66270996561818
C            2.96820778404719        2.70300696959818       -0.31575922443395
C            4.26072313452433        2.63411297059339       -0.01888837098502
C            5.38108257493940        2.64228228379150       -1.01123168807230
C            4.69031030065444        2.52770331953412        1.42240832506965
C            4.75909714244014        1.06592375532213        1.89914933754019
C            5.89018609512104        0.31153832865505        1.27549828275043
C            5.81551246590141       -0.87364084153769        0.68167563335088
C            7.02966462482686       -1.54336094275283        0.11007615240019
C            4.53189813251687       -1.64392544650350        0.53876624304445
C           -1.81222726714368       -0.88913669082725       -0.40878169051584
C           -2.86567968713285       -0.32646156160483        0.56058195785411
C           -3.61936030467395        0.86281265913091       -0.02843919651483
C           -4.66138408170367        1.40334991927369        0.94740767370419
C           -5.46255781024824        2.55905883315259        0.35310893734085
C           -6.50389239874702        3.08755757509219        1.33172740014021
H           -6.25928967800562       -1.41735817755379       -0.63546794029776
H           -7.07097555397386       -1.51571155149014        1.00307088524962
H           -6.48519876499274       -3.87950153457615        1.16846680427048
H           -5.34981346492995       -3.43880630125663       -1.65528117972911
H           -5.92811251109817       -4.99387914197897       -0.97343358081704
H            0.72297460556831       -2.66296703686443       -0.16250973215984
H            0.18986497852132       -2.67086818900302        1.51121982852815
H            0.08456140451353       -0.26912771494716        1.59363009912176
H            1.41682412287100       -0.44026828557157        0.44792690592999
H           -0.72742276289506        1.00509232381864       -0.25489529134564
H           -0.57101816462099        0.31496218818532       -2.58568357040246
H            0.28104618449054       -1.17369651117706       -2.13567206847661
H            2.63370461891814       -1.05221422529043       -2.16907116759736
H            3.53323946415691        0.53044632014787       -2.04587150622002
H            1.89093242897092        3.82118161175195       -1.77704350047099
H            3.01333607493724        2.64121110037394       -2.48852634163322
H            2.24573365890009        2.68245335266750        0.49121341588951
H            5.98966903123095        1.74863137317632       -0.87305548553004
H            5.03148155223739        2.67742579609831       -2.03849003765082
H            6.01881779613611        3.50928805329510       -0.84005651284463
H            3.97665354880196        3.06048817512124        2.05387425341818
H            5.67039837184570        2.99071450443807        1.55091802480953
H            3.80657676086518        0.57929661850526        1.69228612429905
H            4.90522925415496        1.07188009274528        2.98453182452530
H            6.85393690931571        0.79993347132620        1.35788124875739
H            7.92346592335926       -0.94302601927348        0.26152217476215
H            7.17862048513510       -2.51465331157607        0.58139545212021
H            6.89840426682493       -1.71139390265275       -0.95914590804895
H            4.68742608465902       -2.53411483196052       -0.06507251938991
H            3.76668655014727       -1.03448858566178        0.06118230851629
H            4.15775102956285       -1.95425357619040        1.51392895584846
H           -2.28135584111537       -0.99061616957030       -1.39258496981768
H           -2.37899473059656       -0.03110271251703        1.49228129050835
H           -3.58688965266266       -1.11199602695733        0.79690668664606
H           -4.11684662110504        0.55048048620810       -0.94988252091626
H           -2.91875368225730        1.65955062583359       -0.28701143234964
H           -5.34360846795428        0.59693027141398        1.22568432770363
H           -4.16257289114083        1.74187405101477        1.85869372972511
H           -4.78096180610231        3.36680899917264        0.07650284845336
H           -5.96101321489648        2.22133161971764       -0.55850797664205
H           -7.06390089760431        3.90858958449250        0.89027944993734
H           -7.20493521114588        2.30134049537133        1.60390202412256
H           -6.02571391183601        3.44745810908539        2.24017917973101
74
 energy: -94.782413618164 gnorm: 0.000434660829 xtb: 6.7.1 (edcfbbe)
C           -6.52707898115137       -2.01565678844150        0.21175485098305
C           -6.21812702104436       -3.29600944297579        0.29498916271673
C           -5.44502197765921       -4.04462100988036       -0.75013506950108
C           -4.06364316787199       -4.32570819942887       -0.17571231761886
O           -3.74863421251308       -5.29763982300569        0.44337720886995
O           -3.28464821003393       -3.26348289189374       -0.43685964742824
N           -1.96997384048936       -3.33011907542151        0.09303267654649
C           -1.34024072784125       -2.23717948490103        0.06873495597478
C            0.07098906965152       -2.15964286155577        0.55901384871447
C            0.36279262240524       -0.66036614690686        0.61654304417822
C           -0.53143497918235       -0.04635198898655       -0.46843087308170
C            0.11194131269334       -0.13394519794427       -1.86138404431837
C            1.41626953531726        0.61552515170845       -1.90562974244226
C            2.59127897006884        0.01206435248525       -2.03977097195397
O            1.19628833570830        1.95336411167144       -1.77485839592575
C            2.31569611973998        2.81524196089067       -1.66122450934467
C            2.96753621640207        2.70126095033229       -0.31431063188923
C            4.26012540162671        2.63317921404526       -0.01755945568449
C            5.38035978343589        2.64185887460034       -1.01005064740693
C            4.68999936919242        2.52657012292310        1.42364366426294
C            4.75988884858163        1.06454096749819        1.89943620167525
C            5.89192423219392        0.31168531164805        1.27558241528585
C            5.81796371429050       -0.87284665818959        0.68037949652641
C            7.03231629045797       -1.54144677314499        0.10793274156239
C            4.53461438717462       -1.64341995990880        0.53659977887670
C           -1.81369294305457       -0.89003727529620       -0.40854200279659
C           -2.86800728247524       -0.32756090315342        0.56007430320680
C           -3.62231619113431        0.86083387134706       -0.02994075341811
C           -4.66294147630535        1.40348278233796        0.94623800816253
C           -5.46284910301481        2.55989031078510        0.35156880212450
C           -6.50036179291976        3.09312811168385        1.33165254101868
H           -6.25727767448441       -1.42028263057054       -0.64485985334171
H           -7.07395084004221       -1.51355944760568        0.99148143477280
H           -6.48967917832991       -3.87649699155078        1.16626682344901
H           -5.34553591518374       -3.44649208101937       -1.65544637603346
H           -5.92495669197645       -4.99886927474407       -0.96839210666067
H            0.72387393338948       -2.66063366223061       -0.15804126455588
H            0.18925203871416       -2.66630781636840        1.51520969881134
H            0.08213572332957       -0.26460446740332        1.59373706342788
H            1.41457913712263       -0.43620158076420        0.44831166777721
H           -0.73109325467944        1.00569326811128       -0.25721475634047
H           -0.57164120065302        0.31304705850350       -2.58676899770103
H            0.27982974743683       -1.17513913560665       -2.13423409665140
H            2.63321953554203       -1.05370278452260       -2.16722776041071
H            3.53188433150683        0.52942457787253       -2.04270709818219
H            1.89017609581688        3.81963420200688       -1.77534360069662
H            3.01253259613877        2.63975139547427       -2.48710285743423
H            2.24511825098642        2.68022113876189        0.49269844376545
H            5.98825337211072        1.74753842028108       -0.87307838613119
H            5.03064474727770        2.67858836479761       -2.03719900069270
H            6.01884675566798        3.50808335172410       -0.83783762211723
H            3.97607110236254        3.05853521378722        2.05547679418400
H            5.66977357829170        2.99021910993141        1.55219646844586
H            3.80793036256238        0.57724694597018        1.69157096950791
H            4.90531432624197        1.06968660346691        2.98490497812921
H            6.85524153574705        0.80076296906813        1.35877487751614
H            7.92597790696221       -0.94110379486806        0.26016525139725
H            7.18151528718056       -2.51336266290585        0.57787998098272
H            6.90105916806892       -1.70803115321623       -0.96152553933827
H            4.69016966939885       -2.53225189615805       -0.06921980593656
H            3.76878568401373       -1.03334912308850        0.06083208624144
H            4.16128090176945       -1.95595137062430        1.51136962795773
H           -2.28256771505247       -0.99314944493304       -1.39230075006449
H           -2.38189277049716       -0.03124324975593        1.49176302796490
H           -3.58869100190071       -1.11350534117495        0.79666164796730
H           -4.12098336456713        0.54710236560384       -0.95025834895367
H           -2.92185776355546        1.65698898594946       -0.29068835741932
H           -5.34608243908488        0.59828614981676        1.22579508974114
H           -4.16294141029450        1.74215506860305        1.85682127480873
H           -4.77992524336983        3.36534696548131        0.07158919048773
H           -5.96440896600976        2.22152874155884       -0.55809427750407
H           -7.05932688925522        3.91467933006879        0.88983731480251
H           -7.20273661344465        2.30935312319673        1.60733443440303
H           -6.01892915757111        3.45377294619507        2.23807989456985
74
 energy: -94.782415484411 gnorm: 0.000309758852 xtb: 6.7.1 (edcfbbe)
C           -6.52727928148824       -2.01607478449465        0.20594868842523
C           -6.21871551545761       -3.29626616585636        0.29311776681772
C           -5.44387857990875       -4.04761469321423       -0.74866039667269
C           -4.06302193805363       -4.32668400781729       -0.17192440782879
O           -3.74904149750975       -5.29627353225564        0.45120598080671
O           -3.28365892685580       -3.26558242159080       -0.43581261508660
N           -1.96938272925186       -3.33044666011588        0.09553804211592
C           -1.34048692165610       -2.23703968866159        0.07040482305417
C            0.07040406972342       -2.15794369331517        0.56145788399197
C            0.36133310646986       -0.65841519682511        0.61709444359432
C           -0.53290495073670       -0.04622677454409       -0.46890614448661
C            0.11134871789849       -0.13456625085006       -1.86141504204724
C            1.41575892679094        0.61482708310226       -1.90480727297786
C            2.59085060559297        0.01130802920646       -2.03797618007295
O            1.19587630382051        1.95266824245640       -1.77398999497359
C            2.31527928206697        2.81449604438217       -1.66015739806588
C            2.96711997603717        2.70066032005952       -0.31322031308104
C            4.25976004537806        2.63279466685859       -0.01662186582473
C            5.37989680232188        2.64138993843347       -1.00923541311702
C            4.68987113987871        2.52587655363188        1.42449799916292
C            4.75992948679836        1.06359759402058        1.89951388471069
C            5.89252457577032        0.31172296952318        1.27550985343214
C            5.81924284924437       -0.87231632554290        0.67924056569667
C            7.03395142323814       -1.53972644147175        0.10619394636200
C            4.53628491513870       -1.64340855510296        0.53480666167841
C           -1.81459711701561       -0.89073582571373       -0.40853498780819
C           -2.86933658693703       -0.32817285392975        0.55960557239381
C           -3.62374891038501        0.85988343508695       -0.03090447159383
C           -4.66315970306673        1.40399636546839        0.94574705260319
C           -5.46278938250472        2.56035816510852        0.35051756269516
C           -6.49814602100322        3.09646290747915        1.33130132173948
H           -6.25549527421367       -1.42266104152483       -0.65148967052081
H           -7.07599524926066       -1.51200950361419        0.98317120593166
H           -6.49197817033725       -3.87429765766454        1.16540780700808
H           -5.34354321067632       -3.45230116975292       -1.65553042025253
H           -5.92309370517010       -5.00263603370534       -0.96454906444819
H            0.72418223940435       -2.65974852555385       -0.15421738950620
H            0.18811262507954       -2.66297864576239        1.51858588213840
H            0.08024725160919       -0.26144969660310        1.59367953010558
H            1.41304042561498       -0.43392106776501        0.44881129761337
H           -0.73338840388718        1.00588654094912       -0.25883947050985
H           -0.57168723946333        0.31213431310033       -2.58747565730972
H            0.27941624811770       -1.17587198251255       -2.13371444361065
H            2.63285045580104       -1.05444825526252       -2.16557637520134
H            3.53144519871885        0.52870131995024       -2.04009035798955
H            1.88978743122224        3.81889909200997       -1.77437948251631
H            3.01224570912125        2.63895012030553       -2.48592371281215
H            2.24483268074503        2.67957865911763        0.49389795571403
H            5.98748677129331        1.74682070800144       -0.87254329821400
H            5.03012703870966        2.67851753390421       -2.03633019648445
H            6.01870646019255        3.50731812478072       -0.83682867318362
H            3.97606168055361        3.05759218869835        2.05665558709519
H            5.66966571034814        2.98949031615302        1.55301165568438
H            3.80822502511826        0.57616827746997        1.69068191222053
H            4.90464872848251        1.06792628456840        2.98509839333168
H            6.85558140036262        0.80119814673703        1.35933370722867
H            7.92726390053348       -0.93896852331129        0.25884951881146
H            7.18380416515709       -2.51198061214968        0.57523915528033
H            6.90268781303255       -1.70543072963715       -0.96340131936766
H            4.69205583688197       -2.53110941180908       -0.07260519929745
H            3.76985090323815       -1.03298883638816        0.06049764335706
H            4.16364010309744       -1.95777134125779        1.50923836301505
H           -2.28329057786358       -0.99510145029043       -1.39224445952184
H           -2.38342647101428       -0.03148457938548        1.49128961068171
H           -3.58986259960373       -1.11423359547288        0.79628472824811
H           -4.12338934445891        0.54551116756056       -0.95047459725059
H           -2.92322374178180        1.65553339649320       -0.29301715587965
H           -5.34655653705849        0.59952024307496        1.22676967504735
H           -4.16209341079303        1.74329827067719        1.85553684005146
H           -4.77936649387563        3.36455605657029        0.06820907707370
H           -5.96614357969316        2.22109725963462       -0.55782574619004
H           -7.05655664983281        3.91815371087754        0.88899135278065
H           -7.20122723870003        2.31413327089652        1.60914442094370
H           -6.01493206915287        3.45785921441861        2.23649764788114
74
 energy: -94.782417893782 gnorm: 0.000293818573 xtb: 6.7.1 (edcfbbe)
C           -6.52804588991168       -2.01699605797532        0.19789446590120
C           -6.21977486746768       -3.29686066165927        0.29083659833276
C           -5.44271534416344       -4.05194423387257       -0.74658334852589
C           -4.06267454989191       -4.32793966393336       -0.16649331418461
O           -3.74949238717659       -5.29458053636072        0.46152864752846
O           -3.28293192728785       -3.26805923475311       -0.43394297291277
N           -1.96908773337816       -3.33086016194065        0.09887981339426
C           -1.34096788722046       -2.23705059104553        0.07245791512736
C            0.06920280995726       -2.15610591831178        0.56534541721600
C            0.35943061990575       -0.65633453833369        0.61814857249594
C           -0.53444552637318       -0.04633567999403       -0.46942013412423
C            0.11097802853814       -0.13519882149129       -1.86133989118365
C            1.41542051023328        0.61429170454651       -1.90317831716381
C            2.59065413067636        0.01076437255606       -2.03506303381432
O            1.19545583745781        1.95217983947719       -1.77271936957571
C            2.31479311492931        2.81402309842432       -1.65876725129348
C            2.96659284131316        2.70049186074531       -0.31177562932202
C            4.25928868867103        2.63242396530531       -0.01541626727855
C            5.37932389366092        2.64063529640588       -1.00816920036628
C            4.68967818669266        2.52505292213114        1.42559824621607
C            4.75940243809904        1.06235633656065        1.89945569854786
C            5.89262482915196        0.31154552313583        1.27539346082135
C            5.82046411913287       -0.87180876317521        0.67761671811798
C            7.03589956058078       -1.53703453063486        0.10359451407027
C            4.53829031554628       -1.64396687409252        0.53211204340056
C           -1.81552233761131       -0.89176125339398       -0.40884448961709
C           -2.87066824725690       -0.32879820177280        0.55868427371697
C           -3.62479159572105        0.85922352066392       -0.03210313872460
C           -4.66243230404266        1.40535255417303        0.94528710346360
C           -5.46246795896539        2.56098615934130        0.34909979066484
C           -6.49567051994173        3.10015006863627        1.33046841111442
H           -6.25444397616352       -1.42678977113730       -0.66128058588602
H           -7.07783685550859       -1.50953792985245        0.97218590000067
H           -6.49502400967595       -3.87148208611926        1.16465778201629
H           -5.34153854229180       -3.46038602422400       -1.65560924635615
H           -5.92101343149628       -5.00804898563259       -0.95910605845573
H            0.72423411608368       -2.65934005256000       -0.14815617404026
H            0.18569796992842       -2.65878745670470        1.52388524667684
H            0.07756350072806       -0.25761428224503        1.59379968483877
H            1.41115245015286       -0.43172957315550        0.45014027933514
H           -0.73602349643234        1.00582721174704       -0.26061794562640
H           -0.57136510286925        0.31133606283172       -2.58816690609665
H            0.27944502256273       -1.17653059452095       -2.13328880840402
H            2.63233235915466       -1.05498699749702       -2.16311489398819
H            3.53138649812731        0.52788160626284       -2.03669452729667
H            1.88936054855366        3.81843153862985       -1.77333890182147
H            3.01201538234418        2.63826593214793       -2.48428938129509
H            2.24452673510525        2.67980767819774        0.49553931606929
H            5.98684983116997        1.74607352906329       -0.87117251264564
H            5.02950718071935        2.67740206269748       -2.03524446908022
H            6.01820898390748        3.50657182769468       -0.83612132742825
H            3.97625911216813        3.05675705771288        2.05818586766413
H            5.66971373328038        2.98818559404838        1.55405315752788
H            3.80789557854747        0.57502226182715        1.68929380644156
H            4.90312644418589        1.06552517970647        2.98518886297050
H            6.85532213453560        0.80164810903778        1.35978426466589
H            7.92843238272062       -0.93521975144136        0.25668910295657
H            7.18720809732610       -2.50960635568408        0.57151370984697
H            6.90462189231725       -1.70172294144229       -0.96616140302502
H            4.69461823041429       -2.52988814921822       -0.07775651417494
H            3.77072115868708       -1.03322335617323        0.06009315441659
H            4.16683425434431       -1.96127349105474        1.50602994267586
H           -2.28386904291422       -0.99761671015502       -1.39254739926859
H           -2.38498207932516       -0.03197577737613        1.49045383427442
H           -3.59131754026021       -1.11474602263372        0.79533037654966
H           -4.12584214186121        0.54436669437982       -0.95072817799097
H           -2.92393823323301        1.65403068042471       -0.29589534128529
H           -5.34567229933527        0.60166320678560        1.22899296435183
H           -4.15969587048995        1.74619264243292        1.85360759428500
H           -4.77894361599579        3.36398778539638        0.06367713838997
H           -5.96773327193134        2.21992575672761       -0.55752011569488
H           -7.05373796171017        3.92168071475436        0.88735793676539
H           -7.19925724361944        2.31925659213568        1.61093488014263
H           -6.01060973015071        3.46282508486514        2.23419237777510
74
 energy: -94.782419602303 gnorm: 0.000294229270 xtb: 6.7.1 (edcfbbe)
C           -6.52870175944741       -2.01778678383264        0.19011598209575
C           -6.22063040842040       -3.29728161716658        0.28874705351118
C           -5.44179726363239       -4.05632747148767       -0.74457965714116
C           -4.06242806555880       -4.32932813198732       -0.16172461502922
O           -3.74986410597563       -5.29283031837352        0.47145978521552
O           -3.28250473524169       -3.27026980802410       -0.43237421029030
N           -1.96937243440054       -3.33103476002840        0.10243731686618
C           -1.34171513461707       -2.23699391898141        0.07481511601779
C            0.06788552914471       -2.15473739144843        0.56914069403823
C            0.35771672125662       -0.65479991736124        0.61965054692036
C           -0.53560917085829       -0.04650719101504       -0.46934487898867
C            0.11096973103071       -0.13574298411866       -1.86068620503277
C            1.41523992026046        0.61409999360920       -1.90219568458701
C            2.59059166384236        0.01067436676734       -2.03342790848096
O            1.19501507416540        1.95196530686193       -1.77167749030214
C            2.31424971005909        2.81391171744613       -1.65761902727544
C            2.96603755934916        2.70059698310841       -0.31060774263185
C            4.25875200363138        2.63214673824188       -0.01440349078167
C            5.37873365683114        2.64005054534509       -1.00722727096018
C            4.68924801907657        2.52415305648391        1.42653201951234
C            4.75878781642723        1.06111349956621        1.89944249740898
C            5.89242430641988        0.31135183241162        1.27494771319442
C            5.82138917104494       -0.87140085185923        0.67584096125515
C            7.03767634477746       -1.53450202962238        0.10113952941740
C            4.54016599354127       -1.64495109663883        0.52959862626440
C           -1.81630270649902       -0.89254060254168       -0.40876000610272
C           -2.87193499325378       -0.32910332962455        0.55795715018093
C           -3.62540712656619        0.85901176713611       -0.03339163212250
C           -4.66134787250885        1.40709276908371        0.94469515234874
C           -5.46216025955663        2.56167362982034        0.34750675420913
C           -6.49358544072392        3.10316973184639        1.32948266621589
H           -6.25337556856635       -1.43101456465636       -0.67090112230123
H           -7.07950153307331       -1.50690504167841        0.96148487714278
H           -6.49693859267948       -3.86843365344905        1.16448397860185
H           -5.33977316983697       -3.46848780123538       -1.65587917821213
H           -5.91936592162823       -5.01353424521311       -0.95370678652512
H            0.72397747608726       -2.65924576432749       -0.14248518111477
H            0.18317874080899       -2.65549409222957        1.52883675751806
H            0.07510913008744       -0.25451732378488        1.59445350332976
H            1.40951081372321       -0.43026870221216        0.45202888904285
H           -0.73803076220915        1.00569977068829       -0.26155518121790
H           -0.57096998111635        0.31046230035203       -2.58809220836868
H            0.27985206574985       -1.17710171119360       -2.13228223809979
H            2.63194544834799       -1.05518928118499       -2.16089098675738
H            3.53153504531466        0.52735056858121       -2.03400816572338
H            1.88879402520602        3.81828946939091       -1.77238255403057
H            3.01161878017772        2.63809789485450       -2.48301354735603
H            2.24409243703768        2.68015841858559        0.49681539047439
H            5.98652752072771        1.74575152339513       -0.86971456222939
H            5.02889490547030        2.67609806674431       -2.03432154364033
H            6.01735488384300        3.50629358078976       -0.83571890037746
H            3.97605403762775        3.05571402713309        2.05947743370066
H            5.66942770635737        2.98696416850879        1.55508928460140
H            3.80742565224083        0.57381542545307        1.68843578587301
H            4.90201468975460        1.06336584772306        2.98524735349482
H            6.85483473935917        0.80193608965904        1.36000107736416
H            7.92935785274948       -0.93152155686462        0.25464377179561
H            7.19049443030192       -2.50729703301225        0.56810650572204
H            6.90647767740864       -1.69835137115585       -0.96875348987405
H            4.69715298688674       -2.52903250847877       -0.08278353778850
H            3.77120252288690       -1.03408327616568        0.06003543954133
H            4.17016995494134       -1.96538761236089        1.50306188518196
H           -2.28413568440952       -0.99960660032643       -1.39255892417759
H           -2.38654043665567       -0.03226421014291        1.48988175719508
H           -3.59289271751311       -1.11482632471589        0.79441541064862
H           -4.12772521136659        0.54376057400954       -0.95119059303890
H           -2.92408312416235        1.65291768546489       -0.29866784412653
H           -5.34422569083304        0.60403261068941        1.23108827306377
H           -4.15703125846064        1.74961514431496        1.85152658487883
H           -4.77889524174173        3.36390430720809        0.05928406797159
H           -5.96902103009457        2.21881127802761       -0.55756116488210
H           -7.05179163684896        3.92425799879539        0.88571503750254
H           -7.19723857490530        2.32320322317260        1.61235966739996
H           -6.00698913065571        3.46718896727234        2.23186705566956
74
 energy: -94.782419936112 gnorm: 0.000482017527 xtb: 6.7.1 (edcfbbe)
C           -6.52935762898313       -2.01857750968996        0.18233749829031
C           -6.22148594937311       -3.29770257267388        0.28665750868961
C           -5.44087918310134       -4.06071070910277       -0.74257596575643
C           -4.06218158122568       -4.33071660004128       -0.15695591587383
O           -3.75023582477467       -5.29108010038633        0.48139092290258
O           -3.28207754319553       -3.27248038129509       -0.43080544766783
N           -1.96965713542292       -3.33120935811616        0.10599482033810
C           -1.34246238201368       -2.23693724691729        0.07717231690823
C            0.06656824833215       -2.15336886458508        0.57293597086046
C            0.35600282260750       -0.65326529638879        0.62115252134477
C           -0.53677281534339       -0.04667870203605       -0.46926962385310
C            0.11096143352328       -0.13628714674604       -1.86003251888189
C            1.41505933028763        0.61390828267190       -1.90121305201022
C            2.59052919700836        0.01058436097863       -2.03179278314760
O            1.19457431087299        1.95175077424667       -1.77063561102856
C            2.31370630518888        2.81380033646794       -1.65647080325739
C            2.96548227738517        2.70070210547152       -0.30943985594168
C            4.25821531859173        2.63186951117845       -0.01339071428479
C            5.37814342000135        2.63946579428430       -1.00628534155409
C            4.68881785146048        2.52325319083668        1.42746579280861
C            4.75817319475543        1.05987066257176        1.89942929627010
C            5.89222378368781        0.31115814168742        1.27450196556749
C            5.82231422295701       -0.87099294054325        0.67406520439233
C            7.03945312897415       -1.53196952860990        0.09868454476453
C            4.54204167153626       -1.64593531918515        0.52708520912824
C           -1.81708307538673       -0.89331995168938       -0.40867552258835
C           -2.87320173925066       -0.32940845747630        0.55723002664488
C           -3.62602265741132        0.85880001360829       -0.03468012552041
C           -4.66026344097504        1.40883298399439        0.94410320123387
C           -5.46185256014787        2.56236110029938        0.34591371775342
C           -6.49150036150611        3.10618939505651        1.32849692131735
H           -6.25230716096918       -1.43523935817541       -0.68052165871645
H           -7.08116621063803       -1.50427215350437        0.95078385428489
H           -6.49885317568301       -3.86538522077885        1.16431017518740
H           -5.33800779738215       -3.47658957824676       -1.65614911006812
H           -5.91771841176018       -5.01901950479363       -0.94830751459451
H            0.72372083609084       -2.65915147609498       -0.13681418818929
H            0.18065951168955       -2.65220072775443        1.53378826835929
H            0.07265475944682       -0.25142036532473        1.59510732182075
H            1.40786917729355       -0.42880783126881        0.45391749875056
H           -0.74003802798596        1.00557232962953       -0.26249241680941
H           -0.57057485936345        0.30958853787235       -2.58801751064071
H            0.28025910893697       -1.17767282786625       -2.13127566779556
H            2.63155853754132       -1.05539156487296       -2.15866707952656
H            3.53168359250202        0.52681953089958       -2.03132180415008
H            1.88822750185837        3.81814740015196       -1.77142620623967
H            3.01122217801125        2.63792985756107       -2.48173771341697
H            2.24365813897011        2.68050915897344        0.49809146487949
H            5.98620521028546        1.74542951772696       -0.86825661181313
H            5.02828263022126        2.67479407079114       -2.03339861820045
H            6.01650078377852        3.50601533388483       -0.83531647332667
H            3.97584896308737        3.05467099655330        2.06076899973720
H            5.66914167943436        2.98574274296920        1.55612541167492
H            3.80695572593418        0.57260858907898        1.68757776530445
H            4.90090293532331        1.06120651573966        2.98530584401915
H            6.85434734418275        0.80222407028030        1.36021789006244
H            7.93028332277835       -0.92782336228788        0.25259844063465
H            7.19378076327775       -2.50498771034041        0.56469930159710
H            6.90833346250003       -1.69497980086940       -0.97134557672307
H            4.69968774335920       -2.52817686773932       -0.08781056140206
H            3.77168388708671       -1.03494319615813        0.05997772466607
H            4.17350565553837       -1.96950173366704        1.50009382768805
H           -2.28440232590482       -1.00159649049783       -1.39257044908660
H           -2.38809879398617       -0.03255264290969        1.48930968011574
H           -3.59446789476601       -1.11490662679807        0.79350044474759
H           -4.12960828087196        0.54315445363926       -0.95165300808683
H           -2.92422801509168        1.65180469050507       -0.30144034696778
H           -5.34277908233082        0.60640201459322        1.23318358177571
H           -4.15436664643132        1.75303764619700        1.84944557547266
H           -4.77884686748768        3.36382082901980        0.05489099755321
H           -5.97030878825780        2.21769679932760       -0.55760221406932
H           -7.04984531198775        3.92683528283643        0.88407213823969
H           -7.19521990619116        2.32714985420953        1.61378445465730
H           -6.00336853116070        3.47155284967954        2.22954173356401
