34
 energy: -45.996458535033 gnorm: 0.056114133447 xtb: 6.7.1 (edcfbbe)
C            5.16156704891000        0.51560449885200       -0.76920085294300
C            3.77833355796200        0.52232874509900       -0.14357046097700
C            3.43880561909900       -0.82198445242700        0.49078370931200
O            2.14633718373700       -0.75802840074700        1.11473318903600
C            1.08284250180400       -1.01616258880600        0.30505608899600
O            1.14816085901900       -1.29919666552300       -0.88450327674200
C           -0.20015800596200       -0.93610698233900        1.09547242875700
C           -1.41856332840200       -0.57129517468000        0.22759739391400
O           -1.62203588747500       -1.59176010997700       -0.75671111301700
C           -2.67729269753200       -0.55461780796700        1.11998937534400
C           -3.93340107522700       -0.12357901596000        0.36146988456600
C           -3.73910567010700        1.22464111175600       -0.32190872829500
C           -2.51382466145200        1.21950533061700       -1.22817253272000
C           -1.25314468700600        0.79147635285700       -0.47420182504700
H            5.23159894600800       -0.24110249988500       -1.55710530648300
H            5.93038518314200        0.30365165505900       -0.01935299113600
H            5.38137618926900        1.49094336733800       -1.21445600882900
H            3.03174753822400        0.77809302740000       -0.90427965288800
H            3.71646933145100        1.31123595318200        0.61551762007500
H            4.15998834255100       -1.05729826199400        1.28111058615000
H            3.48443716342900       -1.64062676887600       -0.23743800390700
H           -0.34153129594300       -1.91909311410000        1.56041448921200
H           -0.07862336877100       -0.18786959488500        1.88803831278600
H           -0.81864598817800       -1.62696080176700       -1.31661382854300
H           -2.85628941053800       -1.55524770898700        1.53339757744200
H           -2.52481869610400        0.12517884684300        1.96812517350100
H           -4.19336851363300       -0.88118508563600       -0.38773609627800
H           -4.77838881841400       -0.06430245685500        1.05695687515200
H           -3.62750555470100        2.00716664303500        0.43870898871600
H           -4.63098203248300        1.47383468997200       -0.90774066616500
H           -2.36533889258600        2.22047473154600       -1.64924629841300
H           -2.68599028474700        0.54300648581500       -2.07420249819600
H           -0.43247391605600        0.75811462162000       -1.19964040465100
H           -1.00056667928600        1.56116143041900        0.26611383233200
34
 energy: -46.000316387224 gnorm: 0.017731517373 xtb: 6.7.1 (edcfbbe)
C            5.16651521784127        0.51652711934739       -0.77092862473715
C            3.77964065845974        0.52864872226271       -0.14907663022886
C            3.43370907561400       -0.81167792851258        0.48850909229257
O            2.13938052267756       -0.76786648455159        1.09721559192678
C            1.08314986628602       -1.01143089475470        0.30159671107713
O            1.16431398359400       -1.28765886601976       -0.87109733279396
C           -0.20483664464239       -0.91674347693511        1.08263022580520
C           -1.43705532824433       -0.57471403289683        0.21572542860035
O           -1.63608451341052       -1.59312267462416       -0.75538984932558
C           -2.68261803224411       -0.55151212044175        1.11510878388946
C           -3.93307734548345       -0.12353059125257        0.35241920813157
C           -3.73774759375864        1.23136042640220       -0.31638013356370
C           -2.51330558811971        1.21211090815907       -1.22298392228388
C           -1.25421784146423        0.79290890026843       -0.46382030418680
H            5.23212070302791       -0.24015633396749       -1.55150536601303
H            5.92693114744226        0.30242057032466       -0.02067713825291
H            5.38775043480563        1.48549417663897       -1.21531057696060
H            3.03241864642491        0.76221441506997       -0.91314589423280
H            3.71834919305055        1.30534712078178        0.61918624736625
H            4.13695389215555       -1.05081181948302        1.29290053197903
H            3.45975736881938       -1.61524092201428       -0.25572323122355
H           -0.36242178756352       -1.89722222395639        1.54205388610381
H           -0.07541801699203       -0.18665783755956        1.88485177860224
H           -0.82708177146151       -1.63702400483453       -1.29347065037665
H           -2.83636240655341       -1.55411663471614        1.52299796723145
H           -2.50877658055877        0.13288178004194        1.95094212636730
H           -4.16676678074839       -0.87843983496097       -0.40239098791713
H           -4.77461821874611       -0.07342004593598        1.04942650696165
H           -3.61649172168837        2.00597429814994        0.44775234733586
H           -4.62564142006807        1.48129063281327       -0.90343506658341
H           -2.35578124359700        2.20733749212740       -1.64901139549591
H           -2.68413592990877        0.51932031489449       -2.05168292028115
H           -0.41967106990176        0.73944194298158       -1.16948981804948
H           -1.00888087504170        1.54806790715262        0.28960838889692
34
 energy: -46.000955292203 gnorm: 0.007532901928 xtb: 6.7.1 (edcfbbe)
C            5.16793062889378        0.51456010438121       -0.76967613920906
C            3.77710196773414        0.53505592012807       -0.15304096486343
C            3.42565519096415       -0.80661528372115        0.48249505148578
O            2.13042428182628       -0.76546056471302        1.08327001407964
C            1.07848047481600       -1.00327899677858        0.29686868346782
O            1.16547532500877       -1.28116867498224       -0.87197657768458
C           -0.20621427016749       -0.91394320377774        1.08368458643206
C           -1.44136315891596       -0.57598401087512        0.21374551785417
O           -1.63803648884361       -1.59023235176967       -0.74868642007467
C           -2.68253783320037       -0.55039354523939        1.11504741530289
C           -3.92907994926569       -0.12566411542897        0.34629962180017
C           -3.73012223867427        1.23489369874439       -0.31131711778272
C           -2.51012256924509        1.21089161538137       -1.22459064287364
C           -1.25634254622768        0.79425645028850       -0.45825233342758
H            5.23025301003644       -0.24393257404671       -1.54576792527852
H            5.92096535353683        0.29853432962057       -0.01557395855007
H            5.39296738250375        1.47997968664581       -1.21420380831899
H            3.03504791561932        0.75878387780909       -0.92249684647081
H            3.71714997541256        1.31049984571623        0.61412055897038
H            4.11564982756942       -1.04834196879690        1.29530937113433
H            3.44448196298522       -1.60225067026565       -0.27018791111241
H           -0.36821296940259       -1.89521929205444        1.53947610996147
H           -0.07596953424075       -0.18921653031992        1.88702925216775
H           -0.82737132847033       -1.64406160112063       -1.27576467215738
H           -2.83031604167865       -1.55148621285627        1.52289537613534
H           -2.50290610347571        0.13949760732597        1.94212807505762
H           -4.14028134719341       -0.87396974308138       -0.41884588894117
H           -4.77698924208188       -0.08733900366685        1.03449217112594
H           -3.59991502236525        2.00092192270780        0.45789964992234
H           -4.61671303466889        1.49217812526872       -0.89452252185333
H           -2.35214115900164        2.19933720660322       -1.66323664170881
H           -2.68180599923164        0.50042700595635       -2.03567849463104
H           -0.41175440179506        0.73975367619824       -1.14990125472067
H           -1.02338805875874        1.53898727071812        0.30636364482214
34
 energy: -46.001130192030 gnorm: 0.003815544507 xtb: 6.7.1 (edcfbbe)
C            5.16904574943128        0.51301950581340       -0.76895487673611
C            3.77475945712560        0.53994937145560       -0.15806298636948
C            3.42022525115962       -0.80188435302276        0.47759662894813
O            2.12479656821403       -0.76046407128955        1.07703129330915
C            1.07420853314891       -1.00424539696834        0.29597093399699
O            1.15980220133327       -1.27826055775374       -0.87577365960883
C           -0.20797556321731       -0.91619358955136        1.08625876771936
C           -1.44328992103261       -0.57720917711248        0.21494054912872
O           -1.63848872258853       -1.58828268281698       -0.74552896998242
C           -2.68436356050105       -0.54924325840720        1.11666974138126
C           -3.92685426044873       -0.12729578135836        0.33978521004728
C           -3.72490964263009        1.23781093913357       -0.30837047146430
C           -2.50607376137774        1.20648779805623       -1.22379689123066
C           -1.25457734990007        0.79632775771609       -0.45150488104063
H            5.23055539004553       -0.24796062765517       -1.54239010059989
H            5.91673990267643        0.29533065222290       -0.01027699722430
H            5.39956478670425        1.47648237100808       -1.21448335343892
H            3.03701014148807        0.76150402082655       -0.93132506731024
H            3.71443235322611        1.31689904633093        0.60647715369789
H            4.10596106528678       -1.04467077082211        1.29201821018020
H            3.43851423176150       -1.59457043475954       -0.27774148642885
H           -0.37125906961085       -1.89865039160799        1.53873980823379
H           -0.07641329031660       -0.19287723072669        1.88983402628640
H           -0.82466815939733       -1.65121376883213       -1.26571803671324
H           -2.83303834788468       -1.54833522743376        1.52760727324458
H           -2.50614680472164        0.14479247012846        1.93970828180894
H           -4.12289089995544       -0.87097098838071       -0.43347018839713
H           -4.78270572561137       -0.09812907398793        1.01780951403366
H           -3.58555407419015        1.99694074764045        0.46570456205904
H           -4.61160011746281        1.50494511503924       -0.88667275110207
H           -2.34884346947826        2.18921163048652       -1.67387398434116
H           -2.67887000400459        0.48543167545140       -2.02474503408109
H           -0.40389831133234        0.74764814653233       -1.13529889663010
H           -1.03319457593724        1.53767613464411        0.31924165868500
34
 energy: -46.001236574762 gnorm: 0.003507392461 xtb: 6.7.1 (edcfbbe)
C            5.17137008082191        0.51130489488965       -0.76869606988555
C            3.77327812517185        0.54511454346777       -0.16567705023796
C            3.41546957086985       -0.79586621438149        0.47103596936210
O            2.12061353329451       -0.75115089831459        1.07205438288279
C            1.06911729606026       -1.00264262160510        0.29645830429267
O            1.14992027828792       -1.28149948595206       -0.87644412992010
C           -0.21009919004713       -0.92165679227526        1.09126391621555
C           -1.44461515436021       -0.57916229054331        0.21941959896004
O           -1.63913501535166       -1.58553198115955       -0.74325477800191
C           -2.68889936723236       -0.54849462887274        1.11804799064688
C           -3.92629059726670       -0.12911454637042        0.33101855170732
C           -3.71904936798764        1.24054628660872       -0.30630956008315
C           -2.50109751246163        1.20203756878872       -1.22291080639944
C           -1.25375629892972        0.79841494456844       -0.44140834369740
H            5.23388723905107       -0.25261119753714       -1.53951931588105
H            5.91305537472735        0.29213672473995       -0.00415517568123
H            5.40935227816468        1.47264792162832       -1.21560558366708
H            3.04028027574390        0.76653796468980       -0.94324782440788
H            3.71112626237692        1.32487496762285        0.59554023214614
H            4.10079844735115       -1.03992998495741        1.28439624806590
H            3.43271396266408       -1.58744690091272       -0.28507222150402
H           -0.37206956583163       -1.90571134870816        1.54050877082554
H           -0.07777710045295       -0.19900937968006        1.89519449785726
H           -0.82051405807167       -1.65755666091486       -1.25595269420268
H           -2.84043362942670       -1.54513448422743        1.53407757195795
H           -2.51497960140582        0.15001060779562        1.93808729755731
H           -4.10620073875482       -0.86783504852290       -0.45094210162136
H           -4.79221598855520       -0.11070504935010        0.99636573486061
H           -3.56902254213659        1.99150153014849        0.47388335072766
H           -4.60545763837303        1.52127620141960       -0.87871213476179
H           -2.34393771331118        2.17821507721495       -1.68657395072849
H           -2.67357150933218        0.46990783741881       -2.01378072330898
H           -0.39601264049231        0.75851030122922       -1.11644014122502
H           -1.04584749480240        1.53802214205346        0.33475516721033
34
 energy: -46.001273604506 gnorm: 0.002567195756 xtb: 6.7.1 (edcfbbe)
C            5.17350911327108        0.51100933058332       -0.76935481897925
C            3.77332562623094        0.54803099204763       -0.17192474701089
C            3.41319766693504       -0.79114582714438        0.46666876394613
O            2.11950223675761       -0.74440830390591        1.07088023163225
C            1.06671667299963       -1.00623419508233        0.29935124092752
O            1.14420161181576       -1.29006934684254       -0.87289240121618
C           -0.21203018193816       -0.92538744777949        1.09507676085041
C           -1.44533725987526       -0.57959038101455        0.22349610820421
O           -1.63988901233924       -1.58329691581945       -0.74284380668228
C           -2.69291702080620       -0.54883671148220        1.11847114594891
C           -3.92676796068301       -0.13005059360523        0.32521227667511
C           -3.71643880978081        1.24143005638099       -0.30663147296313
C           -2.49770970349959        1.20020310699052       -1.22164372180969
C           -1.25303375333041        0.79977244234295       -0.43449519874920
H            5.23823288125566       -0.25457238373381       -1.53867179769946
H            5.91183654841824        0.29179025919319       -0.00129047509697
H            5.41586289530674        1.47103303755009       -1.21719879363536
H            3.04305254726131        0.76973821452175       -0.95231985502155
H            3.70905505826506        1.32994381070236        0.58726365894040
H            4.10105809275189       -1.03537671846994        1.27813086669152
H            3.42872621015384       -1.58431468503046       -0.28777503548043
H           -0.37388274377412       -1.91027842037634        1.54235831082412
H           -0.07957972739076       -0.20378022728317        1.90040599155684
H           -0.81833237823496       -1.65836085573450       -1.25147482559123
H           -2.84671064886215       -1.54444628722728        1.53698534729680
H           -2.52276594719920        0.15136857337491        1.93820288851706
H           -4.09979780008164       -0.86658438834081       -0.46016228983663
H           -4.79756832395129       -0.11634340029667        0.98397366390130
H           -3.56229846878960        1.98814349839323        0.47687595455399
H           -4.60194052399931        1.52938847171726       -0.87675153959509
H           -2.33965299569785        2.17346073820239       -1.69080725409487
H           -2.66817848123512        0.46398030308797       -2.00904318394100
H           -0.39117681341881        0.76458667225349       -1.10453049564282
H           -1.05226860653344        1.53919758182611        0.34386348264045
34
 energy: -46.001298763567 gnorm: 0.001343861093 xtb: 6.7.1 (edcfbbe)
C            5.17588131470295        0.51104897056442       -0.77049957913152
C            3.77364900616243        0.55048864557927       -0.17902970105155
C            3.41091771696178       -0.78605812837995        0.46264155830963
O            2.11858658721744       -0.73569926457251        1.07025361161283
C            1.06450692982289       -1.00887239198904        0.30281839790342
O            1.14030380147172       -1.30418626985242       -0.86646482792814
C           -0.21435568979270       -0.92878198715946        1.09920840288765
C           -1.44611443746237       -0.57981980695284        0.22774864312737
O           -1.64068727233759       -1.58126575863215       -0.74290198588182
C           -2.69699712281503       -0.54973073697333        1.11851496154812
C           -3.92753769891832       -0.13087843932709        0.31993558897170
C           -3.71443022831538        1.24159309035134       -0.30804222549583
C           -2.49370366476662        1.19980686250375       -1.21977835485322
C           -1.25198888986457        0.80081217843360       -0.42725059079576
H            5.24377360500887       -0.25615872312966       -1.53813323336693
H            5.91110882306479        0.29282896139536        0.00095783848318
H            5.42157140644508        1.46978506899407       -1.21942715795607
H            3.04628311780698        0.77178448451671       -0.96269945146745
H            3.70672218457525        1.33483091676389        0.57787180214048
H            4.10194920733658       -1.03032410724553        1.27219987462540
H            3.42310850664626       -1.58175501967216       -0.28941647406458
H           -0.37654343752270       -1.91455918686677        1.54453645637459
H           -0.08227634659608       -0.20879405652318        1.90645342994649
H           -0.81673535905879       -1.65730680018053       -1.24801689985260
H           -2.85260397776815       -1.54513207656320        1.53740053221946
H           -2.53069048360009        0.15072150386463        1.93922641201036
H           -4.09598902945158       -0.86616020318714       -0.46737096895317
H           -4.80167124459341       -0.11968320070747        0.97394932216526
H           -3.55973973916771        1.98553857068736        0.47788579276269
H           -4.59823413784188        1.53374305706802       -0.87827431134379
H           -2.33405976673929        2.17175893379101       -1.69075914609815
H           -2.66101162353040        0.46198226100290       -2.00622579200271
H           -0.38647705849576        0.76847801389555       -1.09271015085860
H           -1.05651499858281        1.53996463850169        0.35280320607417
34
 energy: -46.001323382070 gnorm: 0.002450978542 xtb: 6.7.1 (edcfbbe)
C            5.17887358534843        0.51180716108898       -0.77252582493503
C            3.77338953153016        0.55410053446185       -0.18986728503893
C            3.40712556185423       -0.77809797354431        0.45775145233449
O            2.11656440682429       -0.72234540780053        1.06924087581636
C            1.06166526087248       -1.01592766029731        0.30867687291886
O            1.13732070389679       -1.32867333057437       -0.85553550345350
C           -0.21775768114191       -0.93372054360757        1.10505062708760
C           -1.44710705974631       -0.57977921864276        0.23331301390149
O           -1.64182156260399       -1.57848724215396       -0.74254002339579
C           -2.70192454046430       -0.55147913372382        1.11835017593351
C           -3.92840868413825       -0.13158385454897        0.31392976693605
C           -3.71206526745074        1.24142189378145       -0.31112433976470
C           -2.48684243959221        1.20176685499444       -1.21648367614842
C           -1.24949410237145        0.80186631862861       -0.41749727752227
H            5.25199339256895       -0.25830384461737       -1.53687511670419
H            5.90967979526322        0.29655161721415        0.00397202405555
H            5.42786313317995        1.46857844164592       -1.22372844423205
H            3.05055442719071        0.77232453835699       -0.97900934289489
H            3.70196733309267        1.34246900374246        0.56285575362583
H            4.10160771312415       -1.02136187928525        1.26561528675863
H            3.41398387108392       -1.57798753146505       -0.29023278172465
H           -0.38238834271940       -1.92089566117880        1.54669517961754
H           -0.08548794432345       -0.21695013920221        1.91536825271252
H           -0.81491136929767       -1.65610917457262       -1.24274717816103
H           -2.85939120483661       -1.54768239717468        1.53476296837879
H           -2.54018244763290        0.14748269852301        1.94153800481280
H           -4.09288552335580       -0.86620481174943       -0.47464386240469
H           -4.80556356064625       -0.12119341057315        0.96362558123521
H           -3.56146139991623        1.98382725588535        0.47688169632191
H           -4.59271777220095        1.53470907832192       -0.88513147657906
H           -2.32457436712570        2.17425664359624       -1.68519836101979
H           -2.64898684301654        0.46474316462047       -2.00466794021930
H           -0.37968138747710        0.77115839257724       -1.07739681385238
H           -1.05893521577048        1.53971961727226        0.36498269566443
34
 energy: -46.001341749653 gnorm: 0.002244438895 xtb: 6.7.1 (edcfbbe)
C            5.17965407468306        0.51247186769783       -0.77361752054578
C            3.77216612532722        0.55619598384506       -0.19563705362467
C            3.40459635036066       -0.77368432853315        0.45608747541041
O            2.11427528510753       -0.71463206884916        1.06772442454154
C            1.05983999908356       -1.01919188278995        0.31111119745112
O            1.13667686631914       -1.34299744392731       -0.84994986072510
C           -0.21940273693861       -0.93682000023912        1.10774397159237
C           -1.44759267651828       -0.58037955775430        0.23520648015854
O           -1.64215525530430       -1.57764655543272       -0.74217625609894
C           -2.70349879429627       -0.55264243768437        1.11830971310128
C           -3.92818433424285       -0.13157529411759        0.31171705107475
C           -3.71076546525434        1.24157182008422       -0.31289121104326
C           -2.48231271720700        1.20398553704867       -1.21418036560447
C           -1.24723604485116        0.80192442841002       -0.41276211465539
H            5.25553402186588       -0.25998769385468       -1.53525669984824
H            5.90795440632148        0.29993442858736        0.00589835768150
H            5.42959391321286        1.46793884591246       -1.22694445015480
H            3.05196402763486        0.77079221825667       -0.98809642898806
H            3.69803869959434        1.34731109389227        0.55383240585189
H            4.09912471137848       -1.01546192878140        1.26433820917359
H            3.40950651383682       -1.57554550585246       -0.28974262971571
H           -0.38598914192753       -1.92482297203940        1.54694521687420
H           -0.08654647030046       -0.22182737546801        1.91929425374470
H           -0.81373549071172       -1.65789590705232       -1.23936879979376
H           -2.86185743543197       -1.54963212633038        1.53222005300176
H           -2.54314762050707        0.14485722081581        1.94290769591621
H           -4.09171600975068       -0.86615262731397       -0.47711878458923
H           -4.80631441030540       -0.12037669075780        0.96015968464330
H           -3.56451177078103        1.98449075785738        0.47548988028835
H           -4.58960951609586        1.53303502520958       -0.89069505483947
H           -2.31865072296518        2.17804671711790       -1.67920792162735
H           -2.64197780336941        0.46920819161998       -2.00495700741487
H           -0.37574892757411        0.77128254663543       -1.07044160524664
H           -1.05797165039105        1.53822571378664        0.37146267407114
34
 energy: -46.001373282940 gnorm: 0.001585954229 xtb: 6.7.1 (edcfbbe)
C            5.18066475584013        0.51486866301545       -0.77664422631890
C            3.76759195523918        0.56259658903769       -0.21147369161850
C            3.39778419155475       -0.76089775499961        0.45249219770562
O            2.10735086714336       -0.69456362829164        1.06300164572769
C            1.05507450531906       -1.03183600393155        0.31764364089067
O            1.13460270028896       -1.38238308021739       -0.83590596188854
C           -0.22343234311665       -0.94728710854307        1.11444938190319
C           -1.44855066762920       -0.58305802106584        0.23959243303477
O           -1.64326100178216       -1.57545825965459       -0.74162749942181
C           -2.70732020333880       -0.55554807201248        1.11786838847166
C           -3.92746774711909       -0.13082475251305        0.30625373625531
C           -3.70642820202978        1.24268189787322       -0.31713542756908
C           -2.46944261225053        1.21089760488568       -1.20775255596219
C           -1.24073129569969        0.80153646575486       -0.40027918010238
H            5.26421227254991       -0.26519009324304       -1.52967355225784
H            5.90198592810827        0.31107688384871        0.01161596006812
H            5.43303535017372        1.46620648426510       -1.23716028887713
H            3.05426524185930        0.76563526770483       -1.01297865748871
H            3.68554857206612        1.36197619020548        0.52810676993125
H            4.09131501045886       -0.99644890605704        1.26304010530481
H            3.40027665036715       -1.56867597845827       -0.28665410759631
H           -0.39612316764609       -1.93732982109186        1.54674924002488
H           -0.08847183925105       -0.23685234679428        1.92908398162641
H           -0.81015510652919       -1.66601328866269       -1.22945740737841
H           -2.86894246795906       -1.55423180023014        1.52590377040624
H           -2.54957947059323        0.13823194310051        1.94577352716884
H           -4.08881784073094       -0.86488372002187       -0.48359634522864
H           -4.80834119138024       -0.11755659235788        0.95126827258539
H           -3.57191084126221        1.98719705157569        0.47206617384534
H           -4.58046897019884        1.52934896934814       -0.90511449510369
H           -2.30177319526992        2.18943373322749       -1.66245223863462
H           -2.62309666115340        0.48292079716976       -2.00611006180000
H           -0.36514058117428        0.77146883440819       -1.05257426916156
H           -1.05425259485307        1.53296185272480        0.38908572151894
34
 energy: -46.001387678544 gnorm: 0.001183546129 xtb: 6.7.1 (edcfbbe)
C            5.17922997844413        0.51746303759146       -0.77921422781005
C            3.76243014297051        0.56765952066069       -0.22307275269353
C            3.39275033688127       -0.75083950030614        0.45139683975685
O            2.10101940829597       -0.68126384484871        1.05879445917343
C            1.05152599443320       -1.04165402296881        0.32158535954126
O            1.13285921468579       -1.41108439525020       -0.82628000699522
C           -0.22635712832873       -0.95765259021172        1.11830452422939
C           -1.44911073196368       -0.58693845010286        0.24146323591746
O           -1.64423855330829       -1.57452799735585       -0.74278477761544
C           -2.70963047976116       -0.55780966832536        1.11721990017880
C           -3.92611854230994       -0.12925859293444        0.30207860549341
C           -3.70184800487605        1.24494145537354       -0.31915245851174
C           -2.45929415262942        1.21589191357686       -1.20244576876068
C           -1.23506753729816        0.80019737002351       -0.39155001074478
H            5.26862489839426       -0.26973646705991       -1.52411570569215
H            5.89569779050743        0.32238891006701        0.01560844232938
H            5.43285603815491        1.46484870519918       -1.24714704064475
H            3.05354931923350        0.76056840867446       -1.03075472554198
H            3.67414291796791        1.37415899822298        0.50777883425093
H            4.08467209484932       -0.97867357486635        1.26517835178125
H            3.39769967192471       -1.56403209059923       -0.28151477158308
H           -0.40346383421615       -1.94891122296848        1.54571610364126
H           -0.09033502142050       -0.25006750007847        1.93496259797513
H           -0.80728429622954       -1.67564898799126       -1.22230527909034
H           -2.87508920033432       -1.55673612848556        1.52310880331141
H           -2.55247491013729        0.13430985020996        1.94644148081160
H           -4.08624108731518       -0.86200095344595       -0.48927915382869
H           -4.80919870671834       -0.11502280529304        0.94415156125669
H           -3.57386246126015        1.98969577343055        0.47099280435301
H           -4.57252551378316        1.53032769522202       -0.91306587979366
H           -2.28818003612511        2.19726976980302       -1.64993356523105
H           -2.60968565797055        0.49340333784966       -2.00643959431208
H           -0.35674994282914        0.77132115035092       -1.04040028122102
H           -1.05030200792694        1.52741289683591        0.40207907612973
34
 energy: -46.001400397052 gnorm: 0.001281278653 xtb: 6.7.1 (edcfbbe)
C            5.17528571400217        0.51973178391733       -0.78102829405908
C            3.75779285808850        0.56977302071537       -0.22722647369513
C            3.39118709519978       -0.74619052893232        0.45370592368353
O            2.09765499165027       -0.67889546105331        1.05741736291578
C            1.05100308365843       -1.04800930591215        0.32263383155817
O            1.13350356380455       -1.42209265319241       -0.82316441579952
C           -0.22733095400436       -0.96458957019061        1.11825483430842
C           -1.44879247771933       -0.59031688747892        0.24050322977381
O           -1.64492228941802       -1.57492643948553       -0.74541483540819
C           -2.70975062885938       -0.55854692667923        1.11591740221120
C           -3.92504890642817       -0.12729299632698        0.30064763879094
C           -3.69797337708325        1.24753707439116       -0.31816794582157
C           -2.45467785209331        1.21827210128494       -1.20008699895090
C           -1.23195153983473        0.79823612832688       -0.38933122516314
H            5.26749093553684       -0.27208817393840       -1.52051496234302
H            5.89096866161058        0.33159050937797        0.01598175826462
H            5.42766061477486        1.46453246193794       -1.25473584760322
H            3.04937476990609        0.75640325682378       -1.03646806441053
H            3.66665474728890        1.38007384939198        0.49875826155760
H            4.08170672120361       -0.96636751784858        1.27075235292309
H            3.40235733889654       -1.56354723288882       -0.27449819576419
H           -0.40652687773513       -1.95603204121247        1.54382155944329
H           -0.09173146934104       -0.25786248688187        1.93583731790616
H           -0.80658492639883       -1.68247947268742       -1.22067795466000
H           -2.87792287263368       -1.55667290674552        1.52283681497726
H           -2.55099206064848        0.13371887500580        1.94470452184669
H           -4.08549937550873       -0.85845914386515       -0.49218191924100
H           -4.80880046718612       -0.11310301961785        0.94174797870110
H           -3.56995450564555        1.99105054843187        0.47302471307855
H           -4.56755168798836        1.53509577223726       -0.91244059725548
H           -2.28134602542820        2.20038900775802       -1.64499453447856
H           -2.60556734572122        0.49837581118936       -2.00627843044554
H           -0.35346247713318        0.76949839712769       -1.03794511890360
H           -1.04625297881109        1.52319416701970        0.40601529212317
34
 energy: -46.001416126370 gnorm: 0.001493712232 xtb: 6.7.1 (edcfbbe)
C            5.16945422384133        0.52271046871805       -0.78423248015391
C            3.75135808626146        0.57229617942227       -0.23254253174149
C            3.38942034404372       -0.73986150873124        0.45788324090671
O            2.09377764612107       -0.67486724584654        1.05743971883989
C            1.05060556089518       -1.05556875366836        0.32407870157669
O            1.13494796946256       -1.43937176670212       -0.81907879760251
C           -0.22917846709896       -0.97318615143815        1.11795829413685
C           -1.44848950213695       -0.59428674062124        0.23926654164701
O           -1.64612861763003       -1.57527357156984       -0.74981254938162
C           -2.71023242289133       -0.56002611063545        1.11387761261502
C           -3.92351357585040       -0.12478499503927        0.29784321738619
C           -3.69239760701371        1.25147470943207       -0.31606016409825
C           -2.44872532532568        1.22086539238331       -1.19708397205150
C           -1.22744848158321        0.79578391923135       -0.38667111257726
H            5.26562960948247       -0.27538295373250       -1.51653034196332
H            5.88492094669153        0.34437845639654        0.01536173819798
H            5.41932184458094        1.46411506748884       -1.26613916925079
H            3.04283078759851        0.75078981148435       -1.04360193286982
H            3.65664988951814        1.38769507930515        0.48737677422617
H            4.07889548032820       -0.94927482873534        1.27895476553843
H            3.40840840416702       -1.56376828417880       -0.26322965316873
H           -0.41047453051767       -1.96512309530064        1.54114252089634
H           -0.09474413010258       -0.26779339220990        1.93715956570056
H           -0.80579480324836       -1.68983438164222       -1.21964465732652
H           -2.88167968248458       -1.55726841070672        1.52200408715108
H           -2.54985226038665        0.13242340587480        1.94237289826491
H           -4.08388319716886       -0.85320938380654       -0.49763796477476
H           -4.80844214248660       -0.11147462938668        0.93726383795032
H           -3.56205050523371        1.99157558724410        0.47798050644909
H           -4.56083444320403        1.54441528840040       -0.90926764401303
H           -2.27224722538926        2.20333680729122       -1.63986292555425
H           -2.60090102186498        0.50331985249034       -2.00518881359382
H           -0.34848922188948        0.76704998780088       -1.03482122237216
H           -1.04071362948441        1.51812619098750        0.41084689107118
34
 energy: -46.001435587904 gnorm: 0.001339161049 xtb: 6.7.1 (edcfbbe)
C            5.16002120241643        0.52703657890776       -0.78916987112098
C            3.74238166958822        0.57363466743337       -0.23645091060309
C            3.38844945810104       -0.73421092707996        0.46606020840892
O            2.09040454728526       -0.67434861353314        1.06082280684151
C            1.05146583375361       -1.06450246492779        0.32651404765320
O            1.13947286852204       -1.45298860511815       -0.81437620657354
C           -0.23113280748735       -0.98267193034252        1.11663354633942
C           -1.44743000816520       -0.59820550668552        0.23681715536254
O           -1.64676793138814       -1.57644132110371       -0.75523471596966
C           -2.70959814370005       -0.56187197634441        1.11074028687650
C           -3.92135631904349       -0.12104040669106        0.29570986043840
C           -3.68526578490311        1.25674201318612       -0.31253305988320
C           -2.44246207917288        1.22431540395520       -1.19465918784166
C           -1.22184415123248        0.79224053036211       -0.38657688129797
H            5.26051968034181       -0.27847174660263       -1.51282458611222
H            5.87766768832969        0.36201998186730        0.01153058044023
H            5.40353683604722        1.46468998280426       -1.28172831658923
H            3.03179920888223        0.74130482321907       -1.04832234344979
H            3.64398497693869        1.39495906094726        0.47648671667314
H            4.07696577915965       -0.92944250228263        1.29174708580935
H            3.41720603306905       -1.56590180455335       -0.24619972736081
H           -0.41517054174867       -1.97583376022976        1.53599515819329
H           -0.09791329158114       -0.27989450871194        1.93846762325295
H           -0.80477510531662       -1.69688323847822       -1.22022658626818
H           -2.88401230623764       -1.55893249683961        1.51806791815569
H           -2.54703751402853        0.12930336624049        1.93998890778229
H           -4.08346284164867       -0.84614539344826       -0.50242278827739
H           -4.80646132606459       -0.10765604922497        0.93480549902712
H           -3.55091637644621        1.99256919312467        0.48492271886310
H           -4.55292748515559        1.55635463992765       -0.90357842307125
H           -2.26251614982232        2.20743283017007       -1.63480371877656
H           -2.59800953953092        0.50954015332359       -2.00473715614237
H           -0.34391102095817        0.76105653886624       -1.03603715793104
H           -1.03090505880280        1.51224348786228        0.41197649721185
34
 energy: -46.001461329482 gnorm: 0.001477514563 xtb: 6.7.1 (edcfbbe)
C            5.14622804857685        0.53310313905796       -0.79704295671856
C            3.72867174969223        0.57514705995673       -0.24351709305588
C            3.38620580107209       -0.72571077623153        0.47769184520583
O            2.08554971162105       -0.67114528605676        1.06700759486756
C            1.05208559125323       -1.07442146738893        0.33145038387371
O            1.14649980641913       -1.47279817730647       -0.80554118413383
C           -0.23402482767050       -0.99563068884125        1.11655577969511
C           -1.44572422758800       -0.60370488527722        0.23438294593596
O           -1.64613774712793       -1.57856536658672       -0.76166991978841
C           -2.70945031182218       -0.56545865593623        1.10589705752282
C           -3.91836241790405       -0.11563686536718        0.29168037727993
C           -3.67399330994179        1.26452556630266       -0.30768156024898
C           -2.43203005154234        1.22910429930519       -1.19091292207842
C           -1.21312850916091        0.78717206837758       -0.38515272784315
H            5.25382484353184       -0.28323772013533       -1.50764843258499
H            5.86666963521719        0.38822575436074        0.00540042071689
H            5.37990896264057        1.46503191048500       -1.30532931068931
H            3.01577029285092        0.72551516064984       -1.05713552999523
H            3.62389358262562        1.40575860006632        0.45805519232624
H            4.07376923715210       -0.90093045493088        1.30890556043077
H            3.42655900185163       -1.56796162781845       -0.22176827182224
H           -0.42191222387444       -1.99132713699680        1.52840752894375
H           -0.10311743399150       -0.29830189833564        1.94336461014027
H           -0.80192032804925       -1.70509960415735       -1.22049001649582
H           -2.88823696388189       -1.56338053370276        1.50897577271555
H           -2.54512573800728        0.12174094243587        1.93812790942223
H           -4.08201462254385       -0.83538838389475       -0.51098627709289
H           -4.80444933427025       -0.10216028609765        0.92950855496707
H           -3.53387918886639        1.99402124810899        0.49456664830615
H           -4.54001664288262        1.57411440553603       -0.89596021063068
H           -2.24702957538279        2.21287799738047       -1.62744450562753
H           -2.59214587744280        0.51817876027638       -2.00344292596198
H           -0.33617723955486        0.75232909926336       -1.03586538959466
H           -1.01675969299899        1.50401380349880        0.41501603207312
34
 energy: -46.001491474081 gnorm: 0.001721280905 xtb: 6.7.1 (edcfbbe)
C            5.12784079322851        0.54104286784504       -0.80761332914924
C            3.71019284386210        0.57661480566222       -0.25350862505256
C            3.38268179433230       -0.71485030579297        0.49166823050392
O            2.07973317019525       -0.66668629530412        1.07616280181372
C            1.05241776128346       -1.08657042719455        0.33976366651451
O            1.15509724465751       -1.49405526395048       -0.79304512064988
C           -0.23772326861439       -1.01169328998534        1.11841582406400
C           -1.44345098057064       -0.61039516004605        0.23243291377522
O           -1.64372641349385       -1.58153809170672       -0.76805752036190
C           -2.70981362938073       -0.57136613756462        1.09996260692794
C           -3.91382325180995       -0.10818441877767        0.28582822725466
C           -3.65902726581322        1.27473949954136       -0.30252535153359
C           -2.41736731614972        1.23468230055708       -1.18615821133573
C           -1.20122977382486        0.78066534219240       -0.38259158039604
H            5.24513265312656       -0.28832796991924       -1.50162456116202
H            5.85113015728616        0.42175304007186       -0.00316508661910
H            5.34888042451435        1.46548906903531       -1.33521701537612
H            2.99507958833234        0.70363407954477       -1.06955037861474
H            3.59622866701849        1.41890025377094        0.43290024959451
H            4.06977525137427       -0.86524488013725        1.32825366186135
H            3.43597118113065       -1.56964869732023       -0.19169635647653
H           -0.43056093465466       -2.01103248840054        1.51935363433530
H           -0.11014137907714       -0.32218457653548        1.95213604751573
H           -0.79681317061091       -1.71368081802611       -1.22027876635320
H           -2.89490012997529       -1.57143216238041        1.49489237744451
H           -2.54414870921467        0.10882689989504        1.93770780442291
H           -4.08019725745612       -0.82083458988929       -0.52241809239683
H           -4.80110490012131       -0.09377511085655        0.92183977037850
H           -3.51189453682445        1.99622630286237        0.50571632805374
H           -4.52258220703896        1.59674953547750       -0.88787435069160
H           -2.22549551069850        2.21911145053880       -1.61819626210299
H           -2.58267233736441        0.52840936610130       -2.00167892132521
H           -0.32489489567152        0.74113027384612       -1.03413931379985
H           -0.99859366197748        1.49352559684589        0.41970967899684
34
 energy: -46.001520771906 gnorm: 0.001633147087 xtb: 6.7.1 (edcfbbe)
C            5.11027070585442        0.54854854744805       -0.81759527210142
C            3.69239901073872        0.57728701815454       -0.26341681784288
C            3.37881661870155       -0.70529926982236        0.50284108684130
O            2.07490548085947       -0.66301850585496        1.08529427140252
C            1.05241945454510       -1.09536648067498        0.34877229931942
O            1.16227092571520       -1.50995307012181       -0.78079601648705
C           -0.24059125116883       -1.02586163754946        1.12225201800439
C           -1.44092524934096       -0.61696478507656        0.23200785124039
O           -1.63996599169337       -1.58488847873802       -0.77215496093446
C           -2.71083030433097       -0.57677185464967        1.09415884711072
C           -3.91009038996130       -0.10123822869362        0.28019466375450
C           -3.64405217417304        1.28351491394727       -0.29872239184384
C           -2.40217017991596        1.23940733331275       -1.18189230399662
C           -1.19012721423384        0.77445801110189       -0.37831019065792
H            5.23675827392954       -0.29100280616374       -1.49729127384732
H            5.83527281176061        0.45137342122655       -0.01194853077644
H            5.32021488021358        1.46616884415471       -1.36104458161176
H            2.97597973055419        0.68272137479545       -1.08127449674783
H            3.56909047481857        1.42931452871758        0.40908263011739
H            4.06636081464073       -0.83437235671365        1.34226454562744
H            3.44216797806491       -1.56998293723410       -0.16663869903366
H           -0.43738884564310       -2.02840140550668        1.51310841638133
H           -0.11671612461051       -0.34336305993579        1.96198249019114
H           -0.79136672286950       -1.71935991294835       -1.22030248662642
H           -2.90232413840353       -1.57933357130605        1.47945649176151
H           -2.54498458728115        0.09525100337227        1.93844491569413
H           -4.07861382166945       -0.80761624496338       -0.53309481553002
H           -4.79891287504699       -0.08518335093214        0.91410535811355
H           -3.49185783079076        1.99854488716609        0.51415019174648
H           -4.50461533329995        1.61580355611881       -0.88254068066720
H           -2.20349527096202        2.22414392306678       -1.61023334826776
H           -2.57135021543567        0.53700284457893       -1.99991843629251
H           -0.31373972976306        0.73071357322307       -1.02955381636952
H           -0.98280890980415        1.48372417650127        0.42601802238850
34
 energy: -46.001552965566 gnorm: 0.001565971241 xtb: 6.7.1 (edcfbbe)
C            5.09154342963246        0.55659540491784       -0.82809439340558
C            3.67245998619698        0.57825468847015       -0.27629074600274
C            3.37369384724379       -0.69472376344696        0.51165890070012
O            2.06955542004695       -0.65818245075281        1.09395904514807
C            1.05141290574328       -1.10516129345294        0.35959873906208
O            1.16736508210513       -1.52591593337484       -0.76700942374763
C           -0.24390773145030       -1.04107335960610        1.12855462371827
C           -1.43856563403315       -0.62396466856132        0.23343856974455
O           -1.63542643806742       -1.58763209054749       -0.77490668581845
C           -2.71290585298029       -0.58377075568765        1.08892344907229
C           -3.90503726325089       -0.09394758012096        0.27262813322646
C           -3.62796750028682        1.29239266333696       -0.29707909484917
C           -2.38351817031916        1.24366010214078       -1.17632842613105
C           -1.17717214611256        0.76828526705896       -0.37059633813880
H            5.22896735072600       -0.29326130295777       -1.49285482927188
H            5.81627245938418        0.48214858366368       -0.01983504276127
H            5.29101455603844        1.46694085330301       -1.38724230840574
H            2.95644653046707        0.66007983765622       -1.09712938008666
H            3.53764207970899        1.44058740482833        0.38075209784369
H            4.06254025067527       -0.80193949040306        1.35286460293275
H            3.44639220489637       -1.56931060842417       -0.14351625389513
H           -0.44481558436674       -2.04653579009802        1.50927115862130
H           -0.12384362291152       -0.36543067343403        1.97408522014012
H           -0.78447921741733       -1.72405508800684       -1.21883507278991
H           -2.91216045118263       -1.58892870276257        1.46354872936581
H           -2.54802509597300        0.07935086303753        1.94033025780232
H           -4.07574679381175       -0.79405174422238       -0.54552900492797
H           -4.79607671971204       -0.07533018394146        0.90331492375660
H           -3.47258331114038        2.00125460186211        0.52040410286284
H           -4.48429651810801        1.63454416698311       -0.88137925953947
H           -2.17731210755749        2.22867119861036       -1.60023292750500
H           -2.55443895539486        0.54555219215612       -1.99754202760802
H           -0.29861938308331        0.72184687854902       -1.01891410055702
H           -0.96840760570746        1.47305077322821        0.43738774150408
34
 energy: -46.001587732985 gnorm: 0.001292324234 xtb: 6.7.1 (edcfbbe)
C            5.07125289057518        0.56605989948254       -0.83943634750355
C            3.65043326033546        0.57853545301741       -0.29169768796227
C            3.36748839083622       -0.68376968359349        0.51896163065762
O            2.06356394059324       -0.65375835538648        1.10241100317867
C            1.04993543836536       -1.11675139237548        0.37177486770449
O            1.17114370109565       -1.54485970703349       -0.75191428627684
C           -0.24718817078625       -1.05767614716062        1.13693268529510
C           -1.43563813862502       -0.63181944874996        0.23635485703873
O           -1.62983001738537       -1.58998406169648       -0.77703757269951
C           -2.71551434987613       -0.59019083102604        1.08341647785893
C           -3.89983793869480       -0.08681721616444        0.26395276436519
C           -3.61027141811903        1.30047265585624       -0.29723058051715
C           -2.36141174243360        1.24872724069875       -1.16993511737080
C           -1.16338899396418        0.76224014142166       -0.35880314781284
H            5.22095442445082       -0.29328830062613       -1.48895641520902
H            5.79451771609550        0.51467266854986       -0.02835351621447
H            5.26070273340887        1.46887219734231       -1.41382729268162
H            2.93583684381249        0.63512809965811       -1.11561674898445
H            3.50215806066237        1.45080548473649        0.34883861970516
H            4.05832346992931       -0.76807535036059        1.36106865391583
H            3.45008847079217       -1.56837873528626       -0.12132446775422
H           -0.45236891163342       -2.06540517889187        1.50853937915495
H           -0.13081592743024       -0.38777533284125        1.98730579417125
H           -0.77704876846968       -1.72740891709883       -1.21745221900746
H           -2.92342896971824       -1.59768194205790        1.44682691606408
H           -2.55264863702587        0.06365320714344        1.94229149770306
H           -4.07205960570853       -0.78121074169334       -0.55880657691028
H           -4.79376889394768       -0.06484497965787        0.89056003235118
H           -3.45537379510748        2.00443159999401        0.52444894316963
H           -4.46105677933431        1.65035444596482       -0.88478617953586
H           -2.14661895111445        2.23453427269539       -1.58791979583337
H           -2.53160005391349        0.55549630665221       -1.99551315890614
H           -0.28104135870513        0.71415216181303       -1.00178087806377
H           -0.95548791896272        1.46156048667566        0.45411284696943
34
 energy: -46.001623826721 gnorm: 0.001326758527 xtb: 6.7.1 (edcfbbe)
C            5.04554033596994        0.57760285976443       -0.85300609568079
C            3.62317105946943        0.57762948572209       -0.30909182276281
C            3.36063915557076       -0.67251556845089        0.52725158549376
O            2.05682157753250       -0.65224657628075        1.11175713878468
C            1.04866426056130       -1.13020472432845        0.38506802716556
O            1.17509729311323       -1.56476277085037       -0.73559592157444
C           -0.25079531606160       -1.07722669145425        1.14622936401524
C           -1.43190898168763       -0.64059449674907        0.23991994861666
O           -1.62378561549167       -1.59114056633287       -0.78014821174778
C           -2.71801761948340       -0.59718498547251        1.07738707366201
C           -3.89271584179254       -0.07886518110538        0.25312586216654
C           -3.58979523297754        1.30958486523757       -0.29834743250121
C           -2.33467375036665        1.25408112567251       -1.16168984007625
C           -1.14637549441680        0.75577451717646       -0.34402125505071
H            5.21113026546543       -0.29217029065406       -1.48486304828895
H            5.76734770570397        0.55449709749650       -0.03892622328311
H            5.22185759883062        1.47197269410992       -1.44484388029509
H            2.91007499755618        0.60381697072416       -1.13602170654369
H            3.45792648091354        1.46086995307518        0.31211355873057
H            4.05353236638164       -0.72931513740026        1.37013915147332
H            3.45668792860836       -1.56831497919088       -0.09560808208997
H           -0.46114301438596       -2.08709138958906        1.50858224041984
H           -0.13807876055410       -0.41304275516057        2.00156352169517
H           -0.76818672662177       -1.73162442040048       -1.21530619685014
H           -2.93583355012382       -1.60621795684208        1.43042231396503
H           -2.55743674508386        0.04803705334303        1.94300304600755
H           -4.06547701699818       -0.76709190571826       -0.57487087195139
H           -4.79045064347954       -0.05344591834434        0.87428815583468
H           -3.43604681343008        2.00822036078114        0.52817895435893
H           -4.43402261464718        1.66838435373326       -0.89023396204719
H           -2.11031353418169        2.24053238899821       -1.57283374948492
H           -2.50291110231709        0.56641270797466       -1.99227226618261
H           -0.25852928551365        0.70725379546902       -0.97943325444182
H           -0.94199336606609        1.44838608504821        0.47548885852278
34
 energy: -46.001659876772 gnorm: 0.001613877815 xtb: 6.7.1 (edcfbbe)
C            5.01840052728250        0.59052065805960       -0.86755472160002
C            3.59473674926842        0.57601533782097       -0.32768495440530
C            3.35283466964882       -0.66087592133017        0.53391711441421
O            2.04965439874215       -0.65009366368015        1.12030103345091
C            1.04713930532997       -1.14906872752307        0.39915212835049
O            1.17803703162950       -1.59375279344002       -0.71773288040435
C           -0.25470085561138       -1.09810511029391        1.15625818637827
C           -1.42770412092377       -0.64882381811205        0.24469398388284
O           -1.61751466984822       -1.59051275177985       -0.78330771057730
C           -2.72020961527668       -0.60279633989893        1.07205971047824
C           -3.88436821097646       -0.07158461602961        0.24087532025498
C           -3.56883177320998        1.31764466788202       -0.30147879697269
C           -2.30550848897607        1.26067388337987       -1.15259829038519
C           -1.12886512454740        0.75059707586018       -0.32571025392855
H            5.20069290589309       -0.28720340971262       -1.48285401452165
H            5.73786564191837        0.59425112684405       -0.05175179198321
H            5.18170342118365        1.47662651358672       -1.47477071362202
H            2.88405271635734        0.57220710246335       -1.15650872460538
H            3.41152088780919        1.46847852623161        0.27452976061886
H            4.04738412632893       -0.68989831825048        1.37670251308631
H            3.46271455541136       -1.56724978305754       -0.07106887574905
H           -0.47139676832095       -2.10926239058888        1.51053504120574
H           -0.14423061872207       -0.43894822864405        2.01577110682910
H           -0.75910488805804       -1.73553818372721       -1.21201020633671
H           -2.94781899177582       -1.61268907372204        1.41623270809491
H           -2.56303736244049        0.03542308040122        1.94337290272150
H           -4.05578811455967       -0.75440519340348       -0.59188647264111
H           -4.78678776619956       -0.04303826888018        0.85518646175575
H           -3.42059562436355        2.01212869644252        0.52952260290222
H           -4.40532680913166        1.68272121657711       -0.90034845182126
H           -2.07149782107918        2.24852517883180       -1.55504617060542
H           -2.46888598904289        0.57925798694201       -1.98938385106439
H           -0.23418593008435        0.70304886842286       -0.95148076590047
H           -0.93037739366003        1.43572667233060        0.50147205275893
34
 energy: -46.001669315922 gnorm: 0.000537361038 xtb: 6.7.1 (edcfbbe)
C            5.01644302855918        0.59225737452101       -0.86804595341685
C            3.59326768376511        0.57453505756813       -0.32720750825725
C            3.35306464214761       -0.66233382974681        0.53409398343391
O            2.04960164268309       -0.65294387680554        1.11962387821088
C            1.04743265985086       -1.15122546291963        0.39835289148895
O            1.17861592919027       -1.59752949536159       -0.71719148823260
C           -0.25468808464353       -1.09913390907552        1.15529000781719
C           -1.42693951531082       -0.64818257881703        0.24446280554175
O           -1.61775311664403       -1.58866273224364       -0.78470554428058
C           -2.71922093627497       -0.60094211849620        1.07200371445004
C           -3.88374827582828       -0.07189336992936        0.24028329571351
C           -3.56857701139217        1.31752399189014       -0.30173630542124
C           -2.30469184462371        1.26155056665846       -1.15190743053485
C           -1.12827395519375        0.75138930183339       -0.32485503908924
H            5.20063359387997       -0.28522781954486       -1.48319314401971
H            5.73592356729506        0.59819963972513       -0.05232981402390
H            5.17721742235259        1.47852979752987       -1.47586905116722
H            2.88252615770980        0.56947374013831       -1.15568045614528
H            3.40852985269046        1.46632982890355        0.27519979032617
H            4.04682903562285       -0.68969840507880        1.37702794635957
H            3.46519856334597       -1.56846091282222       -0.07035625637947
H           -0.47244998444643       -2.11003639554701        1.50975873050633
H           -0.14339306839191       -0.43992498930689        2.01483375456604
H           -0.75926782232514       -1.73795974012242       -1.21027642028562
H           -2.94640379951076       -1.61011556399106        1.41862349612092
H           -2.56186184106108        0.03928682053393        1.94194424378111
H           -4.05326943455557       -0.75510561818971       -0.59240918071324
H           -4.78661276717062       -0.04439020695126        0.85367592059743
H           -3.42151813270561        2.01233289114861        0.52935456115668
H           -4.40489919793934        1.68201520598509       -0.90120113963437
H           -2.07084252374974        2.24964481409972       -1.55366213806276
H           -2.46705811424701        0.58036669721999       -1.98900770734032
H           -0.23335210615945        0.70417534917663       -0.95002636290407
H           -0.93046224692383        1.43615594801990        0.50253689989723
34
 energy: -46.001679395351 gnorm: 0.000977427690 xtb: 6.7.1 (edcfbbe)
C            5.01142356792468        0.59620349474248       -0.86883803361669
C            3.58863556293888        0.57169829978396       -0.32718806843277
C            3.35374557481425       -0.66558878310641        0.53461568986816
O            2.04978815067191       -0.65950724288825        1.11891178014706
C            1.04833506167400       -1.15785726844304        0.39750184391812
O            1.17945874131024       -1.60621200055241       -0.71703635403607
C           -0.25460352295875       -1.10138341902783        1.15371599232248
C           -1.42548176275839       -0.64653037991299        0.24434105016049
O           -1.61855977770760       -1.58457315629667       -0.78721798838902
C           -2.71711248955248       -0.59799393316378        1.07284580290039
C           -3.88135048929490       -0.07253918017362        0.23877853328275
C           -3.56792189465107        1.31738556331462       -0.30297642016848
C           -2.30226094871036        1.26369892671855       -1.15061811942216
C           -1.12615535200580        0.75367004034159       -0.32278399280334
H            5.20013790969370       -0.28093505828394       -1.48314356056698
H            5.73160077689683        0.60753540374662       -0.05381671604085
H            5.16643702490216        1.48255803689783       -1.47815016719817
H            2.87745542493838        0.56362445276311       -1.15518824565271
H            3.40059201610054        1.46261745216241        0.27536253798520
H            4.04635925315596       -0.68937645753448        1.37834697853824
H            3.47002870437194       -1.57194820164927       -0.06849537036367
H           -0.47528720559127       -2.11168890477681        1.50809487801822
H           -0.14116206072851       -0.44272455691258        2.01357336951857
H           -0.75931086809910       -1.74239634700513       -1.20704253158283
H           -2.94344572649004       -1.60552962382147        1.42495668055765
H           -2.55939731791849        0.04684240779089        1.93946006036318
H           -4.04690106461110       -0.75643677271895       -0.59406634155643
H           -4.78555505919312       -0.04714803323178        0.85000108068650
H           -3.42394879287424        2.01249783832829        0.52853184377064
H           -4.40367570444655        1.68059826379748       -0.90409726704113
H           -2.06893648014735        2.25256911472066       -1.55061102478135
H           -2.46247557214365        0.58337997193028       -1.98880214671187
H           -0.23060632081645        0.70789658691266       -0.94710169836019
H           -0.92984935869916        1.43759346555042        0.50554090474615
34
 energy: -46.001683610956 gnorm: 0.000637410705 xtb: 6.7.1 (edcfbbe)
C            5.00739587241047        0.59943617475532       -0.86999146964887
C            3.58494604914720        0.56977242391962       -0.32778878101169
C            3.35381454728386       -0.66780041753660        0.53489464670295
O            2.04982449853639       -0.66361320167691        1.11935905171869
C            1.04838055472479       -1.16137749730210        0.39753873861716
O            1.17934886876466       -1.61207728905479       -0.71631158829520
C           -0.25441748221820       -1.10375125394596        1.15389987393633
C           -1.42423267029297       -0.64600622623596        0.24482325372671
O           -1.61847582453395       -1.58234699507365       -0.78824803491636
C           -2.71589330515209       -0.59592162074568        1.07321844786984
C           -3.87983982720271       -0.07289296269011        0.23729241494154
C           -3.56677448688688        1.31731816946554       -0.30399817597011
C           -2.29956132503374        1.26553868738825       -1.14966210794748
C           -1.12432854623860        0.75493482333651       -0.32065530549936
H            5.19966715218002       -0.27789059163143       -1.48288852215927
H            5.72769590764988        0.61510912382724       -0.05516409440651
H            5.15841270396909        1.48558173775092       -1.48059382261644
H            2.87345919979887        0.55865224153025       -1.15558460060484
H            3.39370420903614        1.46041338641286        0.27435865193720
H            4.04668061720563       -0.68922483952380        1.37871107951243
H            3.47211342433113       -1.57445898998552       -0.06756791414699
H           -0.47706959899760       -2.11385677537555        1.50771548481827
H           -0.13951593108101       -0.44572677287033        2.01395259996931
H           -0.75841142873104       -1.74413266758097       -1.20544177993320
H           -2.94200292175300       -1.60240064017526        1.42813628778394
H           -2.55843227257561        0.05137301618408        1.93804435716272
H           -4.04253525623000       -0.75733829240676       -0.59572030768268
H           -4.78535455289400       -0.04865364052601        0.84677908038466
H           -3.42536696674991        2.01271196800681        0.52769111023327
H           -4.40184022183771        1.67929353324552       -0.90677574045754
H           -2.06629253880678        2.25508317612397       -1.54818482567274
H           -2.45801620936388        0.58608746888680       -1.98888755358957
H           -0.22806420357767        0.70995122158360       -0.94409088466944
H           -0.92901803488570        1.43821352192261        0.50854540997230
34
 energy: -46.001683556189 gnorm: 0.001047550826 xtb: 6.7.1 (edcfbbe)
C            5.00313452168358        0.60284656698319       -0.87121205588905
C            3.58103207779371        0.56775113472439       -0.32845305013134
C            3.35387682073792       -0.67011163124597        0.53517566921270
O            2.04986873646730       -0.66793556448093        1.11985000524120
C            1.04843550553643       -1.16512811578573        0.39762516460315
O            1.17922789646113       -1.61822158036931       -0.71552849745503
C           -0.25422570408872       -1.10624702568025        1.15411482307970
C           -1.42292394703174       -0.64545751287842        0.24534589229461
O           -1.61837195194093       -1.58000999089714       -0.78931094204339
C           -2.71462543817635       -0.59376840343476        1.07361289521709
C           -3.87823510302680       -0.07325524011929        0.23571207872581
C           -3.56555270839599        1.31725737046348       -0.30508937950273
C           -2.29668634008907        1.26746679061170       -1.14864036277463
C           -1.12237791064694        0.75625734987881       -0.31839449182834
H            5.19916561602127       -0.27468379134839       -1.48261306437454
H            5.72355796802512        0.62310948632346       -0.05658300605619
H            5.14994171892911        1.48876179045009       -1.48318593335038
H            2.86923102823969        0.55340251518932       -1.15604075922650
H            3.38640779755754        1.45810335050004        0.27325629081503
H            4.04702702388681       -0.68904152422955        1.37906362416992
H            3.47428607525535       -1.57709031529639       -0.06659503845944
H           -0.47896811101061       -2.11614409716416        1.50731365398188
H           -0.13779920461157       -0.44890596035921        2.01438810117953
H           -0.75745207431464       -1.74591809730557       -1.20375765483927
H           -2.94051420888187       -1.59914299136005        1.43146066362196
H           -2.55744096425647        0.05609807677805        1.93656794703258
H           -4.03793375533535       -0.75827159650162       -0.59747849250577
H           -4.78513183581774       -0.05021777308646        0.84336347242516
H           -3.42685190689389        2.01294348648191        0.52679359246768
H           -4.39988127004331        1.67793759605592       -0.90962634158617
H           -2.06346343019983        2.25772200865872       -1.54560194569950
H           -2.45328045972896        0.58893971629632       -1.98897218427756
H           -0.22535188926087        0.71210316807705       -0.94088953742580
H           -0.92812457284820        1.43885080407341        0.51173384341658
34
 energy: -46.001687792843 gnorm: 0.000408983606 xtb: 6.7.1 (edcfbbe)
C            5.00228945500410        0.60322994817614       -0.87158019810992
C            3.58000064658300        0.56784497089824       -0.32952058872458
C            3.35348469131695       -0.66964254806099        0.53480273471946
O            2.05003832558154       -0.66789278417016        1.12067593105026
C            1.04853563413489       -1.16626766542389        0.39921640965791
O            1.17893608573445       -1.61731468270116       -0.71469684892670
C           -0.25431301432975       -1.10655377643553        1.15500390708893
C           -1.42301770774958       -0.64566912795774        0.24589355104667
O           -1.61771187988623       -1.58030570464369       -0.78853968849764
C           -2.71509791969121       -0.59451832267505        1.07359792041559
C           -3.87781434200511       -0.07295564965157        0.23509091535306
C           -3.56500042122842        1.31755150600014       -0.30561894698566
C           -2.29545064894298        1.26731439162781       -1.14811818534412
C           -1.12144636542884        0.75594384626946       -0.31761801355694
H            5.19898156822763       -0.27456545637642       -1.48234322687402
H            5.72242057812537        0.62438611123251       -0.05670267405999
H            5.14890484071644        1.48874002668765       -1.48407981491114
H            2.86848059372386        0.55252165002307       -1.15732923404560
H            3.38458906050642        1.45836106440124        0.27164310462251
H            4.04740903939987       -0.68833776858732        1.37801095396196
H            3.47342388015108       -1.57679659606733       -0.06671399971864
H           -0.47961565123706       -2.11655280968182        1.50734881613992
H           -0.13826088201424       -0.44977589775823        2.01574478937611
H           -0.75683664719861       -1.74433256242579       -1.20388752117029
H           -2.94149044483354       -1.60011817293479        1.43055832383035
H           -2.55830290617672        0.05475761217554        1.93698361542569
H           -4.03770223465624       -0.75784587667693       -0.59811881926482
H           -4.78487015791934       -0.04957174626517        0.84242949278874
H           -3.42661849243778        2.01313527026684        0.52633124112501
H           -4.39888799733541        1.67836216264060       -0.91072834249357
H           -2.06179249498609        2.25764854175887       -1.54453843240902
H           -2.45170193784317        0.58922356547222       -1.98885933632115
H           -0.22408988535030        0.71168027437571       -0.93966652403631
H           -0.92747236795987        1.43831620649021        0.51273366890684
34
 energy: -46.001692408967 gnorm: 0.000410506656 xtb: 6.7.1 (edcfbbe)
C            5.00021046552293        0.60408634375346       -0.87229089938674
C            3.57731164971568        0.56790759911360       -0.33208465410998
C            3.35244714217211       -0.66865692467576        0.53399138997653
O            2.05010182371596       -0.66661480472683        1.12213396461973
C            1.04804594822418       -1.16590078621206        0.40178446333583
O            1.17833866965458       -1.61546564992591       -0.71270047462855
C           -0.25461703131999       -1.10762885705908        1.15761473459271
C           -1.42297587438647       -0.64671360931993        0.24725600821882
O           -1.61630357696555       -1.58136991828822       -0.78691857757697
C           -2.71606752753175       -0.59630165117868        1.07333223216355
C           -3.87698187788652       -0.07222969008096        0.23375627880685
C           -3.56282841636596        1.31810612654187       -0.30659945134034
C           -2.29218592954574        1.26722366469136       -1.14731466494959
C           -1.11973046830204        0.75480185349568       -0.31549898333376
H            5.19866077472970       -0.27434393515595       -1.48154248933925
H            5.71962576253303        0.62748721775889       -0.05682176165493
H            5.14636639671381        1.48865863661617       -1.48616013513204
H            2.86673863415664        0.55046180161021       -1.16065485222898
H            3.38017855181638        1.45899913189137        0.26753383870156
H            4.04798006105454       -0.68679298333266        1.37575804021223
H            3.47107604185441       -1.57627633484772       -0.06695616154819
H           -0.48002136014147       -2.11810800429469        1.50834229631840
H           -0.13990274053189       -0.45181207047349        2.01928996149281
H           -0.75578286948838       -1.74106658058525       -1.20459915202567
H           -2.94387344672092       -1.60255119172704        1.42779121496882
H           -2.56016511555928        0.05116151471205        1.93816255511167
H           -4.03748303285187       -0.75654097130840       -0.59974542242987
H           -4.78436182714248       -0.04787988567726        0.84047247811678
H           -3.42518810511200        2.01350448253875        0.52556222774618
H           -4.39559729573507        1.67948856001071       -0.91292416125189
H           -2.05726880993414        2.25766990230609       -1.54264276860773
H           -2.44782199719344        0.58990673959656       -1.98878614929069
H           -0.22168452143888        0.71014322696424       -0.93646682152466
H           -0.92624009771501        1.43664704727166        0.51533087603627
34
 energy: -46.001696175998 gnorm: 0.000490407019 xtb: 6.7.1 (edcfbbe)
C            4.99683369755189        0.60650869525117       -0.87384966655258
C            3.57345995348943        0.56715871380231       -0.33504673618839
C            3.35121298159455       -0.66811236018446        0.53354129312154
O            2.04987882383074       -0.66709917522592        1.12391335949168
C            1.04769179602916       -1.16768198207050        0.40454388861226
O            1.17804497260396       -1.61641573453973       -0.71034426481642
C           -0.25500638055744       -1.11006838867986        1.16006655250231
C           -1.42242196296882       -0.64767078236663        0.24879704020982
O           -1.61512733490183       -1.58147189639686       -0.78605383195187
C           -2.71676390956903       -0.59685427753844        1.07278823067978
C           -3.87610263946485       -0.07151424726057        0.23173573523279
C           -3.56003859826836        1.31878224413034       -0.30763302494687
C           -2.28777054199077        1.26791642764440       -1.14591709069486
C           -1.11725813726556        0.75403109435268       -0.31233517189854
H            5.19878629225681       -0.27303859978637       -1.48040782979804
H            5.71509226911167        0.63431414782760       -0.05749819468136
H            5.14107614518509        1.48988278699801       -1.48996882057969
H            2.86395862055792        0.54563860652105       -1.16443283864769
H            3.37282000482530        1.45897350065530        0.26237404553636
H            4.04826914850028       -0.68387831949111        1.37406226025709
H            3.46999139112221       -1.57660497657280       -0.06610631290539
H           -0.48104205104667       -2.12094112122535        1.50912269257896
H           -0.14089820717271       -0.45534747554927        2.02263658491213
H           -0.75460604714787       -1.73939677030416       -1.20457372305561
H           -2.94591435941705       -1.60339747301727        1.42554168965688
H           -2.56196370608738        0.04935980834613        1.93874814794604
H           -4.03590143231251       -0.75546601944064       -0.60223221582344
H           -4.78436542713908       -0.04657246658749        0.83713670308769
H           -3.42392218553835        2.01408850524069        0.52486745663321
H           -4.39152137254612        1.68037511102968       -0.91559372576743
H           -2.05145955981140        2.25860989820428       -1.53982076258113
H           -2.44211257964218        0.59155670148857       -1.98840434186354
H           -0.21805917615707        0.70924625804335       -0.93164208658115
H           -0.92486048765886        1.43508956670475        0.51938993893422
34
 energy: -46.001700865015 gnorm: 0.000397448789 xtb: 6.7.1 (edcfbbe)
C            4.99204935458829        0.60976043820866       -0.87571788595211
C            3.56801617087482        0.56577099928460       -0.33891662751570
C            3.34989622550264       -0.66754818681278        0.53353837995461
O            2.04925855007286       -0.66791631844900        1.12550566791187
C            1.04715165765373       -1.16979887728392        0.40696037182887
O            1.17796734583085       -1.61961284711706       -0.70747322826975
C           -0.25561623376643       -1.11353333759651        1.16239842445421
C           -1.42161656113264       -0.64875406622055        0.25041634166986
O           -1.61400316312723       -1.58099542396400       -0.78588835464699
C           -2.71726201495410       -0.59751408982389        1.07224159071107
C           -3.87443265129544       -0.07057327025713        0.22912469280969
C           -3.55648509033679        1.31987649469061       -0.30882548238664
C           -2.28217375672039        1.26910310153139       -1.14399458874903
C           -1.11404563190565        0.75338696473617       -0.30821337773190
H            5.19916697419838       -0.27127689050546       -1.47843707244954
H            5.70889915020918        0.64433559200650       -0.05834271060777
H            5.13295933885844        1.49138032181618       -1.49517901645402
H            2.85995201238025        0.53832845212102       -1.16937514074337
H            3.36246431460288        1.45870042322589        0.25523316745741
H            4.04809726521492       -0.67915560222171        1.37318710188680
H            3.47007914296622       -1.57748797534179       -0.06368118207929
H           -0.48243323394173       -2.12483849945118        1.50968824441122
H           -0.14182153683929       -0.46004142342339        2.02592316940451
H           -0.75324665538321       -1.73892331055602       -1.20399005840529
H           -2.94796528321152       -1.60419946234097        1.42363500723919
H           -2.56371259619222        0.04779171597924        1.93912123008900
H           -4.03300510597545       -0.75396363964912       -0.60555318019036
H           -4.78393638614922       -0.04526306652359        0.83263107251507
H           -3.42224208786788        2.01479064144153        0.52432587028175
H           -4.38635211159717        1.68199796541444       -0.91871560406072
H           -2.04421798908286        2.26013637714057       -1.53605494039791
H           -2.43481706385252        0.59390718768813       -1.98773479691389
H           -0.21329642063559        0.70887086326124       -0.92530138968582
H           -0.92327592899099        1.43325874899495        0.52486928467365
34
 energy: -46.001707865110 gnorm: 0.000347039684 xtb: 6.7.1 (edcfbbe)
C            4.98442650880531        0.61481277503741       -0.87862871117312
C            3.55944252762471        0.56346407420417       -0.34487502781088
C            3.34804852021265       -0.66627932722470        0.53436950113023
O            2.04792367530497       -0.66952117184714        1.12756585403939
C            1.04671884968562       -1.17472181707616        0.41023838100675
O            1.17844234974030       -1.62665402178272       -0.70331821918461
C           -0.25651205920766       -1.11916372009585        1.16511270223646
C           -1.42013644866199       -0.65026577946375        0.25234028896758
O           -1.61252807428779       -1.57963418972719       -0.78671300152855
C           -2.71765014783840       -0.59814469571048        1.07108632809472
C           -3.87197354386685       -0.06914777665771        0.22528758587790
C           -3.55079441015630        1.32163121676590       -0.31000543816116
C           -2.27387036378800        1.27143941119342       -1.14118762378184
C           -1.10939492234197        0.75279747628276       -0.30214223459590
H            5.19980651665875       -0.26867984371567       -1.47491342759956
H            5.69909613985748        0.66050968926434       -0.05981816990621
H            5.11991048252312        1.49335928507553       -1.50372837830209
H            2.85359594402608        0.52618006872846       -1.17689381718531
H            3.34612706907448        1.45836678832308        0.24365808128204
H            4.04697261292219       -0.67001945205635        1.37352388541416
H            3.47202767033640       -1.57890638696019       -0.05803383608951
H           -0.48500459567281       -2.13095010088720        1.50984899665442
H           -0.14284440366913       -0.46751021631272        2.03006538808209
H           -0.75110240036289       -1.73995810116236       -1.20251915282676
H           -2.95060805197649       -1.60487702527758        1.42081642648126
H           -2.56559802470282        0.04602639410544        1.93910770673492
H           -4.02847395421247       -0.75135780207697       -0.61076222234903
H           -4.78336987432313       -0.04370761322945        0.82596022806766
H           -3.41907750303908        2.01561163163830        0.52436027938604
H           -4.37834136168772        1.68491055390471       -0.92232246481734
H           -2.03355608280679        2.26296250535329       -1.53063709526287
H           -2.42422630545758        0.59782910481535       -1.98660533247627
H           -0.20643413230015        0.70895247370176       -0.91600106644300
H           -0.92104220641687        1.43064559287358        0.53316856609691
34
 energy: -46.001717218486 gnorm: 0.000550883006 xtb: 6.7.1 (edcfbbe)
C            4.97330294439076        0.62180793458695       -0.88309722953986
C            3.54718705018408        0.56029651087396       -0.35334521217156
C            3.34516438237529       -0.66345293361451        0.53657337872952
O            2.04524658805267       -0.67101494821555        1.13037470265843
C            1.04606227764543       -1.18210742987709        0.41459480360673
O            1.17971726459977       -1.63849613243232       -0.69701990092968
C           -0.25804971338249       -1.12748016122702        1.16822413665678
C           -1.41809722281050       -0.65259117619434        0.25422432738020
O           -1.61016370820579       -1.57773036770660       -0.78886047523336
C           -2.71803094932626       -0.59956172167697        1.06906354663049
C           -3.86815692156201       -0.06671118812486        0.21986892498187
C           -3.54276915050775        1.32483618327966       -0.31100634657843
C           -2.26229946365943        1.27460567014670       -1.13674864420135
C           -1.10225125266939        0.75178635482573       -0.29418518891569
H            5.20039050350007       -0.26544844024871       -1.46955725763859
H            5.68465432303079        0.68374612953156       -0.06234031839662
H            5.10125464794831        1.49545953809323       -1.51674316309411
H            2.84451912629920        0.50813914757652       -1.18737282447723
H            3.32265992481129        1.45836885795704        0.22636323488623
H            4.04425957805795       -0.65456412069335        1.37565542835343
H            3.47587581567541       -1.58035066355950       -0.04790628426763
H           -0.48929558841225       -2.13987222050927        1.50928458596814
H           -0.14459923844844       -0.47844137218009        2.03516059597447
H           -0.74741319843307       -1.74255965137972       -1.20024302944901
H           -2.95426323412292       -1.60642922762336        1.41620171126948
H           -2.56770552337570        0.04275227904795        1.93878648824858
H           -4.02226249413465       -0.74684773688579       -0.61833593955897
H           -4.78195845816399       -0.04109759487233        0.81686138044111
H           -3.41358376217647        2.01682916375489        0.52542100965780
H           -4.36727427915068        1.69056928983523       -0.92599984836573
H           -2.01869130695380        2.26672289373908       -1.52260216078252
H           -2.41001425397719        0.60339979303631       -1.98453687406506
H           -0.19628172957672        0.70887416559305       -0.90372162013105
H           -0.91713297752634        1.42656317514724        0.54436904241147
34
 energy: -46.001727595600 gnorm: 0.000685516505 xtb: 6.7.1 (edcfbbe)
C            4.96018295117134        0.62908600441404       -0.88841132595195
C            3.53300608409826        0.55737169531137       -0.36292613137149
C            3.34173312246261       -0.65873794966953        0.53999803480308
O            2.04177415351416       -0.67138130451249        1.13369534040870
C            1.04563910855760       -1.19121889197844        0.42006392141167
O            1.18199866967951       -1.65299030883238       -0.68903784427989
C           -0.25981851569016       -1.13735200309876        1.17149242608854
C           -1.41567640390086       -0.65568395740215        0.25574708023738
O           -1.60690527526295       -1.57601216138937       -0.79181285340137
C           -2.71841157503022       -0.60186662942223        1.06606708715532
C           -3.86389680627559       -0.06348181154521        0.21403075885564
C           -3.53289923934644        1.32892438425433       -0.31126342391700
C           -2.24927305464455        1.27848027203470       -1.13205138380048
C           -1.09437306394546        0.75019415829133       -0.28586680040944
H            5.19959756496213       -0.26223786871090       -1.46371618708570
H            5.66804191425408        0.70896724747555       -0.06611233933801
H            5.08009741773092        1.49670630193408       -1.53186504182211
H            2.83378514453956        0.48829091578235       -1.19872263543495
H            3.29657284343820        1.45921676072452        0.20623211136452
H            4.04031449869875       -0.63472258125247        1.37933503308101
H            3.48078213583996       -1.58075413182060       -0.03456348808714
H           -0.49456412033883       -2.15043246137619        1.50797600359175
H           -0.14706109778587       -0.49142953212923        2.04081977242569
H           -0.74252125613630       -1.74609532486649       -1.19772794516114
H           -2.95855112262464       -1.60912552682698        1.40937452932157
H           -2.56967711094405        0.03753994643307        1.93820375438101
H           -4.01612486297268       -0.74058039684517       -0.62696179481963
H           -4.78009640697698       -0.03762034714970        0.80734261259046
H           -3.40557521758125        2.01801219501564        0.52784421920175
H           -4.35396039760077        1.69852908304006       -0.92852412713537
H           -2.00174839326012        2.27117592774340       -1.51398785403968
H           -2.39492752537576        0.60996012164676       -1.98231129174451
H           -0.18555853221997        0.70794713896777       -0.89116115809483
H           -0.91190563103841        1.42132103576349        0.55620592103461
34
 energy: -46.001740628126 gnorm: 0.000854143770 xtb: 6.7.1 (edcfbbe)
C            4.94369759184703        0.63751939236735       -0.89573808564915
C            3.51575547766839        0.55456930687413       -0.37418483912323
C            3.33675369920532       -0.65109498875894        0.54531237836419
O            2.03646305414798       -0.66991844147674        1.13814460364059
C            1.04496076358863       -1.20227638390531        0.42727049200161
O            1.18568984482864       -1.67190781599137       -0.67812917866857
C           -0.26242067134616       -1.14978387848407        1.17534942654157
C           -1.41272654775754       -0.66013574927934        0.25664711870881
O           -1.60237447136732       -1.57475728172617       -0.79617630389265
C           -2.71883400339775       -0.60551942224013        1.06152747577878
C           -3.85859516329063       -0.05893579452518        0.20693044181092
C           -3.52021191845993        1.33468467305013       -0.31047675412481
C           -2.23325212987652        1.28290397169462       -1.12592840944470
C           -1.08398235188883        0.74729180499682       -0.27676153257250
H            5.19688405941687       -0.25881774457201       -1.45719164347761
H            5.64738734443337        0.73855985441064       -0.07218312145694
H            5.05464292987486        1.49726591639910       -1.55132234554977
H            2.82053597043870        0.46467973395028       -1.21140827319273
H            3.26563315304247        1.46124219699441        0.18141499871290
H            4.03401903522910       -0.60773248162141        1.38508748039620
H            3.48677505176756       -1.57946566578130       -0.01630025771530
H           -0.50162451361591       -2.16380228096931        1.50560439048073
H           -0.15134539842926       -0.50791078715861        2.04787579495856
H           -0.73596680027120       -1.75125585745412       -1.19513267770602
H           -2.96419386962568       -1.61353046181351        1.39894639837048
H           -2.57159263474609        0.02917281041034        1.93737259567293
H           -4.00976337918178       -0.73152259867710       -0.63788631486852
H           -4.77723145907054       -0.03234974511288        0.79641299338518
H           -3.39371523404277        2.01939967569508        0.53232706783678
H           -4.33730816748121        1.71026447460984       -0.92939974881844
H           -1.98059631083771        2.27614642038899       -1.50305222058996
H           -2.37752744535968        0.61805512321996       -1.97929346133602
H           -0.17223179121869        0.70511934015807       -0.87766086184582
H           -0.90370371422850        1.41384268433252        0.56940735343016
34
 energy: -46.001757184295 gnorm: 0.001233601193 xtb: 6.7.1 (edcfbbe)
C            4.91987452204058        0.64853993358710       -0.90668059023844
C            3.49118601183139        0.55183182492987       -0.38965938516469
C            3.32909974853872       -0.63789078584205        0.55396277900088
O            2.02806476404260       -0.66547182162237        1.14472665920209
C            1.04419507268010       -1.21794616514098        0.43826350355840
O            1.19224661203294       -1.69942474855017       -0.66118187189206
C           -0.26635218544460       -1.16835882146806        1.18050964461359
C           -1.40856847091537       -0.66738969467130        0.25722555199220
O           -1.59532553470033       -1.57432489205897       -0.80256898886783
C           -2.71954371839383       -0.61169321333644        1.05413673717248
C           -3.85111806185729       -0.05157768650421        0.19729750325703
C           -3.50126318051560        1.34370010199027       -0.30813319471604
C           -2.21056727099293        1.28931552836439       -1.11741995739176
C           -1.06917625446770        0.74179396089046       -0.26519952570310
H            5.19098334099564       -0.25476621935091       -1.44857139321166
H            5.61815926593363        0.77870997980288       -0.08233231591829
H            5.01887708649594        1.49656907309402       -1.57945420172793
H            2.80129409257256        0.43269474382480       -1.22794950961493
H            3.22304969474830        1.46546313927222        0.14621391954904
H            4.02366035050869       -0.56658884145695        1.39441242564064
H            3.49509877504957       -1.57518057704975        0.01152512928030
H           -0.51172785830249       -2.18385108364472        1.50131226097936
H           -0.15874875971766       -0.53241688528675        2.05770913390048
H           -0.72622872735650       -1.75945227696354       -1.19189409891202
H           -2.97256961332010       -1.62104810165631        1.38194962122531
H           -2.57409408038007        0.01515128370573        1.93592900144876
H           -4.00193567928606       -0.71698526904300       -0.65328000802679
H           -4.77275390175455       -0.02365028535698        0.78204733593033
H           -3.37440724510915        2.02126091234970        0.54041007406446
H           -4.31278749617897        1.72929584438700       -0.92830617074235
H           -1.95011779655700        2.28323695199475       -1.48753728170529
H           -2.35431358675508        0.63011733365956       -1.97527269199417
H           -0.15418910895092        0.69857905814127       -0.86111521581328
H           -0.89000080651914        1.40175769901509        0.58633010088245
34
 energy: -46.001771753928 gnorm: 0.001294752892 xtb: 6.7.1 (edcfbbe)
C            4.89600713580354        0.65881465212202       -0.91816121510188
C            3.46748915185470        0.55027190707665       -0.40337874868025
C            3.32042155282602       -0.62294199537681        0.56309133789032
O            2.01848705300109       -0.65939786147259        1.15122963573782
C            1.04319841764745       -1.23310263574879        0.44942638042485
O            1.19951068174598       -1.72715481780104       -0.64345395748247
C           -0.27069422473817       -1.18681300373817        1.18533785910700
C           -1.40452146942211       -0.67528064043506        0.25684014200620
O           -1.58832471425591       -1.57524557828566       -0.80927488483932
C           -2.71997142472376       -0.61808141152934        1.04626793707388
C           -3.84349715509672       -0.04384132303705        0.18813006389634
C           -3.48180246073836        1.35295740469070       -0.30459406520406
C           -2.18825422729480        1.29516386129852       -1.10898072483762
C           -1.05405684259791        0.73507989606338       -0.25532931041162
H            5.18221826124480       -0.25024510432214       -1.44176587012660
H            5.58957657278454        0.81499236666576       -0.09475533563272
H            4.98472470080119        1.49501666602960       -1.60674393028469
H            2.78232634969375        0.40423627742906       -1.24104052777095
H            3.18379719750660        1.46987943024218        0.11355916888773
H            4.01128787374708       -0.52473080398539        1.40385603252275
H            3.50258053285460       -1.56790107088000        0.03947659553517
H           -0.52206161217738       -2.20385284669216        1.49606168200960
H           -0.16735328425288       -0.55706633469468        2.06746261627192
H           -0.71691236203804       -1.76905246738060       -1.18926279701054
H           -2.98088865685085       -1.62866971180484        1.36400329042365
H           -2.57578733718970        0.00036076807873        1.93419732268665
H           -3.99497286204533       -0.70142985741934       -0.66844949266282
H           -4.76764456666703       -0.01419653768624        0.76882881748857
H           -3.35333916932934        2.02274149901338        0.54988392908356
H           -4.28804115029518        1.74948271235452       -0.92479609577835
H           -1.91972141588394        2.28959762309763       -1.47192676171141
H           -2.33278532490503        0.64214003715497       -1.97145125197633
H           -0.13692866450254        0.68960997526738       -0.84781951105766
H           -0.87406655651100        1.38865892571194        0.60093664958001
34
 energy: -46.001780439075 gnorm: 0.000525645414 xtb: 6.7.1 (edcfbbe)
C            4.87970784811798        0.66501795559219       -0.92586001229157
C            3.45166825371863        0.55013933578209       -0.41109140014577
C            3.31425890937636       -0.61232028369023        0.56898754449063
O            2.01174850913791       -0.65497622254054        1.15522518995757
C            1.04276090324652       -1.24308454280618        0.45702447376548
O            1.20493086109706       -1.74475892302180       -0.63125196806651
C           -0.27347447970670       -1.19955435656755        1.18826375726991
C           -1.40167478057689       -0.68076849107414        0.25650256515244
O           -1.58347998484861       -1.57672949616041       -0.81307521599754
C           -2.72005949004862       -0.62203614145844        1.04084100735239
C           -3.83822931667167       -0.03835118529318        0.18236769669224
C           -3.46863719543565        1.35918613996099       -0.30175922276545
C           -2.17345332828215        1.29900846125548       -1.10330523144307
C           -1.04371666550010        0.72963728647778       -0.24999469920947
H            5.17498667950346       -0.24778381599694       -1.43765280258452
H            5.57076190235063        0.83829908072066       -0.10383471356840
H            4.96117791730908        1.49323933297509       -1.62478579813137
H            2.76920374408018        0.38709302169100       -1.24736739631339
H            3.15884651126985        1.47319263762322        0.09389720785967
H            4.00203039596544       -0.49709139191046        1.40949529151934
H            3.50696387786862       -1.56121304147900        0.05735034100800
H           -0.52870802460174       -2.21768983653652        1.49162409826871
H           -0.17366336765496       -0.57427443973494        2.07382272496967
H           -0.71111909590827       -1.77570921851012       -1.18765396296854
H           -2.98616439758939       -1.63313565362032        1.35215945202778
H           -2.57657395074294       -0.00900646977241        1.93248481171572
H           -3.99006235166273       -0.69069746016367       -0.67806392647208
H           -4.76396794776208       -0.00757225856526        0.76047637794230
H           -3.33873687098255        2.02349653803255        0.55669619395527
H           -4.27137209726371        1.76322697020525       -0.92152686627008
H           -1.89935651096017        2.29378562556878       -1.46095087435803
H           -2.31907367644292        0.65078299953112       -1.96919118204117
H           -0.12592898407546        0.68158612783593       -0.84133622430757
H           -0.86159379632900        1.37906171565705        0.60888774304383
34
 energy: -46.001783993039 gnorm: 0.000397553013 xtb: 6.7.1 (edcfbbe)
C            4.86607050935496        0.67058009412488       -0.93239250455823
C            3.43839171141986        0.54984115982402       -0.41753699966001
C            3.30909426384703       -0.60378105647142        0.57412665850367
O            2.00599856572423       -0.65145834245661        1.15878137497020
C            1.04232713276734       -1.25111320268194        0.46343143188449
O            1.20957589199630       -1.75908358889816       -0.62108771754555
C           -0.27599980991576       -1.20992707571686        1.19071191944898
C           -1.39953931176353       -0.68549685633613        0.25610221818050
O           -1.58016394901171       -1.57821083640426       -0.81638229190279
C           -2.72000611063891       -0.62511447237164        1.03673016596728
C           -3.83360041063630       -0.03414042418877        0.17739290667210
C           -3.45759029672705        1.36412648034159       -0.29950201002296
C           -2.16093118262604        1.30223995558720       -1.09847258131957
C           -1.03505115695604        0.72499599584299       -0.24534746267405
H            5.16833842854549       -0.24542996754517       -1.43440449998595
H            5.55527388064333        0.85749720399929       -0.11177339066798
H            4.94178845774821        1.49195347596434       -1.64006343875861
H            2.75801168151593        0.37318479085268       -1.25286235048316
H            3.13836583215994        1.47581437549889        0.07792606928644
H            3.99447012389427       -0.47409542843353        1.41457456111189
H            3.51056957199144       -1.55618980993326        0.07234534628055
H           -0.53416413623508       -2.22909667357612        1.48770146748066
H           -0.17918706983125       -0.58857225224061        2.07940071787724
H           -0.70720215984196       -1.78091292639843       -1.18704041791831
H           -2.99045162069162       -1.63658394517444        1.34312204120982
H           -2.57698627526862       -0.01613623419086        1.93126862673041
H           -3.98544611926070       -0.68226106575841       -0.68619301209169
H           -4.76076357064466       -0.00260050337445        0.75309516587805
H           -3.32694575303032        2.02413898204294        0.56217793252265
H           -4.25721415426641        1.77416123326507       -0.91936191954514
H           -1.88209990480261        2.29754018394138       -1.45095982178885
H           -2.30734003350937        0.65858835308621       -1.96767076447255
H           -0.11698118791184        0.67456746352573       -0.83605739616369
H           -0.85061183804306        1.37097491426145        0.61562495561031
34
 energy: -46.001784645053 gnorm: 0.000664128937 xtb: 6.7.1 (edcfbbe)
C            4.86054574808294        0.67236422234924       -0.93517578492200
C            3.43359519680456        0.55051999846541       -0.41883787631431
C            3.30674854494886       -0.60006740478381        0.57592943484731
O            2.00350481568488       -0.65003329570252        1.16006288019784
C            1.04219463916514       -1.25403720508128        0.46575142107693
O            1.21158848492618       -1.76429187814656       -0.61729039082253
C           -0.27695620622059       -1.21427068787044        1.19149742775659
C           -1.39868401905954       -0.68750558549919        0.25606063655187
O           -1.57924411126311       -1.57938662015363       -0.81709266259170
C           -2.71986286083457       -0.62599958602548        1.03530577305313
C           -3.83169530474078       -0.03243383119144        0.17569327593260
C           -3.45329246576376        1.36592226635751       -0.29858013887753
C           -2.15609784147867        1.30350098257980       -1.09663625976665
C           -1.03156312178094        0.72251684342644       -0.24438055399938
H            5.16423581856239       -0.24409108366604       -1.43451206773983
H            5.54954098290329        0.86289887707897       -0.11600252370594
H            4.93455269783864        1.49128546073752       -1.64514274747968
H            2.75340683991420        0.37050234402123       -1.25289440955204
H            3.13208353986835        1.47678579076209        0.07422603991950
H            3.99091748808375       -0.46607047327598        1.41601263383280
H            3.51130871799854       -1.55293176654525        0.07717255030186
H           -0.53586585714058       -2.23387021328944        1.48594907038627
H           -0.18157287692833       -0.59446533374898        2.08131329547129
H           -0.70628124689968       -1.78329947477638       -1.18684189898904
H           -2.99197045266163       -1.63728878416702        1.34055687412059
H           -2.57682548635286       -0.01804437061852        1.93044934019506
H           -3.98317626553972       -0.67901865266223       -0.68903884713936
H           -4.75952711715032       -0.00060644278697        0.75027943295155
H           -3.32242815362086        2.02420322604349        0.56431871944956
H           -4.25173762902641        1.77822007550162       -0.91832396741190
H           -1.87535094455723        2.29906278660356       -1.44663289564225
H           -2.30296910833387        0.66216816794146       -1.96738421609673
H           -0.11381863488086        0.67054979002039       -0.83550578822527
H           -0.84530381055192        1.36721185811021        0.61709920328746
