39
 energy: -57.280174925754 gnorm: 0.083319588970 xtb: 6.7.1 (edcfbbe)
C            2.59244210407000       -1.84337091255200        1.50026868939800
C            2.85553338537100       -0.79893023589100        0.42692081755200
C            2.27872176827300       -1.22738998618900       -0.92400082474200
C            2.59425591534000       -0.22372342979600       -2.03245398504600
O            2.07647749584900        1.07789498954200       -1.71891995465700
C            0.76330702510500        1.28139466439800       -2.01670370820900
O            0.02626747221300        0.46624007884100       -2.55307052381200
C            0.35609945805300        2.66981517635600       -1.60087397119800
C           -1.12911097993100        2.71686969509100       -1.27275292076900
O           -1.57266237131000        4.07184231544700       -1.44808422782700
C           -1.42151202793900        2.26266164338200        0.16119186406600
O           -2.23218916136100        2.83081797648800        0.88556700800500
O           -0.72352380040400        1.14400414790400        0.48852374474600
C           -0.98317143969200        0.59014819085700        1.78701669193900
C           -2.15778947361800       -0.38384596682100        1.73427921522100
C           -1.90293031096300       -1.54491649435100        0.77017527000200
C           -3.06773647142500       -2.52215913458000        0.75740075054300
H            3.00704505482000       -1.51472465822400        2.45836574646800
H            3.05707500910700       -2.79954106032400        1.23924062982700
H            1.51897060205500       -2.00847492649600        1.63357974441900
H            2.41389209071700        0.15355925145300        0.74134153820600
H            3.93663360899800       -0.64196541225100        0.33684611714200
H            2.68287716113900       -2.20632114255100       -1.20684326159100
H            1.19268521316400       -1.33866248595300       -0.82332505757600
H            2.21103669932800       -0.57224558974800       -2.99887305543100
H            3.67896869508500       -0.11783453389900       -2.14356152228000
H            0.94593939468500        2.98415954532500       -0.73140152814900
H            0.59838452921600        3.34778664092100       -2.42717606193300
H           -1.73281177699300        2.09945883213900       -1.94586762684600
H           -2.39738884274100        4.16029716705900       -0.92916621152300
H           -1.16200125378500        1.38141861984600        2.52442841752200
H           -0.07365453100600        0.06691248183600        2.10068132181100
H           -2.34389840628400       -0.77269762333600        2.74208773428700
H           -3.06163181020600        0.14840360073100        1.41498485283600
H           -0.99108034984100       -2.07762186277900        1.06293902214200
H           -1.74534076331600       -1.16651694569500       -0.24628953715700
H           -2.86492719184800       -3.34427128408100        0.06391369262200
H           -3.99076827154000       -2.02793597846100        0.43791856580300
H           -3.23248344839500       -2.94940447891500        1.75169254419200
39
 energy: -57.286280858938 gnorm: 0.027016018039 xtb: 6.7.1 (edcfbbe)
C            2.59285455256432       -1.84388989152168        1.50525137377955
C            2.85608621068655       -0.80198810009769        0.42735619313448
C            2.27658042607917       -1.22947955644641       -0.91986187396742
C            2.59535078886140       -0.23105830569264       -2.02887975142107
O            2.06947954530367        1.06277578842637       -1.72754050489773
C            0.76893732168254        1.26652692578857       -2.00306512049916
O            0.04861772258800        0.46053476370636       -2.53128731773038
C            0.35501837074199        2.65811902932901       -1.59223360257035
C           -1.13084298347303        2.73043890852217       -1.26459798295333
O           -1.58181945967166        4.06879165659878       -1.43033441688193
C           -1.43191761400560        2.25528645704232        0.15585266062783
O           -2.22995757620830        2.81061621174983        0.86923197293801
O           -0.72526035164844        1.16722003584733        0.49186362003626
C           -0.98544432515796        0.59350404717484        1.77725963051582
C           -2.15702556588904       -0.38304529627632        1.72593879899298
C           -1.90188822688819       -1.54605762598061        0.76830288410007
C           -3.06736937471623       -2.52493425007875        0.75485634791206
H            3.00384075394280       -1.51929201215418        2.46056909912802
H            3.05315264308737       -2.79560945507852        1.24221779171078
H            1.52328317539673       -2.00889433836195        1.63117491902613
H            2.41202243875867        0.15165744043429        0.72417724044265
H            3.93405417963517       -0.64594544148669        0.32897768139947
H            2.68540364996168       -2.20149463855534       -1.20689976127167
H            1.19169145395346       -1.33249634472317       -0.83239490739176
H            2.18674984489070       -0.57409304228663       -2.98605015925730
H            3.67703460838101       -0.09665050290997       -2.13162664620539
H            0.95485388004821        2.98222823880885       -0.73949131133575
H            0.56572417147150        3.33865059482304       -2.42235555361865
H           -1.70143629448582        2.08098678020741       -1.94614099151301
H           -2.38578556514634        4.16808048324454       -0.89517801170997
H           -1.18334084054383        1.39344566236871        2.49959611166492
H           -0.06470299217723        0.07649940704484        2.06651473111369
H           -2.33212602002557       -0.76694319828805        2.73442596516014
H           -3.05615221081113        0.15507296319025        1.41402136863470
H           -0.99101858674524       -2.07178832234307        1.06911914981031
H           -1.73963278295799       -1.15676166846023       -0.24018502770110
H           -2.86876623740895       -3.34419901255883        0.06534765964070
H           -3.98455654138626       -2.02927624733131        0.43935744404170
H           -3.23169218869811       -2.94540726895248        1.74671029711872
39
 energy: -57.287485345432 gnorm: 0.013695120778 xtb: 6.7.1 (edcfbbe)
C            2.59112442402318       -1.84392963663947        1.50853748004999
C            2.85480931948537       -0.80406053118971        0.42754524400468
C            2.27479663323597       -1.23459581838856       -0.91756637287800
C            2.59044367954086       -0.23228240815029       -2.02319971692233
O            2.05911945581554        1.05844919870026       -1.72618081027788
C            0.76764984654532        1.26026915589934       -1.99229460511118
O            0.04756626921605        0.44990510104412       -2.50533883183599
C            0.35754446539288        2.65893689324625       -1.58958042527128
C           -1.13104039302435        2.73305527787258       -1.26155693350551
O           -1.58778905149325        4.05464559553451       -1.42097861803755
C           -1.43697784142018        2.25234630158011        0.15411266966367
O           -2.24875798448057        2.79312086302928        0.85696806975470
O           -0.72600410751371        1.18187445198575        0.48879822078482
C           -0.98515041040204        0.59709380993298        1.76806606339136
C           -2.15517820978867       -0.38077757630345        1.71930126789420
C           -1.89805366684043       -1.54458913571802        0.76438932204400
C           -3.06484608210217       -2.52344963076898        0.75098193701173
H            3.00040864166332       -1.51905834725073        2.46181930511776
H            3.05105933900054       -2.79307470072059        1.24393996669788
H            1.52279407718787       -2.00799046678633        1.62996024625981
H            2.41117367378527        0.15081473589557        0.71634140710662
H            3.93147186059725       -0.65129439731770        0.32438474054603
H            2.68557049432022       -2.20316176192097       -1.20821759012337
H            1.19081025372922       -1.33308875596089       -0.83657634599669
H            2.17246713203983       -0.57654880861462       -2.97526688962545
H            3.66862089100894       -0.08091926583583       -2.12104961218257
H            0.96837549246666        2.99324834040993       -0.75093794186451
H            0.54405697893622        3.33217906776796       -2.43078756482688
H           -1.67549502119631        2.05844368838336       -1.94950085778854
H           -2.36058141522936        4.16957671697753       -0.84640913337687
H           -1.19321827395930        1.39917073467476        2.48450697609130
H           -0.05814265921956        0.08507174448250        2.03964764376175
H           -2.32182296456417       -0.75905512728161        2.72994415263419
H           -3.05237381585458        0.15937417513063        1.41068132006957
H           -0.98972884987924       -2.06813207821834        1.07284634633635
H           -1.73165901172411       -1.15401778076417       -0.24150742119232
H           -2.86728216832411       -3.34219364166881        0.06438077803941
H           -3.97868130893279       -2.02561581973850        0.43649789651896
H           -3.22707969205160       -2.93860928858690        1.74329861704118
39
 energy: -57.287868464993 gnorm: 0.008464666579 xtb: 6.7.1 (edcfbbe)
C            2.58816525924822       -1.84472714853224        1.51181646371017
C            2.85357439017677       -0.80687083001592        0.42873371956777
C            2.27289970876701       -1.23755007132998       -0.91595322443088
C            2.58683446333374       -0.23251512301221       -2.02025051556079
O            2.05208843019118        1.05704135162855       -1.72105364593508
C            0.76294066057660        1.25656136879441       -1.98016473630231
O            0.03687596217907        0.44060698381792       -2.48037616089513
C            0.35698109329745        2.66265444614695       -1.59287831606067
C           -1.13390109351530        2.73609715276068       -1.26346214276110
O           -1.59870780537189        4.04717580883467       -1.42009217072817
C           -1.44554150122827        2.24435214802948        0.14686109283484
O           -2.26852074745151        2.78080040071004        0.84412588346139
O           -0.72415887490986        1.18771515250420        0.48447489082593
C           -0.98006749667815        0.60015572334450        1.76377836651284
C           -2.14961551172891       -0.37837143716602        1.71489451846463
C           -1.89200789954284       -1.54294394287047        0.76125351540648
C           -3.06104462883097       -2.51998024030273        0.74633122106026
H            2.99623763360603       -1.51831353520076        2.46468907611845
H            3.04856550448202       -2.79363646918930        1.24796687828322
H            1.51966079644522       -2.00795731786372        1.63105853225106
H            2.41161303982166        0.14922738315018        0.71482240851683
H            3.93026615024826       -0.65705231077190        0.32429792176518
H            2.68485757719129       -2.20445057923083       -1.20889288108479
H            1.18929890470482       -1.33659991689251       -0.83596288376575
H            2.16728396978022       -0.57744560462619       -2.97095219321686
H            3.66303601912238       -0.07480152702383       -2.11641447843874
H            0.97472961855388        3.00644411625974       -0.76391348036572
H            0.53248479918732        3.32454688533886       -2.44502186629846
H           -1.66487327698193        2.04978515556850       -1.95330966727023
H           -2.33703759000766        4.17504385735127       -0.79767188457058
H           -1.19176782201820        1.40153705102201        2.47934919054767
H           -0.05142787329989        0.09043506455331        2.02843271222554
H           -2.31393107617170       -0.75424755779803        2.72640745586843
H           -3.04653241613296        0.16166356928805        1.40632092019560
H           -0.98615801066328       -2.06766466380994        1.07405334308745
H           -1.72204388892533       -1.15344536789353       -0.24418790658423
H           -2.86414494885353       -3.33934135261984        0.06078712584342
H           -3.97301163644172       -2.01978336940365        0.43086995705719
H           -3.22389988216920       -2.93301437882682        1.73923296066822
39
 energy: -57.288092720921 gnorm: 0.011685330261 xtb: 6.7.1 (edcfbbe)
C            2.58333780422589       -1.84654572956904        1.51566911924335
C            2.85204717909450       -0.81074675063502        0.43126895510770
C            2.27036256775744       -1.24081712898243       -0.91330176190901
C            2.58193708481149       -0.23275802922391       -2.01627792315160
O            2.04554073529166        1.05738182626759       -1.71511262681871
C            0.75633093314404        1.25455274139924       -1.96804745922127
O            0.02201166239276        0.43136287781760       -2.45002158130974
C            0.35265794436213        2.66766382700929       -1.60062406457944
C           -1.13995320167480        2.73866762078450       -1.26870178535842
O           -1.61815169658066        4.04138542623250       -1.41911419656854
C           -1.44872669596737        2.23777624384397        0.13868026377198
O           -2.28590729566547        2.76904806342780        0.82841246715576
O           -0.71781022618389        1.19226917449278        0.47998818451387
C           -0.97205723900313        0.60295731513520        1.76026550101600
C           -2.14144150258278       -0.37581941643030        1.71075640590746
C           -1.88268906593017       -1.54079237904122        0.75783553373008
C           -3.05501822869398       -2.51416308934799        0.73966640992080
H            2.98986526965998       -1.51801425523955        2.46881509245565
H            3.04405201133840       -2.79649424200097        1.25463815815725
H            1.51418909818716       -2.00873813936194        1.63330586386522
H            2.41319969398513        0.14707922550702        0.71671381217337
H            3.92943105345875       -0.66480247118361        0.32710313727175
H            2.68323578765057       -2.20675561551969       -1.20848333433758
H            1.18695520242458       -1.34203869334979       -0.83228723570251
H            2.16351696031063       -0.57748430017090       -2.96718448605708
H            3.65702285628927       -0.07301030536264       -2.11236774219033
H            0.97535202163530        3.02459592851518       -0.78107271802081
H            0.52108724078413        3.31409362374967       -2.46559924690853
H           -1.66292212811925        2.04729139241296       -1.95950303544053
H           -2.31332785038479        4.17817173678349       -0.74287835347365
H           -1.18305279406783        1.40258273760663        2.47738302360337
H           -0.04346008285624        0.09376749821246        2.02175618728426
H           -2.30671448679702       -0.75096487896923        2.72242244830624
H           -3.03808130216854        0.16395398029353        1.40054487825393
H           -0.97987910409683       -2.06873965551377        1.07429276750056
H           -1.70804596777120       -1.15295769002930       -0.24764200015958
H           -2.85871562714568       -3.33439362593910        0.05449142065706
H           -3.96478579948874       -2.01083830560257        0.42159906435279
H           -3.22139281163543       -2.92659566329558        1.73261085696196
39
 energy: -57.288243951756 gnorm: 0.008791885544 xtb: 6.7.1 (edcfbbe)
C            2.57871857446235       -1.84871837511127        1.51873462670684
C            2.85056773241306       -0.81425550900455        0.43402696728044
C            2.26765763970123       -1.24252491138884       -0.91067108666066
C            2.57732237345585       -0.23275278499477       -2.01281870302878
O            2.04120276158722        1.05846947533290       -1.71045826226195
C            0.75026421390338        1.25381828276202       -1.95912952558520
O            0.01191075835616        0.42696634412294       -2.43067745143268
C            0.34718448238262        2.67103167035461       -1.60694475070516
C           -1.14583033926515        2.74004016834034       -1.27279007104154
O           -1.63241406172638        4.04088661198710       -1.41373897449604
C           -1.45148180470749        2.23100543731572        0.13253718228677
O           -2.29002906846554        2.76318770069598        0.82181501178299
O           -0.71258599097341        1.19259245780062        0.47665321727525
C           -0.96403038638768        0.60419180825943        1.75882495216042
C           -2.13352850486542       -0.37423662171907        1.70880773375958
C           -1.87424137818345       -1.53918971664768        0.75589302284479
C           -3.04923210334620       -2.50903112662891        0.73355520131951
H            2.98400933241415       -1.51911624953917        2.47254346482464
H            3.03911561249253       -2.79998317305983        1.26035560145484
H            1.50895379866805       -2.00988972366951        1.63535420225604
H            2.41482798084680        0.14502489082597        0.72022541895301
H            3.92870868463558       -0.67151100058267        0.33063681708146
H            2.68096387517329       -2.20804304184010       -1.20765551425792
H            1.18434706097734       -1.34595091538827       -0.82765456765153
H            2.16017157461940       -0.57662720368115       -2.96455800096083
H            3.65246378193190       -0.07401880050969       -2.11008311427588
H            0.97050344372926        3.03812479327415       -0.79240747137661
H            0.51512290021123        3.30592415414591       -2.48025131907910
H           -1.66785944323631        2.05337699251266       -1.96672363409308
H           -2.30441083999307        4.17600178274628       -0.71939418334015
H           -1.17215094676862        1.40302905572741        2.47755709480883
H           -0.03550488500797        0.09469262593854        2.01980171128116
H           -2.30106851119699       -0.74966497191594        2.72019709040898
H           -3.02998556978013        0.16529726603583        1.39676732227895
H           -0.97374719292287       -2.07027504152136        1.07438873432528
H           -1.69554837413352       -1.15207172612755       -0.24946164903530
H           -2.85322511269458       -3.32974061808153        0.04820621138573
H           -3.95691528121940       -2.00290735975452        0.41264307939065
H           -3.22022678709720       -2.92202177228924        1.72589361541941
39
 energy: -57.288390244611 gnorm: 0.005710867686 xtb: 6.7.1 (edcfbbe)
C            2.57127199186392       -1.85200683724112        1.52411522589590
C            2.84783028873158       -0.81881467858788        0.43971115310848
C            2.26257405241243       -1.24358602652436       -0.90497410307931
C            2.56980599103559       -0.23238277117211       -2.00601289913375
O            2.03398699978264        1.06015598336135       -1.70529002315646
C            0.74073080564148        1.25181928885929       -1.95092589265229
O            0.00172130042646        0.41966821721287       -2.41015352355401
C            0.33503068721826        2.67281857090457       -1.61878180557019
C           -1.15692249985892        2.73864285512885       -1.27922431980655
O           -1.65230212559298        4.03946284062291       -1.41058554299796
C           -1.44787209587688        2.22702807315882        0.12878252515880
O           -2.28490164341302        2.75765846077054        0.82090037665108
O           -0.70310287861237        1.19327426738064        0.47233757278434
C           -0.95149187863233        0.60470757707920        1.75564020903984
C           -2.12140727351129       -0.37256500295393        1.70600343391413
C           -1.86166321712515       -1.53729100244640        0.75298382998185
C           -3.04030463238052       -2.50191319095054        0.72307572298138
H            2.97480343505349       -1.52231898174037        2.47899172854088
H            3.03029056627580       -2.80496049622390        1.26873982320181
H            1.50085020166815       -2.01138113959976        1.63888737930142
H            2.41690045857617        0.14261579316102        0.72686045267118
H            3.92688705031217       -0.68089955051219        0.33687653965186
H            2.67636306971237       -2.20837662666343       -1.20476832436360
H            1.17947274963163       -1.34937403670507       -0.81934758563628
H            2.15345237944058       -0.57539900693413       -2.95857951254267
H            3.64559539238578       -0.07472730420592       -2.10487103057279
H            0.95725797176454        3.05637127734438       -0.81064245770500
H            0.50237506011827        3.29300355640130       -2.50269565832134
H           -1.68337110893093        2.05932174154374       -1.97434116590577
H           -2.28853738715312        4.17733389871190       -0.68580172795435
H           -1.15460550833617        1.40318171186924        2.47644159698406
H           -0.02270174903500        0.09384196745528        2.01543486564401
H           -2.29202524042533       -0.74868198435565        2.71685039324382
H           -3.01722918468297        0.16740011684648        1.39217244014187
H           -0.96450219737408       -2.07260461997899        1.07456264321568
H           -1.67642686699475       -1.14958022974675       -0.25124491402169
H           -2.84430176476938       -3.32274358833598        0.03750064412462
H           -3.94423204605348       -1.99157956554246        0.39757917368620
H           -3.21929915330262       -2.91598868266876        1.71379275705402
39
 energy: -57.288481039805 gnorm: 0.002520755464 xtb: 6.7.1 (edcfbbe)
C            2.56384710520487       -1.85478735793942        1.52975954755438
C            2.84439632094604       -0.82180612243179        0.44632000020135
C            2.25661968358809       -1.24314901156972       -0.89819266124650
C            2.56257826694506       -0.23188124473261       -1.99877575923536
O            2.02639481672123        1.06129627731521       -1.70266078377724
C            0.73176780620397        1.24920664160541       -1.94909555441641
O           -0.00507386420366        0.41104150390286       -2.39835557936732
C            0.32242292189942        2.67168234908521       -1.63044871774730
C           -1.16721874743513        2.73619694100217       -1.28296819335882
O           -1.66550127610850        4.03901371467061       -1.40717596674610
C           -1.44550605175040        2.22501841481867        0.12827253737135
O           -2.27196688371209        2.75751514517138        0.82992293346858
O           -0.69604584562578        1.19311335160768        0.46788238436642
C           -0.93876986822985        0.60417199652236        1.75187845057035
C           -2.10917679638825       -0.37195571398530        1.70386055044054
C           -1.85007012798722       -1.53615600887720        0.75003062921683
C           -3.03196533152736       -2.49604985034182        0.71218944540265
H            2.96630676722797       -1.52666345015811        2.48555832686851
H            3.02092492452607       -2.80872832877547        1.27508724606428
H            1.49299791494184       -2.01211200636249        1.64261909779299
H            2.41792852163945        0.14143062435612        0.73422943432071
H            3.92400789884952       -0.68847869018437        0.34311849609230
H            2.66989469742576       -2.20749757411370       -1.20039429949384
H            1.17372794474389       -1.34922568850104       -0.81084461382903
H            2.14640451273472       -0.57577859761104       -2.95131543708206
H            3.63887861754697       -0.07409952325491       -2.09811142563683
H            0.94450827571738        3.06866045993413       -0.82840626253694
H            0.48664062329059        3.28178584553114       -2.52213504848268
H           -1.70126145885021        2.06286726320674       -1.97688805101209
H           -2.27478945321471        4.18188323693605       -0.66404979585276
H           -1.13813337274993        1.40278866193823        2.47392547139241
H           -0.00885078185978        0.09239796304777        2.00853036742200
H           -2.28058886019997       -0.74826829656194        2.71451044975427
H           -3.00457853126871        0.16882089628065        1.39014041038664
H           -0.95616565257415       -2.07520637486618        1.07456271604932
H           -1.65871110389266       -1.14670191471444       -0.25241887565994
H           -2.83539273012519       -3.31651869060398        0.02651706471794
H           -3.93189691073762       -1.98172490868763        0.38226394697958
H           -3.21858397172164       -2.91097105793663        1.70105751905110
39
 energy: -57.288547969350 gnorm: 0.004404510071 xtb: 6.7.1 (edcfbbe)
C            2.55493851194396       -1.85728936856226        1.53702012843743
C            2.83975163362530       -0.82411828546943        0.45472859854793
C            2.24909537465102       -1.24192638422743       -0.88952651911445
C            2.55434874835987       -0.23135985783276       -1.99053538062847
O            2.01561755485560        1.06157172901822       -1.70054575331616
C            0.71975108839200        1.24401149156213       -1.94731380871944
O           -0.01372785414862        0.39883090422402       -2.38715524398040
C            0.30733068026161        2.66907289143426       -1.64530223739677
C           -1.17914160213064        2.73366153204678       -1.28577337944016
O           -1.67985595081199        4.03704581008492       -1.40663954245165
C           -1.44046607100677        2.22687019577986        0.13029653661581
O           -2.25533920640942        2.76137993387610        0.84322397980336
O           -0.68865764365855        1.19420515465343        0.46231292133162
C           -0.92361795050623        0.60323852095912        1.74636798211368
C           -2.09444503528271       -0.37217401138687        1.70117991139370
C           -1.83656998951728       -1.53538457563895        0.74574740459263
C           -3.02255820984303       -2.48965629361017        0.69855961377444
H            2.95667521891727       -1.53167161633931        2.49374601212003
H            3.00956694471749       -2.81202378907354        1.28173399192263
H            1.48363714741716       -2.01195095056971        1.64775635933171
H            2.41811990699437        0.14096008101743        0.74329456093093
H            3.91982586419624       -0.69604692567624        0.35074904933735
H            2.66080467073615       -2.20619405260201       -1.19383395950142
H            1.16637851288426       -1.34673750773038       -0.80075349145674
H            2.13900740176454       -0.57835104264239       -2.94243796790487
H            3.63064861588661       -0.07153891331906       -2.08901141307340
H            0.93254953948319        3.08052221084813       -0.85265728108679
H            0.46336309719482        3.26809405977332       -2.54650063363317
H           -1.72196448557814        2.06112858421257       -1.97368974264926
H           -2.25398015729143        4.19216698319688       -0.63448021788184
H           -1.11920106984996        1.40119814189282        2.47030519800633
H            0.00780501558862        0.09069783332525        1.99684297349511
H           -2.26453865015923       -0.74869692086542        2.71184511422377
H           -2.98977231872099        0.16959116312260        1.38918334272484
H           -0.94690845954155       -2.07916189320966        1.07388404774130
H           -1.63803991617738       -1.14354788029957       -0.25432217172629
H           -2.82506378799217       -3.30969171842017        0.01298001628045
H           -3.91755748704254       -1.97050175512426        0.36335179826496
H           -3.21780968221142       -2.90509260370578        1.68536920297465
39
 energy: -57.288624753839 gnorm: 0.005319450922 xtb: 6.7.1 (edcfbbe)
C            2.54493139692045       -1.85915324053544        1.54526802895517
C            2.83337028799484       -0.82463078872719        0.46488373572515
C            2.23919427186143       -1.23897039167288       -0.87886601916045
C            2.54529743268969       -0.23083742206806       -1.98171225327187
O            2.00229850841941        1.06104709273142       -1.70068188525834
C            0.70567445964952        1.23797850342078       -1.95133655766909
O           -0.02218994705438        0.38620950902963       -2.38568071869522
C            0.29041143878321        2.66376821676633       -1.66112452265799
C           -1.19101915460733        2.73158106525433       -1.28412446823488
O           -1.68805170667844        4.03742186278582       -1.40574516679053
C           -1.43148326219470        2.23476130105849        0.13874856923385
O           -2.22681757833750        2.77490832555620        0.86913490445941
O           -0.68296328783374        1.19397686778858        0.45648861838306
C           -0.90626103213658        0.60019209099258        1.74026520827563
C           -2.07749287906345       -0.37496524047668        1.70001847209137
C           -1.82226195144999       -1.53591748471392        0.74095620402479
C           -3.01289571212301       -2.48376021543120        0.68272866358897
H            2.94716545421127       -1.53778423757518        2.50285203856417
H            2.99624775645315       -2.81438648660551        1.28699728597095
H            1.47325110147365       -2.01056585787678        1.65458553200952
H            2.41647641737058        0.14190530606603        0.75473103276604
H            3.91368836682757       -0.70164344222107        0.35957341785363
H            2.64734758346111       -2.20422980874544       -1.18412053458553
H            1.15647301986328       -1.33981649623742       -0.78885870182695
H            2.13254081694859       -0.58372060351668       -2.93270976914546
H            3.62141680107565       -0.06801631157233       -2.07751249746378
H            0.92230968499138        3.08621478776559       -0.87982679553466
H            0.43395266290795        3.25467565137408       -2.56995047637665
H           -1.74680768610663        2.05745229106126       -1.96144024764260
H           -2.23929091952660        4.20593978439658       -0.62713768245007
H           -1.09711557017098        1.39676710923020        2.46702915048417
H            0.02718013938664        0.08690213992605        1.98155067224659
H           -2.24323043617829       -0.75252485826327        2.71078856012552
H           -2.97355141725156        0.16799604359726        1.39256564980119
H           -0.93747581899205       -2.08556276530015        1.07191819386943
H           -1.61641312581874       -1.14010240273061       -0.25588115003970
H           -2.81395860476936       -3.30298730625359       -0.00294018649117
H           -3.90212707250266       -1.95910077396659        0.34157480785371
H           -3.21782043850332       -2.89989093958889        1.66699088701609
39
 energy: -57.288697456232 gnorm: 0.003735276482 xtb: 6.7.1 (edcfbbe)
C            2.53537553709046       -1.85978054192193        1.55394450655177
C            2.82639670750751       -0.82466984891651        0.47444463445455
C            2.22876616449438       -1.23713446424714       -0.86838184752321
C            2.53597831611966       -0.23133047367128       -1.97349881216249
O            1.98759155650550        1.05977798841608       -1.70126424687508
C            0.69137287631978        1.23245368187527       -1.95652558212911
O           -0.03460501450960        0.37427900230473       -2.38281059392162
C            0.27519674739659        2.66008181389860       -1.67849748138582
C           -1.20176079632961        2.73151621030203       -1.28203630145863
O           -1.69951314734353        4.03591430089004       -1.40694502841426
C           -1.42390830297562        2.24147518592346        0.14525934907393
O           -2.19891415989203        2.79195393920359        0.88998131506962
O           -0.67889590383033        1.19403913221336        0.45093896551022
C           -0.88925428449028        0.59747037780467        1.73523596490703
C           -2.06020562983667       -0.37871599923419        1.69923403739065
C           -1.80798182484065       -1.53674824537897        0.73563305620203
C           -3.00374945792816       -2.47772668001083        0.66672318560572
H            2.93883295849003       -1.54129553502562        2.51185311446707
H            2.98376695267510       -2.81579326125628        1.29347971988596
H            1.46332898510284       -2.00823553927355        1.66320238741220
H            2.41360264318724        0.14320458023568        0.76540348145007
H            3.90698866489853       -0.70598596628746        0.36790755234132
H            2.63305549974129       -2.20399826786083       -1.17340933415753
H            1.14588379129910       -1.33375580924053       -0.77710210232235
H            2.12840349224972       -0.59052875662126       -2.92434064450002
H            3.61156969561496       -0.06482158821667       -2.06524359399421
H            0.91749557522766        3.09284650082697       -0.91115192448989
H            0.40348748344755        3.24073408934293       -2.59654227533969
H           -1.76693401278672        2.05155181646947       -1.94656827050936
H           -2.22031887381086        4.22108990081878       -0.60731417625181
H           -1.07564686377931        1.39156699963958        2.46565978527869
H            0.04627315135790        0.08417858246252        1.96656496846728
H           -2.22073938414880       -0.75836140319230        2.70990860879557
H           -2.95778210380019        0.16463417095059        1.39690269309219
H           -0.92824704379072       -2.09327719271362        1.06832329609565
H           -1.59543907331323       -1.13716616068879       -0.25824569528054
H           -2.80411055573411       -3.29639317006831       -0.01934333102477
H           -3.88733750484848       -1.94719769504550        0.32002450434679
H           -3.21802286074686       -2.89472079998457        1.64859611534564
39
 energy: -57.288771945064 gnorm: 0.002868551828 xtb: 6.7.1 (edcfbbe)
C            2.52805028902786       -1.85803034456055        1.56211947397874
C            2.81846638221561       -0.82303505727662        0.48207799791872
C            2.21762061544967       -1.23569715239295       -0.85931085144144
C            2.52740419566639       -0.23347928111243       -1.96783062616657
O            1.97300324580268        1.05666271752710       -1.70287746846894
C            0.67825506613293        1.22769866038741       -1.96411383575972
O           -0.04700792401829        0.36890153922290       -2.39102387477842
C            0.26438584651721        2.65747431497898       -1.69399908233211
C           -1.20787983287996        2.73346078145007       -1.27691574767200
O           -1.70754430192134        4.03430727129715       -1.40880089364893
C           -1.41236658126508        2.25216389074614        0.15469401321613
O           -2.16703470678606        2.81669809787978        0.90987659529954
O           -0.67772730449136        1.19349601938104        0.44774334248727
C           -0.87537319030368        0.59379958295130        1.73254725991050
C           -2.04491538160841       -0.38514695759871        1.70075333946746
C           -1.79654676817121       -1.53872429214584        0.73059174643993
C           -2.99710691324507       -2.47308299508368        0.65257382831639
H            2.93472062314992       -1.54101163181585        2.51926830638493
H            2.97391856326165       -2.81484097952702        1.29956883413721
H            1.45592870471955       -2.00438815447873        1.67430109316417
H            2.40784341579077        0.14544223106183        0.77406990705619
H            3.89906272414176       -0.70607158557192        0.37386398258419
H            2.61692500295238       -2.20537823027650       -1.16198637302198
H            1.13433231370852       -1.32689049032561       -0.76664539345944
H            2.12730223709528       -0.59905479960909       -2.91933942586284
H            3.60242464823534       -0.06333490551874       -2.05410389225133
H            0.91953097018654        3.09520546821262       -0.94084975349202
H            0.37611336448236        3.22994180083433       -2.61888888988897
H           -1.77936769924538        2.04370809602251       -1.92635706125067
H           -2.20991609583333        4.23280584317127       -0.60010947108031
H           -1.05750459239361        1.38435364500162        2.46749122163050
H            0.06215665152590        0.08133246366244        1.95418419791653
H           -2.19825917118876       -0.76898315419030        2.71095926726762
H           -2.94536844502607        0.15766266183118        1.40564810799207
H           -0.92103952348161       -2.10256698975453        1.06185258357533
H           -1.57988109012653       -1.13463967867115       -0.26050933078038
H           -2.79771138129590       -3.29102568620144       -0.03471765854232
H           -3.87588972057384       -1.93700699526466        0.30206720147224
H           -3.21900423621678       -2.89159484952124        1.63212732968640
39
 energy: -57.288818223731 gnorm: 0.002359581685 xtb: 6.7.1 (edcfbbe)
C            2.52303561860505       -1.85510504936329        1.56958717723220
C            2.81054410018579       -0.82143323368281        0.48752674947245
C            2.20630939381347       -1.23536867274758       -0.85193608136819
C            2.51898278732680       -0.23693108736231       -1.96326403547672
O            1.96165755799892        1.05346683755279       -1.70409188550138
C            0.66892488729050        1.22564120695008       -1.97309910793694
O           -0.05728333912470        0.36817027382563       -2.40228090741522
C            0.25740422471473        2.65729763600835       -1.70748089759262
C           -1.21062887511252        2.73471889350598       -1.27299967585608
O           -1.71504715742103        4.03206300379969       -1.40861114854526
C           -1.39856277973532        2.26148918404585        0.16360156040270
O           -2.13571038070103        2.83915866655992        0.92651917385582
O           -0.67576394040286        1.19195945053777        0.44640744164073
C           -0.86461107443832        0.58996333797595        1.73161340721016
C           -2.03227989665595       -0.39180646356053        1.70285946672809
C           -1.78774916094264       -1.54067710547372        0.72604822283426
C           -2.99230629185785       -2.46923704634730        0.64106298780686
H            2.93391482571163       -1.53752029012036        2.52496354633909
H            2.96695351403071       -2.81281018321031        1.30644039947055
H            1.45115346026037       -2.00044033926348        1.68663061944898
H            2.40103142815953        0.14755753778902        0.77981401372511
H            3.89101735978825       -0.70459549063298        0.37680485690713
H            2.60096238482335       -2.20788528811231       -1.15200999040948
H            1.12264288743970       -1.32178857339954       -0.75764287712918
H            2.12471835284992       -0.60629918813873       -2.91570783617584
H            3.59397759862867       -0.06541139646365       -2.04540092592246
H            0.92286073926843        3.09990971322943       -0.96638607339530
H            0.35490382389188        3.22238153909538       -2.63800356227465
H           -1.78609007071971        2.03795107409159       -1.91072041480527
H           -2.20534298753347        4.23748728756572       -0.59509245208505
H           -1.04380977092244        1.37788068629063        2.46994294038910
H            0.07469111240486        0.07883535349720        1.94720688472100
H           -2.17918116191678       -0.78058931536822        2.71223208484199
H           -2.93584949978567        0.15001258379524        1.41496228055105
H           -0.91502545707173       -2.11072240056163        1.05411564563447
H           -1.56896198673469       -1.13173512102879       -0.26266424175347
H           -2.79411988905761       -3.28615172262097       -0.04812701546645
H           -3.86748582979772       -1.92834142220630        0.28871563513344
H           -3.21987650727043       -2.88996400172939        1.61846403476815
39
 energy: -57.288847564726 gnorm: 0.001942093810 xtb: 6.7.1 (edcfbbe)
C            2.51974424836370       -1.85204571982038        1.57635900030346
C            2.80337982039951       -0.82048849501061        0.49143663061612
C            2.19574575064323       -1.23589447542382       -0.84602010938464
C            2.51063500646214       -0.24077044619913       -1.95932875325936
O            1.95360988418143        1.05074283369448       -1.70352530525224
C            0.66278124499527        1.22524801308027       -1.97945810251446
O           -0.06363372639908        0.37057535290342       -2.41330028676381
C            0.25239005624824        2.65870051553447       -1.71838032829223
C           -1.21222546697165        2.73447273340040       -1.27142235199412
O           -1.72225323613275        4.02931011943055       -1.40678868794000
C           -1.38630416730609        2.26617033525488        0.16938214219545
O           -2.10867379577929        2.85419922249380        0.93868920511539
O           -0.67257342714282        1.18937826185725        0.44537769317155
C           -0.85579579018359        0.58663900199498        1.73128522677319
C           -2.02179111335947       -0.39713928075996        1.70452490443522
C           -1.78086511931790       -1.54183581384556        0.72184988177133
C           -2.98846733247184       -2.46572619179747        0.63190911061152
H            2.93475316746693       -1.53255798063435        2.52947097249081
H            2.96234512560210       -2.81051565573215        1.31364390414226
H            1.44830078123386       -1.99709154106453        1.69855956068853
H            2.39468845628506        0.14908632858210        0.78337729895265
H            3.88362087374081       -0.70337193262599        0.37756666567493
H            2.58662434543927       -2.21059563276646       -1.14427602499332
H            1.11188558666932       -1.31868065377901       -0.74995892793841
H            2.11852900712495       -0.61146153950942       -2.91212003208372
H            3.58599641617118       -0.07007502660648       -2.03979697136646
H            0.92365241933808        3.10717139690625       -0.98645936075778
H            0.33948623267295        3.21705300220569       -2.65357754622892
H           -1.79014654877388        2.03439348304403       -1.90192244301930
H           -2.20147085945796        4.23791823859236       -0.58720796677667
H           -1.03370358243639        1.37353282525473        2.47102633635920
H            0.08497398895951        0.07699512293245        1.94426008491476
H           -2.16348528838293       -0.79025715116707        2.71304821984616
H           -2.92792308668384        0.14392030875389        1.42294587496888
H           -0.90981433663853       -2.11657140657245        1.04633448070600
H           -1.56123070045646       -1.12844662941271       -0.26491509483592
H           -2.79206311531533       -3.28130579866518       -0.05952624557383
H           -3.86108424075128       -1.92069852465956        0.27946392873556
H           -3.21963747804637       -2.88884632514174        1.60747341650606
39
 energy: -57.288873049504 gnorm: 0.001685536259 xtb: 6.7.1 (edcfbbe)
C            2.51782736604186       -1.84677500654118        1.58536793757487
C            2.79394464920352       -0.81906083926934        0.49514246493885
C            2.18077267175886       -1.23750923463527       -0.83883943493633
C            2.49818083016368       -0.24723094706654       -1.95489944389764
O            1.94678921690009        1.04769784716308       -1.70204733146589
C            0.65934018870991        1.22814119929376       -1.98905615548697
O           -0.06806382836175        0.37670930816125       -2.42841752847449
C            0.24869666914475        2.66253276842065       -1.73019675174198
C           -1.21187882951669        2.73290460258568       -1.27025713561794
O           -1.72969187921575        4.02549671898921       -1.40082984578951
C           -1.37011267254409        2.26755522974399        0.17448771542354
O           -2.07513986329844        2.86593227510828        0.95096182731383
O           -0.66675238229026        1.18363807300381        0.44382145186676
C           -0.84565089521922        0.58201075167432        1.73123823566256
C           -2.00973962288278       -0.40358664557737        1.70660395722183
C           -1.77418797275577       -1.54246537298891        0.71581148729776
C           -2.98474606401293       -2.46149453201963        0.62202446680493
H            2.93911936207111       -1.52287459753123        2.53433368545022
H            2.95944978130906       -2.80600265117106        1.32402433496244
H            1.44739456070550       -1.99249192898895        1.71586483412332
H            2.38587137548047        0.15126980187270        0.78569385126329
H            3.87354659628682       -0.70088713268932        0.37533697656341
H            2.56686563313987       -2.21489976425925       -1.13473506231899
H            1.09682307625905       -1.31577683064333       -0.73995283900314
H            2.10346060736514       -0.61750368259345       -2.90673985882255
H            3.57445843114715       -0.08151665574541       -2.03690873983888
H            0.92452770475574        3.11943209569216       -1.00848141985046
H            0.32338071159573        3.21352263772737       -2.67039284310886
H           -1.79171344655395        2.03157364484255       -1.89546861895523
H           -2.19786383277714        4.23320947307068       -0.57555294858061
H           -1.02390120871751        1.36966510829220        2.47017322818999
H            0.09665911729919        0.07466576475036        1.94454231672847
H           -2.14445185077319       -0.80263014023832        2.71381953551221
H           -2.91889778573128        0.13706422612954        1.43394839923212
H           -0.90380241475464       -2.12184340063993        1.03376312609332
H           -1.55598711830900       -1.12280092058823       -0.26865636207321
H           -2.79187806234746       -3.27425637633793       -0.07371103883950
H           -3.85546926419590       -1.91153300759193        0.27282793297286
H           -3.21717955508958       -2.88875098468314        1.59535559360951
39
 energy: -57.288881441521 gnorm: 0.002602603517 xtb: 6.7.1 (edcfbbe)
C            2.51613292137087       -1.84472061069967        1.59074391526890
C            2.79003093451929       -0.81823947900979        0.49875875595913
C            2.17341968976277       -1.23746352142833       -0.83344528716450
C            2.49072127662041       -0.24997763291800       -1.95195809420143
O            1.94226627268877        1.04644554604304       -1.70067598765832
C            0.65552114523890        1.22766032998130       -1.99065060695241
O           -0.06954750527003        0.37630126901866       -2.43252901000583
C            0.24353098330636        2.66262967104050       -1.73746410499397
C           -1.21501171662009        2.73143548550620       -1.27021574920047
O           -1.73350821465074        4.02445873497747       -1.39779145217488
C           -1.36408206101819        2.26705512053799        0.17609696596651
O           -2.05908223448608        2.86855030004592        0.96025517494416
O           -0.66278306372499        1.18012524951515        0.43988823196718
C           -0.83769879674166        0.57951608342353        1.72852699420813
C           -2.00202335981578       -0.40575236183070        1.70645950849146
C           -1.76963681085144       -1.54203507430262        0.71185565407990
C           -2.98200753707263       -2.45861504507585        0.61580160459529
H            2.93949256948966       -1.51981525246419        2.53829141837574
H            2.95713220928034       -2.80415965587039        1.32938407600705
H            1.44609292312857       -1.99030124510900        1.72370644340596
H            2.38346847162193        0.15271973156644        0.78902174773471
H            3.86932987997683       -0.70121716827113        0.37594914618637
H            2.55725164860846       -2.21585062591151       -1.12877817187985
H            1.08955387770387       -1.31345967134206       -0.73263726345181
H            2.09177630142022       -0.62117350588157       -2.90181127095443
H            3.56734568021398       -0.08713271163317       -2.03698075569030
H            0.92105416749986        3.12593693918987       -1.02101640633021
H            0.31233599448511        3.20930572995778       -2.68122943045100
H           -1.79906446927082        2.03060113649418       -1.89287083628852
H           -2.18859121971972        4.23553482420046       -0.56358975446791
H           -1.01481981940677        1.36819578971006        2.46676726264546
H            0.10527261914013        0.07234644363926        1.94051373980621
H           -2.13303383759320       -0.80705218454716        2.71321626191230
H           -2.91195307231664        0.13582252882159        1.43834113325368
H           -0.89993744089434       -2.12373948727712        1.02743650102495
H           -1.55149568656660       -1.11920934285605       -0.27127505045711
H           -2.79079421223757       -3.26940875700076       -0.08249950897267
H           -3.85170666558300       -1.90579771130892        0.26848070394297
H           -3.21495184224588       -2.88838899420959        1.58792350152351
39
 energy: -57.288890438150 gnorm: 0.001282235231 xtb: 6.7.1 (edcfbbe)
C            2.51830207916146       -1.84281624707178        1.59146901546392
C            2.79034122595449       -0.81706729289127        0.49823949982055
C            2.17214749784248       -1.23789862372254       -0.83276039004294
C            2.48839316313390       -0.25196160134061       -1.95313576525490
O            1.94327527183028        1.04561282886599       -1.70087964860193
C            0.65694000524209        1.22865726296388       -1.99100042959137
O           -0.06793183912538        0.37801393723948       -2.43468786790407
C            0.24508089721855        2.66284488975064       -1.73588514477780
C           -1.21353405066648        2.73184833792146       -1.26959335785115
O           -1.72998318867891        4.02587150296973       -1.39509481153323
C           -1.36438934086941        2.26480564932500        0.17474954958924
O           -2.06054141992165        2.86360523060286        0.95869885649696
O           -0.66216527450895        1.17843362432553        0.43866526585963
C           -0.83763933306820        0.57890053134855        1.72776375792651
C           -2.00247179054355       -0.40578418530708        1.70626536983429
C           -1.77136141083289       -1.54135370579467        0.71061555590975
C           -2.98294349378021       -2.45914172729086        0.61695685647371
H            2.94240509898958       -1.51679835865046        2.53818699411951
H            2.95977730112477       -2.80205707995160        1.33029852793613
H            1.44856891458359       -1.98903355751835        1.72558429346880
H            2.38375796291893        0.15391673074111        0.78805366520590
H            3.86933098296232       -0.69987318132662        0.37377061917500
H            2.55548691366045       -2.21662239149878       -1.12733304403319
H            1.08840529173160       -1.31327861770764       -0.73085699185185
H            2.08464737245225       -0.62305832237314       -2.90102623996975
H            3.56508732478010       -0.09186645772510       -2.04199552984786
H            0.92152839743010        3.12490246757250       -1.01833303322572
H            0.31458065828611        3.21131692822506       -2.67813534412068
H           -1.79778218089887        2.03249255139982       -1.89422238788193
H           -2.18710675723455        4.23517066264223       -0.56291876725965
H           -1.01506596753128        1.36868198936503        2.46470158031598
H            0.10499714968843        0.07156470050400        1.94066332227763
H           -2.13226066153969       -0.80766730863397        2.71284072652113
H           -2.91228814217519        0.13651989824733        1.43966629618170
H           -0.90041782841215       -2.12215633139259        1.02406717262092
H           -1.55582649997963       -1.11790334518631       -0.27269265424207
H           -2.79289859244019       -3.26856228033368       -0.08314580916991
H           -3.85420317952957       -1.90668205720752        0.27328215554001
H           -3.21224255726450       -2.89044617636379        1.58915813642669
39
 energy: -57.288899305476 gnorm: 0.001806065913 xtb: 6.7.1 (edcfbbe)
C            2.52161547626898       -1.83838746158930        1.59500551113347
C            2.79007794860007       -0.81441327856161        0.49899173684026
C            2.16760890789236       -1.23870684493747       -0.82892428335565
C            2.48157564256652       -0.25683534948858       -1.95390219839267
O            1.94097686194278        1.04280897484985       -1.70254932814642
C            0.65553054832449        1.22929343497643       -1.99459639505511
O           -0.07108706881157        0.37848904127986       -2.43735863260056
C            0.24556434795141        2.66288362349731       -1.73725608663021
C           -1.21222469833161        2.73408597220858       -1.26764213514554
O           -1.72579969220639        4.02935434871565       -1.38949511315487
C           -1.36183708792790        2.26383114943363        0.17459319823904
O           -2.05648538744781        2.86065907775039        0.96082000034443
O           -0.66024371129135        1.17577623580850        0.43548743533603
C           -0.83399731981313        0.57641871029550        1.72497057652005
C           -1.99978318432426       -0.40737405063421        1.70571425480364
C           -1.77264688584270       -1.54067682276591        0.70654720576125
C           -2.98395182282635       -2.45923590541108        0.61629008043208
H            2.94766517792177       -1.51028347038545        2.54011267242012
H            2.96346237539893       -2.79760638609484        1.33433448983857
H            1.45234584172212       -1.98551340341616        1.73189347991154
H            2.38415664617929        0.15698146284811        0.78809785908795
H            3.86857060266787       -0.69726868798674        0.37086457199500
H            2.54900682935390       -2.21883599093477       -1.12121143951252
H            1.08404762294030       -1.31207329548310       -0.72394549720886
H            2.07117436876835       -0.62957553058069       -2.89821458563471
H            3.55822259691506       -0.10058713281221       -2.04913156381850
H            0.92439071834438        3.12433675194430       -1.02120786087455
H            0.31234128991409        3.21191940389581       -2.67957660192344
H           -1.79882768959280        2.03697271752432       -1.89312190642983
H           -2.18071986692102        4.23787483040664       -0.55711471773490
H           -1.00960408877853        1.36674355563850        2.46160183192649
H            0.10841196591971        0.06835133025640        1.93625024796041
H           -2.12573965004989       -0.81152927601804        2.71182233200214
H           -2.91013312901511        0.13631024837931        1.44386991001124
H           -0.89997209063107       -2.12162994488882        1.01484541409266
H           -1.56187082806650       -1.11504988725378       -0.27677650171823
H           -2.79704315596863       -3.26569422189331       -0.08808299340786
H           -3.85766700162027       -1.90620716122023        0.27984918725530
H           -3.20711141013521       -2.89447589263098        1.58814584483674
39
 energy: -57.288910402915 gnorm: 0.001884125545 xtb: 6.7.1 (edcfbbe)
C            2.52566247721020       -1.83335597144086        1.59863897525675
C            2.79035762205089       -0.81186010659934        0.49926019556960
C            2.16356244048192       -1.24007897998470       -0.82535455292032
C            2.47456333215669       -0.26244841528621       -1.95499202824968
O            1.93686017514841        1.03852859651289       -1.70430829415565
C            0.65189069986045        1.22840739442091       -1.99655258134702
O           -0.07666723744897        0.38040685744011       -2.44139996311793
C            0.24606455332267        2.66291209132768       -1.73872167771899
C           -1.21091455963414        2.73735730607418       -1.26627977109721
O           -1.72168994573372        4.03373542608545       -1.38471025802265
C           -1.35948429094392        2.26419196389547        0.17470644570364
O           -2.05309901151311        2.86014473096271        0.96252916085462
O           -0.65885163258398        1.17476909111086        0.43315022792650
C           -0.83054839272060        0.57392607607884        1.72224251926624
C           -1.99700574700042       -0.40923551276694        1.70477101275772
C           -1.77418555497739       -1.54031693840218        0.70210908629558
C           -2.98521181943998       -2.45967447124969        0.61612983700650
H            2.95359587244827       -1.50249947305277        2.54202894686809
H            2.96790001673159       -2.79279079293232        1.33928013744047
H            1.45681343570442       -1.98137761927928        1.73851641341018
H            2.38511141213449        0.16012545658661        0.78745414170990
H            3.86842263962910       -0.69456092490407        0.36751859139048
H            2.54300436531352       -2.22173740601585       -1.11512337402280
H            1.08022087050597       -1.31176260504210       -0.71673831546841
H            2.05943711416589       -0.63736184867225       -2.89622862596408
H            3.55102541051429       -0.10845196663971       -2.05561019615332
H            0.92717229115539        3.12179014158438       -1.02358644104491
H            0.31225364771288        3.21229814128686       -2.68041362146157
H           -1.79976082255772        2.04279690994269       -1.89224572798220
H           -2.17357126143443        4.24218795220038       -0.55072108949312
H           -1.00361164342124        1.36338458013400        2.46028525378711
H            0.11179974459962        0.06484411469771        1.93058642250737
H           -2.11929879993465       -0.81578844591148        2.71038328104034
H           -2.90815726440640        0.13538272254109        1.44767140115922
H           -0.89954568847090       -2.12144076732237        1.00466943582259
H           -1.56871117350797       -1.11269085033240       -0.28150860217134
H           -2.80198502992910       -3.26319594782074       -0.09268574156379
H           -3.86179315191432       -1.90632495482527        0.28754303340309
H           -3.20162509328336       -2.89910467968046        1.58770634278301
39
 energy: -57.288928812848 gnorm: 0.001239466694 xtb: 6.7.1 (edcfbbe)
C            2.53398235808906       -1.82486246419111        1.60436324757542
C            2.79254436094501       -0.80827985402994        0.49898709422000
C            2.15824064296693       -1.24299650546475       -0.81988299819197
C            2.46315549078515       -0.27199889013655       -1.95673305842355
O            1.92903887101929        1.03078160341620       -1.70831890158553
C            0.64444572072176        1.22600251577352       -1.99940688020557
O           -0.08894120304550        0.38205364607463       -2.44366852693939
C            0.24705884704711        2.66296617213802       -1.74026008696131
C           -1.20887264604866        2.74399515795020       -1.26458686073400
O           -1.71351012043714        4.04322716588204       -1.37725089907845
C           -1.35728170230901        2.26590237355294        0.17532001981142
O           -2.05084979006180        2.85994327489080        0.96560243747877
O           -0.65714464762785        1.17531161436959        0.42981578181417
C           -0.82556540192818        0.56968871564164        1.71695704317395
C           -1.99350157045595       -0.41175753217998        1.70156896790383
C           -1.77798295010119       -1.53984291006463        0.69403364326876
C           -2.98799692573028       -2.46149247597027        0.61762887672649
H            2.96444719950657       -1.48862314439032        2.54477025123593
H            2.97715659272704       -2.78476866036984        1.34824503720835
H            1.46586977558830       -1.97442449220367        1.74884441642812
H            2.38875836069208        0.16501731848249        0.78516212744794
H            3.86993306469470       -0.69110497772705        0.36105221731197
H            2.53498961763830       -2.22683451387600       -1.10591358453876
H            1.07539556348039       -1.31296291980228       -0.70456295829635
H            2.04186614403754       -0.65123478171299       -2.89337094717384
H            3.53916256762429       -0.11998707362390       -2.06535017507582
H            0.93279040273540        3.11684834217319       -1.02564003186869
H            0.31425215947600        3.21288789605439       -2.68179341550654
H           -1.80271723765223        2.05519159065598       -1.89184574339363
H           -2.16029997665214        4.25189034135672       -0.54009368584419
H           -0.99355098748982        1.35610749737773        2.45947713670169
H            0.11673646121965        0.05798666032120        1.91880740192745
H           -2.11076413783640       -0.82174857637332        2.70640603047282
H           -2.90555529481003        0.13453001734301        1.45145142766977
H           -0.89931220559289       -2.12022206349106        0.98662937493579
H           -1.58263925484575       -1.10956256436873       -0.29066713435724
H           -2.81181690664797       -3.26015435988400       -0.09857422655111
H           -3.87037808521589       -1.90848485584071        0.30364793214529
H           -3.19114315651544       -2.90785741303137        1.58914964927207
39
 energy: -57.288940934421 gnorm: 0.001098280479 xtb: 6.7.1 (edcfbbe)
C            2.54422840132993       -1.81477172506916        1.61126278215344
C            2.79430716494931       -0.80466543940138        0.49795728399231
C            2.15071016814162       -1.24675132408327       -0.81414518068174
C            2.44986393470058       -0.28304288047583       -1.95855020002897
O            1.92184225920191        1.02246588047505       -1.71205537092078
C            0.63807251687954        1.22401395790180       -2.00251469925879
O           -0.09939650730918        0.38496441692864       -2.44824558907382
C            0.24820521437168        2.66308491553324       -1.74119193568359
C           -1.20612521860419        2.75031719390286       -1.26271501560774
O           -1.70362228592445        4.05327447638062       -1.36846411823812
C           -1.35426656019251        2.26686845074295        0.17614615710546
O           -2.04558987581120        2.85962279530168        0.96966896470521
O           -0.65541466987889        1.17453901746095        0.42563431759469
C           -0.82053066501150        0.56482767990519        1.71113695380436
C           -1.99014286845723       -0.41449396074058        1.69779940474666
C           -1.78260225937358       -1.53898095257751        0.68450240198371
C           -2.99095867849830       -2.46373560661788        0.61948502833549
H            2.97894777002174       -1.47121915284164        2.54711681625641
H            2.98856378116781       -2.77516751176516        1.35908530835126
H            1.47729488025998       -1.96634985165865        1.76268534222563
H            2.39239003050296        0.17025472566438        0.78129490466145
H            3.87069227522584       -0.68785972435535        0.35155644871397
H            2.52408751402273       -2.23291733937750       -1.09670638680002
H            1.06844285404926       -1.31438729518384       -0.69123556189064
H            2.02000681070582       -0.66586345173148       -2.89006004661555
H            3.52563786351245       -0.13497650039817       -2.07624631595535
H            0.93670093514956        3.11166273554599       -1.02637243579302
H            0.31767599157510        3.21457419148932       -2.68131768027627
H           -1.80580770418979        2.06807996188428       -1.89166224701314
H           -2.14627496763754        4.26117339262572       -0.52883097669036
H           -0.98408831109039        1.34889024096077        2.45727503379744
H            0.12168081280908        0.05074816115657        1.90762511734621
H           -2.10196680469602       -0.82849527559373        2.70170708447964
H           -2.90284916678973        0.13421758821387        1.45541220538858
H           -0.89902709391562       -2.11786977245903        0.96552441564833
H           -1.59941836768405       -1.10545506407959       -0.30126467113578
H           -2.82305056226816       -3.25704834832157       -0.10465433823923
H           -3.87967577033801       -1.91118492637031        0.32231993149700
H           -3.17854284091598       -2.91721280425042        1.59103686711972
39
 energy: -57.288943988951 gnorm: 0.000374180532 xtb: 6.7.1 (edcfbbe)
C            2.54555663722992       -1.81387796713673        1.61177689441273
C            2.79463743437575       -0.80501840154131        0.49737672264616
C            2.14976076283718       -1.24725226893552       -0.81389131241811
C            2.44895613396859       -0.28378567922620       -1.95836274346555
O            1.92174778168928        1.02216138299660       -1.71267085815012
C            0.63803263934804        1.22377172812430       -2.00275384720603
O           -0.10003454405823        0.38398758304254       -2.44630625316862
C            0.24793403906512        2.66275327398263       -1.74087149042994
C           -1.20606964878437        2.75045924128174       -1.26214800151141
O           -1.70260796615385        4.05381170509832       -1.36775500327113
C           -1.35375819516371        2.26723734753931        0.17683448028616
O           -2.04272068411084        2.86109000894441        0.97092205183266
O           -0.65585868383310        1.17428274977849        0.42536151346300
C           -0.82070153021141        0.56458296446330        1.71084743254558
C           -1.99046865359606       -0.41449976946205        1.69712186673309
C           -1.78289174655717       -1.53896716605526        0.68394536388619
C           -2.99106139057429       -2.46391232537491        0.61905997462810
H            2.98146462681965       -1.46933876309860        2.54653238435751
H            2.98945157966229       -2.77457782251891        1.36016107291944
H            1.47889084517503       -1.96499270027307        1.76472475948763
H            2.39354521121893        0.17032092801064        0.78012475887966
H            3.87077171199100       -0.68915561073382        0.34965085377138
H            2.52254583918004       -2.23353372724494       -1.09660918432186
H            1.06763332682091       -1.31425882875672       -0.69046278049741
H            2.01890181549575       -0.66630976082894       -2.88979858824311
H            3.52467274319063       -0.13635683782068       -2.07585514786934
H            0.93677713380389        3.11190838515911       -1.02636491169729
H            0.31731713829494        3.21409359094447       -2.68153743498586
H           -1.80646539807804        2.06860924385487       -1.89082478864710
H           -2.14668014505363        4.26119093286702       -0.52863919292341
H           -0.98436274752754        1.34878419749833        2.45678252542458
H            0.12151935892019        0.05050974363429        1.90744083829538
H           -2.10298692046789       -0.82856479179783        2.70087804353488
H           -2.90279203895088        0.13455346264931        1.45429425092727
H           -0.89933586728540       -2.11754427429275        0.96493263592125
H           -1.59986312501242       -1.10529303083141       -0.30156207402859
H           -2.82346739090128       -3.25745072792909       -0.10454538392081
H           -3.87926470292452       -1.91143608245208        0.32174886714394
H           -3.17872537985189       -2.91685105883703        1.59044170566316
39
 energy: -57.288946542191 gnorm: 0.000624701126 xtb: 6.7.1 (edcfbbe)
C            2.54777913720417       -1.81234148005110        1.61261908650570
C            2.79559802818523       -0.80534785685035        0.49635722653167
C            2.14829101497884       -1.24791036823579       -0.81358634278834
C            2.44749146698913       -0.28516067387368       -1.95866314358447
O            1.92126543440364        1.02123876346703       -1.71311527831458
C            0.63708938088204        1.22270973356125       -2.00077125269267
O           -0.10150122626798        0.38270378497571       -2.44313248097228
C            0.24766300958507        2.66222842217092       -1.74070431155998
C           -1.20583813209632        2.75097163569122       -1.26144465781108
O           -1.70109513801515        4.05486118478256       -1.36700533253792
C           -1.35224689416024        2.26873962093073        0.17813964635482
O           -2.03885783959742        2.86398648550328        0.97299402390484
O           -0.65647709729065        1.17418566914742        0.42517112928741
C           -0.82128517429318        0.56414819474002        1.71047686105936
C           -1.99126695997300       -0.41462385761490        1.69602666116953
C           -1.78319935128822       -1.53902787283247        0.68289060648476
C           -2.99127086312792       -2.46417066303029        0.61835740433525
H            2.98577939022744       -1.46648768687847        2.54585104539515
H            2.99067257730527       -2.77368492288920        1.36174792197936
H            1.48139536517229       -1.96261941984255        1.76802423183352
H            2.39599168405358        0.17072310398444        0.77855302578673
H            3.87151932958557       -0.69088288966660        0.34653189757671
H            2.51980083134743       -2.23457844224624       -1.09652023582958
H            1.06630745850031       -1.31383267000332       -0.68885739517998
H            2.01672465916939       -0.66755182668931       -2.88976415802130
H            3.52321942391468       -0.13854960469425       -2.07639833877593
H            0.93684893691799        3.11210194756535       -1.02681144967159
H            0.31735738671857        3.21281208499476       -2.68209831106113
H           -1.80732632926370        2.06932507509107       -1.88929111159068
H           -2.14680811494082        4.26172865085142       -0.52854982809434
H           -0.98497399675097        1.34825919784578        2.45648102612881
H            0.12084334987985        0.04994622276556        1.90719123916326
H           -2.10483886744951       -0.82870875021182        2.69963538849609
H           -2.90311152792356        0.13488617751923        1.45245624003505
H           -0.89950264407957       -2.11718740338817        0.96393290652643
H           -1.60046275675203       -1.10531273531506       -0.30254182171201
H           -2.82343309688325       -3.25812299332673       -0.10459380371125
H           -3.87922602741736       -1.91192698935311        0.32050337097784
H           -3.17891582745900       -2.91639597387253        1.58990831438082
39
 energy: -57.288949273321 gnorm: 0.000490908475 xtb: 6.7.1 (edcfbbe)
C            2.55093606680979       -1.81027014993807        1.61377020540875
C            2.79736987686372       -0.80551039792927        0.49513774960160
C            2.14637290483968       -1.24875960192298       -0.81282999801186
C            2.44523395054990       -0.28740152654694       -1.95925128274723
O            1.92054836227244        1.01985522868420       -1.71458878028346
C            0.63586840705394        1.22161854618328       -1.99969696930400
O           -0.10426324697496        0.38111756984325       -2.43858255433469
C            0.24754656569768        2.66162476659991       -1.74089966188151
C           -1.20525372656017        2.75233080070163       -1.26029511368069
O           -1.69894545972364        4.05688524939245       -1.36584291907064
C           -1.35063635464373        2.27083947324894        0.17980308880924
O           -2.03430633338923        2.86820548167956        0.97577926136665
O           -0.65749210086934        1.17426783539290        0.42531493073069
C           -0.82222450279056        0.56371277418597        1.71039149587643
C           -1.99238762734639       -0.41482018963658        1.69463103013295
C           -1.78369175634420       -1.53919573832443        0.68151972302735
C           -2.99145153409879       -2.46488005064149        0.61722447400487
H            2.99190528773944       -1.46310985638205        2.54519855406350
H            2.99198629470084       -2.77267490153072        1.36360837873177
H            1.48476233378967       -1.95896424881855        1.77235985429161
H            2.40002032985536        0.17165210246346        0.77687830480952
H            3.87315636151472       -0.69297466238880        0.34247892631399
H            2.51568757698409       -2.23632790927997       -1.09561932996553
H            1.06451860835944       -1.31278505578846       -0.68595162514488
H            2.01337468118864       -0.67018508814063       -2.88968097823899
H            3.52103014105727       -0.14187703798417       -2.07792349970897
H            0.93759691071437        3.11209495466661       -1.02826437936682
H            0.31715295053608        3.21089498261339       -2.68297606933642
H           -1.80828140989014        2.07092855623982       -1.88688851338423
H           -2.14623959623226        4.26338719801716       -0.52814625799890
H           -0.98600574261915        1.34744880952723        2.45677604606659
H            0.11978242551687        0.04929758017947        1.90711728687974
H           -2.10727114928218       -0.82899566725172        2.69804748410573
H           -2.90382084937168        0.13500367552580        1.45006413018186
H           -0.89969466349671       -2.11689658794986        0.96267914631298
H           -1.60123278175803       -1.10553076764803       -0.30403018148465
H           -2.82285466499256       -3.25944668436563       -0.10499215476728
H           -3.87954652607222       -1.91315484698917        0.31843286492977
H           -3.17925000959735       -2.91627374096571        1.58924733306914
39
 energy: -57.288952178493 gnorm: 0.000308425073 xtb: 6.7.1 (edcfbbe)
C            2.55462061262923       -1.80793295908411        1.61497545230702
C            2.79986086676719       -0.80536529736811        0.49405087515164
C            2.14460861591203       -1.24929128280067       -0.81159996768905
C            2.44230911374026       -0.29022127778430       -1.96029453148348
O            1.91928113912018        1.01794955342182       -1.71670617411650
C            0.63384953602516        1.22016664267940       -1.99844899664980
O           -0.10815078033339        0.37956623918622       -2.43393834052055
C            0.24766384802506        2.66106370425744       -1.74147003234599
C           -1.20439917428684        2.75413774340365       -1.25899670629706
O           -1.69624508820516        4.05936087256801       -1.36465629806417
C           -1.34871639028497        2.27340808881144        0.18151242904100
O           -2.03017615640942        2.87246890410959        0.97821993490081
O           -0.65833408166851        1.17488482588187        0.42600303991848
C           -0.82364071229236        0.56337879098801        1.71054959866106
C           -1.99382944171263       -0.41513203859132        1.69327762983893
C           -1.78429393624028       -1.53940178000045        0.68019681269864
C           -2.99142517378955       -2.46591946752819        0.61572845220853
H            2.99884718962675       -1.46008365156402        2.54466519004245
H            2.99310475216130       -2.77161519643778        1.36516951875595
H            1.48856724374984       -1.95426743967710        1.77678276226225
H            2.40512793658433        0.17298225734788        0.77548438852968
H            3.87551388714822       -0.69502904561340        0.33835634054368
H            2.51111482541829       -2.23811189644618       -1.09375461011570
H            1.06292697807066       -1.31088366935881       -0.68181223285318
H            2.00856676520865       -0.67415798881904       -2.88939577483610
H            3.51808473337200       -0.14582232855804       -2.08110751694007
H            0.93906128949963        3.11173975136073       -1.03036961425576
H            0.31676418727662        3.20873459217911       -2.68431748981044
H           -1.80923366876044        2.07300874800093       -1.88417328573130
H           -2.14372109674065        4.26628259941801       -0.52722539459669
H           -0.98771480958664        1.34645187662040        2.45756179349213
H            0.11825379126881        0.04874118075387        1.90729815111795
H           -2.10993400981780       -0.82958669997889        2.69645308492375
H           -2.90498139285996        0.13478987437488        1.44775957633791
H           -0.89997747832357       -2.11666758336459        0.96151382294866
H           -1.60188135026999       -1.10569748612843       -0.30542392219616
H           -2.82183434800515       -3.26101000898282       -0.10577585725506
H           -3.87986114880776       -1.91507650003820        0.31585168118952
H           -3.17977707321846       -2.91671177251706        1.58805621089097
39
 energy: -57.288955731110 gnorm: 0.000331144852 xtb: 6.7.1 (edcfbbe)
C            2.55928834178266       -1.80487764486158        1.61629344435484
C            2.80340403157688       -0.80474041677151        0.49290061744884
C            2.14253393275607       -1.24981940441938       -0.80955859168795
C            2.43828039018562       -0.29414349296012       -1.96157497702404
O            1.91739413002961        1.01519671703527       -1.71976792437160
C            0.63119475893171        1.21824774750483       -1.99783739346558
O           -0.11319678745427        0.37772206213688       -2.42924473401347
C            0.24784977962471        2.66017839219042       -1.74237057372978
C           -1.20325731997810        2.75651606226251       -1.25732016764895
O           -1.69246298414315        4.06266893734865       -1.36273348998972
C           -1.34708202304111        2.27609990734683        0.18332556594047
O           -2.02626940581867        2.87687678861456        0.98083729562130
O           -0.65940142834848        1.17571616134778        0.42703936550942
C           -0.82569711682689        0.56307298176209        1.71089587124743
C           -1.99578002083767       -0.41559439303971        1.69175747998500
C           -1.78487937952588       -1.53965479938957        0.67870201772132
C           -2.99120384784821       -2.46713019885674        0.61363491311940
H            3.00766034324496       -1.45684791276304        2.54394973826984
H            2.99420410711987       -2.77017670586294        1.36647909124629
H            1.49335020864994       -1.94796782765741        1.78198448238622
H            2.41191840183181        0.17500088002092        0.77411766867839
H            3.87885087070430       -0.69717253187350        0.33348417398743
H            2.50547509922808       -2.24026113862096       -1.09067410243757
H            1.06111683308484       -1.30833161806589       -0.67580400848751
H            2.00144426713032       -0.68010611901330       -2.88842189854755
H            3.51389543703094       -0.15118759120491       -2.08604596107239
H            0.94125954684267        3.11060297335850       -1.03318121260635
H            0.31607342996529        3.20628541803748       -2.68603739417177
H           -1.81041978103355        2.07629173465711       -1.88128507232580
H           -2.13857974255368        4.27077583288993       -0.52492527535697
H           -0.99043007388827        1.34533385134438        2.45861396875486
H            0.11611418861658        0.04830541957633        1.90787300131160
H           -2.11300578220794       -0.83029203449616        2.69472298188950
H           -2.90675578905171        0.13422987430724        1.44529131882515
H           -0.90021955733137       -2.11632220437455        0.96043327993009
H           -1.60232484332750       -1.10583281439928       -0.30690098828870
H           -2.82007422695541       -3.26257582759838       -0.10718204671853
H           -3.88002324695207       -1.91741281833967        0.31241579150402
H           -3.18024474122225       -2.91754337245143        1.58611374421672
39
 energy: -57.288959756693 gnorm: 0.000438446689 xtb: 6.7.1 (edcfbbe)
C            2.56557321205024       -1.80081134522460        1.61829103453005
C            2.80782521682561       -0.80392786261668        0.49156412004511
C            2.13993130693222       -1.25058170371870       -0.80676414862214
C            2.43251140176490       -0.29948778212432       -1.96334178547692
O            1.91457600958734        1.01134742942678       -1.72362403087300
C            0.62766524504110        1.21581375319226       -1.99763707301512
O           -0.11961978983793        0.37569541334440       -2.42473837405039
C            0.24795695465707        2.65890218894401       -1.74328029490011
C           -1.20198466253524        2.75943714855191       -1.25534062149770
O           -1.68744504154255        4.06699026963142       -1.35987280486662
C           -1.34519232239198        2.27914584650177        0.18534603764514
O           -2.02225283772652        2.88137507839777        0.98362053188575
O           -0.66052192101550        1.17669655328586        0.42821675723591
C           -0.82834740068262        0.56293906824455        1.71130581521880
C           -1.99814842546044       -0.41609883890939        1.68994671455777
C           -1.78550631037953       -1.53988801030325        0.67697133950173
C           -2.99073000806380       -2.46869167033790        0.61061239224938
H            3.01942578205179       -1.45269166583806        2.54326269820538
H            2.99573971279880       -2.76819760112464        1.36826252775571
H            1.49984301976765       -1.93962048016714        1.78904992072120
H            2.42041709856909        0.17760137433868        0.77224327633753
H            3.88288390907813       -0.69985496444591        0.32721916266931
H            2.49854112052626       -2.24303594030217       -1.08633751832031
H            1.05896897839313       -1.30539772514004       -0.66772036469355
H            1.99119053777677       -0.68807510545811       -2.88702322708193
H            3.50781703119181       -0.15861425145652       -2.09292690026230
H            0.94402703162773        3.10865038663285       -1.03631245951989
H            0.31519661526380        3.20354848081267       -2.68779196134447
H           -1.81227949206282        2.08099172642432       -1.87828114372827
H           -2.13032592050385        4.27703543598429       -0.52083756488661
H           -0.99408692430443        1.34443300563243        2.45960548706205
H            0.11331600407432        0.04809945038406        1.90894988631163
H           -2.11670611398085       -0.83115709326036        2.69263036183451
H           -2.90897588762220        0.13343298955455        1.44230922852845
H           -0.90058713467174       -2.11579951287464        0.95952234534697
H           -1.60240592408605       -1.10578497547927       -0.30842737037437
H           -2.81779959351560       -3.26431769998216       -0.10962095532977
H           -3.87975192844028       -1.92008391402582        0.30790647922698
H           -3.18073854916313       -2.91888658177326        1.58304248197794
39
 energy: -57.288963603943 gnorm: 0.000438703255 xtb: 6.7.1 (edcfbbe)
C            2.57295300726771       -1.79587821451777        1.62058411727078
C            2.81269500590506       -0.80300365175170        0.48978674194156
C            2.13653762928476       -1.25213714258764       -0.80343785582892
C            2.42540127655017       -0.30597526739453       -1.96494865240180
O            1.91096483697203        1.00653089363515       -1.72722144101659
C            0.62356462151967        1.21310269825266       -1.99744951293118
O           -0.12671701918661        0.37397160847303       -2.42115311621110
C            0.24804443696384        2.65743321895366       -1.74398772913226
C           -1.20062400207445        2.76270744253550       -1.25320110617177
O           -1.68150251596391        4.07206868619832       -1.35612461496814
C           -1.34406200114423        2.28163146769879        0.18714892707943
O           -2.01823754952617        2.88561467693370        0.98652415916558
O           -0.66207707540026        1.17731545415164        0.42905026204286
C           -0.83123544604322        0.56275524202326        1.71154260349764
C           -2.00070373722987       -0.41668720327920        1.68799259392117
C           -1.78568270278132       -1.54010810430284        0.67509292118026
C           -2.99001658262527       -2.46994838840290        0.60700676239293
H            3.03340037036089       -1.44708870480415        2.54200627060572
H            2.99791809312483       -2.76560165818884        1.37070838036204
H            1.50765609068344       -1.93004913368549        1.79782051051034
H            2.42960448761767        0.18046260100225        0.76958712906473
H            3.88721526329149       -0.70265832490651        0.31965604412560
H            2.49074792930659       -2.24661577909551       -1.08137412945618
H            1.05616341442627       -1.30324406677795       -0.65839970859540
H            1.97854964738706       -0.69721619874525       -2.88485692420984
H            3.50029047670538       -0.16765816422384       -2.10068741636069
H            0.94680449707349        3.10598807776977       -1.03890911763361
H            0.31487651513002        3.20098783896644       -2.68922043668226
H           -1.81448582968653        2.08707235633714       -1.87567611814142
H           -2.12029928284831        4.28410824989752       -0.51541420317802
H           -0.99830827314969        1.34371020346408        2.46009364510092
H            0.11037877714954        0.04812878117437        1.91020735431812
H           -2.12065191617458       -0.83203241762376        2.69040498320144
H           -2.91136847308530        0.13252977734251        1.43905099340940
H           -0.90063942975427       -2.11529975100126        0.95874224108598
H           -1.60178335073144       -1.10565997860133       -0.30998677450775
H           -2.81513272281305       -3.26541725576954       -0.11287100219611
H           -3.87911478708715       -1.92235896097545        0.30282701313596
H           -3.18112367942353       -2.92035003345275        1.57908620621435
39
 energy: -57.288967013370 gnorm: 0.000285506707 xtb: 6.7.1 (edcfbbe)
C            2.58074705502776       -1.79065877982122        1.62350750267186
C            2.81689524729876       -0.80243380466760        0.48791075461721
C            2.13285162977127       -1.25432722408307       -0.80017442211334
C            2.41752452233675       -0.31288208437013       -1.96650531102844
O            1.90695168887857        1.00132201471832       -1.73016090944214
C            0.61947903145201        1.21070646815333       -1.99774022641319
O           -0.13379941322310        0.37292299119603       -2.41880848890226
C            0.24806011998199        2.65607510454954       -1.74422161961925
C           -1.19947234652110        2.76590430440712       -1.25127146963758
O           -1.67587160341940        4.07710678667614       -1.35212126265431
C           -1.34238184753356        2.28434362125027        0.18896956731740
O           -2.01459857235722        2.88925882683420        0.98922984619055
O           -0.66330857668259        1.17793810925121        0.42953505216952
C           -0.83379779640011        0.56271221502783        1.71151597942610
C           -2.00278475343013       -0.41726463908764        1.68601867150211
C           -1.78567956654813       -1.54036396514356        0.67323116044798
C           -2.98924420059646       -2.47103185562698        0.60302849918213
H            3.04804570177776       -1.44048757574454        2.54093376665646
H            3.00077812921367       -2.76265294730416        1.37416769876110
H            1.51610864837878       -1.92051194024961        1.80769353787781
H            2.43782081791652        0.18296139384648        0.76629978332207
H            3.89069952270357       -0.70548894274694        0.31166521198141
H            2.48319885530573       -2.25059204840518       -1.07649511082882
H            1.05319052779892       -1.30230313492359       -0.64915558412259
H            1.96490190024340       -0.70619419960474       -2.88269553343945
H            3.49194103301763       -0.17734314221262       -2.10837812719373
H            0.94921899903353        3.10314811351195       -1.04052307122279
H            0.31490000708956        3.19904270909069       -2.68986520653616
H           -1.81675480649133        2.09331779029523       -1.87364852567941
H           -2.11031193412270        4.29082321510593       -0.50953728438154
H           -1.00204006019542        1.34334323409539        2.46014235073414
H            0.10775681243780        0.04835152513906        1.91123133694286
H           -2.12412033362070       -0.83286689159125        2.68815434168785
H           -2.91327754211260        0.13161172544539        1.43577696042838
H           -0.90073860123500       -2.11498885704358        0.95823047273209
H           -1.60062109050447       -1.10553890447015       -0.31142784369710
H           -2.81270489653324       -3.26609561314576       -0.11686210248024
H           -3.87813555464714       -1.92387057804920        0.29770301105620
H           -3.18142675349880       -2.92186214558109        1.57464659369081
39
 energy: -57.288969923519 gnorm: 0.000212790887 xtb: 6.7.1 (edcfbbe)
C            2.58827156517203       -1.78549480243273        1.62654892792003
C            2.82025193299417       -0.80207249938627        0.48596220503657
C            2.12900494628388       -1.25717536266163       -0.79712073602235
C            2.40941708129466       -0.31975518275897       -1.96770884639328
O            1.90273599704928        0.99603176495942       -1.73187531235292
C            0.61545439793547        1.20869280644355       -1.99760353940690
O           -0.14049081600903        0.37286910262098       -2.41780574992440
C            0.24826869062570        2.65511511420707       -1.74395849664279
C           -1.19839450788602        2.76903471464150       -1.24953859493189
O           -1.67059857406726        4.08198994792664       -1.34828285664250
C           -1.34176191155282        2.28611675083628        0.19022184891881
O           -2.01122909204131        2.89242095756984        0.99170607459225
O           -0.66477946561238        1.17818285239260        0.42945611822350
C           -0.83555824855253        0.56263164069342        1.71124571726477
C           -2.00408457015519       -0.41783668294419        1.68425047143266
C           -1.78523398399991       -1.54061510123743        0.67149007263063
C           -2.98843310053475       -2.47161958333832        0.59902949433822
H            3.06206042335886       -1.43310031313719        2.53975882821941
H            3.00421755868082       -2.75952594329397        1.37836260577154
H            1.52446735440117       -1.91177717713364        1.81773383031330
H            2.44441753675121        0.18504025008411        0.76256881696083
H            3.89327385817008       -0.70783624420407        0.30384216376089
H            2.47638046059516       -2.25486162025801       -1.07199038382942
H            1.05007201699708       -1.30286753146117       -0.64059327495700
H            1.95104861955697       -0.71448879584229       -2.88039160129284
H            3.48335062499634       -0.18699323346726       -2.11553168832132
H            0.95133507600474        3.10029434418609       -1.04091372870331
H            0.31589500728748        3.19794049754689       -2.68971173468898
H           -1.81863540093743        2.09952010624189       -1.87216146604344
H           -2.10198926600848        4.29658481285437       -0.50435420879494
H           -1.00482582653900        1.34305562178881        2.45985163641649
H            0.10611820296758        0.04871610687039        1.91165297397898
H           -2.12652920096785       -0.83368290963997        2.68613500010920
H           -2.91448688060239        0.13069689328935        1.43293247858663
H           -0.90063067297243       -2.11507672412587        0.95776784023702
H           -1.59883052593163       -1.10535638238115       -0.31269792393056
H           -2.81082426594751       -3.26604984374644       -0.12126007017499
H           -3.87694838036645       -1.92438375794399        0.29298248415526
H           -3.18177666044745       -2.92323371903721        1.57000062419046
39
 energy: -57.288972298358 gnorm: 0.000212560218 xtb: 6.7.1 (edcfbbe)
C            2.59520205622471       -1.78044545592567        1.62953498843436
C            2.82282254836921       -0.80171359341764        0.48409990243052
C            2.12497000723372       -1.26051649713088       -0.79410862233749
C            2.40126112154450       -0.32651845121742       -1.96841673421697
O            1.89849908618683        0.99083122233275       -1.73281610449621
C            0.61174452112246        1.20722939207192       -1.99790831876520
O           -0.14684158810159        0.37354797569354       -2.41770804610765
C            0.24856900538255        2.65452700014472       -1.74339387524597
C           -1.19741136652780        2.77199883568662       -1.24796805347454
O           -1.66617081428807        4.08635695900179       -1.34486071884709
C           -1.34045710449189        2.28826272363149        0.19158707868035
O           -2.00817830080266        2.89513034549758        0.99401741896625
O           -0.66574321317103        1.17863097157932        0.42917908933901
C           -0.83666129976464        0.56231890676647        1.71060584109922
C           -2.00475144799434       -0.41860126690625        1.68268482780997
C           -1.78429386458330       -1.54095184049235        0.66976833067182
C           -2.98765033688017       -2.47157768532118        0.59508526815013
H            3.07485922637746       -1.42524222466070        2.53853851981515
H            3.00807462107779       -2.75616489288498        1.38293532221574
H            1.53233667716961       -1.90407117418943        1.82743024102193
H            2.44939681252063        0.18682122238063        0.75881168260081
H            3.89505913733371       -0.70942615513639        0.29653127182190
H            2.47025258260808       -2.25928253249639       -1.06767776156801
H            1.04672450741159       -1.30474786873413       -0.63259831191917
H            1.93720814502080       -0.72223898681900       -2.87774164809371
H            3.47470132438684       -0.19648506900854       -2.12213008103007
H            0.95317870206281        3.09760025651436       -1.04051281265808
H            0.31716882454968        3.19759933059083       -2.68896792286896
H           -1.81997129123427        2.10497647611453       -1.87086792420652
H           -2.09566086906910        4.30128559503320       -0.50005471327157
H           -1.00655234963985        1.34239879937298        2.45940621492203
H            0.10521772395473        0.04883605682860        1.91123022280292
H           -2.12793876355932       -0.83470598563175        2.68436930622750
H           -2.91509280816039        0.12973075976918        1.43066397277867
H           -0.90020802974000       -2.11566072993640        0.95716436401805
H           -1.59651263861181       -1.10522884852283       -0.31394372241549
H           -2.80933291235572       -3.26516483713202       -0.12590948382581
H           -3.87573830986153       -1.92389451856884        0.28865719990153
H           -3.18207932170933       -2.92431334015634        1.56528379164424
39
 energy: -57.288973902403 gnorm: 0.000153522954 xtb: 6.7.1 (edcfbbe)
C            2.60058494098414       -1.77637455813025        1.63236263780277
C            2.82415184448093       -0.80146595275275        0.48291200228017
C            2.12178338889039       -1.26324268913670       -0.79169513717532
C            2.39429624961986       -0.33208323090695       -1.96916626063726
O            1.89485954918381        0.98648496790937       -1.73326141443189
C            0.60863092759275        1.20621260751326       -1.99803209495438
O           -0.15206214159055        0.37464636305826       -2.41822390449380
C            0.24896302356683        2.65428026811436       -1.74281042269838
C           -1.19654922856178        2.77442296662649       -1.24664514158114
O           -1.66279546141265        4.08975661691405       -1.34231314031823
C           -1.33968662147748        2.28985857694518        0.19266021175657
O           -2.00572344131252        2.89735923009763        0.99604219226103
O           -0.66639910303839        1.17909932045793        0.42889149264636
C           -0.83670369793017        0.56214523886134        1.71009137723447
C           -2.00435148202914       -0.41926748116753        1.68146410165343
C           -1.78348110136199       -1.54126446831228        0.66826371933430
C           -2.98706197738140       -2.47141689998568        0.59158166035910
H            3.08437876005964       -1.41867093125343        2.53816733267108
H            3.01162644732696       -2.75320325145199        1.38712874130496
H            1.53851070355893       -1.89846477033551        1.83513007634869
H            2.45221455096209        0.18809055791344        0.75592490533094
H            3.89569431225900       -0.71025787890606        0.29109947798801
H            2.46582581009001       -2.26275348709426       -1.06410286080718
H            1.04412880842619       -1.30678040184249       -0.62626778219983
H            1.92540052403622       -0.72842436837878       -2.87572164330864
H            3.46728080374336       -0.20432000760013       -2.12778046940565
H            0.95475554644248        3.09535131102531       -1.03984638651898
H            0.31851104357746        3.19777215313030       -2.68807521806770
H           -1.82070352363062        2.10904466479075       -1.86968022059559
H           -2.09215351089219        4.30453427326761       -0.49740782948934
H           -1.00677169283736        1.34180403951949        2.45929888025860
H            0.10541909330793        0.04892352739547        1.91026519290271
H           -2.12777978662974       -0.83568720519638        2.68296682963416
H           -2.91478963296934        0.12879995391891        1.42926008502518
H           -0.89999343816383       -2.11648047941669        0.95643632749479
H           -1.59444839050267       -1.10505539741246       -0.31498951285455
H           -2.80858564929952       -3.26425171475583       -0.13022923877549
H           -3.87461360160181       -1.92287001843329        0.28514850118817
H           -3.18236284549491       -2.92512057026838        1.56115293284137
39
 energy: -57.288974844047 gnorm: 0.000114579789 xtb: 6.7.1 (edcfbbe)
C            2.60378484928125       -1.77363360004276        1.63412891531775
C            2.82471753085494       -0.80094873699570        0.48230609939393
C            2.11947568778739       -1.26517702226383       -0.78984267697910
C            2.38941020216484       -0.33590267798419       -1.96940189572679
O            1.89229762846912        0.98356928515246       -1.73354795354324
C            0.60648305032067        1.20564576137273       -1.99827299970463
O           -0.15568617290859        0.37556229407195       -2.41874745012756
C            0.24923899501717        2.65421376410770       -1.74240905031757
C           -1.19595719274715        2.77599509003870       -1.24568200142497
O           -1.66073089486788        4.09186653932933       -1.34078868875910
C           -1.33880310818288        2.29102763058841        0.19352071635486
O           -2.00399401734436        2.89864634002186        0.99748785819257
O           -0.66636317268115        1.17953980541072        0.42871899898682
C           -0.83611933955561        0.56174350369842        1.70958364786475
C           -2.00359814184010       -0.41986873433935        1.68078574907273
C           -1.78253610238555       -1.54136843462288        0.66704885143041
C           -2.98658503243068       -2.47084031394957        0.58908759330583
H            3.08972871083879       -1.41402814023229        2.53800583166225
H            3.01427765757322       -2.75098198253752        1.38999654121572
H            1.54221383202334       -1.89531675000581        1.83976204114031
H            2.45333384948498        0.18912593215988        0.75423096746183
H            3.89582632627364       -0.71004945617179        0.28791934900685
H            2.46298251321957       -2.26515439733174       -1.06130749559093
H            1.04218229804827       -1.30845547466047       -0.62198349241785
H            1.91711582262681       -0.73284348518205       -2.87390450063958
H            3.46204849157759       -0.20976840713639       -2.13160563235818
H            0.95592449541208        3.09384953338436       -1.03944815557407
H            0.31923534213895        3.19806415462356       -2.68739105220749
H           -1.82109929454342        2.11132178077001       -1.86853578031932
H           -2.09098956241391        4.30633241189501       -0.49626250520040
H           -1.00613243554572        1.34086434808509        2.45934831194965
H            0.10621634032591        0.04864505027108        1.90913199853102
H           -2.12686049834404       -0.83672773600413        2.68213929812002
H           -2.91416231079657        0.12814084964623        1.42885464291331
H           -0.89953737845429       -2.11726558986912        0.95542495931046
H           -1.59273844643605       -1.10464219559623       -0.31584786865231
H           -2.80825787418745       -3.26307790900722       -0.13342129997929
H           -3.87375026824338       -1.92157695172700        0.28278732880686
H           -3.18259237953884       -2.92539520424615        1.55813079948792
