33
 energy: -47.081511608840 gnorm: 0.070405402445 xtb: 6.7.1 (edcfbbe)
C            4.13249917522100        1.40295117645800       -0.60476077373100
C            3.38744727773200        0.24372104090900        0.02748006543300
O            2.00407679396700        0.35429075134200       -0.32952555919600
C            1.21316086861800       -0.63420805943200        0.18152962822100
O            1.60968766920900       -1.54751214774100        0.89236687458500
C           -0.24208062659500       -0.40183295454300       -0.24452788901800
C           -1.02316870373100       -1.70678494540100       -0.21839193834000
C           -0.78755749867700       -2.64266657849500       -1.37169599079800
C           -1.88373215026900       -2.02350310506900        0.76415154791600
C           -2.09380135066300       -1.12133335821900        1.92134084676200
O           -2.91413380126900       -1.42636126650400        2.78336326406900
C           -1.24027954546300        0.12197873332600        2.02535250625500
C           -0.87281420244700        0.69616864857800        0.64676186859300
C           -2.10939951806300        1.36487957409300       -0.00043714062300
C           -1.77580397383900        2.19166788589200       -1.23549989548300
H            5.19747719843500        1.36253666485200       -0.35974339339400
H            4.01904619518600        1.38605165452700       -1.69377148468600
H            3.72537917648600        2.35821708407200       -0.25711991420400
H            3.79088082311700       -0.70397563989500       -0.34628779852100
H            3.49246084108600        0.28681457670200        1.11732438376100
H           -0.20610129649200       -0.06140676525600       -1.28619606694600
H           -1.05904362245400       -2.15755233661400       -2.31488112403100
H            0.26620993293800       -2.93453939193700       -1.42084567386400
H           -1.38186943484000       -3.55862162074800       -1.28627210706400
H           -2.44874360410300       -2.94889081029600        0.78146243435400
H           -1.78562842559500        0.87042379018400        2.61164065666400
H           -0.33673246352000       -0.14211961571300        2.58692839957200
H           -0.13381303159300        1.49060435160000        0.82011213853300
H           -2.86722794972800        0.61892036787000       -0.26526790149200
H           -2.57508773261400        2.03611053411800        0.73215813268400
H           -0.99020176902400        2.92252297118500       -1.01966688954000
H           -2.66351894752500        2.73926877890200       -1.56870726488800
H           -1.44758630349200        1.56418001125700       -2.06837394158500
33
 energy: -47.086210319862 gnorm: 0.020275139955 xtb: 6.7.1 (edcfbbe)
C            4.12095431999190        1.40864999264370       -0.61092394038335
C            3.38154240968335        0.24625356886671        0.02671238241564
O            1.99492856557489        0.33578135434163       -0.31790636764742
C            1.19792789563088       -0.62781629657571        0.18648217370502
O            1.59201512280629       -1.52892161676215        0.87771066269769
C           -0.24993930691686       -0.40079419652991       -0.24550500762866
C           -1.02211187140194       -1.69823354504225       -0.21533604506092
C           -0.78460015733079       -2.62610379454632       -1.36632780715149
C           -1.87167918327150       -2.00309349428958        0.77012180151915
C           -2.09583428240793       -1.12752347258015        1.92907733370470
O           -2.91029544404843       -1.41495184963263        2.78604677030433
C           -1.24126766758284        0.11234971163228        2.01331865704442
C           -0.87394198370471        0.69539739039821        0.64380285548643
C           -2.10304193151080        1.35169311371041       -0.00720920152241
C           -1.77329208441332        2.18495799142395       -1.24000071713437
H            5.17814171792071        1.35714899706145       -0.36025378942913
H            4.01437684805942        1.38089196808936       -1.69469793263844
H            3.72062112484471        2.35691508278133       -0.25430021814161
H            3.77431102899868       -0.71043721450507       -0.33278347398478
H            3.47951752530731        0.27238021204177        1.11685034278340
H           -0.20411223974004       -0.04241979637242       -1.27877459042888
H           -1.04689626265838       -2.14431442678723       -2.30981820552405
H            0.26799617636417       -2.90755727469919       -1.41257922553007
H           -1.37734808844974       -3.53468428739452       -1.26707287179128
H           -2.44012907374374       -2.92134867098367        0.77672556291333
H           -1.77227316386776        0.85736462749856        2.61186797661189
H           -0.33538923175312       -0.16406000276581        2.56136641849406
H           -0.12639753364771        1.48439486461341        0.79455681307964
H           -2.84572076916078        0.59090023877724       -0.26089902257243
H           -2.55797345655238        2.01121282765892        0.73792312945686
H           -0.99216237354600        2.91160407840799       -1.01919341132430
H           -2.65805924265981        2.72931608714112       -1.56884891918903
H           -1.43986738681473        1.56504783238253       -2.07013213313594
33
 energy: -47.086965009468 gnorm: 0.008824143485 xtb: 6.7.1 (edcfbbe)
C            4.10592179267171        1.40761461134077       -0.61067737378998
C            3.37329124740223        0.24373956715784        0.03089293559434
O            1.98643277464449        0.32206043205885       -0.31369930481453
C            1.19186494863791       -0.63369497976789        0.18161315369302
O            1.58303470662282       -1.52630904215567        0.87920931377101
C           -0.25140647094306       -0.39688216165253       -0.25119572029738
C           -1.02422094935346       -1.68550668335134       -0.22019970436448
C           -0.78239327595169       -2.61263513194616       -1.36523257467600
C           -1.86553806674260       -1.98441660584026        0.77132381119756
C           -2.10083434055591       -1.11821633196562        1.92706171442603
O           -2.90546193331621       -1.39764923920206        2.78916206256771
C           -1.23053515609376        0.11342514391011        2.00821063668636
C           -0.87177623188994        0.69703026400808        0.64066879797562
C           -2.10307387961395        1.34129388372813       -0.00845645310747
C           -1.77408976074624        2.17591802656645       -1.24081456771165
H            5.16029299712140        1.35205839444217       -0.35725972659897
H            3.99986658767321        1.37217171072796       -1.69139400488615
H            3.70519528360970        2.35138373011910       -0.25163027582905
H            3.76592705358782       -0.71594088112525       -0.32257537744114
H            3.46772112793989        0.26532399437959        1.12192545503825
H           -0.20014029568399       -0.02671363119810       -1.27942934717859
H           -1.03741200018830       -2.13171685220524       -2.30938107793959
H            0.27210063784008       -2.88341059997583       -1.40387615476316
H           -1.37155552033835       -3.51948510409192       -1.26083600064102
H           -2.42778194977427       -2.90642420987668        0.77271027137788
H           -1.74060699732963        0.85838867788394        2.62409929886422
H           -0.31991549987992       -0.18514285708048        2.53751233441127
H           -0.12084370159971        1.48369359958894        0.78113527884644
H           -2.83165831223367        0.56899384880312       -0.26306108731287
H           -2.56308358003891        1.99468572508244        0.73639410984384
H           -0.99673710138832        2.90209694899537       -1.01362056348811
H           -2.65843623563918        2.71558831048430       -1.57030353189686
H           -1.43414789845126        1.55867744216183       -2.06827632755852
33
 energy: -47.087197374284 gnorm: 0.004977859037 xtb: 6.7.1 (edcfbbe)
C            4.09613663240696        1.40350502570983       -0.60879322826065
C            3.36891350108916        0.23858494251257        0.03560843015347
O            1.98296438195181        0.31408712049090       -0.31183263766635
C            1.18732604285224       -0.63330567709157        0.18659514298390
O            1.57441842904117       -1.52883539407324        0.88586099381243
C           -0.25170460241751       -0.39231745501418       -0.25491963908296
C           -1.02785969793864       -1.67613677938218       -0.22537484407664
C           -0.78067736763051       -2.60461095421242       -1.36642286417268
C           -1.86740354157418       -1.97175730780525        0.76913783897697
C           -2.09578548862332       -1.11240963571251        1.92897129249830
O           -2.90553613191707       -1.37948600307966        2.78946423342126
C           -1.21411280640067        0.11504400155717        2.00772222439694
C           -0.86816474052107        0.70110748980720        0.63961879351939
C           -2.10487867173954        1.33272369052249       -0.00950822374418
C           -1.77894390546483        2.16987350276413       -1.24149729065372
H            5.15053212952036        1.35095107039660       -0.35585575978806
H            3.98752434982985        1.36408320144428       -1.68846087463847
H            3.69163725500566        2.34519659157866       -0.25041244315415
H            3.76344358833759       -0.72231492376706       -0.31374241092684
H            3.46041895327458        0.26288035634738        1.12710616102822
H           -0.19366863364376       -0.01557807795736       -1.28035486767455
H           -1.03050405804934       -2.12408922660198       -2.31194369311563
H            0.27572644799935       -2.86944920610081       -1.39818177974616
H           -1.36685644861684       -3.51247312178159       -1.26349940552800
H           -2.42810167481129       -2.89585537085395        0.76467663589205
H           -1.70596793263643        0.86126951637969        2.63679577067095
H           -0.29944670643447       -0.20103957380052        2.52093714092422
H           -0.11911156529518        1.49061713342889        0.77332704981000
H           -2.82285751907940        0.55156956138957       -0.26668594180305
H           -2.57424878914704        1.98074385508951        0.73332115749664
H           -1.00555953461930        2.89900354876419       -1.01071791857787
H           -2.66486252955883        2.70430324292473       -1.57354237002965
H           -1.43278936519065        1.55411485613038       -2.06739667294712
33
 energy: -47.087356424179 gnorm: 0.005273241162 xtb: 6.7.1 (edcfbbe)
C            4.08892424714294        1.39802658212135       -0.60444767233398
C            3.36804436226554        0.23195584386684        0.04374623747702
O            1.98446213463877        0.30394965354662       -0.31218917283340
C            1.18619645661751       -0.63705158930965        0.18792352029113
O            1.56418440101975       -1.53056492880590        0.89843744697174
C           -0.24942421336156       -0.38828489168375       -0.25844235627488
C           -1.03066113480004       -1.66809906565048       -0.22903394859438
C           -0.78115484595184       -2.59647483779498       -1.36917254535561
C           -1.86932496350084       -1.96069434317171        0.76851418859167
C           -2.09528126266616       -1.09806932704495        1.92560916950946
O           -2.90855465785149       -1.35379818569113        2.78677113641864
C           -1.19177002900038        0.11737320115813        2.00705606280294
C           -0.86364495731494        0.70622952590730        0.63672044462593
C           -2.10934522819886        1.32340518880780       -0.00952195171147
C           -1.78933458974482        2.16442518615321       -1.24107559733248
H            5.14440898244747        1.35400703647277       -0.35375758697116
H            3.97661643159519        1.35415423824275       -1.68380769310398
H            3.67722410665991        2.33805550698273       -0.24913668172822
H            3.76715420428484       -0.72899915031645       -0.30062086756102
H            3.45404994154733        0.26171570270105        1.13569828072751
H           -0.18436886003276       -0.00917901343605       -1.28222281572021
H           -1.02552197241552       -2.11576878129000       -2.31637966568508
H            0.27662516707733       -2.85815572469316       -1.39411623359485
H           -1.36521321300931       -3.50597824131883       -1.27047846879536
H           -2.43035921885413       -2.88562397171404        0.75893301948346
H           -1.65896246961917        0.86493959322277        2.65339911620524
H           -0.27194302191192       -0.22146403822119        2.49820748444049
H           -0.11951546777242        1.50178862141271        0.76247988968737
H           -2.81517427553268        0.53230731851571       -0.27032986109714
H           -2.59138865662167        1.96384221247002        0.73182620178856
H           -1.02231496242204        2.90016255152924       -1.00840910682432
H           -2.67903473529317        2.69081598486229       -1.57611299331616
H           -1.43559769942210        1.55105214217276       -2.06606698018937
33
 energy: -47.087445206409 gnorm: 0.005001497911 xtb: 6.7.1 (edcfbbe)
C            4.08914932763124        1.39390836745240       -0.60054885063752
C            3.37191710985534        0.22719662806262        0.05012920144069
O            1.99037235650806        0.29665395455776       -0.31365805658258
C            1.18763997710631       -0.63821000396181        0.19147617407397
O            1.55817100241162       -1.52914493416902        0.90996777155246
C           -0.24577139490340       -0.38647415535449       -0.26094429834877
C           -1.03199757572067       -1.66418108961962       -0.23093069206716
C           -0.78302836985989       -2.59279247226488       -1.37147479090193
C           -1.87214638034978       -1.95395987257374        0.76697240531724
C           -2.09125401344422       -1.08827500214803        1.92413089330830
O           -2.91469042366251       -1.33201786610197        2.77987227501570
C           -1.17536906738772        0.11858349514041        2.00590397892959
C           -0.86019480502787        0.70889064381333        0.63312865009724
C           -2.11351587278850        1.31612168745505       -0.00904822490491
C           -1.80178150538627        2.16190316701253       -1.23961879994480
H            5.14553490526858        1.35822026616659       -0.35149794311307
H            3.97507202554338        1.34677977613230       -1.68013960712053
H            3.67139962275370        2.33329998942559       -0.24873915524457
H            3.77565582637552       -0.73341120613314       -0.28930318118575
H            3.45278019789118        0.26258345336115        1.14223543019319
H           -0.17657733321206       -0.00940246313335       -1.28499356370518
H           -1.02443070084144       -2.11094809310491       -2.31911836706159
H            0.27438803362389       -2.85692590809340       -1.39402954962408
H           -1.36876936192292       -3.50209282682862       -1.27638874193726
H           -2.43725155036359       -2.87641477691509        0.75554439267099
H           -1.62623368156727        0.86600426919289        2.66273043163898
H           -0.25271455061322       -0.23297611228561        2.48116253635636
H           -0.12111428120241        1.51025810313441        0.75273637296649
H           -2.81215253972511        0.51947040485250       -0.27195664627921
H           -2.60269769010777        1.94990252937142        0.73368124319329
H           -1.04148930026970        2.90515510103794       -1.00723932082604
H           -2.69645025925666        2.68043249470557       -1.57495513597914
H           -1.44244972735714        1.55186245181691       -2.06508683129230
33
 energy: -47.087524130956 gnorm: 0.003513990797 xtb: 6.7.1 (edcfbbe)
C            4.09433527771479        1.39039899335398       -0.59595809682780
C            3.37887156925772        0.22357069356222        0.05648996321857
O            1.99953949453290        0.28897504041085       -0.31678714012962
C            1.19105519189573       -0.63873026429555        0.19541824001507
O            1.55458483491802       -1.52398842597003        0.92370852209191
C           -0.24058397831413       -0.38582993600626       -0.26376305424850
C           -1.03093843087748       -1.66247393416728       -0.23173583317115
C           -0.78710782643317       -2.59106363791684       -1.37403477329664
C           -1.87285483959382       -1.94855259390971        0.76588870826153
C           -2.09013441326258       -1.07516189090729        1.91941299790872
O           -2.92434522296554       -1.30723964488489        2.76815332222675
C           -1.15978349464768        0.11914776371246        2.00313722886436
C           -0.85630903457211        0.71065345165358        0.62786161164305
C           -2.11784381713322        1.30829691774264       -0.00813841794808
C           -1.81905927614626        2.16051286609135       -1.23728464831381
H            5.15083476846540        1.36220400242779       -0.34633580913243
H            3.98145399572337        1.33945816389734       -1.67594837509810
H            3.67115416272932        2.32962357440400       -0.24869305542732
H            3.78843494313552       -0.73664535847727       -0.27629368973457
H            3.45309229881993        0.26494143659629        1.14874373496524
H           -0.16871061841546       -0.01328287901555       -1.28920688282192
H           -1.02643042416012       -2.10680022269866       -2.32106354195976
H            0.26854434149728       -2.86203995101639       -1.39722190989857
H           -1.37815253142309       -3.49779834563530       -1.28125794367285
H           -2.44428335708916       -2.86652098438704        0.75583431765814
H           -1.59404767868847        0.86648515092833        2.66954795059461
H           -0.23496350152964       -0.24496188519881        2.46201927486259
H           -0.12230314665579        1.51762165526475        0.74107731461134
H           -2.81047356774619        0.50696013972646       -0.27178787720511
H           -2.61077832514407        1.93424273796557        0.73888580819418
H           -1.06828963658797        2.91402094085490       -1.00598916150162
H           -2.72125403389771        2.66809735645378       -1.57059354146257
H           -1.45325372340774        1.55587906944417       -2.06408524326747
33
 energy: -47.087571236701 gnorm: 0.002272093452 xtb: 6.7.1 (edcfbbe)
C            4.10179234480206        1.38877285008626       -0.59216537393119
C            3.38445444341865        0.22273790734725        0.05996521105024
O            2.00684104855338        0.28406093298556       -0.32113335096156
C            1.19454613293815       -0.63898812835620        0.19557792747018
O            1.55452649702373       -1.51681975716432        0.93339473199275
C           -0.23649682523526       -0.38622102296200       -0.26676520935999
C           -1.02915870293356       -1.66228430692362       -0.23257480048976
C           -0.79126847380758       -2.59182291300763       -1.37564578081748
C           -1.87189235580879       -1.94501969233168        0.76483721361281
C           -2.08879643900834       -1.06654984003389        1.91604882008107
O           -2.93300795826998       -1.28914689144546        2.75716176662960
C           -1.15076666433649        0.11928569949616        2.00009058588309
C           -0.85323000377386        0.71101020882154        0.62308084084772
C           -2.12046374472476        1.30311445554673       -0.00669766276151
C           -1.83394159632944        2.16004273586297       -1.23508089418512
H            5.15717039635882        1.36227785419656       -0.33832004181166
H            3.99385994841476        1.33504935279847       -1.67252173474286
H            3.67669928457620        2.32851440760512       -0.24882398939250
H            3.79828692924822       -0.73740769004308       -0.26732305699892
H            3.45265093873951        0.26740124543210        1.15244793056087
H           -0.16416872884947       -0.01722547329982       -1.29353998607943
H           -1.02986938401599       -2.10549570285850       -2.32167489763517
H            0.26234593452048       -2.87013292071115       -1.40159812855405
H           -1.38845226259611       -3.49468243034074       -1.28214929395707
H           -2.44847411779777       -2.85922979269077        0.75825885291551
H           -1.57519343500168        0.86720081303680        2.67110907765259
H           -0.22540271240734       -0.25213077188911        2.44960320087284
H           -0.12182198189513        1.52070747843273        0.73200026419706
H           -2.80998482007812        0.49884498350152       -0.26911794183254
H           -2.61281483342830        1.92375895152234        0.74501261910198
H           -1.09212887654652        2.92259786746391       -1.00485146363875
H           -2.74315971925316        2.65715097695122       -1.56549013981176
H           -1.46268026249781        1.56062861297423       -2.06311529590879
33
 energy: -47.087596754096 gnorm: 0.001679087247 xtb: 6.7.1 (edcfbbe)
C            4.10898349806278        1.38757582027238       -0.58905179407561
C            3.38735046262965        0.22281882560159        0.06096531918163
O            2.01121759286574        0.28137898498909       -0.32638638364407
C            1.19633978226237       -0.63685082431754        0.19533867031929
O            1.55522839765133       -1.50909081141852        0.93960875695711
C           -0.23417235352147       -0.38642678766223       -0.27016411065988
C           -1.02732217703591       -1.66230980755943       -0.23382294642967
C           -0.79476655597955       -2.59332196485873       -1.37675998171665
C           -1.86957894879103       -1.94248661203731        0.76423232215776
C           -2.08939347401764       -1.05982651848936        1.91240011258890
O           -2.93943935341561       -1.27629015729340        2.74841719738680
C           -1.14493619224685        0.11938245671609        1.99762768499994
C           -0.85066986841016        0.71105499768792        0.61951230625227
C           -2.12186347011228        1.29954045840859       -0.00513470621159
C           -1.84574700838252        2.15961671656934       -1.23331801810659
H            5.16257852362937        1.35905408106160       -0.32830068668850
H            4.00817096065501        1.33213334161124       -1.66976285732162
H            3.68391580206626        2.32825775324340       -0.24920438950200
H            3.80369297398599       -0.73782657388929       -0.26173538706939
H            3.44995059909640        0.26937601700883        1.15375981043137
H           -0.16199301188859       -0.01857976660046       -1.29753324616456
H           -1.03291501261027       -2.10601642572148       -2.32228162801399
H            0.25721777698230       -2.87722205217336       -1.40523737410403
H           -1.39678969546969       -3.49257461926448       -1.28102771798683
H           -2.44862342516315       -2.85497292678568        0.76128590331991
H           -1.56265455585631        0.86883130797410        2.67129267217959
H           -0.21950244318246       -0.25800104188483        2.44189342803660
H           -0.11999795993473        1.52152060368732        0.72564524430037
H           -2.80952174243555        0.49289767259206       -0.26532542771201
H           -2.61243152400521        1.91691335630353        0.75024229655062
H           -1.11233348172168        2.93014828503472       -1.00352626234503
H           -2.76099879165116        2.64662633226900       -1.56176778286967
H           -1.46899532405697        1.56466987892869       -2.06188102404226
33
 energy: -47.087611255778 gnorm: 0.001453627890 xtb: 6.7.1 (edcfbbe)
C            4.11726314418416        1.38586881894762       -0.58532566520163
C            3.38799799344431        0.22305890208889        0.06004575736306
O            2.01395189539171        0.27942923492628       -0.33535840684971
C            1.19760710926349       -0.63466494941493        0.19051195043851
O            1.55599164651752       -1.49942226324773        0.94418356642776
C           -0.23298779790111       -0.38622518951318       -0.27457135042217
C           -1.02560103832047       -1.66205254822305       -0.23571854548488
C           -0.79771355862069       -2.59538267553154       -1.37753456123798
C           -1.86624350842777       -1.94034597072017        0.76391722041065
C           -2.08779534665530       -1.05600240357796        1.91056550421542
O           -2.94466802700331       -1.26567697622458        2.74094071300647
C           -1.14003431789784        0.11995348134633        1.99549154487868
C           -0.84812259943832        0.71137258459114        0.61643359502663
C           -2.12302392858933        1.29720865636001       -0.00260396645394
C           -1.85699325581332        2.15916073404016       -1.23130313896883
H            5.16812296759440        1.35269418003745       -0.31349910487949
H            4.02752891916427        1.32948719564626       -1.66668988715454
H            3.69293065308181        2.32812243390010       -0.24997727516108
H            3.80612950230803       -0.73827138282676       -0.25848204234321
H            3.44338860930830        0.27038436076011        1.15332887649309
H           -0.16232284813737       -0.01799753057321       -1.30193918795598
H           -1.03549863176520       -2.10823972734655       -2.32316820774728
H            0.25294138833152       -2.88371089216216       -1.40814015421641
H           -1.40358298060001       -3.49132198791684       -1.27862866270776
H           -2.44625793966255       -2.85245178684340        0.76367773556712
H           -1.55462076059417        0.87119557172176        2.66919986003668
H           -0.21541529859474       -0.26039581529334        2.43869721391071
H           -0.11745187113934        1.52201485645104        0.72015244858175
H           -2.80936421354373        0.48820843654886       -0.25945093157919
H           -2.61137292839674        1.91265609671411        0.75565496266076
H           -1.13362350789682        2.93883206921351       -1.00149140081449
H           -2.77844809269481        2.63389669317551       -1.55953526946205
H           -1.47271137689824        1.56861779294956       -2.05938319037844
33
 energy: -47.087618911095 gnorm: 0.001013260828 xtb: 6.7.1 (edcfbbe)
C            4.11955149653812        1.38390191077365       -0.58403098956742
C            3.38669405623813        0.22169244832858        0.05820406546750
O            2.01353083741955        0.27946749235657       -0.33971329223410
C            1.19641702629258       -0.63183077246611        0.18943334680137
O            1.55473286773084       -1.49646612815239        0.94338167739010
C           -0.23406283246196       -0.38495631206390       -0.27605770506501
C           -1.02556224853178       -1.66123835588248       -0.23654395286386
C           -0.79718012105710       -2.59526424456786       -1.37764803253299
C           -1.86458290551435       -1.94047956705875        0.76444902446945
C           -2.08740106425973       -1.05588871963611        1.91020326328131
O           -2.94279498574491       -1.26615541460351        2.74153871234659
C           -1.13937204790412        0.12086076063351        1.99568333303269
C           -0.84852123663850        0.71207496852796        0.61650588561648
C           -2.12391962903077        1.29763105559229       -0.00174174590659
C           -1.85907783495941        2.15910455483392       -1.23098120952914
H            5.16912704550738        1.34943729495886       -0.30719294404671
H            4.03480030526927        1.32796416199829       -1.66577836308746
H            3.69484606188616        2.32673299704983       -0.25052946418951
H            3.80437195843987       -0.74001839653786       -0.25972581023174
H            3.43932101398941        0.26869457967820        1.15160408897055
H           -0.16426935561435       -0.01546642161766       -1.30300382597164
H           -1.03493066364242       -2.10927916161037       -2.32395683477863
H            0.25374466814901       -2.88277124782305       -1.40754318348397
H           -1.40220703384217       -3.49163175552027       -1.27823638695154
H           -2.44201049982134       -2.85444054816872        0.76405671888160
H           -1.55482979554925        0.87225859104179        2.66922332597245
H           -0.21435801129689       -0.25892629776474        2.43967311335068
H           -0.11771318863993        1.52272688633122        0.71991549124022
H           -2.81018869435644        0.48826520848164       -0.25754811968760
H           -2.61217121544086        1.91346880011557        0.75632444575408
H           -1.13940371346173        2.94192543926954       -1.00066391632244
H           -2.78178407477449        2.62939757670825       -1.56161013800378
H           -1.47079618491944        1.56920861679737       -2.05769057812267
33
 energy: -47.087625314294 gnorm: 0.000784267523 xtb: 6.7.1 (edcfbbe)
C            4.12180936629645        1.38078207674718       -0.58249688901830
C            3.38546353575950        0.21884535807934        0.05593180131073
O            2.01326529000316        0.27871897121022       -0.34497017204886
C            1.19510069691170       -0.63024540279889        0.18647473373155
O            1.55216031624150       -1.49369605488100        0.94290755491188
C           -0.23567061690769       -0.38274847107052       -0.27711949919026
C           -1.02537399658327       -1.66005652320795       -0.23685608531637
C           -0.79527477027884       -2.59410750542433       -1.37764935563628
C           -1.86234553754588       -1.94136305886207        0.76558699116081
C           -2.08457877557767       -1.05780992398174        1.91174274258558
O           -2.93856971972315       -1.26913973851651        2.74465475939813
C           -1.13937389326914        0.12227920197799        1.99582830446463
C           -0.84988305402834        0.71372293243435        0.61672911897743
C           -2.12588523525915        1.29881618007100       -0.00105288895104
C           -1.86111121065543        2.15970736585667       -1.23078373513595
H            5.16989749801972        1.34648532766872       -0.30016865220569
H            4.04276657599285        1.32529436104426       -1.66479563732877
H            3.69531560295242        2.32382325582877       -0.25125341307650
H            3.80258702737518       -0.74287463969167       -0.26242787879101
H            3.43518502257274        0.26441548822294        1.14943015909731
H           -0.16742337113129       -0.01262240677806       -1.30381233196411
H           -1.03326611957339       -2.10931317944996       -2.32457327293973
H            0.25630776898491       -2.87960635528790       -1.40639645626755
H           -1.39843132107985       -3.49191904957469       -1.27853732330612
H           -2.43705333128577       -2.85717421725758        0.76394468219664
H           -1.55791588268605        0.87269818996844        2.66853030150741
H           -0.21362090065265       -0.25400267498123        2.44129070730846
H           -0.11954969683381        1.52504154911594        0.71975232258297
H           -2.81216444144464        0.48929251797838       -0.25624189344538
H           -2.61438754535215        1.91519275190276        0.75658750740250
H           -1.14584278657549        2.94628989574733       -0.99949306342254
H           -2.78490454117057        2.62500730607119       -1.56548131327808
H           -1.46723195349755        1.57026647184181       -2.05528182531524
33
 energy: -47.087629410045 gnorm: 0.000663036217 xtb: 6.7.1 (edcfbbe)
C            4.12404047463412        1.37793339480484       -0.58136695879177
C            3.38593992008131        0.21575449597474        0.05445860431554
O            2.01414443587996        0.27730993749503       -0.34785798034002
C            1.19419835945757       -0.62873629012123        0.18606805034273
O            1.54980631970839       -1.49087339007596        0.94456064518102
C           -0.23652223616474       -0.38081484446999       -0.27768552318764
C           -1.02503358704347       -1.65897333828218       -0.23706483753363
C           -0.79362727824258       -2.59269252572457       -1.37788036038029
C           -1.86042171358806       -1.94180237544555        0.76624109290502
C           -2.08241409432536       -1.05854228846403        1.91258860508780
O           -2.93423356398342       -1.27176356662965        2.74726027054790
C           -1.13966199392371        0.12353256957169        1.99544175119691
C           -0.85153178987645        0.71511882476293        0.61620324191307
C           -2.12817880979282        1.29937294233205       -0.00114253312816
C           -1.86435615972091        2.16077311976391       -1.23076210966675
H            5.17100095467551        1.34458232107235       -0.29489804969115
H            4.04931881514066        1.32225586898957       -1.66401214682516
H            3.69543123983000        2.32068106287865       -0.25193949018457
H            3.80267599734851       -0.74585414020487       -0.26464682971828
H            3.43408751297069        0.25963859532959        1.14803714228115
H           -0.16871731226559       -0.01103856815805       -1.30452785779672
H           -1.03186370187441       -2.10816600130605       -2.32482939755742
H            0.25831083943919       -2.87704091541619       -1.40623166593285
H           -1.39573839608282       -3.49135373214137       -1.27901683909965
H           -2.43313861754414       -2.85873426523494        0.76518143794088
H           -1.55955046631684        0.87306109098858        2.66833844974474
H           -0.21285059703070       -0.25061228617950        2.44042377464516
H           -0.12194679999679        1.52713023573530        0.71882441899769
H           -2.81398211795477        0.48944611204829       -0.25636069209332
H           -2.61686762804690        1.91527029278826        0.75682965082255
H           -1.15342202416109        2.95096446708790       -0.99821394252555
H           -2.78948095171581        2.62154876126144       -1.56827774439993
H           -1.46541502951617        1.57262443497216       -2.05374217707105
33
 energy: -47.087634800971 gnorm: 0.000435010006 xtb: 6.7.1 (edcfbbe)
C            4.12663811747243        1.37336200527696       -0.58004909514873
C            3.38742040575617        0.21017795979458        0.05246499454125
O            2.01577185752439        0.27426554222496       -0.35048723813647
C            1.19285026953221       -0.62663774706234        0.18746377217770
O            1.54566724057719       -1.48589921908292        0.95049291962225
C           -0.23729341096723       -0.37777102857304       -0.27798917300950
C           -1.02397700491887       -1.65722372361800       -0.23727406462293
C           -0.79098879383307       -2.58979062910168       -1.37868256492910
C           -1.85734080565715       -1.94202608353379        0.76701221848923
C           -2.07881019960870       -1.05942986772860        1.91411890541699
O           -2.92688346722377       -1.27633387591046        2.75186290945224
C           -1.14002170273047        0.12569198266042        1.99465525057663
C           -0.85395515685560        0.71761609177376        0.61508281742917
C           -2.13198550286871        1.29923756539643       -0.00216212716256
C           -1.86976458341733        2.16261218994309       -1.23076681684689
H            5.17214155767956        1.34225337709605       -0.28835011989711
H            4.05744909192028        1.31714787041527       -1.66297130357655
H            3.69435403783830        2.31518716926619       -0.25298044410582
H            3.80333336254225       -0.75106072044900       -0.26890588886066
H            3.43488030807261        0.25091471852518        1.14617209590162
H           -0.16866387719766       -0.00877574697877       -1.30508205518909
H           -1.02964107870307       -2.10497899202863       -2.32530782364924
H            0.26144434573176       -2.87224955308114       -1.40679119538948
H           -1.39147307616593       -3.48962237848028       -1.28051946844454
H           -2.42837270155862       -2.85989930571927        0.76709543913031
H           -1.56127104686404        0.87409059715014        2.66786928446547
H           -0.21166087161894       -0.24562239386638        2.43859597299589
H           -0.12597894991546        1.53115294529184        0.71708164439919
H           -2.81595533968988        0.48801905151183       -0.25843538763081
H           -2.62222911397391        1.91333546876313        0.75627660953801
H           -1.16567610294703        2.95809394086955       -0.99551719169498
H           -2.79686429434594        2.61666476410031       -1.57192917137535
H           -1.46314351358738        1.57749802515768       -2.05204370446792
33
 energy: -47.087638667877 gnorm: 0.000441092707 xtb: 6.7.1 (edcfbbe)
C            4.12968260934333        1.36905703733090       -0.57914032252144
C            3.38957311469332        0.20484588105741        0.05043912698052
O            2.01798649890573        0.27103795502201       -0.35268100557133
C            1.19226544168476       -0.62434048667139        0.19000910292111
O            1.54234669641379       -1.47976200695606        0.95858451751549
C           -0.23707565904745       -0.37519620784046       -0.27793511883390
C           -1.02312698550791       -1.65514973233945       -0.23794283252883
C           -0.78922692754629       -2.58683748126861       -1.37991075830925
C           -1.85486629239137       -1.94145017783419        0.76712917626142
C           -2.07536259983195       -1.05996172293765        1.91554155906335
O           -2.91995402424272       -1.28079120768653        2.75574256809928
C           -1.14072349121833        0.12815042729016        1.99428980808457
C           -0.85619020487440        0.71945957058416        0.61406880189464
C           -2.13545877903770        1.29806611487702       -0.00343704311409
C           -1.87545019120637        2.16419018667092       -1.23056672758796
H            5.17394602034114        1.33975627022159       -0.28276374740340
H            4.06537519035870        1.31268357164219       -1.66233779796210
H            3.69422969480612        2.30999985480534       -0.25388565442108
H            3.80465799265623       -0.75591808439289       -0.27354638426442
H            3.43698146972630        0.24246953666693        1.14430318523382
H           -0.16687234564599       -0.00669715890363       -1.30509494396441
H           -1.02857185560000       -2.10154166347328       -2.32608821912645
H            0.26353030282317       -2.86814793279954       -1.40852225725808
H           -1.38871197533670       -3.48735397570485       -1.28216621245521
H           -2.42448125514748       -2.86017313382361        0.76882434319243
H           -1.56353665021420        0.87591015471924        2.66696108727805
H           -0.21139393080870       -0.24026563552003        2.43819599951296
H           -0.13002099493198        1.53463508406669        0.71549482268956
H           -2.81645397448193        0.48488519393798       -0.26147430567313
H           -2.62845661135242        1.90937742088783        0.75548961483888
H           -1.17824553459376        2.96482743722408       -0.99227237938538
H           -2.80486837109442        2.61147664951577       -1.57451530544897
H           -1.46152637764212        1.58275826163496       -2.05079269773841
33
 energy: -47.087642089351 gnorm: 0.000514952294 xtb: 6.7.1 (edcfbbe)
C            4.13300292125851        1.36480571939736       -0.57848588889647
C            3.39215867213405        0.19947542880583        0.04819333551080
O            2.02063372720697        0.26719334253511       -0.35508278054489
C            1.19210302010969       -0.62175207762673        0.19367292421146
O            1.53926200036924       -1.47219946314768        0.96914482841039
C           -0.23622548239606       -0.37259482384299       -0.27734139544230
C           -1.02132225719389       -1.65317202802673       -0.23818822804128
C           -0.78826350197797       -2.58338458391440       -1.38155115546920
C           -1.85193575347101       -1.94061275542671        0.76737782907584
C           -2.07233771394452       -1.06014737930843        1.91683206261460
O           -2.91386598582325       -1.28474307895044        2.75920471062447
C           -1.14126491117778        0.13074036887734        1.99401417634186
C           -0.85782994763635        0.72166022729243        0.61335152251778
C           -2.13900497557442        1.29537961483330       -0.00503446168346
C           -1.88133853939564        2.16507456582394       -1.23009480371436
H            5.17618780200698        1.33682285784849       -0.27827936815982
H            4.07278328514133        1.30867748160723       -1.66187292858355
H            3.69505788072482        2.30497627936663       -0.25448819044898
H            3.80675564524857       -0.76077628530930       -0.27815882517270
H            3.43959277076896        0.23432078612626        1.14218070439646
H           -0.16399845059734       -0.00418994261745       -1.30438743322862
H           -1.02880981691636       -2.09708126881125       -2.32691750527421
H            0.26460313771733       -2.86406700156557       -1.41168909763021
H           -1.38720644491532       -3.48426701651174       -1.28419991082807
H           -2.42163261253191       -2.85931498343036        0.76935123469100
H           -1.56596623291302        0.87821980863079        2.66578419522811
H           -0.21112397551877       -0.23486139739153        2.43863684214886
H           -0.13378704632889        1.53888303773025        0.71403881458410
H           -2.81589389891851        0.47955855970234       -0.26564317844151
H           -2.63598440481454        1.90302009011611        0.75420024937759
H           -1.19107164081691        2.97063892800981       -0.98848061977005
H           -2.81295465795027        2.60578822652057       -1.57639761742140
H           -1.46032261187531        1.58792876266042       -2.04969004098404
33
 energy: -47.087645400736 gnorm: 0.000477155971 xtb: 6.7.1 (edcfbbe)
C            4.13668625661159        1.36096149174214       -0.57836165183756
C            3.39521857794781        0.19468741100953        0.04587108943899
O            2.02386980412897        0.26304157178245       -0.35790013080503
C            1.19269062493171       -0.61894087288074        0.19791083577735
O            1.53706180201663       -1.46341110587579        0.98116598799218
C           -0.23462646695926       -0.37036140588179       -0.27632938867539
C           -1.01987437353146       -1.65080839180086       -0.23862085855635
C           -0.78825781266404       -2.57954125831354       -1.38345996469360
C           -1.84974209570576       -1.93928172011391        0.76726925486843
C           -2.06962512188209       -1.06049638790487        1.91819405773022
O           -2.90865672502949       -1.28844480121891        2.76209312725033
C           -1.14221114826927        0.13326749173095        1.99446741984250
C           -0.85957135308592        0.72304684174621        0.61317370814367
C           -2.14211276590107        1.29194767100894       -0.00673416059235
C           -1.88672950196915        2.16519725313155       -1.22966962201037
H            5.17914608099328        1.33321784583476       -0.27573963954600
H            4.07904911250721        1.30574916977745       -1.66186776537647
H            3.69755521552821        2.30060138099115       -0.25455216266308
H            3.80980248271845       -0.76500660841369       -0.28226185783636
H            3.44236404460698        0.22742874778657        1.13995869606304
H           -0.16022875239950       -0.00163548844552       -1.30308373848657
H           -1.03061891729891       -2.09193310030571       -2.32771485836745
H            0.26457614316841       -2.86007615846142       -1.41609623879161
H           -1.38699450583862       -3.48051356051873       -1.28624722724086
H           -2.41916533999733       -2.85820184804036        0.76903129150741
H           -1.56962565468011        0.88060177026553        2.66479806194032
H           -0.21157719462199       -0.22911698929796        2.44088372553780
H           -0.13792538142375        1.54243002446184        0.71320895818892
H           -2.81396532934042        0.47300607752503       -0.27038460584945
H           -2.64410732086608        1.89535055730203        0.75252899991651
H           -1.20256593736365        2.97476598152838       -0.98474819422476
H           -2.82018856858330        2.60026690758904       -1.57783385866439
H           -1.45964987774961        1.59220150226306       -2.04894928998181
33
 energy: -47.087648169028 gnorm: 0.000382767844 xtb: 6.7.1 (edcfbbe)
C            4.14027980623574        1.35763041316039       -0.57883761703071
C            3.39813787848415        0.19075888189656        0.04356695990898
O            2.02712213733694        0.25875285110585       -0.36141028078921
C            1.19349591089640       -0.61596447366633        0.20230983730399
O            1.53539464041492       -1.45396078509065        0.99356470629700
C           -0.23295796358815       -0.36833882024624       -0.27476221927977
C           -1.01810669074847       -1.64885576053772       -0.23855130157230
C           -0.78891995827622       -2.57570067198658       -1.38543920606180
C           -1.84747948370367       -1.93855386554718        0.76746898189986
C           -2.06767252573298       -1.06117733643991        1.91932901329131
O           -2.90482030859918       -1.29189115134364        2.76427795388293
C           -1.14367553751128        0.13536600756926        1.99509376481112
C           -0.86089896498252        0.72442509091581        0.61364691712256
C           -2.14480952038412        1.28817070557346       -0.00832549463405
C           -1.89065376648950        2.16460078110471       -1.22917218860944
H            5.18258144279819        1.32897281599559       -0.27559613563548
H            4.08326543559329        1.30393535940241       -1.66247229840950
H            3.70146295985622        2.29709261653812       -0.25399380273553
H            3.81338969022726       -0.76843019416958       -0.28520680934965
H            3.44430428740087        0.22249477304957        1.13772094449631
H           -0.15678447392708        0.00079658006920       -1.30120353080548
H           -1.03386963424478       -2.08640522029927       -2.32820216021251
H            0.26383703087799       -2.85611431330903       -1.42155608105969
H           -1.38746516449374       -3.47682926022733       -1.28838736569048
H           -2.41684811148952       -2.85755924713655        0.76795478720847
H           -1.57458821264285        0.88240962821982        2.66356322322658
H           -0.21284775389235       -0.22331480491727        2.44407371001728
H           -0.14159389114339        1.54588550694167        0.71348836383800
H           -2.81186599515186        0.46639764141699       -0.27506718626290
H           -2.65182557547382        1.88774854271270        0.75052838521518
H           -1.21141236956380        2.97745659810931       -0.98120866015959
H           -2.82566599306058        2.59518482171701       -1.57893769769729
H           -1.45850932502366        1.59501628942160       -2.04825751252602
33
 energy: -47.087650340819 gnorm: 0.000426447541 xtb: 6.7.1 (edcfbbe)
C            4.14231189275976        1.35529370022968       -0.57991140813359
C            3.40019129446909        0.18806423962341        0.04186455953293
O            2.02945125731841        0.25502675604205       -0.36420268597299
C            1.19403022291160       -0.61358292976697        0.20622705485264
O            1.53399300164835       -1.44576720305291        1.00442458982962
C           -0.23179113086637       -0.36686214996964       -0.27305128451304
C           -1.01672333095511       -1.64747245136594       -0.23811126486473
C           -0.78932293506786       -2.57219878524337       -1.38704971118893
C           -1.84574742009397       -1.93861167836479        0.76789594313745
C           -2.06653296466086       -1.06262426171259        1.92051025369635
O           -2.90227994887938       -1.29553906588913        2.76629370923637
C           -1.14558935978789        0.13650405554307        1.99616795398174
C           -0.86254340665404        0.72499852379074        0.61461427010784
C           -2.14660020374808        1.28568096250108       -0.00974595331962
C           -1.89221057635381        2.16385562711293       -1.22928344876697
H            5.18517690472913        1.32492207176892       -0.27888240654412
H            4.08308341322256        1.30343828578820       -1.66350193291915
H            3.70537013252722        2.29485585107362       -0.25274231554902
H            3.81638369906777       -0.77079220024812       -0.28666663322487
H            3.44540697456470        0.21983140315199        1.13600920027672
H           -0.15425898837831        0.00267246489090       -1.29922760119659
H           -1.03724651525814       -2.08137493749602       -2.32828167495023
H            0.26353378685842       -2.85172929600537       -1.42663867045151
H           -1.38701395016053       -3.47392661521208       -1.29016940183963
H           -2.41463173249105       -2.85793230394965        0.76669055981681
H           -1.57977156250012        0.88310778888262        2.66335881186360
H           -0.21439254961222       -0.21920041989209        2.44723911564601
H           -0.14497554514406        1.54793356791858        0.71466681522519
H           -2.81017227464121        0.46202167408415       -0.27896881146862
H           -2.65752529721425        1.88276743710419        0.74836069031072
H           -1.21491245546850        2.97745721051292       -0.97933609608116
H           -2.82711518700955        2.59317720027243       -1.58042047123425
H           -1.45757524513319        1.59600547787986       -2.04813175529681
33
 energy: -47.087652547556 gnorm: 0.000510533917 xtb: 6.7.1 (edcfbbe)
C            4.14421529301496        1.35261536007105       -0.58158012412329
C            3.40202805028474        0.18530888286814        0.03999590538374
O            2.03171140710563        0.25082203815281       -0.36779370549966
C            1.19414386322556       -0.61053088376565        0.21072912086547
O            1.53196366873878       -1.43594484769887        1.01686150132426
C           -0.23103129470447       -0.36521204283147       -0.27110584270514
C           -1.01540533851371       -1.64622661186837       -0.23772638942123
C           -0.78922717356884       -2.56866235743778       -1.38876393389040
C           -1.84366915562622       -1.93947996571940        0.76836125097377
C           -2.06556654037271       -1.06473593732026        1.92153455701583
O           -2.90001522735036       -1.30012591317761        2.76790770043238
C           -1.14830732629489        0.13730983409729        1.99711640130634
C           -0.86441742554191        0.72579339952205        0.61581586926176
C           -2.14848652875605        1.28385702450727       -0.01097485893971
C           -1.89284810152794        2.16320536138932       -1.22942019488444
H            5.18802512150986        1.31970635218209       -0.28385092819408
H            4.08150679864518        1.30299622811515       -1.66516357884992
H            3.71011243422960        2.29243501398492       -0.25121311475063
H            3.81942013232621       -0.77329779357941       -0.28764515252063
H            3.44576386052655        0.21764098708039        1.13414774819131
H           -0.15220966353261        0.00458371426320       -1.29706629416888
H           -1.04100536538398       -2.07637148322341       -2.32823846025686
H            0.26396922611269       -2.84630569185539       -1.43234000015234
H           -1.38517612416572       -3.47158635645635       -1.29197676748380
H           -2.41115911526631       -2.85964814124052        0.76595865773447
H           -1.58609597547913        0.88308865694276        2.66291422971383
H           -0.21689653761447       -0.21492452683546        2.45037071604534
H           -0.14844358852925        1.55002172374068        0.71673620682314
H           -2.80940262414914        0.45879859448303       -0.28229397229751
H           -2.66267520822249        1.87930883601700        0.74614964838474
H           -1.21747385494442        2.97809985020458       -0.97745231527918
H           -2.82798998624671        2.59103512911938       -1.58232638168397
H           -1.45535769992992        1.59642556627145       -2.04766749835655
33
 energy: -47.087655041755 gnorm: 0.000439147787 xtb: 6.7.1 (edcfbbe)
C            4.14432912101394        1.35098823316986       -0.58388443767426
C            3.40261126640871        0.18395445138563        0.03876688962541
O            2.03257621965291        0.24755963640990       -0.37029143459245
C            1.19368674776209       -0.60819991872981        0.21432497608937
O            1.53007997850396       -1.42776347384184        1.02675875927934
C           -0.23107237972700       -0.36418890841955       -0.26925014448810
C           -1.01423897405591       -1.64597476815059       -0.23711372554914
C           -0.78816794745337       -2.56629569741557       -1.38989821171644
C           -1.84195611657821       -1.94135579087245        0.76879519045325
C           -2.06582678788650       -1.06732675443284        1.92204983204153
O           -2.89978533429168       -1.30473688948913        2.76831551184118
C           -1.15163452417699        0.13696266440439        1.99821341711832
C           -0.86626016208126        0.72593354014579        0.61744977946562
C           -2.14922769865597        1.28410820521831       -0.01147647986599
C           -1.89115728709006        2.16268707305911       -1.23002316978661
H            5.18968368589811        1.31494502243653       -0.29174665167383
H            4.07577651105763        1.30363894487972       -1.66729311081704
H            3.71429737557622        2.29126689000354       -0.24940537297464
H            3.82120077847538       -0.77459990201148       -0.28739003774033
H            3.44529454273406        0.21767554680241        1.13287189385623
H           -0.15136976488182        0.00580619239441       -1.29505052757910
H           -1.04403125056529       -2.07326421911876       -2.32790204611411
H            0.26566935632603       -2.84084832595989       -1.43696076678582
H           -1.38138526624000       -3.47104290020740       -1.29296690643768
H           -2.40809387957271       -2.86234711020610        0.76540120917862
H           -1.59227431563782        0.88183369861019        2.66308829930001
H           -0.22021370867856       -0.21294491280768        2.45309707210251
H           -0.15081994701490        1.55045072886373        0.71992719166735
H           -2.81012626547750        0.45932449116213       -0.28338743171394
H           -2.66417560249457        1.88021742631550        0.74452341106885
H           -1.21456204896096        2.97633255418488       -0.97778146419738
H           -2.82498420846689        2.59218854463771       -1.58415972938971
H           -1.45384211342250        1.59501572758199       -2.04760178399295
33
 energy: -47.087656341497 gnorm: 0.000228057101 xtb: 6.7.1 (edcfbbe)
C            4.14384212374424        1.35068717609524       -0.58432326942987
C            3.40246385739166        0.18357650962031        0.03861174174896
O            2.03238973199173        0.24707595928984       -0.37036686792032
C            1.19326586091045       -0.60812874359761        0.21466569041478
O            1.52924619974460       -1.42679735076887        1.02819310533756
C           -0.23137094295959       -0.36404854531525       -0.26932465673979
C           -1.01419824349446       -1.64602891791396       -0.23731294755457
C           -0.78689873629000       -2.56649898432483       -1.38974612969805
C           -1.84204491209273       -1.94148082776948        0.76840515399972
C           -2.06628367876893       -1.06743583704143        1.92169143240352
O           -2.90048526322200       -1.30510700311517        2.76771893545167
C           -1.15197333103919        0.13661033403187        1.99803081762274
C           -0.86647607001278        0.72603860570549        0.61740630068475
C           -2.14933211234390        1.28504855513551       -0.01108972769027
C           -1.89107455427984        2.16310180264493       -1.23003760970403
H            5.18917025524339        1.31497837528459       -0.29228106392703
H            4.07523156264624        1.30305282282684       -1.66765675291457
H            3.71361138266617        2.29086731224969       -0.25002068356222
H            3.82098572938429       -0.77504127265175       -0.28753785602705
H            3.44537870700356        0.21732889534751        1.13274111633704
H           -0.15143257464977        0.00584479458164       -1.29513483626611
H           -1.04295695289531       -2.07403935793546       -2.32798089672009
H            0.26721100746758       -2.83998476888802       -1.43641003697476
H           -1.37923281824451       -3.47177231844772       -1.29261897323835
H           -2.40804734598548       -2.86254292442986        0.76552238605146
H           -1.59194643930135        0.88135198737146        2.66335261207514
H           -0.22060744970512       -0.21401123302499        2.45231089719941
H           -0.15070136249860        1.55029777675878        0.72012172207917
H           -2.81126296929711        0.46061209484358       -0.28231266455024
H           -2.66327465136804        1.88205808001802        0.74510024970703
H           -1.21418830895631        2.97675747468123       -0.97816866077657
H           -2.82496916634104        2.59269653454674       -1.58401236035755
H           -1.45403853444929        1.59493299419374       -2.04753616706341
33
 energy: -47.087658397549 gnorm: 0.000341863386 xtb: 6.7.1 (edcfbbe)
C            4.14258652571282        1.34952672319436       -0.58599553350497
C            3.40205216920048        0.18227894735228        0.03766514887136
O            2.03194653432945        0.24541316205853       -0.37124617512157
C            1.19193047932461       -0.60705458818469        0.21624548969715
O            1.52677123631187       -1.42333073072801        1.03268053350925
C           -0.23230667170758       -0.36342774618069       -0.26932289836736
C           -1.01392537489208       -1.64618183109627       -0.23785370520245
C           -0.78282235752898       -2.56714221166866       -1.38920155946551
C           -1.84248775702390       -1.94193841764435        0.76699112797900
C           -2.06827344681535       -1.06751944191339        1.92005188446407
O           -2.90347925828172       -1.30576489582432        2.76495205830737
C           -1.15317148565770        0.13547026834824        1.99801544657825
C           -0.86713717049580        0.72625079388570        0.61793696802670
C           -2.14923891593563        1.28790907127866       -0.00968593584970
C           -1.89099597903837        2.16411459870839       -1.22999637976501
H            5.18790496295395        1.31498074650329       -0.29395364429061
H            4.07386645014951        1.30102191539578       -1.66923373850539
H            3.71138877227506        2.28940056654740       -0.25224932363327
H            3.82065234932465       -0.77642602730447       -0.28822579429006
H            3.44524236264838        0.21641087184526        1.13181133914219
H           -0.15167430068130        0.00647424051383       -1.29506019196638
H           -1.03965117737853       -2.07658800022710       -2.32820807865483
H            0.27225522618878       -2.83707192308751       -1.43458068011478
H           -1.37216726830268       -3.47428259158492       -1.29152401551868
H           -2.40792608505772       -2.86334842421528        0.76511085139851
H           -1.59152958702004        0.87987415302826        2.66459395266999
H           -0.22200248288656       -0.21737572864974        2.45090183617856
H           -0.15058952123579        1.54978029113963        0.72175730046802
H           -2.81418533924420        0.46496129417246       -0.27871320364472
H           -2.66019658511782        1.88735764242535        0.74681688023178
H           -1.21306512429390        2.97744161576396       -0.97956387474241
H           -2.82471914819811        2.59428615845514       -1.58380299404609
H           -1.45505203162721        1.59449949769545       -2.04711309084032
33
 energy: -47.087659496453 gnorm: 0.000369970031 xtb: 6.7.1 (edcfbbe)
C            4.14214095178118        1.34882281848893       -0.58730369960736
C            3.40200897576067        0.18148681504479        0.03665782785551
O            2.03205830322065        0.24394339818810       -0.37279041453549
C            1.19161621437727       -0.60673001233399        0.21654376579214
O            1.52577182257663       -1.42076376820108        1.03551320754997
C           -0.23262104449280       -0.36291991429232       -0.26893553814709
C           -1.01365906462777       -1.64606069001223       -0.23795103298064
C           -0.78026289188596       -2.56727185996546       -1.38868369980679
C           -1.84309557912647       -1.94207263826092        0.76606077505221
C           -2.06988294936909       -1.06772737938910        1.91909338675278
O           -2.90665293197089       -1.30552631764668        2.76255670469290
C           -1.15434805408308        0.13479938657459        1.99818112481310
C           -0.86748868830206        0.72650566914704        0.61863861762437
C           -2.14930566901021        1.28929655126504       -0.00849115117540
C           -1.89064653842498        2.16427414431035       -1.22956972587626
H            5.18741430340055        1.31504000031780       -0.29498804161305
H            4.07369277921701        1.29977956357724       -1.67055570115677
H            3.71025895023882        2.28861383225762       -0.25412373658723
H            3.82105825062450       -0.77712576173412       -0.28887867623257
H            3.44482792479644        0.21594108941002        1.13079285605075
H           -0.15193179523658        0.00718111490911       -1.29456143426961
H           -1.03771691523189       -2.07792101961134       -2.32814472892295
H            0.27540963778959       -2.83504839297084       -1.43343872411558
H           -1.36774015652284       -3.47559247119693       -1.29067378182415
H           -2.40820824153886       -2.86366868160761        0.76388626488437
H           -1.59245178816338        0.87894637036442        2.66521901760635
H           -0.22345721856137       -0.21893687549575        2.45101324278515
H           -0.15063239196670        1.54968151001279        0.72333503748028
H           -2.81556276993860        0.46713353522164       -0.27639883412599
H           -2.65878945715087        1.89004295159340        0.74793471960681
H           -1.21194025441879        2.97725999824418       -0.98019406276195
H           -2.82417089940057        2.59493314353047       -1.58324804891951
H           -1.45569281436097        1.59368389026343       -2.04649551589022
33
 energy: -47.087661808284 gnorm: 0.000377498565 xtb: 6.7.1 (edcfbbe)
C            4.14169582297242        1.34738942811127       -0.59047852297498
C            3.40228505511812        0.17977653467251        0.03380790234338
O            2.03259509874532        0.24081893734459       -0.37662772536275
C            1.19113973341505       -0.60501810191338        0.21804271910605
O            1.52423446484558       -1.41474705123212        1.04175920957315
C           -0.23307959064040       -0.36172791445937       -0.26769511313275
C           -1.01283971093673       -1.64569076925165       -0.23780711098376
C           -0.77507026402078       -2.56718057174395       -1.38749172186379
C           -1.84442664685440       -1.94229228031856        0.76423881096913
C           -2.07460225387547       -1.06768817736563        1.91651696004981
O           -2.91471300831096       -1.30452994844739        2.75692460801785
C           -1.15723891756905        0.13319179470939        1.99910784593259
C           -0.86827556162781        0.72678689120570        0.62082205229036
C           -2.14925390413726        1.29161743992339       -0.00612148500237
C           -1.88981346284241        2.16426186205351       -1.22868121355332
H            5.18677434756529        1.31509602111711       -0.29731937273343
H            4.07414985177713        1.29735892411348       -1.67376313113706
H            3.70847400098953        2.28704455153761       -0.25851978419090
H            3.82245193154972       -0.77864951975203       -0.29077644284210
H            3.44412948061504        0.21504979013120        1.12792350946332
H           -0.15250362216397        0.00909657629331       -1.29304092385199
H           -1.03403779286537       -2.08011203274429       -2.32772545804542
H            0.28175692259126       -2.83061556873988       -1.43134416686006
H           -1.35879342867301       -3.47785998915207       -1.28878792282102
H           -2.40860470238207       -2.86443041281626        0.76079839819849
H           -1.59520817363929        0.87675748416108        2.66691526086066
H           -0.22725447734396       -0.22248492273135        2.45236426788978
H           -0.15088071857552        1.54925601157519        0.72753676815499
H           -2.81769429997109        0.47072026565952       -0.27205505588433
H           -2.65625064082376        1.89476224000341        0.75000087628581
H           -1.20910526135827        2.97617376580886       -0.98131456805489
H           -2.82285273346630        2.59636669209208       -1.58190676894504
H           -1.45718753810792        1.59150205015722       -2.04530270089737
33
 energy: -47.087664980297 gnorm: 0.000355593640 xtb: 6.7.1 (edcfbbe)
C            4.14178938685026        1.34544232526404       -0.59595327107276
C            3.40331742513024        0.17742226584365        0.02866416055987
O            2.03384997031320        0.23590491318834       -0.38295827783517
C            1.19096763088361       -0.60197075921085        0.22097078553851
O            1.52285502866782       -1.40446040307755        1.05232335691962
C           -0.23332447195175       -0.35997769009192       -0.26494759380662
C           -1.01131884938425       -1.64503572481038       -0.23705200765443
C           -0.76765479361222       -2.56661519724640       -1.38547753972429
C           -1.84680496219269       -1.94244566425725        0.76153123831381
C           -2.08204433418820       -1.06813044642140        1.91295270390199
O           -2.92854383242000       -1.30254854073258        2.74759387805866
C           -1.16233386710821        0.13062822501731        2.00132071868860
C           -0.86956610333850        0.72685624732000        0.62502853404082
C           -2.14895530954612        1.29419782201621       -0.00288594818605
C           -1.88844628872205        2.16381055619472       -1.22735829909195
H            5.18652016509581        1.31514635586328       -0.30124927396742
H            4.07585207007121        1.29410759122489       -1.67930649744422
H            3.70661994825480        2.28482269214988       -0.26566220707635
H            3.82538869179018       -0.78057100132330       -0.29466738915851
H            3.44386566183015        0.21375978973375        1.12277471705056
H           -0.15298814987573        0.01212383085339       -1.28983447520056
H           -1.02902451012630       -2.08215503834129       -2.32640344100930
H            0.29068970434410       -2.82405366140755       -1.42867512319051
H           -1.34632627234377       -3.48046490868143       -1.28605386166942
H           -2.41004422783906       -2.86514776572373        0.75496509463112
H           -1.60076761084822        0.87346549920313        2.66973384549219
H           -0.23410332933139       -0.22784728158462        2.45589472787882
H           -0.15183588991991        1.54860154963078        0.73509961590402
H           -2.81967611648222        0.47464042554500       -0.26676633563765
H           -2.65374786698936        1.90007637167323        0.75243730943263
H           -1.20407434710870        2.97334862284491       -0.98254790904108
H           -2.82041341409995        2.59903049488290       -1.57961948831346
H           -1.45972113580407        1.58803850446329       -2.04387174733350
33
 energy: -47.087667657990 gnorm: 0.000446259349 xtb: 6.7.1 (edcfbbe)
C            4.14227856165637        1.34375379342318       -0.60175993080607
C            3.40495618105610        0.17518294020936        0.02325501110295
O            2.03545256307898        0.23111538421139       -0.38873528538799
C            1.19132779192656       -0.59870042574243        0.22474873889968
O            1.52227572909913       -1.39317790026690        1.06419265044212
C           -0.23304453406478       -0.35837443023922       -0.26146976135566
C           -1.00941304378797       -1.64447020666169       -0.23573454348659
C           -0.76113712960471       -2.56554049237810       -1.38360459800794
C           -1.84882552737739       -1.94271785407219        0.75935516261006
C           -2.09062104687649       -1.06795886607458        1.90892777395623
O           -2.94256830374091       -1.30081863851470        2.73838174099373
C           -1.16800942508986        0.12820481779231        2.00356690720300
C           -0.87109611089468        0.72689887630915        0.62928345055213
C           -2.14907027631275        1.29565751483400       -0.00027162192863
C           -1.88659824016482        2.16314174887600       -1.22580058356694
H            5.18673412124914        1.31513260389263       -0.30578804208051
H            4.07773637761086        1.29135392010032       -1.68516007691925
H            3.70551420098215        2.28289108804304       -0.27282077963538
H            3.82865440442902       -0.78231571505097       -0.29940635313818
H            3.44491617447878        0.21228219378612        1.11734541505758
H           -0.15276990147124        0.01486424096349       -1.28593307736041
H           -1.02474295035941       -2.08273760757621       -2.32479183463380
H            0.29836536950276       -2.81804804157385       -1.42675263242843
H           -1.33567609536210       -3.48195823504676       -1.28390349881919
H           -2.41097891366631       -2.86609125365200        0.74972807289581
H           -1.60690848978191        0.87032171013610        2.67250688188176
H           -0.24154531374128       -0.23317370104666        2.45941275620000
H           -0.15339688942539        1.54821647468305        0.74293386170548
H           -2.82099969018482        0.47688045451212       -0.26333534875059
H           -2.65320219816966        1.90328490209516        0.75401676470871
H           -1.19825688998766        2.96987026527145       -0.98294296875177
H           -2.81727780722005        2.60211042073915       -1.57670679326092
H           -1.46207269778689        1.58492001802060       -2.04273745789313
33
 energy: -47.087670312100 gnorm: 0.000419530095 xtb: 6.7.1 (edcfbbe)
C            4.14271670810507        1.34227835317811       -0.60710610649288
C            3.40678492907938        0.17304889505509        0.01844835780877
O            2.03690685605492        0.22712463183232       -0.39266646312880
C            1.19165608284740       -0.59508378062295        0.22964930362246
O            1.52190018288548       -1.38237735698591        1.07605412991246
C           -0.23253413649137       -0.35696969089511       -0.25801265954395
C           -1.00768514354619       -1.64388631194835       -0.23439888331329
C           -0.75589950654833       -2.56420534335683       -1.38213497867570
C           -1.85050741531563       -1.94292719856926        0.75759852958759
C           -2.09687101466434       -1.06876698911897        1.90656576791181
O           -2.95415320433236       -1.30008247116451        2.73092762914892
C           -1.17320574695444        0.12615646753687        2.00575047383953
C           -0.87287342915711        0.72673872116577        0.63301927074173
C           -2.14938564507889        1.29601443679340        0.00099557313123
C           -1.88482124347673        2.16276171660351       -1.22458085121636
H            5.18709501360471        1.31501084112209       -0.31069621465420
H            4.07875575148906        1.28923603457702       -1.69048633429668
H            3.70487334322942        2.28114525130854       -0.27886543153402
H            3.83146342289280       -0.78399682922359       -0.30429235241138
H            3.44725849967515        0.21052916670175        1.11249011158360
H           -0.15172302115732        0.01712616715179       -1.28213481688081
H           -1.02119444069509       -2.08203419378211       -2.32319242241938
H            0.30433035290076       -2.81337928197113       -1.42562211803532
H           -1.32770736957197       -3.48232393099766       -1.28266883863453
H           -2.41230762042572       -2.86649842621887        0.74517886237384
H           -1.61271508003280        0.86768618877367        2.67488935109745
H           -0.24813256743325       -0.23722354433866        2.46268191493916
H           -0.15566243885063        1.54806923502998        0.74964066014994
H           -2.82139546906556        0.47743898961213       -0.26262805543365
H           -2.65425420489928        1.90420687043698        0.75433759106133
H           -1.19275385921702        2.96649631796846       -0.98234907744507
H           -2.81410994669297        2.60574485986165       -1.57416876669873
H           -1.46384863915835        1.58294220448712       -2.04222315609726
33
 energy: -47.087673397360 gnorm: 0.000370659233 xtb: 6.7.1 (edcfbbe)
C            4.14297222410905        1.34057490511727       -0.61287593251478
C            3.40898007357790        0.17061178842267        0.01371225503418
O            2.03846551785491        0.22272058968839       -0.39565662219244
C            1.19215381996320       -0.59161428914589        0.23553056695475
O            1.52136617990022       -1.37013598331189        1.09042750658913
C           -0.23172397236339       -0.35558103003671       -0.25393096777066
C           -1.00556532588555       -1.64337575718567       -0.23274793962248
C           -0.75105746639012       -2.56233199350401       -1.38099664230393
C           -1.85136304188135       -1.94351723107121        0.75631453851936
C           -2.10290435929876       -1.06962978837292        1.90442616805987
O           -2.96448141013772       -1.30066017203260        2.72425680897326
C           -1.17887646980204        0.12442167129586        2.00810849701915
C           -0.87529739292513        0.72654232311760        0.63672873130409
C           -2.15017646748981        1.29563838581675        0.00124617590184
C           -1.88281785519512        2.16291798257097       -1.22338917940349
H            5.18756086639318        1.31474558981294       -0.31703455051375
H            4.07851040923850        1.28710152311417       -1.69618393429924
H            3.70415271332399        2.27894834253619       -0.28464763599850
H            3.83436935991281       -0.78580128286113       -0.30998366368870
H            3.45109859523026        0.20798093970219        1.10769981489212
H           -0.14968438359960        0.01900992637143       -1.27777218884495
H           -1.01758106800951       -2.07982296445232       -2.32156067580738
H            0.30968075417983       -2.80899621950879       -1.42496673694179
H           -1.32093772581901       -3.48173610726048       -1.28242241254086
H           -2.41282611655248       -2.86726925547744        0.74148222706454
H           -1.61912363787469        0.86533358668194        2.67736014784645
H           -0.25494307087770       -0.24051613951321        2.46596414920678
H           -0.15919606355310        1.54839658109175        0.75638562144306
H           -2.82099354602328        0.47674858254609       -0.26474117520866
H           -2.65765843760203        1.90308555498240        0.75350440874153
H           -1.18696750735067        2.96310636322728       -0.98028438215542
H           -2.81025657675695        2.61068875798374       -1.57185054781467
H           -1.46487861829696        1.58241481965691       -2.04210242993071
33
 energy: -47.087676234090 gnorm: 0.000380937777 xtb: 6.7.1 (edcfbbe)
C            4.14257956775072        1.33816499590040       -0.61920056821230
C            3.41135765122789        0.16710696715841        0.00874813984592
O            2.04013266111400        0.21739954717397       -0.39842765315649
C            1.19222702008871       -0.58734670344637        0.24297486421709
O            1.51972406619424       -1.35630692634159        1.10716002640303
C           -0.23101642126953       -0.35381481375606       -0.24958104002530
C           -1.00329465389240       -1.64269122506442       -0.23123499293640
C           -0.74539787869902       -2.56008716004111       -1.38009326275045
C           -1.85172733531170       -1.94442640119041        0.75502019671925
C           -2.10844141503872       -1.07103284307821        1.90260168448915
O           -2.97375739149280       -1.30279517497240        2.71828317375383
C           -1.18519386177501        0.12300693365254        2.01010422278343
C           -0.87822371684111        0.72682780199437        0.64015598876444
C           -2.15172259042530        1.29499369735952        0.00105590739520
C           -1.88029395568100        2.16377050969792       -1.22172678591995
H            5.18764526478853        1.31406869760185       -0.32491756362012
H            4.07657062786929        1.28430727373056       -1.70238537145764
H            3.70277187380593        2.27592694947855       -0.29053790328299
H            3.83732719481747       -0.78870994984588       -0.31603853932550
H            3.45545268910164        0.20445404202088        1.10265499795181
H           -0.14708299165270        0.02129602089497       -1.27306138589650
H           -1.01261679049972       -2.07710703648661       -2.32025049040387
H            0.31592337170591       -2.80425179411164       -1.42393101942690
H           -1.31335186872481       -3.48086460094036       -1.28293703034803
H           -2.41237860559896       -2.86864004146440        0.73827982974271
H           -1.62667112665417        0.86310760732642        2.67935113701961
H           -0.26207222796710       -0.24259760672253        2.46900934458730
H           -0.16339975763369        1.54941039979455        0.76297523405892
H           -2.82088314933249        0.47568751384891       -0.26825356685489
H           -2.66253642451934        1.90114583367509        0.75217949935354
H           -1.18109623169704        2.96058349516869       -0.97696739731194
H           -2.80574756586759        2.61618560788258       -1.56933077815701
H           -1.46480602789120        1.58322838310399       -2.04167889800133
33
 energy: -47.087678734896 gnorm: 0.000370691231 xtb: 6.7.1 (edcfbbe)
C            4.14177373756494        1.33568332867530       -0.62389062302245
C            3.41288199638611        0.16375233281580        0.00522879055882
O            2.04130498033971        0.21240406165759       -0.40084644063948
C            1.19195812706419       -0.58455183487740        0.24817017510689
O            1.51753794666990       -1.34553130704716        1.12008732778441
C           -0.23074021736316       -0.35226023387105       -0.24660127739176
C           -1.00149559537116       -1.64208374559114       -0.23026837067582
C           -0.74045752907986       -2.55822907151624       -1.37949895951776
C           -1.85132112775575       -1.94539061759176        0.75423498683754
C           -2.11166914120161       -1.07250170987750        1.90161783283619
O           -2.97872662699335       -1.30578489748408        2.71500724834641
C           -1.19001254116930        0.12228764327196        2.01158366037001
C           -0.88089042289314        0.72706541336967        0.64250269756040
C           -2.15302854069785        1.29496546574507        0.00050034507325
C           -1.87875797585633        2.16539044933081       -1.22052326900985
H            5.18736558005071        1.31304510893118       -0.33147091090092
H            4.07390201727496        1.28164810612755       -1.70694864237042
H            3.70125735331743        2.27288126715162       -0.29458192134044
H            3.83958730505476       -0.79151993074287       -0.32022847700087
H            3.45814695490923        0.20112547490532        1.09907441200290
H           -0.14522829892306        0.02320333477672       -1.26980703568908
H           -1.00749603980158       -2.07503229457208       -2.31959622547688
H            0.32134153173931       -2.80049393050845       -1.42242023857992
H           -1.30691265830770       -3.48007619519607       -1.28370943132239
H           -2.41102410653854       -2.87014366170501        0.73636788241452
H           -1.63317383740522        0.86164003397128        2.68049712148149
H           -0.26733023498458       -0.24289212397454        2.47173995443790
H           -0.16706544518152        1.55019554242411        0.76744544609033
H           -2.82066734752466        0.47536519363966       -0.27174027041485
H           -2.66653991067700        1.89977960643567        0.75089046164384
H           -1.17806215975079        2.96020006068952       -0.97351461548939
H           -2.80284134242024        2.62048566702971       -1.56825895917581
H           -1.46361643047586        1.58537346360890       -2.04104267452928
33
 energy: -47.087682915980 gnorm: 0.000489549471 xtb: 6.7.1 (edcfbbe)
C            4.14037346029574        1.33130457534093       -0.63049246685654
C            3.41474977581077        0.15810023027133        0.00007862285998
O            2.04291509412559        0.20411097721824       -0.40524456009960
C            1.19107073122438       -0.58035775589083        0.25539812004274
O            1.51348983334041       -1.32953712349993        1.13864197966045
C           -0.23078983854702       -0.34970988637201       -0.24273425838587
C           -0.99893451567185       -1.64112431648648       -0.22927881134516
C           -0.73266863585446       -2.55569469689171       -1.37864894480300
C           -1.85019910674132       -1.94704798553132        0.75304961101930
C           -2.11533046494145       -1.07516933211280        1.90036321802816
O           -2.98355232834342       -1.31163429071451        2.71157932063360
C           -1.19721438452660        0.12182483571169        2.01316566016576
C           -0.88475552188276        0.72797222100333        0.64546111878627
C           -2.15527357789572        1.29525316589827       -0.00028909001292
C           -1.87677683785415        2.16856537220358       -1.21838699567016
H            5.18680629504734        1.31054677766951       -0.34108578565603
H            4.06937879007880        1.27728709020450       -1.71337207781722
H            3.69900327307634        2.26762849058296       -0.29980927585879
H            3.84298374943126       -0.79634665615897       -0.32580107974011
H            3.46086449913698        0.19578544275344        1.09385214438759
H           -0.14311587980233        0.02630576977173       -1.26551898426454
H           -0.99848259658040       -2.07235586839177       -2.31899724802071
H            0.32988631869363       -2.79515587559563       -1.41912890486788
H           -1.29697693769374       -3.47910500496712       -1.28515112475561
H           -2.40776634571648       -2.87304811760596        0.73386392057607
H           -1.64391175960052        0.85996372731812        2.68106486662160
H           -0.27498200476589       -0.24134307242099        2.47584912930190
H           -0.17224807196706        1.55184400125185        0.77352886669402
H           -2.82068323056157        0.47534732214751       -0.27706300137887
H           -2.67263970712863        1.89786728817280        0.74923008982607
H           -1.17585538398598        2.96190280631481       -0.96737311965909
H           -2.79931231048981        2.62571124585458       -1.56739972955759
H           -1.46005237971095        1.59030864295284       -2.03935120985638
33
 energy: -47.087688545792 gnorm: 0.000626842332 xtb: 6.7.1 (edcfbbe)
C            4.13899121384346        1.32508795401421       -0.63859586545694
C            3.41702581479773        0.15021580501760       -0.00683364269892
O            2.04512727820387        0.19275917478199       -0.41210787453393
C            1.18986491029120       -0.57479789048486        0.26370211790911
O            1.50825495596729       -1.30860310671892        1.16129784528252
C           -0.23103820211766       -0.34619073975554       -0.23824716237925
C           -0.99554891950442       -1.63976049488164       -0.22810552290822
C           -0.72226398105169       -2.55250110849829       -1.37736966893648
C           -1.84838069529119       -1.94925456851505        0.75171337198831
C           -2.11929023047506       -1.07912543745951        1.89913890011530
O           -2.98784716519960       -1.32036307036824        2.70867703893878
C           -1.20668522573532        0.12163052516046        2.01503020522519
C           -0.89002378850838        0.72916481991045        0.64896793662866
C           -2.15838932697993        1.29588766843048       -0.00151564753967
C           -1.87496204197888        2.17358092636708       -1.21538038492678
H            5.18643721156379        1.30585225992510       -0.35293191280807
H            4.06416409809155        1.27162883709957       -1.72127422429994
H            3.69721287358419        2.26051872266889       -0.30582034598786
H            3.84753744999832       -0.80318239797668       -0.33278924552887
H            3.46313229436612        0.18838904060744        1.08688048067710
H           -0.14107791395132        0.03060668350497       -1.26051031767376
H           -0.98556402328166       -2.06912851357754       -2.31839521983392
H            0.34114806162364       -2.78895094151577       -1.41386929451004
H           -1.28427612286564       -3.47760609253935       -1.28698742401397
H           -2.40266951805066       -2.87718486482759        0.73066724851509
H           -1.65931619519492        0.85811454222576        2.68083868564550
H           -0.28507469379527       -0.23768548112675        2.48209697799810
H           -0.17911155900223        1.55386210577922        0.78085278214674
H           -2.82060578438300        0.47548876408268       -0.28422639947892
H           -2.68084111332769        1.89528877008548        0.74700037381211
H           -1.17627614212302        2.96695461057578       -0.95826896615079
H           -2.79626223877249        2.63076831985724       -1.56750122603983
H           -1.45339128074192        1.59853517815318       -2.03613361917903
33
 energy: -47.087694869842 gnorm: 0.000547544608 xtb: 6.7.1 (edcfbbe)
C            4.13844726888711        1.31700515431779       -0.64773632326372
C            3.41963736548283        0.14047555074673       -0.01539750278744
O            2.04768239983337        0.17922844470802       -0.42081703435261
C            1.18837274472078       -0.56753966811330        0.27281623376839
O            1.50247014704742       -1.28312304951125        1.18642291318989
C           -0.23154512984294       -0.34166117742107       -0.23313492947235
C           -0.99136277373857       -1.63801110381511       -0.22672745586290
C           -0.70997220047054       -2.54887538667005       -1.37557435245877
C           -1.84583630995868       -1.95182751904221        0.75023768367751
C           -2.12328173564054       -1.08417587282866        1.89789595631547
O           -2.99089296361208       -1.33188924457739        2.70656194922454
C           -1.21824029037232        0.12195462374187        2.01693826408500
C           -0.89636854805023        0.73103056114404        0.65292530875910
C           -2.16248624694106        1.29636742355383       -0.00321558434587
C           -1.87379287512711        2.18008833079580       -1.21149590402028
H            5.18703008033784        1.29828494079874       -0.36630100998698
H            4.05927473336866        1.26508309244690       -1.73021527108656
H            3.69714662717221        2.25155975722011       -0.31182178418719
H            3.85276687701554       -0.81162309354122       -0.34163477583694
H            3.46536535505270        0.17882492666794        1.07828457231612
H           -0.13938754311466        0.03600315173822       -1.25485567320529
H           -0.96917674875751       -2.06519306768013       -2.31755375375531
H            0.35423367858626       -2.78271160126079       -1.40664938105914
H           -1.27014632091878       -3.47548556278914       -1.28922015277931
H           -2.39586165819816       -2.88225352146149        0.72672136298989
H           -1.67895356201554        0.85639787710914        2.67957820002409
H           -0.29738829783052       -0.23159273851252        2.48996402608926
H           -0.18752871143879        1.55686919084475        0.78935009715780
H           -2.82021878297298        0.47509106175062       -0.29368363732693
H           -2.69162248308421        1.89110453527449        0.74430575833684
H           -1.18110499142872        2.97588888394745       -0.94565863100303
H           -2.79450396456423        2.63422168619869       -1.56909629932645
H           -1.44275513942715        1.61048341422080       -2.03121286981970
33
 energy: -47.087699717804 gnorm: 0.000406482291 xtb: 6.7.1 (edcfbbe)
C            4.13934595628324        1.31098297187659       -0.65383744188047
C            3.42172135071279        0.13332430524686       -0.02214546311020
O            2.04964303577368        0.17017264644325       -0.42740987999663
C            1.18769810403573       -0.56161067717405        0.27862464832877
O            1.49943206913578       -1.26402951457310        1.20320377842078
C           -0.23174552609166       -0.33823525530245       -0.22969791592874
C           -0.98813380753526       -1.63659654849189       -0.22555009021246
C           -0.70123995576817       -2.54634484442703       -1.37391155490419
C           -1.84419638898436       -1.95327365698675        0.74915927699332
C           -2.12628815550831       -1.08766376588565        1.89700912014561
O           -2.99320261947209       -1.33978923729264        2.70516002445017
C           -1.22652998611571        0.12220976772291        2.01827931836321
C           -0.90111404373985        0.73224441923988        0.65563221965841
C           -2.16574108680236        1.29639320751643       -0.00445445168003
C           -1.87403642108147        2.18494725681613       -1.20840563432440
H            5.18848264802022        1.29128299113468       -0.37454059155496
H            4.05802938621169        1.26084837116352       -1.73623637204928
H            3.69925263983744        2.24525527346810       -0.31548717450720
H            3.85607406622026       -0.81798192883760       -0.34904697292229
H            3.46710918783978        0.17121857576211        1.07153921747466
H           -0.13875577568584        0.03993126671740       -1.25116402353130
H           -0.95728678999034       -2.06242676409828       -2.31662764195830
H            0.36335209770200       -2.77898530515756       -1.40107895327940
H           -1.26064091062116       -3.47367186097936       -1.29026094844719
H           -2.39113213854960       -2.88548443743052        0.72349817767636
H           -1.69310534736776        0.85515930386405        2.67847970381720
H           -0.30641180911589       -0.22726177771550        2.49570892325135
H           -0.19395672907756        1.55899873313006        0.79525498784656
H           -2.81978599515371        0.47418763494797       -0.30037116020240
H           -2.69998218561037        1.88739810018948        0.74232847413415
H           -1.18841909599815        2.98459870332038       -0.93571695502726
H           -2.79509489631998        2.63401615416206       -1.57157685993344
H           -1.43334087718351        1.62018589163196       -2.02635778511342
33
 energy: -47.087704878718 gnorm: 0.000329975214 xtb: 6.7.1 (edcfbbe)
C            4.14172031660444        1.30508338758599       -0.65935340949045
C            3.42402259950988        0.12655148337090       -0.02926690489397
O            2.05158725082012        0.16253476491194       -0.43374575608153
C            1.18737378091710       -0.55502537436754        0.28392653144963
O            1.49745292737618       -1.24501316906384        1.21832618856530
C           -0.23181448433160       -0.33465945108931       -0.22617457909730
C           -0.98484111235758       -1.63507410687436       -0.22410546643768
C           -0.69307672623566       -2.54400628835798       -1.37190468148861
C           -1.84306022588769       -1.95413323646720        0.74796443733572
C           -2.12990964497065       -1.09035173136874        1.89576615403521
O           -2.99709113213529       -1.34583097735371        2.70261526040174
C           -1.23422569159477        0.12228915351040        2.01965334085986
C           -0.90553675118735        0.73370208424057        0.65845881609559
C           -2.16913141340026        1.29586398641237       -0.00539029310717
C           -1.87535661015192        2.18904814772378       -1.20530636576711
H            5.19111662431996        1.28370625976644       -0.38095046509353
H            4.05953050913036        1.25741682794488       -1.74178109265716
H            3.70301325662249        2.23909987859257       -0.31853149940026
H            3.85874680910158       -0.82398538054312       -0.35783947100788
H            3.46961963503838        0.16299065280438        1.06445219503700
H           -0.13837963068907        0.04381271290376       -1.24750488688727
H           -0.94653207095005       -2.05992249689491       -2.31521979346006
H            0.37181222828488       -2.77563289509210       -1.39588458873280
H           -1.25184271314197       -3.47194920455259       -1.29052998491041
H           -2.38747618676715       -2.88776351259566        0.71975126077996
H           -1.70547573544396        0.85387847040338        2.67796227114919
H           -0.31490882851161       -0.22428264304292        2.50055571770996
H           -0.20029121115621        1.56158858724688        0.80117040097277
H           -2.81916644381707        0.47240851260969       -0.30663580271550
H           -2.70857261080028        1.88285674274160        0.74080499023461
H           -1.19882359307528        2.99401463977983       -0.92549626791887
H           -2.79734155787335        2.63102552506015       -1.57500698603240
H           -1.42314156324694        1.62975865005572       -2.02077926944969
33
 energy: -47.087709876162 gnorm: 0.000570020238 xtb: 6.7.1 (edcfbbe)
C            4.14478156415046        1.29949994231188       -0.66426179522647
C            3.42672957831277        0.11983862636180       -0.03652745188407
O            2.05372471248751        0.15603533801903       -0.43941768750912
C            1.18756516276650       -0.54841551358107        0.28898398367339
O            1.49625431430711       -1.22662101767196        1.23264401978383
C           -0.23144312527446       -0.33113220739941       -0.22277283871403
C           -0.98152755003080       -1.63336180592606       -0.22252763928896
C           -0.68520908391307       -2.54159471788099       -1.36975636413129
C           -1.84238240613958       -1.95429143909023        0.74662347008482
C           -2.13424970095830       -1.09180546538532        1.89402958688837
O           -3.00321152263618       -1.34927908727442        2.69831949316671
C           -1.24104438972677        0.12226116021801        2.02112243723244
C           -0.90978974618601        0.73495093270461        0.66113608038445
C           -2.17274934354341        1.29476743735579       -0.00597746297429
C           -1.87761683120516        2.19255302924336       -1.20207949256018
H            5.19417153361567        1.27639891941627       -0.38577585682826
H            4.06280309453914        1.25439392687954       -1.74679764228571
H            3.70715952979006        2.23324478722812       -0.32128140935601
H            3.86098089459112       -0.82999469903468       -0.36779606965684
H            3.47318447445533        0.15397649102137        1.05721717042784
H           -0.13775937568770        0.04745579654303       -1.24407677562985
H           -0.93710136437806       -2.05764065181753       -2.31355814644044
H            0.38005083357704       -2.77177272278665       -1.39133219238413
H           -1.24294271081859       -3.47032643103720       -1.28996486602769
H           -2.38477097956408       -2.88904815161865        0.71596333137240
H           -1.71529559624101        0.85265955390655        2.67854072547886
H           -0.32242529679556       -0.22308769032446        2.50408270280238
H           -0.20676288108282        1.56422043250369        0.80660799198685
H           -2.81859695782820        0.46974210400592       -0.31197583821561
H           -2.71735595804708        1.87773586305731        0.73962558591811
H           -1.21099723868689        3.00350449568734       -0.91571406632467
H           -2.80074011103337        2.62633814312286       -1.57871362459748
H           -1.41343352281585        1.63879462124321       -2.01458935916857
33
 energy: -47.087713889936 gnorm: 0.001538292599 xtb: 6.7.1 (edcfbbe)
C            4.14910456046360        1.29273775376300       -0.66846248756171
C            3.42993520539091        0.11192676255466       -0.04401745244328
O            2.05592695955640        0.15039712603368       -0.44367156542860
C            1.18796984413359       -0.54111457651597        0.29394746832182
O            1.49547421335340       -1.20867210715509        1.24454375809123
C           -0.23088881238937       -0.32669777029085       -0.21910588703620
C           -0.97766546856258       -1.63103511689154       -0.22068493468485
C           -0.67660933694778       -2.53868797381714       -1.36718584771103
C           -1.84120615971066       -1.95376097519751        0.74542776792174
C           -2.13855622106375       -1.09218566975967        1.89211605584906
O           -3.01008454368097       -1.35120260332530        2.69308857933530
C           -1.24725994381896        0.12277196100277        2.02239492874390
C           -0.91436922561803        0.73710513199152        0.66354701616498
C           -2.17749000058672        1.29271987590054       -0.00690397183872
C           -1.88223701925517        2.19638304142963       -1.19845682045274
H            5.19843083918714        1.26729560276083       -0.38969254485948
H            4.06757373293207        1.25116254164410       -1.75117858660074
H            3.71282125150114        2.22603794533221       -0.32263231802119
H            3.86224568942399       -0.83707469690222       -0.38020610367621
H            3.47865512649867        0.14182422012905        1.04975041142323
H           -0.13682583094447        0.05186264314400       -1.24041759144186
H           -0.92692523237242       -2.05507263636597       -2.31158209925081
H            0.38901934772501       -2.76725723034911       -1.38623409802240
H           -1.23313937700109       -3.46827886101961       -1.28888228846541
H           -2.38183602190501       -2.88943950776318        0.71250146848098
H           -1.72353745365236        0.85200956166499        2.67951125829657
H           -0.32897818846783       -0.22190811883752        2.50637294244807
H           -0.21435888783230        1.56848734577977        0.81119702606879
H           -2.81752689843802        0.46525334575615       -0.31870340988710
H           -2.72869855144927        1.87000846429363        0.73832170862339
H           -1.22991487561094        3.01610713962866       -0.90374850008376
H           -2.80741601345208        2.61794592555988       -1.58411979898801
H           -1.40163270740624        1.65035145582246       -2.00683408331831
33
 energy: -47.087716850020 gnorm: 0.002242947836 xtb: 6.7.1 (edcfbbe)
C            4.15369832599707        1.28318482442416       -0.67696630095589
C            3.43504636043938        0.09972711645684       -0.05668250001174
O            2.05983825190892        0.13874539202279       -0.45283252006783
C            1.18836180992585       -0.53034358961356        0.30367791524737
O            1.49260751313563       -1.17734856554062        1.27140099730639
C           -0.22999473628680       -0.32028854262695       -0.21264235082978
C           -0.97168831595377       -1.62787888064740       -0.21770773250065
C           -0.66221341731068       -2.53409629091600       -1.36336307242979
C           -1.84022834413705       -1.95349369015437        0.74296641580003
C           -2.14777489755839       -1.09265003686649        1.88789547560014
O           -3.02631046750667       -1.35239602812804        2.68110212520732
C           -1.25764778011229        0.12216040635889        2.02510418368311
C           -0.92094314557165        0.73992141947872        0.66856880952066
C           -2.18354131129056        1.29040004470611       -0.00738954003081
C           -1.88688906460327        2.20136966653870       -1.19300469130065
H            5.20288511586433        1.25723944358952       -0.39745700973215
H            4.07312384093651        1.24567476703076       -1.75989303802479
H            3.71686455234316        2.21500041471500       -0.32789103443796
H            3.86646316150421       -0.84754608905108       -0.39898416223242
H            3.48650967920212        0.12445254058981        1.03709164656495
H           -0.13465257112017        0.05841156035694       -1.23382821632235
H           -0.91258620831441       -2.05158159412075       -2.30830718911638
H            0.40465338456105       -2.75720407567431       -1.37992767972364
H           -1.21437761359680       -3.46654426268674       -1.28685910605835
H           -2.37822518047142       -2.89059270815318        0.70621907085037
H           -1.73605809518939        0.84959620258230        2.68256264219003
H           -0.34040635696376       -0.22341205440951        2.51033440774410
H           -0.22506289231591        1.57407519466299        0.82065420083341
H           -2.81621897535017        0.46010234351448       -0.32723507030149
H           -2.74354359999439        1.86048547804741        0.73701632457825
H           -1.24998540592307        3.02964049729887       -0.88791991647714
H           -2.81342191432833        2.61069802490865       -1.58882180943695
H           -1.38828170191917        1.66449107130659       -1.99688127513890
33
 energy: -47.087720038518 gnorm: 0.001021399459 xtb: 6.7.1 (edcfbbe)
C            4.15285029327025        1.28398833646577       -0.67571936420125
C            3.43455930246718        0.10062132800253       -0.05490531246488
O            2.05939794642223        0.14015604162457       -0.45088904119394
C            1.18842600360535       -0.53199150717051        0.30254290692619
O            1.49297627547639       -1.18216536316948        1.26741297743395
C           -0.22991957580316       -0.32086889132655       -0.21350450360380
C           -0.97231018550413       -1.62797958179613       -0.21813622538799
C           -0.66344387553624       -2.53429940645889       -1.36379063241023
C           -1.83999113106677       -1.95331190812407        0.74334821252748
C           -2.14656167339144       -1.09202489037373        1.88821394960360
O           -3.02474894620523       -1.35129609474664        2.68180912718220
C           -1.25620406422046        0.12265856155019        2.02476064316571
C           -0.92028394811116        0.73963239134447        0.66773019585168
C           -2.18315712015922        1.29035973953753       -0.00741646979972
C           -1.88685757743987        2.20094277146100       -1.19343764014891
H            5.20213737509481        1.25841975386114       -0.39671935181748
H            4.07175605989534        1.24591079720035       -1.75857791163967
H            3.71588043240814        2.21585189001577       -0.32693293812588
H            3.86572265997982       -0.84679920364522       -0.39706631300240
H            3.48620242924414        0.12555585974268        1.03882439406705
H           -0.13450356840647        0.05783524203893       -1.23467905250805
H           -0.91423211335719       -2.05188027318522       -2.30867419995483
H            0.40341892636107       -2.75735604375635       -1.38073690261795
H           -1.21552377089765       -3.46671940538882       -1.28686765924023
H           -2.37805345073127       -2.89039987711331        0.70751345282961
H           -1.73403295214862        0.85032578933190        2.68247509830463
H           -0.33866714667743       -0.22299303529369        2.50940199737706
H           -0.22415889222438        1.57366193948811        0.81903163816799
H           -2.81620149890981        0.46017196789128       -0.32651086229272
H           -2.74246217906900        1.86084811382367        0.73708385718516
H           -1.24807331640275        3.02782399302446       -0.88987259374674
H           -2.81297339639263        2.61197412394122       -1.58772743019437
H           -1.39096732156976        1.66334684120358       -1.99798404627479
33
 energy: -47.087723100348 gnorm: 0.000633068416 xtb: 6.7.1 (edcfbbe)
C            4.15261717053193        1.28034102696783       -0.67712876938232
C            3.43582597492830        0.09577455465081       -0.05688218186104
O            2.06025012824208        0.13667923137417       -0.45084176070854
C            1.18842547340889       -0.53049841343766        0.30488177883149
O            1.49171457368088       -1.17775906125382        1.27128966020310
C           -0.22955308768200       -0.31866455904497       -0.21223725398089
C           -0.97048495354018       -1.62659475291003       -0.21766639567945
C           -0.65849289759937       -2.53224356394782       -1.36292716669624
C           -1.83804002674240       -1.95314702428216        0.74338630574250
C           -2.14740877991349       -1.09128526321477        1.88726737154351
O           -3.02747409531374       -1.35059133234894        2.67853767587019
C           -1.25818579659081        0.12393113010299        2.02505263831483
C           -0.92238726038692        0.74083722818462        0.66802820533396
C           -2.18563008259841        1.28923055115277       -0.00831577714072
C           -1.88927096974939        2.20338291124270       -1.19165796307752
H            5.20233511299968        1.25539131657329       -0.39991620263458
H            4.06969344112179        1.24320005365264       -1.75990997043730
H            3.71526257344703        2.21148099393100       -0.32676260777353
H            3.86612140715117       -0.85106144826539       -0.40167354129250
H            3.48914048675401        0.11871033402989        1.03674717018110
H           -0.13301789290242        0.06015117711956       -1.23325433289725
H           -0.90975108889801       -2.05059199193583       -2.30809963296152
H            0.40898934645871       -2.75237803668044       -1.37892842495661
H           -1.20808935904178       -3.46609270648994       -1.28629388904388
H           -2.37461327425155       -2.89108645722327        0.70795885352627
H           -1.73675983748384        0.85114157535104        2.68288447287535
H           -0.34032702624823       -0.22107275703625        2.50969703009847
H           -0.22787065856389        1.57607623766261        0.81953963281025
H           -2.81512382129944        0.45770678168678       -0.33058215379518
H           -2.74851916493297        1.85626829695802        0.73600053636576
H           -1.25446347779714        3.03181728927976       -0.88479660224386
H           -2.81557635523862        2.61176114800770       -1.58772411212792
H           -1.38933578194968        1.66918553014355       -1.99567259300951
33
 energy: -47.087725440076 gnorm: 0.000374707826 xtb: 6.7.1 (edcfbbe)
C            4.15343259904666        1.27494010097802       -0.68080608883954
C            3.43795246281709        0.08887295444970       -0.06184628448568
O            2.06180871518425        0.13041180087709       -0.45370609301801
C            1.18830409346380       -0.52637431187008        0.30933822264737
O            1.48973909374356       -1.16545482297105        1.28190942119862
C           -0.22928538763214       -0.31522991218989       -0.20937450269421
C           -0.96738979945040       -1.62488482034610       -0.21641431746773
C           -0.65067211293418       -2.52956755697015       -1.36119840884844
C           -1.83608904587867       -1.95335145346791        0.74291978149922
C           -2.15057089930259       -1.09136703277381        1.88556828682775
O           -3.03384760371015       -1.35111017946585        2.67315579774396
C           -1.26283231250814        0.12450993558432        2.02599293956357
C           -0.92570930075227        0.74266521804211        0.66981946316860
C           -2.18886454766071        1.28804644695933       -0.00926457086304
C           -1.89193281776043        2.20678021649626       -1.18892225661884
H            5.20352949763343        1.25035545699787       -0.40507635121434
H            4.06900161890943        1.23971710153915       -1.76355633841671
H            3.71576973317549        2.20508198160528       -0.32815865537532
H            3.86777363559014       -0.85701298488387       -0.40983110348249
H            3.49299370776498        0.10924810217215        1.03173771060937
H           -0.13158217611921        0.06376163535776       -1.23020936402872
H           -0.90255259139563       -2.04886829917863       -2.30669112773406
H            0.41765637835391       -2.74569717341461       -1.37599232961635
H           -1.19691155985626       -3.46545112331841       -1.28527716177354
H           -2.37066841977376       -2.89238841685477        0.70659746500182
H           -1.74312504763364        0.85081344205815        2.68355246842035
H           -0.34518360572213       -0.21974792786515        2.51157156031970
H           -0.23334113173418        1.57943231622756        0.82284447506296
H           -2.81386443411500        0.45498356515276       -0.33632926801295
H           -2.75676526783161        1.85060126278925        0.73465125999093
H           -1.26325113075252        3.03797870189386       -0.87673768884820
H           -2.81861077169664        2.61099491023749       -1.58851025825174
H           -1.38491157146222        1.67731086615244       -1.99175668246796
33
 energy: -47.087727370101 gnorm: 0.000879550934 xtb: 6.7.1 (edcfbbe)
C            4.15470052696815        1.26649295524088       -0.68674247661876
C            3.44100021264368        0.07819771004566       -0.06987983110957
O            2.06403845132056        0.12037073699788       -0.45882115462923
C            1.18798341816555       -0.51948880986871        0.31616548959200
O            1.48675007004698       -1.14511289554225        1.29883877626958
C           -0.22906176858059       -0.30997324068632       -0.20505450988211
C           -0.96247643136174       -1.62243905928648       -0.21442110165382
C           -0.63820674318677       -2.52570848399568       -1.35828192546381
C           -1.83295677780655       -1.95404167662278        0.74219384648919
C           -2.15558190568570       -1.09205103416535        1.88282950654547
O           -3.04332044111304       -1.35289738933586        2.66503579811453
C           -1.27078504301170        0.12533146273656        2.02738182273883
C           -0.93116064110665        0.74526569412671        0.67259065794473
C           -2.19383641818960        1.28661986943731       -0.01076860129431
C           -1.89553363218289        2.21243184312405       -1.18454243918995
H            5.20544321510954        1.24182729931268       -0.41356818892975
H            4.06765905384383        1.23454284232784       -1.76940563966073
H            3.71718600099182        2.19522569002471       -0.33019548715051
H            3.87023815044884       -0.86629788394593       -0.42234348578794
H            3.49838410465297        0.09492490061014        1.02363813653783
H           -0.12986129986786        0.06925161002752       -1.22566472421769
H           -0.89158919321133       -2.04683249617831       -2.30430472857175
H            0.43150215545567       -2.73507792557323       -1.37147008422980
H           -1.17872025559220       -3.46498519618872       -1.28305326541075
H           -2.36390935474110       -2.89508521568951        0.70443808519759
H           -1.75441674659867        0.85012200563003        2.68410848676819
H           -0.35360950285664       -0.21726815827369        2.51493022549201
H           -0.24194775648412        1.58417261225840        0.82838670962624
H           -2.81214520785066        0.45149892613754       -0.34533563993060
H           -2.76927148819991        1.84232918297949        0.73251912412130
H           -1.27541217451480        3.04719366212694       -0.86421529500578
H           -2.82254794391509        2.61134233832571       -1.58899599216855
H           -1.37853463358956        1.69011812388278       -1.98599209453586
33
 energy: -47.087728379084 gnorm: 0.000377708194 xtb: 6.7.1 (edcfbbe)
C            4.15488416500048        1.26637821586940       -0.68674318903955
C            3.44075547475847        0.07819121582091       -0.07012570498159
O            2.06384374262320        0.12015478637238       -0.45929715396060
C            1.18795305850147       -0.51864978663475        0.31595974399127
O            1.48712531548489       -1.14346510276780        1.29843443589992
C           -0.22918368024143       -0.31003841902145       -0.20515346084593
C           -0.96227158848696       -1.62266044648494       -0.21426885558975
C           -0.63804213863085       -2.52602046110833       -1.35800494033187
C           -1.83285627401623       -1.95429645409417        0.74221554940207
C           -2.15567643073204       -1.09245082798703        1.88271172695637
O           -3.04314053760259       -1.35353056095172        2.66511239945906
C           -1.27116030933645        0.12514139742268        2.02728569916765
C           -0.93129976513892        0.74508886481159        0.67258549442050
C           -2.19372004050832        1.28686827717545       -0.01081214483048
C           -1.89544830241362        2.21275198386311       -1.18441027755063
H            5.20562615448282        1.24101168441679       -0.41356607814578
H            4.06786046264999        1.23483495137046       -1.76939264070295
H            3.71799702126803        2.19527601044403       -0.32988157108254
H            3.87002317177226       -0.86639690626835       -0.42224818997632
H            3.49780498644152        0.09520783869752        1.02339527795666
H           -0.13038506473678        0.06903343510609       -1.22587460609547
H           -0.89202578150613       -2.04752641323767       -2.30405705451599
H            0.43168323975846       -2.73492873610149       -1.37161318938646
H           -1.17813070678556       -3.46544284841524       -1.28229952431369
H           -2.36362722054412       -2.89540682805869        0.70425259840317
H           -1.75520352153823        0.84987934185239        2.68370875930089
H           -0.35411899355026       -0.21719811052525        2.51519807212524
H           -0.24197703570463        1.58381346817474        0.82858602773593
H           -2.81224697264089        0.45202052217474       -0.34533199559303
H           -2.76892544285590        1.84264976874818        0.73245288124684
H           -1.27470016866533        3.04691937620120       -0.86426425664954
H           -2.82224179555554        2.61243485669357       -1.58850267589946
H           -1.37917502155039        1.69035590644168       -1.98605115657772
33
 energy: -47.087728826378 gnorm: 0.000275099184 xtb: 6.7.1 (edcfbbe)
C            4.15504537450581        1.26631069007601       -0.68681306596336
C            3.44055716409831        0.07825589274347       -0.07037638960012
O            2.06371979728683        0.11983208361127       -0.45996951076253
C            1.18789138953991       -0.51842886555900        0.31561889244264
O            1.48717777117493       -1.14212742219168        1.29883973400651
C           -0.22936501469047       -0.31003278312155       -0.20531196187507
C           -0.96217020556527       -1.62280347284128       -0.21425511652737
C           -0.63775051787954       -2.52636288905228       -1.35778084521850
C           -1.83283899878593       -1.95453664918704        0.74214555902178
C           -2.15571914720612       -1.09290342307675        1.88267147079108
O           -3.04292131915849       -1.35425146074376        2.66530545162902
C           -1.27161914194213        0.12504616829676        2.02711662753614
C           -0.93148843292115        0.74505768623188        0.67250772350979
C           -2.19381690247278        1.28721783236657       -0.01075019913397
C           -1.89516418590072        2.21306367071840       -1.18427512233985
H            5.20581178044800        1.24023994176123       -0.41373748893538
H            4.06791353659320        1.23516318035541       -1.76945630950560
H            3.71874811535025        2.19532460077857       -0.32955690148409
H            3.86999662762464       -0.86634624970815       -0.42221514913244
H            3.49720474134328        0.09541573991575        1.02316391058601
H           -0.13094965043477        0.06889351220427       -1.22613745414404
H           -0.89250788887805       -2.04838060488431       -2.30388644000263
H            0.43209425933704       -2.73457607100699       -1.37184464369878
H           -1.17721571336037       -3.46609113827519       -1.28149344692645
H           -2.36331776650228       -2.89580170848255        0.70406942176460
H           -1.75609553892126        0.84971886143534        2.68329247401335
H           -0.35463626104605       -0.21693473222270        2.51537887724011
H           -0.24202967350080        1.58362115455237        0.82877232666176
H           -2.81258631097876        0.45257270115038       -0.34530995378326
H           -2.76879346549739        1.84311903402244        0.73260021973928
H           -1.27360175252054        3.04664739173128       -0.86419718470520
H           -2.82182958300354        2.61363319511402       -1.58779617477909
H           -1.37974308613535        1.69044413328781       -1.98631933042813
