35
 energy: -53.219395824557 gnorm: 0.100918714450 xtb: 6.7.1 (edcfbbe)
C            5.19280153177800        1.15424862747900        0.84537252041900
C            3.97484825503500        1.40897875899500       -0.02096209938400
O            2.88831449847400        0.63524732368100        0.49743661210300
C            1.73173938137500        0.77296024724400       -0.19438762732300
O            1.55582810351100        1.46182576983700       -1.18702628055500
C            0.67230125728500       -0.04069038464400        0.42858667150000
C            0.83343161126700       -1.24638915168600        1.03066154647700
C            1.28022941000900       -2.33389065892000        0.05860984296100
C           -0.06622755171700       -2.54830588378200       -0.67862418353500
C           -1.04528264417600       -1.58014791560100        0.05819228993000
C           -0.53904256212700       -1.71605256929400        1.48606525660200
C           -0.67867977222700       -0.09758673280600       -0.25927408285500
C           -1.65317270507000        0.91097991504400        0.32520769052600
O           -1.37653692801700        1.79014248083100        1.12963779157500
O           -2.89546874821200        0.70567211240300       -0.20320054872900
C           -3.89083376888200        1.62517350643300        0.26243442307300
C           -5.20772243299900        1.27141202765800       -0.40045854461700
H            4.99130331114000        1.43255955703300        1.88510615739000
H            5.45024682050600        0.08988741066500        0.84489206682900
H            6.05322344825000        1.72610360505700        0.48689243357500
H            4.18567430391900        1.10653101782100       -1.05291649344400
H            3.71733915096000        2.47375487612100        0.00625282940400
H            2.07678714876700       -2.02049327340000       -0.62302252812300
H            1.60083568831800       -3.23444553844700        0.59190432887000
H           -0.39147739732200       -3.58976811205700       -0.57377986706700
H            0.01026364631600       -2.31692831138200       -1.74627917770500
H           -2.09842721819300       -1.83245021052800       -0.08528600981700
H           -0.54406610935600       -2.74188120436900        1.86841389072900
H           -1.01050324378900       -1.04658855073800        2.21236223047900
H           -0.60511978488400        0.06949445606500       -1.33983860574000
H           -3.99068168777200        1.54245462799400        1.35048951927400
H           -3.60390711508100        2.64788726230200       -0.00651174689600
H           -5.11830140125700        1.32872291497500       -1.49032990100800
H           -6.00265430787100        1.94819807793000       -0.07504710247800
H           -5.49706218795900        0.24338392208500       -0.15844118844400
35
 energy: -53.231428464857 gnorm: 0.030478478515 xtb: 6.7.1 (edcfbbe)
C            5.19844919361600        1.15007664438762        0.85542963811170
C            3.98759401162024        1.41205006952757       -0.01993750241544
O            2.89312652464578        0.64023145654960        0.47268717942858
C            1.74524768784004        0.75550579394996       -0.22605442828947
O            1.58575811115488        1.46055440051021       -1.19928432455819
C            0.69434975851419       -0.06294634145679        0.36457952528928
C            0.84403924708967       -1.27300792097153        1.00585376586350
C            1.31850433853033       -2.37478022912901        0.08691673028721
C           -0.04832100386949       -2.52675287756727       -0.66307189977027
C           -1.06538000107067       -1.58603153118982        0.05139687277731
C           -0.53762583957749       -1.71293852508348        1.47268394834567
C           -0.70665341680104       -0.09071345843983       -0.22130158726281
C           -1.68355853360337        0.91651349475419        0.33550048551983
O           -1.41638566355256        1.77191410211723        1.13471026536770
O           -2.91116488161168        0.72344813223358       -0.18569388685505
C           -3.91445691569590        1.63325202817521        0.26440823769266
C           -5.22238242624596        1.26699731554271       -0.40842517266192
H            4.98991121583058        1.43548211483966        1.88566941726556
H            5.45307000426262        0.09077362901831        0.84278189462279
H            6.04860426498302        1.72370367273051        0.49278221213748
H            4.18483395060298        1.11901641196851       -1.05686204738302
H            3.71163108946892        2.47164741290624       -0.00341824571794
H            2.11116364727194       -2.04322388525912       -0.58170103588826
H            1.62071487607407       -3.28357053170241        0.60541163946720
H           -0.39884675426250       -3.55714577116958       -0.57424547054742
H            0.03267043109882       -2.29419689338016       -1.72577071792651
H           -2.11351947445285       -1.83422535584445       -0.11950601787834
H           -0.55632798319032       -2.73068689181189        1.86162344325372
H           -1.00050870174150       -1.03470572806899        2.18879694285169
H           -0.61109109558831        0.10228407236985       -1.29429094126585
H           -3.99371964421387        1.55615995763169        1.35361425502611
H           -3.60628317028450        2.65123714353690        0.00527672150048
H           -5.12229781461024        1.33366006153752       -1.49110795035820
H           -6.00644542217909        1.94494954020470       -0.08040295300581
H           -5.50469961005372        0.24546848658154       -0.15591687902795
35
 energy: -53.233690505536 gnorm: 0.014053928747 xtb: 6.7.1 (edcfbbe)
C            5.19743660712432        1.14735960470882        0.85759498256750
C            3.99293156341637        1.41173288317937       -0.02629430251673
O            2.89574352070276        0.63577585355707        0.45074562728901
C            1.74918856203533        0.74776485931975       -0.24569605230017
O            1.60894676027321        1.45781232663640       -1.21813874523614
C            0.70680989604061       -0.07574752081562        0.32843473846327
C            0.84784308785890       -1.28189064106467        0.99174150137956
C            1.32778277474716       -2.39953583033018        0.11491039418122
C           -0.03560124106378       -2.52500967787601       -0.66912588560844
C           -1.05575318742496       -1.58425193169195        0.04285285892750
C           -0.53608447669415       -1.70663142802448        1.46840685419064
C           -0.71498389327243       -0.07949411141607       -0.20652903571028
C           -1.70333532461702        0.90699533821476        0.36675430766518
O           -1.44534379258901        1.75888797422529        1.16790647710282
O           -2.91691032138505        0.72735162681982       -0.16731474757658
C           -3.92907117300418        1.63637868642836        0.26725765801563
C           -5.23243737109331        1.26697249907797       -0.41291634608805
H            4.98059453301695        1.43386128129256        1.88286027952627
H            5.45130783888321        0.09089321976671        0.83931548247079
H            6.04463533689500        1.72365757109039        0.49825685295782
H            4.19252359436362        1.13206894515459       -1.06741934252308
H            3.71033071259228        2.47015011296389       -0.00901461100683
H            2.13681691782527       -2.08184409038728       -0.53693353953188
H            1.60006494116016       -3.31693293456079        0.63103756502233
H           -0.40544199680943       -3.54907892770742       -0.59470843393779
H            0.08026115298847       -2.27910349559110       -1.72446687229351
H           -2.09727236788398       -1.83432703513651       -0.15564130860379
H           -0.56506504795773       -2.71929499037775        1.86555169990978
H           -0.98611553651433       -1.01341067542738        2.17517068501291
H           -0.62171757838187        0.14577112854877       -1.27596614312956
H           -4.01119206761088        1.56881752470998        1.35743985885023
H           -3.61592131683083        2.65468502557272        0.01328384629542
H           -5.12336564776274        1.33598910241586       -1.49159106293157
H           -6.01561846018893        1.94467335127283       -0.08878834250804
H           -5.51198699883994        0.24895437545018       -0.15584478432940
35
 energy: -53.234559687207 gnorm: 0.009818290736 xtb: 6.7.1 (edcfbbe)
C            5.19503378973507        1.14626880912256        0.85508968748985
C            3.99567442112666        1.41114469986326       -0.03586779770481
O            2.90141822736717        0.62588877099501        0.43118966008784
C            1.75311424015929        0.73750407315169       -0.26281565623648
O            1.62331048435726        1.45461454361648       -1.23365520184033
C            0.71331314274826       -0.08182400533244        0.31108287053485
C            0.84685637601512       -1.28212495910631        0.98538974887176
C            1.33217471246977       -2.41394426750761        0.14105019740361
C           -0.02296877803699       -2.52068003550666       -0.67368464049741
C           -1.05186661314865       -1.57829134031724        0.02896587560573
C           -0.54150577711413       -1.69655500888173        1.45899894176623
C           -0.71335284989368       -0.07076188165585       -0.20605441485141
C           -1.70945603537016        0.90228346285858        0.38703086321974
O           -1.46181846600279        1.73496996414645        1.21658241811042
O           -2.91719458901998        0.72820198793755       -0.15364558934814
C           -3.93681560574502        1.63524319785053        0.27500428804698
C           -5.23612493134499        1.26498272996246       -0.41391253443498
H            4.96934576378640        1.42987495320785        1.87868911864568
H            5.45025341955905        0.09083464154368        0.83451150937610
H            6.04292427949381        1.72584756246032        0.50288365463077
H            4.20332828857966        1.14243573381121       -1.07905181901001
H            3.70780148718549        2.46874006865264       -0.01357008305916
H            2.16514272937298       -2.12629443595681       -0.49629113622396
H            1.56913282927626       -3.33465185121899        0.67063791390315
H           -0.40414600955453       -3.54124527914820       -0.61880583253063
H            0.12541693599679       -2.25856226741103       -1.72106721698322
H           -2.08888502906901       -1.83389105262370       -0.18801531667830
H           -0.57801502221275       -2.70489535058887        1.86506107622883
H           -0.98658600634279       -0.99144603930677        2.15602150889568
H           -0.63375878119774        0.18240782109445       -1.27214115323125
H           -4.02705024004525        1.57305063640207        1.36548948658632
H           -3.62492370893675        2.65470206227582        0.02192002317213
H           -5.12079927176924        1.33507198931581       -1.49130504536866
H           -6.02134512828779        1.94302684254153       -0.09496409313317
H           -5.51762828413767        0.24807322375105       -0.15761919744764
35
 energy: -53.235135037731 gnorm: 0.010691537787 xtb: 6.7.1 (edcfbbe)
C            5.19299458212883        1.14558105865295        0.84990024188242
C            3.99900201371097        1.40916720062799       -0.04886727783032
O            2.90951476728465        0.61378403408430        0.40955037226462
C            1.75645652738695        0.73064010549576       -0.27888060244216
O            1.63369981281763        1.44961863135938       -1.25019677634660
C            0.71579366180263       -0.08251930038484        0.29929438739610
C            0.84175253056385       -1.27517795599379        0.98235963881128
C            1.33187781084318       -2.42388680997674        0.17126284425805
C           -0.00701777320086       -2.51394990420138       -0.68036803005393
C           -1.04760186825412       -1.57053104154228        0.01088968756013
C           -0.55212431538145       -1.68233433399148        1.44737296180886
C           -0.70936867036929       -0.06233004324357       -0.21368214822422
C           -1.71377526473307        0.88914700902745        0.41340748904113
O           -1.47383963518831        1.69680932014585        1.27331494050310
O           -2.91535202910565        0.73069276643901       -0.14364131218593
C           -3.94141843550872        1.63305731005592        0.28544400481504
C           -5.23574269147517        1.26227844623628       -0.41391515333922
H            4.95679728610067        1.42383005169813        1.87299976494704
H            5.45120666567712        0.09069944652600        0.82789680081418
H            6.04294333369240        1.72925071902359        0.50817127243127
H            4.21631014530503        1.15042452784295       -1.09287668755586
H            3.70449670778744        2.46521594633303       -0.02028275911584
H            2.19279468868507       -2.17620991855543       -0.44933240324176
H            1.52703883112796       -3.34228607930132        0.72569799017158
H           -0.39457215056445       -3.53253914964150       -0.65370300158826
H            0.17526473604299       -2.23037939342414       -1.71719808842698
H           -2.07982917024749       -1.83285074981211       -0.22095463848147
H           -0.59700162263672       -2.68630537703270        1.86276141741475
H           -0.99890152771913       -0.96706804810570        2.13259869749457
H           -0.65007853010220        0.21712280707711       -1.27512347744529
H           -4.04089089477971        1.56727616635955        1.37498847262284
H           -3.63173959129790        2.65462283746913        0.03688473762174
H           -5.11375949260597        1.33425359281535       -1.49078633696279
H           -6.02424695033439        1.93993337115469       -0.09995009063358
H           -5.52068348745359        0.24496275678115       -0.16190482398838
35
 energy: -53.235437022157 gnorm: 0.010035612547 xtb: 6.7.1 (edcfbbe)
C            5.19230389589636        1.14534263082835        0.84564541230548
C            4.00182149748473        1.40589710016128       -0.05861890581041
O            2.91587530557975        0.60375672999130        0.39437372069626
C            1.75925358227086        0.72589382335771       -0.29027669133805
O            1.63645667730928        1.44594327680269       -1.26040108940274
C            0.71453811729180       -0.07918073973946        0.29513441880825
C            0.83440455141566       -1.26610100630502        0.98470346497941
C            1.32774513701119       -2.42608166816844        0.19403956464298
C            0.00587268251487       -2.50777039331875       -0.68380031299293
C           -1.04547060862156       -1.56543572291795       -0.00311827905198
C           -0.56419693117799       -1.67131360234037        1.43892347942044
C           -0.70719591059090       -0.05732836511903       -0.22373041063921
C           -1.71303633101259        0.88320664924582        0.42247525495244
O           -1.47753379066217        1.66471085200515        1.30797143204149
O           -2.91191426894629        0.73686894088375       -0.14453237767730
C           -3.94241113743384        1.62954137272820        0.29504129345553
C           -5.23301069006171        1.25970166423355       -0.41170159835427
H            4.94836785096149        1.41867425655647        1.86874595757249
H            5.45458293574014        0.09102411223819        0.82272235197520
H            6.04315708999192        1.73292795624174        0.51215857684677
H            4.22652371533438        1.15149734307584       -1.10182116785492
H            3.70188346259983        2.46034007030172       -0.02751577077920
H            2.20509482030742       -2.20471818747366       -0.41267371487673
H            1.49505185962665       -3.33807908209987        0.76793228173364
H           -0.38128891734929       -3.52643457332003       -0.68259737352659
H            0.21017406575303       -2.20667576914892       -1.71130537372891
H           -2.07435927082245       -1.83214353361967       -0.24343473068305
H           -0.61439361582953       -2.67266496623516        1.85953677557607
H           -1.01809087951540       -0.95230175963077        2.11553702925435
H           -0.65894953909087        0.23323856416653       -1.28063524265248
H           -4.04444878026570        1.55194124927943        1.38324591080023
H           -3.63740453463980        2.65444390632344        0.05499514167368
H           -5.10601871545664        1.33550634018809       -1.48823557229012
H           -6.02458189553855        1.93520931685379       -0.09953682494284
H           -5.51880143007485        0.24056321397248       -0.16611451613676
35
 energy: -53.235665722286 gnorm: 0.005809402110 xtb: 6.7.1 (edcfbbe)
C            5.19273009652170        1.14458112164130        0.84161907358213
C            4.00485898562305        1.39988033929709       -0.06738409811821
O            2.92089675288069        0.59444470593253        0.38295230658467
C            1.76124937783050        0.72425477960680       -0.29700486115373
O            1.63570442952778        1.44288056853421       -1.26684898025439
C            0.71144331091902       -0.07384489497310        0.29414814700693
C            0.82490263886333       -1.25598360326169        0.99080268580568
C            1.32265936412295       -2.42448067889339        0.21497411670197
C            0.01938969558252       -2.49912055852753       -0.68514191659524
C           -1.04442313418211       -1.56189005268904       -0.01521575981456
C           -0.57839175944941       -1.66172059865990        1.43224209796652
C           -0.70680006182843       -0.05372681540313       -0.23573287359109
C           -1.71183807996271        0.87764220793738        0.42440308325048
O           -1.47825240500574        1.63610571080821        1.32702201586705
O           -2.90791018248059        0.74675164732650       -0.15417258844690
C           -3.94208379157334        1.62524948831770        0.30372097122309
C           -5.22995208999178        1.25743061746775       -0.40817908557810
H            4.94231801121869        1.41381196174241        1.86449882070349
H            5.46087103589065        0.09137404881855        0.81813636474890
H            6.04259959262967        1.73703400343333        0.51440713314296
H            4.23544474977269        1.14561594651932       -1.10882781010102
H            3.70044840382574        2.45282139805005       -0.03764428146385
H            2.21217442085087       -2.22049656115425       -0.37588858272821
H            1.46672948740151       -3.32928903354409        0.80364754518814
H           -0.36506699449515       -3.51829165689104       -0.70958664168246
H            0.24162972177686       -2.18154380072140       -1.70318329636392
H           -2.07037540418998       -1.83214772916231       -0.26286057603549
H           -0.63194123182980       -2.66148653637805        1.85566652834566
H           -1.04305927404745       -0.94267193835458        2.10159470075059
H           -0.66256012913826        0.23978231191506       -1.28902456153091
H           -4.04167898593172        1.52709966738673        1.39032255887052
H           -3.64431164266953        2.65582141723321        0.07936292483928
H           -5.09892501316468        1.34013672385745       -1.48403445566275
H           -6.02451133923897        1.92865307430908       -0.09444527946125
H           -5.51396855605927        0.23532271847705       -0.17121331199966
35
 energy: -53.235788252210 gnorm: 0.004874488442 xtb: 6.7.1 (edcfbbe)
C            5.19456902905042        1.14346724001442        0.83808614191319
C            4.00775413615337        1.39271991052968       -0.07379782392901
O            2.92379859619607        0.58792758938960        0.37748142051713
C            1.76298645287966        0.72339342999570       -0.29865873544938
O            1.63468060482256        1.44153032899206       -1.26801881593355
C            0.70916045313759       -0.06923309308489        0.29493593072470
C            0.81587050277035       -1.24851662290999        0.99838459955593
C            1.31884860505631       -2.42237404545205        0.23186068580439
C            0.03052391181394       -2.49111940239284       -0.68523593299932
C           -1.04325838701022       -1.55903530970061       -0.02464352636805
C           -0.59137507435292       -1.65499631842756        1.42757111822114
C           -0.70704077924783       -0.04963164991521       -0.24494489484300
C           -1.71100082583547        0.87809446319446        0.41780907023487
O           -1.48251235646747        1.61414952521690        1.34026111521740
O           -2.90419911796339        0.75941648500732       -0.16997362669488
C           -3.94258925168942        1.62092851034276        0.30919777574033
C           -5.22942912306878        1.25549677943861       -0.40495061233910
H            4.94024132991585        1.41095371411995        1.86028702492217
H            5.46871912140463        0.09180201129258        0.81465311329138
H            6.04166279022124        1.74063970577890        0.51308320760166
H            4.24102435113358        1.13435495933494       -1.11340786468300
H            3.70103362608118        2.44494501987470       -0.04951794246399
H            2.21831899997110       -2.22574142283562       -0.34378812533054
H            1.44605852850456       -3.32362176972556        0.82777363446388
H           -0.35204614787408       -3.51024217496467       -0.72767052887638
H            0.26644035947037       -2.16218800244116       -1.69625893549204
H           -2.06678735784841       -1.83144571980242       -0.27996608981051
H           -0.64677128621927       -2.65431374413013        1.85182558212994
H           -1.06504961702290       -0.93739453337905        2.09218993390763
H           -0.65773030846718        0.24270387948174       -1.29697630298169
H           -4.03560877799158        1.50032130321917        1.39442184706446
H           -3.65365187136883        2.65820929947278        0.10384923684486
H           -5.09703503024237        1.34744271242376       -1.47983033018360
H           -6.02624926398264        1.92114317575892       -0.08613811329769
H           -5.50935682193064        0.23021376628075       -0.17676112248294
35
 energy: -53.235865371905 gnorm: 0.003542761261 xtb: 6.7.1 (edcfbbe)
C            5.19782002057212        1.14206208904921        0.83467807695100
C            4.01088097043040        1.38484207852955       -0.07865726514200
O            2.92563540235654        0.58391870507588        0.37735435974087
C            1.76440758924607        0.72358103262778       -0.29487147143877
O            1.63428010809971        1.44205380130854       -1.26400660187087
C            0.70804370768452       -0.06565255346653        0.29819849129612
C            0.80841811268276       -1.24360071938179        1.00615717317782
C            1.31660180122975       -2.41950643021575        0.24464479023215
C            0.03932812681460       -2.48390302083285       -0.68493592400442
C           -1.04196501033459       -1.55640789361620       -0.03167074098357
C           -0.60193516049303       -1.65072242492857        1.42408834306309
C           -0.70673117270297       -0.04539784998473       -0.25014391505863
C           -1.71273443072864        0.87715169041060        0.41276497388428
O           -1.48973434921064        1.60011078666646        1.34466023863133
O           -2.90155130134243        0.77190429710759       -0.18627921064162
C           -3.94407571003836        1.61727639755492        0.31160397840153
C           -5.23125646251220        1.25420494576420       -0.40273451304307
H            4.94126028031888        1.40957086812240        1.85602818118937
H            5.47776272154362        0.09209356898789        0.81222648372102
H            6.04136269051204        1.74363259426258        0.50912308146593
H            4.24412795264403        1.11883066153179       -1.11646144679878
H            3.70414623767633        2.43719705506781       -0.06262283861409
H            2.22389074254366       -2.22421814260017       -0.31805192469247
H            1.43273895179998       -3.32013938548953        0.84221591645024
H           -0.34188584223618       -3.50259529099162       -0.73872952552621
H            0.28561314050990       -2.14811812963649       -1.69091893503017
H           -2.06330397826443       -1.83011154977134       -0.29497894363452
H           -0.65900354181336       -2.65041979733718        1.84759324840029
H           -1.08247308811644       -0.93480373629129        2.08539360439705
H           -0.64964669483651        0.24448302709263       -1.30300584976166
H           -4.02949131223262        1.47568401990892        1.39530700612782
H           -3.66409951123496        2.66074189695740        0.12532895009451
H           -5.10026683489777        1.35661149708625       -1.47661814744752
H           -6.02975540721766        1.91377640510884       -0.07637205561275
H           -5.50640874845269        0.22586950632054       -0.18317547392686
35
 energy: -53.235911038151 gnorm: 0.003216246256 xtb: 6.7.1 (edcfbbe)
C            5.20201429070929        1.14063621543674        0.83078948558650
C            4.01420673870195        1.37692113103190       -0.08304800331458
O            2.92722168843656        0.58181306795781        0.38038496591392
C            1.76538761160967        0.72443991812953       -0.28793342209724
O            1.63531413218030        1.44299695091649       -1.25758118342341
C            0.70721714194945       -0.06267703975568        0.30320570390128
C            0.80215558914905       -1.24033445258419        1.01296662349710
C            1.31581262195614       -2.41664346496601        0.25509232481890
C            0.04629239177416       -2.47827079170873       -0.68476430081370
C           -1.04038980557385       -1.55297033520799       -0.03794497219026
C           -0.61069765052630       -1.64774878697945        1.42088972683517
C           -0.70539043773104       -0.04041605774448       -0.25268597055903
C           -1.71510455371364        0.87813214455571        0.40802083761320
O           -1.50099883011045        1.58570444965886        1.35616678083391
O           -2.89910333949623        0.78430655095678       -0.20198542964675
C           -3.94641069921482        1.61412461613058        0.31189915206648
C           -5.23443379578928        1.25281044837465       -0.40187826837157
H            4.94431054528339        1.40968589550586        1.85126988687092
H            5.48685291607805        0.09215221661708        0.81053264386141
H            6.04236634415229        1.74552456168034        0.50324047857708
H            4.24549988687721        1.10135911196250       -1.11906658321836
H            3.70899469374564        2.42990909260045       -0.07643830272122
H            2.22880967746698       -2.22094341049309       -0.29832068385411
H            1.42537062960036       -3.31825885322321        0.85223867538543
H           -0.33454357346573       -3.49648484400717       -0.74483604062653
H            0.30119051885764       -2.13911891661139       -1.68740709209578
H           -2.05955720008436       -1.82730395287794       -0.30936831715298
H           -0.66993367834232       -2.64796702243120        1.84332599806617
H           -1.09581810188876       -0.93271601405403        2.07955358839631
H           -0.63988018132068        0.24932889544121       -1.30620488094013
H           -4.02532457250439        1.45524082955650        1.39384479943635
H           -3.67522991200181        2.66257377346319        0.14181963047386
H           -5.10693203998881        1.36652139310250       -1.47492734879853
H           -6.03430040881095        1.90617297084780       -0.06650705898469
H           -5.50496863796519        0.22149970871560       -0.19121132932866
35
 energy: -53.235943901466 gnorm: 0.002427478318 xtb: 6.7.1 (edcfbbe)
C            5.20646571625751        1.13937411830133        0.82774165525062
C            4.01722129753621        1.36981979882783       -0.08565489543566
O            2.92813753227395        0.58196197337357        0.38690744023632
C            1.76588908579391        0.72542489811442       -0.27906174203615
O            1.63653987472538        1.44490282577428       -1.24880931601010
C            0.70639920124390       -0.06019623612445        0.31030169604681
C            0.79830085099787       -1.23905190275451        1.01816152975403
C            1.31663193403655       -2.41262928573976        0.25976582309195
C            0.05013806508784       -2.47468689663765       -0.68470124758347
C           -1.03908736859501       -1.55016500735462       -0.04118190649044
C           -0.61567601999961       -1.64769708567771        1.41915235824159
C           -0.70405398287582       -0.03653314092739       -0.25115256552359
C           -1.71844339647907        0.87861110198202        0.40619580795973
O           -1.51121875298205        1.58010269839396        1.35957923225453
O           -2.89819801807370        0.79264734688780       -0.21160168245091
C           -3.94902781401001        1.61218111756068        0.31033572030602
C           -5.23817806111536        1.25180816007867       -0.40225273671907
H            4.94906389565924        1.41180610480587        1.84738974693401
H            5.49447108962387        0.09182303124547        0.81124876604861
H            6.04460923127997        1.74556222171375        0.49674946225889
H            4.24516384281334        1.08314454004193       -1.11969335733450
H            3.71509655409639        2.42382714248871       -0.08903765661093
H            2.23084646033933       -2.21284386472945       -0.29010076823540
H            1.42707633446916       -3.31638579397542        0.85351259954148
H           -0.33015960794209       -3.49290906609343       -0.74481744052240
H            0.30880255804330       -2.13641561980535       -1.68641418094198
H           -2.05656302897682       -1.82443116898057       -0.31862943905309
H           -0.67666267482211       -2.64885117684368        1.83929294827020
H           -1.10321303934412       -0.93370826122669        2.07685731596841
H           -0.63279868751743        0.25366370898606       -1.30505213556889
H           -4.02384157333235        1.44344197916169        1.39057161892054
H           -3.68421960423305        2.66297976500951        0.14959788471478
H           -5.11579799596509        1.37591563813185       -1.47473095591429
H           -6.03892862889940        1.89955207988026       -0.05770135790885
H           -5.50478526911509        0.21795425610841       -0.19963610746235
35
 energy: -53.235968323636 gnorm: 0.002669690393 xtb: 6.7.1 (edcfbbe)
C            5.21092019408294        1.13789838276177        0.82436984883511
C            4.02047594866165        1.36249501018606       -0.08883636330964
O            2.92961476714396        0.58184787156569        0.39264916786379
C            1.76628134450730        0.72663509888245       -0.27128776201503
O            1.63836605654315        1.44620677941175       -1.24145792499705
C            0.70509988816335       -0.05707064400791        0.31743862001245
C            0.79500113167784       -1.23740738743986        1.02230702264644
C            1.31829909537637       -2.40825888944084        0.26401626604403
C            0.05392580673330       -2.47076282344609       -0.68505792231684
C           -1.03802342592558       -1.54677141910754       -0.04445178358129
C           -0.62001613926993       -1.64761548129615        1.41731505155932
C           -0.70302850011158       -0.03240756841826       -0.24887456321747
C           -1.72234929903578        0.87775786460155        0.40902112914071
O           -1.52200842140752        1.57083756040573        1.37082861921707
O           -2.89739421268755        0.80011099790694       -0.21887221020154
C           -3.95198729736944        1.61098370146638        0.30847478077399
C           -5.24126485554701        1.25043567813958       -0.40420631309895
H            4.95390494620173        1.41469383063902        1.84307256824003
H            5.50117554175776        0.09087516602367        0.81270418041283
H            6.04772615099451        1.74419805627899        0.48990490745527
H            4.24541019899338        1.06495639640545       -1.12059893998336
H            3.72135052243743        2.41730278098278       -0.10189695679286
H            2.23374975962631       -2.20576942686884       -0.28376707547928
H            1.42986251132918       -3.31388802186372        0.85601977682093
H           -0.32640268713081       -3.48929659838420       -0.74496483150267
H            0.31606342529175       -2.13335573780792       -1.68629833742927
H           -2.05381651892518       -1.82117856260642       -0.32735117895499
H           -0.68272058484886       -2.64952336899442        1.83522377873985
H           -1.10981699660274       -0.93454422348365        2.07428448400494
H           -0.62929145047490        0.26181678353761       -1.30158198730591
H           -4.02560608943902        1.43437899197189        1.38724741347136
H           -3.69275673270192        2.66390099489656        0.15472466242213
H           -5.12382957115938        1.38543595131162       -1.47602943352051
H           -6.04369869690458        1.89148691741234       -0.05041716734670
H           -5.50321580998052        0.21359533837522       -0.21051941261048
35
 energy: -53.235989877339 gnorm: 0.002317553490 xtb: 6.7.1 (edcfbbe)
C            5.21517614974475        1.13564791249486        0.82169926745862
C            4.02367862072904        1.35443638495958       -0.09144376596416
O            2.93066736229784        0.58204140015289        0.39908464243987
C            1.76616740679926        0.72858749401762       -0.26365963484669
O            1.63989223290683        1.44746108456009       -1.23449598436736
C            0.70317562394773       -0.05285308138222        0.32558660661520
C            0.79307532811655       -1.23560648790365        1.02567941052428
C            1.32071390057994       -2.40187853750750        0.26469892217181
C            0.05627477192363       -2.46703496906207       -0.68514201280882
C           -1.03710502226987       -1.54344974119471       -0.04574498110543
C           -0.62209363788448       -1.64889182382948        1.41665359298612
C           -0.70297631230525       -0.02849948051293       -0.24462797592588
C           -1.72639973716583        0.87773376446392        0.41351338646193
O           -1.53203253030252        1.56327367371419        1.38180376539205
O           -2.89731287671921        0.80563678856056       -0.22212557375277
C           -3.95555697963931        1.61059338984515        0.30612475320792
C           -5.24396318968338        1.24874358468803       -0.40783266873308
H            4.95943455005615        1.41906953671395        1.83907215085471
H            5.50600502352822        0.08862901066862        0.81682351238450
H            6.05160774835782        1.73994285541064        0.48247210526929
H            4.24577851337871        1.04530629312045       -1.12040684460200
H            3.72816889453997        2.41000039702292       -0.11478392361526
H            2.23441230181791       -2.19394236653799       -0.28394539429143
H            1.43787833991372       -3.30922995820996        0.85335423128442
H           -0.32293846515225       -3.48632417172041       -0.74196145451152
H            0.31814959255005       -2.13224883346975       -1.68709126944908
H           -2.05157784532144       -1.81800565130437       -0.33230510911895
H           -0.68531879957702       -2.65199983618529        1.83115519285481
H           -1.11371492179421       -0.93795331775409        2.07455823676495
H           -0.62871407051619        0.27078686448019       -1.29523498629546
H           -4.03000899749128        1.43016057765321        1.38388827955120
H           -3.70058611793376        2.66473648626201        0.15549088990469
H           -5.13112449573862        1.39519239013360       -1.47872532117301
H           -6.04920111604329        1.88149290140389       -0.04505879092998
H           -5.49963124565056        0.20844546624511       -0.22394114063915
35
 energy: -53.236007765353 gnorm: 0.002192947944 xtb: 6.7.1 (edcfbbe)
C            5.21815282125301        1.13262858494519        0.81958560564359
C            4.02654946474047        1.34644158335868       -0.09456094843228
O            2.93164052049167        0.58078154342043        0.40209040710117
C            1.76601627022018        0.73016648748134       -0.25956772203034
O            1.64086276119276        1.44834826264456       -1.23076329909696
C            0.70133712431768       -0.04812657139361        0.33176357811869
C            0.79178789235472       -1.23280172413127        1.02842465236455
C            1.32314075074895       -2.39568201069972        0.26548610228588
C            0.05905594639238       -2.46187843486982       -0.68566607343814
C           -1.03624839604710       -1.54020338620681       -0.04644187492691
C           -0.62339767066454       -1.64924232786605        1.41654025753410
C           -0.70397490540733       -0.02453137248064       -0.24049863624612
C           -1.73055896624405        0.87679161074513        0.42087969860245
O           -1.54118436351871        1.55319286168979        1.39655484611178
O           -2.89750319123694        0.81034032440467       -0.22301167887027
C           -3.95941128755225        1.61084364814128        0.30475571036482
C           -5.24544193292398        1.24655349789076       -0.41237155687152
H            4.96326869436855        1.42316261985430        1.83526500065577
H            5.50829638920060        0.08530637481920        0.82178663713328
H            6.05504080139483        1.73386516614783        0.47595953722137
H            4.24774441518433        1.02804910727161       -1.12077937280866
H            3.73367851870030        2.40238623830007       -0.12668038117381
H            2.23656268880824       -2.18371140697284       -0.28288317092826
H            1.44314970936397       -3.30436135063037        0.85228530230079
H           -0.31936495747895       -3.48187339250189       -0.74175949030225
H            0.32102674131329       -2.12741788315235       -1.68797406403870
H           -2.04973449955583       -1.81543778713173       -0.33565774289210
H           -0.68601050318296       -2.65355328390756        1.82790388320776
H           -1.11699569914309       -0.94086403085124        2.07582795833096
H           -0.63071565972401        0.28026495478131       -1.28882121635629
H           -4.03598826173173        1.42782268861331        1.38208026043637
H           -3.70760267213956        2.66632355116891        0.15632562743830
H           -5.13473739913163        1.40373226320589       -1.48195803582011
H           -6.05486042461754        1.87003940912755       -0.04286614726829
H           -5.49358071974601        0.20264418478102       -0.23812153935437
35
 energy: -53.236027604648 gnorm: 0.002021724803 xtb: 6.7.1 (edcfbbe)
C            5.22015261627608        1.12775601395761        0.81825340256269
C            4.02945279784359        1.33696997241383       -0.09816640317639
O            2.93194944076028        0.57879388054920        0.40350551027009
C            1.76515534301759        0.73284987526526       -0.25641327248081
O            1.64088524406677        1.44983361567614       -1.22818108824940
C            0.69925888544168       -0.04209111930805        0.33794168345273
C            0.79187273442876       -1.22892889965370        1.03091767839019
C            1.32621323687750       -2.38762928680105        0.26398593066105
C            0.06156288112895       -2.45514938569440       -0.68600183517488
C           -1.03520630323406       -1.53671017208187       -0.04509071083859
C           -0.62244573835928       -1.64975614281376        1.41779619500431
C           -0.70615710337416       -0.01995382540598       -0.23470003340690
C           -1.73541166396518        0.87619086579629        0.43028654985399
O           -1.55129947483667        1.54193814166436        1.41383130354583
O           -2.89835337704903        0.81467644438609       -0.22122538068065
C           -3.96435080971273        1.61189266189201        0.30354072616424
C           -5.24629309497060        1.24355887474231       -0.41877516234057
H            4.96630266848491        1.42816195712252        1.83136038480166
H            5.50726074690984        0.07959288025747        0.82984672178643
H            6.05882161825739        1.72334928210614        0.46915317480929
H            4.25098959348777        1.00925114295724       -1.12124103432297
H            3.73962067978852        2.39328852904843       -0.13958556204353
H            2.23803395525773       -2.16999580554587       -0.28472193842410
H            1.45033850091580       -3.29758787337972        0.84764840860261
H           -0.31492133518293       -3.47600828194982       -0.74175920002164
H            0.32119603633229       -2.12015081774646       -1.68874553787719
H           -2.04811418425492       -1.81302065790280       -0.33531363574259
H           -0.68271973781116       -2.65580272016996        1.82520618713778
H           -1.11793191156251       -0.94524309288224        2.07984624202958
H           -0.63444011181910        0.28984790852519       -1.28092599256918
H           -4.04423345105532        1.42848326609616        1.38076548817052
H           -3.71498363900325        2.66833474835057        0.15575780621673
H           -5.13593345185743        1.41242633258069       -1.48647004743319
H           -6.06193611492508        1.85531786692822       -0.04381317538454
H           -5.48433547630229        0.19551382101671       -0.25538126929644
35
 energy: -53.236045262861 gnorm: 0.002124077636 xtb: 6.7.1 (edcfbbe)
C            5.22096331538707        1.12194294644633        0.81719336745745
C            4.03221198293131        1.32765563575582       -0.10265031831671
O            2.93206098417106        0.57588638295089        0.40209296858893
C            1.76415446688438        0.73541059309439       -0.25488699614856
O            1.63977502500632        1.45255023384677       -1.22633817025185
C            0.69764257864679       -0.03615378369016        0.34289985034195
C            0.79247195584229       -1.22444161478959        1.03355101409796
C            1.32902311554397       -2.38009783186902        0.26310805874257
C            0.06467440140889       -2.44705667278080       -0.68671271348295
C           -1.03395700037126       -1.53329834204054       -0.04292522695084
C           -0.62075779492652       -1.64934094546609        1.41976697276500
C           -0.70856784651968       -0.01507450810517       -0.22879558011722
C           -1.74039950294242        0.87522298472682        0.43995899341228
O           -1.56220648331544        1.52889257589506        1.43260391882143
O           -2.89901587494240        0.82011087563329       -0.22016291967031
C           -3.96948206353876        1.61302830664242        0.30298614852063
C           -5.24656449659196        1.24030005187732       -0.42550838871356
H            4.96745323646268        1.43258639965761        1.82724498508800
H            5.50364933855954        0.07271670016548        0.83845947826720
H            6.06233553161560        1.71084189640888        0.46328507530687
H            4.25533452967935        0.99205908692595       -1.12284290576373
H            3.74506360240413        2.38432429151968       -0.15243725651512
H            2.24068654893728       -2.15846751094631       -0.28427225229135
H            1.45439300146913       -3.29125141583634        0.84428401105790
H           -0.30985266505292       -3.46855235309346       -0.74557604319158
H            0.32309399294466       -2.10848448099843       -1.68883980432068
H           -2.04650967321191       -1.81104376469791       -0.33355718182684
H           -0.67812676691704       -2.65704587815589        1.82378214009255
H           -1.11797195272894       -0.94856929741515        2.08446070099200
H           -0.63803616789803        0.29786108823519       -1.27396599321144
H           -4.05235101097205        1.42779296042348        1.38003172020713
H           -3.72295549071291        2.67084805241394        0.15749063857710
H           -5.13503313288498        1.42058625586561       -1.49114549168763
H           -6.06918636948915        1.83999247773976       -0.04661172829233
H           -5.47401331487825        0.18826860365679       -0.27283895758822
35
 energy: -53.236062147694 gnorm: 0.001694247948 xtb: 6.7.1 (edcfbbe)
C            5.22051143242639        1.11496787691075        0.81676680984665
C            4.03475987225557        1.31885566989659       -0.10744614239140
O            2.93159343697517        0.57322753000243        0.39909387072777
C            1.76242570898103        0.73918147546958       -0.25344821744039
O            1.63722777282233        1.45751178840531       -1.22391958342035
C            0.69635119083510       -0.03047699017312        0.34720462332602
C            0.79466166718599       -1.22006260103398        1.03552573620435
C            1.33216799903648       -2.37280460342447        0.26051796231490
C            0.06716885426880       -2.43846364167135       -0.68751558811757
C           -1.03262590799850       -1.53022825189498       -0.03859267478043
C           -0.61663054344269       -1.64907552083272        1.42311769681197
C           -0.71118289318014       -0.01035639323146       -0.22174983521859
C           -1.74543893217939        0.87452541933560        0.44937351664475
O           -1.57358884739212        1.51710087422770        1.44982440901381
O           -2.89971469354835        0.82572093211787       -0.21851930630481
C           -3.97474531425346        1.61436952095649        0.30230657121573
C           -5.24646587814042        1.23692917777216       -0.43291140102257
H            4.96716050973619        1.43716014229052        1.82315264930885
H            5.49616870514075        0.06416059440730        0.84875853823782
H            6.06621145679522        1.69488573046281        0.45836207090115
H            4.25995158264431        0.97646039876321       -1.12498902032210
H            3.75069980728502        2.37596447182590       -0.16463562304756
H            2.24319682106775       -2.14777046696145       -0.28615841365178
H            1.45869000382493       -3.28533200307943        0.83878614841072
H           -0.30490341246608       -3.46046581983339       -0.75102854097442
H            0.32313541399420       -2.09447418802228       -1.68850299723567
H           -2.04526232377152       -1.80954854346230       -0.32787681355940
H           -0.67037377390918       -2.65836923163820        1.82410216918424
H           -1.11457082077975       -0.95186760503514        2.09087190377641
H           -0.64203072552725        0.30349220006958       -1.26697865583439
H           -4.06071511025146        1.42763491279524        1.37894708113750
H           -3.73104687757509        2.67320898623324        0.15903624128771
H           -5.13300591217505        1.42741518444267       -1.49636638798774
H           -6.07620935229320        1.82492636344131       -0.05191435214705
H           -5.46357091639170        0.18159661046443       -0.29006233089822
35
 energy: -53.236075131359 gnorm: 0.003063942538 xtb: 6.7.1 (edcfbbe)
C            5.22055884492582        1.10416981363453        0.81496970956374
C            4.03969114770776        1.30470533684892       -0.11638811850715
O            2.93171593521933        0.56936565625057        0.39486418795240
C            1.76002802099799        0.74556240263202       -0.24880494392534
O            1.63242477339078        1.46870550547167       -1.21575871907945
C            0.69466366944062       -0.02193273649701        0.35529221858611
C            0.79764319167636       -1.21353510126267        1.03957880309219
C            1.33663092370813       -2.36204651763018        0.25837696749146
C            0.07176342212866       -2.42485604155994       -0.68879097595861
C           -1.03033942624500       -1.52501196509231       -0.03228162111203
C           -0.61106258362501       -1.64819423219063        1.42817558185856
C           -0.71408574742776       -0.00244233573073       -0.21072098780493
C           -1.75371614135208        0.87309518436625        0.46264882619965
O           -1.59519864768850        1.49470933769093        1.47990920028445
O           -2.89895735532045        0.83953026532057       -0.22287103809321
C           -3.98276562528781        1.61544767111002        0.30018968887421
C           -5.24709592123815        1.23200480603065       -0.44456947178013
H            4.96708450379679        1.44508429467976        1.81520832382899
H            5.48490965894003        0.05098005697814        0.86472635521149
H            6.07339260673409        1.66951485978411        0.44995701056211
H            4.26710510403872        0.94956730934904       -1.12956078631094
H            3.76102027000122        2.36276050188830       -0.18672329280934
H            2.24736943059087       -2.13346528045945       -0.28647200324602
H            1.46388431774460       -3.27675861955308        0.83234855307144
H           -0.29634901627128       -3.44734285316613       -0.76202002513972
H            0.32605483759691       -2.07046744489457       -1.68651141729867
H           -2.04273008670961       -1.80679833001726       -0.32050463997999
H           -0.66071265190373       -2.65947483298539        1.82514470915360
H           -1.10987236100622       -0.95534488450331        2.09960940676483
H           -0.64587958467762        0.31191244037868       -1.25664020181088
H           -4.07179002056795        1.41917391853801        1.37506882405713
H           -3.74712071064680        2.67758084040823        0.16660317136307
H           -5.13245515183623        1.44029010553167       -1.50488614198939
H           -6.08687860683144        1.80218031885690       -0.05776760321798
H           -5.44893102000312        0.17133054978981       -0.31826743585591
35
 energy: -53.236083358957 gnorm: 0.001940135362 xtb: 6.7.1 (edcfbbe)
C            5.21852727031705        1.10135738659275        0.81582618127724
C            4.03973894226988        1.30464662231669       -0.11740633528194
O            2.93097520012325        0.56956028292250        0.39187723364932
C            1.75859880981141        0.74836758109231       -0.24888982709385
O            1.62931405095510        1.47510065837759       -1.21310021535581
C            0.69500972693670       -0.02160432172730        0.35496869245599
C            0.80139482941991       -1.21361913614772        1.03798444919253
C            1.33804059381362       -2.36171094198627        0.25421520247969
C            0.07039507627692       -2.42318545813185       -0.68950006720950
C           -1.03023434905889       -1.52540869999355       -0.02733030847837
C           -0.60553647816047       -1.64882808732513        1.43141607401881
C           -0.71495839300999       -0.00259633919121       -0.20693218374467
C           -1.75473919199656        0.87308348911442        0.46499306750287
O           -1.59772137127762        1.49540754728778        1.48018619165048
O           -2.89878657960055        0.84054566687731       -0.22090737191948
C           -3.98366689849920        1.61597288923635        0.29931677270537
C           -5.24635981051802        1.23148463862590       -0.44760436298626
H            4.96556808821181        1.44704243843170        1.81426692183867
H            5.47633736447783        0.04694924896900        0.86971076894617
H            6.07534402067256        1.66019834756248        0.45038216417105
H            4.26798266888122        0.95034483533946       -1.13034237279136
H            3.76221398285283        2.36270608848850       -0.18698299067028
H            2.24762373022745       -2.13382727291727       -0.29302358277171
H            1.46627994114810       -3.27699812847500        0.82748286996723
H           -0.29713009346286       -3.44551981439962       -0.76531763619364
H            0.32199441755653       -2.06494531133875       -1.68654550119582
H           -2.04352654778963       -1.80767476511799       -0.31184419445899
H           -0.65359335395176       -2.65999444190730        1.82871214913416
H           -1.10193412037948       -0.95577605335513        2.10436173421066
H           -0.64894920278329        0.30939445037844       -1.25408461489180
H           -4.07433574414048        1.42029034810831        1.37370302666372
H           -3.74863718135788        2.67762466037990        0.16544128592923
H           -5.13040180996015        1.43834124126887       -1.50741734118976
H           -6.08671967594613        1.80141806105227       -0.06382655446438
H           -5.44810791205928        0.17185228958767       -0.32065721109989
35
 energy: -53.236092447497 gnorm: 0.000982406102 xtb: 6.7.1 (edcfbbe)
C            5.21990576460524        1.10118873031089        0.81464889723801
C            4.04077842690658        1.30331101089844       -0.11829060160838
O            2.93172945636852        0.56990083218300        0.39353508505962
C            1.75836662319036        0.75051887892695       -0.24543043150520
O            1.62871372529428        1.47934745208012       -1.20787521793963
C            0.69473088753102       -0.02105159398411        0.35698246690248
C            0.80148173122195       -1.21394364471932        1.03815020910004
C            1.33845777803417       -2.36134897165690        0.25428105200448
C            0.07033604490177       -2.42320152457091       -0.68934817234606
C           -1.03017910560679       -1.52487187256748       -0.02718199683370
C           -0.60561190324543       -1.64915746961304        1.43151920743655
C           -0.71450721694329       -0.00224531759643       -0.20611822105852
C           -1.75562268640188        0.87290359829500        0.46516644630757
O           -1.60172503884099        1.49134672104419        1.48400792952974
O           -2.89708757073816        0.84500255577145       -0.22546291656499
C           -3.98389929859166        1.61515655982221        0.29794294089705
C           -5.24704775104059        1.23170692092096       -0.44905556333105
H            4.96797434373840        1.44933984496707        1.81247129498036
H            5.47666628441630        0.04678264565365        0.87083467031651
H            6.07712290499399        1.65827393875957        0.44791641143273
H            4.26777410063032        0.94615195749079       -1.13056018556036
H            3.76410669279428        2.36148471839395       -0.19003518731487
H            2.24749581365337       -2.13342267323575       -0.29417695835872
H            1.46795557713676       -3.27692954117365        0.82730064915611
H           -0.29719201083677       -3.44538052507106       -0.76485596777199
H            0.32201614524762       -2.06507820683954       -1.68600023341322
H           -2.04323457130310       -1.80714548996895       -0.31209451094907
H           -0.65463873949249       -2.66010169335244        1.82882551158007
H           -1.10148109340455       -0.95548062285651        2.10435752885914
H           -0.64865729842591        0.31089206135748       -1.25270247655795
H           -4.07397490573816        1.41404803443727        1.37133443656154
H           -3.75219682568226        2.67812336500681        0.16873326362733
H           -5.13251311675281        1.44124393115690       -1.50892066832021
H           -6.08681676499232        1.80128594099527       -0.06231386538720
H           -5.44922640262781        0.17134944873026       -0.32445271217258
35
 energy: -53.236098581629 gnorm: 0.001424747529 xtb: 6.7.1 (edcfbbe)
C            5.22031797203868        1.09949081726415        0.81377200709898
C            4.04176582872525        1.30158380745062       -0.11989128060453
O            2.93236549000832        0.56911094731122        0.39233396723173
C            1.75760310694496        0.75371736873521       -0.24351297781247
O            1.62595857591514        1.48860741987749       -1.20098667172291
C            0.69481521306285       -0.01999530571305        0.35827683458360
C            0.80385482187008       -1.21394272341278        1.03730807717621
C            1.33944668303925       -2.36065079012504        0.25213970962550
C            0.06948554902310       -2.42216465153190       -0.68955171371340
C           -1.03011671487118       -1.52450804363501       -0.02422946594077
C           -0.60255487689798       -1.64956218702867        1.43347961238978
C           -0.71510607046142       -0.00190791943297       -0.20303457877968
C           -1.75756450117385        0.87180313505538        0.46886537610481
O           -1.60812786961888        1.48296811217036        1.49316459315476
O           -2.89483815499409        0.85144999980480       -0.22897090322926
C           -3.98481190093487        1.61503337403221        0.29631931088304
C           -5.24665352523343        1.23187320870451       -0.45351277396090
H            4.97002004946120        1.45410814130300        1.80984408834164
H            5.47220152670496        0.04408750653556        0.87555499203355
H            6.08013983115015        1.65071232775560        0.44403254491509
H            4.26894709572587        0.94251252494249       -1.13121751134682
H            3.76567636560133        2.35961409634462       -0.19339417709670
H            2.24708751704486       -2.13280842063557       -0.29881325538029
H            1.47069433072673       -3.27631277135473        0.82471011179949
H           -0.29778314551538       -3.44434629236954       -0.76638306418642
H            0.32007942908935       -2.06171530244272       -1.68572898269918
H           -2.04360429130495       -1.80721250888141       -0.30721471618648
H           -0.65119391947291       -2.66035993937438        1.83084358404183
H           -1.09659584489465       -0.95553603695429        2.10743264125420
H           -0.65134852215506        0.31199687761129       -1.24924393608796
H           -4.07575513594770        1.40790337184741        1.36838789048408
H           -3.75696923575952        2.67936936413861        0.17288723735915
H           -5.13114316873237        1.44275870333507       -1.51281333893361
H           -6.08677235529334        1.80086207001609       -0.06680635811798
H           -5.44952015287055        0.17145971865247       -0.33091475868252
35
 energy: -53.236103308356 gnorm: 0.000553309481 xtb: 6.7.1 (edcfbbe)
C            5.22038986749120        1.10026829848974        0.81355593691793
C            4.04128029842767        1.30199733533138       -0.11963837175139
O            2.93216460816700        0.56877923256610        0.39218767264525
C            1.75730736200421        0.75407791844272       -0.24340018149196
O            1.62596497729680        1.48838289342579       -1.20117801741915
C            0.69479955339306       -0.02022105425506        0.35774996935057
C            0.80375461152957       -1.21406533192685        1.03706847214551
C            1.33951043941434       -2.36085198254042        0.25193106250501
C            0.06921057597130       -2.42274146095203       -0.68916157915500
C           -1.03019074015348       -1.52475308562383       -0.02436643853126
C           -0.60260028699217       -1.64974672099753        1.43334986641031
C           -0.71531376566699       -0.00209877498914       -0.20350064814123
C           -1.75762776263841        0.87110706744267        0.46912151439678
O           -1.60945039422076        1.47740980490561        1.49564617975124
O           -2.89434813962500        0.85259012177753       -0.22914624052454
C           -3.98454929097329        1.61567560228486        0.29653661554627
C           -5.24591051099222        1.23275279400001       -0.45402994925175
H            4.97090886908797        1.45455605852511        1.80992919648326
H            5.47288129825466        0.04502518247978        0.87487241893639
H            6.07957399657088        1.65190889916386        0.44306468745913
H            4.26875521114441        0.94397061653553       -1.13146001465906
H            3.76460153803737        2.36007690180678       -0.19224855842549
H            2.24716528090823       -2.13262085355261       -0.29888847967997
H            1.47049775064424       -3.27647664011551        0.82448494075994
H           -0.29831530614437       -3.44512038233990       -0.76417099018165
H            0.31865964725717       -2.06404550510337       -1.68640792389480
H           -2.04385458010465       -1.80746620695954       -0.30705825926718
H           -0.65077574876703       -2.66073547604044        1.83053636896800
H           -1.09672693985612       -0.95613284657698        2.10758851545347
H           -0.65120956529281        0.31223794615599       -1.24951227164794
H           -4.07565636450736        1.40820103344431        1.36857537448308
H           -3.75662588294539        2.68008068474482        0.17372494641339
H           -5.12851964288252        1.44260560031965       -1.51355283312624
H           -6.08618564772615        1.80301430150501       -0.06886274851857
H           -5.44956531611140        0.17235802862210       -0.33020811896282
35
 energy: -53.236108766650 gnorm: 0.001084132820 xtb: 6.7.1 (edcfbbe)
C            5.22047664414019        1.10197676432080        0.81290024084144
C            4.04029757228150        1.30347139222821       -0.11912633488395
O            2.93204533576294        0.56818604641007        0.39151345238738
C            1.75708332059888        0.75346257063794       -0.24421789886266
O            1.62540278234892        1.48892850268121       -1.20096696082314
C            0.69493617201578       -0.02093378717523        0.35699393115267
C            0.80385613688027       -1.21460165675052        1.03669419097910
C            1.33941708358982       -2.36143298865310        0.25129466394754
C            0.06842878212630       -2.42447053278778       -0.68864351854704
C           -1.03021494934065       -1.52562891453282       -0.02426496249154
C           -0.60233947496950       -1.65036217381085        1.43338217615696
C           -0.71568098348523       -0.00289053507148       -0.20357599777757
C           -1.75845769109686        0.86782607727170        0.47166856552286
O           -1.61187954133270        1.46747517790393        1.50205508293255
O           -2.89312412280070        0.85526879938338       -0.22969100956211
C           -3.98372244297351        1.61752441851722        0.29655652822972
C           -5.24420790856122        1.23503297421899       -0.45551961604104
H            4.97217940428482        1.45551952229125        1.80979690594759
H            5.47399366490468        0.04693574438153        0.87323853730065
H            6.07862277089370        1.65451478304180        0.44136041187104
H            4.26818241110890        0.94743346545347       -1.13168539338555
H            3.76227058533792        2.36142518448319       -0.19006853962303
H            2.24664738062104       -2.13249285540616       -0.29989735466058
H            1.47095150578444       -3.27682770260376        0.82393930365847
H           -0.29956326061946       -3.44707805067664       -0.76057901202607
H            0.31647480824181       -2.06870719626405       -1.68740304089729
H           -2.04414070644718       -1.80816390104056       -0.30651788313394
H           -0.65004899539687       -2.66159520304224        1.83019238814785
H           -1.09642866854361       -0.95728474325024        2.10808302125252
H           -0.65208506442536        0.31173869019897       -1.24948197128842
H           -4.07536283618694        1.40863271868578        1.36833400097846
H           -3.75569726460469        2.68211790295266        0.17533525367215
H           -5.12377459590122        1.44222763617247       -1.51533402348875
H           -6.08458440169369        1.80763024101697       -0.07368299951992
H           -5.44995345254256        0.17514162881017       -0.32955002397087
35
 energy: -53.236117031386 gnorm: 0.000888380422 xtb: 6.7.1 (edcfbbe)
C            5.22025643364724        1.10530470232956        0.81101044450322
C            4.03807132345411        1.30667122213503       -0.11857307517042
O            2.93177277752994        0.56742939806755        0.39043528020344
C            1.75591527324764        0.75316990217057       -0.24417611113014
O            1.62337829574368        1.49022435395137       -1.19961557254544
C            0.69481654914711       -0.02295469649212        0.35643658726239
C            0.80441055591712       -1.21662185834205        1.03609343083139
C            1.33965208382253       -2.36305968205521        0.24970812406070
C            0.06673204365009       -2.42822568358907       -0.68742002985237
C           -1.03052456331289       -1.52807929518911       -0.02311324004292
C           -0.60117029082461       -1.65284130089364        1.43417478962039
C           -0.71648425122413       -0.00510177448661       -0.20293908862393
C           -1.75935505171962        0.86291580439423        0.47592248727101
O           -1.61702344901253        1.44754049281441        1.51602806706278
O           -2.88962701467215        0.86288411256254       -0.23241262108105
C           -3.98177140841131        1.62160283969354        0.29602296577368
C           -5.24067667543595        1.24003627075737       -0.45903899916874
H            4.97396916269077        1.45720871399943        1.80896703690482
H            5.47547223164688        0.05055084785200        0.86925899020156
H            6.07670799702171        1.65960038283874        0.43806855757196
H            4.26590829835800        0.95479788752781       -1.13263292556584
H            3.75756071410068        2.36426306839181       -0.18562652486642
H            2.24536314971510       -2.13255567770284       -0.30326135537818
H            1.47372495501867       -3.27811140750007        0.82225398005964
H           -0.30191703365762       -3.45105873933167       -0.75436870240826
H            0.31238732238099       -2.07690951572480       -1.68834394347398
H           -2.04483578654876       -1.81030930927221       -0.30458426341934
H           -0.64799053977564       -2.66437172183431        1.83038858712626
H           -1.09474477869313       -0.96052651847152        2.10986479054491
H           -0.65471053027564        0.31013780663490       -1.24861371634924
H           -4.07397007505208        1.40902857288839        1.36706172254809
H           -3.75479676107544        2.68682564760755        0.17834108778955
H           -5.11482579401844        1.44175175518049       -1.51927693861066
H           -6.08082208034182        1.81727599913009       -0.08377270752589
H           -5.45085308304058        0.18150739995436       -0.32913500012758
35
 energy: -53.236126158991 gnorm: 0.000914996262 xtb: 6.7.1 (edcfbbe)
C            5.21916669216018        1.10925271700833        0.80829690217187
C            4.03494364142567        1.31111863729702       -0.11855589285309
O            2.93126609074812        0.56704464658541        0.38905788473899
C            1.75410103024692        0.75218295814108       -0.24376663907335
O            1.61930663367073        1.49236196025434       -1.19655411947888
C            0.69465813428295       -0.02626548924389        0.35671031842012
C            0.80601615426426       -1.22027007302623        1.03556104602629
C            1.34063436596627       -2.36573688094679        0.24745909489671
C            0.06508732635192       -2.43240012694069       -0.68621490638526
C           -1.03080161184608       -1.53208231171424       -0.01999625353983
C           -0.59850592133318       -1.65724605016469        1.43637251997959
C           -0.71759656757030       -0.00876836805085       -0.20017631866984
C           -1.76111038139938        0.85598004501378        0.48185796448611
O           -1.62399722542099        1.42472715579318        1.53179317749328
O           -2.88486400256963        0.87337009456127       -0.23666244113043
C           -3.97900808118633        1.62770859958926        0.29401635970194
C           -5.23642971259433        1.24686683947889       -0.46398766854644
H            4.97458560321453        1.45874482774268        1.80753478643138
H            5.47598077256237        0.05472578924515        0.86377000356840
H            6.07414866467059        1.66550675199481        0.43479372857404
H            4.26213533702045        0.96387689455620       -1.13427799834095
H            3.75164282338606        2.36821536796537       -0.18095442021697
H            2.24418795190974       -2.13333654605866       -0.30826100560149
H            1.47832921189660       -3.28085913590224        0.81912608366746
H           -0.30387946595989       -3.45530352926304       -0.74952129320182
H            0.30789258147309       -2.08353746353305       -1.68856737414808
H           -2.04550877154484       -1.81434232878901       -0.30004418662416
H           -0.64428002340410       -2.66900007374589        1.83198953925652
H           -1.09086534374701       -0.96539200783527        2.11335408038225
H           -0.65910013397806        0.30668990550981       -1.24585261665468
H           -4.07165642646490        1.41026604350297        1.36397703215931
H           -3.75404526839588        2.69383011883785        0.18071271590335
H           -5.10500937286336        1.44265701471035       -1.52462352030492
H           -6.07574777594535        1.82946247293847       -0.09544897891772
H           -5.45167692902689        0.18995154448517       -0.32978549017445
35
 energy: -53.236138125039 gnorm: 0.001392421967 xtb: 6.7.1 (edcfbbe)
C            5.21684474486114        1.11352406371286        0.80470806889159
C            4.03051635113673        1.31649387262215       -0.11911057924882
O            2.92985647338339        0.56732779296287        0.38767697769527
C            1.75082748394238        0.75157366657547       -0.24207160031757
O            1.61244858168221        1.49529328633002       -1.19173536334862
C            0.69406970271065       -0.03061583144690        0.35835426738155
C            0.80888878048368       -1.22545451256921        1.03524749348513
C            1.34243016366851       -2.36920937991591        0.24431048226248
C            0.06362541283515       -2.43726103950221       -0.68512411830603
C           -1.03082534441609       -1.53798211606824       -0.01468408513636
C           -0.59391390416883       -1.66403034847503        1.44016367260629
C           -0.71929209890479       -0.01412933909689       -0.19519104596237
C           -1.76305738013922        0.84886152806354        0.48856969212675
O           -1.63316892218080        1.39958599328313        1.54945714679198
O           -2.87855319169404        0.88673861635119       -0.24228308895259
C           -3.97520152867105        1.63596696774548        0.29035252357417
C           -5.23136273332828        1.25552381306882       -0.47030908359549
H            4.97348816373954        1.45968306447435        1.80543627649387
H            5.47510620578411        0.05914668010420        0.85658208523021
H            6.07053451843086        1.67205731304709        0.43156769451787
H            4.25637150265461        0.97415179968506       -1.13665285170603
H            3.74439148588187        2.37303822430818       -0.17636108664953
H            2.24338023598770       -2.13471474507224       -0.31481994279236
H            1.48428828739137       -3.28485856490232        0.81420539875048
H           -0.30467911988773       -3.46034083404419       -0.74721470187761
H            0.30300287950369       -2.08775362220104       -1.68789075979148
H           -2.04596799485683       -1.82102765175479       -0.29222788457819
H           -0.63797784175567       -2.67600985352649        1.83517177437937
H           -1.08426131491041       -0.97266377981026        2.11910780704456
H           -0.66438917808090        0.30093788677885       -1.24113821609504
H           -4.06793896151400        1.41393580454408        1.35926621750121
H           -3.75318124312830        2.70307981244320        0.18099011652516
H           -5.09506898940990        1.44535560826516       -1.53129949690804
H           -6.06955361232591        1.84340770950279       -0.10811987877963
H           -5.45167761470493        0.20036811451450       -0.33180179721715
35
 energy: -53.236154985094 gnorm: 0.002030007337 xtb: 6.7.1 (edcfbbe)
C            5.21251489681483        1.11859210170419        0.79988696493809
C            4.02387200210067        1.32329034732124       -0.12042330802819
O            2.92690524420003        0.56842891971072        0.38609711948958
C            1.74527069012496        0.75144515300880       -0.23888402893282
O            1.60135478636517        1.49933638856700       -1.18463270379949
C            0.69288358357587       -0.03681380261615        0.36149368093474
C            0.81375338496638       -1.23307126062822        1.03501125525737
C            1.34589696165301       -2.37412614589805        0.23971943473011
C            0.06277325422244       -2.44219023764460       -0.68410143765853
C           -1.03081580648112       -1.54705756238095       -0.00589398555437
C           -0.58630864564757       -1.67452110752667        1.44634507490123
C           -0.72219759851453       -0.02254319403939       -0.18708957181971
C           -1.76622274562062        0.83901516275447        0.49767183989240
O           -1.64570958663339        1.36921392704243        1.57033366363060
O           -2.87052564691059        0.90316296027715       -0.24882229416338
C           -3.96966309875810        1.64824396082478        0.28402390367907
C           -5.22473732809920        1.26746605810982       -0.47877206920082
H            4.97006494331236        1.45978046515038        1.80260230733566
H            5.47250712922528        0.06437471968199        0.84662975806470
H            6.06476398291017        1.68024404403689        0.42812635815297
H            4.24757178854069        0.98647009941804       -1.14011818362897
H            3.73467495046817        2.37919286121931       -0.17159703775959
H            2.24357866403151       -2.13721455574796       -0.32373510412710
H            1.49258498459361       -3.29075676032486        0.80697876115629
H           -0.30350356855241       -3.46562319830908       -0.74811780206099
H            0.29724158945764       -2.08818884406961       -1.68632067310055
H           -2.04655393027623       -1.83211188175415       -0.27908303990277
H           -0.62732569018973       -2.68683242071965        1.84057320848566
H           -1.07397836862833       -0.98400970421564        2.12816429372621
H           -0.67170813081246        0.29157100299500       -1.23358870347151
H           -4.06272677004997        1.42317588661192        1.35211970344572
H           -3.75061338108996        2.71614300618874        0.17696338692005
H           -5.08407789254823        1.45103987300796       -1.54014954970715
H           -6.06154906814114        1.86070566392924       -0.12272901488425
H           -5.44999557960934        0.21416807431274       -0.33555009294551
35
 energy: -53.236169346461 gnorm: 0.002190881515 xtb: 6.7.1 (edcfbbe)
C            5.20866909000702        1.12214465257609        0.79625790198646
C            4.01832963474256        1.32812364362596       -0.12150687694865
O            2.92394566928058        0.56943579915320        0.38496605522865
C            1.74048973233973        0.75133218906257       -0.23657082245413
O            1.59200640553182        1.50253550956619       -1.17905606636259
C            0.69171515897600       -0.04127838222731        0.36435835824498
C            0.81769882747240       -1.23864548832392        1.03509109942854
C            1.34874558205165       -2.37756155803560        0.23622210477927
C            0.06276515284762       -2.44604515988409       -0.68361390219763
C           -1.03013662129776       -1.55442912698147        0.00091887107974
C           -0.58002402951645       -1.68304671064870        1.45115819649019
C           -0.72485125637235       -0.02919236478641       -0.18026346625667
C           -1.76885405089035        0.83197151668337        0.50461652531594
O           -1.65551625242272        1.34763432349401        1.58520936396513
O           -2.86500302741145        0.91383969812730       -0.25210846959935
C           -3.96532675038522        1.65821728230590        0.27882120139396
C           -5.21976260760604        1.27670454007219       -0.48498247624598
H            4.96666821176325        1.45921571904979        1.80049918733186
H            5.47021804631279        0.06812184331869        0.83888358267888
H            6.05970578068421        1.68643898153990        0.42575750111038
H            4.24051789534547        0.99487599985237       -1.14263973690716
H            3.72711787559992        2.38361451378302       -0.16871727964867
H            2.24425369474741       -2.13900084936550       -0.33001550298839
H            1.49838977777994       -3.29497519739021        0.80146167566032
H           -0.30132406812412       -3.47000155857944       -0.75077448554187
H            0.29357542391452       -2.08704019289724       -1.68489856922098
H           -2.04622798648608       -1.84152619040612       -0.26863419820017
H           -0.61816852716996       -2.69575677038874        1.84459293778949
H           -1.06593843269033       -0.99361260591205        2.13537851748459
H           -0.67711993921053        0.28414336433439       -1.22715014039326
H           -4.05917677733092        1.43390569523684        1.34692337586735
H           -3.74715942767874        2.72615267412330        0.17073079385305
H           -5.07694226001355        1.45663859677251       -1.54666672292895
H           -6.05598251011794        1.87269856229172       -0.13232083181158
H           -5.44729743467253        0.22436705085577       -0.33879558798824
35
 energy: -53.236193139843 gnorm: 0.002759411472 xtb: 6.7.1 (edcfbbe)
C            5.20137009519782        1.12834478284452        0.78964325534122
C            4.00784941710507        1.33622816388879       -0.12351946060837
O            2.91787710026201        0.57133160006009        0.38319308724909
C            1.73102710800817        0.75207374846565       -0.23170858533696
O            1.57462315223717        1.50799481335061       -1.16916628516923
C            0.68914244910131       -0.04921384667103        0.36968151744342
C            0.82478514964063       -1.24850262199272        1.03531789608760
C            1.35450444670912       -2.38341362200685        0.23000460231596
C            0.06364648246718       -2.45198180865425       -0.68283332537637
C           -1.02901734460549       -1.56838358412206        0.01321228939471
C           -0.56854059213757       -1.69884348165370        1.45977093756127
C           -0.73016567219967       -0.04186887871780       -0.16809018972667
C           -1.77440553595842        0.81764336684089        0.51792035545169
O           -1.67340137351126        1.30817139285168        1.61166730545005
O           -2.85581511751526        0.93080286222411       -0.25629576217059
C           -3.95718194044774        1.67717030831287        0.26900328957316
C           -5.21062719990265        1.29381214239646       -0.49595282431775
H            4.96025576917424        1.45767389282414        1.79672170876451
H            5.46626269306834        0.07483531810198        0.82456428145712
H            6.04980679394749        1.69789821907435        0.42128407688001
H            4.22731976364872        1.00910087218159       -1.14720679732153
H            3.71326675103067        2.39106184514492       -0.16393391113019
H            2.24640887950547       -2.14178133118022       -0.34063513902483
H            1.50897908638247       -3.30212739834253        0.79186439845020
H           -0.29603173482308       -3.47702159420415       -0.75624493635460
H            0.28761077639824       -2.08375223310083       -1.68248453860666
H           -2.04569736568083       -1.85970859832914       -0.24963003216329
H           -0.60077622224666       -2.71240308144784        1.85156948795535
H           -1.05198556681458       -1.01194428262642        2.14835775479296
H           -0.68703807457731        0.27063216328013       -1.21552185979193
H           -4.05329758587371        1.45736765555945        1.33777998175301
H           -3.73861282377427        2.74452251538611        0.15620539776821
H           -5.06502945127950        1.46820474277205       -1.55818900649887
H           -6.04635430083759        1.89334318051509       -0.14819534462397
H           -5.44075801169869        0.24273277697320       -0.34502151147358
35
 energy: -53.236216925673 gnorm: 0.003076136719 xtb: 6.7.1 (edcfbbe)
C            5.19288789767023        1.13530603582320        0.78203767385739
C            3.99542527266576        1.34484438280276       -0.12560939212882
O            2.91040208566175        0.57317680583384        0.38140569151293
C            1.71981284838440        0.75256650411967       -0.22634275379842
O            1.55448771119229        1.51410988230620       -1.15775128739379
C            0.68571170867993       -0.05792626778982        0.37603410901184
C            0.83226896440637       -1.25920368571703        1.03599805575976
C            1.36139571937211       -2.38936588108822        0.22353068927958
C            0.06569686867689       -2.45868654902422       -0.68198312938301
C           -1.02721509296711       -1.58466878947832        0.02626444853756
C           -0.55594990814077       -1.71722434914389        1.46888514074403
C           -0.73671097612164       -0.05646950645066       -0.15432376978399
C           -1.78143841203425        0.80077366822267        0.53325742897475
O           -1.69376307328884        1.26450258979867        1.63993441046540
O           -2.84643570473545        0.94684479840482       -0.25834563610021
C           -3.94771389770975        1.69927431750103        0.25802538303207
C           -5.20021334418627        1.31367986154639       -0.50770571722627
H            4.95308046429398        1.45551111490772        1.79242526904247
H            5.46237819089994        0.08264138868144        0.80789852697948
H            6.03775976912825        1.71145698360216        0.41577103669677
H            4.21189741861318        1.02424032844837       -1.15203460014360
H            3.69711621545577        2.39891983620793       -0.15883364541977
H            2.24948431231511       -2.14379179771602       -0.35135961162731
H            1.52123316352672       -3.30936529211073        0.78180888594414
H           -0.28855680503278       -3.48510088859102       -0.76255338787124
H            0.28217345402561       -2.08043919944524       -1.67975040983977
H           -2.04421765041458       -1.88114836649543       -0.22959626179977
H           -0.58095491649935       -2.73196130331425        1.85829805255723
H           -1.03768818289204       -1.03398493050419        2.16232550453813
H           -0.69851319786252        0.25570109706464       -1.20210969960651
H           -4.04741220986368        1.48836005404915        1.32830300041740
H           -3.72612832283998        2.76511331715466        0.13634598887106
H           -5.05264404456719        1.48331624183289       -1.57045896604089
H           -6.03602541283556        1.91550938021195       -0.16409626976307
H           -5.43163091297674        0.26348821834898       -0.35256264430190
35
 energy: -53.236239430544 gnorm: 0.001765729271 xtb: 6.7.1 (edcfbbe)
C            5.18565938038186        1.14123394746833        0.77541854408849
C            3.98430273211392        1.35132543645501       -0.12702676594716
O            2.90346392350492        0.57430934653783        0.38047006738779
C            1.70973766046089        0.75298419191074       -0.22138694065657
O            1.53749159643526        1.51871032073254       -1.14791520320989
C            0.68202847888835       -0.06480200164456        0.38169007926692
C            0.83741281902660       -1.26742347936789        1.03711756113622
C            1.36751372076614       -2.39327770447801        0.21905274411914
C            0.06866179112233       -2.46448742211768       -0.68122459533765
C           -1.02520615912356       -1.59885849820810        0.03561493144192
C           -0.54648350309277       -1.73292682246879        1.47539748544888
C           -0.74268391028587       -0.06904230505396       -0.14350673539119
C           -1.78828378879118        0.78549024231238        0.54609236408247
O           -1.71107135859065        1.22867438972082        1.66125699322368
O           -2.83962463108608        0.95639545300621       -0.25718199458212
C           -3.93915159987241        1.71825270507428        0.24921820042215
C           -5.19123364051524        1.33101751104544       -0.51645529610503
H            4.94756378655457        1.45349359251991        1.78866687746003
H            5.46007363561018        0.08968128242846        0.79337590849051
H            6.02665266200728        1.72370955047152        0.41028435183102
H            4.19819540736493        1.03588784607494       -1.15565293312217
H            3.68287181118649        2.40471684756540       -0.15459315247619
H            2.25270037490621       -2.14350517055385       -0.35840105252622
H            1.53201855335761       -3.31409591754188        0.77456695820138
H           -0.28073485323008       -3.49220350551339       -0.76681333543978
H            0.27924661280777       -2.07940866122948       -1.67769206804634
H           -2.04198162699034       -1.90005132265188       -0.21552834883680
H           -0.56488748713661       -2.74886400839287        1.86218759779496
H           -1.02829950808870       -1.05368523965822        2.17262979167002
H           -0.70808835942584        0.24377992951313       -1.19121806523964
H           -4.04287106585351        1.51865641936837        1.32141850921595
H           -3.71189213241638        2.78177664580941        0.11652422897183
H           -5.04331914626691        1.49854129276118       -1.57952651919884
H           -6.02766359971485        1.93303962923801       -0.17452800254267
H           -5.42211857601459        0.28095547886750       -0.35920007160186
35
 energy: -53.236140403422 gnorm: 0.016644167912 xtb: 6.7.1 (edcfbbe)
C            5.16818881306402        1.16017878048844        0.75640910795413
C            3.95438335999836        1.37084414731170       -0.12982981144641
O            2.88662924847354        0.57544863786288        0.37712966670393
C            1.68423914039844        0.75242431211369       -0.20942511616725
O            1.49439118512812        1.53102211777215       -1.12181855488915
C            0.67270688159890       -0.08389661141067        0.39478156654617
C            0.84909339719494       -1.28946254524549        1.03981516251004
C            1.38271999766856       -2.40414206548390        0.20794306513581
C            0.07447463461164       -2.48364522006145       -0.67732194899920
C           -1.02067197064253       -1.63574206839521        0.05775338123983
C           -0.52416973568016       -1.77335138716077        1.49097715881277
C           -0.75771079510678       -0.10169914116143       -0.11770135090050
C           -1.80687719854446        0.74134488139449        0.58176369180813
O           -1.76303998760583        1.10922980830046        1.73345568202106
O           -2.81746116645715        0.99224619166569       -0.26110402764173
C           -3.91501651554823        1.77005066991450        0.22654276843232
C           -5.16483041395447        1.37952297592463       -0.54116133386683
H            4.93739559304235        1.45106521930318        1.77798496650691
H            5.45726258203684        0.11199098929554        0.75244744864561
H            5.99705897727756        1.76051487581971        0.39173518763712
H            4.16172598866253        1.07310873588675       -1.16574882480164
H            3.64185828523539        2.42203983946121       -0.13876708331407
H            2.25920743362749       -2.14099684475463       -0.37713149288137
H            1.56222522466432       -3.32646518342196        0.75646109761430
H           -0.26421735482886       -3.51489098284985       -0.76590562866998
H            0.26804696327960       -2.09037545781003       -1.67428754192302
H           -2.03705099132329       -1.94784692466812       -0.18248078898673
H           -0.52592890817598       -2.79249922170859        1.87063405983911
H           -1.00637783318685       -1.10477511832369        2.19805189561610
H           -0.73299215177410        0.21473192314145       -1.16450831207544
H           -4.02749710233801        1.59103731513691        1.30182990816197
H           -3.67607349696995        2.82880482607017        0.07369465595023
H           -5.01099627232388        1.53711989774802       -1.60553923317403
H           -6.00249716417372        1.98634753410166       -0.20871974295213
H           -5.39819864732874        0.33071509374571       -0.37482756445388
35
 energy: -53.236277380013 gnorm: 0.003819741409 xtb: 6.7.1 (edcfbbe)
C            5.17280523066639        1.15598856345682        0.76090261591822
C            3.96080164328506        1.36443325993074       -0.12808757689277
O            2.89005285502127        0.57392815353435        0.37935853506173
C            1.69000153321560        0.75180837586807       -0.21182808136524
O            1.50612172938161        1.52642766917275       -1.12812891150504
C            0.67350077728576       -0.07825841825830        0.39177240700757
C            0.84292356922140       -1.28226795840250        1.04051302726919
C            1.37933612140577       -2.39911855873722        0.21352094553875
C            0.07548999402842       -2.47964383511479       -0.67790231733274
C           -1.02112680318015       -1.62689100364155        0.04766508812669
C           -0.53348992474167       -1.76305056939204        1.48399698150653
C           -0.75440043218222       -0.09369605267518       -0.12701444716213
C           -1.80373224794436        0.75091479661085        0.57094884342301
O           -1.74943468340883        1.14213372057454        1.70834208052941
O           -2.82522707018364        0.97574020764808       -0.25569105686849
C           -3.91976849732387        1.75674379496192        0.23380007251003
C           -5.17131131374733        1.36851017670401       -0.53176122522277
H            4.94174991089006        1.45205838089268        1.78047809311963
H            5.46037451665455        0.10784674238994        0.76210605847318
H            6.00275948692477        1.75332307314675        0.39442828450180
H            4.16967068478544        1.06176212591837       -1.16200487862928
H            3.65074072374103        2.41598212058767       -0.14237637125165
H            2.25863087279382       -2.13691445988782       -0.36737238961621
H            1.55587068876675       -3.32044943714765        0.76426775877335
H           -0.26553981801241       -3.51044230483208       -0.76155256238098
H            0.27444828941225       -2.09366533310686       -1.67615232398168
H           -2.03657064421761       -1.93651870826322       -0.19864300383309
H           -0.53899342508394       -2.78171069796914        1.86433621438528
H           -1.01898176867514       -1.09344572481233        2.18757710154042
H           -0.72562274541113        0.22385771941846       -1.17321861948349
H           -4.03088771292948        1.57814641192694        1.30906396673665
H           -3.67781830097222        2.81460896632050        0.08097960765457
H           -5.02183222055969        1.53284155128305       -1.59555977787456
H           -6.00933912461379        1.97086384526095       -0.19265299081610
H           -5.40120189429283        0.31815340663582       -0.37097903386732
35
 energy: -53.236292821564 gnorm: 0.001247957512 xtb: 6.7.1 (edcfbbe)
C            5.17258567822711        1.15739532917765        0.76000954863801
C            3.95971815577693        1.36522594038753       -0.12776851662391
O            2.88995261845579        0.57364786364981        0.37993802966323
C            1.68943065760031        0.75131031800792       -0.21068629781407
O            1.50536852324915        1.52636327237966       -1.12681177412331
C            0.67285255110911       -0.07922490879209        0.39242169984745
C            0.84195925334813       -1.28326293590672        1.04140344003950
C            1.37993744267171       -2.39930485098625        0.21455272765724
C            0.07628771359720       -2.48167485427977       -0.67740392330772
C           -1.02109252692399       -1.62827341364500        0.04679986967551
C           -0.53472837644848       -1.76446396521545        1.48373818360200
C           -0.75444475670784       -0.09508897217990       -0.12767456420492
C           -1.80441694553499        0.74908618942915        0.56988508359320
O           -1.75055376766896        1.13924896297397        1.70616339862730
O           -2.82400035833497        0.97837728193006       -0.25777510629474
C           -3.91828660487278        1.75813178702353        0.23369643067781
C           -5.17064319059570        1.37104703369873       -0.53120828619775
H            4.94223176480820        1.45297996661084        1.77985120912865
H            5.46093293503769        0.10954117525414        0.76050487440599
H            6.00168858476031        1.75559390890790        0.39313028027414
H            4.16778136901074        1.06340944725221       -1.16195902547604
H            3.64879295934855        2.41639832124542       -0.14110803088161
H            2.25872363290778       -2.13531813961510       -0.36630673022145
H            1.55833886565895       -3.32059906038782        0.76478553294916
H           -0.26432050422754       -3.51292912892640       -0.75847794218397
H            0.27567517899613       -2.09781637398400       -1.67653960978715
H           -2.03627844993620       -1.93779883754622       -0.20097052577292
H           -0.54053639564818       -2.78310454019242        1.86388914625104
H           -1.02105991566725       -1.09497410150632        2.18682645783954
H           -0.72579471191608        0.22273652284869       -1.17380704024265
H           -4.02802394095481        1.57727713368290        1.30837956282305
H           -3.67675915731582        2.81593584661810        0.08264854784812
H           -5.02256137894824        1.53645387281179       -1.59481375339631
H           -6.00805834137744        1.97292889670097       -0.19055616330987
H           -5.40069856148492        0.32074501257516       -0.37162461971004
35
 energy: -53.236316143429 gnorm: 0.002570426660 xtb: 6.7.1 (edcfbbe)
C            5.17101741477417        1.16349411382754        0.75594710926750
C            3.95431096585027        1.36935581739514       -0.12664533719437
O            2.88873282440105        0.57262450316622        0.38162046634946
C            1.68686865242548        0.74815481277659       -0.20758443887288
O            1.50146870635178        1.52558307533637       -1.12171789086117
C            0.67039952768116       -0.08342075832172        0.39417270041884
C            0.83871048780322       -1.28711354534839        1.04428678316830
C            1.38228788267656       -2.40056883826578        0.21839515848130
C            0.07927230330055       -2.48931817178409       -0.67499118531101
C           -1.02084786508427       -1.63409651920754        0.04378790086524
C           -0.53865358962390       -1.77011525263533        1.48249742856682
C           -0.75491776945736       -0.10076296718494       -0.13022917224613
C           -1.80654140844477        0.74227031042265        0.56658913423867
O           -1.75970799754910        1.11803863744089        1.70678991242116
O           -2.81744633133015        0.98909625679987       -0.26492398028860
C           -3.91154603786547        1.76466555592081        0.23272021663798
C           -5.16657675703279        1.38159667396994       -0.53015865159818
H            4.94375104393667        1.45627603036091        1.77719813288049
H            5.46294642215523        0.11682342773404        0.75295107928823
H            5.99654918790201        1.76543983563283        0.38738065721007
H            4.15955073198005        1.07146646252900       -1.16221564681792
H            3.63960286375222        2.41916372794790       -0.13577490199675
H            2.25931035492628       -2.13039325714582       -0.36223232181585
H            1.56690272810887       -3.32151244351308        0.76708657591680
H           -0.26032226136471       -3.52169770182685       -0.74710992948251
H            0.27925822071989       -2.11342311534466       -1.67713852544645
H           -2.03491294137984       -1.94426717555525       -0.20829729455034
H           -0.54473555632988       -2.78882109248227        1.86192697414222
H           -1.02796055724017       -1.10138018518313        2.18414252257316
H           -0.72564247066664        0.21771831518557       -1.17608022657701
H           -4.01775785310984        1.57693596042511        1.30601655194343
H           -3.67189997541115        2.82295290273222        0.08692346543703
H           -5.02155609111699        1.55007292592585       -1.59338761559649
H           -6.00167329615877        1.98368030296698       -0.18527003154414
H           -5.39824155958009        0.33148137530548       -0.37354350561451
35
 energy: -53.236335662958 gnorm: 0.001717361927 xtb: 6.7.1 (edcfbbe)
C            5.16646464848248        1.17052430063792        0.75008313795160
C            3.94538503299035        1.37555696690359       -0.12665436928416
O            2.88449545161109        0.57292242502613        0.38232782049860
C            1.68038159400284        0.74680068187603       -0.20312471773505
O            1.49110950978358        1.52644935914041       -1.11460503196543
C            0.66709923978805       -0.08953712387507        0.39730502832601
C            0.83893306518293       -1.29340368056692        1.04642736803958
C            1.38657089256819       -2.40365548470714        0.21921658896304
C            0.08280196166921       -2.49754549345553       -0.67294891259273
C           -1.01948303796436       -1.64483122410698        0.04585332288051
C           -0.53692563012278       -1.78082995229031        1.48446526531525
C           -0.75801937432615       -0.11058123671191       -0.12754028345771
C           -1.81111346368044        0.72967153783593        0.57060708149663
O           -1.77456123150346        1.08468925411373        1.71855022480603
O           -2.80919143891970        1.00198719270225       -0.26974036560502
C           -3.90297725008880        1.77812070083320        0.22807537846534
C           -5.15944872626789        1.39690213127070       -0.53367244600942
H            4.94212848250606        1.45765302063160        1.77369784060594
H            5.46293181095885        0.12506555263623        0.74101953931288
H            5.98795225152913        1.77776584858494        0.38090606957457
H            4.14743635820586        1.08307653642429       -1.16443869371348
H            3.62675143050339        2.42426632600698       -0.12982743057659
H            2.26144629631012       -2.12806606480771       -0.36218761200364
H            1.57663017542169       -3.32458044207441        0.76604268419939
H           -0.25414657662102       -3.53098980620014       -0.74202807245136
H            0.28062110959059       -2.12346695488312       -1.67612705643457
H           -2.03259913061909       -1.95790832154073       -0.20663247089393
H           -0.54018633300223       -2.80001114986912        1.86272809838253
H           -1.02818170788762       -1.11403534869643        2.18659162733665
H           -0.72970660069742        0.20863753063037       -1.17318871110330
H           -4.00878812680934        1.58995339305244        1.30144571827889
H           -3.66248105598948        2.83626051437735        0.08182568823183
H           -5.01580132071422        1.56607980081913       -1.59700902435463
H           -5.99303909423615        2.00004531827321       -0.18691391383085
H           -5.39248921165474        0.34701389201282       -0.37739725666125
35
 energy: -53.236093204554 gnorm: 0.021945859933 xtb: 6.7.1 (edcfbbe)
C            5.14138227199487        1.20503534513578        0.72095101286673
C            3.89908731702109        1.40685297142739       -0.12710369129194
O            2.86085857615349        0.57549172017306        0.38483583064577
C            1.64636850365312        0.73876209309219       -0.18354293166234
O            1.43562306358492        1.53134167601789       -1.07997143347758
C            0.65030832663946       -0.12054538873839        0.41284258030062
C            0.84191796816172       -1.32489833430217        1.05660196626001
C            1.40856063987050       -2.41992630478159        0.22256958038696
C            0.10164305477481       -2.53597968811800       -0.66372640408175
C           -1.01239450317214       -1.70032437676853        0.05852578823026
C           -0.52524086321651       -1.83581981187346        1.49550544646712
C           -0.77540583170909       -0.16111452799194       -0.11163605583507
C           -1.83478813534719        0.66695036312823        0.59225233230122
O           -1.85126390079898        0.91833001464476        1.77856096657235
O           -2.76852011206762        1.06180262528272       -0.28849789559533
C           -3.85930937182368        1.84699148152245        0.20406664891668
C           -5.12244860476506        1.47401615935185       -0.55203948784747
H            4.93118821742596        1.46292402433806        1.75625607525588
H            5.46014928221860        0.16575620821093        0.68087611337885
H            5.94300790720445        1.83854570476322        0.34985155989856
H            4.08580495703630        1.14034448716805       -1.17545486645718
H            3.56208065284228        2.45036413111403       -0.10163816161156
H            2.27398626691106       -2.12012244320686       -0.36178122398087
H            1.62255334244326       -3.34035223651320        0.76161754365732
H           -0.22033743034263       -3.57468772254867       -0.72435738085673
H            0.28823371852652       -2.16506459696658       -1.66985599753200
H           -2.02073451445698       -2.02977529301901       -0.19357001019717
H           -0.51224265970803       -2.85740499368068        1.86801430975438
H           -1.02613011827040       -1.17976749918968        2.20102733439407
H           -0.75182691095062        0.16144046738662       -1.15632950373879
H           -3.96553043133198        1.66502790421547        1.27920249515284
H           -3.61026642292153        2.90274178789592        0.04861425744882
H           -4.98585854649840        1.64712799779956       -1.61608215230593
H           -5.94982985426880        2.08121016945943       -0.19598535559403
H           -5.36062585481354        0.42472588557820       -0.39746717583177
35
 energy: -53.236353786983 gnorm: 0.005742181250 xtb: 6.7.1 (edcfbbe)
C            5.15073075890847        1.19051673653974        0.73311321198808
C            3.91734111055228        1.39397531169726       -0.12690724167173
O            2.86945141905058        0.57515141423095        0.38416200679001
C            1.65946630098750        0.74262870316828       -0.19139764631214
O            1.45750497664642        1.52873471072232       -1.09469221983480
C            0.65677547324337       -0.10783663423534        0.40641493259386
C            0.84095166187137       -1.31187917265478        1.05232318630216
C            1.39996599747570       -2.41333238240109        0.22133022231891
C            0.09487917426492       -2.51984080755795       -0.66787036153859
C           -1.01485324963147       -1.67842711650942        0.05342743187891
C           -0.52949978057364       -1.81386599887047        1.49095041622875
C           -0.76882404643763       -0.14111818700333       -0.11810118432256
C           -1.82503460579696        0.69287972502198        0.58308863966325
O           -1.81807916544361        0.99209243015732        1.75070588310030
O           -2.78658633275178        1.03281061889300       -0.27805397791258
C           -3.87703889944600        1.81859444929734        0.21398286881277
C           -5.13773846303210        1.44267091678698       -0.54400361612094
H            4.93463065068384        1.46012960418137        1.76363611227051
H            5.46015070529329        0.14869132557091        0.70554687539566
H            5.96065706799739        1.81311927668859        0.36310346672433
H            4.11024672147892        1.11635393662942       -1.17087244482758
H            3.58845881511808        2.43982260873520       -0.11346635191246
H            2.26987880000225       -2.12420369637835       -0.36116107489807
H            1.60288130058327       -3.33388184647344        0.76398176105141
H           -0.23266932353165       -3.55630954499170       -0.73444737196631
H            0.28622313489033       -2.14552185177104       -1.67189273532145
H           -2.02496074355406       -2.00196093481100       -0.19836469453926
H           -0.52247364005402       -2.83450689425978        1.86596319277722
H           -1.02681232354446       -1.15367586662545        2.19510290236946
H           -0.74280072017555        0.17976406850382       -1.16330015866941
H           -3.98417732694097        1.63771128799637        1.28923464809043
H           -3.62910393515682        2.87474822129544        0.05922834827174
H           -4.99851468804423        1.61488065149873       -1.60790633201329
H           -5.96757038245733        2.04824685654072       -0.19086771039751
H           -5.37345644247638        0.39283808039309       -0.38885887037767
35
 energy: -53.236370729879 gnorm: 0.003022281193 xtb: 6.7.1 (edcfbbe)
C            5.15060291307640        1.18957204902287        0.73433179077681
C            3.91833932649282        1.39361708649213       -0.12684559462390
O            2.86942875727991        0.57614411462338        0.38399896945529
C            1.66025813026921        0.74266607071728       -0.19301645915000
O            1.45864980877412        1.52767548207637       -1.09732108496961
C            0.65726687856649       -0.10712955710198        0.40518319542071
C            0.84102702208783       -1.31074444122035        1.05179591129401
C            1.39897713488529       -2.41347302200806        0.22181586572822
C            0.09465114476830       -2.51846194661778       -0.66843203706507
C           -1.01506903566443       -1.67716669538603        0.05312137346683
C           -0.52965102382941       -1.81177310476891        1.49068550228590
C           -0.76853995625434       -0.14013408675551       -0.11909387370083
C           -1.82421747874907        0.69493825567570        0.58122202678197
O           -1.81597684214132        0.99845145291052        1.74650563907523
O           -2.78716134918899        1.03112087573974       -0.27786783576495
C           -3.87751066951246        1.81592234363226        0.21527079043720
C           -5.13828857668527        1.44054707471438       -0.54282034131785
H            4.93400303967081        1.46038772059393        1.76416155151526
H            5.45831236235210        0.14753382039899        0.70799357891941
H            5.96168547804962        1.81054242568122        0.36484014006941
H            4.11159624717126        1.11492634411361       -1.17026111158735
H            3.59064406957667        2.43963644992280       -0.11446951300145
H            2.26990065068797       -2.12677133710779       -0.36013004556744
H            1.59961087556177       -3.33369571231565        0.76572819202505
H           -0.23295106501145       -3.55473803207637       -0.73743463427755
H            0.28713093624960       -2.14213052520608       -1.67157057665000
H           -2.02523164859756       -2.00057482326626       -0.19835820041944
H           -0.52311611801083       -2.83197528396534        1.86663385349740
H           -1.02658415468378       -1.15084862102173        2.19434368817286
H           -0.74224528326549        0.18010556281932       -1.16450176139023
H           -3.98416590713541        1.63405785393287        1.29022030137808
H           -3.62963605692582        2.87196850169197        0.06181153630355
H           -4.99920417394336        1.61276095916442       -1.60666507954640
H           -5.96804499964572        2.04617623400529       -0.18978092646283
H           -5.37449043627614        0.39086651089441       -0.38796271711682
35
 energy: -53.236381267984 gnorm: 0.000575658426 xtb: 6.7.1 (edcfbbe)
C            5.14912297361233        1.18963776188717        0.73495812808589
C            3.91756951363354        1.39495855214437       -0.12672925811930
O            2.86813538294164        0.57798839087527        0.38361948709120
C            1.65983207414723        0.74246817557244       -0.19515009994679
O            1.45795203481596        1.52599160625283       -1.10064249197469
C            0.65729145305440       -0.10740204923427        0.40361277623314
C            0.84143109741373       -1.31032876543922        1.05113088653417
C            1.39845752937173       -2.41465606137416        0.22256313615261
C            0.09492305275225       -2.51820107736403       -0.66872178641164
C           -1.01505785807301       -1.67781520872179        0.05345819144731
C           -0.52905079421880       -1.81102692539237        1.49089325163154
C           -0.76896511242099       -0.14098206366449       -0.11993379119875
C           -1.82414735504621        0.69470343183800        0.57989892159288
O           -1.81661097244846        0.99887556319086        1.74392478577901
O           -2.78592694177508        1.03147914709236       -0.27798744842718
C           -3.87613056242576        1.81542983537598        0.21614110339401
C           -5.13700566993986        1.44087180035013       -0.54205611310851
H            4.93232889272442        1.46059325477306        1.76454886745116
H            5.45544030250286        0.14736730345993        0.70863699689079
H            5.96103911710181        1.80966163190973        0.36610702093487
H            4.11085864928450        1.11629697388113       -1.17000947766592
H            3.59069342517065        2.44111110898893       -0.11421324425330
H            2.27068775018026       -2.13108912998904       -0.35883967614525
H            1.59621419851642       -3.33437690573485        0.76838208059376
H           -0.23224118061654       -3.55434483431711       -0.74148713254651
H            0.28850208499127       -2.13857566758858       -1.67051509775322
H           -2.02515861308031       -2.00180607429472       -0.19720316986157
H           -0.52237506541659       -2.83068555020969        1.86808370928982
H           -1.02583752033768       -1.14940944141982        2.19394616975191
H           -0.74296929976339        0.17849145301627       -1.16560781146572
H           -3.98251458054660        1.63223040200401        1.29067899571256
H           -3.62816670002546        2.87134944264580        0.06410054681071
H           -4.99759846987273        1.61244523513307       -1.60589844304534
H           -5.96643804049604        2.04721621580199       -0.18963794091172
H           -5.37428479571216        0.39153246855645       -0.38691995855042
35
 energy: -53.236389083056 gnorm: 0.000881254863 xtb: 6.7.1 (edcfbbe)
C            5.14597741819121        1.19184634953879        0.73405116165199
C            3.91396707257166        1.39861114193742       -0.12661477676024
O            2.86521796300294        0.58038049335712        0.38307284158812
C            1.65730054831756        0.74183428829297       -0.19697359324167
O            1.45412896412532        1.52405713357335       -1.10327676825563
C            0.65638258335102       -0.10950985133148        0.40239208439187
C            0.84228229566157       -1.31169036926694        1.05062895783304
C            1.39910340610931       -2.41713025286995        0.22324700610876
C            0.09604463070065       -2.52023089657238       -0.66855664953618
C           -1.01466331182214       -1.68188548502343        0.05484380471557
C           -0.52732362649497       -1.81342804458373        1.49190509469132
C           -0.77059982360315       -0.14493007438372       -0.11971818252788
C           -1.82560348933868        0.69030259633460        0.58061836102400
O           -1.82193392647256        0.98787379483655        1.74598780129239
O           -2.78201671747936        1.03603591393345       -0.27870027441742
C           -3.87220291080136        1.81955967040779        0.21584332986944
C           -5.13305572744024        1.44571122140057       -0.54268967311273
H            4.92975515795696        1.46118877042211        1.76412203090186
H            5.45192348132196        0.14958794680686        0.70594118987941
H            5.95785501438172        1.81221863577689        0.36584367547337
H            4.10662550925342        1.12193486681342       -1.17050242776485
H            3.58693031813746        2.44467049922484       -0.11193251903454
H            2.27226154710496       -2.13597357249933       -0.35793881005517
H            1.59488865084847       -3.33626277785936        0.77091857481841
H           -0.22986521904714       -3.55651002367768       -0.74490990247068
H            0.28989711838027       -2.13719966347747       -1.66909758055792
H           -2.02454761091060       -2.00745446918622       -0.19453267849216
H           -0.51935271347508       -2.83268588560572        1.87006663885075
H           -1.02435653099184       -1.15170871238073        2.19467196780899
H           -0.74586367057133        0.17400351297414       -1.16558396844683
H           -3.97868063540719        1.63533436238772        1.29010067269977
H           -3.62390548951667        2.87535690029080        0.06460976704790
H           -4.99264557123208        1.61556414256033       -1.60666589818354
H           -5.96196901782606        2.05360481327155       -0.19177183493822
H           -5.37195568698668        0.39692302458273       -0.38626730885985
35
 energy: -53.236409096059 gnorm: 0.001100310204 xtb: 6.7.1 (edcfbbe)
C            5.13549126498455        1.20137207325682        0.72863215422800
C            3.89979021981965        1.41117491633488       -0.12621210552233
O            2.85539408543285        0.58647207980673        0.38210126982165
C            1.64719361443550        0.73924814279813       -0.19959616557799
O            1.43918732448377        1.51908675979348       -1.10678937798745
C            0.65211379320780       -0.11801246980757        0.40103793006238
C            0.84464437628031       -1.31851998141972        1.05029129864108
C            1.40329942009060       -2.42468029303296        0.22474445322712
C            0.10059561758381       -2.52993906037218       -0.66699574544753
C           -1.01290076064194       -1.69804041535150        0.05954300234376
C           -0.52168739868985       -1.82579143754818        1.49545598017651
C           -0.77667811057953       -0.16009184915454       -0.11727824838371
C           -1.83213456760632        0.67208605428999        0.58596499753432
O           -1.84408237662272        0.94003065751671        1.75940262218053
O           -2.76786035460855        1.05401353980680       -0.28114551218116
C           -3.85783721864685        1.83841131979944        0.21265562723007
C           -5.11882129910989        1.46617613283617       -0.54657121117348
H            4.92245399070812        1.46358817347111        1.76124787737580
H            5.44322180077574        0.15981030645898        0.69272414442990
H            5.94494288002217        1.82558516227276        0.36141150458883
H            4.08930134851572        1.14262222680542       -1.17287158423775
H            3.57014623679515        2.45640634807124       -0.10274890472453
H            2.27730969115763       -2.14607624215810       -0.35654687551509
H            1.59767539766615       -3.34235449961576        0.77577000045024
H           -0.22074694316396       -3.56719032528509       -0.74962614504093
H            0.29325229703586       -2.14035569760647       -1.66536298419085
H           -2.02177085409831       -2.02921679098464       -0.18665500114671
H           -0.50835784275213       -2.84456743445592        1.87485239589438
H           -1.02049837411486       -1.16549440023475        2.19827375484829
H           -0.75607976067388        0.15831285167805       -1.16334783252258
H           -3.96521719310147        1.65379135273308        1.28675896560962
H           -3.60756016627409        2.89362249748608        0.06096289671297
H           -4.97545525699345        1.63078512669379       -1.61104510499556
H           -5.94614900938664        2.07880494913350       -0.20000110576206
H           -5.36217587193176        0.41893022599104       -0.38590485695460
35
 energy: -53.236409741451 gnorm: 0.005546875252 xtb: 6.7.1 (edcfbbe)
C            5.12129950270268        1.21545152874052        0.71978924667836
C            3.87904898696979        1.42765421549369       -0.12539761271335
O            2.84196457337373        0.59317769884414        0.38227812138146
C            1.63229156067157        0.73536070073015       -0.19980470601598
O            1.41775536909639        1.51307240665735       -1.10730763971553
C            0.64514463394814       -0.13033797699131        0.40190917502995
C            0.84710659925712       -1.32936768146217        1.05117919867332
C            1.41075272909372       -2.43352600416066        0.22605911350910
C            0.10761130820068       -2.54497331480870       -0.66427459230045
C           -1.01021779186744       -1.72154012309720        0.06555798773274
C           -0.51464291736894       -1.84581742582433        1.50012981616443
C           -0.78529547824922       -0.18189527335621       -0.11270411549704
C           -1.84216455764756        0.64588364325194        0.59434232599591
O           -1.87631121657145        0.87276674913864        1.77815649463592
O           -2.74868239580100        1.07782012953979       -0.28347331389934
C           -3.83739560548059        1.86680297666244        0.20684890895541
C           -5.09924806952341        1.49640815152209       -0.55221099558164
H            4.91348211046429        1.46720696844394        1.75634904889146
H            5.43357464429557        0.17534246764560        0.67241638487630
H            5.92575892002336        1.84669734623196        0.35285908992050
H            4.06324766406731        1.17036256301325       -1.17605785931256
H            3.54462700266665        2.47134900961418       -0.08963170746739
H            2.28378707156692       -2.15300801144758       -0.35608204254398
H            1.60821028779308       -3.34976162777917        0.77881120126249
H           -0.20715513715855       -3.58398023190473       -0.75033262614409
H            0.29688630460458       -2.15070030770771       -1.66148107828836
H           -2.01733944313220       -2.06043127759418       -0.17768072268998
H           -0.49341052169855       -2.86463672998847        1.87938934591085
H           -1.01683311136515       -1.18899484986317        2.20376188984789
H           -0.76948616707793        0.13672723654342       -1.15872928168551
H           -3.94635190800588        1.68567816163730        1.28159553719678
H           -3.58287767970531        2.92058803003670        0.05058267588521
H           -4.95317705631361        1.65488494658166       -1.61736411796890
H           -5.92431445430715        2.11473813824442       -0.21008240806408
H           -5.34764575752256        0.45099776742064       -0.38626862866918
35
 energy: -53.236431528142 gnorm: 0.000994728055 xtb: 6.7.1 (edcfbbe)
C            5.12142297653458        1.21544438092933        0.71933817460975
C            3.87893504580392        1.42691585876887       -0.12530314134363
O            2.84214928025619        0.59261026043892        0.38296023838012
C            1.63220498723219        0.73508063738454       -0.19847386346001
O            1.41772384884515        1.51316912334364       -1.10567319538774
C            0.64483865389814       -0.13017082490164        0.40346989155299
C            0.84696736010358       -1.32966749820861        1.05174157958269
C            1.41091243931752       -2.43240067021466        0.22530119562360
C            0.10725741493380       -2.54479793053100       -0.66416593046276
C           -1.01042238932893       -1.72118991199894        0.06594246321778
C           -0.51460256851963       -1.84659292620919        1.50037825345308
C           -0.78532217418165       -0.18149373795382       -0.11158890305539
C           -1.84281353440803        0.64667895765802        0.59377522101505
O           -1.88044316696840        0.87246212417781        1.77544498671805
O           -2.74765431488796        1.07831846569313       -0.28333734533168
C           -3.83659565393857        1.86685332962225        0.20657703816140
C           -5.09869139943528        1.49606681484960       -0.55215065039294
H            4.91401144133918        1.46755484745811        1.75570198704171
H            5.43370015657259        0.17555209649462        0.67223840791427
H            5.92562662548773        1.84658782273447        0.35219104041748
H            4.06246322337735        1.16918308276867       -1.17574380761311
H            3.54453915572197        2.47038170104939       -0.08981932399010
H            2.28261398236994       -2.14980871560946       -0.35745724081490
H            1.61072187793941       -3.34878915670363        0.77651152032689
H           -0.20732550805582       -3.58396059494546       -0.74838260745700
H            0.29575981538446       -2.15185213996720       -1.66199508733425
H           -2.01749600837281       -2.05981310320085       -0.17762115222655
H           -0.49325811749073       -2.86561428559125        1.87877586384916
H           -1.01665760671603       -1.19044114079501        2.20458508284584
H           -0.76880686213190        0.13741222468684       -1.15752293222308
H           -3.94528800393919        1.68644553233361        1.28131326201821
H           -3.58250957609208        2.92044898198828        0.04962710589332
H           -4.95301477243089        1.65394891087267       -1.61731194265418
H           -5.92362015001171        2.11453764489387       -0.21038481993714
H           -5.34732647820900        0.45093983869231       -0.38580925494622
35
 energy: -53.236436947275 gnorm: 0.001288839777 xtb: 6.7.1 (edcfbbe)
C            5.12172943299672        1.21516858564956        0.71863010145979
C            3.87874159678020        1.42575321709091       -0.12526086695287
O            2.84229247697359        0.59194880147653        0.38427782914962
C            1.63187522384725        0.73524993737857       -0.19603058068950
O            1.41756916035660        1.51377923256299       -1.10294052647219
C            0.64422998868936       -0.12966361776793        0.40582025349071
C            0.84672096863155       -1.32996755549061        1.05248081698175
C            1.41152942835648       -2.43037753341622        0.22382703568333
C            0.10683277310068       -2.54456635232479       -0.66404907646011
C           -1.01058957690766       -1.72082188725811        0.06633591697827
C           -0.51466352078986       -1.84755433175069        1.50067243164344
C           -0.78536717343740       -0.18117341644720       -0.11017005220553
C           -1.84464046828614        0.64553870353139        0.59457239101437
O           -1.88537907622802        0.87038435869020        1.77558690307185
O           -2.74646119006406        1.07891999006288       -0.28294528907374
C           -3.83567547354503        1.86769340190817        0.20555626460440
C           -5.09784527175773        1.49571075946248       -0.55260496450177
H            4.91497903862088        1.46812004451529        1.75483592199445
H            5.43417755670848        0.17542184404120        0.67215200446846
H            5.92548601921192        1.84621383019210        0.35061084127208
H            4.06137183969224        1.16701935035892       -1.17547308171335
H            3.54433292586132        2.46908872916266       -0.09047326157594
H            2.28124185417716       -2.14401356304712       -0.35994526162758
H            1.61510616871739       -3.34728137360351        0.77253934341815
H           -0.20766164250274       -3.58397628481288       -0.74509683807985
H            0.29363547781907       -2.15391974937562       -1.66302938026005
H           -2.01766213414360       -2.05908673981502       -0.17755157003129
H           -0.49314882654920       -2.86697635059660        1.87782689148970
H           -1.01687975638719       -1.19224646167331        2.20554600600800
H           -0.76779291920290        0.13831924099787       -1.15598832085272
H           -3.94470174265341        1.68848790727968        1.28035687262544
H           -3.58193081722649        2.92104472273371        0.04729382151608
H           -4.95235292213615        1.65220892748449       -1.61792242584948
H           -5.92257752656408        2.11465576387710       -0.21146171539098
H           -5.34652189216015        0.45089786893111       -0.38484632114226
35
 energy: -53.236441152897 gnorm: 0.000796009500 xtb: 6.7.1 (edcfbbe)
C            5.12211019970349        1.21479580593263        0.71794219891370
C            3.87854251820101        1.42454784621606       -0.12529815103188
O            2.84226543878752        0.59131591411752        0.38552911127290
C            1.63142300946894        0.73541324623766       -0.19380441839571
O            1.41703885059943        1.51471432439983       -1.10008143713853
C            0.64361155312233       -0.12921000001355        0.40809407536379
C            0.84653231273633       -1.33031425625224        1.05326123430782
C            1.41223326762599       -2.42850445394853        0.22236605443925
C            0.10654217670305       -2.54441955251287       -0.66402015809461
C           -1.01058884818368       -1.72062433212029        0.06659716404609
C           -0.51461230665155       -1.84882127365422        1.50086340969855
C           -0.78561699651733       -0.18085186507437       -0.10846262654112
C           -1.84562996738472        0.64540098461832        0.59595750402246
O           -1.88943007198593        0.86681295592664        1.77785537550417
O           -2.74525818560284        1.08072465870131       -0.28256071162491
C           -3.83539973773755        1.86912432187983        0.20440833226767
C           -5.09726195001810        1.49527526310278       -0.55341325636076
H            4.91606887793546        1.46868993859595        1.75408217693487
H            5.43471646976469        0.17505541119188        0.67217907880453
H            5.92549796434238        1.84565953066721        0.34874240656912
H            4.06051526205757        1.16469751969330       -1.17536114821646
H            3.54416811380227        2.46792534342383       -0.09141525962693
H            2.28020019293323       -2.13836186483308       -0.36225496705567
H            1.61934690391378       -3.34598862664073        0.76876365322062
H           -0.20766247583081       -3.58414790222845       -0.74218819818153
H            0.29167014182941       -2.15593013282552       -1.66410693722988
H           -2.01769003563487       -2.05863308308357       -0.17755298374576
H           -0.49282616481380       -2.86870314212681        1.87679773335404
H           -1.01702102567543       -1.19436465716854        2.20642081011709
H           -0.76724812501784        0.13966976242537       -1.15395354998750
H           -3.94458567047025        1.69152607044281        1.27945923390505
H           -3.58222988490977        2.92231179444803        0.04437540735724
H           -4.95172372087005        1.65000897760798       -1.61898970925389
H           -5.92218581669617        2.11454508649634       -0.21331021823426
H           -5.34551226952711        0.45066038636569       -0.38378911538894
35
 energy: -53.236445370973 gnorm: 0.000778650599 xtb: 6.7.1 (edcfbbe)
C            5.12279795545886        1.21386251161555        0.71658359635317
C            3.87820032438384        1.42216228845775       -0.12558375699570
O            2.84188593117553        0.59044559628757        0.38777660790941
C            1.63008027362756        0.73658409105598       -0.18928962456443
O            1.41530310294880        1.51710496848176       -1.09447377756808
C            0.64233442588567       -0.12822027235410        0.41236338796120
C            0.84644560856564       -1.33079741354412        1.05468472801922
C            1.41377026317560       -2.42498169238826        0.21957979735640
C            0.10633926446875       -2.54344849568955       -0.66417902006060
C           -1.01041526819786       -1.72064676479480        0.06758361534441
C           -0.51396316260213       -1.85150097307917        1.50155334402684
C           -0.78651893747549       -0.18054899680395       -0.10494901652505
C           -1.84926989369686        0.64248365577087        0.59926742422919
O           -1.89733591909856        0.85804444817808        1.78259880597611
O           -2.74329782488852        1.08471921608496       -0.28197606860380
C           -3.83481897585859        1.87320728679926        0.20193677860227
C           -5.09589423251811        1.49465816125035       -0.55500699994951
H            4.91820403594555        1.46977936139978        1.75256726163707
H            5.43547153083456        0.17401353655794        0.67240011798007
H            5.92566980564732        1.84406947566846        0.34494826174922
H            4.05905181377476        1.16003583493993       -1.17536851422618
H            3.54420408490737        2.46578488184848       -0.09361442318521
H            2.27886095517387       -2.12841182113177       -0.36632527119310
H            1.62675096167805       -3.34356982302862        0.76191277890569
H           -0.20717762189039       -3.58374615581789       -0.73791361823524
H            0.28852814891691       -2.15835149440166       -1.66606876881772
H           -2.01750784202854       -2.05854735923867       -0.17694381997264
H           -0.49129477514248       -2.87227926768004        1.87509042560413
H           -1.01694621745284       -1.19891239923828        2.20845969223363
H           -0.76755127623101        0.14191740362701       -1.14984639099342
H           -3.94417358489594        1.69900240121487        1.27756555066793
H           -3.58289796757887        2.92613478499336        0.03792999531935
H           -4.95009854980307        1.64519686230371       -1.62119126214774
H           -5.92170611119534        2.11435290842318       -0.21774181606369
H           -5.34303032601497        0.45040325424019       -0.38119790678261
35
 energy: -53.236447703079 gnorm: 0.000585305808 xtb: 6.7.1 (edcfbbe)
C            5.12274125834865        1.21322529009945        0.71595739068260
C            3.87783852739055        1.42123697718355       -0.12585920523951
O            2.84130581782112        0.59026108016195        0.38834058127696
C            1.62908573011344        0.73725899679007       -0.18772784417342
O            1.41373313447614        1.51870727811394       -1.09193831778739
C            0.64160468699594       -0.12784024901210        0.41403650897825
C            0.84653072764789       -1.33089919474075        1.05522035450471
C            1.41443771812158       -2.42376745503934        0.21870022124311
C            0.10662468407847       -2.54294984614666       -0.66434918045270
C           -1.01021830751724       -1.72101789316316        0.06806662744503
C           -0.51339352718448       -1.85285701511888        1.50185016052513
C           -0.78729983269204       -0.18056012280430       -0.10327162695001
C           -1.85021804100159        0.64244448916219        0.60068197734139
O           -1.90163197170087        0.85332984602538        1.78464912278047
O           -2.74171415427106        1.08789768665286       -0.28187471842721
C           -3.83444933224626        1.87550223764441        0.20082324503548
C           -5.09512856215894        1.49417979637683       -0.55543529921738
H            4.91880681971497        1.47012122556531        1.75181757934780
H            5.43513741809456        0.17324658431551        0.67253050050755
H            5.92561677303826        1.84284449035702        0.34331854260664
H            4.05837631476072        1.15813848013038       -1.17547444514496
H            3.54424578009202        2.46502500248379       -0.09473345359902
H            2.27885185167085       -2.12562955112007       -0.36735073575016
H            1.62878533135789       -3.34262910265306        0.75994328117397
H           -0.20624112758746       -3.58347081279350       -0.73789270324097
H            0.28797387677557       -2.15783628765733       -1.66635060891405
H           -2.01721628965170       -2.05924796451711       -0.17646392793088
H           -0.48996120682536       -2.87397098376105        1.87441419084338
H           -1.01667902850300       -1.20127257858003        2.20944010299851
H           -0.76816350199895        0.14247442184327       -1.14798185007426
H           -3.94335202355179        1.70331918008438        1.27681285012882
H           -3.58385009354260        2.92838403525593        0.03452243975176
H           -4.94911299671620        1.64244547276995       -1.62192854124047
H           -5.92173848585159        2.11383346022060       -0.21998458780618
H           -5.34132796749842        0.45007302587877       -0.37937651723245
35
 energy: -53.236452903640 gnorm: 0.000802468130 xtb: 6.7.1 (edcfbbe)
C            5.12199953065151        1.21152005375987        0.71449319336060
C            3.87668867150179        1.41945535497026       -0.12677676704807
O            2.83954728222251        0.59020197351927        0.38905911343584
C            1.62637203627828        0.73932556370205       -0.18458050466221
O            1.40961136823734        1.52286070399928       -1.08655505334431
C            0.63976950505374       -0.12695165214352        0.41720995139850
C            0.84684420763258       -1.33081858965120        1.05615067162775
C            1.41593471057268       -2.42149778448059        0.21741191322393
C            0.10787414267721       -2.54117959419470       -0.66502679257199
C           -1.00971826762931       -1.72228887748058        0.06943962519070
C           -0.51186201393434       -1.85571132151705        1.50271859827009
C           -0.78936370151316       -0.18109068177904       -0.09989646029415
C           -1.85353477598247        0.64041610471450        0.60393075505298
O           -1.91251129719236        0.84158171156769        1.78914638380316
O           -2.73772635738298        1.09540090230108       -0.28183533240880
C           -3.83278941041782        1.88150041646676        0.19806181416997
C           -5.09272640729563        1.49304880650484       -0.55599402927170
H            4.91941126562194        1.47062465989271        1.75004810471405
H            5.43321821570867        0.17110388455776        0.67273643285118
H            5.92526418986997        1.83946823446090        0.33985550617249
H            4.05656014492881        1.15440383935362       -1.17603596690001
H            3.54421274765012        2.46363795077154       -0.09722370102281
H            2.27961860119041       -2.12133731359130       -0.36852513322210
H            1.63180230962879       -3.34080226030062        0.75719766619248
H           -0.20330427458910       -3.58209082740016       -0.74029551740792
H            0.28795095251682       -2.15407425842577       -1.66647799750311
H           -2.01637025137225       -2.06174584646240       -0.17486942292182
H           -0.48644369587692       -2.87746008604243        1.87343027829330
H           -1.01602967265756       -1.20629855561777        2.21163571214721
H           -0.77022503857706        0.14285915948323       -1.14433332679304
H           -3.94042615475879        1.71407111562472        1.27489879858251
H           -3.58537090093493        2.93423496130722        0.02614302747195
H           -4.94662960456192        1.63552366166404       -1.62332936991204
H           -5.92098318439347        2.11272857280953       -0.22462181268538
H           -5.33666487287402        0.44938001766445       -0.37405824399873
35
 energy: -53.236461077037 gnorm: 0.001689865226 xtb: 6.7.1 (edcfbbe)
C            5.11952616521191        1.20760127595744        0.71112252310668
C            3.87354917669911        1.41590830002239       -0.12912810334845
O            2.83529378318690        0.59019446681441        0.39018026969191
C            1.61995437851823        0.74410963101035       -0.17783445874227
O            1.40026793129279        1.53204971592661       -1.07512186842267
C            0.63552063960657       -0.12506977597608        0.42374678513071
C            0.84752371203327       -1.33048083159800        1.05810607898577
C            1.41945586232417       -2.41680807127456        0.21543121089180
C            0.11135526243307       -2.53718512719694       -0.66655478772839
C           -1.00851575157102       -1.72549347777205        0.07238769703853
C           -0.50860196380067       -1.86175147179954        1.50462544812713
C           -0.79403406220979       -0.18286064568596       -0.09289603607675
C           -1.86186903298794        0.63410124386705        0.61057435020204
O           -1.93823431120652        0.81378487642266        1.79842333277834
O           -2.72805461502860        1.11242522479746       -0.28197313558694
C           -3.82785429390457        1.89575092900618        0.19136206769736
C           -5.08673850301394        1.49057101905755       -0.55635410718284
H            4.91958824495773        1.47162426698380        1.74594369474719
H            5.42742830926753        0.16602534132323        0.67314754362146
H            5.92415157833685        1.83143092551470        0.33247248819951
H            4.05183015915311        1.14703136584995       -1.17772778606384
H            3.54347344714582        2.46090536377445       -0.10252566140586
H            2.28229854264549       -2.11308906190528       -0.36982231960210
H            1.63747369186192       -3.33710235234542        0.75264768121809
H           -0.19590611269493       -3.57886019976318       -0.74766129140201
H            0.28951833642971       -2.14378217271464       -1.66595234276041
H           -2.01421261912169       -2.06809399319396       -0.17147534196271
H           -0.47887648577661       -2.88469873234059        1.87178035656682
H           -1.01497941018625       -1.21674863071149        2.21595626568588
H           -0.77533285220018        0.14330626595049       -1.13665142156281
H           -3.93235431871921        1.73953165158656        1.27019538902681
H           -3.58751868238942        2.94791119719760        0.00601593530029
H           -4.94155347705094        1.61897358847110       -1.62578309897793
H           -5.91814852684234        2.11064570952166       -0.23360951833051
H           -5.32542420240051        0.44814218523026       -0.35991572486947
35
 energy: -53.236466920947 gnorm: 0.001294544357 xtb: 6.7.1 (edcfbbe)
C            5.11749019845714        1.20589369140263        0.70967871399759
C            3.87143909318067        1.41498480723471       -0.13028229068753
O            2.83292061661237        0.59031710634797        0.39003040723450
C            1.61674982073539        0.74591428090176       -0.17571911992721
O            1.39587925159784        1.53574243277928       -1.07098108542661
C            0.63339501460957       -0.12454999549210        0.42578166401791
C            0.84761820824280       -1.33017950634162        1.05889784896497
C            1.42099562805245       -2.41538650424461        0.21585955125080
C            0.11379882060988       -2.53524424045566       -0.66742015176247
C           -1.00784707220327       -1.72749305243314        0.07340391647340
C           -0.50744138031398       -1.86418615325509        1.50535701804349
C           -0.79626766407194       -0.18440418568149       -0.09074460536689
C           -1.86595011033713        0.63037316453036        0.61230741072899
O           -1.95034489485083        0.80086903249490        1.80069388863205
O           -2.72304769819993        1.12020187882007       -0.28239236304108
C           -3.82441453792838        1.90282774492778        0.18798069995092
C           -5.08353330310837        1.48952976873355       -0.55505301758067
H            4.91847803655708        1.47191204912925        1.74415833296089
H            5.42332338386587        0.16366006366614        0.67324990905643
H            5.92315419860134        1.82754114141366        0.32971411467225
H            4.04908736515471        1.14518074656848       -1.17874625117460
H            3.54225091784551        2.46024724361789       -0.10429190763540
H            2.28437376294376       -2.11142516030395       -0.36842374854066
H            1.63853726224401       -3.33588414457731        0.75296701960421
H           -0.19147754487335       -3.57710746807379       -0.75299856736003
H            0.29211343609613       -2.13742741841490       -1.66511753965205
H           -2.01286372843343       -2.07203021772044       -0.17044347409442
H           -0.47586673235532       -2.88738520225967        1.87160683776773
H           -1.01503829651883       -1.22072149103468        2.21716746654298
H           -0.77794941363994        0.14255379725092       -1.13427190169290
H           -3.92684529740641        1.75270788805589        1.26782918099479
H           -3.58723571946695        2.95428604472034       -0.00464141297158
H           -4.93993459017302        1.61055992647079       -1.62552207960908
H           -5.91583103703884        2.11004340664237       -0.23569117557270
H           -5.31971599448756        0.44807852458796       -0.35081117480769
35
 energy: -53.236474926173 gnorm: 0.000654670442 xtb: 6.7.1 (edcfbbe)
C            5.11410482894791        1.20377822543273        0.70725045902195
C            3.86761389295600        1.41390805474770       -0.13172976575390
O            2.82926826646276        0.59028954116541        0.39029181906788
C            1.61172469585978        0.74830694721725       -0.17189982780065
O            1.38972398714202        1.54002683207780       -1.06519764790220
C            0.62977195767481       -0.12389901444071        0.42914336422280
C            0.84696446757827       -1.32988939417850        1.06056999948678
C            1.42376067134762       -2.41274862558650        0.21703392729814
C            0.11793799040297       -2.53354795153297       -0.66813880429881
C           -1.00680204191584       -1.73070343676508        0.07372963106309
C           -0.50690834874750       -1.86788219278701        1.50579640007170
C           -0.79940874254043       -0.18710144583518       -0.08847598176700
C           -1.87291298572888        0.62346386457399        0.61383048301614
O           -1.97060072861337        0.77874297368908        1.80340329168126
O           -2.71456678626784        1.13233491970493       -0.28381286671966
C           -3.81768828651171        1.91484389762149        0.18194335658319
C           -5.07832389635298        1.48817097061414       -0.55146986067099
H            4.91678053316996        1.47265156989379        1.74131087230343
H            5.41680052903666        0.16059507833696        0.67290020373175
H            5.92111610050453        1.82227010535469        0.32514326043771
H            4.04380622964732        1.14341538881321       -1.18024860156712
H            3.53931709199506        2.45939659552682       -0.10589610029894
H            2.28764762172890       -2.10696295884648       -0.36569767419115
H            1.64172557044562       -3.33365457799445        0.75339175828366
H           -0.18429520327303       -3.57580708688484       -0.75870932690022
H            0.29678221988132       -2.13070677298857       -1.66374473074932
H           -2.01057807504692       -2.07819627888728       -0.17093250336734
H           -0.47303718251205       -2.89138081744313        1.87092180077400
H           -1.01699765596302       -1.22644454955899        2.21765732909423
H           -0.78079743053180        0.14153171930207       -1.13154511816241
H           -3.91586519207906        1.77549724855754        1.26362703369148
H           -3.58510131892092        2.96476360035415       -0.02358223612060
H           -4.93917496341801        1.59647043322530       -1.62390398480478
H           -5.91127655966370        2.10989326518666       -0.23642980114891
H           -5.31051125669539        0.44857387234233       -0.33339804361497
35
 energy: -53.236482616771 gnorm: 0.000628392352 xtb: 6.7.1 (edcfbbe)
C            5.11070467950862        1.20298686664012        0.70524391896605
C            3.86335102670441        1.41426534909539       -0.13214406940096
O            2.82581736048134        0.59029181215392        0.39067880071341
C            1.60755480969583        0.74853477785153       -0.16993858998059
O            1.38468291932158        1.54177845866663       -1.06173516173672
C            0.62638982960995       -0.12422308227049        0.43131240091846
C            0.84546112071691       -1.33007931923002        1.06239708850811
C            1.42603053334671       -2.41114903633540        0.21946798080809
C            0.12227577603538       -2.53320899798789       -0.66871310530512
C           -1.00580087425569       -1.73440236391139        0.07284486467327
C           -0.50769480356049       -1.87144118950745        1.50558974114174
C           -0.80206862888558       -0.19045185296930       -0.08809821643203
C           -1.87882768302209        0.61714062192843        0.61291876344964
O           -1.98783979367325        0.75914350426658        1.80319219288079
O           -2.70633184865380        1.14345359415136       -0.28656874684047
C           -3.81028785546111        1.92662591309509        0.17573127601020
C           -5.07380274598542        1.48764675132999       -0.54577950564435
H            4.91523739672408        1.47354943538967        1.73921816552811
H            5.41106867588140        0.15911389865887        0.67185401496347
H            5.91849732486590        1.81926797378924        0.32132057824426
H            4.03816791424626        1.14438790115159       -1.18104598207565
H            3.53514098009454        2.45974583984187       -0.10534479309456
H            2.29045604118794       -2.10328969785534       -0.36141125520876
H            1.64481888180261       -3.33198735300819        0.75569525254673
H           -0.17732247924358       -3.57590008987908       -0.76179176994263
H            0.30209835323460       -2.12784657996415       -1.66315944481894
H           -2.00826138316235       -2.08449482566172       -0.17343789357322
H           -0.47226243714792       -2.89506024839227        1.87015420750395
H           -1.02050378883837       -1.23145563997723        2.21677995757999
H           -0.78266348277974        0.13962228681333       -1.13072525760210
H           -3.90287044536322        1.79858637462120        1.25932450840843
H           -3.58176338942343        2.97455787217535       -0.04338003556096
H           -4.94096517889326        1.58345365464239       -1.62018887359314
H           -5.90667218218244        2.11071937092749       -0.23332583693062
H           -5.30181462292732        0.45011801976836       -0.31380306111369
35
 energy: -53.236494378798 gnorm: 0.002314139842 xtb: 6.7.1 (edcfbbe)
C            5.10472460786314        1.20205502218137        0.70125010773817
C            3.85509352766008        1.41514683289626       -0.13226407228717
O            2.81892895064446        0.59094760430479        0.39276027934088
C            1.59904454669006        0.75023114188548       -0.16438419929795
O            1.37494158192599        1.54425171056389       -1.05518069194174
C            0.61957249958734       -0.12491475929848        0.43599942168059
C            0.84222573192025       -1.33080539151823        1.06586176485504
C            1.43053049967597       -2.40782194128853        0.22328457074098
C            0.12983060290544       -2.53435939811977       -0.66887208876205
C           -1.00421482866437       -1.74176149926868        0.07067816173683
C           -0.50951654511455       -1.87889317271249        1.50473210170321
C           -0.80729632487889       -0.19692311445447       -0.08770132726905
C           -1.88949275006015        0.60601944675131        0.61093974009373
O           -2.02097098812793        0.72081189113962        1.80292612693024
O           -2.68991182869792        1.16622388026219       -0.29286251937810
C           -3.79579416239512        1.95024265268178        0.16324710978525
C           -5.06498147140641        1.48656915748848       -0.53437315981369
H            4.91366874939052        1.47526814572966        1.73538374209074
H            5.40146385065270        0.15712074787671        0.66887873630688
H            5.91319528891187        1.81493137785914        0.31334560442977
H            4.02660925244589        1.14673007194485       -1.18212558232239
H            3.52733666553952        2.46069748471623       -0.10307028208320
H            2.29541833300309       -2.09515686749719       -0.35443941027581
H            1.65169856431041       -3.32859479595708        0.75866715179715
H           -0.16477869308899       -3.57817137383031       -0.76496762850053
H            0.31100489536318       -2.12594558644411       -1.66181250111303
H           -2.00424811284612       -2.09659271401079       -0.17878373938052
H           -0.47074865638601       -2.90291312123768        1.86780582498041
H           -1.02786862945818       -1.24223983382662        2.21486710419994
H           -0.78578203882890        0.13572283375727       -1.12951935534054
H           -3.87644601511797        1.84472860457916        1.25057922373991
H           -3.57593199359934        2.99430907180294       -0.08285334266157
H           -4.94504187363585        1.55824759550705       -1.61262898095046
H           -5.89800749862588        2.11185669333615       -0.22679813353126
H           -5.28425573755833        0.45298160220892       -0.27543764325053
35
 energy: -53.236510483824 gnorm: 0.002176959394 xtb: 6.7.1 (edcfbbe)
C            5.09950855243976        1.20391221494792        0.69920415745459
C            3.84762611379780        1.41883972722775       -0.13044900321832
O            2.81330547707147        0.59255608939068        0.39492138531220
C            1.59327291531536        0.74933249575800       -0.16275222012348
O            1.36944406163668        1.54084547348364       -1.05581961581944
C            0.61448285120523       -0.12717408584284        0.43661979052679
C            0.83812303752676       -1.33194271954459        1.06824616021199
C            1.43331889894768       -2.40751540132886        0.22878631342686
C            0.13603396481186       -2.53905171844486       -0.66780719103193
C           -1.00325600426660       -1.74865376258687        0.06629329795529
C           -0.51350300829447       -1.88385180250936        1.50237739162711
C           -0.81056430350568       -0.20351301079169       -0.09206134796044
C           -1.89538346843937        0.59859809664251        0.60396736731954
O           -2.03993414760366        0.69822351631645        1.79550962357683
O           -2.67797023079793        1.18069253598069       -0.30039152874703
C           -3.78269824377535        1.96767373911458        0.15344322260737
C           -5.05900532827397        1.48742277863383       -0.52067219930009
H            4.91203049783036        1.47682449263225        1.73407596013470
H            5.39465345077115        0.15860221396088        0.66534271458487
H            5.90759795065740        1.81586959130520        0.30915164522114
H            4.01642149087225        1.15421108849361       -1.18175547583642
H            3.51928609935118        2.46411432964964       -0.09685701032840
H            2.29951276247086       -2.09244387356907       -0.34573302148937
H            1.65513102314107       -3.32736075715719        0.76543415182400
H           -0.15526661926022       -3.58377062359547       -0.76394428027207
H            0.32004320069632       -2.13106690262866       -1.66030277565378
H           -2.00116343820622       -2.10692388151193       -0.18686259594010
H           -0.47319950836898       -2.90761976832852        1.86590893190490
H           -1.03689797067977       -1.24858299920417        2.20998426530788
H           -0.78650712840789        0.12971190703005       -1.13364036849510
H           -3.85129549464405        1.88088068783462        1.24351409717839
H           -3.56828564738328        3.00744159638497       -0.11472854471992
H           -4.95302919757962        1.54136072334582       -1.60159437295653
H           -5.89037456786044        2.11473757624912       -0.21296575891761
H           -5.27145804119671        0.45762043267103       -0.24131105137427
35
 energy: -53.236533442773 gnorm: 0.002761951481 xtb: 6.7.1 (edcfbbe)
C            5.09222644140139        1.20727662225397        0.69646331451932
C            3.83672806490373        1.42474465768797       -0.12704905096796
O            2.80481004063265        0.59567042232783        0.39880907144410
C            1.58544903307929        0.74657222849213       -0.16213674480659
O            1.36106015586753        1.53602605215350       -1.05701122972241
C            0.60738063353485       -0.13087324580097        0.43706339253807
C            0.83225313105265       -1.33386617665342        1.07157128412819
C            1.43679175719507       -2.40756885026220        0.23644578097783
C            0.14452258401782       -2.54580104214031       -0.66664055398435
C           -1.00193569462254       -1.75896464723343        0.06044969702602
C           -0.51903286475740       -1.89132750640215        1.49927442035026
C           -0.81538870690085       -0.21320740908246       -0.09812408626952
C           -1.90352188062807        0.58829094432873        0.59410789814894
O           -2.06752284415105        0.66616965071583        1.78516288258001
O           -2.66102527774727        1.20093020766957       -0.31195234375477
C           -3.76389081012254        1.99238491166250        0.13894688940274
C           -5.05011627989708        1.48954773152260       -0.50083029026837
H            4.91027904219407        1.47928734141215        1.73255746911086
H            5.38595694738011        0.16164327459640        0.65993573508493
H            5.89913981156791        1.81863599707207        0.30301721458901
H            4.00154566037700        1.16456550293419       -1.18012738381779
H            3.50789562443450        2.46973788539687       -0.08803141188041
H            2.30431935828278       -2.08872467879493       -0.33392386552598
H            1.66043201578051       -3.32576510243906        0.77516000397355
H           -0.14207292523277       -3.59198502312657       -0.76120932521630
H            0.33197714519536       -2.13991892420692       -1.65933982409745
H           -1.99690135741976       -2.12193743586125       -0.19771696369199
H           -0.47608476957550       -2.91490020554593        1.86306846998098
H           -1.04941358627596       -1.25845582875445        2.20373473769971
H           -0.78750601167079        0.12010552033747       -1.13959336631102
H           -3.81498395975604        1.93261856760414        1.23222468764047
H           -3.55781055604051        3.02549534469326       -0.16046437088723
H           -4.96421626436786        1.51874097462672       -1.58490531235434
H           -5.87931940672081        2.11953192236587       -0.19260036518279
H           -5.25202425101148        0.46532031645995       -0.19320434646553
35
 energy: -53.236568613899 gnorm: 0.002370501429 xtb: 6.7.1 (edcfbbe)
C            5.08310640043368        1.21512471156160        0.69476786387568
C            3.82228545060531        1.43637096908154       -0.11958900045494
O            2.79369212030887        0.60240936635239        0.40561271601075
C            1.57727059060425        0.74055851646328       -0.16535224980912
O            1.35358414229975        1.52311187727423       -1.06664420559339
C            0.59935257469809       -0.13775087916275        0.43310799425096
C            0.82351825540746       -1.33707585355217        1.07464505249054
C            1.43945121839300       -2.41094623192964        0.24801948320338
C            0.15413270431813       -2.55902278913493       -0.66379625017440
C           -1.00089178961095       -1.77317031650447        0.05090906890791
C           -0.52823099066074       -1.89945920836564        1.49390159554016
C           -0.82012352558306       -0.22707471861750       -0.11144309488455
C           -1.90946222243558        0.57801773180718        0.57524102521123
O           -2.09117288956120        0.63899612506391        1.76369023924820
O           -2.64303713208649        1.21824070536895       -0.33011089881703
C           -3.73935613885150        2.01903151299772        0.12105762266714
C           -5.04032515253684        1.49574499178477       -0.47116636864636
H            4.90832331613631        1.48184227245105        1.73345595588299
H            5.37769545348684        0.16996010746472        0.65088922355964
H            5.88674100182753        1.82911146327520        0.29862754639686
H            3.98153424677029        1.18407620650781       -1.17547904633922
H            3.49249762047554        2.48081219525276       -0.07132730153691
H            2.30896679477696       -2.08904732604630       -0.31733814688180
H            1.66482905547782       -3.32574204295639        0.79179047186578
H           -0.12780992186762       -3.60714116154583       -0.75169483599205
H            0.34691337726397       -2.16076197740799       -1.65860522267196
H           -1.99227591182142       -2.14112042138648       -0.21401789285196
H           -0.48291406099220       -2.92217889810797        1.85990392272748
H           -1.06728043421313       -1.26818123054127        2.19297173166885
H           -0.78655554439973        0.10381685646087       -1.15349234579404
H           -3.76615727980699        1.99271160547125        1.21659620188151
H           -3.54132070458287        3.04162536818744       -0.21566453400828
H           -4.98339673246628        1.49811887821854       -1.55744321386827
H           -5.86430779557720        2.12960864211680       -0.15644781933314
H           -5.22927609623109        0.47938295210783       -0.13244317374131
35
 energy: -53.236567383267 gnorm: 0.006690545815 xtb: 6.7.1 (edcfbbe)
C            5.07086226113443        1.22198193553124        0.69095021053437
C            3.80377876880512        1.44798021774790       -0.11245777539967
O            2.77817169634795        0.61105711552584        0.41439954169648
C            1.56406724958608        0.73740310517536       -0.16477704646669
O            1.34007248819790        1.51358267044065       -1.07148800130570
C            0.58799426764079       -0.14441846700010        0.43194851798439
C            0.81470184424296       -1.34052573506831        1.07850322152622
C            1.44415836112657       -2.41221954729515        0.25899577183204
C            0.16595602385242       -2.57196536499537       -0.66114010125039
C           -0.99925701191262       -1.79111943146116        0.04276684328864
C           -0.53584287841698       -1.91179638125765        1.48935783235051
C           -0.82810062023318       -0.24405016943672       -0.12201319614357
C           -1.92147980034748        0.56149990520216        0.55802793071087
O           -2.13464157296250        0.59079797184395        1.74495714312100
O           -2.61710552264105        1.24599295437638       -0.35064454570676
C           -3.70807266187388        2.05666506729636        0.09634804593776
C           -5.02422086059970        1.50187697670838       -0.43815444564507
H            4.90524364953247        1.48437991385055        1.73229516667849
H            5.36478745928595        0.17685842737842        0.63997650697224
H            5.87148910504199        1.83726374788698        0.29049393441497
H            3.95531754596963        1.20235435133589       -1.17109728149235
H            3.47473047757576        2.49228168163055       -0.05526647803937
H            2.31514149087787       -2.08524679852841       -0.30107856931604
H            1.67268492465052       -3.32380830599177        0.80684280806429
H           -0.10886227005751       -3.62245512055271       -0.74542080730753
H            0.36299886573052       -2.17791134800382       -1.65683863136821
H           -1.98628232119924       -2.16638325840387       -0.22844548407839
H           -0.48545944928346       -2.93401389217674        1.85631812999402
H           -1.08524745785513       -1.28434101163981        2.18364452123714
H           -0.78903143455174        0.08552005898188       -1.16425414377478
H           -3.70597969229678        2.07457970684564        1.19441081936896
H           -3.52297912402070        3.06608514267430       -0.29009953466019
H           -5.00101447580864        1.46550205174998       -1.52732850378596
H           -5.84336817661987        2.14102895803387       -0.12090698941088
H           -5.19521114891960        0.49556287160677       -0.05569329657048
35
 energy: -53.236618839893 gnorm: 0.001874791846 xtb: 6.7.1 (edcfbbe)
C            5.07091346975240        1.22437717972949        0.69218900361749
C            3.80352824781144        1.45097177139077       -0.11029811539340
O            2.77725771198346        0.61470295256726        0.41644087516299
C            1.56508276675527        0.73710676312569       -0.16731607788558
O            1.34165045045895        1.51059508490165       -1.07624542133814
C            0.58932897652694       -0.14563945300905        0.42881761861651
C            0.81579207092344       -1.34117470135167        1.07639603969282
C            1.44250873807904       -2.41446492574467        0.25717353752010
C            0.16277561321852       -2.57493538042802       -0.65992804255969
C           -1.00002609320352       -1.79175949825611        0.04420306702506
C           -0.53449439316261       -1.91090822984271        1.48985504234921
C           -0.82730036706927       -0.24493647510066       -0.12324391619878
C           -1.91853551794838        0.56299399134665        0.55652213863982
O           -2.12775077148167        0.60073973530419        1.74249000191156
O           -2.62110649642329        1.23669053508764       -0.35215963719150
C           -3.70883197844128        2.05048104388944        0.09673632297878
C           -5.02349190092832        1.50596534288252       -0.43842308335142
H            4.90487650002271        1.48242966465069        1.73442909737002
H            5.36745808510772        0.18017739939605        0.63722452655917
H            5.86998252982751        1.84316814460439        0.29397725924126
H            3.95426116513794        1.20543842699156       -1.16884137937399
H            3.47558361763201        2.49542059601778       -0.05253621828179
H            2.31258680910517       -2.08916448617718       -0.30501451727666
H            1.67109615525945       -3.32535028479620        0.80602762494481
H           -0.11334425696755       -3.62530304338668       -0.74173237537760
H            0.35835124147087       -2.18305879841860       -1.65670477764593
H           -1.98783011547616       -2.16596685116743       -0.22468972313745
H           -0.48402676969142       -2.93274336768751        1.85792030666807
H           -1.08210381830960       -1.28258362822393        2.18433543412354
H           -0.78908887677095        0.08233313394749       -1.16611539909886
H           -3.70767425984225        2.06510382961137        1.19096569271389
H           -3.52156106113109        3.05766620638847       -0.28418325295701
H           -5.00000834691203        1.47509615985332       -1.52426982093443
H           -5.84064974933018        2.14618482407406       -0.11809320176895
H           -5.19520937598433        0.50034633784153       -0.06277651537352
35
 energy: -53.236659403033 gnorm: 0.003354073786 xtb: 6.7.1 (edcfbbe)
C            5.05976841329630        1.23184780489791        0.69169568263388
C            3.78775778001299        1.46436583470065       -0.10170976267880
O            2.76347143812184        0.62532997073590        0.42485712622987
C            1.55518452278555        0.73443180445873       -0.16979112500795
O            1.33285136677615        1.49969064218561       -1.08586264615641
C            0.58175729769847       -0.15286596898330        0.42363764751276
C            0.81072220129513       -1.34511759935718        1.07637044287102
C            1.44470723652304       -2.41883772868293        0.26318178022243
C            0.16862823980515       -2.58847316830267       -0.65718253261642
C           -0.99971903451574       -1.80734593315869        0.03981953002169
C           -0.53841993553296       -1.91941503262124        1.48723117856287
C           -0.83275893231578       -0.26060708647419       -0.13334232268136
C           -1.92417600809014        0.55179799607179        0.53994181291626
O           -2.14898210165138        0.58202925180726        1.72157739612961
O           -2.60625768098430        1.24401623186904       -0.36981770303382
C           -3.68273659278364        2.07510859886265        0.07542965123864
C           -5.01132240270447        1.51294391946036       -0.40966643718447
H            4.89930509252637        1.47980803438701        1.73727667694531
H            5.35815151507797        0.18873784694471        0.62515389307323
H            5.85538859674371        1.85593325830277        0.29479415462273
H            3.93177133945450        1.22640628926504       -1.16287325513804
H            3.46131249078967        2.50877594718699       -0.03424909187709
H            2.31545169884883       -2.09255090665702       -0.29738653918472
H            1.67478666603777       -3.32666584591356        0.81642454070920
H           -0.10286287788445       -3.64032406696607       -0.73622966200572
H            0.36611620613516       -2.19956490677486       -1.65470202191248
H           -1.98510997995525       -2.18645441506525       -0.23091004792306
H           -0.48413029189286       -2.93999144499389        1.85831758187291
H           -1.09186005235309       -1.29214711416576        2.17782420750361
H           -0.79203203576935        0.06229878646745       -1.17742542418142
H           -3.65584694573036        2.12929789122783        1.17022510519670
H           -3.50048103010435        3.06813574730625       -0.34806050941913
H           -5.01811075390082        1.45014906151337       -1.49654271438780
H           -5.82038398224360        2.16190298542126       -0.08554684125211
H           -5.17194146351713        0.51735331505655        0.00067234236863
35
 energy: -53.236680290188 gnorm: 0.005764360615 xtb: 6.7.1 (edcfbbe)
C            5.04649195407092        1.23913172750949        0.69002786717766
C            3.76948221766326        1.47865773768790       -0.09329393535110
O            2.74735147296806        0.63715347880265        0.43378582699033
C            1.54287128685790        0.73258367344723       -0.17105944221593
O            1.32095244725352        1.49019612878059       -1.09345689663030
C            0.57306942878432       -0.16045565195234        0.41979868428072
C            0.80656974190457       -1.34959714371823        1.07661360296294
C            1.44779787599636       -2.42274437555301        0.26810590577600
C            0.17458710943437       -2.60202183565216       -0.65435237860694
C           -0.99927782884606       -1.82482119854453        0.03756021102759
C           -0.54057498404503       -1.92953916043508        1.48624931434839
C           -0.83930341557903       -0.27822710201598       -0.14161941222504
C           -1.93292334072018        0.53690243332994        0.52404541827473
O           -2.18230280674014        0.55073621759470        1.70238843317837
O           -2.58584024258274        1.25650740091713       -0.38997824141954
C           -3.65270922797368        2.10294250326344        0.04961107068052
C           -4.99548258570637        1.52205907936654       -0.37958639968691
H            4.89188658988365        1.47550286871878        1.73928656327408
H            5.34652696377501        0.19728407883399        0.61037886640348
H            5.83858448785612        1.86901842134000        0.29515456221391
H            3.90565597793188        1.24850489519189       -1.15723567428367
H            3.44520114029320        2.52315294425268       -0.01552949430250
H            2.31822072078856       -2.09435967620171       -0.29187481150256
H            1.68106317162464       -3.32756553336018        0.82498452654062
H           -0.09107276934497       -3.65553566382112       -0.73137456301768
H            0.37219905017236       -2.21480530219036       -1.65245345294699
H           -1.98229214437793       -2.20976144025475       -0.23367102506220
H           -0.48119298109007       -2.94872834941512        1.86050685298074
H           -1.09967706964411       -1.30355074214944        2.17340850583404
H           -0.79573436050841        0.04056951981848       -1.18692189920117
H           -3.59895805610142        2.19893469143024        1.14253821822511
H           -3.47799528145278        3.07929814104866       -0.41805539370517
H           -5.03353231156482        1.42440324351745       -1.46523774213625
H           -5.79674771514061        2.17953748090068       -0.05315282448813
H           -5.14289451584138        0.53863650952512        0.06754127060346
35
 energy: -53.236731952839 gnorm: 0.003143364063 xtb: 6.7.1 (edcfbbe)
C            5.04413885307555        1.23825783576378        0.69074827434930
C            3.76821397309301        1.48006332709293       -0.09327565176348
O            2.74567160841370        0.63884467699371        0.43303881585227
C            1.54148527392438        0.73446586240209       -0.17086466069324
O            1.31928311542319        1.49301474334595       -1.09207650932001
C            0.57394168415775       -0.16093227299448        0.41961566576619
C            0.81079205149168       -1.35055044769967        1.07441467658426
C            1.44774122756766       -2.42372319299789        0.26271070173452
C            0.17101457408376       -2.60121647285121       -0.65495009755279
C           -0.99986352542893       -1.82554543497485        0.04346406596734
C           -0.53506572487228       -1.92945129737909        1.49011361845393
C           -0.83951225693456       -0.27971546515083       -0.13755893864556
C           -1.93332594738739        0.53552664922718        0.52693513262605
O           -2.18278938090669        0.55420553611265        1.70460163740678
O           -2.58611166020506        1.25053092548212       -0.38956140459589
C           -3.65124643144984        2.10016698892887        0.04618565359176
C           -4.99343731057887        1.52359692352696       -0.38179437981744
H            4.88693505998621        1.46944670300983        1.74063381400446
H            5.34487494310980        0.19716901943930        0.60686302577356
H            5.83652496912350        1.87071097565312        0.30085226166932
H            3.90419012073426        1.25093340833439       -1.15729826100421
H            3.44503227597878        2.52472028228211       -0.01435458517323
H            2.31642485223995       -2.09649376011496       -0.30098416905715
H            1.68201157947218       -3.32909023719819        0.81824672129151
H           -0.09433768143712       -3.65431913002736       -0.73533002363588
H            0.36451162099650       -2.20961153438489       -1.65209244300170
H           -1.98428203926516       -2.21034645867140       -0.22279557950014
H           -0.47480235491167       -2.94806580927859        1.86561308520436
H           -1.09081405772364       -1.30200948516877        2.17882981130564
H           -0.79807703378334        0.03777214451832       -1.18346851584153
H           -3.59783034797252        2.19824849327802        1.13636419051643
H           -3.47455505572618        3.07331106704333       -0.42229100384935
H           -5.03036550287395        1.42309325876910       -1.46501803863344
H           -5.79298122679113        2.18423760050570       -0.05878668934351
H           -5.14339024462450        0.54275457719637        0.06640191332147
35
 energy: -53.236775443477 gnorm: 0.002831982166 xtb: 6.7.1 (edcfbbe)
C            5.03264081303008        1.24274687402006        0.69116259346017
C            3.75478945746902        1.49258861955002       -0.08712806853508
O            2.73428658229137        0.64717435377607        0.43600010441175
C            1.53275526600015        0.73316471178875       -0.17410768836280
O            1.31003897246616        1.48880084700928       -1.09759771763530
C            0.56970754336953       -0.16716745993835        0.41546882165829
C            0.81273444798093       -1.35475273684794        1.07204999819773
C            1.44950680454134       -2.42825448429497        0.26047678466679
C            0.17062585146600       -2.61085806478696       -0.65336448202493
C           -1.00020245931548       -1.83780674534710        0.04800402519755
C           -0.53066984614678       -1.93566553462764        1.49350693178735
C           -0.84362952009643       -0.29325213156438       -0.13988644754766
C           -1.93927156968127        0.52478979204561        0.51778218146879
O           -2.20295841474646        0.53975773166953        1.69241304253860
O           -2.57312235350253        1.25133688079970       -0.40278769224208
C           -3.62972998785089        2.11439579174876        0.02552369727655
C           -4.98109723184066        1.53227987382928       -0.36330957164132
H            4.87536861077527        1.45790484640505        1.74465483866315
H            5.33588880408694        0.20368359063378        0.59171135817035
H            5.82296389638659        1.88318049661664        0.31007792674118
H            3.88640736905825        1.27276632934064       -1.15365846664557
H            3.43240880161895        2.53679596264380        0.00216370816761
H            2.31569829472372       -2.10051846891887       -0.30711471462474
H            1.68775540404460       -3.33201765396112        0.81703509003920
H           -0.09076936639436       -3.66478875259653       -0.73398877961194
H            0.35949471671971       -2.21727378374866       -1.65074344137566
H           -1.98470243406047       -2.22604065711208       -0.21297408379435
H           -0.46716602319533       -2.95249009379635        1.87324940817344
H           -1.08595912837060       -1.30625529394323        2.18109058039014
H           -0.80178851709939        0.01941178437124       -1.18748936278393
H           -3.55933141430219        2.24316445830052        1.11099362945412
H           -3.45655515989960        3.07216533733842       -0.47373427172202
H           -5.03790553264347        1.40388195672725       -1.44261864497780
H           -5.77263020326423        2.20346224382342       -0.04259014049856
H           -5.12558247361939        0.56368937906089        0.11286096755167
35
 energy: -53.236814356305 gnorm: 0.003094474418 xtb: 6.7.1 (edcfbbe)
C            5.01939159659070        1.24932795755694        0.69182576658587
C            3.73893511597999        1.50839965567758       -0.07936523138408
O            2.72212365971761        0.65463455214844        0.43706126514348
C            1.52313877680352        0.72945359683279       -0.18027545673350
O            1.29956047646353        1.48187050064444       -1.10655830701323
C            0.56431716555056       -0.17520741095911        0.40876341119960
C            0.81290695710507       -1.35949608957426        1.06967731510300
C            1.45153801636678       -2.43398208050541        0.26047513482614
C            0.17146844991276       -2.62461866646207       -0.65059039740132
C           -1.00051981408767       -1.85279909676255        0.05044142147458
C           -0.52824077310005       -1.94253531901319        1.49568969143590
C           -0.84856226340480       -0.30968763216830       -0.14611890653012
C           -1.94606086288012        0.51292957425456        0.50357594438365
O           -2.22541216980950        0.52114661830649        1.67503705708740
O           -2.55670353875846        1.25586718709242       -0.41917481126200
C           -3.60407517071317        2.13241119351520        0.00256755612777
C           -4.96646836307005        1.54282078662936       -0.33869372633492
H            4.86206839217415        1.44428876434327        1.74962739818316
H            5.32629281343942        0.21314050961009        0.57298353430516
H            5.80699315593515        1.89972417860345        0.32178802649653
H            3.86677640627330        1.30313851549524       -1.14943961200789
H            3.41522437904442        2.55110052871543        0.02496691062707
H            2.31507702381864       -2.10482551747832       -0.31041447907445
H            1.69484106122040       -3.33502952678739        0.81937863391392
H           -0.08567309152228       -3.67984429392492       -0.72727787886440
H            0.35657583172133       -2.23321125464601       -1.64976037136786
H           -1.98448221478442       -2.24532536236950       -0.20608252475392
H           -0.46187528120410       -2.95712877667147        1.88082691135623
H           -1.08419875996741       -1.31032463616353        2.18053735015946
H           -0.80472436718539       -0.00287000823152       -1.19558327410715
H           -3.51267391519562        2.29681540219447        1.08233769023792
H           -3.43781067612109        3.07205666488225       -0.53293565761639
H           -5.04764230367134        1.38155459465525       -1.41254312250837
H           -5.74866900112224        2.22630781201460       -0.02066376704133
H           -5.10343671152046        0.58989707856082        0.17104861934485
35
 energy: -53.236853805206 gnorm: 0.002513498694 xtb: 6.7.1 (edcfbbe)
C            5.00905362023897        1.25470483286135        0.69321918029226
C            3.72751746117094        1.52129814278555       -0.07377931676989
O            2.71502862009794        0.65621133754761        0.43200528607421
C            1.51680548898721        0.72505188933670       -0.18851727168194
O            1.29170054447062        1.47775409741833       -1.11465315430860
C            0.56082285086658       -0.18164769710467        0.40105325590576
C            0.81304215075550       -1.36266016625293        1.06689017008805
C            1.45278980017723       -2.43886784996203        0.26040128548897
C            0.17122313622992       -2.63691576169498       -0.64762222172581
C           -1.00100811853185       -1.86372914135053        0.05202022726581
C           -0.52650797619108       -1.94613375730437        1.49718449745096
C           -0.85216563352197       -0.32208111605842       -0.15264062022963
C           -1.95076011906340        0.50522300111850        0.49130622816896
O           -2.23894911102216        0.50856475859877        1.66093417910603
O           -2.54393059618461        1.26040897937290       -0.43053676103967
C           -3.58580171165194        2.14379936733270       -0.01262998659521
C           -4.95443383857419        1.55176757951580       -0.32026550458303
H            4.84929569610510        1.43000337680131        1.75427135580642
H            5.32010402984214        0.22197894425076        0.55651519143516
H            5.79469976690661        1.91464045339974        0.33590285888305
H            3.85544572595351        1.33265096948846       -1.14708822932544
H            3.39967955563901        2.56126237756949        0.04614330000295
H            2.31363126382019       -2.10837903499596       -0.31360475851628
H            1.70089695164127       -3.33713320428867        0.82171105607937
H           -0.08343451964030       -3.69324843504305       -0.71751278532320
H            0.35319635157936       -2.25070626004453       -1.64965638094266
H           -1.98470132798282       -2.25948410220045       -0.20041853750866
H           -0.45901893590888       -2.95858804614912        1.88756597507615
H           -1.08218668549109       -1.31019820068547        2.17922300272171
H           -0.80652563328220       -0.02050177007938       -1.20365302887101
H           -3.48034625065030        2.33155041099910        1.06044409137282
H           -3.42763601316240        3.06900304888238       -0.57135042027227
H           -5.05150430103789        1.36475548383494       -1.38731372092225
H           -5.72950735073585        2.24604406329325       -0.00802496181497
H           -5.08651489185000        0.61360142882328        0.21560863320275
35
 energy: -53.236873703283 gnorm: 0.004867788639 xtb: 6.7.1 (edcfbbe)
C            4.99464481993901        1.26327237857166        0.69396096419129
C            3.71006706225928        1.53783614690787       -0.06533781423047
O            2.70247212921447        0.66061785762765        0.42939858874940
C            1.50628211079582        0.72130909296426       -0.19674078258062
O            1.28048206813353        1.47137092442616       -1.12466837104484
C            0.55364594107610       -0.19011632041778        0.39083281046875
C            0.80938710105708       -1.36650073000443        1.06371156707053
C            1.45442339301364       -2.44450845543334        0.26361619730319
C            0.17376818396925       -2.65451083132738       -0.64295127940752
C           -1.00170078552550       -1.88047549192979        0.05024276769287
C           -0.52816319213280       -1.95238369556874        1.49630337268423
C           -0.85821432099703       -0.33997561886163       -0.16465348727876
C           -1.95717554892848        0.49329882815998        0.47245471798520
O           -2.26129571292005        0.48687001339116        1.63878230209812
O           -2.52479394661343        1.26945393588544       -0.44851637256259
C           -3.55784999159409        2.16493195103870       -0.03431294856873
C           -4.93573152668542        1.56251432990271       -0.29001201777506
H            4.83564919489966        1.41668137316494        1.75871239469865
H            5.31117738238173        0.23495386644352        0.53636047883185
H            5.77625945041962        1.93442625897353        0.34857579186099
H            3.83585529157063        1.36845002002057       -1.14227396076680
H            3.37868457163182        2.57454919082016        0.07383178846177
H            2.31340540762991       -2.11269742891558       -0.31221513911065
H            1.70704238037256       -3.33813572731946        0.83022006826405
H           -0.07720234004588       -3.71239002372297       -0.70347620753231
H            0.35474074852685       -2.27681328860533       -1.64834903195873
H           -1.98369651597946       -2.28164312212472       -0.20017669933884
H           -0.45721874568130       -2.96233766646780        1.89261729942039
H           -1.08715254827719       -1.31451158615680        2.17375385399165
H           -0.81070328648594       -0.04499555399644       -1.21743614620925
H           -3.42797196725710        2.38894170629265        1.03156142545681
H           -3.41152595891482        3.07105995380809       -0.62991446125030
H           -5.05825005547263        1.33815317009361       -1.34930534499769
H           -5.70187220317579        2.26999047148377        0.01553232406951
H           -5.05746859020480        0.64331407089326        0.28300346530493
35
 energy: -53.236917403597 gnorm: 0.002691541757 xtb: 6.7.1 (edcfbbe)
C            4.99239160897334        1.26585661718784        0.69448472166570
C            3.70758251976508        1.53933382730342       -0.06443706278944
O            2.70199687020276        0.65611961934703        0.42330730613559
C            1.50495398044830        0.72112407019723       -0.20037960856085
O            1.27887068500467        1.47333564476545       -1.12595292552393
C            0.55156089405467       -0.19094576912997        0.38554662669872
C            0.80520101692810       -1.36537893400346        1.06218377018940
C            1.45380542804924       -2.44481830237591        0.26715719288941
C            0.17528222652165       -2.65980124381989       -0.64049096098942
C           -1.00231897716168       -1.88285972281774        0.04565264299946
C           -0.53256248505456       -1.95128287631306        1.49292184779172
C           -0.85961608278239       -0.34230661857837       -0.17199467612222
C           -1.95678144664371        0.49286180205497        0.46627142849457
O           -2.26127332689310        0.48364420751340        1.63229057332418
O           -2.52079470789326        1.27412586597971       -0.45082330884285
C           -3.55414434734200        2.16815171683023       -0.03330912881966
C           -4.92977292774225        1.56319446073671       -0.28224148720510
H            4.83345360832016        1.41521968932631        1.75857706175727
H            5.31179257236486        0.23996063028844        0.53349154185927
H            5.77223951921970        1.93957646465003        0.35193089358624
H            3.83595498816586        1.37721473435094       -1.14150396135839
H            3.37250030974536        2.57328111205517        0.08100837010112
H            2.31343815808898       -2.11335895568540       -0.30754235483189
H            1.70617587688693       -3.33590191944668        0.83751247372437
H           -0.07637384374194       -3.71796942992675       -0.69395551838559
H            0.35894528726016       -2.28995949026689       -1.64801920137508
H           -1.98310582179278       -2.28533052578899       -0.20700065517131
H           -0.46097004364606       -2.96064677615057        1.89049877349925
H           -1.09425921172927       -1.31389454933635        2.16804041660252
H           -0.81255454963864       -0.04876898612221       -1.22485841465098
H           -3.41967126051902        2.39394378083709        1.02998253869017
H           -3.41417669693330        3.07216789472623       -0.63034945444148
H           -5.05286068342212        1.33176765879166       -1.33728231251131
H           -5.69633578910923        2.27239444808480        0.01656956753145
H           -5.04857334795524        0.64994985475323        0.29584539803017
35
 energy: -53.236934343066 gnorm: 0.001209236399 xtb: 6.7.1 (edcfbbe)
C            4.99261254594513        1.26556867545661        0.69430009138501
C            3.70757271954851        1.53829311109344       -0.06466455663138
O            2.70187877010892        0.65584992334641        0.42402390735275
C            1.50495671309630        0.72181732820379       -0.19960672627322
O            1.27881248197603        1.47532306643497       -1.12414720205257
C            0.55131481828365       -0.19036818881412        0.38579780803514
C            0.80423901922033       -1.36476482903445        1.06262888507047
C            1.45325212986737       -2.44433450047004        0.26853769793320
C            0.17559949527071       -2.65905448886914       -0.64039614493935
C           -1.00252279440348       -1.88198943152332        0.04457890767477
C           -0.53393212009327       -1.95079613258276        1.49216520889212
C           -0.85926708418139       -0.34136992520947       -0.17269560734119
C           -1.95632842032968        0.49367130683104        0.46498911537242
O           -2.26562810451979        0.48270882391270        1.62903076313013
O           -2.51989216006710        1.27438223493371       -0.45297010700022
C           -3.55367568466904        2.16794631299507       -0.03474227745971
C           -4.92846222522743        1.56203447608091       -0.28050713516799
H            4.83434063635175        1.41614918523567        1.75860929508433
H            5.31228889798328        0.23938207388926        0.53397725293054
H            5.77168374017915        1.93957728582760        0.35014467024447
H            3.83540937592178        1.37477642586744       -1.14154094721946
H            3.37255160568205        2.57234824440365        0.07975373746785
H            2.31365152011227       -2.11341924994400       -0.30561454659110
H            1.70490212956091       -3.33538590196531        0.83935079311698
H           -0.07612344123404       -3.71712015909180       -0.69434130426571
H            0.35999551465354       -2.28889500341444       -1.64759852536665
H           -1.98319568666136       -2.28404240437171       -0.20925495980060
H           -0.46220222456915       -2.96024949061307        1.88949129715898
H           -1.09637411466094       -1.31416811148479        2.16715995839974
H           -0.81205834993883       -0.04750762672397       -1.22552075660942
H           -3.41818423023548        2.39270807013626        1.02807121177221
H           -3.41398177140155        3.07332203478817       -0.62946818745644
H           -5.05174163260087        1.32635822820137       -1.33463396882970
H           -5.69611996154952        2.27052497516723        0.01720190377502
H           -5.04537210741946        0.65072366132472        0.30102256219969
35
 energy: -53.236952004566 gnorm: 0.002068831443 xtb: 6.7.1 (edcfbbe)
C            4.99392243649629        1.26482121775013        0.69320894973630
C            3.70799491343450        1.53470287916059       -0.06544705269440
O            2.70154831097011        0.65501387009797        0.42645468850503
C            1.50450111476959        0.72482940449992       -0.19613232658236
O            1.27867392928662        1.48166909768198       -1.11804686962371
C            0.54989579377899       -0.18817153126675        0.38652509761629
C            0.80060205812782       -1.36242639931952        1.06417700497430
C            1.45172457480427       -2.44247731353610        0.27338699515367
C            0.17748554217598       -2.65649784512952       -0.64056159088487
C           -1.00284025768490       -1.87965895039914        0.04051501060331
C           -0.53912944509021       -1.94861137420102        1.48953473876929
C           -0.85877725228515       -0.33888740718757       -0.17570523925778
C           -1.95931186283761        0.49154169071815        0.45959993355652
O           -2.27886082204306        0.47753321917429        1.61989663019624
O           -2.51830968544358        1.27563792585092       -0.45929830178668
C           -3.55185808684219        2.16881286566654       -0.03756915396715
C           -4.92414375347725        1.55801672464287       -0.27437613021686
H            4.83747310313083        1.41953578804711        1.75758802798508
H            5.31414035079893        0.23795357068130        0.53606397966937
H            5.77143135246434        1.93867018434275        0.34461972364299
H            3.83472464196387        1.36653033089288       -1.14166214510759
H            3.37358898392641        2.56939454031510        0.07505856052813
H            2.31491093339052       -2.11321112415976       -0.29803949973758
H            1.70046030931656       -3.33356516075665        0.84559874182516
H           -0.07432403402314       -3.71434059185639       -0.69616516401206
H            0.36539969130353       -2.28539606816876       -1.64666633499309
H           -1.98287694248700       -2.28077604579128       -0.21730219492605
H           -0.46757710883671       -2.95832896967485        1.88631120151897
H           -1.10436203912024       -1.31367590715080        2.16349630764082
H           -0.81055066403869       -0.04385474316566       -1.22824071961185
H           -3.41168661415003        2.39224256152861        1.02424713244371
H           -3.41441404707653        3.07617515498045       -0.62935341959275
H           -5.04874465674610        1.30764907002915       -1.32519046493745
H           -5.69476957947165        2.26568513856775        0.01741586899344
H           -5.03594118848581        0.65346419715275        0.31919012856474
35
 energy: -53.236960844381 gnorm: 0.001577384845 xtb: 6.7.1 (edcfbbe)
C            4.99443066904223        1.26459560875395        0.69282224877015
C            3.70837493849740        1.53358260048396       -0.06583620453930
O            2.70169030474173        0.65452244041825        0.42693158347996
C            1.50432127466956        0.72533501519402       -0.19499663231160
O            1.27852218397792        1.48309735066578       -1.11613753610372
C            0.54924001110541       -0.18765265140586        0.38694413125533
C            0.79928469327013       -1.36192972356552        1.06482620948513
C            1.45153446981220       -2.44198913169353        0.27494265893317
C            0.17853471081799       -2.65598940540267       -0.64078951507636
C           -1.00279681611995       -1.87934270382814        0.03876993103459
C           -0.54094071768288       -1.94832481504450        1.48839571145240
C           -0.85894487078531       -0.33837685129317       -0.17664379097227
C           -1.95963271902366        0.49197007076316        0.45827849341431
O           -2.28189998262812        0.47528700285558        1.61808863579920
O           -2.51722673142348        1.27800781021596       -0.46017503352445
C           -3.55177754998340        2.16976676059107       -0.03790787573487
C           -4.92361412268844        1.55634426390355       -0.27183290680763
H            4.83827757455830        1.42063168359379        1.75691650528817
H            5.31462028469060        0.23764697971920        0.53699730148936
H            5.77201394533722        1.93779802029567        0.34334733054508
H            3.83519024538862        1.36412449887068       -1.14186515521285
H            3.37415664213298        2.56853284819565        0.07330340767662
H            2.31560739890779       -2.11283008871541       -0.29508300222274
H            1.69925716400341       -3.33307203429432        0.84756551558650
H           -0.07302319752563       -3.71387581720747       -0.69707995903623
H            0.36795981199389       -2.28453207571479       -1.64650668911035
H           -1.98247728109245       -2.28054949431396       -0.22023028399758
H           -0.46985838294231       -2.95809465541312        1.88516661114143
H           -1.10708167698451       -1.31344453958227        2.16170460649943
H           -0.80964292612912       -0.04257929539614       -1.22886965852516
H           -3.40995835219494        2.39522856243235        1.02354422617402
H           -3.41677180022277        3.07598052121880       -0.63205269912774
H           -5.04804230765119        1.30144087777746       -1.32153827297317
H           -5.69501570835181        2.26457443159813        0.01657706271485
H           -5.03431117951811        0.65411593534126        0.32555515852744
35
 energy: -53.236990822480 gnorm: 0.002864490905 xtb: 6.7.1 (edcfbbe)
C            4.99740677976091        1.26249396267382        0.69083996559453
C            3.71115961385485        1.52625603672613       -0.06881764405180
O            2.70322057323993        0.65083706827768        0.42917571214745
C            1.50312035407791        0.72847172692039       -0.18737498216397
O            1.27726289052904        1.49184398291387       -1.10385910161780
C            0.54495731967102       -0.18399389192063        0.39055873002314
C            0.79097789007084       -1.35873786428335        1.06930583756321
C            1.45063815305612       -2.43840182884713        0.28456298878550
C            0.18547087206387       -2.65126165489832       -0.64260118079102
C           -1.00239194668440       -1.87705398966118        0.02848034059073
C           -0.55187181989933       -1.94715711697635        1.48179408595015
C           -0.86024159328378       -0.33509874514718       -0.18247043768236
C           -1.96552551465014        0.49172705423517        0.44856985385642
O           -2.30169189928088        0.46056011420170        1.60569920564688
O           -2.50962834432058        1.29436620999287       -0.46518607540086
C           -3.55086959520359        2.17726251698775       -0.04127677185610
C           -4.91957600569920        1.54474158550856       -0.25412928537300
H            4.84266762416757        1.42720140952157        1.75320689682441
H            5.31706504042322        0.23473024804672        0.54330752988031
H            5.77571090602428        1.93148871399662        0.33574305037721
H            3.83866396885449        1.34908076439747       -1.14373572991410
H            3.37762492661632        2.56260107691764        0.06206088663960
H            2.32013838797652       -2.10942397229511       -0.27654226591288
H            1.69192546146946       -3.32972800492170        0.85942085786995
H           -0.06462278024514       -3.70936195156593       -0.70356941140087
H            0.38417720433970       -2.27747520633740       -1.64588769112384
H           -1.97942537072501       -2.27961624946002       -0.23826150083267
H           -0.48369527524625       -2.95732162950243        1.87818279883625
H           -1.12399184983070       -1.31296346632945        2.15094945109897
H           -0.80386675201021       -0.03506217426092       -1.23297502045740
H           -3.39963104064348        2.41917636674507        1.01674821476652
H           -3.43394361446597        3.07467548612721       -0.65316253472288
H           -5.04218193998815        1.25890002998210       -1.29636117793395
H           -5.69575384832753        2.25720695849703        0.01123284301237
H           -5.02327877569231        0.65903643375473        0.36950367576301
35
 energy: -53.237000157816 gnorm: 0.002023937357 xtb: 6.7.1 (edcfbbe)
C            4.99743675699083        1.26161226911556        0.69089417359238
C            3.71142465578889        1.52463507174544       -0.06946688176838
O            2.70323685327290        0.65000516114417        0.42932909432293
C            1.50265038636384        0.72897704254791       -0.18610327164533
O            1.27693449383591        1.49272363104620       -1.10233759827764
C            0.54407483675207       -0.18309968449952        0.39172027893716
C            0.78953208123885       -1.35803040177652        1.07023283655335
C            1.45061799134568       -2.43715409878314        0.28600561090283
C            0.18684299159787       -2.64983037709505       -0.64298511326764
C           -1.00221467648146       -1.87640274477851        0.02700846593150
C           -0.55351914281775       -1.94711244537169        1.48087147143948
C           -0.86049579327847       -0.33434684330107       -0.18302180219429
C           -1.96683855443343        0.49210603017678        0.44695431268126
O           -2.30564621307647        0.45930162876287        1.60293740569421
O           -2.50817866798300        1.29653822215573       -0.46632484599467
C           -3.55045107132450        2.17847855411274       -0.04341712064458
C           -4.91828145629414        1.54248499994027       -0.25041632406034
H            4.84262724745659        1.42831270342655        1.75305768980028
H            5.31664966101325        0.23333465930143        0.54509447437821
H            5.77596601726430        1.92982737284314        0.33455855922539
H            3.83910921283184        1.34606637412534       -1.14411322056495
H            3.37788890546249        2.56111083013934        0.06004278908604
H            2.32088214078395       -2.10779942910380       -0.27372568527594
H            1.69117804684159       -3.32866222906552        0.86088088888736
H           -0.06281366524283       -3.70795938156586       -0.70503827387178
H            0.38675444198425       -2.27530490555403       -1.64570427389412
H           -1.97864506461701       -2.27940782895825       -0.24126272586880
H           -0.48544112506268       -2.95743852539333        1.87675659856675
H           -1.12687078026440       -1.31362946556140        2.14955305064068
H           -0.80293214469086       -0.03410794919211       -1.23342557735928
H           -3.39780946094965        2.42488408428220        1.01300665886836
H           -3.43703266079222        3.07396779027991       -0.65839794339227
H           -5.04175481074757        1.25031542097054       -1.29070823290754
H           -5.69511077993821        2.25498325438349        0.01213293340112
H           -5.01977065283105        0.66062120951712        0.37854371206940
35
 energy: -53.237022507264 gnorm: 0.000748425143 xtb: 6.7.1 (edcfbbe)
C            4.99692752132326        1.25798660975186        0.69178571065366
C            3.71216735006053        1.51873040770444       -0.07166171561866
O            2.70293138419938        0.64702240164671        0.42967316722597
C            1.50105961507099        0.73016075197799       -0.18255331173476
O            1.27586241993330        1.49517191520344       -1.09796668720186
C            0.54078275465696       -0.17954454421719        0.39602322992092
C            0.78448653698592       -1.35519994160426        1.07353141603589
C            1.45057941088141       -2.43202487392771        0.29065466508882
C            0.19145008020114       -2.64386183562440       -0.64446848751930
C           -1.00191043952516       -1.87377586790492        0.02229595952762
C           -0.55908201695210       -1.94686567700869        1.47791289218088
C           -0.86144715668649       -0.33145423587275       -0.18470948389027
C           -1.97230525126427        0.49314374382015        0.44111211919143
O           -2.32129466481077        0.45432102392906        1.59305394821978
O           -2.50288315173104        1.30372673079943       -0.47121475900481
C           -3.54845226145343        2.18332571039787       -0.05304185659976
C           -4.91301753345381        1.53363202723497       -0.23583596060208
H            4.84157899289395        1.43206408212934        1.75307344493701
H            5.31402184106544        0.22772324853789        0.55265731493563
H            5.77679388161904        1.92274474490463        0.33122337991575
H            3.84103554114000        1.33500961088823       -1.14524439626970
H            3.37875594349899        2.55575673648765        0.05271320639311
H            2.32318596097439       -2.10069334557090       -0.26444410639363
H            1.68937852071510       -3.32429397858817        0.86511892547919
H           -0.05655854796459       -3.70208126850758       -0.71059925628152
H            0.39507988808260       -2.26629221524957       -1.64516020468003
H           -1.97625890108547       -2.27836474877190       -0.25120677500020
H           -0.49090077607074       -2.95785792122594        1.87186309139978
H           -1.13666705319093       -1.31608236249460        2.14523339852943
H           -0.79966358355736       -0.03028974580645       -1.23471491712403
H           -3.38951766959400        2.44834362096091        0.99709587012548
H           -3.44788873129695        3.07046303803504       -0.68163866169763
H           -5.04157148522020        1.21726367379108       -1.26851576184908
H           -5.69256279327158        2.24600935171579        0.01731943834630
H           -5.00409562617404        0.66608313247516        0.41376727735187
35
 energy: -53.237034791604 gnorm: 0.001679682860 xtb: 6.7.1 (edcfbbe)
C            4.99599491087129        1.25352117671378        0.69365054742373
C            3.71305015672285        1.51200028953362       -0.07368650215500
O            2.70182822585256        0.64455368340958        0.43072424157519
C            1.49900011709630        0.73202244817896       -0.17885339543644
O            1.27531700472137        1.49681538588781       -1.09483294077170
C            0.53666435760946       -0.17512211269548        0.40039989235602
C            0.77895942196014       -1.35149023597388        1.07693052425800
C            1.45059678872275       -2.42563320120054        0.29527236817952
C            0.19635523492332       -2.63741998030280       -0.64617176941266
C           -1.00160942146551       -1.87095457660595        0.01708943222815
C           -0.56515589241443       -1.94600447748395        1.47465649855969
C           -0.86277394276025       -0.32831540899618       -0.18680411139436
C           -1.97875463475080        0.49409679321844        0.43388076368744
O           -2.34007947716377        0.44792778738189        1.58154168594620
O           -2.49716066684252        1.31139419476543       -0.47837009574972
C           -3.54609047988819        2.18913817327462       -0.06564733725053
C           -4.90699596575049        1.52324560417044       -0.21722267243813
H            4.83974920724849        1.43622473496796        1.75354511212980
H            5.31000379253559        0.22103168305251        0.56276393540534
H            5.77821520477517        1.91328645685686        0.32878487494706
H            3.84371204641086        1.32197769289797       -1.14597677158150
H            3.38061553865535        2.55006090251101        0.04415932570587
H            2.32532394710112       -2.09160821267510       -0.25501672537310
H            1.68827565783950       -3.31872372584920        0.86895908929335
H           -0.04944851447054       -3.69583866088722       -0.71672326538793
H            0.40382161386912       -2.25625326432559       -1.64468039450505
H           -1.97383081526571       -2.27708523336801       -0.26165073515648
H           -0.49676287792709       -2.95768052806137        1.86679560002357
H           -1.14724804485812       -1.31783520894545        2.14045387848393
H           -0.79632280334579       -0.02553138290573       -1.23611010373498
H           -3.37757463539821        2.47798345438795        0.97681750051071
H           -3.46073950925830        3.06437839332082       -0.71341934548174
H           -5.04360100143469        1.17906785685470       -1.24036040443947
H           -5.69023331985112        2.23485661582217        0.02633007817930
H           -4.98310122407016        0.67191288308625        0.45590333536723
35
 energy: -53.237044459227 gnorm: 0.001503387905 xtb: 6.7.1 (edcfbbe)
C            4.99455011652945        1.25147359491185        0.69620765430924
C            3.71310684090062        1.51042714603803       -0.07338819374645
O            2.70015842006213        0.64537644727536        0.43148631925480
C            1.49846912760259        0.73195300225672       -0.18015780120509
O            1.27621696575005        1.49468619677328       -1.09812911354215
C            0.53522241864713       -0.17346980364410        0.40052702147870
C            0.77818050569479       -1.34971006756869        1.07716919672934
C            1.45098549543137       -2.42284543405642        0.29515446627768
C            0.19718363624783       -2.63563629632977       -0.64651333757346
C           -1.00160469946829       -1.87043028783949        0.01656914726255
C           -0.56565223979284       -1.94509686716762        1.47425906642276
C           -0.86350098464402       -0.32784291561931       -0.18744792654995
C           -1.98097107377652        0.49422148087040        0.43096146204634
O           -2.34526210932414        0.44739558529109        1.57761042228993
O           -2.49644348727650        1.31172456532276       -0.48270534352188
C           -3.54551280890009        2.19061463328090       -0.07262399864394
C           -4.90513294527667        1.52039823157915       -0.20886223719727
H            4.83719610863637        1.43711616983931        1.75519437562568
H            5.30635056979464        0.21812129652224        0.56861389649040
H            5.77888795238608        1.90821993088741        0.33096476741646
H            3.84517639986127        1.31797560276613       -1.14506861182129
H            3.38204178905172        2.54923816356655        0.04169318146838
H            2.32514158033348       -2.08712735384519       -0.25489228340209
H            1.69015687978446       -3.31598484740960        0.86813046999732
H           -0.04740733756182       -3.69423123484511       -0.71764831654143
H            0.40439152426163       -2.25357988574299       -1.64474130110058
H           -1.97351334962891       -2.27700756196166       -0.26228606968859
H           -0.49668583111085       -2.95678189490927        1.86642340700503
H           -1.14843714651828       -1.31721874817967        2.13977930223695
H           -0.79613735655951       -0.02492017631132       -1.23659038524560
H           -3.37161551168363        2.49089494725532        0.96566312119541
H           -3.46543186961375        3.05852399093969       -0.73031274765133
H           -5.04854836865777        1.16990640190403       -1.22763016241153
H           -5.68938145877865        2.23003976934780        0.03656892308041
H           -4.97217775240381        0.67357621881846        0.46915374324660
35
 energy: -53.237055805208 gnorm: 0.000735753870 xtb: 6.7.1 (edcfbbe)
C            4.99280406077314        1.24796302754897        0.70109654511801
C            3.71389509737735        1.50764363148644       -0.07235104914332
O            2.69725088588024        0.64784811480326        0.43422331040244
C            1.49768434999273        0.73329075527803       -0.18160376817357
O            1.27854762319276        1.49273762784422       -1.10297025082520
C            0.53262070022956       -0.17041952751010        0.39933748731602
C            0.77626459242325       -1.34606507338245        1.07704296192284
C            1.45123881614140       -2.41841579340214        0.29565099404487
C            0.19859186786986       -2.63351636605497       -0.64715292960875
C           -1.00166935029238       -1.86948929518709        0.01416464920449
C           -0.56755831804696       -1.94261549148217        1.47251067586138
C           -0.86472016221429       -0.32685774461584       -0.19082323775888
C           -1.98400309281493        0.49509700855567        0.42366866384639
O           -2.35477771066578        0.44656661217360        1.56854929304678
O           -2.49514470120637        1.31394642396713       -0.49232250278854
C           -3.54471906365742        2.19410589842441       -0.08500194945427
C           -4.90218938841236        1.51383536549326       -0.19221528684868
H            4.83401105750650        1.43957813036837        1.75860274715212
H            5.30087790206619        0.21296042187114        0.57954925274916
H            5.78052678900730        1.89954070636081        0.33426674447383
H            3.84774184391999        1.30994943431893       -1.14294355803249
H            3.38598780755296        2.54812984359534        0.03715850416553
H            2.32516864335858       -2.08107182667169       -0.25368097363850
H            1.69173450161648       -3.31112397833683        0.86874415205203
H           -0.04421610891088       -3.69246786610438       -0.71836921445503
H            0.40635202746684       -2.25121391904862       -1.64526576749637
H           -1.97306066555890       -2.27687448311934       -0.26520721790665
H           -0.49817858491193       -2.95399229439500        1.86556673573164
H           -1.15179004188014       -1.31471001833849        2.13686466299971
H           -0.79528830844238       -0.02416712898888       -1.23987233718315
H           -3.35899473844385        2.51420665766686        0.94585725628043
H           -3.47578179871704        3.04920196171210       -0.76067531853976
H           -5.05895838663777        1.14703246399717       -1.20376188770809
H           -5.68726428773817        2.22263180464093        0.05431422839814
H           -4.95298385782395        0.67673491654749        0.50018049878698
35
 energy: -53.237065689072 gnorm: 0.000825685069 xtb: 6.7.1 (edcfbbe)
C            4.99125351677790        1.24690565147045        0.70574576551416
C            3.71415744623102        1.50945678254259       -0.06972814336581
O            2.69473022260832        0.65258432566289        0.43624569840440
C            1.49815420163552        0.73386632958407       -0.18600716699058
O            1.28197626878424        1.48879740693462       -1.11171224667308
C            0.53286504798103       -0.17001119861325        0.39448797788562
C            0.77798804522275       -1.34430981218473        1.07422866827331
C            1.45164076231941       -2.41785573644428        0.29306954231754
C            0.19701695938305       -2.63586421929900       -0.64658874538550
C           -1.00173379975802       -1.87033228232553        0.01507575699348
C           -0.56529120343618       -1.94013865871349        1.47286404339521
C           -0.86482118490267       -0.32809566664699       -0.19398455730887
C           -1.98267382187827        0.49547598064844        0.41992472542339
O           -2.34951187941238        0.45287144587790        1.56622300693742
O           -2.49804336329884        1.30984839496980       -0.49853711225368
C           -3.54527738490473        2.19315834304757       -0.09069013940517
C           -4.90360563118481        1.51405920610233       -0.18584299757717
H            4.83121854318484        1.43941609477180        1.76282290628197
H            5.29689153402183        0.21115741814412        0.58522147410788
H            5.78125557911271        1.89627490819546        0.34001259893217
H            3.84861647197203        1.31075499362992       -1.14001046497324
H            3.38907170293082        2.55089641269704        0.03886977954040
H            2.32398741807795       -2.08093924457303       -0.25904735110332
H            1.69415016088323       -3.30934561133127        0.86720411829584
H           -0.04563745170438       -3.69510357495359       -0.71420124952967
H            0.40263199939796       -2.25652606449667       -1.64632619901068
H           -1.97383100590069       -2.27803309511716       -0.26148492236866
H           -0.49538686040181       -2.95059199271378        1.86824358676946
H           -1.14824882200802       -1.31050911907211        2.13681251314787
H           -0.79647695398820       -0.02822225262130       -1.24393153060850
H           -3.35365153418464        2.51873758754530        0.93682311980624
H           -3.47904255365338        3.04326332249771       -0.77185746404816
H           -5.07053657632751        1.14896034029282       -1.19607848265415
H           -5.68588507284994        2.22306761818697        0.06975146977398
H           -4.94795078073050        0.67632596632056        0.50553413544754
35
 energy: -53.237074981914 gnorm: 0.000829665880 xtb: 6.7.1 (edcfbbe)
C            4.98973322796443        1.24570657045953        0.71129202021508
C            3.71471906999147        1.51160696516532       -0.06660985560061
O            2.69244379935258        0.65729940961278        0.43779972612701
C            1.49948340451796        0.73355051801893       -0.19218829469410
O            1.28633520095501        1.48546595099490       -1.12097958599110
C            0.53350141917445       -0.16954265776680        0.38810853676425
C            0.77893416163296       -1.34203716805206        1.07098629033405
C            1.45177748709688       -2.41765152735208        0.29175327121827
C            0.19600751856611       -2.63850788749685       -0.64579487763583
C           -1.00185350037947       -1.87065505605966        0.01451365681685
C           -0.56416126783546       -1.93670738103338        1.47207102450831
C           -0.86462680236878       -0.32896748559176       -0.19912917619945
C           -1.98103957657207        0.49692444453929        0.41379322771732
O           -2.34295495722871        0.46164055784393        1.56185995633095
O           -2.50105001569288        1.30604018053982       -0.50703566424742
C           -3.54555377507994        2.19217171835696       -0.09791804260154
C           -4.90528540705970        1.51269969312278       -0.17552252869526
H            4.82832680773422        1.43952609623673        1.76802702639270
H            5.29250733584998        0.20884348145344        0.59212835496255
H            5.78233493431089        1.89255220056321        0.34646650782711
H            3.85027032780333        1.31199024736576       -1.13650197414192
H            3.39236023970905        2.55393161132301        0.04123978321522
H            2.32330112653528       -2.08211345108871       -0.26261094341293
H            1.69518569523481       -3.30746257337266        0.86808798726709
H           -0.04692218322304       -3.69802486642843       -0.70892564946054
H            0.40044672619281       -2.26339440380478       -1.64737967657817
H           -1.97433838046463       -2.27892323783058       -0.26008965147707
H           -0.49410780752444       -2.94603903976723        1.87018369036604
H           -1.14636128391180       -1.30510929001711        2.13482014611406
H           -0.79700481476419       -0.03312934277630       -1.25031753211982
H           -3.34527823170296        2.52648396430779        0.92526118200563
H           -3.48588799503620        3.03678419410871       -0.78691397151005
H           -5.08487076021660        1.14582078968297       -1.18329788322784
H           -5.68379100809282        2.22299975660560        0.08797148138132
H           -4.94258071546885        0.67622701815318        0.51798355202167
35
 energy: -53.237081482350 gnorm: 0.000592374491 xtb: 6.7.1 (edcfbbe)
C            4.98899221774846        1.24542992589534        0.71495703985094
C            3.71530773764210        1.51372240906904       -0.06441695762472
O            2.69145403910074        0.66018860853381        0.43794975833391
C            1.50048383976465        0.73424978477424       -0.19624196770670
O            1.29031885390165        1.48307621234874       -1.12817387112325
C            0.53440412613225       -0.16951552550838        0.38245268597192
C            0.77905547682809       -1.34044788525376        1.06819422744643
C            1.45129554534302       -2.41852870069631        0.29184072161137
C            0.19528580821341       -2.64154026044341       -0.64488335813549
C           -1.00200433590287       -1.87069721083780        0.01318574761115
C           -0.56430617955706       -1.93338794822275        1.47090677018471
C           -0.86388344199370       -0.32956978102133       -0.20445282981601
C           -1.97855043345287        0.49855027756008        0.40875069837920
O           -2.33484565555377        0.46901427703804        1.55888705723945
O           -2.50418167616630        1.30239987581910       -0.51336670648677
C           -3.54603193629954        2.19011158457469       -0.10174777428686
C           -4.90705319186919        1.51205083385131       -0.16853522025978
H            4.82666967703181        1.43892210735646        1.77170556979193
H            5.29019313089838        0.20807614223381        0.59559211405236
H            5.78303674661832        1.89128202778253        0.35143997895800
H            3.85175170938185        1.31541308694361       -1.13438823261839
H            3.39432903778736        2.55630934490066        0.04470932646239
H            2.32296732437509       -2.08514973648340       -0.26368429641504
H            1.69427199979438       -3.30682971254201        0.87067627695037
H           -0.04870058201624       -3.70110209597145       -0.70406442963615
H            0.39987434262247       -2.27037928887489       -1.64788823376020
H           -1.97468128459524       -2.27910059700837       -0.26058922496832
H           -0.49461140498414       -2.94174006186667        1.87147436578691
H           -1.14595054913905       -1.29982417530059        2.13224840360370
H           -0.79699474527362       -0.03646029380329       -1.25646988939663
H           -3.33969570775349        2.52828911291371        0.91880564625489
H           -3.49072042004409        3.03270738536134       -0.79355080799415
H           -5.09486729165911        1.14422467332469       -1.17470782312180
H           -5.68216827046755        2.22408253964423        0.10007420309617
H           -4.94044450645654        0.67617306392531        0.52644314575646
35
 energy: -53.237087060155 gnorm: 0.000642598463 xtb: 6.7.1 (edcfbbe)
C            4.98854196239690        1.24549516811377        0.71788132650929
C            3.71594452743123        1.51564645896171       -0.06270935178034
O            2.69159272130400        0.66101604183850        0.43649479174112
C            1.50223862334871        0.73324961708732       -0.20105510338069
O            1.29374060312204        1.48169072795096       -1.13362872001406
C            0.53541033366834       -0.16966876653199        0.37733616597151
C            0.77819892378460       -1.33911634732310        1.06620674323216
C            1.45038847680672       -2.41977614327367        0.29358886898212
C            0.19524444859123       -2.64398815743420       -0.64401592995092
C           -1.00225001858305       -1.87022562761720        0.01068844097568
C           -0.56600871527138       -1.93015083175229        1.46892117644464
C           -0.86296485639138       -0.32957120718202       -0.20962984360342
C           -1.97644538580387        0.50042438730717        0.40363379546292
O           -2.32685993055449        0.47631567341806        1.55568043428249
O           -2.50732496087789        1.29939274313509       -0.51935774414809
C           -3.54649891095758        2.18857502153327       -0.10518830437161
C           -4.90820484988963        1.51055885163118       -0.16088141423071
H            4.82517935331940        1.43809344092926        1.77467085199738
H            5.28890779887239        0.20794237545577        0.59785746326875
H            5.78355535628083        1.89099817073473        0.35587218713738
H            3.85390722912813        1.31960906080109       -1.13290804386189
H            3.39487926126883        2.55804406281444        0.04823224657497
H            2.32311825307151       -2.08876965493380       -0.26172225088236
H            1.69178651117596       -3.30674755400566        0.87513117415552
H           -0.04996136400729       -3.70344160119218       -0.70029416211916
H            0.40140512556036       -2.27603866391047       -1.64783300979534
H           -1.97484670812522       -2.27851675974614       -0.26353390314425
H           -0.49740291237589       -2.93771872583595        1.87157516231188
H           -1.14764218916184       -1.29481089724358        2.12849442629759
H           -0.79646128970729       -0.03835723157000       -1.26214408381213
H           -3.33405597372354        2.53061958237841        0.91288019534928
H           -3.49556207064625        3.02911601695749       -0.80006896270319
H           -5.10259882482043        1.13879389569879       -1.16453704932910
H           -5.68099528002080        2.22418059040173        0.10987680096850
H           -4.93795526821365        0.67713628241983        0.53761773945621
35
 energy: -53.237092417193 gnorm: 0.000958355839 xtb: 6.7.1 (edcfbbe)
C            4.98817386935456        1.24527222392931        0.72112451882852
C            3.71692148842972        1.51681946636590       -0.06121949363846
O            2.69225315934132        0.66061852608893        0.43447469253574
C            1.50394612730192        0.73254340783977       -0.20512630618733
O            1.29743533506768        1.47992539588995       -1.13905179079644
C            0.53604127146414       -0.16958181409815        0.37253964509100
C            0.77633910093339       -1.33753692044643        1.06469205999806
C            1.44910788605003       -2.42076009037681        0.29642619075523
C            0.19569261463681       -2.64552638559874       -0.64339588518609
C           -1.00262612111192       -1.86919323632781        0.00715216573463
C           -0.56908645960808       -1.92663090818954        1.46627483911630
C           -0.86173124183228       -0.32904199199767       -0.21589976476697
C           -1.97403757544611        0.50311992203260        0.39715620728171
O           -2.31857765945670        0.48509923783814        1.55113955218583
O           -2.51050390126129        1.29626644831190       -0.52724796902776
C           -3.54713759025340        2.18728488156779       -0.11084250371424
C           -4.90892894189198        1.50752105623588       -0.14973730628071
H            4.82325001618769        1.43706686473738        1.77785720554647
H            5.28782900819966        0.20752701502588        0.60064793384502
H            5.78425369533168        1.89048322059242        0.36088720615959
H            3.85686887997736        1.32363145678227       -1.13172096349496
H            3.39515219495732        2.55882847837668        0.05182588048084
H            2.32351946321619       -2.09225056923545       -0.25770418357944
H            1.68804504136253       -3.30654825069610        0.88081223093906
H           -0.05068957736608       -3.70480339711782       -0.69755935983845
H            0.40450269818508       -2.28025246828548       -1.64760045159864
H           -1.97487021814579       -2.27739144452200       -0.26848696695735
H           -0.50200226453563       -2.93344997712381        1.87103836416121
H           -1.15119902379526       -1.28954524010798        2.12365148059046
H           -0.79489279537575       -0.03928625203205       -1.26877181744270
H           -3.32634888794194        2.53690191100580        0.90333402379016
H           -3.50292260980351        3.02338596706201       -0.81218688530096
H           -5.11116713494748        1.12719890045947       -1.14870550382687
H           -5.68026162476265        2.22246680207861        0.12141429654163
H           -4.93234822246151        0.67983776395147        0.55594077204822
35
 energy: -53.237097766888 gnorm: 0.001118650848 xtb: 6.7.1 (edcfbbe)
C            4.98807933579901        1.24546874718828        0.72520188717326
C            3.71848521889241        1.51800205333900       -0.05949098579632
O            2.69388365171380        0.65909833329131        0.43154108475931
C            1.50687570080726        0.73060483475426       -0.21044742253774
O            1.30210122816192        1.47756033309485       -1.14510380417095
C            0.53716436066269       -0.16962523666574        0.36702033592273
C            0.77394892930466       -1.33589636620694        1.06313057002719
C            1.44706955642787       -2.42228877089824        0.29994412460505
C            0.19592203825322       -2.64731728316833       -0.64295189015785
C           -1.00315151914994       -1.86747480823776        0.00244476780104
C           -0.57340246220105       -1.92209699804818        1.46277726745760
C           -0.85997909274552       -0.32778261381411       -0.22288784968505
C           -1.97059439649034        0.50720678223309        0.38977432981564
O           -2.30735166883146        0.49789683841808        1.54637669222938
O           -2.51500326091163        1.29183162150394       -0.53720193186602
C           -3.54881371243260        2.18535284245526       -0.11870041615398
C           -4.90970734669408        1.50319552124729       -0.13563595774013
H            4.82080445937351        1.43566249670959        1.78184136950401
H            5.28778714388791        0.20785795974133        0.60387624189188
H            5.78506460750564        1.89104063926742        0.36773356126391
H            3.86126430148868        1.32831447543341       -1.13029333986833
H            3.39505478624440        2.55930219412739        0.05600861676174
H            2.32380678428585       -2.09699142000491       -0.25238247323808
H            1.68247256612635       -3.30690687583156        0.88753457402768
H           -0.05202204939248       -3.70632467580137       -0.69548534018041
H            0.40836157920206       -2.28447449095256       -1.64724810237923
H           -1.97509056460533       -2.27511954684407       -0.27507197954406
H           -0.50874674703343       -2.92809639547464        1.86997675962089
H           -1.15599051600725       -1.28267958746813        2.11745552229851
H           -0.79265916708166       -0.03968165896454       -1.27611084831426
H           -3.31764915599155        2.54495955881489        0.88966872457867
H           -3.51305061860485        3.01476945548464       -0.82824600672250
H           -5.12168767591701        1.11024081731799       -1.12774485604670
H           -5.67941017734457        2.22013748791082        0.13508359256373
H           -4.92383611670270        0.68425373606454        0.58074529609188
35
 energy: -53.237103304185 gnorm: 0.000962540908 xtb: 6.7.1 (edcfbbe)
C            4.98865767848968        1.24567735743809        0.72797836075352
C            3.72015561624616        1.51754926250881       -0.05861785053675
O            2.69584609970859        0.65677926294225        0.42985122038268
C            1.50912066440357        0.72932847805931       -0.21225714825398
O            1.30529751117936        1.47593826543645       -1.14744273413828
C            0.53786286169271       -0.16954847009807        0.36487805023628
C            0.77188033871940       -1.33525123442487        1.06278864381141
C            1.44516201521549       -2.42328337501802        0.30225116539142
C            0.19577778500256       -2.64678099180456       -0.64339664508549
C           -1.00392426650718       -1.86553917932605       -0.00077729899767
C           -0.57696563665904       -1.91952408914813        1.46036953631306
C           -0.85854947975475       -0.32606727981060       -0.22686556981183
C           -1.96815589412447        0.51088856884840        0.38491375892420
O           -2.29947977394456        0.50861569650718        1.54300713801289
O           -2.51812722559757        1.28869510799953       -0.54447308981759
C           -3.55060661283691        2.18419553348116       -0.12620307945369
C           -4.90976881245637        1.49834452407299       -0.12395551610965
H            4.81928174978955        1.43481496096476        1.78444203889402
H            5.28945615973713        0.20845517441385        0.60631081750527
H            5.78572304778585        1.89220492952493        0.37252553073967
H            3.86507874850410        1.32951242787275       -1.12942703866722
H            3.39496603219996        2.55824500636605        0.05765937086749
H            2.32375378982266       -2.09984292528023       -0.24811414506299
H            1.67764926772884       -3.30774494536752        0.89121084600166
H           -0.05327277706652       -3.70545586465270       -0.69656570712185
H            0.41105456836717       -2.28412496066758       -1.64714287850466
H           -1.97568072377061       -2.27242628594268       -0.28005909396411
H           -0.51438877624336       -2.92523679038031        1.86860253423596
H           -1.15985584047210       -1.27874757763655        2.11343134951532
H           -0.79019079050836       -0.03838616291109       -1.28009626500307
H           -3.31122062151374        2.55476341424135        0.87648590457810
H           -3.52260603924436        3.00609821615452       -0.84505605858954
H           -5.12857333197516        1.09289275954757       -1.10933379357113
H           -5.67919439714043        2.21662898135309        0.14397865487139
H           -4.91616293477747        0.68833220475206        0.60223110564780
35
 energy: -53.237113727172 gnorm: 0.000535038005 xtb: 6.7.1 (edcfbbe)
C            4.99083750230818        1.24687139521421        0.73142464876876
C            3.72341623309417        1.51591231086077       -0.05772457686492
O            2.70006884109478        0.65249579403242        0.42838127639498
C            1.51322940533002        0.72707791509098       -0.21270367170713
O            1.30954632341383        1.47448371716279       -1.14738398202182
C            0.53978145916301       -0.16975112217407        0.36425464918743
C            0.76984689882768       -1.33576733975625        1.06286204724885
C            1.44177634885700       -2.42550851387227        0.30368604292733
C            0.19396221994719       -2.64499569993959       -0.64496056373182
C           -1.00530000318184       -1.86178887710945       -0.00404759578288
C           -0.58127248775991       -1.91676705984589        1.45784800380671
C           -0.85591610418735       -0.32245357212250       -0.22950794802358
C           -1.96396725063648        0.51716067718634        0.38092458431471
O           -2.28756159467988        0.52612975392534        1.54115234118096
O           -2.52263059886597        1.28352415414714       -0.55311517123492
C           -3.55460474163445        2.18140887423585       -0.13730031731601
C           -4.91045651874479        1.49114435635417       -0.10997449385105
H            4.81815049443878        1.43357714924748        1.78774478246684
H            5.29535412385784        0.21090420593443        0.60863540865476
H            5.78664763357086        1.89663161723628        0.37913178769878
H            3.87105315087095        1.32874520546895       -1.12829951963351
H            3.39507892807192        2.55566550369724        0.05829079180967
H            2.32257622107714       -2.10446294877953       -0.24441263336339
H            1.67013950277121       -3.31079676295970        0.89297413457707
H           -0.05704548191505       -3.70305022861475       -0.70086147168976
H            0.41242066598505       -2.28072130877327       -1.64743691376993
H           -1.97737758310395       -2.26652431907186       -0.28528461137121
H           -0.52207418810462       -2.92253287044599        1.86648107272690
H           -1.16359330035755       -1.27424943198022        2.10975858260247
H           -0.78582223121899       -0.03491931059026       -1.28264177795163
H           -3.30592780556076        2.56773820886460        0.85670934989557
H           -3.53684996568892        2.99180760020442       -0.86874868641573
H           -5.13678450515832        1.06742371215712       -1.08535362239912
H           -5.68053510734172        2.21089967507512        0.15238331424803
H           -4.90616648453920        0.69468753995590        0.63024685261137
35
 energy: -53.237124101975 gnorm: 0.001553666745 xtb: 6.7.1 (edcfbbe)
C            4.99509042896477        1.24799811437116        0.73696333968662
C            3.72903941529901        1.51236830636867       -0.05579482270303
O            2.70602369528317        0.64766346251147        0.42915856428274
C            1.51900365056108        0.72551933478128       -0.21057351698326
O            1.31603960634664        1.47419992826501       -1.14453548287107
C            0.54272638411064       -0.16929576312275        0.36494661432274
C            0.76748720502821       -1.33675975304030        1.06282612296273
C            1.43664246431819       -2.42829541395399        0.30362166582081
C            0.19014697038943       -2.64142855261391       -0.64813878630409
C           -1.00769066666186       -1.85542341195229       -0.00807278320038
C           -0.58679817170394       -1.91287746780716        1.45456676199575
C           -0.85210588344099       -0.31626826988629       -0.23173057793738
C           -1.95885774116974        0.52703845991026        0.37518106454414
O           -2.27293728049464        0.55230302436354        1.53775447442630
O           -2.52867051556188        1.27652104731662       -0.56648726814090
C           -3.56068645858263        2.17764879019009       -0.15694053105336
C           -4.91147671674879        1.47820658916666       -0.08775185167681
H            4.81803925368447        1.43233589866421        1.79291241144820
H            5.30502145297292        0.21374285474765        0.61364134570774
H            5.78896481292845        1.90207291115428        0.38827021207094
H            3.87981921208506        1.32358313561448       -1.12560003726222
H            3.39775201651465        2.55145484957235        0.05738926412314
H            2.32001718193812       -2.11017391694841       -0.24198098168805
H            1.65987202573259       -3.31537722036134        0.89219474226822
H           -0.06403955023356       -3.69851459016647       -0.70818696043739
H            0.41203371848620       -2.27450380825472       -1.64894735265473
H           -1.98065520217534       -2.25644208876547       -0.29157070578328
H           -0.53238734093432       -2.91906924872941        1.86289909935534
H           -1.16768440299984       -1.26815256357655        2.10576850923699
H           -0.77874462571534       -0.02916579793690       -1.28473335650645
H           -3.29752499997949        2.59281460620346        0.82264386423736
H           -3.56049209942265        2.96819648330131       -0.91112804548866
H           -5.15057568498527        1.02367891202788       -1.04722427499308
H           -5.68249248570000        2.20039904544964        0.16520449438991
H           -4.88989966813337        0.70400211315145        0.67658689879745
35
 energy: -53.237136079593 gnorm: 0.001197303138 xtb: 6.7.1 (edcfbbe)
C            5.00006353239298        1.24997346742105        0.74033028161320
C            3.73445010533338        1.50940476238803       -0.05473222439156
O            2.71162628023363        0.64486369225531        0.43132258493496
C            1.52417795130608        0.72496084457816       -0.20715525613496
O            1.32130181568043        1.47565995838537       -1.13963242137513
C            0.54649989875486       -0.16944614543077        0.36650165757783
C            0.76749948082997       -1.33889883210319        1.06235801620081
C            1.43246229796563       -2.43184660637613        0.30113700548580
C            0.18511892406337       -2.63850867909502       -0.65090388031776
C           -1.01000924707371       -1.84982172967173       -0.00909389280034
C           -0.58909875046480       -1.91041553278602        1.45336359689700
C           -0.84857962394272       -0.31087284964524       -0.23085445047849
C           -1.95417579271000        0.53470216527022        0.37444262562793
O           -2.26030699175481        0.57151657471373        1.53885598860230
O           -2.53404036012645        1.27059491973936       -0.57243107625372
C           -3.56696884640891        2.17252335423140       -0.16758357136770
C           -4.91397205179958        1.46949533760681       -0.07780932542241
H            4.81983140908798        1.43216946291122        1.79618930458114
H            5.31588223353414        0.21748673734214        0.61632187184657
H            5.79116666590365        1.90881659106244        0.39404469099516
H            3.88687092234391        1.31719510333807       -1.12373661756394
H            3.40145798547498        2.54839312615951        0.05445272822415
H            2.31703833127804       -2.11615591255357       -0.24403342645420
H            1.65245813343921       -3.32075689263853        0.88826457039830
H           -0.07259817751392       -3.69460028029137       -0.71350552650909
H            0.40797425468932       -2.27004839005521       -1.65101443036329
H           -1.98456849819765       -2.24685051920919       -0.29291981337355
H           -0.53853643745844       -2.91715858532677        1.86092766076916
H           -1.16731786042153       -1.26374656274082        2.10524667526773
H           -0.77315880624234       -0.02377174835540       -1.28375149285576
H           -3.29812190183662        2.60296119336585        0.80301124338620
H           -3.57643073452402        2.95151457852741       -0.93292407869474
H           -5.15751007804306        0.99988544392164       -1.02787977629322
H           -5.68571758081913        2.19307619638282        0.16892262138787
H           -4.88476848297388        0.70770575669355        0.69740025084676
35
 energy: -53.237145337210 gnorm: 0.001002031793 xtb: 6.7.1 (edcfbbe)
C            5.00581317998179        1.25153200853274        0.74532483535521
C            3.74128221330631        1.50628062413402       -0.05294627819619
O            2.71792354368687        0.64261988547813        0.43364292022920
C            1.53058975794781        0.72480273917442       -0.20493934130604
O            1.32875560853287        1.47828831984272       -1.13547310802004
C            0.55108140821744       -0.16878665785990        0.36647276068137
C            0.76737102475088       -1.34007686723557        1.06074198698462
C            1.42711589925937       -2.43532692697256        0.29820471825120
C            0.17881684692439       -2.63635622757417       -0.65352227919516
C           -1.01238328679548       -1.84246451494083       -0.01087613830050
C           -0.59175576827084       -1.90602764410563        1.45142170279939
C           -0.84413634846294       -0.30408575015818       -0.23178443369902
C           -1.94891956173411        0.54384148372752        0.37152644079808
O           -2.24621323040964        0.59322768080023        1.53759194397175
O           -2.53996766444780        1.26445200678842       -0.58021927901111
C           -3.57430155483519        2.16612391180759       -0.17961740804381
C           -4.91704394574757        1.45875515630586       -0.06528287766850
H            4.82206305106435        1.43228132450269        1.80083359588330
H            5.32690349765874        0.22068682832416        0.62150039520695
H            5.79469138208955        1.91431645068738        0.40145846834080
H            3.89602725808415        1.31018534290236       -1.12092333500162
H            3.40718021724292        2.54535470804270        0.05154491444258
H            2.31284393103218       -2.12307247767721       -0.24711184528109
H            1.64352828154681       -3.32572086913439        0.88439450993742
H           -0.08361060858742       -3.69126387684598       -0.71661769096768
H            0.40289371235253       -2.26830760308562       -1.65347390702685
H           -1.98873159324993       -2.23477070818378       -0.29499107812398
H           -0.54573188784914       -2.91314272351176        1.85861610666441
H           -1.16667273351253       -1.25683624088252        2.10378852650077
H           -0.76656322397557       -0.01754723977424       -1.28471222412585
H           -3.29873969228630        2.61404235952999        0.78073925522023
H           -3.59620784040462        2.93249691346089       -0.95693777103305
H           -5.16714110118280        0.97028079057444       -1.00445260630483
H           -5.69019651056052        2.18288265459878        0.17520572989893
H           -4.87656426136650        0.71133513874192        0.72400490413221
35
 energy: -53.237154675304 gnorm: 0.001137375930 xtb: 6.7.1 (edcfbbe)
C            5.01203448427816        1.25254251121654        0.75262091925003
C            3.74969015917602        1.50394795891568       -0.05025229357072
O            2.72472273475906        0.64189315298116        0.43555967970843
C            1.53841611255113        0.72525383924833       -0.20544037737971
O            1.33930718774999        1.48058281986166       -1.13512380814437
C            0.55703387658248       -0.16769073432783        0.36307609745603
C            0.76834036379045       -1.34019149028923        1.05684669340316
C            1.42142089619471       -2.43913209192283        0.29376119645028
C            0.17072893694867       -2.63549328189945       -0.65563295235965
C           -1.01528141292475       -1.83405096493748       -0.01279114884680
C           -0.59359585058549       -1.89860289962911        1.44902228589978
C           -0.83908389571644       -0.29667917537423       -0.23428114340197
C           -1.94235399134816        0.55449943324401        0.36777407168306
O           -2.22782901563496        0.61838832592658        1.53623194322832
O           -2.54802685790908        1.25678390156374       -0.58838515823735
C           -3.58324451157875        2.15796561718364       -0.19067343885842
C           -4.92148162968516        1.44618174401349       -0.05207465154628
H            4.82400400767059        1.43260570450593        1.80755421609653
H            5.33706423572786        0.22285260016634        0.62977819889309
H            5.79982246752916        1.91810149732841        0.41158337028042
H            3.90769801655543        1.30425625504403       -1.11707617217580
H            3.41539516856598        2.54334534581517        0.04962996524850
H            2.30764752212691       -2.13153219675745       -0.25352244673072
H            1.63475912684378       -3.33014678705438        0.88010623621237
H           -0.09785903151978       -3.68908191789036       -0.71529647248982
H            0.39488993086949       -2.27156052703359       -1.65699232207133
H           -1.99409261934105       -2.22102563259196       -0.29578824946666
H           -0.55256557206901       -2.90558373208396        1.85692842074521
H           -1.16397348038866       -1.24567509835448        2.10175850558165
H           -0.76046431803309       -0.01212708012455       -1.28766312044614
H           -3.30080971327910        2.62229333317827        0.75955044186046
H           -3.61802064361746        2.91250860491315       -0.97873738046294
H           -5.17863114683411        0.94414143665112       -0.98128815146335
H           -5.69530636675874        2.17008952666976        0.18603463146039
H           -4.87035517069593        0.71034000185794        0.74633452818757
35
 energy: -53.237161775567 gnorm: 0.001768400160 xtb: 6.7.1 (edcfbbe)
C            5.01920652589450        1.25287665258518        0.76226245757618
C            3.76029847299845        1.50005603051171       -0.04747072486188
O            2.73348903871976        0.63890395016845        0.43587847444604
C            1.54823779226266        0.72528706735337       -0.20713588187123
O            1.35261479388079        1.48277256879123       -1.13584094688733
C            0.56358573781931       -0.16562351528387        0.35845334354752
C            0.76815694675005       -1.33930244120018        1.05238292030164
C            1.41402723226138       -2.44284033473475        0.28973995611243
C            0.16123878382144       -2.63261156354968       -0.65842273009582
C           -1.01932477672371       -1.82280519496873       -0.01625431569282
C           -0.59742471402031       -1.88869173865414        1.44533391799212
C           -0.83308836372473       -0.28664158421479       -0.23887967021351
C           -1.93443740361017        0.56848339566767        0.36151020980960
O           -2.20636986277213        0.64943097648619        1.53206930737725
O           -2.55703904329917        1.24932025412689       -0.59928734757756
C           -3.59463612382360        2.14906420804909       -0.20534335854418
C           -4.92494320024243        1.42792434282822       -0.03270573301447
H            4.82502988553427        1.43351558810529        1.81604798776552
H            5.34822559514361        0.22406769608021        0.64219005904407
H            5.80668765791111        1.92066877049220        0.42473786803938
H            3.92391166531708        1.29675997999123       -1.11280924914009
H            3.42474444306851        2.53958677085119        0.04703250162571
H            2.30150470352312       -2.14076651040715       -0.25873397623888
H            1.62298034006849       -3.33457902684922        0.87667062475034
H           -0.11460510771264       -3.68458226541212       -0.71454559979267
H            0.38660264221310       -2.27339645173990       -1.66124067922466
H           -2.00086047969871       -2.20335948225835       -0.29883124331677
H           -0.56271728022243       -2.89548868605170        1.85437875090529
H           -1.16289393595261       -1.23115269048087        2.09785058658637
H           -0.75284550891318       -0.00374794593080       -1.29259839985717
H           -3.30277346217942        2.63571411458910        0.73138167098968
H           -3.64787593352830        2.88740857499429       -1.00887612037534
H           -5.19094758497967        0.90257082826191       -0.94769047828203
H           -5.70109323653299        2.15136259197476        0.19964420911107
H           -4.85666623925123        0.70981506984136        0.78223372299966
35
 energy: -53.237162805853 gnorm: 0.004268721973 xtb: 6.7.1 (edcfbbe)
C            5.02513713411446        1.25044677758238        0.77127098599566
C            3.77077474962364        1.49574105026706       -0.04627152611047
O            2.74053195009602        0.63743772799159        0.43430705512585
C            1.55657547519140        0.72713905247555       -0.21147269736580
O            1.36539590810503        1.48603958339293       -1.13982673076656
C            0.56902783689081       -0.16144922140418        0.35219582192840
C            0.76910836695569       -1.33549570726801        1.04685052723732
C            1.40817817468061       -2.44307160587117        0.28462340785457
C            0.15185447344532       -2.62983720045979       -0.65977684005769
C           -1.02262683783675       -1.81153186974880       -0.01795309243519
C           -0.59846593908114       -1.87757007084383        1.44295697364585
C           -0.82862680676425       -0.27673638616446       -0.24336690417469
C           -1.92917837050530        0.57967701889347        0.35722811913662
O           -2.19356345389064        0.66788794754961        1.52697827352258
O           -2.56244275898471        1.24822433813234       -0.60195053606430
C           -3.60573313106411        2.14118245426494       -0.20818769222654
C           -4.92727581817204        1.41110745620817       -0.02449680027744
H            4.82573644628562        1.43653189229452        1.82310114499639
H            5.35325477798860        0.22057132193796        0.65815897227572
H            5.81537184504081        1.91531575337518        0.43471158457754
H            3.94060644508596        1.28829042773656       -1.10986781148921
H            3.43600770706568        2.53609551323550        0.04230283974427
H            2.29505366464716       -2.14518548625434       -0.26709883149929
H            1.61583222000475       -3.33445486687435        0.87248938664695
H           -0.13049179660427       -3.68052390770644       -0.70828423072327
H            0.37626383514528       -2.27856060625524       -1.66567640652533
H           -2.00682567624478       -2.18668972810592       -0.29850461797275
H           -0.56806841498096       -2.88385213147978        1.85352473893302
H           -1.15899988117280       -1.21614463567592        2.09569655519466
H           -0.74879329182640        0.00496247767129       -1.29744028343713
H           -3.31428680937825        2.63448789624626        0.72250731764465
H           -3.67034995080162        2.87390378740909       -1.01373035641038
H           -5.19338081790536        0.87716268670470       -0.93328212597364
H           -5.70836157995109        2.12956338141242        0.20700325478644
H           -4.84723967520208        0.69933487934315        0.79441263825669
35
 energy: -53.237171412540 gnorm: 0.004224976153 xtb: 6.7.1 (edcfbbe)
C            5.02961559048970        1.24803698847558        0.78005688806476
C            3.77991072352040        1.49131940455026       -0.04540830442366
O            2.74654000678294        0.63545895484536        0.43243340454865
C            1.56384760947774        0.72821523138372       -0.21572764531041
O            1.37641346448704        1.48796652366929       -1.14412102561900
C            0.57347629350974       -0.15778775730611        0.34675710052239
C            0.76976336716120       -1.33200840674240        1.04231096661690
C            1.40336519319098       -2.44274924638581        0.28025845322950
C            0.14439025447059       -2.62712552819615       -0.66138670607914
C           -1.02519203272425       -1.80197665721521       -0.01979272576667
C           -0.59955163105085       -1.86816247655215        1.44064174222474
C           -0.82508894753283       -0.26817586546680       -0.24697776481610
C           -1.92398214965068        0.59045856706340        0.35405944395566
O           -2.17878885674912        0.68917862550680        1.52520518503883
O           -2.56849864128903        1.24583881419312       -0.60600226653509
C           -3.61527850598744        2.13495708751927       -0.21253017153911
C           -4.93004554233105        1.39552471786562       -0.01501418063036
H            4.82503618023508        1.43970578841770        1.82995213250969
H            5.35658423413184        0.21701395177972        0.67388256072840
H            5.82274018865259        1.90981191735928        0.44429487210104
H            3.95574797455973        1.27999800397767       -1.10732603837879
H            3.44544381154047        2.53228196732779        0.03753124210030
H            2.28992430083398       -2.14821195505258       -0.27382113983996
H            1.60958556610964       -3.33412758687290        0.86861253719123
H           -0.14299222754248       -3.67676703644057       -0.70480713230182
H            0.36826456745188       -2.28125687426847       -1.66932480697194
H           -2.01147556418842       -2.17283778957506       -0.29889204012462
H           -0.57291890371467       -2.87412324596240        1.85224587927349
H           -1.15624775674817       -1.20364049646835        2.09348558202294
H           -0.74602230907731        0.01191199737852       -1.30151356993296
H           -3.32079425260766        2.63863733006312        0.71252942211302
H           -3.69060950409549        2.86059527899684       -1.02431356957199
H           -5.19788064028325        0.85234979597863       -0.91829596471581
H           -5.71553477486835        2.10957917561375        0.21555688045713
H           -4.83974708616411        0.69011080055120        0.80857287385236
35
 energy: -53.237188481039 gnorm: 0.001868377739 xtb: 6.7.1 (edcfbbe)
C            5.03071363902010        1.24694769422322        0.78733009481416
C            3.78496946442229        1.49056099091748       -0.04405408160979
O            2.74991423122485        0.63395610090358        0.42872909823524
C            1.56911626890803        0.72706859366384       -0.22271131458803
O            1.38445585062949        1.48541236122672       -1.15281454998487
C            0.57665922776083       -0.15638879647214        0.34014342770699
C            0.77047719416021       -1.32945975718877        1.03843230449595
C            1.40037297292887       -2.44342057051468        0.27801820822427
C            0.13976356996163       -2.62749758087804       -0.66153230353981
C           -1.02657105808067       -1.79707627628226       -0.02095693208944
C           -0.59988970031718       -1.86128765393894        1.43921583759550
C           -0.82262110616980       -0.26406372288841       -0.25165968655107
C           -1.91794212413269        0.59827158454135        0.35061976900446
O           -2.16005690282262        0.71027808141360        1.52518883697639
O           -2.57490498329199        1.24069782469270       -0.61197623616490
C           -3.62134974429047        2.12981893941251       -0.21620555195518
C           -4.93336672724795        1.38750280014021       -0.00752101086343
H            4.82177456948660        1.44042972393919        1.83606824836127
H            5.35621871823761        0.21520167687795        0.68403817931737
H            5.82654560510069        1.90687115952909        0.45410344325790
H            3.96575990003226        1.28035008971265       -1.10531737572134
H            3.44969037096657        2.53122066353941        0.03843096858067
H            2.28679969933378       -2.15205231157327       -0.27798493730039
H            1.60526186168401       -3.33410279306472        0.86788474091724
H           -0.15046618657362       -3.67654141277997       -0.70137753741337
H            0.36355092763027       -2.28534573012331       -1.67071559231383
H           -2.01407608562347       -2.16578778412721       -0.29850173876607
H           -0.57562015214595       -2.86643238852418        1.85301557111104
H           -1.15388903534006       -1.19374940908999        2.09132014967460
H           -0.74541788852357        0.01343414054195       -1.30701270372791
H           -3.32220095743732        2.63843986466260        0.70549137576287
H           -3.70219072914102        2.85155194543037       -1.03096007055838
H           -5.20584906797172        0.84195984783717       -0.90803526650326
H           -5.71968646665223        2.09887721906121        0.22773124516373
H           -4.83594515572535        0.68435488519046        0.81670750444517
35
 energy: -53.237198100545 gnorm: 0.001739439995 xtb: 6.7.1 (edcfbbe)
C            5.03085127224981        1.24424209256936        0.79226440891197
C            3.78948764222670        1.48602027812420       -0.04587140811926
O            2.75339302507809        0.62900692837422        0.42404784093311
C            1.57277781902203        0.72553940177920       -0.22597320315451
O            1.38875049124987        1.48271051401468       -1.15717642557962
C            0.57784372853580       -0.15392418952767        0.33946246908452
C            0.77007788407133       -1.32687553913576        1.03824127924912
C            1.39862181613721       -2.44115529077411        0.27715355246532
C            0.13815484957133       -2.62349963303651       -0.66268405896792
C           -1.02738002615909       -1.79228430884445       -0.02220201979982
C           -0.60140547163307       -1.85612163504858        1.43831160920383
C           -0.82138317744382       -0.25923214052739       -0.25208265813079
C           -1.91423002363853        0.60537882685973        0.35026643398072
O           -2.15202947736849        0.72319713780026        1.52505957672949
O           -2.57679032292355        1.24127964715202       -0.61405304113648
C           -3.62652395505902        2.12773890053845       -0.21846591767312
C           -4.93430193417577        1.37782722497586       -0.00204923543371
H            4.81774711141705        1.44290978292176        1.83915514616142
H            5.35420794809891        0.21121278249241        0.69483423848009
H            5.82959750331351        1.90094106928678        0.45948409990692
H            3.97510397526435        1.27453819798229       -1.10599905811553
H            3.45235368043075        2.52627564314304        0.03387267032756
H            2.28545853600768       -2.15071894740577       -0.27848175765766
H            1.60190940254295       -3.33261703179447        0.86635524752638
H           -0.15230256705661       -3.67201318849011       -0.70579511907529
H            0.36250157963762       -2.27842272818266       -1.67033190548021
H           -2.01513779177805       -2.16018631256505       -0.29973653457729
H           -0.57865802944071       -2.86108662835050        1.85237499214545
H           -1.15459087921548       -1.18759629386428        2.09015902061844
H           -0.74437761135593        0.01747694817889       -1.30761799211354
H           -3.32583503568774        2.64214255495729        0.70138930029316
H           -3.71320383155159        2.84609481571441       -1.03731959046455
H           -5.20547954135617        0.82912237013553       -0.90095702204532
H           -5.72435600821049        2.08469863058457        0.23418284325386
H           -4.83085258080043        0.67738011997323        0.82331433224704
35
 energy: -53.237204457101 gnorm: 0.000699710725 xtb: 6.7.1 (edcfbbe)
C            5.03090690940958        1.24307862239431        0.79221216084777
C            3.79011563733865        1.48486506185595       -0.04649777186807
O            2.75340889013385        0.62845667959590        0.42354046904032
C            1.57288350202368        0.72545284247535       -0.22620904337817
O            1.38897978488939        1.48204601912186       -1.15794187756497
C            0.57743619367168       -0.15331766180205        0.33970770936406
C            0.76951107329211       -1.32614651357568        1.03882638299516
C            1.39867275936978       -2.44065098095543        0.27840017563706
C            0.13932436766964       -2.62082260186864       -0.66330133000414
C           -1.02746507969550       -1.79161695616908       -0.02201584110596
C           -0.60176672654216       -1.85615849616600        1.43852149177998
C           -0.82158288167323       -0.25850958294280       -0.25247968493697
C           -1.91521748474751        0.60487610034836        0.34967176929915
O           -2.15215537116330        0.72370416433856        1.52390972397338
O           -2.57765644388911        1.24151967763317       -0.61410985691175
C           -3.62785606886396        2.12688566648226       -0.21825006788506
C           -4.93431433025959        1.37745808073277       -0.00220197289327
H            4.81713222258162        1.44294641682478        1.83855633682733
H            5.35354504166652        0.20982338743270        0.69622932107807
H            5.83041516697018        1.89877337173226        0.45957418861329
H            3.97644533627539        1.27245880917527       -1.10625665200121
H            3.45319644996039        2.52529320906080        0.03209504682499
H            2.28637458920389       -2.15035578302828       -0.27590181413877
H            1.60106108719617       -3.33212218467560        0.86795383719963
H           -0.15076704823146       -3.66949323877707       -0.70845052842940
H            0.36480941704307       -2.27389338404238       -1.67039830697588
H           -2.01499684531180       -2.15984953171903       -0.30003396908039
H           -0.57897925381693       -2.86119383504679        1.85264961329303
H           -1.15528041801305       -1.18770092928345        2.09017203729993
H           -0.74392102692339        0.01873636754386       -1.30786086043045
H           -3.32862917355424        2.64023981800384        0.70094625026775
H           -3.71535998378797        2.84512345962163       -1.03538471597305
H           -5.20565172205603        0.82817980389410       -0.90055954920599
H           -5.72432678823081        2.08415292476546        0.23486360235042
H           -4.82829178193511        0.67776119702991        0.82315584008599
35
 energy: -53.237207421153 gnorm: 0.000530429691 xtb: 6.7.1 (edcfbbe)
C            5.03099084412047        1.24189076607482        0.79243825827900
C            3.79094294709479        1.48346644835468       -0.04737360117137
O            2.75364978541218        0.62795001415469        0.42315328509413
C            1.57312857161273        0.72546284458346       -0.22624601164764
O            1.38933030441210        1.48154977235171       -1.15841687133294
C            0.57715043903037       -0.15234221022005        0.34040243585093
C            0.76897865832660       -1.32515035303080        1.03952264449146
C            1.39877220314522       -2.43959267816660        0.27940495211009
C            0.14043888010032       -2.61973041763039       -0.66348715693840
C           -1.02710845853545       -1.79080526800129       -0.02293107582754
C           -0.60254725953219       -1.85538979922699        1.43793905507681
C           -0.82166813929593       -0.25739973568570       -0.25230277630640
C           -1.91500541697831        0.60626981790800        0.34976562542742
O           -2.15283144545660        0.72438332604079        1.52394302838262
O           -2.57814516391459        1.24223417133962       -0.61410761398851
C           -3.62898022637754        2.12669295823842       -0.21816639466664
C           -4.93455593782232        1.37599831068646       -0.00166327970353
H            4.81674591795794        1.44318641249323        1.83842254798749
H            5.35284716281189        0.20826841682611        0.69788002108508
H            5.83121314249208        1.89653006015271        0.45947695628249
H            3.97766821238442        1.26985499336267       -1.10682518066267
H            3.45432486526913        2.52407511278379        0.02998223576421
H            2.28730864941426       -2.14963016551235       -0.27375933090340
H            1.59999851199559       -3.33120663383678        0.86908421471792
H           -0.14920880030112       -3.66847739881911       -0.71097024923475
H            0.36703506891983       -2.27078259378134       -1.66964200725941
H           -2.01429917489135       -2.15942674740725       -0.30163321089510
H           -0.57997876047781       -2.86046410189940        1.85194785653798
H           -1.15666786150992       -1.18712447729488        2.08932468506586
H           -0.74345817174191        0.02006642265754       -1.30755182826471
H           -3.33000561512482        2.63989154822609        0.70099358792740
H           -3.71682788261579        2.84486090665995       -1.03515220575378
H           -5.20628574029736        0.82651115295246       -0.89973657654561
H           -5.72500518331448        2.08205620642557        0.23575704067189
H           -4.82794492631198        0.67632291825096        0.82365905434342
35
 energy: -53.237212288541 gnorm: 0.000507137794 xtb: 6.7.1 (edcfbbe)
C            5.03125737023956        1.23931502745399        0.79313501302622
C            3.79302953690437        1.47980878421698       -0.04962856446034
O            2.75420409806890        0.62684848013497        0.42243343075951
C            1.57372256347659        0.72553620104297       -0.22626612592686
O            1.39044131743803        1.48015611575519       -1.15973661938639
C            0.57645390603249       -0.15006081472025        0.34193940101436
C            0.76759115970345       -1.32279178510288        1.04115380709756
C            1.39899769437422       -2.43714707219057        0.28211355554688
C            0.14335710165923       -2.61582978832520       -0.66433391367781
C           -1.02636919376189       -1.78889510963894       -0.02476230014364
C           -0.60442956429616       -1.85369933348282        1.43687703145162
C           -0.82171014714089       -0.25505019529307       -0.25244717169187
C           -1.91588019807861        0.60732043342162        0.34951152117184
O           -2.15403782148545        0.72555527115711        1.52385475888216
O           -2.57960042175733        1.24300212975331       -0.61441409009858
C           -3.63131498456744        2.12619141860997       -0.21781536579888
C           -4.93551599251058        1.37285688626692       -0.00008359715552
H            4.81564998806867        1.44482474248754        1.83808998943498
H            5.35124933474011        0.20468260542832        0.70283522698567
H            5.83325570419020        1.89121668585153        0.45902145478947
H            3.98093400299617        1.26246828163669       -1.10813557056080
H            3.45722505837049        2.52094300890624        0.02386981400716
H            2.28957094181692       -2.14804848172353       -0.26820598898009
H            1.59733307093005       -3.32910212767161        0.87226027500997
H           -0.14529398533605       -3.66456608521859       -0.71705559505258
H            0.37252240608996       -2.26252755323324       -1.66838616469523
H           -2.01264008139937       -2.15849150261979       -0.30538056286384
H           -0.58222089163408       -2.85889354774708        1.85053569539878
H           -1.16014343106457       -1.18602568920779        2.08757167269454
H           -0.74257857803914        0.02315343591230       -1.30741118004338
H           -3.33234314466449        2.63958115460044        0.70153014674821
H           -3.72034477484527        2.84429360282338       -1.03501717297400
H           -5.20776032301896        0.82305565503146       -0.89783362061707
H           -5.72710075023100        2.07734778243168        0.23829633166385
H           -4.82751097126771        0.67297138326334        0.82501659243794
35
 energy: -53.237216370011 gnorm: 0.000590648289 xtb: 6.7.1 (edcfbbe)
C            5.03206478354724        1.23640668732386        0.79407097378243
C            3.79578573649025        1.47507091166039       -0.05205942058306
O            2.75493818431439        0.62571602068729        0.42221361501499
C            1.57456946244249        0.72574398622326       -0.22606591328499
O            1.39231092107022        1.47889401510123       -1.16093220408847
C            0.57571658555689       -0.14734955695756        0.34360301028349
C            0.76582699492862       -1.32015479704746        1.04283472063803
C            1.39920709874348       -2.43431020976629        0.28519909341151
C            0.14656339933996       -2.61096644881601       -0.66542730965331
C           -1.02558400997892       -1.78633742599290       -0.02698688073815
C           -0.60662092442698       -1.85214263140880        1.43552156760100
C           -0.82162621778618       -0.25202436570984       -0.25284343022202
C           -1.91638761142714        0.60934023823458        0.34909202284525
O           -2.15511129740509        0.72693798445654        1.52340370944487
O           -2.58143835544474        1.24390300215646       -0.61473406443361
C           -3.63479863892111        2.12489676473948       -0.21733652637525
C           -4.93748495638274        1.36918968691701        0.00196389842897
H            4.81487084105302        1.44774055173832        1.83756048223600
H            5.34989538281142        0.20055272572525        0.70974336263097
H            5.83615095666478        1.88480338938637        0.45812463275579
H            3.98532404849221        1.25235833260439       -1.10918089859535
H            3.46132219875571        2.51701831193644        0.01582695893052
H            2.29198237816813       -2.14593888748839       -0.26185874285329
H            1.59452325883542       -3.32664047007633        0.87584117664137
H           -0.14095499774380       -3.65967765413011       -0.72310787563403
H            0.37866049147755       -2.25356264083916       -1.66737483851332
H           -2.01085042879198       -2.15670238907040       -0.31005895073021
H           -0.58472068551846       -2.85759983957018        1.84858130025605
H           -1.16408934355458       -1.18527949000044        2.08550605032498
H           -0.74153989785332        0.02758337943365       -1.30734384530793
H           -3.33580817566691        2.63957440909387        0.70158199112938
H           -3.72636876605074        2.84255147140201       -1.03486987587568
H           -5.20933715065562        0.81895082505642       -0.89569073260333
H           -5.73029081216930        2.07199371427947        0.24147083582428
H           -4.82670045291378        0.66946039872797        0.82686422130605
35
 energy: -53.237220025095 gnorm: 0.000448583716 xtb: 6.7.1 (edcfbbe)
C            5.03339200564657        1.23371443723540        0.79534695856475
C            3.79901356437066        1.46987334114462       -0.05427799023582
O            2.75588611043820        0.62496227885265        0.42285050218350
C            1.57559675423215        0.72648866281101       -0.22529630950909
O            1.39484431578611        1.47832924576571       -1.16149259617395
C            0.57515462781177       -0.14434506938200        0.34520386217729
C            0.76417076262623       -1.31738004814625        1.04425632114069
C            1.39942334875834       -2.43112538427243        0.28770446256186
C            0.14929175229141       -2.60651407413079       -0.66648335980187
C           -1.02484421425284       -1.78345986875230       -0.02948523316089
C           -0.60880655233747       -1.85029063953582        1.43386348936024
C           -0.82144278503844       -0.24871693756908       -0.25323489858833
C           -1.91804617414416        0.61040402148198        0.34867876026660
O           -2.15616672854647        0.72826450882846        1.52302308329636
O           -2.58404505526762        1.24429518222894       -0.61491486800768
C           -3.63865576331297        2.12359032827527       -0.21705616598523
C           -4.93952144642230        1.36529035229839        0.00421897570927
H            4.81493378272834        1.45180113505507        1.83718653631095
H            5.34909215554435        0.19666366384232        0.71782724233821
H            5.83944316030219        1.87830256896166        0.45682588567903
H            3.99011551878623        1.24079727124980       -1.10979839435715
H            3.46632303246124        2.51279543232200        0.00702947928230
H            2.29395406210977       -2.14308423039190       -0.25658528871464
H            1.59242802471014       -3.32388758809456        0.87846508125861
H           -0.13750860865700       -3.65519420335011       -0.72741194354763
H            0.38405440739458       -2.24655410640973       -1.66688162982256
H           -2.00923523397986       -2.15425419851281       -0.31505968630029
H           -0.58725842109007       -2.85610818811082        1.84605974985298
H           -1.16795250537658       -1.18431565224073        2.08328047000732
H           -0.74054655221110        0.03227520734629       -1.30729225990293
H           -3.33960450487931        2.63978505187659        0.70100845353387
H           -3.73282635671142        2.84048569026612       -1.03499695466125
H           -5.21122728678716        0.81447102821181       -0.89310656036076
H           -5.73321712563179        2.06667811256566        0.24461186504289
H           -4.82621207135138        0.66596266828970        0.82906507455737
35
 energy: -53.237224160681 gnorm: 0.000294603092 xtb: 6.7.1 (edcfbbe)
C            5.03542139295051        1.23084796353558        0.79732253609727
C            3.80315780209994        1.46337667326281       -0.05641968713784
O            2.75715676035400        0.62427053899044        0.42445819937043
C            1.57702944433658        0.72760427743353       -0.22398776719312
O            1.39845142208270        1.47846186309739       -1.16136020536205
C            0.57466848516740       -0.14082699830674        0.34685346774449
C            0.76230171579664       -1.31431781466486        1.04545453755078
C            1.39954089008319       -2.42734251982810        0.28970403709483
C            0.15163286765592       -2.60147264549584       -0.66779769759191
C           -1.02427688356644       -1.77973345840420       -0.03232553828027
C           -0.61125226769987       -1.84807129176704        1.43187842867431
C           -0.82094233862602       -0.24460347291897       -0.25402851604424
C           -1.91910319816878        0.61276175324859        0.34805440717988
O           -2.15694037567563        0.73027528074552        1.52247501750573
O           -2.58700611631145        1.24473449060253       -0.61537122878041
C           -3.64354310049298        2.12157502460307       -0.21712551649061
C           -4.94227855831765        1.36044729491695        0.00706646958971
H            4.81573386134852        1.45782242518637        1.83701104703748
H            5.34869376252567        0.19241983457470        0.72865468408464
H            5.84365180092496        1.87072165500171        0.45504191251729
H            3.99610743506203        1.22593436876520       -1.10981063121153
H            3.47282415327083        2.50753602636603       -0.00378245071243
H            2.29537194579940       -2.13891561768771       -0.25216185470649
H            1.59113762058716       -3.32054669780872        0.88027517699776
H           -0.13482070235957       -3.65009301483812       -0.73019471732680
H            0.38872086379410       -2.24064410496443       -1.66730924629444
H           -2.00787713077231       -2.15056783171437       -0.32062101958971
H           -0.59009041494018       -2.85437826278345        1.84290890713225
H           -1.17194859233882       -1.18311412985867        2.08094218872225
H           -0.73885366469653        0.03815349109762       -1.30752988617680
H           -3.34454761736844        2.64005353736225        0.69966348835888
H           -3.74103074799538        2.83708405704221       -1.03588808336909
H           -5.21410475191040        0.80836621807726       -0.88942702065037
H           -5.73717476967774        2.06014791764262        0.24832619726736
H           -4.82581099292107        0.66203316949874        0.83218247798688
35
 energy: -53.237228315819 gnorm: 0.000336841870 xtb: 6.7.1 (edcfbbe)
C            5.03797432657046        1.22802828952353        0.80004858175185
C            3.80805703335891        1.45626556528003       -0.05825950566856
O            2.75890369209437        0.62349961785923        0.42652303274813
C            1.57898480017769        0.72907825663360       -0.22237555038485
O            1.40284689343344        1.47948774157684       -1.16054984500626
C            0.57454059931231       -0.13688195625044        0.34846125436147
C            0.76073891444542       -1.31110901636488        1.04623915345199
C            1.39951937440069       -2.42310353903747        0.29042143773888
C            0.15289411495696       -2.59708874421594       -0.66890498671011
C           -1.02381604521572       -1.77521534048032       -0.03518525838249
C           -0.61339223101166       -1.84540875052896        1.42970761620086
C           -0.82018668962045       -0.23973307474362       -0.25458472420251
C           -1.92019732686246        0.61565239792200        0.34731223390612
O           -2.15713340395681        0.73380583888369        1.52178128185769
O           -2.59049871899658        1.24485605277746       -0.61613116968860
C           -3.64916855406314        2.11912378228774       -0.21774764752962
C           -4.94532291517015        1.35480701077369        0.01014654831342
H            4.81701728161465        1.46516162631683        1.83719185587181
H            5.34858924012161        0.18817242516976        0.74151709849810
H            5.84858309910606        1.86256184562704        0.45341108918072
H            4.00312219996177        1.20952674058818       -1.10916321720653
H            3.48019205166527        2.50164325434562       -0.01530092517827
H            2.29587752405309       -2.13346696660206       -0.24992346388838
H            1.59091220490527       -3.31687890021882        0.88016398435043
H           -0.13374991630300       -3.64571049629789       -0.73112749008997
H            0.39148874916185       -2.23679951910441       -1.66821738533598
H           -2.00690901927413       -2.14555193811527       -0.32584657158786
H           -0.59288053400179       -2.85229196703545        1.83938763994927
H           -1.17521151407651       -1.18137249374769        2.07868449912174
H           -0.73695149314753        0.04452063131074       -1.30755859509886
H           -3.35031510195332        2.64031146099992        0.69751912418363
H           -3.75035882653306        2.83268062712671       -1.03771936985634
H           -5.21752013604023        0.80064959840832       -0.88498101119153
H           -5.74157779850247        2.05277697477758        0.25210943229270
H           -4.82505187461063        0.65800296456428        0.83608296722211
35
 energy: -53.237232102249 gnorm: 0.000382159631 xtb: 6.7.1 (edcfbbe)
C            5.04060348156216        1.22527977731491        0.80356857469191
C            3.81343097687617        1.44897538556093       -0.05987239794328
O            2.76108663559613        0.62228678808195        0.42825106874200
C            1.58132187367111        0.73073569413156       -0.22077846592234
O            1.40760656803896        1.48092309447737       -1.15956028753495
C            0.57479958815558       -0.13300562682721        0.34973117718032
C            0.75964064219099       -1.30804203591163        1.04651286961650
C            1.39914204568119       -2.41900478528359        0.28982052744480
C            0.15298533731248       -2.59248643174275       -0.67032410737001
C           -1.02387480786263       -1.77031129948465       -0.03739704488506
C           -0.61510310993383       -1.84203755304391        1.42793979204322
C           -0.81921314888323       -0.23462827830458       -0.25501842043785
C           -1.92041910578383        0.61955360047038        0.34659329367934
O           -2.15618976873700        0.73906515744788        1.52115089951503
O           -2.59415968152085        1.24459752348365       -0.61717386474908
C           -3.65513919431242        2.11623473329969       -0.21904607286687
C           -4.94822007008121        1.34814301336419        0.01343118929628
H            4.81819221971528        1.47294169072782        1.83792521210297
H            5.34835144857386        0.18404814973276        0.75559969363451
H            5.85381441098432        1.85411884108478        0.45265599265382
H            4.01102251711466        1.19321541598680       -1.10816140904270
H            3.48774822989933        2.49533464976961       -0.02647474388559
H            2.29537730009570       -2.12781936076642       -0.24993007753534
H            1.59128646575845       -3.31337962152309        0.87840526601804
H           -0.13439580273014       -3.64102046903320       -0.73124080271858
H            0.39217291006797       -2.23374165578001       -1.67007074082475
H           -2.00686309011352       -2.13974204329076       -0.32965949640941
H           -0.59540313121338       -2.84941133689992        1.83642666611998
H           -1.17726757779143       -1.17849932254297        2.07714638132066
H           -0.73474425052501        0.05071065508565       -1.30759472797369
H           -3.35633320894467        2.64063178168063        0.69429787279519
H           -3.76015229367621        2.82735837754813       -1.04056755097469
H           -5.22097153656868        0.79118750359584       -0.87976411033517
H           -5.74602693980551        2.04422777631873        0.25564558229381
H           -4.82410593281065        0.65356021128070        0.84066437625533
35
 energy: -53.237235372638 gnorm: 0.000333508455 xtb: 6.7.1 (edcfbbe)
C            5.04272863865231        1.22297309647902        0.80706291051295
C            3.81818189705101        1.44332058831250       -0.06092801242421
O            2.76336976397994        0.62076117270459        0.42874768507860
C            1.58380664349854        0.73187243997429       -0.22024028958439
O            1.41156275663164        1.48277599148302       -1.15869890780312
C            0.57557191585737       -0.12984831544333        0.35032331643617
C            0.75940381898344       -1.30562517032971        1.04622088482244
C            1.39849721149388       -2.41594049621186        0.28816632855993
C            0.15182135057154       -2.58917421630286       -0.67130549359999
C           -1.02409673713713       -1.76569221676153       -0.03854119350810
C           -0.61573108057507       -1.83900214524492        1.42684420395514
C           -0.81816454075886       -0.22994039435793       -0.25505110649132
C           -1.92004397561277        0.62350309207737        0.34617852808921
O           -2.15406391014580        0.74559276595761        1.52083514594045
O           -2.59723360829552        1.24403124157742       -0.61818012785335
C           -3.66030858410724        2.11338183348032       -0.22052397102991
C           -4.95067888741841        1.34206105094039        0.01602216857535
H            4.81870357666469        1.47907514134209        1.83895573791955
H            5.34783134053432        0.18064006730007        0.76769256396449
H            5.85838316112971        1.84696354038374        0.45320820759434
H            4.01846049790060        1.18096100178408       -1.10703433099108
H            3.49379604692699        2.49021068013695       -0.03476899237485
H            2.29421650931745       -2.12356391946636       -0.25185883185224
H            1.59158801344706       -3.31090723777083        0.87551036993367
H           -0.13653019714141       -3.63757353198821       -0.73107362215165
H            0.39073813538133       -2.23163770817970       -1.67153498620117
H           -2.00736665707308       -2.13395002884276       -0.33129653580829
H           -0.59692906248151       -2.84672044206658        1.83456513107708
H           -1.17747766647514       -1.17549016926811        2.07644970140489
H           -0.73292036141470        0.05578930812559       -1.30746125293196
H           -3.36169024521568        2.64094714416591        0.69103176481001
H           -3.76878406093552        2.82201751089613       -1.04370326215680
H           -5.22346714054266        0.78202242179040       -0.87523722250165
H           -5.75022725602563        2.03628030024690        0.25802777084346
H           -4.82294730666562        0.64988560308532        0.84472783374080
35
 energy: -53.237239053808 gnorm: 0.000238223365 xtb: 6.7.1 (edcfbbe)
C            5.04462511171596        1.22068399953897        0.81088311027908
C            3.82299246959087        1.43835818946914       -0.06185268507944
O            2.76599855239738        0.61879026930608        0.42816412027829
C            1.58636171331520        0.73334112937768       -0.21992526042085
O            1.41528459554595        1.48486812242739       -1.15810907277320
C            0.57680910476321       -0.12708879625130        0.35038285148143
C            0.75983947742824       -1.30354760087614        1.04536783855798
C            1.39747076013631       -2.41365803733719        0.28561897954993
C            0.14970337518140       -2.58586292236576       -0.67254107535112
C           -1.02475013417394       -1.76113929644880       -0.03884857712565
C           -0.61573092074962       -1.83539542891987        1.42632512855184
C           -0.81700525528340       -0.22545744555239       -0.25476094858980
C           -1.91885311832220        0.62800132393719        0.34610210324617
O           -2.15045081493454        0.75364001810716        1.52082664977130
O           -2.60021896416376        1.24301056687027       -0.61903100252922
C           -3.66536018267720        2.11023472572287       -0.22229354648580
C           -4.95283755188272        1.33542620084018        0.01835226952835
H            4.81866786853404        1.48417086803712        1.84043168186032
H            5.34692871236160        0.17733339238463        0.77914775324489
H            5.86288955069646        1.84008179354515        0.45505789335585
H            4.02630189307321        1.17112044640382       -1.10608690795998
H            3.49937999310606        2.48551686922582       -0.04133388256898
H            2.29253294257092       -2.12077723592237       -0.25528506714380
H            1.59131906607874       -3.30920414645538        0.87181650323107
H           -0.13992475333013       -3.63399334918953       -0.73141440890027
H            0.38782789858331       -2.22919753052259       -1.67329355047817
H           -2.00869050572994       -2.12799529646761       -0.33116059434463
H           -0.59798368011758       -2.84328174223895        1.83364285126742
H           -1.17625476183538       -1.17136978548020        2.07654180460197
H           -0.73139689200861        0.06024044335118       -1.30714178491827
H           -3.36705676801423        2.64124767230377        0.68732997654843
H           -3.77719595928022        2.81613271740035       -1.04735461761641
H           -5.22523215212386        0.77188295094694       -0.87083648251352
H           -5.75426553080421        2.02779329522075        0.25948442830042
H           -4.82172513964735        0.64609361962040        0.84892563513894
35
 energy: -53.237243576030 gnorm: 0.000329691321 xtb: 6.7.1 (edcfbbe)
C            5.04665930716271        1.21802815899871        0.81567051374561
C            3.82875627020558        1.43333201311752       -0.06288734239833
O            2.76954858264991        0.61598761551664        0.42615004216137
C            1.58997691458546        0.73427437570597       -0.22103861745207
O            1.41952286193246        1.48775391836719       -1.15774097393208
C            0.57885869034107       -0.12418503846074        0.34968284243231
C            0.76083139391783       -1.30130771265515        1.04389589794573
C            1.39577226689937       -2.41190201281452        0.28243832867632
C            0.14652172782667       -2.58193012817133       -0.67406159426807
C           -1.02571066296593       -1.75548628988477       -0.03865651151819
C           -0.61524935665577       -1.83088708495648        1.42604822994076
C           -0.81545423001964       -0.22000919711933       -0.25434551566701
C           -1.91686691830821        0.63386715360535        0.34630531608690
O           -2.14473868765895        0.76474258516753        1.52118096740041
O           -2.60370290032544        1.24158258558093       -0.61981344784536
C           -3.67134681473449        2.10625496334303       -0.22439014915078
C           -4.95533216903793        1.32710172556775        0.02097254576987
H            4.81796213098878        1.48916691406655        1.84262447241195
H            5.34563363592557        0.17349370251859        0.79202845559186
H            5.86816232683007        1.83234297970653        0.45852404352642
H            4.03621960397268        1.16168151739527       -1.10518531695816
H            3.50547723955147        2.48066761750618       -0.04788032458187
H            2.29036037885411       -2.11957084985119       -0.25958601332818
H            1.58955597912844       -3.30807545701921        0.86768767592084
H           -0.14483751943915       -3.62959222870026       -0.73283763018368
H            0.38373022724426       -2.22539082602541       -1.67509870065152
H           -2.01067221011318       -2.12047008923719       -0.32988527128306
H           -0.59893194260623       -2.83885161166240        1.83324533680526
H           -1.17375027009225       -1.16583600852525        2.07703466158856
H           -0.72984113807803        0.06530418441662       -1.30684835014559
H           -3.37357746821825        2.64153658998496        0.68287918944599
H           -3.78713383663763        2.80884040636602       -1.05174032109435
H           -5.22667375398292        0.75910289335848       -0.86570082289059
H           -5.75929321449703        2.01706082753935        0.26052810543056
H           -4.82043644464559        0.64137180726249        0.85393239246286
35
 energy: -53.237247946439 gnorm: 0.000382938946 xtb: 6.7.1 (edcfbbe)
C            5.04881052696222        1.21540496909081        0.82037999085267
C            3.83470347464939        1.42873788325706       -0.06390031438182
O            2.77340362997740        0.61309344179550        0.42355880331063
C            1.59354991078143        0.73587590853276       -0.22202682422724
O            1.42407314582762        1.49054419979360       -1.15795929916881
C            0.58119116312216       -0.12138696774363        0.34847192295893
C            0.76193446224574       -1.29908141407819        1.04204148722908
C            1.39364856617037       -2.41083308778514        0.27946550808668
C            0.14299112653321       -2.57819518974663       -0.67553627226709
C           -1.02680329614753       -1.74966819171198       -0.03847003499144
C           -0.61477567416260       -1.82592041241797        1.42574434548130
C           -0.81366950100193       -0.21451974826188       -0.25433451431329
C           -1.91435560421838        0.64001016565072        0.34647356738225
O           -2.13774611564195        0.77660178112434        1.52153101492696
O           -2.60710898553590        1.23997145545930       -0.62042361817096
C           -3.67735871686766        2.10189914932251       -0.22617312800162
C           -4.95789724089270        1.31842582902273        0.02357697161814
H            4.81707713075129        1.49296702725912        1.84492987088274
H            5.34468245142502        0.16985993077753        0.80376886018099
H            5.87343846346730        1.82526629550778        0.46287606649323
H            4.04637630485285        1.15391740245157       -1.10454438569467
H            3.51159643151438        2.47617257019290       -0.05328473681344
H            2.28827345589220       -2.12037142639034       -0.26351121186582
H            1.58608385809350       -3.30758321775355        0.86426493513269
H           -0.15033045505164       -3.62525426186546       -0.73507342218619
H            0.37968204496161       -2.22105817386433       -1.67647000406395
H           -2.01287038806040       -2.11266536327894       -0.32843359547478
H           -0.60009799093417       -2.83383632920671        1.83313048901655
H           -1.17101075843603       -1.15953131252193        2.07736640147574
H           -0.72841460755009        0.07039097482831       -1.30699117921343
H           -3.38031388438550        2.64150242552546        0.67881399064775
H           -3.79731771755877        2.80120662291671       -1.05576765681693
H           -5.22760581467736        0.74579433982767       -0.86063165710662
H           -5.76465097975196        2.00579426229451        0.26125159931997
H           -4.81918841635342        0.63646846200396        0.85901814375662
35
 energy: -53.237251880897 gnorm: 0.000372278770 xtb: 6.7.1 (edcfbbe)
C            5.05103015954447        1.21317744422871        0.82470294422361
C            3.84036445549497        1.42491422765547       -0.06466675616548
O            2.77744486282887        0.61018734080883        0.42072409654389
C            1.59759805093663        0.73637852766631       -0.22407802911514
O            1.42879632937885        1.49309321534183       -1.15845132243848
C            0.58381967737884       -0.11906243649078        0.34673534196655
C            0.76282321359855       -1.29709648516516        1.04016415628844
C            1.39114887211834       -2.41061119269470        0.27735963659769
C            0.13964904671566       -2.57447172774429       -0.67710948789675
C           -1.02800484044001       -1.74401792753675       -0.03862152338479
C           -0.61479615737246       -1.82070653809145        1.42520122050285
C           -0.81181901006122       -0.20923709217840       -0.25452729787135
C           -1.91167479086661        0.64619966995567        0.34650362948743
O           -2.13034483237007        0.78840661460318        1.52169537469708
O           -2.61045121025103        1.23845530563120       -0.62087071262030
C           -3.68316600120671        2.09766306338001       -0.22753844061993
C           -4.96022466483632        1.30973252216736        0.02626354467281
H            4.81632378038219        1.49551428946513        1.84723105505596
H            5.34465050554290        0.16697014662531        0.81356970555043
H            5.87819412051568        1.81973073971406        0.46756209146453
H            4.05604081479237        1.14770814909004       -1.10387534356931
H            3.51715326434125        2.47234829835673       -0.05764420145312
H            2.28635849786074       -2.12297421601973       -0.26612638496361
H            1.58120985112868       -3.30772978065843        0.86239733064059
H           -0.15578711865723       -3.62083263015903       -0.73769012115018
H            0.37649302843281       -2.21663138558442       -1.67777306539573
H           -2.01513000643212       -2.10497965685734       -0.32756020113469
H           -0.60201637897246       -2.82849754843119        1.83291317259535
H           -1.16876600690681       -1.15281040317408        2.07725789092088
H           -0.72711510332547        0.07522003377087       -1.30733002395463
H           -3.38680525232202        2.64110319671127        0.67539320423474
H           -3.80714833461669        2.79406930798547       -1.05904196856513
H           -5.22815895625186        0.73281595688504       -0.85571361890857
H           -5.76962027113696        1.99461445604927        0.26201925760062
H           -4.81806959496619        0.63135651470181        0.86405696015870
35
 energy: -53.237255047498 gnorm: 0.000276525449 xtb: 6.7.1 (edcfbbe)
C            5.05310221377456        1.21162230975733        0.82779998319382
C            3.84481947882068        1.42202734446026       -0.06515470570153
O            2.78068437475023        0.60815834338088        0.41897933377085
C            1.60081490169493        0.73697545185670       -0.22532560992362
O            1.43311053335517        1.49460120455109       -1.15913908556971
C            0.58585575772044       -0.11721397585184        0.34524992062807
C            0.76300632321249       -1.29548613194921        1.03874285492185
C            1.38880142740530       -2.41071072025734        0.27641617793347
C            0.13702755771606       -2.57177356708955       -0.67814261987663
C           -1.02896057765677       -1.73926903880104       -0.03926615471703
C           -0.61543473704409       -1.81658740431246        1.42441728205679
C           -0.81009740875324       -0.20485022346751       -0.25550997257901
C           -1.90931964457389        0.65122503107306        0.34597105856169
O           -2.12388514063120        0.79796003911100        1.52134422683385
O           -2.61310178147481        1.23734118106740       -0.62144820927347
C           -3.68776032072363        2.09417230741958       -0.22827372993832
C           -4.96200604609956        1.30265336369463        0.02869348442585
H            4.81606931784461        1.49680357023007        1.84904015304016
H            5.34577388527755        0.16509805030671        0.82006536367126
H            5.88168868416485        1.81655274306127        0.47119802451704
H            4.06328449458882        1.14305912105092       -1.10335797078416
H            3.52164342252954        2.46952958574506       -0.06073747207868
H            2.28493327392531       -2.12585540012179       -0.26698149864644
H            1.57619613310706       -3.30806210497730        0.86197582650236
H           -0.16031847134438       -3.61752076248785       -0.73971090215205
H            0.37469122294581       -2.21343316777932       -1.67842704249482
H           -2.01679680920616       -2.09849673019760       -0.32789839952605
H           -0.60435821776762       -2.82427501404630        1.83247972864488
H           -1.16780137079391       -1.14745929439326        2.07655427901875
H           -0.72559611694790        0.07946729725325       -1.30838575768443
H           -3.39181574873122        2.64027629757858        0.67316041669655
H           -3.81509922783892        2.78862221073424       -1.06089906111380
H           -5.22854297312267        0.72255492600440       -0.85158841462581
H           -5.77355924256739        1.98537748959863        0.26318103845174
H           -4.81704916755656        0.62691566780492        0.86810956781168
35
 energy: -53.237258510417 gnorm: 0.000187923893 xtb: 6.7.1 (edcfbbe)
C            5.05563755159394        1.21040491904214        0.83046303292954
C            3.84920506747443        1.41930662717607       -0.06533604084493
O            2.78403616014734        0.60631037184691        0.41787850014409
C            1.60432322261844        0.73712850616593       -0.22647932040923
O            1.43798363609533        1.49539144378164       -1.16003082367467
C            0.58795419655279       -0.11549278865372        0.34381234595812
C            0.76260258615219       -1.29396353221124        1.03755955185961
C            1.38617923781783       -2.41103910842403        0.27624410454424
C            0.13463226487216       -2.56921543655621       -0.67911601815787
C           -1.03003984482169       -1.73446978813610       -0.04071501252091
C           -0.61705479097043       -1.81208480354978        1.42308540110114
C           -0.80818120513553       -0.20041712244864       -0.25683120339034
C           -1.90673614479601        0.65637449671619        0.34503586081200
O           -2.11698984463564        0.80763843305890        1.52057636339802
O           -2.61577092241117        1.23627188723525       -0.62219647756603
C           -3.69235959659591        2.09056647410858       -0.22867137375120
C           -4.96370271770774        1.29541804120044        0.03143544729682
H            4.81640376960715        1.49707996593130        1.85074519745582
H            5.34840543139370        0.16391836816623        0.82494041653508
H            5.88493094261161        1.81488776083492        0.47476339811573
H            4.06991558760907        1.13864901330630       -1.10261685547187
H            3.52608420168191        2.46684944938310       -0.06336008643358
H            2.28354135861009       -2.12917330599644       -0.26663536049171
H            1.57046890259631       -3.30855823719822        0.86254811438266
H           -0.16481236785858       -3.61429902549116       -0.74140022962754
H            0.37369793767753       -2.21084231187652       -1.67904214441714
H           -2.01848593841325       -2.09183600601173       -0.32961179058465
H           -0.60812255695799       -2.81965373483997        1.83146338394207
H           -1.16810737345589       -1.14163772928744        2.07498611389443
H           -0.72364648177628        0.08382544912653       -1.30970022435465
H           -3.39666454181226        2.63907851709532        0.67139834181925
H           -3.82342000510013        2.78326329265873       -1.06219900469679
H           -5.22897567982091        0.71231130040349       -0.84724521146867
H           -5.77741803982071        1.97585449393370        0.26510613213915
H           -4.81551400302236        0.62215411951690        0.87227758552923
35
 energy: -53.237262710660 gnorm: 0.000215320991 xtb: 6.7.1 (edcfbbe)
C            5.05909908436958        1.20897047548167        0.83345553334015
C            3.85455179762067        1.41585219682106       -0.06537478031550
O            2.78810663857133        0.60431263023067        0.41741669947961
C            1.60878863754390        0.73704457303624       -0.22745894189508
O            1.44443390927863        1.49540740751676       -1.16127658718069
C            0.59037750244802       -0.11334951757818        0.34242929926890
C            0.76154981198628       -1.29202223519003        1.03665550411610
C            1.38264324612408       -2.41127232353944        0.27660238306727
C            0.13181388341559       -2.56597025817697       -0.68033142020798
C           -1.03133849439648       -1.72825987557943       -0.04297266909642
C           -0.61973411199104       -1.80676030854231        1.42117100196074
C           -0.80567249024818       -0.19462910519922       -0.25882966047150
C           -1.90347736820870        0.66302524673323        0.34332566479332
O           -2.10828204803083        0.82015867529563        1.51904486480760
O           -2.61933176468226        1.23495797142470       -0.62360620553678
C           -3.69817760884988        2.08610943302751       -0.22932740078546
C           -4.96561253809400        1.28615124453739        0.03532160881694
H            4.81725154077548        1.49678983189394        1.85284375007615
H            5.35290996737896        0.16273105786527        0.82995463867004
H            5.88863763069650        1.81380690828875        0.47885644530099
H            4.07750130012667        1.13267715588646       -1.10152686901209
H            3.53166079396633        2.46350014477626       -0.06664132782483
H            2.28161396750907       -2.13269900242069       -0.26526197269358
H            1.56322296512604       -3.30903537394724        0.86370862359462
H           -0.17031398594502       -3.61024833203882       -0.74320942617947
H            0.37304464277380       -2.20796035280561       -1.67987284170756
H           -2.02037498693482       -2.08319442064741       -0.33284993312615
H           -0.61362441596615       -2.81426025390774        1.82979325608199
H           -1.16941862359521       -1.13482979363621        2.07267131578154
H           -0.72054774907420        0.08977475567090       -1.31159261028258
H           -3.40245068188647        2.63745990599436        0.66898560039032
H           -3.83401248697954        2.77671425752141       -1.06383574973849
H           -5.22986354755052        0.69960166083067       -0.84137374598898
H           -5.78181867725124        1.96371711174825        0.26854127359441
H           -4.81315574002718        0.61572850863526        0.87769679289786
35
 energy: -53.237267783294 gnorm: 0.000343991535 xtb: 6.7.1 (edcfbbe)
C            5.06417013954396        1.20695433059591        0.83745343170399
C            3.86193896293738        1.41094656179897       -0.06512726115751
O            2.79369632898296        0.60165530008894        0.41747401687050
C            1.61516226815076        0.73660319286990       -0.22847676277960
O            1.45362182764826        1.49464137450176       -1.16308322326086
C            0.59365180267827       -0.11033958137144        0.34098905926207
C            0.75972930256561       -1.28941930549055        1.03569401134740
C            1.37787080927024       -2.41122975076680        0.27699811781197
C            0.12791599797890       -2.56133527382545       -0.68181789064973
C           -1.03333519335079       -1.71950077919997       -0.04642997717704
C           -0.62406867328070       -1.79913864958918        1.41829563084998
C           -0.80203434864079       -0.18646883898405       -0.26153040315713
C           -1.89876813529021        0.67240016512594        0.34079492096516
O           -2.09592993403959        0.83824833896852        1.51666114110507
O           -2.62428006364924        1.23279505337351       -0.62583239310927
C           -3.70628690624369        2.07955429406066       -0.23052229785262
C           -4.96822044588437        1.27319024538316        0.04103170470316
H            4.81884951982600        1.49548714432177        1.85580561258859
H            5.35993788862958        0.16127049133597        0.83595914795207
H            5.89365893021361        1.81292180923321        0.48458644290016
H            4.08751767932044        1.12414477104961       -1.09972131281672
H            3.53953093931028        2.45872426532380       -0.07086925042564
H            2.27892610283132       -2.13656300930132       -0.26339979526453
H            1.55370332847764       -3.30950271766393        0.86477102960656
H           -0.17798218278449       -3.60449593263714       -0.74517309124905
H            0.37211228374367       -2.20425340599303       -1.68094770448326
H           -2.02317592577358       -2.07093593357249       -0.33791483203526
H           -0.62210419901137       -2.80658332351332        1.82708079228387
H           -1.17210394818191       -1.12518016292077        2.06913211749760
H           -0.71560772035678        0.09811731338038       -1.31411398100864
H           -3.41036633737381        2.63535023299193        0.66500705960686
H           -3.84915256629451        2.76681146902725       -1.06664494173798
H           -5.23161389296311        0.68176424918733       -0.83265880322983
H           -5.78784541186452        1.94662032139196        0.27429230232541
H           -4.80911822712636        0.60674574082562        0.88536949600983
35
 energy: -53.237272525830 gnorm: 0.000418098800 xtb: 6.7.1 (edcfbbe)
C            5.07044816040345        1.20413540704914        0.84234613835186
C            3.87098074085829        1.40483100992547       -0.06463396665041
O            2.80038951919340        0.59859352975833        0.41801985480848
C            1.62298117735176        0.73608921439230       -0.22936576041172
O            1.46499606835166        1.49301647233474       -1.16555006021737
C            0.59750255025803       -0.10633267614315        0.33977860794627
C            0.75730679333727       -1.28604177317103        1.03485310301075
C            1.37172835023867       -2.41072717514059        0.27742570861448
C            0.12308749995663       -2.55550485226808       -0.68394465410013
C           -1.03551280912838       -1.70849942200655       -0.05062445420597
C           -0.62935871482149       -1.78997353410898        1.41490075362960
C           -0.79754753512333       -0.17614070664303       -0.26459289723196
C           -1.89312182181890        0.68416668287221        0.33749022107488
O           -2.08131957435736        0.86093954784210        1.51318928218346
O           -2.63048323062064        1.22989275967798       -0.62885861654730
C           -3.71635134776486        2.07134697233939       -0.23268396753272
C           -4.97112984520616        1.25698721631932        0.04852623858850
H            4.82085431282212        1.49341689107760        1.85948427383391
H            5.36870691927822        0.15911589365063        0.84318531833041
H            5.89979504503166        1.81162333004882        0.49164458009718
H            4.09952243802994        1.11335115888383       -1.09727229880638
H            3.54934307183914        2.45280661777754       -0.07596890374180
H            2.27493840089849       -2.14003024287190       -0.26130719281675
H            1.54260933939304       -3.30967840807237        0.86563776907806
H           -0.18736773444616       -3.59733213677949       -0.74751630080262
H            0.37060622216962       -2.19978059015313       -1.68274695429565
H           -2.02627639317174       -2.05555901913417       -0.34421819422992
H           -0.63251432933798       -2.79742209819080        1.82369836606627
H           -1.17528431371882       -1.11363309534981        2.06506024741204
H           -0.70919220513219        0.10872278473794       -1.31690514339564
H           -3.42006692006231        2.63329765587960        0.65893038235616
H           -3.86807515323309        2.75374712987475       -1.07132179893489
H           -5.23422485949460        0.65954906598010       -0.82119394256030
H           -5.79462545517879        1.92545181256638        0.28242179296669
H           -4.80334436679578        0.59557457705102        0.89524458212835
35
 energy: -53.237275822331 gnorm: 0.000458930778 xtb: 6.7.1 (edcfbbe)
C            5.07633725934716        1.20104756053625        0.84728377292855
C            3.87963888505931        1.39887461294351       -0.06396706829840
O            2.80662203331380        0.59574838281966        0.41872297617744
C            1.63049106583737        0.73545856199223       -0.23023574847644
O            1.47585409456767        1.49103319706458       -1.16810605221709
C            0.60110416561888       -0.10237659863641        0.33882918309705
C            0.75510286602280       -1.28274092201074        1.03402767957949
C            1.36627187282133       -2.40964641501000        0.27719148011864
C            0.11822746114581       -2.54948062234843       -0.68561941445394
C           -1.03801110452632       -1.69779010736517       -0.05444989928167
C           -0.63431982296337       -1.78102660564527        1.41166961966423
C           -0.79329918383652       -0.16618218302402       -0.26736239600118
C           -1.88789335795638        0.69547352067044        0.33418996119939
O           -2.06785589293154        0.88313552777068        1.50945877909354
O           -2.63631338916198        1.22672969861036       -0.63196234349096
C           -3.72600738095496        2.06305754541465       -0.23544641190307
C           -4.97360748626457        1.24129808924615        0.05616215195504
H            4.82277826476438        1.49096795353792        1.86328282825523
H            5.37664354039520        0.15661395731817        0.85021202374423
H            5.90572479054802        1.80975426823275        0.49869550149488
H            4.11088967909044        1.10294590844239       -1.09472602955081
H            3.55897678917845        2.44705226935300       -0.08052229842004
H            2.27127793584549       -2.14218241297935       -0.26020255820233
H            1.53288467533863       -3.30941768300158        0.86535058104332
H           -0.19653285113276       -3.59003354241158       -0.74920759920003
H            0.36861041457380       -2.19530059327501       -1.68423156390304
H           -2.02974880315487       -2.04060037813393       -0.34986085022998
H           -0.64227784920658       -2.78843779408469        1.82046031702688
H           -1.17831395980271       -1.10248591575546        2.06119778111435
H           -0.70280924437281        0.11889260626413       -1.31942168982048
H           -3.42945022436045        2.63188427576237        0.65171605687231
H           -3.88650119595371        2.73984372124298       -1.07701063196330
H           -5.23704446907599        0.63788123821516       -0.80932229511319
H           -5.80060966469655        1.90499106294398        0.29125036133183
H           -4.79683991311785        0.58501781530589        0.90508590982569
35
 energy: -53.237278181879 gnorm: 0.000383268266 xtb: 6.7.1 (edcfbbe)
C            5.08134784360254        1.19771728058455        0.85193950924537
C            3.88727465953720        1.39356419263109       -0.06312461410051
O            2.81181730511052        0.59349282966473        0.41944864585180
C            1.63696909160544        0.73518642228509       -0.23107373593989
O            1.48543643431767        1.48918318629098       -1.17077108153391
C            0.60409921687782       -0.09843608523077        0.33811822050510
C            0.75324167073705       -1.27939998860927        1.03328058485171
C            1.36125564401869       -2.40816944247775        0.27659083070845
C            0.11388662033770       -2.54411139025349       -0.68761198771932
C           -1.03974295677689       -1.68820982295269       -0.05755878468349
C           -0.63835909547987       -1.77287537282400        1.40915097196012
C           -0.78966286140776       -0.15724489618153       -0.26953499308973
C           -1.88361884028174        0.70553739595004        0.33116417248150
O           -2.05670594455349        0.90311932151072        1.50573589940645
O           -2.64149548218676        1.22353748560689       -0.63488079514790
C           -3.73464020952629        2.05542592572426       -0.23865921692264
C           -4.97545161764273        1.22727367745894        0.06347596736929
H            4.82432323057582        1.48848688438159        1.86682484407665
H            5.38279654040237        0.15361053517256        0.85696140841801
H            5.91117090223445        1.80695007782649        0.50525271937976
H            4.12091097171966        1.09369502094826       -1.09217541664609
H            3.56783362451245        2.44200397956775       -0.08425237518718
H            2.26741735704488       -2.14313658828631       -0.26002737465997
H            1.52487599827999       -3.30862507344286        0.86451189402108
H           -0.20452731498865       -3.58358871079640       -0.75086267758518
H            0.36627146583735       -2.19135183697104       -1.68622541506262
H           -2.03231184479760       -2.02731226978144       -0.35432676316549
H           -0.65041487765986       -2.78026697657047        1.81786340617661
H           -1.18045269021224       -1.09239940461390        2.05832758748739
H           -0.69725188699764        0.12781582823033       -1.32140570177485
H           -3.43780851904129        2.63158744157882        0.64369228956566
H           -3.90340667860277        2.72597128452523       -1.08360627658947
H           -5.23985709970014        0.61807284612976       -0.79767309814123
H           -5.80535562295486        1.88678456666372        0.30008415257350
H           -4.78986503394260        0.57611167626525        0.91447931786740
35
 energy: -53.237280136139 gnorm: 0.000267749724 xtb: 6.7.1 (edcfbbe)
C            5.08481336498391        1.19436769491142        0.85598114128979
C            3.89310396792618        1.38933992706256       -0.06233026183733
O            2.81539277585042        0.59208492279189        0.42003543931172
C            1.64170086104009        0.73532553863954       -0.23193205095459
O            1.49269286381822        1.48792526452690       -1.17316767198870
C            0.60621806895951       -0.09506996188445        0.33741758527326
C            0.75211697369722       -1.27648892196156        1.03248672740253
C            1.35799198705493       -2.40634571291263        0.27561864555350
C            0.11054273512400       -2.53946206567392       -0.68881229508814
C           -1.04138288220905       -1.68078697746213       -0.05972995130920
C           -0.64093476124636       -1.76665494073194        1.40718445828653
C           -0.78711292493192       -0.15037485734054       -0.27117442429114
C           -1.88074155343243        0.71332431037230        0.32854855228799
O           -2.04890650278445        0.91870844937500        1.50235668062178
O           -2.64559935598865        1.22072531423191       -0.63750910391378
C           -3.74146172129190        2.04935458022681       -0.24214985699707
C           -4.97649886023351        1.21637985925044        0.06995352063552
H            4.82525012646603        1.48667274030112        1.86981137872065
H            5.38603905696614        0.15017455783308        0.86329571115948
H            5.91564749300542        1.80292734347992        0.51051152294875
H            4.12862188768317        1.08626107621538       -1.09000145825811
H            3.57507791904883        2.43812422363226       -0.08706809145611
H            2.26479321349850       -2.14270938077221       -0.26064135636159
H            1.51979705726407       -3.30735463916169        0.86318368017625
H           -0.21037289363587       -3.57817954915665       -0.75177237403479
H            0.36396945292894       -2.18775621088165       -1.68751867423624
H           -2.03466439859641       -2.01724848519471       -0.35718618388732
H           -0.65579515009524       -2.77399623112409        1.81589883016010
H           -1.18162915796587       -1.08484717604931        2.05613717447497
H           -0.69329312646632        0.13457011602235       -1.32294147252418
H           -3.44430272850507        2.63240260893189        0.63550453695923
H           -3.91702778190278        2.71378861200944       -1.09047273580415
H           -5.24234791936201        0.60224226883739       -0.78721600862113
H           -5.80838288207196        1.87278909634403        0.30811494737171
H           -4.78331520459748        0.56978660531665        0.92271555292636
35
 energy: -53.237282258459 gnorm: 0.000244840826 xtb: 6.7.1 (edcfbbe)
C            5.08699590309070        1.19081209180421        0.85967394539358
C            3.89751058896649        1.38592078811422       -0.06146580490311
O            2.81756748515377        0.59140659367064        0.42045148654744
C            1.64493725356082        0.73600392003970       -0.23292607235883
O            1.49808336777749        1.48758388141379       -1.17528407335525
C            0.60752022053307       -0.09195503469455        0.33657169758869
C            0.75149812107207       -1.27364327210946        1.03157466401427
C            1.35582715405733       -2.40415868675601        0.27436982573902
C            0.10827538894092       -2.53574018388448       -0.69007429200529
C           -1.04222883763706       -1.67521093599725       -0.06109834305820
C           -0.64240879469192       -1.76151861447075        1.40598259079377
C           -0.78546963567624       -0.14521030779441       -0.27255170737022
C           -1.87906243219009        0.71916653653845        0.32620250252367
O           -2.04340231719217        0.93108147641244        1.49937131801754
O           -2.64905976336477        1.21798426799248       -0.64007486759048
C           -3.74699216876376        2.04440022791332       -0.24594154601076
C           -4.97711579670395        1.20811837627958        0.07598290180634
H            4.82581002839778        1.48542295140537        1.87239812101922
H            5.38639075314353        0.14613507425408        0.86958661806055
H            5.91959736358727        1.79728360522725        0.51481609769103
H            4.13454612975842        1.08033123479054       -1.08802113755661
H            3.58126516627539        2.43514271407552       -0.08894686837079
H            2.26285737745482       -2.14135460883842       -0.26195910247874
H            1.51674617931427       -3.30552441354300        0.86162497362165
H           -0.21420047038233       -3.57399765343156       -0.75267562066081
H            0.36224520890238       -2.18475280116795       -1.68892179750451
H           -2.03600866014858       -2.00995199230701       -0.35875169090132
H           -0.65899571234093       -2.76878089653611        1.81479889481147
H           -1.18207186794495       -1.07872604348799        2.05482515659595
H           -0.69075474756311        0.13932910499053       -1.32435835881618
H           -3.44922576596645        2.63443284689463        0.62676523330503
H           -3.92856576229773        2.70246680480711       -1.09785734084910
H           -5.24489968116563        0.58917378895558       -0.77712277334217
H           -5.81034704350110        1.86224668728540        0.31566683256184
H           -4.77686423245757        0.56608247215859        0.93050065103804
35
 energy: -53.237284751994 gnorm: 0.000323713553 xtb: 6.7.1 (edcfbbe)
C            5.08834019608526        1.18667707907307        0.86339103945623
C            3.90116347939290        1.38297483060248       -0.06048031759457
O            2.81883657253250        0.59139662337145        0.42075839283289
C            1.64723744503727        0.73741786607011       -0.23411975886633
O            1.50252622741599        1.48830213538903       -1.17733949770925
C            0.60836894120373       -0.08881145500819        0.33527538050707
C            0.75137018794480       -1.27057294417799        1.03043846940015
C            1.35462160966279       -2.40163771196460        0.27314783600774
C            0.10679932891487       -2.53236881418140       -0.69108436113826
C           -1.04282943920303       -1.67070621238016       -0.06221948544592
C           -0.64296395084549       -1.75713266264459        1.40486380947346
C           -0.78442798257943       -0.14100868752804       -0.27405626884110
C           -1.87823352159960        0.72391430888362        0.32357881939143
O           -2.03968778082240        0.94117757788133        1.49604253266675
O           -2.65240061123142        1.21529416611403       -0.64308893273337
C           -3.75204686060778        2.04019371152480       -0.25047876331301
C           -4.97745669777868        1.20133656596654        0.08252981795548
H            4.82613956499642        1.48502077511772        1.87477127597659
H            5.38418247445984        0.14099411082075        0.87687167700368
H            5.92361062429945        1.78940138110183        0.51844996964681
H            4.13961040783658        1.07510239753132       -1.08603461960627
H            3.58715601982661        2.43281574875089       -0.09035795858366
H            2.26166120002657       -2.13940199431635       -0.26345084660197
H            1.51519553125407       -3.30310662160146        0.86036286134475
H           -0.21654981043598       -3.57036303202485       -0.75341998607007
H            0.36068659262351       -2.18175956332673       -1.69008200066278
H           -2.03698896846967       -2.00451642834448       -0.35969466256835
H           -0.66047769992153       -2.76427144245160        1.81398617172395
H           -1.18181700654043       -1.07359552657543        2.05361451104154
H           -0.68926192095546        0.14288558317508       -1.32599881552841
H           -3.45311914986567        2.63785054362536        0.61660118707124
H           -3.93968785767506        2.69118595846121       -1.10651328916172
H           -5.24779316354141        0.57696724205389       -0.76584546169313
H           -5.81162830115183        1.85380029758499        0.32343858785714
H           -4.77013568029024        0.56454419343060        0.93927480075816
35
 energy: -53.237287068825 gnorm: 0.000235173546 xtb: 6.7.1 (edcfbbe)
C            5.08876824047532        1.18307465391500        0.86647672929952
C            3.90342754569975        1.38126976275676       -0.05937127553494
O            2.81913491861415        0.59188449427222        0.42074550666789
C            1.64836522264956        0.73908379958111       -0.23547592251261
O            1.50529991282214        1.49003939625323       -1.17881849326988
C            0.60868890942480       -0.08643697195321        0.33342702628896
C            0.75158050415411       -1.26798271562719        1.02903769384464
C            1.35427003938813       -2.39953911816051        0.27200352595581
C            0.10611905148231       -2.53038007566960       -0.69173462433160
C           -1.04304065906352       -1.66809401960853       -0.06285926098322
C           -0.64282838659412       -1.75383762393180        1.40415071002044
C           -0.78408500811062       -0.13862050329995       -0.27579440193877
C           -1.87813335230806        0.72671490758528        0.32094674362495
O           -2.03755792404508        0.94798661726197        1.49298977208256
O           -2.65504818526558        1.21291940619576       -0.64620661576102
C           -3.75564361393811        2.03714115646172       -0.25472601243529
C           -4.97748105624582        1.19723140459441        0.08844759510245
H            4.82652955142731        1.48491874516011        1.87672948583555
H            5.38041679868422        0.13633965605392        0.88292437578300
H            5.92682760639188        1.78161608225094        0.52112621895994
H            4.14281443420156        1.07244067644601       -1.08437620118902
H            3.59152727518414        2.43165059838569       -0.09021141979573
H            2.26122677340697       -2.13787460356416       -0.26504190536626
H            1.51472278731649       -3.30082053475038        0.85954495074738
H           -0.21744894481228       -3.56832589615146       -0.75363968320104
H            0.35990412389170       -2.18014968787493       -1.69090423104839
H           -2.03743006026547       -2.00167814504425       -0.35981770528979
H           -0.66052756660669       -2.76073548787773        1.81387202228096
H           -1.18116889026544       -1.06970178698879        2.05272032933060
H           -0.68889034344482        0.14434264594691       -1.32799848993989
H           -3.45523831465469        2.64130077634236        0.60724712802635
H           -3.94818330190842        2.68194057232415       -1.11427881463794
H           -5.25014712699953        0.56765013959807       -0.75530839559671
H           -5.81207653590845        1.84900893991594        0.32967342882337
H           -4.76469442477981        0.56562273920497        0.94763232415471
35
 energy: -53.237288976569 gnorm: 0.000384697982 xtb: 6.7.1 (edcfbbe)
C            5.08834184182091        1.18053473394878        0.86836651837544
C            3.90403853487272        1.38106196056570       -0.05836061948483
O            2.81852005344589        0.59285179605124        0.42068302327455
C            1.64833564074815        0.74064653842506       -0.23661568441764
O            1.50629806575692        1.49197711201232       -1.17977731435193
C            0.60849246633577       -0.08509267911220        0.33157599614725
C            0.75186923674009       -1.26617227380504        1.02791794262033
C            1.35462023699799       -2.39818442496197        0.27161636278874
C            0.10640772683954       -2.52991762134173       -0.69193921832827
C           -1.04286431294656       -1.66752747539974       -0.06339253614077
C           -0.64237437197118       -1.75209189479163        1.40359256357581
C           -0.78428416170729       -0.13813862152444       -0.27755026786632
C           -1.87869268375760        0.72725893414332        0.31848662397771
O           -2.03783441052071        0.94991433383289        1.49014765674560
O           -2.65649075625984        1.21143315875715       -0.64890943395641
C           -3.75722157867696        2.03578263420473       -0.25796596799032
C           -4.97692627438553        1.19607535937547        0.09312062962058
H            4.82675493533566        1.48523534760827        1.87794870212162
H            5.37616600611018        0.13275878175573        0.88689291406680
H            5.92866511113209        1.77542289879424        0.52225028184378
H            4.14383632887552        1.07230409819245       -1.08332707005158
H            3.59371715738599        2.43194649114869       -0.08895643460718
H            2.26149960301048       -2.13693180371266       -0.26574893932172
H            1.51519696652675       -3.29897784344107        0.85987321610296
H           -0.21691758386639       -3.56796685990314       -0.75339854395557
H            0.35991078280331       -2.17999599346036       -1.69128381895102
H           -2.03723384610367       -2.00159599731266       -0.35987214515660
H           -0.65971379982907       -2.75868481714134        1.81409098864323
H           -1.18068647813871       -1.06757896703205        2.05179105881155
H           -0.68928275543704        0.14391130877896       -1.33002292595712
H           -3.45505224789406        2.64469918187267        0.60001146772343
H           -3.95331842817846        2.67594843756690       -1.12015276099949
H           -5.25157681950588        0.56182922229788       -0.74650766940158
H           -5.81153877856702        1.84809604004001        0.33368443951956
H           -4.76066140699399        0.56916890357156        0.95486307897644
35
 energy: -53.237290625869 gnorm: 0.000229732223 xtb: 6.7.1 (edcfbbe)
C            5.08819232640799        1.17899440437965        0.86968419393493
C            3.90444415538836        1.38124864183541       -0.05742765103383
O            2.81821466582669        0.59342920830395        0.42051311151649
C            1.64844284813599        0.74169966414780       -0.23758974626278
O            1.50719644308401        1.49354207026543       -1.18046943216290
C            0.60841088475278       -0.08432964141549        0.32977436146648
C            0.75174703952950       -1.26497103217171        1.02694533137367
C            1.35464103079383       -2.39766953408171        0.27182775909248
C            0.10667959631215       -2.52995253112309       -0.69200185934006
C           -1.04280933151493       -1.66720490736911       -0.06427044819999
C           -0.64251314430668       -1.75072646392856        1.40280700833503
C           -0.78434761450864       -0.13789135993285       -0.27943928053015
C           -1.87879906375205        0.72774638285668        0.31618901682884
O           -2.03699471741347        0.95205683829993        1.48788102205549
O           -2.65783155574932        1.21021241923760       -0.65141257892791
C           -3.75841982751342        2.03477277724277       -0.26042102194499
C           -4.97641485165733        1.19520303126035        0.09723570954863
H            4.82723735037218        1.48521177424860        1.87894034807958
H            5.37351862508612        0.13059505921183        0.88921995897037
H            5.92994693337771        1.77155466461182        0.52316208018375
H            4.14448999936490        1.07316149197548       -1.08255546093256
H            3.59498967702426        2.43242602434341       -0.08730291207546
H            2.26175463998316       -2.13713922108793       -0.26547613755290
H            1.51478477972146       -3.29797351302130        0.86097381028272
H           -0.21656583358832       -3.56805788784431       -0.75303051005344
H            0.36042907903618       -2.18050377058738       -1.69145302079870
H           -2.03712381157060       -2.00156930949813       -0.36065734317991
H           -0.65985478499769       -2.75703258194238        1.81404804082282
H           -1.18087867954582       -1.06575868819941        2.05047064665146
H           -0.68950987962959        0.14338207780795       -1.33212240954846
H           -3.45445690115130        2.64713879332041        0.59448746790781
H           -3.95755826475960        2.67159618183205       -1.12444430505551
H           -5.25207626068003        0.55669837023144       -0.73882945168599
H           -5.81129035264271        1.84749734446586        0.33631625206098
H           -4.75767519921777        0.57261322232888        0.96155956417109
35
 energy: -53.237292318717 gnorm: 0.000174487312 xtb: 6.7.1 (edcfbbe)
C            5.08798008292112        1.17808456292510        0.87059687569454
C            3.90441785394694        1.38196907671553       -0.05642303200766
O            2.81786005082968        0.59397315503389        0.42040650521720
C            1.64853441617346        0.74223658946050       -0.23857954821496
O            1.50793258991379        1.49433978325883       -1.18131503907389
C            0.60825974313186       -0.08398935820859        0.32800513826737
C            0.75123882895613       -1.26402065116655        1.02625015850820
C            1.35442026624761       -2.39750677836560        0.27258289924249
C            0.10705373339934       -2.53046984769695       -0.69191000855318
C           -1.04278140178273       -1.66716442958150       -0.06549427277567
C           -0.64324647923662       -1.74942136511129        1.40184859227965
C           -0.78428819463691       -0.13796461445962       -0.28174279976982
C           -1.87882614984874        0.72779943373730        0.31341448291055
O           -2.03667454714140        0.95300684073744        1.48490800365045
O           -2.65862176714783        1.20931848699587       -0.65408462735888
C           -3.75898675188797        2.03398456159359       -0.26260112576881
C           -4.97533791046449        1.19479260641083        0.10162713837352
H            4.82774688017500        1.48475284190519        1.87986965873191
H            5.37160416210611        0.12927911365239        0.89014270677965
H            5.93061421519603        1.76923714244236        0.52390806818502
H            4.14441089293807        1.07516736178133       -1.08194008838732
H            3.59543179155181        2.43330618428266       -0.08493774014538
H            2.26199238013375       -2.13786963290211       -0.26436270397418
H            1.51380858711196       -3.29725969477643        0.86276321061102
H           -0.21619896096597       -3.56860535257524       -0.75241277679362
H            0.36160579964643       -2.18177594916597       -1.69142111161863
H           -2.03691911818381       -2.00179262261774       -0.36216559195757
H           -0.66077111298055       -2.75536386078859        1.81394874256886
H           -1.18188606802293       -1.06391319113828        2.04870746319561
H           -0.68930335814342        0.14266519562625       -1.33458261394632
H           -3.45313904722484        2.64946901721618        0.58938547152007
H           -3.96113322934964        2.66777925047795       -1.12811967347914
H           -5.25167981473034        0.55172661587277       -0.73064057800739
H           -5.81058752287662        1.84733219300438        0.33877966167816
H           -4.75453083975630        0.57689733542805        0.96872066841528
35
 energy: -53.237294301703 gnorm: 0.000223661421 xtb: 6.7.1 (edcfbbe)
C            5.08775925895417        1.17732397700692        0.87149433946609
C            3.90418203148173        1.38310118256205       -0.05510819252247
O            2.81746393650340        0.59455674965964        0.42052906804162
C            1.64875661479783        0.74244935482445       -0.23966922144424
O            1.50900067876698        1.49439538966731       -1.18265988897448
C            0.60802347810127       -0.08381322481704        0.32599622601899
C            0.75009579369855       -1.26305258244374        1.02572320921918
C            1.35384984796097       -2.39758040971228        0.27411742611954
C            0.10761223157755       -2.53116090953721       -0.69180393921549
C           -1.04285130492149       -1.66706776703653       -0.06759787601695
C           -0.64488390266180       -1.74794930889507        1.40023381276992
C           -0.78409212805989       -0.13801508936129       -0.28477404103139
C           -1.87856435704501        0.72819310523202        0.30978862330087
O           -2.03554606593931        0.95512165714523        1.48110476575722
O           -2.65965847215099        1.20807278253815       -0.65754871358589
C           -3.75954421541862        2.03300461970249       -0.26532087569001
C           -4.97349730775368        1.19411076111894        0.10756186781450
H            4.82816015255991        1.48392261181583        1.88102628576691
H            5.37016260637007        0.12810746609041        0.89051763351484
H            5.93097063309807        1.76765744261624        0.52475963986119
H            4.14410066035965        1.07790920604063       -1.08118143495519
H            3.59544553464117        2.43462542152516       -0.08187616985481
H            2.26222537669519       -2.13900073093670       -0.26194009049715
H            1.51207058304452       -3.29665730890058        0.86562858666011
H           -0.21584797580390       -3.56926870098870       -0.75174282604066
H            0.36342298380522       -2.18346398782464       -1.69132691439349
H           -2.03667255625032       -2.00188013725397       -0.36510292335419
H           -0.66297569167072       -2.75347694727436        1.81327967202642
H           -1.18409245303096       -1.06180433544555        2.04591394588941
H           -0.68859316245113        0.14191248309945       -1.33774022954255
H           -3.45101758736160        2.65282397663265        0.58266456337617
H           -3.96592756661267        2.66256639337308       -1.13297463774037
H           -5.25058903936475        0.54446312139700       -0.71941352335349
H           -5.80936856290958        1.84688240990044        0.34183214376786
H           -4.74958005301184        0.58299132848350        0.97874180283917
35
 energy: -53.237294815333 gnorm: 0.000109727720 xtb: 6.7.1 (edcfbbe)
C            5.08764025714710        1.17750433092865        0.87134293679919
C            3.90392554116275        1.38302375114005       -0.05511708152975
O            2.81731658521253        0.59439107759743        0.42069104042207
C            1.64860815068136        0.74216298301079       -0.23945795363050
O            1.50879070458571        1.49380857279812       -1.18268937407471
C            0.60780648051900       -0.08389602434500        0.32636126055305
C            0.74967466460346       -1.26316245184704        1.02607958491977
C            1.35390738986421       -2.39746527711349        0.27450864862597
C            0.10801053587123       -2.53111389565936       -0.69181890826664
C           -1.04276146092226       -1.66717604884242       -0.06796095655192
C           -0.64538649347974       -1.74824122938523        1.40001658284776
C           -0.78406391854168       -0.13808694640270       -0.28482548723752
C           -1.87857552285789        0.72817131020736        0.30957769181508
O           -2.03532811026283        0.95551390671205        1.48080130496635
O           -2.65977226673476        1.20768628221528       -0.65775621550728
C           -3.75947618117570        2.03296721893306       -0.26575116200017
C           -4.97323220260986        1.19446537655238        0.10825694612242
H            4.82798529727838        1.48353109897450        1.88103548092858
H            5.37053868351905        0.12838665554115        0.88991584337776
H            5.93059884657678        1.76835384459346        0.52473602982899
H            4.14373817898434        1.07782977356405       -1.08118391448120
H            3.59499648890280        2.43445968301978       -0.08192400605078
H            2.26237878451916       -2.13846469313217       -0.26120153647986
H            1.51222688008508       -3.29662491219541        0.86586975507293
H           -0.21527153425028       -3.56927414806024       -0.75177821313636
H            0.36417955038758       -2.18348848828261       -1.69127821775003
H           -2.03642654091832       -2.00202955462665       -0.36591629505131
H           -0.66357422798307       -2.75383158259265        1.81290375740299
H           -1.18494816983231       -1.06222113368965        2.04554881493781
H           -0.68827104902870        0.14201714852751       -1.33771416022365
H           -3.45068889592636        2.65325190603231        0.58168004180779
H           -3.96607398052793        2.66199832677561       -1.13364515324107
H           -5.25044847867615        0.54439717563591       -0.71819813229403
H           -5.80909714879915        1.84724859592440        0.34245434122326
H           -4.74892683737552        0.58390736749470        0.97956881985218
