57
 energy: -78.500220096171 gnorm: 0.093898715688 xtb: 6.7.1 (edcfbbe)
C            6.61128304663700        1.52494754976200       -2.85650497126900
C            5.45365215387400        1.84939241891200       -1.94854895694700
C            5.35309759964500        3.30092841942500       -1.56872151011500
C            4.61546657879100        0.88027564621100       -1.53187356466500
C            3.39829782323900        1.03097619493300       -0.65932740753000
C            3.67645930698200        0.56854641684600        0.77580964616800
C            2.45459317258900        0.69357330488000        1.66993296398100
C            2.18099026105600        2.08393237901200        2.17711587503100
C            1.71427188969000       -0.39781174661700        1.95292168384300
C            0.47295041392600       -0.49909403738000        2.78648382243500
O           -0.57899706678600       -0.87876243636400        1.89497443368700
C           -1.83265088725900       -0.71883290898500        2.38878318015500
O           -2.09230943090000       -0.36552258921000        3.53128406757200
C           -2.80235070328400       -1.10527087524600        1.40611025979500
C           -3.99742781267700       -1.75777198236500        1.65326119533200
C           -4.49963780672400       -2.12333275600800        0.39115551402000
C           -5.73311747984200       -2.91634701299300        0.06469774620800
C           -6.99971605486300       -2.21782084385100        0.56349956688000
C           -5.65072354964400       -4.33947539343100        0.62043151529900
N           -3.69734532223600       -1.69834153125300       -0.58725538931000
N           -2.74386543399000       -0.94205240275900        0.03011734188600
C           -1.92104667303800       -0.09042610149900       -0.76972840771700
C           -1.27207239720800        1.03050488400200       -0.23502833139100
C           -0.48019094069600        1.84235133825700       -1.05336440108900
C           -0.34233287644200        1.55303334374200       -2.40914070441500
C           -1.00801644606000        0.45921911188100       -2.95619689532500
C           -1.80149016666300       -0.35460498187600       -2.14425442635400
H            6.53159937295100        2.09363165527900       -3.78879536023600
H            6.64985430332900        0.46224834950300       -3.11810142905800
H            7.55832967466600        1.78229597944600       -2.37099106234800
H            5.11070509100800        3.90444175130100       -2.44937442570600
H            6.30904200096500        3.65054069189300       -1.16392448156000
H            4.59648020618900        3.49822487852400       -0.80584464602100
H            4.79941959585200       -0.14285826806900       -1.86058520664200
H            3.02625384054900        2.05989526909600       -0.67171790689300
H            2.59500359369100        0.42241655585600       -1.09441048321500
H            4.02705300925800       -0.47239415925000        0.75986898627100
H            4.50004924680700        1.14994555772400        1.21066208841100
H            3.03996092920500        2.44957612756700        2.74960091736200
H            2.00819956355100        2.76938709001200        1.34168780878400
H            1.30769980931300        2.14733568760000        2.82876907799200
H            2.01520519297200       -1.34995470092000        1.51545218951200
H            0.60560648628200       -1.28582018748300        3.53730306681300
H            0.23196926732600        0.43667530200600        3.29645008710600
H           -4.39964308345600       -2.00857852844000        2.62610574511100
H           -5.81465267774200       -2.99674163270300       -1.02805863654200
H           -7.07659703848500       -1.20582795255500        0.15035005307500
H           -7.89386402065700       -2.77314709208200        0.26061492146800
H           -7.01070387815400       -2.13261617195300        1.65595412884200
H           -6.52617282412100       -4.92481442256300        0.31946836053500
H           -5.60342228626700       -4.34355298193100        1.71522891462700
H           -4.75804337860500       -4.85389845395000        0.24731995012500
H           -1.38453809327800        1.32561762992500        0.80285088819100
H            0.02469123723900        2.70793191160200       -0.63167490118200
H            0.27578787515500        2.18546960864800       -3.04116118740600
H           -0.91226515872100        0.23697857869000       -4.01591788499900
H           -2.31077905493600       -1.20462148080400       -2.59563609603900
57
 energy: -78.510983936656 gnorm: 0.035517912027 xtb: 6.7.1 (edcfbbe)
C            6.60338884216722        1.52495103120224       -2.84810601573476
C            5.44760371599172        1.84181218444687       -1.93952857679820
C            5.34991019896168        3.29227717434198       -1.56734583959936
C            4.61169008857141        0.88814828992033       -1.53351580432253
C            3.39754019600253        1.03471659821176       -0.66085991921307
C            3.67278392503838        0.57127545128715        0.77724637321647
C            2.45565862165755        0.69063568220987        1.66624164295367
C            2.18091616844396        2.07447152647043        2.17528796086574
C            1.72966654001627       -0.39048324202472        1.94620279893747
C            0.48760504203633       -0.49193932670046        2.77670973564103
O           -0.58331161362024       -0.85176031460158        1.89839266146006
C           -1.83325655571067       -0.68855584130456        2.37772145668662
O           -2.08321836981633       -0.35373106417967        3.51245647780957
C           -2.82557640957835       -1.07120004639400        1.38727270840244
C           -3.99115865248939       -1.77840029255653        1.64032265111168
C           -4.50721968691210       -2.11875868942663        0.37985761708841
C           -5.73377404408495       -2.91778249020729        0.05597649899243
C           -6.99226467747801       -2.21431930000363        0.56860345230750
C           -5.64242315843581       -4.33751598483082        0.62003173139271
N           -3.74736073585092       -1.60967667538772       -0.58461529979207
N           -2.72955381240882       -0.95063458452230        0.01868234688732
C           -1.89936398280256       -0.11453814063639       -0.76565402282188
C           -1.27139573555547        1.01124300269421       -0.23437378238365
C           -0.49091646549364        1.82207533666647       -1.04746120739281
C           -0.34931362659660        1.53997672199091       -2.39648017547614
C           -1.01291800307440        0.45066577796436       -2.93860223312632
C           -1.78670842206288       -0.37024454866819       -2.13219194980884
H            6.52851450211919        2.09874384645905       -3.77338600971495
H            6.63473918529995        0.46706971030606       -3.10640788456471
H            7.54860839250694        1.78749073491748       -2.37038901953614
H            5.11631222227297        3.89386600836403       -2.44764093625778
H            6.30656162636141        3.64066064682780       -1.17391047202523
H            4.59099734660775        3.48143687520957       -0.81163086413525
H            4.80245441073313       -0.13059654782406       -1.85363255852183
H            3.04066086765908        2.06612622454256       -0.66057262146187
H            2.59313660852238        0.41963982537932       -1.07943055822541
H            4.01181955136982       -0.46890653176267        0.75286591813978
H            4.48958639094747        1.16732230567743        1.19745420635051
H            3.03998026343281        2.44083824115349        2.73982328160272
H            2.01870910498513        2.75641364567371        1.33979552152475
H            1.30765975107215        2.12564569562958        2.82185797563812
H            2.02279707188622       -1.33697674387198        1.50676929424834
H            0.60039487779464       -1.27997376850053        3.53220693997405
H            0.23356769261835        0.43793617119623        3.29059034075235
H           -4.37887544305723       -2.03905986730336        2.60732339836758
H           -5.79983110737498       -2.98216943604317       -1.03607207218131
H           -7.06671077795535       -1.20824695713689        0.15534163328740
H           -7.87872375035380       -2.77168462184535        0.26592570522550
H           -6.99293671453436       -2.13759478542752        1.65597858123729
H           -6.51695213990825       -4.91511435481035        0.32047328378867
H           -5.59856443714385       -4.32949719571652        1.70951891090592
H           -4.75360965473462       -4.84563855780259        0.24626222449870
H           -1.39237519311780        1.29407082151161        0.80146077357465
H            0.00373557388097        2.68675876754925       -0.62533010273821
H            0.26423446046032        2.17315703062197       -3.02485035621894
H           -0.92377692165182        0.23468801156690       -3.99478433970223
H           -2.30914314761149       -1.20911343050815       -2.56975415857300
57
 energy: -78.513085001954 gnorm: 0.011958770577 xtb: 6.7.1 (edcfbbe)
C            6.59654738324212        1.52241457321347       -2.83822993228996
C            5.44043482197934        1.83672289366873       -1.93219432126123
C            5.34475634539618        3.28748121662523       -1.56503347825215
C            4.60204819226645        0.89015578662472       -1.53267934000230
C            3.38994947296723        1.04011727420708       -0.66222867736473
C            3.67506631703752        0.57538792682176        0.77684953271756
C            2.45892738873630        0.68968452053759        1.65934005029265
C            2.18288100086002        2.06939371704248        2.17097664439418
C            1.73689807712723       -0.38883914729548        1.93366033751622
C            0.49591656576045       -0.48569719899785        2.76265190051954
O           -0.58409923555238       -0.83390520252914        1.88797363227595
C           -1.82781629136165       -0.67983667352268        2.36784793669016
O           -2.07115510738521       -0.33736789471100        3.49659016549869
C           -2.83856347203339       -1.05456736488970        1.37386047586417
C           -3.98055552714823       -1.79656482057641        1.63148454356667
C           -4.50909891395183       -2.10942477902617        0.36845691078509
C           -5.73129719672384       -2.90904491537038        0.04282830188053
C           -6.98652804399910       -2.20744686777790        0.56607233236642
C           -5.63191951746113       -4.32478831069328        0.61590256372009
N           -3.75418657796079       -1.58291788364427       -0.58093440326670
N           -2.74218118229767       -0.94038803804078        0.01425922852304
C           -1.91260179454324       -0.11384023222230       -0.76099232215026
C           -1.28459246017613        1.00592060088255       -0.22740796568976
C           -0.49688631458103        1.80523537054300       -1.03531136620011
C           -0.35104697227346        1.52272962033943       -2.38164252943931
C           -1.00971399425407        0.43115907879541       -2.92099712218211
C           -1.78269134368329       -0.38618451859169       -2.11870314532637
H            6.52179746944649        2.10143358292808       -3.75845454372863
H            6.62329071893560        0.46702542913404       -3.09499929585366
H            7.53936309058516        1.78859443202550       -2.36134916239437
H            5.11653762506687        3.88501869248957       -2.44782515014592
H            6.30247881488328        3.63281849785183       -1.17709413136316
H            4.58440616303828        3.47352760989126       -0.81403612598696
H            4.79467411251428       -0.12746440264443       -1.84797721613391
H            3.04558574474531        2.07396104770175       -0.65357432438506
H            2.58285820345850        0.42485397163329       -1.07032050972139
H            4.00973292899869       -0.46301851235085        0.74611202263719
H            4.48662379120731        1.18141263221265        1.18746742860644
H            3.04030142274235        2.43331529868194        2.73608992008881
H            2.02856590330812        2.74983988175007        1.33497295389033
H            1.30747742326739        2.11058209315290        2.81109139894379
H            2.02734449482650       -1.33463696533808        1.49762848733741
H            0.59812516455758       -1.27650254567231        3.51818926130718
H            0.23931993377500        0.44145881877535        3.28222743502646
H           -4.35356438087145       -2.07107059778910        2.59609523019771
H           -5.78894793464846       -2.97017248576935       -1.04828449628652
H           -7.05892435694609       -1.20306636526223        0.15663031989349
H           -7.87219391253602       -2.76592100810173        0.27135987593137
H           -6.96814749170566       -2.13861292336843        1.65123241598388
H           -6.50490130039458       -4.90295346740718        0.32151807062295
H           -5.58776971411526       -4.30189508364060        1.70235981759733
H           -4.74358737947344       -4.82916568750801        0.24416833256200
H           -1.41220930258001        1.27587177371934        0.80867391047087
H           -0.01174104420455        2.67189810835182       -0.61260304174215
H            0.25693736043381        2.15786839518908       -3.00869706823189
H           -0.92686260948726        0.21917156077682       -3.97615955596315
H           -2.30506255881102       -1.22976051283039       -2.53871488980357
57
 energy: -78.513579699582 gnorm: 0.006334032879 xtb: 6.7.1 (edcfbbe)
C            6.59295776341537        1.51898779160552       -2.83065097907804
C            5.43353261463802        1.83517721143244       -1.93031025733624
C            5.33915171609712        3.28649032845212       -1.56332122625647
C            4.58993207351908        0.88994574695418       -1.53559620147523
C            3.38105754395033        1.04510078835026       -0.66392261333016
C            3.67734273799379        0.57916830301648        0.77422122568615
C            2.46286963860231        0.68848063178712        1.65689109932903
C            2.18341707414699        2.06759345759505        2.16817803278682
C            1.73970839858230       -0.39245361532007        1.92572144529295
C            0.49850934483060       -0.48661054183915        2.75252610497026
O           -0.58391243903780       -0.83118001231880        1.87749956530237
C           -1.82289654404475       -0.67636133672334        2.36128718950361
O           -2.06407707652331       -0.32779406334815        3.48998812265485
C           -2.84172491632126       -1.05264711949149        1.36983323763287
C           -3.97351960190500       -1.80644535345503        1.62875867920092
C           -4.51052843525686       -2.10434347167038        0.36369368347487
C           -5.73021006517952       -2.90320222689057        0.03524864885228
C           -6.98243672192700       -2.20140593767059        0.56512398227583
C           -5.62383762076998       -4.31695301401885        0.61092301787571
N           -3.76768179875920       -1.55839043421916       -0.58296401994063
N           -2.75504463729822       -0.93010685839793        0.01379086574921
C           -1.91861994760364       -0.11234390447066       -0.75593173446309
C           -1.29224958526285        1.00684328034024       -0.22019685388578
C           -0.50065652516241        1.80143752362005       -1.02753643481999
C           -0.34935637611631        1.51227898804851       -2.37274226085686
C           -1.00375816698491        0.41722624761636       -2.91226451493319
C           -1.77986734617350       -0.39676488307747       -2.11081688319611
H            6.52017647563573        2.09998733573316       -3.74974216517243
H            6.61857801913975        0.46392145014739       -3.08733016023793
H            7.53358022925344        1.78484295623779       -2.34935570263296
H            5.11352755651833        3.88203642417658       -2.44810097792703
H            6.29712875828914        3.62937557249145       -1.17457794740511
H            4.57783090199726        3.47415657534441       -0.81437852884437
H            4.78152032999043       -0.12873300850869       -1.84853607738816
H            3.04229380496497        2.08014768534526       -0.65128312152706
H            2.56956511305112        0.43306656243886       -1.06567239771772
H            4.01638572190358       -0.45685055018127        0.73932214788104
H            4.48677411847980        1.19026023279207        1.17938691785808
H            3.03814376366476        2.42977547482880        2.73823200431169
H            2.03463379619329        2.74805589489767        1.33122248026259
H            1.30449637081517        2.10699928079142        2.80228540746626
H            2.02984382646676       -1.33803783693549        1.48912147121969
H            0.59650319263114       -1.27846428191785        3.50719439166479
H            0.24478070923931        0.44116602748430        3.27330452801525
H           -4.33473130941229       -2.09552578917994        2.59355741671932
H           -5.78866058585263       -2.96269367152873       -1.05570339333596
H           -7.05560742698180       -1.19641622327288        0.15801811789257
H           -7.87075635850333       -2.75892764539721        0.27778356207647
H           -6.95096517199317       -2.13505069152323        1.65004935928895
H           -6.49524146618199       -4.90022520009336        0.32256588813762
H           -5.57567739568461       -4.28436985984313        1.69667106755916
H           -4.73327742781216       -4.81727678280757        0.23936509405589
H           -1.43568325672744        1.27720987133344        0.81355593050742
H           -0.01509564504956        2.66708391581017       -0.60373991483687
H            0.26276466890511        2.14352481560160       -2.99832990589840
H           -0.91168470645022        0.19752437677321       -3.96492921210816
H           -2.29924770793604       -1.24829043694989       -2.51925987835792
57
 energy: -78.513914415628 gnorm: 0.006274801306 xtb: 6.7.1 (edcfbbe)
C            6.58855915296519        1.51452653042438       -2.82211926709961
C            5.42410667737793        1.83396217157725       -1.92972168311342
C            5.33122060659905        3.28568680254767       -1.56195759629601
C            4.57379348746028        0.89035224018750       -1.54193690390060
C            3.36911194396189        1.05129834068417       -0.66749829469909
C            3.67817121637298        0.58504486336709        0.76897023464823
C            2.46594169031096        0.68694766251873        1.65376616004368
C            2.18259010034472        2.06502258109990        2.16661175154388
C            1.74283205058108       -0.39730842515644        1.91607614385823
C            0.50162222161935       -0.49108349661281        2.74122285078395
O           -0.58239848372046       -0.83507637012918        1.86635189666315
C           -1.81667538182257       -0.67572416013454        2.35428814084683
O           -2.05697566129909       -0.31783618603831        3.48163602582027
C           -2.84176327717864       -1.05710352343568        1.36871965902027
C           -3.96632997988508       -1.81921732468418        1.62678478773770
C           -4.51395843946681       -2.09935604759393        0.36100266964886
C           -5.73190240148040       -2.89677543474610        0.02970849954443
C           -6.98076388306844       -2.19452005977969        0.56634812099301
C           -5.61698048496160       -4.30914206033567        0.60577434474932
N           -3.78218594430312       -1.53583527447231       -0.58300242914324
N           -2.77058395067121       -0.91493904580880        0.01509416881265
C           -1.92508197896146       -0.10536922217112       -0.75033295467452
C           -1.30500191244781        1.01753227249608       -0.21449530739886
C           -0.50154767253299        1.80217360372190       -1.02019787241144
C           -0.33737360550177        1.49867454383561       -2.36168152253944
C           -0.98500103712777        0.39859825074024       -2.90102190408362
C           -1.77026301077456       -0.40766211186895       -2.10091619472924
H            6.52259867529112        2.09617498363154       -3.74153640030369
H            6.61341541047788        0.45924713339031       -3.07859185916497
H            7.52622616956683        1.77764099380363       -2.33320107017876
H            5.10856802308901        3.88061022425234       -2.44810155413608
H            6.28888633003989        3.62624892186168       -1.17024781551115
H            4.56843714487403        3.47618370127388       -0.81505240369191
H            4.76137139173792       -0.12915134599035       -1.85540327294110
H            3.03490035693910        2.08744355677596       -0.65170069531109
H            2.55139787423506        0.44317490053640       -1.06142908407994
H            4.02577250305278       -0.44789506903952        0.73010423904658
H            4.48541448156908        1.20206916464232        1.16865848922337
H            3.03323679537344        2.42492887696013        2.74467814181853
H            2.04167650610485        2.74678057209604        1.32907871666319
H            1.29819865714296        2.10498285185918        2.79274828607645
H            2.03548187647663       -1.34161183816851        1.47769465763789
H            0.59661146509927       -1.28318831427929        3.49522184106226
H            0.25048768360818        0.43787169069272        3.26110199078757
H           -4.31467813286333       -2.12739772078847        2.59098428459604
H           -5.79296105641057       -2.95428349266086       -1.06134642891465
H           -7.05498497811860       -1.18919766316742        0.15947211996878
H           -7.87288808052051       -2.75032014184643        0.28754634100915
H           -6.93760529874913       -2.12702710145991        1.65099975994903
H           -6.48537600154118       -4.90006484914019        0.32385638684255
H           -5.56238244500253       -4.27101335501535        1.69106009169700
H           -4.72363399407413       -4.80356877774426        0.23171779005982
H           -1.46746830503470        1.29205784980472        0.81582635167757
H           -0.01698857771796        2.66922608559538       -0.59747838500168
H            0.28003680892941        2.12530486595948       -2.98650590383819
H           -0.88007332036700        0.16872866085458       -3.95082513561974
H           -2.28684000559403       -1.26682648492750       -2.49867568150582
57
 energy: -78.514169888291 gnorm: 0.006762879820 xtb: 6.7.1 (edcfbbe)
C            6.58346420391189        1.50985666061678       -2.81440962059518
C            5.41304829208707        1.83332733108034       -1.93135244908311
C            5.32288756225275        3.28486467488318       -1.56132958956462
C            4.55568487011743        0.89214554322070       -1.55174639957745
C            3.35522338572183        1.05766730414511       -0.67355315274278
C            3.67661442678702        0.59362421878211        0.76138790324951
C            2.46692461668540        0.68640892805402        1.64956532681034
C            2.18015588010631        2.06249547986190        2.16635917360046
C            1.74609311422194       -0.40142125088965        1.90572873554606
C            0.50551049930025       -0.49803033796666        2.73040106691783
O           -0.57996615123796       -0.84291957672359        1.85642652749929
C           -1.81055453167219       -0.67715606254184        2.34763085231464
O           -2.05006650233133       -0.30775630255405        3.47211828501004
C           -2.83989436933301       -1.06515216090156        1.36930333087808
C           -3.95962244756065       -1.83355904646504        1.62487291690693
C           -4.51884854625238       -2.09464925850614        0.35988200931402
C           -5.73645681167480       -2.89097526818474        0.02797755434999
C           -6.98237472959954       -2.18851369922874        0.57064335993403
C           -5.61372167997073       -4.30344549589820        0.60097575561538
N           -3.79866749261065       -1.51310651789081       -0.58209101993765
N           -2.78507042237040       -0.89798976592912        0.01712349961872
C           -1.92925902256577       -0.09573401483193       -0.74475732383146
C           -1.31798857565124        1.03287384284240       -0.21038224461768
C           -0.50021942618430        1.80662438584130       -1.01327376050930
C           -0.31676456028355        1.48505403776965       -2.34865276777966
C           -0.95580572117239        0.37917313897120       -2.88705338590661
C           -1.75459034347400       -0.41650741711364       -2.08952864372083
H            6.52868063549070        2.09157095255759       -3.73472468257163
H            6.60687894647521        0.45416248674118       -3.07062136209382
H            7.51762954513996        1.76831794264226       -2.31584798943846
H            5.10365284674918        3.88088905082955       -2.44772859623383
H            6.27992897274614        3.62310337390084       -1.16569993953243
H            4.55827698783845        3.47776008093241       -0.81646161241917
H            4.73806661222782       -0.12774001243415       -1.86736785260264
H            3.02339227992074        2.09442444013104       -0.65676606004251
H            2.53214122079940        0.45160694876491       -1.05933949604057
H            4.03424902921551       -0.43609350268259        0.72017183354085
H            4.48113849132731        1.21730042313391        1.15639004764410
H            3.02559909321714        2.41841222311605        2.75506559908760
H            2.04940218211617        2.74777268711871        1.32974354954973
H            1.28913987069018        2.10321808311685        2.78333381637190
H            2.04231385144079       -1.34309440837681        1.46347081055002
H            0.59998875552176       -1.29041748815422        3.48346299701608
H            0.25520534363905        0.43132885714668        3.24931863318582
H           -4.29593771079201       -2.16166829912206        2.58720069552738
H           -5.80155515265424       -2.94563266968884       -1.06314803803323
H           -7.05840936091842       -1.18377426002437        0.16150367242652
H           -7.87759076024116       -2.74349960905972        0.29998547895781
H           -6.93090311235616       -2.11708783368802        1.65477450058186
H           -6.47925090980794       -4.90071514240553        0.32380638986897
H           -5.55243549219637       -4.26555844758734        1.68592270970661
H           -4.71851768179262       -4.79171351171318        0.22177701579705
H           -1.50125380977550        1.31589129530072        0.81495082742269
H           -0.01937137881991        2.67760318481052       -0.59369135656445
H            0.31184716593847        2.10320963319591       -2.97146929596145
H           -0.83180719503174        0.13560767494830       -3.93238905827116
H           -2.26623478335129       -1.28238352389853       -2.47976185458664
57
 energy: -78.514393149314 gnorm: 0.005877919824 xtb: 6.7.1 (edcfbbe)
C            6.57779337378310        1.50539503568670       -2.80881914261721
C            5.40174919875110        1.83331861027404       -1.93498609017974
C            5.31528249421201        3.28409989868090       -1.56153769482619
C            4.53726357949278        0.89536527452125       -1.56427250286419
C            3.33985409845357        1.06373801264929       -0.68273215935106
C            3.67217231157890        0.60517161507575        0.75126739268820
C            2.46510857839170        0.68817123892537        1.64358120716481
C            2.17580486529074        2.06096426696560        2.16750978385860
C            1.74868228521744       -0.40343028663038        1.89447765858262
C            0.50992587424662       -0.50639073830441        2.72060592328376
O           -0.57732977656902       -0.85222905430867        1.84837670455291
C           -1.80564154015233       -0.67877921664793        2.34137793116681
O           -2.04347463507268       -0.29748522037283        3.46221832099548
C           -2.83756601190057       -1.07395276851141        1.37024620550419
C           -3.95356878422941       -1.84825140729242        1.62235272441868
C           -4.52427071754600       -2.09021416277342        0.35938118767219
C           -5.74321605274988       -2.88563046268668        0.02918927633739
C           -6.98688701676495       -2.18389801994431        0.57781782944438
C           -5.61513405062052       -4.29975419425448        0.59625701739255
N           -3.81459839572769       -1.49253388050865       -0.58026765449242
N           -2.79737357683743       -0.88151364881615        0.01950051075069
C           -1.93147845413883       -0.08539214366024       -0.73922790491303
C           -1.33057084222497        1.04995697959101       -0.20733665694880
C           -0.49660273803909        1.81264468964405       -1.00511610054026
C           -0.28674253390356        1.47088443807003       -2.33193694007416
C           -0.91592049230454        0.35880548588014       -2.86886019242354
C           -1.73272508148141       -0.42408842731009       -2.07634089024147
H            6.53679501591008        2.08781032247339       -3.72948120796470
H            6.59830109222309        0.44950176268043       -3.06556776848556
H            7.50831133593432        1.75739848225314       -2.29982226846252
H            5.10016047778908        3.88287215989004       -2.44717959582548
H            6.27163504715899        3.61946697441834       -1.16163357969374
H            4.54859891262397        3.47826840186585       -0.81874606007352
H            4.71385663935501       -0.12429035714517       -1.88370033390106
H            3.00730028117505        2.10032171939058       -0.66781666145779
H            2.51410504065837        0.45623260561893       -1.06063477058370
H            4.04011205383655       -0.42127452013493        0.70991889949536
H            4.47303152228553        1.23651377744509        1.14211982096506
H            3.01501684001310        2.41010385466220        2.76958453867963
H            2.05790223033366        2.75264681289880        1.33405362741840
H            1.27716037983852        2.10134424776525        2.77393887877662
H            2.04845955616619       -1.34136533171502        1.44641111614944
H            0.60704357344889       -1.30015457326184        3.47154907045748
H            0.25859511917358        0.42166978225665        3.24057728986534
H           -4.27967809589548       -2.19492839196394        2.58151801773114
H           -5.81341541079198       -2.93674610124782       -1.06188683229332
H           -7.06637860214995       -1.18061088499072        0.16493135064929
H           -7.88358063838941       -2.74012448970549        0.31453386527472
H           -6.92989184759464       -2.10739489332889        1.66134602750234
H           -6.47918170466537       -4.89971370603034        0.32097117307793
H           -5.54837561116877       -4.26736361450218        1.68107350890264
H           -4.71986649470689       -4.78329327340727        0.21034487076069
H           -1.53282601143213        1.34360283153917        0.81197824945194
H           -0.02282157384971        2.68974992853415       -0.58981339835342
H            0.35670934081205        2.07866894466064       -2.95097590223436
H           -0.76952036580526        0.10064083579066       -3.90830695277074
H           -2.23809406143756       -1.29452522065673       -2.46388339485785
57
 energy: -78.514586827239 gnorm: 0.004690845811 xtb: 6.7.1 (edcfbbe)
C            6.57230020318604        1.50199721639363       -2.80702053267558
C            5.39216431592970        1.83395113188094       -1.94041958579155
C            5.31004694921006        3.28353439591391       -1.56243303952672
C            4.52126258286280        0.89947442662717       -1.57798838324044
C            3.32491767505956        1.06856495668988       -0.69456091317406
C            3.66516238507148        0.61878740458011        0.73971565169253
C            2.46036637479932        0.69304718807725        1.63611737862548
C            2.16965955752656        2.06151904634729        2.16982748811955
C            1.74941652288752       -0.40218625671950        1.88313177204029
C            0.51387117939422       -0.51441631176160        2.71294942967020
O           -0.57548999041806       -0.86101398603605        1.84348623558537
C           -1.80317067473371       -0.68045264531375        2.33679817467414
O           -2.03809275454430       -0.28796264151777        3.45383978275519
C           -2.83629310995779       -1.08065618552502        1.37063927327814
C           -3.94963507529976       -1.85963755537350        1.61942880569673
C           -4.52896231137087       -2.08656395368447        0.35879811657222
C           -5.75057345191677       -2.88090339917827        0.03175085000948
C           -6.99278994555847       -2.18103416195691        0.58644602705575
C           -5.62139181023388       -4.29797385753932        0.59123303686172
N           -3.82692223424467       -1.47710844899835       -0.57852265062898
N           -2.80538136921715       -0.86959910791963        0.02169012369642
C           -1.93068906613738       -0.07817383052237       -0.73397106922623
C           -1.33960203070153        1.06331582916772       -0.20444462523053
C           -0.49052532861965        1.81715100732006       -0.99479300908518
C           -0.25200549997774        1.45788437624371       -2.31197703428310
C           -0.87147685731688        0.34021027599380       -2.84757655320850
C           -1.70722082465317       -0.43088628059293       -2.06261102579687
H            6.54440319953417        2.08674204268570       -3.72652421112742
H            6.58829989085508        0.44651454820695       -3.06612692291396
H            7.49992102727071        1.74621972884483       -2.28894435941115
H            5.09948735137046        3.88626984912628       -2.44652754346658
H            6.26592321143060        3.61525413133234       -1.15846363335730
H            4.54132127390116        3.47754190426779       -0.82159328052486
H            4.69310812650701       -0.11949275686635       -1.90164928910702
H            2.98793257470253        2.10398420722941       -0.68451223724188
H            2.50041290435363        0.45549302001211       -1.06613722318848
H            4.04211492064590       -0.40466411424519        0.70082575085500
H            4.46165767803608        1.25815087839744        1.12693202439778
H            3.00207242203926        2.40105078416758        2.78704074533770
H            2.06651699366650        2.76217160537639        1.34182760312431
H            1.26299184132506        2.09996573356776        2.76480696030798
H            2.05165413275222       -1.33596010065480        1.42817829702541
H            0.61710246439287       -1.31123005829751        3.46000190393183
H            0.26007944271785        0.41020727724536        3.23741528994362
H           -4.26884061146440       -2.22034649609225        2.57503601521951
H           -5.82612087752788       -2.92807729201808       -1.05915140159844
H           -7.07755343733394       -1.17942849293635        0.17040195807701
H           -7.88915205873625       -2.74063643069842        0.32910745129021
H           -6.93210948243621       -2.10058545356393        1.66950075126762
H           -6.48634758188109       -4.89577149931188        0.31460793794375
H           -5.55174461776245       -4.27407487047734        1.67615455540110
H           -4.72798648640311       -4.77986343093961        0.19922104109975
H           -1.55766841331708        1.36830768971246        0.80838225490048
H           -0.02628766569276        2.70113549319194       -0.58322886455277
H            0.40738068168190        2.05544911790796       -2.92500406460569
H           -0.70201974240763        0.06845519731906       -3.88006212763989
H           -2.20549457324138       -1.30365084509072       -2.45292178331226
57
 energy: -78.514757187850 gnorm: 0.004261526250 xtb: 6.7.1 (edcfbbe)
C            6.56704460126717        1.49998771884427       -2.80931747838756
C            5.38476141657043        1.83491259186687       -1.94704043979458
C            5.30718204745761        3.28307863477621       -1.56365943058785
C            4.50821057086827        0.90367011504416       -1.59187007117235
C            3.31099060719074        1.07203916177288       -0.70845245350291
C            3.65635927908633        0.63391055575373        0.72757291665199
C            2.45326032600198        0.70086326145947        1.62745142234478
C            2.16182971152221        2.06436161906612        2.17262337638932
C            1.74775455849428       -0.39788069367803        1.87139989599511
C            0.51676423949195       -0.52134239396496        2.70689433924327
O           -0.57520703802634       -0.86834691070147        1.84136375205493
C           -1.80323157058233       -0.68118185377452        2.33409259281085
O           -2.03421256321168       -0.27971698489750        3.44804843029009
C           -2.83693419159507       -1.08400115039750        1.37025689248400
C           -3.94811349103835       -1.86687268873242        1.61684869884321
C           -4.53241079934644       -2.08398117609077        0.35767558155235
C           -5.75739498548312       -2.87615561384695        0.03347651319071
C           -6.99826774047308       -2.17884228204753        0.59510493125866
C           -5.63113582018625       -4.29685126804732        0.58502967706883
N           -3.83437354003617       -1.46766796628968       -0.57765775760857
N           -2.80956834146343       -0.86351425593900        0.02334941271334
C           -1.92745202279934       -0.07564547319595       -0.72869392706497
C           -1.34551278788232        1.07092502489609       -0.20020836380231
C           -0.48263472748311        1.81834913590878       -0.98104002586957
C           -0.21542061999975        1.44547849386282       -2.28846483388669
C           -0.82528783283271        0.32283302250918       -2.82374816863840
C           -1.67895619826697       -0.43902604887894       -2.04871005249438
H            6.54963521466685        2.08940402185535       -3.72574472352082
H            6.57719391004502        0.44573076896143       -3.07337968506377
H            7.49298520816845        1.73519522466676       -2.28432151147724
H            5.10169516829490        3.89047701251384       -2.44579199001844
H            6.26285305657488        3.61014397049170       -1.15568861431634
H            4.53643865825527        3.47586045126604       -0.82474229321960
H            4.67663681455543       -0.11431302856621       -1.91988825897706
H            2.96654770874527        2.10541906861957       -0.70561591521843
H            2.49099881269845        0.45012885852489       -1.07522607495024
H            4.04133247648926       -0.38669586935671        0.69342630089869
H            4.44785348297614        1.28181988944754        1.11096529340846
H            2.98662004362741        2.39171445037430        2.80676395493578
H            2.07558409403197        2.77584278449858        1.35189736408684
H            1.24645006845258        2.09974508295965        2.75456833898057
H            2.05097747358124       -1.32747044306418        1.40891994857076
H            0.62903848374271       -1.32280056059440        3.44822101572280
H            0.26014195523144        0.39803818062629        3.23928180645910
H           -4.26364675117571       -2.23648239874460        2.56952814547473
H           -5.83785987502157       -2.91882647577242       -1.05721315397093
H           -7.08940288108833       -1.17841014192835        0.17816964299095
H           -7.89340210221404       -2.74276006662160        0.34269882044739
H           -6.93364229293279       -2.09708772254406        1.67788324801436
H           -6.49922379827939       -4.88864836342898        0.30492025694259
H           -5.56115261824140       -4.28163327293280        1.67017464789121
H           -4.74078967084164       -4.78020366505482        0.18882593659498
H           -1.57752182219856        1.38630165436219        0.80621779954543
H           -0.02884708573577        2.70834655696196       -0.57114818410950
H            0.45820518268593        2.03503661869058       -2.89350579757078
H           -0.63420289402590        0.03978456983575       -3.84884128812835
H           -2.16953910830798       -1.31303973133043       -2.44555313796433
57
 energy: -78.514914314609 gnorm: 0.004442654811 xtb: 6.7.1 (edcfbbe)
C            6.56138834094671        1.49941879703032       -2.81504599272880
C            5.37813818716148        1.83593435863868       -1.95485982018656
C            5.30518610191181        3.28247696712169       -1.56485232911359
C            4.49640208888898        0.90734714649389       -1.60644843753023
C            3.29737982128413        1.07453173688098       -0.72424172269641
C            3.64644243294036        0.65055761465187        0.71487963838300
C            2.44447517683526        0.71078835568165        1.61740463533523
C            2.15226100509808        2.06889762190428        2.17493103952881
C            1.74379299437610       -0.39154554367179        1.85799933048717
C            0.51854365677689       -0.52733041807622        2.70062926653039
O           -0.57676081921227       -0.87504807527668        1.84052187177472
C           -1.80501778664673       -0.68155729383152        2.33305034708500
O           -2.03160390924661       -0.27243392810654        3.44465340558265
C           -2.83953083852666       -1.08485220585931        1.36968588288979
C           -3.94947527042858       -1.86969233113930        1.61513035701896
C           -4.53518014437961       -2.08207783013954        0.35599044285994
C           -5.76352079753097       -2.87060178907419        0.03305123215909
C           -7.00224759867005       -2.17582572171140        0.60324848969599
C           -5.64239585235606       -4.29517983106764        0.57657297836432
N           -3.83784805778354       -1.46291345443837       -0.57793878289724
N           -2.81174569076049       -0.86213936382116        0.02456015650658
C           -1.92218478231206       -0.07763325185553       -0.72245562322934
C           -1.35006177646970        1.07342578186502       -0.19297084891831
C           -0.47341088186775        1.81594664011427       -0.96239592723074
C           -0.17754533952606        1.43218052129295       -2.26020059960437
C           -0.77685774400865        0.30466076419791       -2.79685341785043
C           -1.64733416863253       -0.45041888275155       -2.03375913037863
H            6.55216528725000        2.09617846546747       -3.72657947943804
H            6.56484726850024        0.44724838648434       -3.08708575972797
H            7.48669386424147        1.72403353020531       -2.28446460376301
H            5.10567313099589        3.89513068501519       -2.44476486162743
H            6.26071791035473        3.60370747831475       -1.15211938094569
H            4.53213326147137        3.47354468032778       -0.82814784195869
H            4.66239973756782       -0.10952305607455       -1.93893352337012
H            2.94373517975659        2.10520909180486       -0.73016145790073
H            2.48353201139812        0.44203824075923       -1.08656758297571
H            4.04011451643106       -0.36685426205122        0.68728639809208
H            4.43199433383942        1.30831835140645        1.09355281098433
H            2.96765045869459        2.38172361637602        2.82878996582610
H            2.08628598626225        2.79241894085596        1.36273969374224
H            1.22652686379857        2.10123354514296        2.74069522313882
H            2.04700418244592       -1.31694980448475        1.38744558293653
H            0.64205546810773       -1.33427265927571        3.43486861011244
H            0.25963193174870        0.38574369640654        3.24312882489299
H           -4.26393313792342       -2.24375365959454        2.56598827352563
H           -5.84830537246055       -2.90768310037998       -1.05746931089740
H           -7.09972330788678       -1.17553293912818        0.18830335218605
H           -7.89658466760233       -2.74324919738900        0.35564523641742
H           -6.93165479140132       -2.09570498137344        1.68586378858471
H           -6.51458169692819       -4.87949747240854        0.29239115964569
H           -5.57337503604192       -4.28727681796954        1.66190085299660
H           -4.75526909290553       -4.78155040621927        0.17772289611018
H           -1.59803838174297        1.39778794881934        0.80696002616286
H           -0.03009575933010        2.71048054773919       -0.55149104017020
H            0.50944615505685        2.01547510773614       -2.85546474481466
H           -0.56344788600566        0.01108149128950       -3.81418904944444
H           -2.12888676554899       -1.32642183286023       -2.43800317761836
57
 energy: -78.515078231757 gnorm: 0.004846832380 xtb: 6.7.1 (edcfbbe)
C            6.55462977849421        1.50067132736241       -2.82463486626597
C            5.37165138093820        1.83692303836914       -1.96398311521518
C            5.30332394995502        3.28153510427757       -1.56581652198681
C            4.48564410013324        0.91008396713268       -1.62161916329928
C            3.28452107394212        1.07603264938841       -0.74125780215319
C            3.63590088340534        0.66835273332207        0.70209916587419
C            2.43429028673401        0.72206555108061        1.60610152333687
C            2.14083169868338        2.07468073786201        2.17593701167504
C            1.73751249787211       -0.38377837696053        1.84272428882178
C            0.51903153904920       -0.53219245802497        2.69364125919538
O           -0.58048093122846       -0.88145012117236        1.84071573862312
C           -1.80837424109268       -0.68153910009628        2.33387760148967
O           -2.03084759734657       -0.26713323841420        3.44407812767141
C           -2.84376154937469       -1.08386219013318        1.36982738477988
C           -3.95476559240006       -1.86707612618299        1.61479258184328
C           -4.53755780781020       -2.08084368836089        0.35412624993866
C           -5.76907347482327       -2.86407490510553        0.03035577839616
C           -7.00443690744556       -2.17113473087108        0.61046993504819
C           -5.65420982051049       -4.29272594774385        0.56537144589095
N           -3.83611493910637       -1.46493223128301       -0.57911461683897
N           -2.81115362569519       -0.86638814242616        0.02546703200358
C           -1.91377282249613       -0.08500134487410       -0.71491134228980
C           -1.35297361471726        1.07028699798059       -0.18228246208831
C           -0.46264945122932        1.80952993920589       -0.93845107461877
C           -0.13898099228574        1.41746065342917       -2.22680405370863
C           -0.72636043448185        0.28515994850389       -2.76680562060501
C           -1.61217786549594       -0.46575915335288       -2.01743209892945
H            6.55139378323525        2.10757587717733       -3.72944735656531
H            6.55095908503058        0.45153820284180       -3.10804409322833
H            7.48035745677089        1.71294304648243       -2.28976128374201
H            5.11092052559478        3.90029400931100       -2.44308319283382
H            6.25858268979598        3.59569003082879       -1.14701433747496
H            4.52753626964993        3.47070478232312       -0.83171457319654
H            4.64963357867290       -0.10547111703298       -1.95925808752414
H            2.92094371116943        2.10352105667343       -0.75705994671289
H            2.47744724759283        0.43238194901738       -1.09896661097554
H            4.03973011131800       -0.34523148985771        0.68277935859699
H            4.41430719387452        1.33733784335445        1.07541909059118
H            2.94425210746179        2.37115697081860        2.85236229923388
H            2.09890317663506        2.81064965486761        1.37326862562311
H            1.20292708383427        2.10522204101765        2.72164564604048
H            2.04006738484367       -1.30500527043459        1.36371281511913
H            0.65543263130832       -1.34444614716961        3.42026433039831
H            0.25884120914479        0.37432578392634        3.24679709274572
H           -4.27213282470285       -2.23926515010361        2.56512052464006
H           -5.85737347917849       -2.89426688157163       -1.06005553881805
H           -7.10663341598383       -1.16961896212316        0.20045677898070
H           -7.89923576287461       -2.73964144533474        0.36713471204275
H           -6.92620162780806       -2.09554096004274        1.69293972694629
H           -6.53039164249026       -4.86952351922369        0.27708472518638
H           -5.58654523336432       -4.29094235263307        1.65079996341125
H           -4.76998195178405       -4.78245650701021        0.16465605346334
H           -1.61930281284543        1.40099843322976        0.81098218913376
H           -0.02947733223206        2.70705196415306       -0.52374157393060
H            0.56002839071791        1.99670916224957       -2.81088615370515
H           -0.49102267464441       -0.01691942406474       -3.77630850993661
H           -2.08361040040410       -1.34466247458749       -2.42842773755995
57
 energy: -78.515254685605 gnorm: 0.004817589740 xtb: 6.7.1 (edcfbbe)
C            6.54585190436966        1.50410593586538       -2.83836850889231
C            5.36439206737054        1.83787026784382       -1.97453709348814
C            5.30082756751370        3.28005975160026       -1.56630005567880
C            4.47542145495115        0.91166304439910       -1.63728620651640
C            3.27282777071394        1.07670186086462       -0.75835297256320
C            3.62553903106207        0.68654104662402        0.68982740247703
C            2.42326148483848        0.73361710223713        1.59374551817599
C            2.12762779552722        2.08107302345075        2.17455522903753
C            1.72932385855652       -0.37541180418489        1.82566762158403
C            0.51829518028083       -0.53550699270944        2.68554199838541
O           -0.58633035885303       -0.88796280769059        1.84168331379768
C           -1.81283550444084       -0.68229002195864        2.33703499137668
O           -2.03193348724451       -0.26480370777673        3.44674127369664
C           -2.84927110028841       -1.08211755209858        1.37187854210809
C           -3.96497225172009       -1.85855155373140        1.61643004570741
C           -4.53994987217784       -2.07984671657091        0.35251475512809
C           -5.77433251905905       -2.85637906858847        0.02567996565116
C           -7.00499122036358       -2.16404090023366        0.61638779801524
C           -5.66539685872364       -4.28926411645466        0.55119185932042
N           -3.82885367711409       -1.47413071044845       -0.58102376478538
N           -2.80676429124349       -0.87695149791317        0.02658986653296
C           -1.90112364183596       -0.09821961000332       -0.70554429530637
C           -1.35375434861773        1.06135372400371       -0.16781520017231
C           -0.45049157134216        1.79914772115502       -0.90939802263402
C           -0.10048599580671        1.40102225332332       -2.18872752107428
C           -0.67451791837803        0.26424238153697       -2.73416732250745
C           -1.57345767973994       -0.48537066663231       -1.99948871333857
H            6.54671859127726        2.12368773099103       -3.73475030024522
H            6.53487997920457        0.45900024589811       -3.13637253417235
H            7.47298060925092        1.70237370856227       -2.30046846445432
H            5.11692255529070        3.90608045757723       -2.44027145192263
H            6.25549207581038        3.58581961205399       -1.13971228029439
H            4.52174233078805        3.46734091309370       -0.83531104867277
H            4.63733667439233       -0.10232622687143       -1.98097465506905
H            2.90002638761035        2.10087384771655       -0.78438767694411
H            2.47195268088947        0.42262700364896       -1.11063970954146
H            4.04122875096575       -0.32241266587665        0.68003217550674
H            4.39546351616035        1.36791720350336        1.05770096250892
H            2.91588446585774        2.36030309881936        2.87600203919061
H            2.11348074171930        2.82873202331853        1.38182485062517
H            1.17585018756175        2.11205716003870        2.69601872430571
H            2.03120033801929       -1.29261943862124        1.33855087621766
H            0.66832490251823       -1.35159542379154        3.40531427836177
H            0.25796907360132        0.36531524070350        3.24780341199026
H           -4.29021868189452       -2.22192271612093        2.56775105472104
H           -5.86520717515394       -2.87830045295650       -1.06468178971737
H           -7.10852380244223       -1.15977593587688        0.21387553708704
H           -7.90209559358539       -2.72988371136395        0.37587896720020
H           -6.91861346025780       -2.09558899322301        1.69867475653318
H           -6.54456287992521       -4.85979719791014        0.25921725795384
H           -5.59832481919469       -4.29317715241778        1.63662592081028
H           -4.78337187782197       -4.78118010251660        0.14822851980188
H           -1.64125365131732        1.39538351336276        0.81854140076932
H           -0.02715448573810        2.69847629586578       -0.48857422525758
H            0.60908005245694        1.97847784378479       -2.76092203149016
H           -0.41729932867224       -0.04408916158105       -3.73613472785599
H           -2.03381397560029       -1.36834710572506       -2.41517301944633
57
 energy: -78.515412832405 gnorm: 0.003983374026 xtb: 6.7.1 (edcfbbe)
C            6.53493234953724        1.50966654531522       -2.85488529870495
C            5.35618786719743        1.83886893015510       -1.98540108486427
C            5.29708332264619        3.27819347188090       -1.56602824938909
C            4.46614456061338        0.91204463878875       -1.65165037383644
C            3.26368884618744        1.07670153615482       -0.77246464112070
C            3.61726684493068        0.70209881259247        0.67982782155192
C            2.41334666146269        0.74291841431434        1.58208286644660
C            2.11434641638380        2.08665118076267        2.16988878217362
C            1.72103505406223       -0.36845620619868        1.80940788127476
C            0.51687950658306       -0.53669945550299        2.67748164456698
O           -0.59309226973971       -0.89413470552663        1.84337958936640
C           -1.81721122440615       -0.68431432624378        2.34241858453852
O           -2.03412897279656       -0.26664068877413        3.45264596729117
C           -2.85482769545686       -1.08086152166606        1.37674498680769
C           -3.97932762326812       -1.84511154517843        1.62002271905014
C           -4.54227503441584       -2.07850229442135        0.35181032345714
C           -5.77906944208251       -2.84791417535534        0.02017120787691
C           -7.00462294313386       -2.15489675544271        0.61996516349450
C           -5.67386097697102       -4.28479502411507        0.53561275746738
N           -3.81598754226435       -1.49022264216891       -0.58245551563997
N           -2.79761550711533       -0.89327309334862        0.02888225649428
C           -1.88455977177022       -0.11605794444757       -0.69469259002866
C           -1.35192061615034        1.04809111746242       -0.15138523820276
C           -0.43857540619705        1.78647603594595       -0.87935705595714
C           -0.06660695295688        1.38455245456421       -2.15116817034006
C           -0.62677041723731        0.24368078559306       -2.70292598017318
C           -1.53467267084919       -0.50758354104357       -1.98135094775022
H            6.53794607294592        2.14243119874130       -3.74224547354596
H            6.51741599825040        0.46912268135804       -3.16844021093205
H            7.46412800872634        1.69418655901350       -2.31561092761776
H            5.12242990980662        3.91215080295243       -2.43617292868340
H            6.25070349537766        3.57505364855849       -1.13051348451737
H            4.51434327943261        3.46384211576643       -0.83848462200088
H            4.62555984046590       -0.10017871895436       -2.00197081585289
H            2.88450911153221        2.09818142496000       -0.80705073668995
H            2.46680737023604        0.41500167124024       -1.11866755740148
H            4.04489236098799       -0.30190568226133        0.67895561488276
H            4.37844100515915        1.39513357737964        1.04335293526756
H            2.88541154660787        2.35064675368812        2.89559435113911
H            2.12845984893613        2.84293630395198        1.38584227416818
H            1.14886464167642        2.12084359964180        2.66551671171458
H            2.02278607152022       -1.28245083048628        1.31618885006755
H            0.67865242426242       -1.35359330189918        3.39334916092948
H            0.25738500692583        0.36110664933933        3.24432736545508
H           -4.31775642010295       -2.19284915153697        2.57330579716401
H           -5.87120323458731       -2.86136108413306       -1.07017798896831
H           -7.10477323299831       -1.14668210205846        0.22618824270306
H           -7.90564294649723       -2.71412057901606        0.37925990428234
H           -6.91240054189174       -2.09523659783568        1.70208721700803
H           -6.55432212585043       -4.85163392110064        0.24095702841680
H           -5.60550870114928       -4.29463892897965        1.62093825203593
H           -4.79303194102712       -4.77625478207430        0.12897753782388
H           -1.66047305443975        1.38228505859305        0.82844446538207
H           -0.02410406060111        2.68697822370561       -0.45194125241466
H            0.65014938308486        1.96288368768512       -2.71302084842560
H           -0.35102437537967       -0.06705100871800       -3.69890098854982
H           -1.98443110419597       -1.39530727162247       -2.39853795615503
57
 energy: -78.515508035523 gnorm: 0.002884094800 xtb: 6.7.1 (edcfbbe)
C            6.52376643946261        1.51521593461412       -2.86851709433414
C            5.34748198477765        1.84000471289901       -1.99393936447576
C            5.29175110724969        3.27667189446202       -1.56518385085389
C            4.45751968024439        0.91210006093397       -1.66235119753719
C            3.25717426830339        1.07682563129725       -0.78053833569451
C            3.61305535494773        0.71157546074504        0.67354240481549
C            2.40753701833694        0.74725083611503        1.57388462704025
C            2.10463464509088        2.08948844339354        2.16350025566018
C            1.71626534937698       -0.36553183222905        1.79802619329602
C            0.51644211984988       -0.53666509167722        2.67136787409497
O           -0.59742272636074       -0.89957680621271        1.84466476884703
C           -1.81896059221033       -0.68805830857914        2.34775489276769
O           -2.03459622919911       -0.27072514613986        3.45868097264973
C           -2.85808363207598       -1.08196854811543        1.38319195233235
C           -3.99206646254234       -1.83327926594670        1.62371358879854
C           -4.54450469074819       -2.07568293944108        0.35217785987433
C           -5.78296567959602       -2.83983877796467        0.01609874500586
C           -7.00505278206820       -2.14616801819556        0.62134343256607
C           -5.67758337489309       -4.27978503473301        0.52265690647766
N           -3.80418965685963       -1.50368363543292       -0.58209973806372
N           -2.78753476653994       -0.90800509770115        0.03291988860107
C           -1.86897916146458       -0.13164786287024       -0.68434074587782
C           -1.34927588938196        1.03725538899543       -0.13813352984650
C           -0.43000512995337        1.77659368169427       -0.85732499059063
C           -0.04291308950955        1.37133532182499       -2.12403383043206
C           -0.59125101637600        0.22662037893920       -2.67978135816199
C           -1.50352305397290       -0.52691062421634       -1.96593434396355
H            6.52835947393684        2.15750497621254       -3.74903647622368
H            6.50167434217525        0.47830625909045       -3.19342176728074
H            7.45449509670805        1.68976463218087       -2.32853725410273
H            5.12520485857914        3.91733693756114       -2.43196231187032
H            6.24399372596916        3.56628042414092       -1.12161894883961
H            4.50559320719329        3.46131725253935       -0.84093312240189
H            4.61408024810694       -0.09856858731914       -2.01834594000614
H            2.87560715760313        2.09703095656382       -0.81956075460576
H            2.46100678937408        0.41163968108333       -1.12094929775359
H            4.04969948670807       -0.28844693470043        0.67794226359868
H            4.36762726596196        1.41277802578397        1.03470251573030
H            2.86033021189728        2.34346197321092        2.90854929160066
H            2.14202483818598        2.85016904355621        1.38464896762170
H            1.12811799362077        2.12801461492841        2.63713159314266
H            2.01912124329716       -1.27780830473437        1.30232753809224
H            0.68481716190653       -1.35135942225659        3.38758041808960
H            0.25765224234222        0.36169450956141        3.23714034069588
H           -4.34338265382068       -2.16658347194533        2.57818025058383
H           -5.87553394195602       -2.84673198289141       -1.07425974824243
H           -7.09940989433061       -1.13435071056077        0.23454960859118
H           -7.90972206048572       -2.69799497278233        0.37749105823944
H           -6.91154553745266       -2.09418720078929        1.70350965857630
H           -6.55789061064719       -4.84596339955701        0.22711688526272
H           -5.60563681465757       -4.29570239873355        1.60775812877491
H           -4.79715016449144       -4.76796455575908        0.11063449320499
H           -1.67451077751262        1.37148163905092        0.83637970447141
H           -0.02286943417806        2.67913905699411       -0.42667163056239
H            0.67758423505685        1.95117747341559       -2.68003742909116
H           -0.30158659719284       -0.08521110337815       -3.67208241245359
H           -1.94447112577854       -1.41963516693060       -2.38144428330315
57
 energy: -78.515562339677 gnorm: 0.002394572896 xtb: 6.7.1 (edcfbbe)
C            6.51467971897009        1.52022859015134       -2.87774250943173
C            5.34087588012373        1.84134392199938       -1.99851479570277
C            5.28675850671957        3.27603276956401       -1.56359282653968
C            4.45248245360830        0.91195328811633       -1.66701600940955
C            3.25498095636215        1.07622687777591       -0.78149108014626
C            3.61297028641000        0.71271979967075        0.67216497468720
C            2.40646823650419        0.74649716687268        1.57105487908444
C            2.10014570003525        2.08981603349294        2.15671552943949
C            1.71569574545083       -0.36639033939076        1.79541036836919
C            0.51682760591406       -0.53488492058664        2.67021562915628
O           -0.59835288018192       -0.90269063813359        1.84701637186001
C           -1.81828582686370       -0.69255106222842        2.35295072096369
O           -2.03356062825688       -0.27740556159204        3.46492344409218
C           -2.85839058004701       -1.08429974076737        1.38965580621633
C           -4.00057747350470       -1.82451023875282        1.62692528080398
C           -4.54536894092363       -2.07213741161445        0.35341109607305
C           -5.78464012262620       -2.83348729204585        0.01380376257086
C           -7.00608213046653       -2.14002139485203        0.61974729178672
C           -5.67698857583098       -4.27513749780853        0.51457662950631
N           -3.79401855029596       -1.51318517109552       -0.58010329866667
N           -2.77722247498290       -0.91962951168213        0.03787248365967
C           -1.85634205713863       -0.14342328659424       -0.67673699835037
C           -1.34411901316786        1.02898216741761       -0.13128065414818
C           -0.42540421203130        1.77038769563942       -0.84826218721625
C           -0.03497118888594        1.36483261587875       -2.11318081599235
C           -0.57600593939481        0.21697492899103       -2.66893264408224
C           -1.48598607722680       -0.53992919268722       -1.95612440909772
H            6.51873918248471        2.16735963193898       -3.75439703795698
H            6.49055658725487        0.48544382617668       -3.20851799581595
H            7.44660768600367        1.69024918032780       -2.33870141181930
H            5.12575990161720        3.92110664895620       -2.42798213236299
H            6.23763367032505        3.56112102726286       -1.11435464069338
H            4.49807634541600        3.46009744288509       -0.84184709019270
H            4.60701258529296       -0.09754029765980       -2.02677457774466
H            2.87397119689743        2.09643593900140       -0.82034577995472
H            2.45745490324432        0.41133856879215       -1.11868517062808
H            4.05303592861784       -0.28544802363033        0.67756160112226
H            4.36478782077172        1.41647792308126        1.03331805653130
H            2.84539628855260        2.34107702450667        2.91154016478007
H            2.15069969293744        2.84962977711949        1.37902789389271
H            1.11798776319658        2.13296096491567        2.61666849637356
H            2.01995540614360       -1.27907333024868        1.30150103311126
H            0.68605402079369       -1.34509365523739        3.39076697024005
H            0.25820881780747        0.36700160168281        3.23030609844869
H           -4.36248229675044       -2.14648708866194        2.58156341318095
H           -5.87638016966339       -2.83688859715506       -1.07659435336973
H           -7.09435405424727       -1.12539249280658        0.23814190230911
H           -7.91263539457291       -2.68582621201428        0.36946831559805
H           -6.91650231049032       -2.09446592550173        1.70235511872951
H           -6.55668885914685       -4.84229201744902        0.21957641088457
H           -5.60091137225378       -4.29568736543732        1.59935573685673
H           -4.79667629697929       -4.75944420208909        0.09747483180482
H           -1.67589637090379        1.36269220197580        0.84031778752939
H           -0.02253263089920        2.67516112668981       -0.41834005096473
H            0.68317224127302        1.94778406944012       -2.66894237526237
H           -0.28362810926649       -0.09244746338780       -3.66044643949351
H           -1.92199059172167       -1.43616287921752       -2.36835349208536
57
 energy: -78.515601267430 gnorm: 0.004191420611 xtb: 6.7.1 (edcfbbe)
C            6.50195135501455        1.52460388957576       -2.88581502976741
C            5.32952863462316        1.84339829022711       -2.00409877107255
C            5.27823487227752        3.27576615263744       -1.56186833497223
C            4.44081988969376        0.91343053174597       -1.67511907850177
C            3.24766599836604        1.07701638752617       -0.78377814325008
C            3.61274948367865        0.71512272854751        0.66849441142213
C            2.40639405535468        0.74490169175172        1.56748828084314
C            2.09537591510535        2.08917876814561        2.14937241403930
C            1.71792568610104       -0.36915711927458        1.79214824750371
C            0.51967504458560       -0.53512223942147        2.66825402991832
O           -0.59659857262257       -0.90811029416090        1.84803621926799
C           -1.81471724378074       -0.69891608886274        2.35734570685657
O           -2.02813011308264       -0.28331180720892        3.46973868569307
C           -2.85706857104651       -1.08984999958350        1.39731428582560
C           -4.00589927990075       -1.82138671969030        1.62963487798695
C           -4.54736933679398       -2.06549114193143        0.35481897768235
C           -5.78802714917793       -2.82368377646519        0.01180813288929
C           -7.00945255635574       -2.13229496061429        0.62000175325872
C           -5.67615023008746       -4.26789991246229        0.50417381592110
N           -3.78872059237207       -1.51337052185037       -0.57626495492269
N           -2.76967140409211       -0.92580577331032        0.04546307763348
C           -1.84423031153229       -0.15185566207515       -0.66652634043225
C           -1.34339863827490        1.02739979221542       -0.12472315079153
C           -0.42209157295549        1.76793582010020       -0.84003631441824
C           -0.01895512759038        1.35423421296265       -2.10073404305959
C           -0.54873934804174        0.19961347508362       -2.65362204385655
C           -1.46051665075630       -0.55689443136834       -1.94119290741385
H            6.50902885691569        2.17684460071817       -3.75863839276896
H            6.47438640734739        0.49172191823249       -3.22223566631189
H            7.43422246920054        1.68851657565684       -2.34498650517497
H            5.12532961211933        3.92628842977966       -2.42372743194251
H            6.22718866662563        3.55492166733673       -1.10473742076950
H            4.48558769788749        3.45941778704376       -0.84421751473191
H            4.59175626093939       -0.09467524083142       -2.03980913295966
H            2.86653462027560        2.09733344119888       -0.82166178363715
H            2.44809042128049        0.41176751575902       -1.11573939672204
H            4.05760953788910       -0.28096847229941        0.67348554216259
H            4.36179278193659        1.42282499460069        1.02853162107457
H            2.82588661170240        2.33445844030457        2.92319835527478
H            2.16867954324514        2.85061539181604        1.37259713175775
H            1.10187216837070        2.13664273044555        2.58761521046228
H            2.02512631022784       -1.28216371092149        1.30054359355926
H            0.68914318740364       -1.34032397002434        3.39445577021288
H            0.26030401231941        0.37096708113251        3.22167040275620
H           -4.37480230838452       -2.13940897615682        2.58264196449952
H           -5.88024097760547       -2.82196976561148       -1.07868908873485
H           -7.09311528550676       -1.11476189331298        0.24447132906946
H           -7.91716354811907       -2.67298671809154        0.36249603061254
H           -6.92443944372504       -2.09420881597041        1.70341978774430
H           -6.55586512802514       -4.83576268434999        0.21070767511442
H           -5.59329264409106       -4.29550365721823        1.58845659594870
H           -4.79689031735633       -4.74709481638736        0.07875769007302
H           -1.68685210553787        1.36592841804856        0.84215450471944
H           -0.02705632917073        2.67839152558920       -0.41434284798921
H            0.70012730821840        1.93724648152555       -2.65690043409591
H           -0.24546348117818       -0.11429307666110       -3.64261020415152
H           -1.88806914153382       -1.45921649359617       -2.34909386680116
57
 energy: -78.515650900388 gnorm: 0.003232540139 xtb: 6.7.1 (edcfbbe)
C            6.49490509886808        1.52855536579058       -2.89007829625451
C            5.32492748646539        1.84527494282566       -2.00447878466267
C            5.27383777777851        3.27662181192495       -1.55964489018980
C            4.43850783215669        0.91390529219299       -1.67407269805218
C            3.24803760813910        1.07520807737518       -0.77881150442699
C            3.61547413216234        0.70770420328845        0.67112905089277
C            2.40982289499325        0.73996959642200        1.57059882937549
C            2.09668207078058        2.08757009550882        2.14381785462089
C            1.72243251923445       -0.37328569878103        1.80115260965787
C            0.52144200744783       -0.53207694828432        2.67468472056800
O           -0.59266972733243       -0.90823484065244        1.85280408946045
C           -1.81130488514203       -0.70411808791903        2.36273877674680
O           -2.02469780694469       -0.29217023542572        3.47644452414881
C           -2.85354835392432       -1.09319827197581        1.40264793461167
C           -4.00665630096586       -1.81915514672761        1.63215587859859
C           -4.54586469372622       -2.06128679503350        0.35658218646153
C           -5.78671530246111       -2.81859974577429        0.01085846634401
C           -7.01086592681343       -2.12958746497712        0.61602500404460
C           -5.67296488766793       -4.26346147899304        0.50059173993044
N           -3.78254260987889       -1.51363173404898       -0.57292232073417
N           -2.76154647689029       -0.93041019203850        0.05094602397049
C           -1.83662738412890       -0.15697767858124       -0.66267423167376
C           -1.33705562307389        1.02473185521667       -0.12632521134086
C           -0.42243017068483        1.76779195693743       -0.84695165849265
C           -0.02571439008297        1.35504103208641       -2.10842391711024
C           -0.55291879417233        0.19686608261244       -2.65537218747951
C           -1.45694467768926       -0.56266286976895       -1.93692243845799
H            6.49922025896281        2.18128355213796       -3.76216834818762
H            6.46732056846814        0.49599211225780       -3.22708699490910
H            7.42827590176540        1.69296340604171       -2.35171524103553
H            5.12442070858268        3.92907348198258       -2.42045128928317
H            6.22153096064824        3.55375316840825       -1.09903855898987
H            4.47927450103443        3.45997546229568       -0.84410184461918
H            4.58880210226507       -0.09340214473301       -2.04068341863821
H            2.86809075602403        2.09620340522443       -0.81204083277621
H            2.44670164042422        0.41236807888926       -1.11117461712366
H            4.05689208684086       -0.28960050987019        0.67259299964912
H            4.36702281762949        1.41181623376409        1.03246035729685
H            2.82219213295061        2.33666666578736        2.91840004366189
H            2.17344793340817        2.84403140913790        1.36483589730673
H            1.10268976750805        2.13886749921266        2.57651792408224
H            2.03091702442517       -1.28920746375212        1.31598433295050
H            0.68637177778706       -1.33172164068261        3.40821553828081
H            0.26134463584602        0.37903685751165        3.22000494642499
H           -4.38012798682715       -2.13438656817780        2.58407892658241
H           -5.87698285821397       -2.81562833138462       -1.07978274699507
H           -7.09103049112673       -1.10990432749494        0.24555696148691
H           -7.91743143436595       -2.66773406089841        0.34890004241010
H           -6.93408550163134       -2.09784559029144        1.70045444408133
H           -6.55321037756283       -4.83147425725595        0.20873112264174
H           -5.58653996013524       -4.29348533500508        1.58442146891969
H           -4.79477777816641       -4.74077670098141        0.07138453650702
H           -1.67670944896422        1.36463913655803        0.84027410430658
H           -0.02936471187207        2.68140174172034       -0.42682575616610
H            0.68678769455397        1.94093440444394       -2.66989692134116
H           -0.25390881808026       -0.11670965245834       -3.64511491058682
H           -1.88213531861750       -1.46751315559272       -2.34110439396101
57
 energy: -78.515700213319 gnorm: 0.002614799615 xtb: 6.7.1 (edcfbbe)
C            6.48596764882017        1.53303381638077       -2.89630175892540
C            5.31867951542375        1.84773867625463       -2.00642551355569
C            5.26888450019925        3.27783886913696       -1.55744487845992
C            4.43361197049321        0.91532370035090       -1.67578918456211
C            3.24520955402996        1.07286455153163       -0.77708807478895
C            3.61564090627375        0.70204700865919        0.67125128962607
C            2.41165377939086        0.73713764469560        1.57262468171637
C            2.09652493758306        2.08724305233133        2.13893576823277
C            1.72648788692759       -0.37587273327841        1.81067700956813
C            0.52363985141321       -0.52959670903936        2.68281227261084
O           -0.58830475634933       -0.90786544058650        1.85925679148337
C           -1.80827825917034       -0.70897221289911        2.36935756487662
O           -2.02099744717739       -0.30119417222559        3.48455314989755
C           -2.84972033171688       -1.09606662965826        1.40773970230307
C           -4.00573022179894       -1.81854696738354        1.63497110196174
C           -4.54364964569706       -2.05700530569326        0.35821253675881
C           -5.78536766649975       -2.81176046793333        0.00892580159754
C           -7.01191919091129       -2.12624556901280        0.61340238131667
C           -5.67299066322579       -4.25837045229222        0.49407395042645
N           -3.77658509408011       -1.51123784064097       -0.56949917089162
N           -2.75434648624273       -0.93313000843587        0.05661988243826
C           -1.82828149204953       -0.16165978969682       -0.65808098822271
C           -1.33206346072337        1.02403743113876       -0.12787227564721
C           -0.42218985846538        1.76863182456557       -0.85293423810437
C           -0.02510434556087        1.35297086432878       -2.11279349016630
C           -0.54632318313745        0.18845894504692       -2.65217197601451
C           -1.44603860390116       -0.57196210576262       -1.92939537560322
H            6.48786720095991        2.18821764518920       -3.76658118903028
H            6.45701876062161        0.50123728574950       -3.23611623195037
H            7.42089147364600        1.69566529790833       -2.36012066992116
H            5.12531831670160        3.93342915007338       -2.41692208297932
H            6.21508187387236        3.55120805491967       -1.09138876881968
H            4.47128375542290        3.46056541103424       -0.84521610312723
H            4.58332190142506       -0.09084439739196       -2.04569496468004
H            2.86341442952033        2.09351625921096       -0.80687471682861
H            2.44416301632164        0.40978731626006       -1.10979448090819
H            4.05367792573000       -0.29677383195545        0.66999054932430
H            4.37013134601881        1.40331422545749        1.03212764940965
H            2.81372727491880        2.33557345856212        2.92179704106477
H            2.18501950576750        2.84196391437808        1.35932149761617
H            1.09736936113135        2.14212541343061        2.55930661986016
H            2.03580002494845       -1.29466243638139        1.33157603537905
H            0.68581839222752       -1.32534259921049        3.42158667932423
H            0.26296358564115        0.38445979055105        3.22318791607708
H           -4.38212101765567       -2.13392975338481        2.58569952198421
H           -5.87396753324056       -2.80525038720945       -1.08190199946923
H           -7.09060006357239       -1.10369833670838        0.25091062277862
H           -7.91676706480899       -2.66267089380156        0.33667663433879
H           -6.94175152699068       -2.10336394578535        1.69878617062187
H           -6.55563182413874       -4.82327781520364        0.20292071545430
H           -5.58373540155478       -4.29159334674387        1.57745358184038
H           -4.79735358701063       -4.73627681987186        0.06104381314234
H           -1.67012221984308        1.36761106304882        0.83767910711156
H           -0.03399301451495        2.68690251009781       -0.43866735384511
H            0.68181813642129        1.94104520655271       -2.67841477181121
H           -0.24970746566225       -0.12722456857466       -3.64058458217525
H           -1.86734540614329       -1.47955285008842       -2.33127587712112
57
 energy: -78.515761976167 gnorm: 0.002327737711 xtb: 6.7.1 (edcfbbe)
C            6.46957843523328        1.54133524862868       -2.90777847821689
C            5.30681079483694        1.85202602069422       -2.01048834851217
C            5.25968291748090        3.27981809888496       -1.55351394714191
C            4.42338833254120        0.91783666658450       -1.68046877458333
C            3.23800618556060        1.06813857383901       -0.77659401577581
C            3.61373117210967        0.69280979436797        0.66941346034734
C            2.41337770710257        0.73351309413074        1.57510472276649
C            2.09553504429160        2.08727624385814        2.13123370049055
C            1.73299669092441       -0.37934858476969        1.82813027539677
C            0.52765035571508       -0.52554059680145        2.69852495090672
O           -0.58059383560979       -0.90504852209009        1.87127430807839
C           -1.80342153651582       -0.71594968690056        2.38122967486590
O           -2.01590729437679       -0.31632092255770        3.49924312314493
C           -2.84244218913767       -1.10016230449946        1.41552107209877
C           -4.00157783922046       -1.81918759858521        1.63947449822700
C           -4.53910753231526       -2.05047011711621        0.36102573562157
C           -5.78239500906241       -2.79949378141764        0.00463000066869
C           -7.01180240959355       -2.11973610687228        0.61019176662709
C           -5.67521421715727       -4.24981465121451        0.48054788507633
N           -3.76781427618672       -1.50455842071406       -0.56342952613320
N           -2.74441235512826       -0.93457142052170        0.06577094373800
C           -1.81576276866371       -0.16709289046092       -0.65030933555401
C           -1.32684091178669        1.02620936850740       -0.13050310068440
C           -0.42330124037586        1.77196248256208       -0.86298175820417
C           -0.02073527048827        1.34787923503170       -2.11855531681800
C           -0.53046177383210        0.17190407997151       -2.64455815460441
C           -1.42538359401813       -0.58815266065916       -1.91523431580102
H            6.46708250219034        2.20127523381561       -3.77461366643940
H            6.43812703173503        0.51128024307599       -3.25311439741382
H            7.40741008742104        1.70032063795572       -2.37561408980389
H            5.12767591364868        3.94125983495279       -2.41052904632365
H            6.20295512438942        3.54577909509026       -1.07684441673436
H            4.45607626456212        3.46146949858235       -0.84789713800810
H            4.57239863409873       -0.08612212300471       -2.05698332772129
H            2.85176577878696        2.08749872834812       -0.80101933568602
H            2.43846850137893        0.40330531272823       -1.10963225774316
H            4.04552389485291       -0.30897619687337        0.66412536277917
H            4.37409600644298        1.38932382968127        1.02787815744225
H            2.79783495316830        2.33315079205082        2.92793264901512
H            2.20438666866627        2.83993751362076        1.35290198807381
H            1.08863363657898        2.14855679794544        2.53032444295151
H            2.04310161473465       -1.30304125517714        1.35898473092685
H            0.68552411571341       -1.31705256327762        3.44316042546299
H            0.26706630704118        0.39164159725367        3.23368921477853
H           -4.38030755299192       -2.13756737245261        2.58819715632296
H           -5.86805785171925       -2.78502765205838       -1.08650379935028
H           -7.08836501881603       -1.09198224100766        0.26283008862049
H           -7.91436283454173       -2.65268465588150        0.31861272353481
H           -6.94993838887254       -2.11322986191325        1.69671444908897
H           -6.56299580722179       -4.80714600519416        0.18986917986033
H           -5.58197194719064       -4.28894632841802        1.56326539792172
H           -4.80462783770876       -4.73061937241774        0.04118778948421
H           -1.66488356727056        1.37709192744028        0.83311801179594
H           -0.04411378863380        2.69809751002852       -0.45823382014221
H            0.68120151615623        1.93645144214828       -2.68997172274076
H           -0.22629596554457       -0.15647647900956       -3.62821354248246
H           -1.83699157337410       -1.50282852991736       -2.31239493096328
57
 energy: -78.515792294749 gnorm: 0.002781739674 xtb: 6.7.1 (edcfbbe)
C            6.45663775182498        1.54873654990578       -2.91879927237824
C            5.29745888833420        1.85477520001958       -2.01511475772603
C            5.25243941674718        3.28028280795047       -1.55043407894395
C            4.41548311276252        0.91871299929270       -1.68601147399923
C            3.23215858893604        1.06420693179305       -0.77875216416880
C            3.61086218002646        0.68860491440630        0.66659310149163
C            2.41239712419156        0.73285882473178        1.57445305794172
C            2.09240074132572        2.08859541400492        2.12485650937749
C            1.73473789561875       -0.37968384806776        1.83667923202825
C            0.52959327259686       -0.52215925123742        2.70814176618898
O           -0.57759580250742       -0.90127320611753        1.87966902792397
C           -1.80177700997224       -0.71962174796090        2.39039953103350
O           -2.01550530917267       -0.32709765808213        3.51073749658356
C           -2.83838878611439       -1.10174848649214        1.42123731629395
C           -4.00079607672491       -1.81677800074463        1.64293879095616
C           -4.53598173281221       -2.04714061255824        0.36320619389342
C           -5.78053898360683       -2.79077247673868        0.00088779150521
C           -7.00955990332082       -2.11303428198064        0.60927244241169
C           -5.67853516899627       -4.24445002672433        0.46820413782941
N           -3.75992128631822       -1.50390198734830       -0.55946526416005
N           -2.73657016066895       -0.93790482889725        0.07169599259274
C           -1.80465571361288       -0.17342945445429       -0.64371464941860
C           -1.32290713636739        1.02525708731571       -0.12955659835665
C           -0.42118410266032        1.77100019438981       -0.86467286290568
C           -0.01103684634365        1.33999817295058       -2.11580676260892
C           -0.51035262263166        0.15615489125673       -2.63419803777103
C           -1.40526566395137       -0.60264721685353       -1.90320174844609
H            6.45054207465596        2.21385349302113       -3.78180090621643
H            6.42322152120259        0.52084182174292       -3.27029224211582
H            7.39684259847958        1.70400958340904       -2.38979253579510
H            5.12991399746208        3.94707373613061       -2.40478746319370
H            6.19318896277086        3.53972384424692       -1.06485821876123
H            4.44409934818615        3.46106089146675       -0.85000297156360
H            4.56394885645673       -0.08329714280341       -2.06831436338462
H            2.84253646682698        2.08224996086136       -0.80134084346724
H            2.43406045120013        0.39725249035836       -1.11096187594370
H            4.03974849003926       -0.31447578537977        0.66074194521676
H            4.37395477369364        1.38337889089974        1.02272589277058
H            2.78056493763757        2.32833602511668        2.93796724184848
H            2.22284766064763        2.84230678132954        1.34900564540770
H            1.07620628596270        2.15494597467931        2.50326108263388
H            2.04532575763302       -1.30619703555311        1.37345143036780
H            0.68618653947003       -1.31280825568635        3.45379135183101
H            0.27058714575477        0.39600498475872        3.24223056445236
H           -4.38286554263150       -2.13362602595204        2.59101669646273
H           -5.86416731285209       -2.76908744518637       -1.09032691672453
H           -7.08237415908111       -1.08141061145509        0.27273422841646
H           -7.91272195962094       -2.64052448668641        0.30938971695099
H           -6.95056183765959       -2.11832152168526        1.69588642513616
H           -6.56970188051812       -4.79581071370616        0.17664349562321
H           -5.58302999748237       -4.28935884000780        1.55058499813498
H           -4.81119792344357       -4.72722405969543        0.02427553924239
H           -1.66525146375419        1.38012170670027        0.83165390086876
H           -0.04974733368250        2.70250740928517       -0.46471512663769
H            0.68777327869581        1.92970143412739       -2.68942276446702
H           -0.20256862556352       -0.17714726365060       -3.61364005201395
H           -1.81095777705990       -1.52162074445032       -2.29622126971650
57
 energy: -78.515819890914 gnorm: 0.002423534281 xtb: 6.7.1 (edcfbbe)
C            6.44672624171186        1.55504928484153       -2.92704707278854
C            5.29015058703937        1.85642012342445       -2.01844014058741
C            5.24612003080549        3.28000369549902       -1.54776610705623
C            4.40969303872001        0.91838594201120       -1.69016362911890
C            3.22764662224829        1.06025142201552       -0.78086882169520
C            3.60797894307369        0.68450807879009        0.66420220883382
C            2.41118054591281        0.73248633457915        1.57397492742618
C            2.09045678632495        2.08972691703210        2.12050392768122
C            1.73554869357410       -0.37942207040990        1.84429370026937
C            0.53059661385696       -0.51890693571213        2.71651641775559
O           -0.57618819413808       -0.89453994762991        1.88599971393571
C           -1.80140855054794       -0.72031687244794        2.39711352818612
O           -2.01816061287724       -0.33538190122842        3.51959418977587
C           -2.83508885201265       -1.10169349849289        1.42450712307992
C           -3.99827950010893       -1.81598078873769        1.64500426759604
C           -4.53258975099346       -2.04638918887730        0.36490841479285
C           -5.77805799136616       -2.78539314043272       -0.00202839895419
C           -7.00500684866174       -2.10697290589566        0.60949703027260
C           -5.68158108253833       -4.24166052966036        0.45831165349892
N           -3.75490494512315       -1.50344349928045       -0.55667674758313
N           -2.73239490927948       -0.93832947213245        0.07507405460165
C           -1.79835386825798       -0.17594418958865       -0.63990971697380
C           -1.32172935278493        1.02636912490700       -0.12958708953607
C           -0.42023016102783        1.77078341203445       -0.86678494131256
C           -0.00374627206118        1.33334430666830       -2.11427095720394
C           -0.49596260647061        0.14465567337754       -2.62742044424879
C           -1.39233529467791       -0.61190508296428       -1.89544408064363
H            6.43669247465199        2.22364068882771       -3.78740631197444
H            6.41289951441137        0.52877723842065       -3.28265104792489
H            7.38875530717079        1.70913151931679       -2.40103390342025
H            5.13080653243603        3.95072786357353       -2.39979760720513
H            6.18454660263591        3.53454753471226       -1.05531546024662
H            4.43415145616591        3.46019350461733       -0.85143462814090
H            4.55837934853098       -0.08202332649801       -2.07672534062828
H            2.83589646297063        2.07729715144584       -0.80224078244292
H            2.43059680736280        0.39182708786825       -1.11261399778065
H            4.03398008143660       -0.31989476626614        0.65853776862494
H            4.37372168245376        1.37756953121617        1.01827403485733
H            2.76929069580868        2.32623543036919        2.94135922852372
H            2.23242340320168        2.84347327622883        1.34807801308861
H            1.07114500749679        2.15950124693489        2.48731281404446
H            2.04603185609169       -1.30805706937385        1.38525815537633
H            0.68511369889087       -1.31119555808780        3.46039332439481
H            0.27426754974678        0.39908414302628        3.25186335561881
H           -4.38087664187382       -2.13243966827654        2.59295730817584
H           -5.86004447854064       -2.75780229043378       -1.09315254670611
H           -7.07355849284562       -1.07300900257001        0.28002821155390
H           -7.91016612989608       -2.62847317763099        0.30599366332083
H           -6.94571593102096       -2.11994961321105        1.69545360721112
H           -6.57511933976845       -4.78790487873023        0.16498070023656
H           -5.58561322863223       -4.29149581114884        1.54050681929118
H           -4.81641763557099       -4.72636987733813        0.01183754779222
H           -1.66781792126292        1.38330282589785        0.82996623403997
H           -0.05303824866107        2.70500540088364       -0.46978638580103
H            0.69517637538197        1.92201909465322       -2.68905207055471
H           -0.18155475406234       -0.19489042418183       -3.60284074929983
H           -1.79403136504164       -1.53453236593923       -2.28371564149730
57
 energy: -78.515832930014 gnorm: 0.001185511463 xtb: 6.7.1 (edcfbbe)
C            6.44604831639061        1.55569006297766       -2.92744168260041
C            5.28951412835533        1.85610972991219       -2.01862144596619
C            5.24490587061959        3.27937683785738       -1.54750475739686
C            4.40980166850896        0.91752462990497       -1.69014248465675
C            3.22809844993059        1.05948649559265       -0.78040495466922
C            3.60841248650012        0.68402527596911        0.66464297289369
C            2.41151861128219        0.73225198041535        1.57428854069201
C            2.09059904063745        2.08969373418246        2.12034953439402
C            1.73532729238035       -0.37928868020731        1.84404475757680
C            0.53025248025610       -0.51838192753699        2.71614850758696
O           -0.57698621108162       -0.89220633229951        1.88515842703578
C           -1.80189173471092       -0.71933745643386        2.39656753702555
O           -2.01972699592509       -0.33574653243072        3.51931349476946
C           -2.83520878547338       -1.10115464779648        1.42416705723886
C           -3.99779979528966       -1.81636923213865        1.64457858424653
C           -4.53199448119040       -2.04764607515088        0.36477791568086
C           -5.77783617105127       -2.78633674553513       -0.00159605537300
C           -7.00333462572919       -2.10596216522679        0.61058594388990
C           -5.68173796544435       -4.24259867753336        0.45808767573825
N           -3.75483262965190       -1.50487753332116       -0.55708150784581
N           -2.73262124639310       -0.93767633064280        0.07453952532309
C           -1.79869685925633       -0.17512769979534       -0.64058331494549
C           -1.32192137828621        1.02707957175657       -0.13040547106049
C           -0.41963933318324        1.77076341009236       -0.86682211367704
C           -0.00375615635767        1.33316295844699       -2.11377412548431
C           -0.49682490101022        0.14525721550886       -2.62756919717264
C           -1.39359835654787       -0.61091429998080       -1.89612474749021
H            6.43516304723177        2.22392321121581       -3.78801457312986
H            6.41323972392560        0.52922788450643       -3.28259600131214
H            7.38811437315410        1.71120670098640       -2.40176559768174
H            5.13011585510635        3.95054718600032       -2.39902806894705
H            6.18285204273948        3.53356688124668       -1.05435883905858
H            4.43261663715190        3.45940420632856       -0.85152625460891
H            4.55852093203081       -0.08271666275970       -2.07684560458761
H            2.83670897290010        2.07667149706876       -0.80191707155936
H            2.43070166673566        0.39131575970757       -1.11183015469502
H            4.03446641114970       -0.32027953371882        0.65928613199139
H            4.37400910724572        1.37709558922331        1.01886629186220
H            2.76713422588530        2.32538749106603        2.94266510318341
H            2.23488243289466        2.84336870682276        1.34882849733435
H            1.07074500384268        2.16029489449022        2.48483947049289
H            2.04585846054556       -1.30780948809514        1.38485395093645
H            0.68372140907154       -1.31168571978400        3.45914330732564
H            0.27475227901535        0.39954549628513        3.25205341683491
H           -4.37997817731006       -2.13248699701035        2.59272971268993
H           -5.86020720563671       -2.75858693045646       -1.09257832853389
H           -7.07003447777511       -1.07220991840506        0.27985827642595
H           -7.90972976406535       -2.62588175882721        0.30856732395835
H           -6.94310410451597       -2.11802586502181        1.69642498232461
H           -6.57492186926368       -4.78887056909901        0.16386624434550
H           -5.58624393354757       -4.29356081741509        1.54026695823950
H           -4.81620632919438       -4.72669728386311        0.01167954780148
H           -1.66949500808830        1.38436929831275        0.82790930199127
H           -0.05158632970696        2.70475951357686       -0.46988380944862
H            0.69667645198294        1.92088837364654       -2.68771297881390
H           -0.18002119952452       -0.19525468064847       -3.60194659636859
H           -1.79482135225112       -1.53430403197104       -2.28288593221490
57
 energy: -78.515846785143 gnorm: 0.001779170543 xtb: 6.7.1 (edcfbbe)
C            6.44345365612181        1.55813485452981       -2.92912797306984
C            5.28728712398967        1.85516931076738       -2.01901260962013
C            5.24078297046170        3.27757109741100       -1.54627626277448
C            4.41011174508580        0.91454817773045       -1.68971348498358
C            3.22926565398566        1.05643576299116       -0.77878668096187
C            3.61001137109249        0.68237384237409        0.66625906271252
C            2.41248831618758        0.73161900979965        1.57505806841748
C            2.09130159621525        2.08963253948905        2.12005771084935
C            1.73463060288329       -0.37898355853797        1.84361304800686
C            0.52894703000533       -0.51630602033829        2.71499068312180
O           -0.57955546096056       -0.88413261859381        1.88220176690870
C           -1.80348737702721       -0.71608392738707        2.39486442069613
O           -2.02420220819525       -0.33698376634749        3.51871384844427
C           -2.83609327083336       -1.09872526875861        1.42260604740360
C           -3.99640006237259       -1.81725630585940        1.64318469867183
C           -4.52979092373524       -2.05145645382860        0.36391334490806
C           -5.77674287708331       -2.78936033168577       -0.00054906366859
C           -6.99744066408864       -2.10284926919627        0.61437908305231
C           -5.68248188744511       -4.24580094743289        0.45738816862943
N           -3.75488923895339       -1.50799934270272       -0.55878088229079
N           -2.73370997731135       -0.93532880036430        0.07245671020386
C           -1.80041502547826       -0.17236228211254       -0.64306871952202
C           -1.32374684287534        1.02982573467514       -0.13296293389707
C           -0.41827823886176        1.77115068812631       -0.86720170475123
C           -0.00154902549585        1.33166738623628       -2.11226445320708
C           -0.49631263953662        0.14522683206642       -2.62754573774251
C           -1.39568398551006       -0.60902826258673       -1.89806286555223
H            6.42881369580852        2.22494784595459       -3.79069549675302
H            6.41448406210889        0.53096118367406       -3.28253887400150
H            7.38573931472904        1.71875028712118       -2.40506199871402
H            5.12795628162523        3.95004502195615       -2.39667049657125
H            6.17717686111631        3.53087222368538       -1.05027713020445
H            4.42690238659963        3.45678826789991       -0.85192164017443
H            4.55942518853637       -0.08533999357984       -2.07654919223492
H            2.83826975606117        2.07376136467475       -0.80089932377672
H            2.43126281017803        0.38839717666344       -1.10902828775320
H            4.03627779225183       -0.32174041764039        0.66219574156061
H            4.37515495130790        1.37585329888533        1.02048367552361
H            2.76023889846097        2.32188758021530        2.94862974901985
H            2.24472046644576        2.84333862629957        1.35112116717508
H            1.06854133148428        2.16281067642844        2.47526920411464
H            2.04528213210127       -1.30747926184271        1.38450618899487
H            0.67874183309204       -1.31266428591277        3.45534370970432
H            0.27647012865307        0.40132005624783        3.25286330415739
H           -4.37679371781231       -2.13309556647588        2.59207655266039
H           -5.86106034290067       -2.76098868095673       -1.09118925455748
H           -7.05899545597264       -1.06966569921798        0.28036185688705
H           -7.90786533398443       -2.61819312410382        0.31740403064370
H           -6.93324263816706       -2.11187194905109        1.69990007365759
H           -6.57478949876309       -4.79182147617337        0.16016085528202
H           -5.58901046018677       -4.29971503272924        1.53963327026164
H           -4.81589810250062       -4.72874308049951        0.01165095499037
H           -1.67439975320935        1.38734367436739        0.82330472942133
H           -0.04752468957416        2.70415863373183       -0.47005651936446
H            0.70216746165045        1.91723510062164       -2.68460043560223
H           -0.17706803567565       -0.19519567774011       -3.60127380025471
H           -1.79847768372046       -1.53265485297187       -2.28234858154582
57
 energy: -78.515854064993 gnorm: 0.001076471574 xtb: 6.7.1 (edcfbbe)
C            6.44233628088720        1.55924017907370       -2.92997077605484
C            5.28651066093966        1.85504614286373       -2.01894542001202
C            5.23922645242251        3.27735019073623       -1.54569176530303
C            4.41021722288504        0.91365682831522       -1.68935162901837
C            3.22943903165037        1.05473824462551       -0.77820906868688
C            3.61063273271102        0.68166181896118        0.66699508565203
C            2.41297680256739        0.73135790364416        1.57552170567100
C            2.09163198839052        2.08952018652732        2.12013345249426
C            1.73488224752266       -0.37914218434475        1.84437851736098
C            0.52856520540497       -0.51542106839544        2.71493727164519
O           -0.57982321492256       -0.88165843731609        1.88124932206598
C           -1.80370258971176       -0.71522306757009        2.39429257940182
O           -2.02454727647494       -0.33777178007428        3.51868315990832
C           -2.83637218648050       -1.09775945246054        1.42160738514405
C           -3.99580338732650       -1.81752231467530        1.64256587351503
C           -4.52907357114213       -2.05205171865433        0.36319265909153
C           -5.77632192206475       -2.78978547270951       -0.00057254862197
C           -6.99580891120977       -2.10228532808212        0.61573369912521
C           -5.68299317973874       -4.24639272472294        0.45732261887101
N           -3.75494285037798       -1.50754523919342       -0.55957235373499
N           -2.73412345621241       -0.93456065834287        0.07152055895317
C           -1.80100888240240       -0.17162763974566       -0.64399832523938
C           -1.32432802998604        1.03050922884657       -0.13359597618947
C           -0.41777709104287        1.77123882059421       -0.86750335339239
C            0.00002692357451        1.33115194804043       -2.11246662246566
C           -0.49537218074688        0.14499563818978       -2.62812145723289
C           -1.39547445994299       -0.60879738672643       -1.89888159465153
H            6.42538076937277        2.22526109973052       -3.79216142173925
H            6.41490608785601        0.53173323521783       -3.28251253924916
H            7.38485810870733        1.72201104956345       -2.40709970716107
H            5.12759119326189        3.95014142924797       -2.39613305203436
H            6.17498094684533        3.53058399666917       -1.04815246383333
H            4.42429825263524        3.45615898649773       -0.85243935289892
H            4.56012786561041       -0.08616464672353       -2.07624587363642
H            2.83745058887517        2.07166544285743       -0.80058600743727
H            2.43197039422903        0.38587209372307       -1.10804464303816
H            4.03712007022613       -0.32241046739154        0.66356812787418
H            4.37563916138887        1.37564544371329        1.02060977647997
H            2.75741386709257        2.32003280417979        2.95216875395925
H            2.24988985837403        2.84370766717345        1.35229777111174
H            1.06712515208413        2.16393827257893        2.47057483322930
H            2.04531470556140       -1.30791143040097        1.38567155307436
H            0.67687425142709       -1.31225845424915        3.45499696164454
H            0.27696903897358        0.40216317576475        3.25320254899576
H           -4.37544053036980       -2.13399162000121        2.59161117628695
H           -5.86173968767903       -2.76131193717827       -1.09119731056849
H           -7.05718611982512       -1.06918887167674        0.28156276988678
H           -7.90707214336443       -2.61718462433431        0.32041256093337
H           -6.92967696096853       -2.11070259162974        1.70119172060187
H           -6.57535278893900       -4.79193294779213        0.15924686398925
H           -5.59053475304191       -4.30034967693884        1.53965588553713
H           -4.81632462280572       -4.72989203626629        0.01226899211761
H           -1.67559519409664        1.38840337921354        0.82271255299834
H           -0.04729486864531        2.70431523401745       -0.47045138484466
H            0.70471940481463        1.91596538556456       -2.68437071052446
H           -0.17617509228554       -0.19536389354143       -3.60183078426477
H           -1.79920931447902       -1.53185815499722       -2.28365327325521
57
 energy: -78.515867462770 gnorm: 0.001214527901 xtb: 6.7.1 (edcfbbe)
C            6.43823253706185        1.56347857848487       -2.93295039082798
C            5.28370255645365        1.85483566562574       -2.01867066695609
C            5.23329441719710        3.27668601226708       -1.54378576073673
C            4.41069923246312        0.91067655729631       -1.68812177122521
C            3.23017576716981        1.04809268360232       -0.77614552919024
C            3.61304514362201        0.67893747756954        0.66973072274558
C            2.41490659205078        0.73027093404182        1.57724981137235
C            2.09275299266238        2.08889029000811        2.12035204170412
C            1.73630581299488       -0.37974087193029        1.84753117466333
C            0.52765574035199       -0.51233941528456        2.71522568705797
O           -0.57964364062542       -0.87406057773258        1.87811433331883
C           -1.80380065793728       -0.71338799114450        2.39207788640814
O           -2.02507310585129       -0.34161399653689        3.51825458512327
C           -2.83625935684312       -1.09534799100940        1.41798292284221
C           -3.99335451849962       -1.81854094651701        1.64002349994668
C           -4.52698500848814       -2.05367721999986        0.36068511512799
C           -5.77543124390415       -2.79048934613516       -0.00047184698270
C           -6.99140886952002       -2.10063473221667        0.62039247022628
C           -5.68479911260975       -4.24744242165150        0.45747627793609
N           -3.75473930943276       -1.50659970394955       -0.56231668396733
N           -2.73524377191732       -0.93200800192382        0.06815794876288
C           -1.80264887051596       -0.16903235115129       -0.64747574192505
C           -1.32585011841522        1.03306096763678       -0.13691775460814
C           -0.41644764026044        1.77195265652744       -0.86964096875329
C            0.00493300193512        1.32982026998853       -2.11337270688419
C           -0.49189919284655        0.14432562225078       -2.62960187530400
C           -1.39504566595579       -0.60740108479973       -1.90171887731925
H            6.41265492989264        2.22620962881809       -3.79762954758294
H            6.41636598500537        0.53456294694092       -3.28183069555162
H            7.38171703594678        1.73469494516099       -2.41472802268099
H            5.12666060750615        3.95061590878026       -2.39419050193797
H            6.16623572904827        3.52957774886011       -1.04025222273752
H            4.41423166856163        3.45419921763259       -0.85508467303372
H            4.56293759246844       -0.08861944296174       -2.07572099069266
H            2.83379413025722        2.06330834412130       -0.79953542987555
H            2.43519079191826        0.37556955602743       -1.10455473382709
H            4.04043061285995       -0.32483124872466        0.66878227997135
H            4.37746511272176        1.37475943717085        1.02110912900672
H            2.74559276961430        2.31278642554977        2.96535984137881
H            2.26949903680841        2.84498498516179        1.35763091485731
H            1.06216265837477        2.16845884508124        2.45274738281667
H            2.04657758750082       -1.30971367076268        1.39121440911556
H            0.67081055220335       -1.31020650091398        3.45514152444344
H            0.27840529317467        0.40567797083210        3.25374615428739
H           -4.37084041483094       -2.13684197246410        2.58934291480233
H           -5.86426860723653       -2.76194309047412       -1.09094320257864
H           -7.05326276853258       -1.06786098927204        0.28555530990710
H           -7.90480002051615       -2.61500710665526        0.33058843964898
H           -6.91922568617461       -2.10745569537967        1.70559667603076
H           -6.57736645924552       -4.79140748055129        0.15692972473411
H           -5.59546920921599       -4.30131488615345        1.54005318785351
H           -4.81790255759188       -4.73265189572692        0.01465190569733
H           -1.67840676342328        1.39228488742688        0.81907327836929
H           -0.04575212939827        2.70470039346937       -0.47234974608883
H            0.71255224251142        1.91243530861332       -2.68377173893780
H           -0.17260562234653       -0.19642648537749       -3.60303976582451
H           -1.80045780819385       -1.52925714755006       -2.28782838159531
57
 energy: -78.515875116839 gnorm: 0.001464107770 xtb: 6.7.1 (edcfbbe)
C            6.43509253164279        1.56684993668800       -2.93504884177853
C            5.28144911711236        1.85497294565649       -2.01862388236543
C            5.22855235353933        3.27636414006610       -1.54259318615622
C            4.41099906672257        0.90864926784102       -1.68745049467338
C            3.23076284046050        1.04286935435323       -0.77465901859969
C            3.61505282826338        0.67688314613339        0.67170748078406
C            2.41676786453952        0.72928906643946        1.57881878553396
C            2.09357782675906        2.08831907731149        2.12036841294344
C            1.73801102986259       -0.38035368329160        1.85038938398831
C            0.52743900799990       -0.51024898351272        2.71579841960057
O           -0.57865741658108       -0.86993847264662        1.87628679808865
C           -1.80336394296966       -0.71310469772842        2.39050744125358
O           -2.02495679493281       -0.34517662388751        3.51785536997720
C           -2.83537583038230       -1.09451066023512        1.41572001239653
C           -3.99166549745469       -1.81888410735261        1.63834375867197
C           -4.52620238557135       -2.05372600499949        0.35931710817002
C           -5.77529413876610       -2.79016777975045       -0.00014440717339
C           -6.98966913827574       -2.09969262440341        0.62323073876547
C           -5.68566448558880       -4.24725939912715        0.45781947697578
N           -3.75513555676122       -1.50517360064226       -0.56395827150815
N           -2.73561866821117       -0.93054806172456        0.06597862138562
C           -1.80288401422175       -0.16781575297316       -0.64978222352493
C           -1.32584308475643        1.03427338327324       -0.13937128074494
C           -0.41498465594037        1.77218391951111       -0.87140194853978
C            0.00761167447856        1.32933211151390       -2.11459165260492
C           -0.48997437013383        0.14419859602865       -2.63096971430923
C           -1.39439805962657       -0.60664518493151       -1.90363294282757
H            6.40329140048156        2.22666894356374       -3.80179858327220
H            6.41766538195844        0.53676103433627       -3.28072289484892
H            7.37915203735729        1.74482354332967       -2.42025113215685
H            5.12614619573364        3.95112101449025       -2.39287861891052
H            6.15898270886686        3.52887346584566       -1.03408038984754
H            4.40600915868430        3.45300835982443       -0.85780858491976
H            4.56528666901532       -0.09010748206058       -2.07571472874540
H            2.83061226174335        2.05661975275651       -0.79886778360198
H            2.43795350861163        0.36719739310905       -1.10188473859936
H            4.04320175131055       -0.32656099719504        0.67266296742299
H            4.37896174096183        1.37412235226107        1.02136197045166
H            2.73573093737842        2.30719885072276        2.97505133634934
H            2.28420112118827        2.84563006292668        1.36211130806414
H            1.05877399682341        2.17171284542338        2.43885337628902
H            2.04830593527657       -1.31123291948346        1.39598910898511
H            0.66720108156500       -1.30797760174246        3.45648791840054
H            0.27917684964140        0.40856671883593        3.25341188469915
H           -4.36798861114766       -2.13833764047529        2.58773467828639
H           -5.86612517401472       -2.76150033299121       -1.09045315878620
H           -7.05274396109516       -1.06720361632232        0.28783630481562
H           -7.90374004386091       -2.61457260656110        0.33651008346478
H           -6.91432491166688       -2.10561377862425        1.70823612813565
H           -6.57827821387504       -4.79064054964064        0.15631390942156
H           -5.59771521213076       -4.30103236126453        1.54050216808154
H           -4.81863273142475       -4.73313169398874        0.01604889497841
H           -1.67921635257010        1.39453171721872        0.81604414519919
H           -0.04464902582783        2.70514238954652       -0.47424902111588
H            0.71684278039920        1.91080790671828       -2.68412127682685
H           -0.16970165583870       -0.19766078255893       -3.60369903475230
H           -1.80000772474355       -1.52815329561357       -2.29041285785930
57
 energy: -78.515889063712 gnorm: 0.001601301062 xtb: 6.7.1 (edcfbbe)
C            6.42867803212848        1.57412874845118       -2.93899264153852
C            5.27660488997616        1.85547935499593       -2.01855111048447
C            5.21802837022448        3.27590676153312       -1.54048903209887
C            4.41168247704340        0.90447249951959       -1.68617164789614
C            3.23204386936270        1.03182622522020       -0.77169730871039
C            3.61959071587048        0.67258978418587        0.67557742476630
C            2.42078321229084        0.72715299786136        1.58164673355737
C            2.09520386109830        2.08705764692285        2.12003270069214
C            1.74188664773213       -0.38168400058581        1.85601395337398
C            0.52780665571589       -0.50617757321290        2.71734855233849
O           -0.57545812477561       -0.86376362823999        1.87341738782950
C           -1.80151498000024       -0.71437811963054        2.38776652466634
O           -2.02387908719690       -0.35351343992310        3.51723713433849
C           -2.83249227481965       -1.09434459517724        1.41197741822846
C           -3.98847083125986       -1.81912375151488        1.63554798060757
C           -4.52562038607604       -2.05212358287848        0.35742611399437
C           -5.77583821511227       -2.78793632790247        0.00075273466995
C           -6.98859053021264       -2.09785825258397        0.62779957162368
C           -5.68624018636836       -4.24508251612425        0.45869545204639
N           -3.75600842774617       -1.50224858828788       -0.56656019092833
N           -2.73559051583919       -0.92832912403207        0.06226814738695
C           -1.80223622093449       -0.16631132084748       -0.65392201874580
C           -1.32502399904093        1.03604728141820       -0.14431497057998
C           -0.41263436845903        1.77273620723205       -0.87560303451542
C            0.01202898234559        1.32837053900909       -2.11744387559527
C           -0.48576344455484        0.14320133545392       -2.63326701594918
C           -1.39231360232839       -0.60609735322709       -1.90681237265452
H            6.38423622696743        2.22731802989307       -3.81034748847069
H            6.42103007203328        0.54145041891156       -3.27742817245069
H            7.37359179036534        1.76682626997414       -2.43101022164632
H            5.12536497706273        3.95241162324083       -2.39046179691651
H            6.14255830499605        3.52750651719710       -1.02069848114632
H            4.38761105103437        3.45093515775423       -0.86472896829422
H            4.57029924767970       -0.09292757552175       -2.07623005032375
H            2.82387313593994        2.04242825967902       -0.79770292124609
H            2.44389888403070        0.34943624446856       -1.09637513925134
H            4.04946822100249       -0.33007884751061        0.68053759837631
H            4.38230499683591        1.37285840263063        1.02170261793277
H            2.71412735829895        2.29563493996992        2.99460698360951
H            2.31452706119053        2.84652072444852        1.37161655958354
H            1.05206208893936        2.17816363639498        2.40917578601577
H            2.05292743482084       -1.31456164199300        1.40633200011133
H            0.66153561404961       -1.30245345178125        3.46071835894881
H            0.28063277556201        0.41490771023522        3.25168503040966
H           -4.36312650688666       -2.14030023828498        2.58498733479635
H           -5.86959690205244       -2.75918658383320       -1.08925912464349
H           -7.05482073029735       -1.06600359666490        0.29112769030782
H           -7.90296578973839       -2.61475642474392        0.34575004550756
H           -6.90880020135629       -2.10213142694576        1.71247041703841
H           -6.57874533088851       -4.78824700897229        0.15652593565569
H           -5.59940547250054       -4.29872686768002        1.54146795825744
H           -4.81899112632089       -4.73123846971047        0.01781265849334
H           -1.67891162591973        1.39759204546371        0.81030484450872
H           -0.04198316750691        2.70560037113065       -0.47834737616347
H            0.72282857697742        1.90866965692282       -2.68616157130721
H           -0.16469815069677       -0.20019395535230       -3.60521320815865
H           -1.79749533267879       -1.52745112695896       -2.29441258742637
57
 energy: -78.515901276701 gnorm: 0.001188060506 xtb: 6.7.1 (edcfbbe)
C            6.42377798293939        1.58028335464939       -2.94160931650763
C            5.27228280195625        1.85617423838372       -2.01891425415355
C            5.20875482078978        3.27574161139104       -1.53924511024512
C            4.41197561189088        0.90124136432610       -1.68581005613621
C            3.23303033289042        1.02301445523632       -0.76975826275668
C            3.62332001561576        0.66923253140613        0.67812946857433
C            2.42456135846273        0.72516500524914        1.58401551258083
C            2.09639467830101        2.08592933663485        2.11920471308418
C            1.74564156329919       -0.38304391196811        1.86057211028605
C            0.52899142886390       -0.50344007050023        2.71888048190527
O           -0.57209822533511       -0.86129029612510        1.87232243191538
C           -1.79913941979600       -0.71694172236612        2.38650814164406
O           -2.02214247262955       -0.36083573523165        3.51738943634571
C           -2.82952618130643       -1.09547244256193        1.41035982876143
C           -3.98672007679673       -1.81830639169270        1.63441837390496
C           -4.52620307576599       -2.04887100448256        0.35703805915649
C           -5.77680670376028       -2.78461637203931        0.00146852073181
C           -6.98987537679566       -2.09621049409076        0.62967179509736
C           -5.68534803247032       -4.24172089690945        0.45915741160690
N           -3.75701230952817       -1.49903078897834       -0.56744413792822
N           -2.73452705281512       -0.92760429848142        0.06060828904577
C           -1.80019652198141       -0.16667348611811       -0.65598485610105
C           -1.32287948881160        1.03596658713050       -0.14718940017130
C           -0.41035288402356        1.77224908795236       -0.87854518032519
C            0.01398447756032        1.32752431083970       -2.12010252772012
C           -0.48351221349740        0.14199918482413       -2.63510064303672
C           -1.38999312712068       -0.60710856288796       -1.90831351171712
H            6.36987135365650        2.22757512246965       -3.81679170947751
H            6.42473523827648        0.54556890602992       -3.27385361123592
H            7.36867145920874        1.78527851196722       -2.43848381152577
H            5.12510588602522        3.95365597379716       -2.38889780527700
H            6.12769409583357        3.52646516652019       -1.00921330735658
H            4.37124875424713        3.44969765422482       -0.87194121572600
H            4.57460927552654       -0.09512624800816       -2.07677944831575
H            2.81855372301679        2.03104463345760       -0.79710774227101
H            2.44856215461468        0.33534753409709       -1.09217783932125
H            4.05483170408707       -0.33265755524812        0.68621110405889
H            4.38499966467111        1.37197711418855        1.02134372085839
H            2.69593977280985        2.28722109557752        3.00836552650632
H            2.33739141903280        2.84650653347608        1.37933439422363
H            1.04781637091540        2.18289840451999        2.38513108135428
H            2.05706105311544       -1.31729497267389        1.41413740267656
H            0.65901649778754       -1.29747075527151        3.46527495900430
H            0.28196349225063        0.41989923540891        3.24949678542118
H           -4.36077671204047       -2.14013060271362        2.58384787752449
H           -5.87162915012681       -2.75567724397318       -1.08837850479413
H           -7.05902116456395       -1.06482605140903        0.29208710293187
H           -7.90340779797581       -2.61545084510681        0.34926536312138
H           -6.90890282755526       -2.09949941289520        1.71419606846733
H           -6.57757749375260       -4.78588814945942        0.15803918559970
H           -5.59727687754488       -4.29527141242500        1.54183796753626
H           -4.81799110150809       -4.72684018573530        0.01743893791163
H           -1.67718020905020        1.39827964227718        0.80675508763313
H           -0.04021732534133        2.70567944069452       -0.48197363803849
H            0.72484813899830        1.90763703660720       -2.68897065816070
H           -0.16130378546673       -0.20286602281539       -3.60620243121861
H           -1.79401751927641       -1.52908714117141       -2.29559083742124
57
 energy: -78.515912276889 gnorm: 0.001056884861 xtb: 6.7.1 (edcfbbe)
C            6.41878985224201        1.58745326675502       -2.94390501501403
C            5.26744438765004        1.85680927228455       -2.01916381432154
C            5.19746163665110        3.27559506581652       -1.53839630032029
C            4.41255211253886        0.89729255334829       -1.68522959206148
C            3.23405161080055        1.01362635097644       -0.76800905566214
C            3.62748853900597        0.66553090084944        0.68037776457337
C            2.42829880118978        0.72302448871377        1.58541117209619
C            2.09749128535682        2.08464255220918        2.11755905009350
C            1.74894951291454       -0.38440020150677        1.86369214424457
C            0.53078889098322       -0.50078803909480        2.72031075172712
O           -0.56885120777563       -0.85929503616886        1.87202700134005
C           -1.79627224390726       -0.72003396196650        2.38652012258395
O           -2.02021098015895       -0.36877107403618        3.51884591110970
C           -2.82652073868550       -1.09684855120356        1.41014268082612
C           -3.98552995648985       -1.81681281585168        1.63440314508495
C           -4.52684394320080       -2.04480907767370        0.35753535349263
C           -5.77772601750396       -2.78023501859186        0.00201160847659
C           -6.99167121105207       -2.09358722367918        0.63036830877512
C           -5.68340996945607       -4.23731968025216        0.45894263626764
N           -3.75705363719626       -1.49653362711654       -0.56728643700190
N           -2.73251869100879       -0.92746168314176        0.06032621544168
C           -1.79738645111330       -0.16777373286649       -0.65687445756341
C           -1.32045616825388        1.03551589159096       -0.14937397599902
C           -0.40844738713411        1.77148527743858       -0.88144829069465
C            0.01565348927419        1.32555444314997       -2.12237314823830
C           -0.48094332623009        0.13915403545892       -2.63596287710772
C           -1.38716526579047       -0.60955594466669       -1.90851040517068
H            6.35473040653789        2.22803724428005       -3.82336485668489
H            6.42999686650788        0.55056184594673       -3.26918722845959
H            7.36302874758197        1.80652406711863       -2.44546549182972
H            5.12508128871583        3.95501662061611       -2.38776133966500
H            6.10931716005990        3.52522296042108       -0.99575796845807
H            4.35131654212953        3.44856604888189       -0.88171682688827
H            4.57919821300048       -0.09786552991001       -2.07740193413426
H            2.81354967051619        2.01912079370867       -0.79684417819824
H            2.45313315912557        0.32086810870067       -1.08809560131305
H            4.06080336243666       -0.33551656554993        0.69176888532030
H            4.38797301175796        1.37096491334834        1.02062850258032
H            2.67484170891116        2.27775448739987        3.02299401251540
H            2.36294258182737        2.84613325372723        1.38723402260072
H            1.04287818064593        2.18780455029113        2.35679381284391
H            2.06129926510459       -1.32012525015447        1.42109280813469
H            0.65773042936908       -1.29249294768132        3.46968914746187
H            0.28417853190332        0.42492444792368        3.24706126105856
H           -4.35954185742190       -2.13828509361677        2.58394156690263
H           -5.87263831189976       -2.75094148331420       -1.08777023937104
H           -7.06262718970580       -1.06262972128092        0.29177318169974
H           -7.90441753958985       -2.61454297870103        0.35053130912071
H           -6.91066537597732       -2.09587163766514        1.71487305332151
H           -6.57530472296498       -4.78297086043066        0.15963008759990
H           -5.59263163865180       -4.29133172753666        1.54140219487972
H           -4.81610804608331       -4.72057748598457        0.01502688710679
H           -1.67480921425970        1.39797341054209        0.80421703697136
H           -0.03760540503676        2.70499814630595       -0.48559369360289
H            0.72574355841627        1.90574185010550       -2.69219126574528
H           -0.15881772085738       -0.20612648354436       -3.60695900444805
H           -1.79053858574265       -1.53239341472475       -2.29436131576681
57
 energy: -78.515921026915 gnorm: 0.000882490755 xtb: 6.7.1 (edcfbbe)
C            6.41567843022696        1.59382579954312       -2.94480773373453
C            5.26296227321083        1.85789922541225       -2.02036157425382
C            5.18710991942278        3.27601845244026       -1.53867900578759
C            4.41260549311806        0.89450710906947       -1.68618693904888
C            3.23453971341791        1.00638657798514       -0.76793320811338
C            3.63020125541544        0.66250977522384        0.68079176575018
C            2.43141289558639        0.72080452273307        1.58608371524662
C            2.09787798296784        2.08317653993943        2.11530542088804
C            1.75181626080561       -0.38611311042140        1.86559767163764
C            0.53306227754273       -0.49955575269926        2.72160984219346
O           -0.56650200202638       -0.85978521932931        1.87367916603415
C           -1.79355433218189       -0.72320768844609        2.38890776815087
O           -2.01776836091957       -0.37469542323003        3.52207945267151
C           -2.82443961504919       -1.09803929398622        1.41247557660650
C           -3.98604982491425       -1.81398512985508        1.63628795401931
C           -4.52760718682962       -2.04010092352866        0.35926627328855
C           -5.77813791949068       -2.77533018725167        0.00189836047867
C           -6.99407507433852       -2.09081500127319        0.62852155468849
C           -5.68091213590212       -4.23255912145788        0.45766447243458
N           -3.75589983042911       -1.49433920994364       -0.56528242356592
N           -2.72949683506005       -0.92846956504385        0.06267049245848
C           -1.79361347225084       -0.17020495714522       -0.65508789538531
C           -1.31702450055732        1.03381138760311       -0.14907413745380
C           -0.40636596870994        1.76970201537859       -0.88280295574802
C            0.01614003609951        1.32287169512735       -2.12384152961625
C           -0.47955238576955        0.13532085116420       -2.63561529436785
C           -1.38411702928824       -0.61352306738680       -1.90636335000344
H            6.34449774392640        2.22849073984016       -3.82778097798798
H            6.43616799577131        0.55537581142576       -3.26425038575877
H            7.35821885491776        1.82467956119280       -2.44892967175160
H            5.12632371658021        3.95650811503091       -2.38794352059841
H            6.09161336881337        3.52461972487527       -0.98344109350863
H            4.33238073418637        3.44858181108659       -0.89312708021133
H            4.58377607941828       -0.10014308723926       -2.07754902028890
H            2.80946888864646        2.00988168450192       -0.79759188438917
H            2.45633113139890        0.30983183001564       -1.08614226047276
H            4.06522696887507       -0.33772013947797        0.69451834294537
H            4.38972710531837        1.37008982179373        1.01856328280756
H            2.65652643904266        2.27077360906714        3.03236539962189
H            2.38179088255773        2.84502139095222        1.39363758365350
H            1.03988603677965        2.19122163904206        2.33309246673788
H            2.06403159236127       -1.32259563623635        1.42467220256913
H            0.65909710682155       -1.28895121714288        3.47347773047343
H            0.28680746409059        0.42804291119476        3.24519001195243
H           -4.36126136976144       -2.13393629152165        2.58586438642454
H           -5.87150461705924       -2.74532531393981       -1.08799449910905
H           -7.06585677492818       -1.05984995872054        0.29004189650152
H           -7.90549900656808       -2.61288281775388        0.34647240484509
H           -6.91553009686895       -2.09340017529538        1.71317958292934
H           -6.57289005923417       -4.77957138626319        0.16118449782744
H           -5.58598564454158       -4.28704677303071        1.53976110989730
H           -4.81422966513352       -4.71392926526616        0.01037882800700
H           -1.67124787359217        1.39642560513454        0.80442981356183
H           -0.03571597355732        2.70402070028259       -0.48866393803099
H            0.72450467661829        1.90344302325147       -2.69546100126527
H           -0.15786731464706       -0.21030887345725       -3.60664250814575
H           -1.78707845432324       -1.53745734396585       -2.28998781617384
57
 energy: -78.515910137111 gnorm: 0.003833612782 xtb: 6.7.1 (edcfbbe)
C            6.40785350363752        1.60765042229514       -2.94833840674774
C            5.25393152466055        1.85966745947842       -2.02185147886193
C            5.16557277995899        3.27652562156341       -1.53834458904861
C            4.41352745208545        0.88778719098915       -1.68644466790724
C            3.23581475982238        0.98977115415275       -0.76658447568596
C            3.63627105534305        0.65536741313842        0.68315036273736
C            2.43741937613335        0.71621605002423        1.58771404905705
C            2.09893123843925        2.08004881549111        2.11142660259145
C            1.75681965850394       -0.38940716221444        1.86995725686829
C            0.53600908307562       -0.49555338977143        2.72387184821008
O           -0.56315081960443       -0.85463223412213        1.87438744764191
C           -1.78971087915080       -0.72618736914277        2.39174909186123
O           -2.01468938148697       -0.38652202713778        3.52771764327087
C           -2.82119018119619       -1.09763934894963        1.41445480733434
C           -3.98523976196707       -1.80982815880870        1.63789630104438
C           -4.52698759699488       -2.03405231053020        0.36068309112095
C           -5.77782092261228       -2.76816638697824        0.00194552029322
C           -6.99418412831465       -2.08487090833460        0.62890884717371
C           -5.67856854261320       -4.22598627961999        0.45534849449281
N           -3.75339525697863       -1.49074145267410       -0.56357073763965
N           -2.72516291186196       -0.92810144779803        0.06469561455664
C           -1.78827197023752       -0.17214182709001       -0.65410913004224
C           -1.31190655803673        1.03304534742407       -0.15076229509302
C           -0.40131152684439        1.76719055632654       -0.88632724315211
C            0.02040207279158        1.31747135457976       -2.12659536878159
C           -0.47520585341852        0.12871827738418       -2.63573817191463
C           -1.37906991911634       -0.61875503265660       -1.90436131814660
H            6.31885864273938        2.23004232873253       -3.83920851081899
H            6.44780249782367        0.56539634500049       -3.25509419860290
H            7.34836765936822        1.86442285714584       -2.45990182948517
H            5.12845938777190        3.95950609397683       -2.38745847865693
H            6.05532182039821        3.52298544633064       -0.95717610003333
H            4.29312855212281        3.44775739695794       -0.91527523295020
H            4.59326549611201       -0.10531321977584       -2.07795711736189
H            2.80019899899209        1.98885962436210       -0.79842415456129
H            2.46386554265619        0.28445272865210       -1.08118104087718
H            4.07447126995507       -0.34340650510124        0.70238684625117
H            4.39381506006777        1.36757103816417        1.01569011444598
H            2.61538919226433        2.25182403824143        3.05977225574023
H            2.43001158286640        2.84431659400147        1.40832484946472
H            1.02938235731205        2.20035016280025        2.27778764484868
H            2.06906927197906       -1.32808127981739        1.43383961110434
H            0.65703938602842       -1.28233475095708        3.47930181697030
H            0.29247952586879        0.43540547470112        3.24280084154130
H           -4.36127781817705       -2.12820639902600        2.58768421048340
H           -5.87085783154933       -2.73657575099379       -1.08796470510399
H           -7.06666571676764       -1.05397886227432        0.29024108187677
H           -7.90529036906304       -2.60752738254233        0.34680219653910
H           -6.91572538244634       -2.08722600565050        1.71360220811013
H           -6.57102814736700       -4.77353320683107        0.16139688407116
H           -5.57929633667627       -4.28188004634944        1.53699517232181
H           -4.81295424676651       -4.70570431191812        0.00409209736430
H           -1.66708499355453        1.39730894566550        0.80181261239321
H           -0.03072371662360        2.70274598438759       -0.49508173031356
H            0.72859523398797        1.89667227563786       -2.69987145921646
H           -0.15305674162336       -0.21877329690340       -3.60596364169581
H           -1.78224647171144       -1.54395064363662       -2.28472401655083
57
 energy: -78.515929157496 gnorm: 0.001123091246 xtb: 6.7.1 (edcfbbe)
C            6.41165857642863        1.60267077573886       -2.94630614452105
C            5.25769573009563        1.85926320635379       -2.02119088329701
C            5.17327110652089        3.27690711955197       -1.53941525429797
C            4.41349003514551        0.89061538540682       -1.68635779931954
C            3.23490931686687        0.99662610163937       -0.76813503633423
C            3.63316824077591        0.65800753533172        0.68115254485944
C            2.43417831074091        0.71778477157059        1.58577774583007
C            2.09794703779435        2.08080088089142        2.11233657889239
C            1.75408637660420       -0.38845270506129        1.86700982057534
C            0.53505564791791       -0.49777451609668        2.72307843080260
O           -0.56522769316451       -0.85705763703809        1.87528680854058
C           -1.79151451629780       -0.72431838444591        2.39232168261563
O           -2.01574446504403       -0.38075004637673        3.52713072504249
C           -2.82308999595038       -1.09699971177571        1.41534379495533
C           -3.98628768694502       -1.81064045093713        1.63840907524657
C           -4.52671210006544       -2.03644217009379        0.36081009948652
C           -5.77727470680115       -2.77068533959972        0.00150482985667
C           -6.99364733390119       -2.08667134163133        0.62769124149380
C           -5.67968862295397       -4.22850135034682        0.45534230707011
N           -3.75293772870209       -1.49281379977098       -0.56313659939563
N           -2.72609697281473       -0.92859664593194        0.06558832148651
C           -1.78970242708844       -0.17181449171003       -0.65283576126431
C           -1.31324108925318        1.03309007111520       -0.14887644687984
C           -0.40289715655470        1.76773974934466       -0.88433557632782
C            0.01891867781790        1.31871045230143       -2.12492895075861
C           -0.47681907452432        0.13021111124457       -2.63462387546402
C           -1.38066284045304       -0.61757624952874       -1.90352042781021
H            6.33034317817346        2.22969235032468       -3.83415228001163
H            6.44440339323257        0.56205397961162       -3.25793926744845
H            7.35236478321527        1.84935293987675       -2.45428558299507
H            5.12858330001678        3.95864334299438       -2.38874685116060
H            6.06757975085441        3.52422048767754       -0.96692535878774
H            4.30680011161431        3.44903546622466       -0.90934391605454
H            4.58982390984784       -0.10304634138212       -2.07790663774816
H            2.80375729315354        1.99754738911421       -0.79899027412134
H            2.46052026584592        0.29504577031388       -1.08477820001230
H            4.06999903814558       -0.34140978173265        0.69799039222564
H            4.39155552507540        1.36821365820673        1.01602784003496
H            2.63082992140194        2.25881555982395        3.04777968235941
H            2.41000738271497        2.84415492903214        1.40251255178666
H            1.03359543485690        2.19612842230448        2.29894861686297
H            2.06631813591060       -1.32625470022749        1.42893292968486
H            0.65887680118098       -1.28588432026108        3.47665755402865
H            0.29101773738752        0.43166704487284        3.24437404364166
H           -4.36285396145866       -2.12884678670974        2.58805625615427
H           -5.86963616867631       -2.73929311602981       -1.08848857293761
H           -7.06469128607458       -1.05538991795176        0.28997669326471
H           -7.90501142991660       -2.60813649373026        0.34420612515214
H           -6.91616276786189       -2.09009762012693        1.71245938600448
H           -6.57245747275618       -4.77506604412279        0.16049917324809
H           -5.58176846027377       -4.28424190444060        1.53709637986051
H           -4.81420705156084       -4.70937560209366        0.00514368218633
H           -1.66779376433575        1.39696829159662        0.80416286811868
H           -0.03226169744448        2.70297673354839       -0.49242653028473
H            0.72705933989875        1.89819693796407       -2.69793590317433
H           -0.15523136783798       -0.21671913529024       -3.60521206940671
H           -1.78419452051878       -1.54228385953444       -2.28468665902362
57
 energy: -78.515935118641 gnorm: 0.000600589739 xtb: 6.7.1 (edcfbbe)
C            6.41272807466241        1.60382329018426       -2.94533888362656
C            5.25736813357991        1.86030835746218       -2.02199019911512
C            5.17153422935642        3.27815942821851       -1.54106844169425
C            4.41351181511681        0.89132382281428       -1.68743193365610
C            3.23427645289245        0.99664246204619       -0.76999023508402
C            3.63183220811916        0.65729081650797        0.67929850316288
C            2.43305449569724        0.71692857938251        1.58420646653809
C            2.09681688915539        2.07968114817803        2.11132163091551
C            1.75333337486745       -0.38944028841517        1.86598874970783
C            0.53534852004510       -0.49876466462459        2.72359043083343
O           -0.56622710673595       -0.85748403324246        1.87726104177596
C           -1.79203566710871       -0.72320058114712        2.39501545117308
O           -2.01534812712269       -0.37875901705691        3.52962364679826
C           -2.82390182220069       -1.09554373594883        1.41791864586742
C           -3.98730657271032       -1.80917124239582        1.64011168256971
C           -4.52575168804409       -2.03648814107527        0.36184504200667
C           -5.77616514958950       -2.77012199818195        0.00091598641233
C           -6.99273211230148       -2.08575434976335        0.62630791075159
C           -5.68040659967680       -4.22836041955015        0.45390455934513
N           -3.75049037975950       -1.49382552254495       -0.56144931806456
N           -2.72485313627909       -0.92891227923069        0.06817126149660
C           -1.78847174095576       -0.17231679674828       -0.65030058891254
C           -1.31191077996072        1.03291533740865       -0.14723466218746
C           -0.40194598706347        1.76717426773827       -0.88367225167790
C            0.01995904791525        1.31717714718994       -2.12401858959664
C           -0.47580063845469        0.12819904888012       -2.63268483673474
C           -1.37962217417473       -0.61889935674347       -1.90085501888785
H            6.33218306265449        2.23002273615673       -3.83360844467241
H            6.44677744667520        0.56322455847135       -3.25627700046752
H            7.35233212706935        1.85153353537369       -2.45230221843340
H            5.13097326538899        3.95955644735331       -2.39072449715147
H            6.06319746364992        3.52526919181715       -0.96472472686563
H            4.30240888124594        3.45085499484027       -0.91515936847061
H            4.59114169640200       -0.10252832985138       -2.07795837868555
H            2.80289260416811        1.99742338290245       -0.80044910336948
H            2.46033376056367        0.29504000561246       -1.08750800725771
H            4.06846697867124       -0.34221890887113        0.69574484039280
H            4.39037636618428        1.36720190752909        1.01443020180603
H            2.62800511884999        2.25723366802326        3.04663573291966
H            2.40950800810983        2.84312840892521        1.40324588425583
H            1.03332422918245        2.19539641788608        2.29648128401587
H            2.06512069943573       -1.32723646684093        1.42760244984528
H            0.66010252092072       -1.28729553109305        3.47655788852867
H            0.29233576939531        0.43047168240306        3.24567643037197
H           -4.36532510566376       -2.12625802785209        2.58957064955622
H           -5.86732986067194       -2.73798435217140       -1.08918862127194
H           -7.06205893564858       -1.05379202735808        0.29035596464674
H           -7.90427061014864       -2.60567491446030        0.34052330726968
H           -6.91679721997305       -2.09115765293143        1.71118217703855
H           -6.57416282908686       -4.77325831581581        0.15894160419605
H           -5.58235220480211       -4.28480814342813        1.53559461752142
H           -4.81588203817499       -4.71043176325749        0.00317856720797
H           -1.66573917292758        1.39740838900537        0.80595217112002
H           -0.03114937549628        2.70260196054953       -0.49240007388263
H            0.72774106127909        1.89635533607607       -2.69771557530232
H           -0.15520354458973       -0.21910962348355       -3.60342845870139
H           -1.78374372192657       -1.54354984485316       -2.28154802374644
57
 energy: -78.515941174447 gnorm: 0.000762037634 xtb: 6.7.1 (edcfbbe)
C            6.41266720101525        1.60790602619841       -2.94476384517143
C            5.25538492312023        1.86217744440660       -2.02320468249840
C            5.16543631507392        3.28015479778640       -1.54334141276103
C            4.41376878137052        0.89122426379917       -1.68868815312063
C            3.23360806448671        0.99370246310353       -0.77213153423201
C            3.63100119450089        0.65472957700808        0.67729225455859
C            2.43261346045887        0.71463978470153        1.58261341995227
C            2.09528280158823        2.07744541384780        2.10918067177445
C            1.75331768613287       -0.39163169691933        1.86592425791112
C            0.53604819589570       -0.49945001922002        2.72483479994990
O           -0.56691700350962       -0.85672118274872        1.87975625801126
C           -1.79227589209747       -0.72169352319041        2.39853295134252
O           -2.01456528351198       -0.37754115494713        3.53334724467325
C           -2.82427756325023       -1.09336077368876        1.42117066736292
C           -3.98812436957721       -1.80672030176570        1.64228624425635
C           -4.52424532013647       -2.03584409569191        0.36330415527097
C           -5.77466348354365       -2.76846164163391        0.00043721028696
C           -6.99112451556638       -2.08343233487921        0.62528891864712
C           -5.68144364010889       -4.22739325210345        0.45179253957690
N           -3.74720490170156       -1.49441440999613       -0.55925384473172
N           -2.72272783686113       -0.92889942792508        0.07137642601584
C           -1.78596907367383       -0.17302180705560       -0.64726809236834
C           -1.30909839214302        1.03269384725457       -0.14570666270062
C           -0.39923062231239        1.76593986250838       -0.88337139957130
C            0.02244574771451        1.31447517285646       -2.12331740843960
C           -0.47359895070687        0.12492549718851       -2.63041661987617
C           -1.37736034941093       -0.62107467639585       -1.89743094519132
H            6.32998688985879        2.23076775973699       -3.83514721031366
H            6.45176199363295        0.56651768875289       -3.25232711217225
H            7.35061668047446        1.86156989836564       -2.45177628614768
H            5.13488411705902        3.96149336273048       -2.39345287479428
H            6.05084210010147        3.52658362903624       -0.95705319618725
H            4.28949005610019        3.45355331264936       -0.92717069462957
H            4.59458003743767       -0.10247168803333       -2.07820922911374
H            2.80004944833746        1.99352716036019       -0.80228654638447
H            2.46142791288579        0.29053374720614       -1.09040487298372
H            4.06769022267707       -0.34474574662507        0.69404091313912
H            4.38952361462038        1.36482397141310        1.01207253109513
H            2.61641450644975        2.25106596175039        3.05066483539145
H            2.41804935176975        2.84157478809933        1.40667072171897
H            1.03029875015198        2.19597437768601        2.28277469833789
H            2.06438446266851       -1.32984662325142        1.42800537873290
H            0.66070940683868       -1.28823695260400        3.47752836594825
H            0.29503864530016        0.43010471243596        3.24727416223776
H           -4.36796120319534       -2.12239699300314        2.59150683627061
H           -5.86454360749551       -2.73503218631993       -1.08975714103758
H           -7.05809098860628       -1.05053424198748        0.29173238117604
H           -7.90306582577105       -2.60109277721489        0.33671492611353
H           -6.91696528429782       -2.09158001090573        1.71026933705861
H           -6.57651559359028       -4.77000428735946        0.15650734850301
H           -5.58318101509034       -4.28520588195766        1.53338620510753
H           -4.81815835582217       -4.71085709681488        0.00020233734802
H           -1.66260732086840        1.39865711026315        0.80711776209471
H           -0.02862489000245        2.70203427106619       -0.49351194576898
H            0.73024032989954        1.89280164187229       -2.69782318311824
H           -0.15319834795042       -0.22388612491607       -3.60067877655301
H           -1.78182326681419       -1.54604663493012       -2.27698576746589
57
 energy: -78.515948275521 gnorm: 0.001343093763 xtb: 6.7.1 (edcfbbe)
C            6.41091768432574        1.62005547099169       -2.94399258430190
C            5.24899847610325        1.86727444042229       -2.02625031318671
C            5.14731715047739        3.28536132879847       -1.54882351224500
C            4.41446330356835        0.89021286006180       -1.69140940327614
C            3.23225467716024        0.98407049840541       -0.77660947331930
C            3.63014483890409        0.64683103480089        0.67310065561115
C            2.43234084014799        0.70794122550575        1.57884919243658
C            2.09163512948184        2.07111967975732        2.10325248762532
C            1.75431407306793       -0.39790730542371        1.86703219386281
C            0.53822278342386       -0.50073879434664        2.72852219372602
O           -0.56721536344520       -0.85477292660322        1.88557022490801
C           -1.79194378093646       -0.71869749689656        2.40622137986480
O           -2.01222409154215       -0.37568412011114        3.54164635885640
C           -2.82393193009259       -1.08868849268985        1.42820159178107
C           -3.98924418870310       -1.80061694295207        1.64712253484348
C           -4.52090194294138       -2.03304876761640        0.36682379322866
C           -5.77161923708225       -2.76306127047287       -0.00016965929183
C           -6.98789932629748       -2.07694662757392        0.62378718755443
C           -5.68360185902894       -4.22357746986264        0.44716955476540
N           -3.73985012972090       -1.49486165579668       -0.55434087597910
N           -2.71729748297240       -0.92861573372592        0.07825603596798
C           -1.77913438693840       -0.17498173757778       -0.64089044086455
C           -1.30183825792178        1.03213560049643       -0.14320719963927
C           -0.39216444042988        1.76293391307960       -0.88369322590878
C            0.02944087111185        1.30755407680570       -2.12228928737548
C           -0.46658385266845        0.11622718935365       -2.62523583306349
C           -1.37043973900335       -0.62704220679901       -1.88964060429070
H            6.32023607942674        2.23275610227710       -3.84090976919603
H            6.46507115345525        0.57604025179286       -3.24111268834724
H            7.34477269119140        1.89220780426426       -2.45251099711093
H            5.14505187152993        3.96697155290709       -2.39977423123759
H            6.01497748954209        3.52971910669297       -0.93432106405173
H            4.25222420668654        3.46053641425904       -0.95998893679348
H            4.60430539232701       -0.10274222423221       -2.07877932161559
H            2.79187157742855        1.98096823534267       -0.80602241671039
H            2.46523641825151        0.27589141841637       -1.09637270348136
H            4.06704857973927       -0.35253404194640        0.69108980959716
H            4.38852997563577        1.35771862403788        1.00657421668059
H            2.58126545902063        2.23270650085996        3.06504107297602
H            2.44652533640983        2.83735798801519        1.41731867602878
H            1.02101973896609        2.19836860421431        2.24046785246547
H            2.06449023362333       -1.33788538915734        1.43235898353665
H            0.66145327784624       -1.28927552737018        3.48172644076436
H            0.30204722514766        0.43043596735142        3.25036468105074
H           -4.37307797274509       -2.11317221336412        2.59580758815297
H           -5.85884397792931       -2.72649775687934       -1.09051920125369
H           -7.04958413456121       -1.04183958896891        0.29601452416257
H           -7.90069184908130       -2.58942836569090        0.32864592008556
H           -6.91789949231531       -2.09175203815821        1.70899621082605
H           -6.58137650177611       -4.76135863305546        0.15108493476463
H           -5.58473713488994       -4.28485714575268        1.52852568599221
H           -4.82293296222508       -4.70963143152870       -0.00658942611273
H           -1.65466853201382        1.40153255885182        0.80862292479482
H           -0.02161675394208        2.70041899481001       -0.49704954676653
H            0.73707528935934        1.88400515728667       -2.69882991766649
H           -0.14660332334024       -0.23617000578450       -3.59432760282593
H           -1.77532917881067       -1.55296668952079       -2.26640734846763
57
 energy: -78.515951488245 gnorm: 0.000355489731 xtb: 6.7.1 (edcfbbe)
C            6.41203790343221        1.61894098142951       -2.94322482105368
C            5.24985846595082        1.86762092676753       -2.02623532931073
C            5.14918084188511        3.28598454691239       -1.54967165329705
C            4.41447693723159        0.89136826052678       -1.69124517808174
C            3.23210095304731        0.98626047853397       -0.77683995391052
C            3.62916214917639        0.64695456848094        0.67261829371305
C            2.43153935616585        0.70764851594400        1.57868034012746
C            2.09074621779881        2.07086552327034        2.10292658442682
C            1.75398449917179       -0.39838433321407        1.86707002037659
C            0.53794376334494       -0.50194914970317        2.72858594670694
O           -0.56736798678310       -0.85604158224032        1.88564013343099
C           -1.79235242544242       -0.71802552813334        2.40549751442081
O           -2.01277577974933       -0.37283064311738        3.54027136972284
C           -2.82403582103195       -1.08888274895294        1.42769085303845
C           -3.98904139074882       -1.80118543823326        1.64683866533264
C           -4.52101492909354       -2.03371140646540        0.36674867150482
C           -5.77189668884266       -2.76367323174154        0.00017185605664
C           -6.98784540789196       -2.07706035472508        0.62428868279935
C           -5.68424131449379       -4.22412593356880        0.44760100648301
N           -3.74048529176438       -1.49520073612790       -0.55463959522355
N           -2.71784789744324       -0.92860737130738        0.07770622905381
C           -1.77947912426431       -0.17491921929182       -0.64119569601136
C           -1.30219707466426        1.03200276918639       -0.14304942122042
C           -0.39225766922239        1.76296236899104       -0.88297570841017
C            0.02944145699036        1.30809160999327       -2.12163119185821
C           -0.46645498988738        0.11695698343157       -2.62503418172950
C           -1.37044337660171       -0.62659754224681       -1.88989644961894
H            6.32385802278199        2.23277968960992       -3.83951944666888
H            6.46410972602083        0.57527180351788       -3.24133215730080
H            7.34592916087065        1.88829254135507       -2.45052658559179
H            5.14476765221173        3.96708492658746       -2.40023718726960
H            6.01759330884989        3.53087986600241       -0.93794265515066
H            4.25627004663046        3.46159312921367       -0.95915022664935
H            4.60367583386879       -0.10176024650038       -2.07832640985972
H            2.79337021135463        1.98385921192317       -0.80557241789826
H            2.46416044468587        0.27953005136414       -1.09754009604241
H            4.06529401653295       -0.35277022221921        0.68941849660009
H            4.38803121901894        1.35681109571277        1.00720637158328
H            2.58458592269829        2.23429347474549        3.06146347471662
H            2.44076726558134        2.83657649650295        1.41477530735728
H            1.02116823326409        2.19671352932914        2.24534341551510
H            2.06423813566525       -1.33814028604319        1.43200817801679
H            0.66160326446938       -1.29078710982450        3.48142295667283
H            0.30143584167256        0.42887079396353        3.25090263646881
H           -4.37260346196562       -2.11406819782321        2.59550043421593
H           -5.85931573862711       -2.72722872476253       -1.09013737345507
H           -7.04878575300480       -1.04177929262700        0.29700588277961
H           -7.90090340774789       -2.58876284526707        0.32875854778919
H           -6.91810976726536       -2.09245381023370        1.70947911513941
H           -6.58169251127665       -4.76194502496476        0.15065041267572
H           -5.58646828921112       -4.28548583649067        1.52905338240534
H           -4.82310637149553       -4.71011881734796       -0.00530518361661
H           -1.65542882693791        1.40128554834245        0.80860062948463
H           -0.02197140446734        2.70042046192621       -0.49602252736226
H            0.73727418106678        1.88472778752863       -2.69776750265157
H           -0.14568024154832       -0.23552236735338       -3.59384767011816
H           -1.77480208996184       -1.55262994056538       -2.26693146672271
57
 energy: -78.515955213849 gnorm: 0.000367936782 xtb: 6.7.1 (edcfbbe)
C            6.41238151572326        1.62224047012355       -2.94205454613171
C            5.24850724256842        1.86982916104503       -2.02692186179407
C            5.14424129325505        3.28861126119158       -1.55242102601581
C            4.41488347612886        0.89217878614209       -1.69162176885495
C            3.23178105002190        0.98516658361326       -0.77804923942656
C            3.62837328250664        0.64394995721188        0.67108694292048
C            2.43091093804789        0.70469079315756        1.57727084043548
C            2.08856027394572        2.06815106616577        2.10016850252653
C            1.75461460865136       -0.40147295402226        1.86799901586955
C            0.53872520185179       -0.50391612299903        2.72997179428142
O           -0.56674918863372       -0.85780750153228        1.88734663798455
C           -1.79194890501323       -0.71710672373518        2.40635152610067
O           -2.01234370868968       -0.36929040805487        3.54033167430418
C           -2.82333672473399       -1.08844100743603        1.42863932457477
C           -3.98881113929833       -1.79998538805861        1.64772180978966
C           -4.52059857842223       -2.03270024740005        0.36764707621429
C           -5.77189638502775       -2.76178862919538        0.00066314150439
C           -6.98756760734564       -2.07473449170651        0.62484611468286
C           -5.68523047560262       -4.22252870479716        0.44714320810975
N           -3.73954828924752       -1.49505134765645       -0.55378826923431
N           -2.71672967932681       -0.92866228642400        0.07859336666296
C           -1.77749959273827       -0.17582754430665       -0.64017027710106
C           -1.30046075599199        1.03141906135762       -0.14260381664701
C           -0.39034124023395        1.76202713449323       -0.88258499188659
C            0.03181114994406        1.30645809664199       -2.12074261697773
C           -0.46338655209959        0.11475808449056       -2.62337632344708
C           -1.36762397673703       -0.62842890203249       -1.88817738434258
H            6.32369495656178        2.23356166909626       -3.84003158350289
H            6.46776734166902        0.57799423868161       -3.23742877462391
H            7.34488015459003        1.89547808418982       -2.44884544202366
H            5.14873345342628        3.96909947168200       -2.40342273680496
H            6.00674861420916        3.53310645408508       -0.93219503736921
H            4.24554160096177        3.46517377796476       -0.97087837351156
H            4.60658921481607       -0.10087303484320       -2.07761757624938
H            2.79261034725889        1.98258854016763       -0.80547368857567
H            2.46441522617573        0.27844877824770       -1.10018389018756
H            4.06366624482606       -0.35616009796529        0.68690073809668
H            4.38778336647573        1.35285389984314        1.00653205392857
H            2.57526392303552        2.22989318318333        3.06236510844089
H            2.44453541236020        2.83391826823489        1.41555606026210
H            1.01829201346194        2.19528174828812        2.23506012107543
H            2.06536339445937       -1.34182774862905        1.43460555492702
H            0.66206932984806       -1.29239632462281        3.48326069224710
H            0.30295279194814        0.42743680451385        3.25170392497715
H           -4.37293334389543       -2.11240356207478        2.59629613902541
H           -5.85902457568880       -2.72466479570514       -1.08962515380994
H           -7.04646427707140       -1.03864464293565        0.29979561884077
H           -7.90102700584976       -2.58432177475369        0.32699315887718
H           -6.91931653277670       -2.09271601957336        1.71007636694236
H           -6.58268032794529       -4.75973801977597        0.14914233895678
H           -5.58829323274329       -4.28478801365387        1.52862446581388
H           -4.82397110913704       -4.70854206036431       -0.00548053520834
H           -1.65419719781598        1.40129358644913        0.80855231255231
H           -0.02032944666461        2.69981173448169       -0.49612647367339
H            0.73961466792021        1.88297961028173       -2.69704776366488
H           -0.14173409021272       -0.23859484286820       -3.59159073948845
H           -1.77126814770083       -1.55498710790181       -2.26465841784079
57
 energy: -78.515962054443 gnorm: 0.001178447548 xtb: 6.7.1 (edcfbbe)
C            6.41227681765203        1.63419972443002       -2.93898203797144
C            5.24284126430477        1.87705602859980       -2.02966714538846
C            5.12642561298866        3.29684972700959       -1.56082945433272
C            4.41638663574348        0.89388749504623       -1.69242159489638
C            3.23162997777426        0.97985395201910       -0.78057838211092
C            3.62740202479325        0.63344467503209        0.66753457125632
C            2.43028345185232        0.69454160651340        1.57379551754481
C            2.08175593309824        2.05903383622570        2.09090353870899
C            1.75783426527797       -0.41198583171854        1.87185518799335
C            0.54170442872181       -0.51008532123967        2.73417079115822
O           -0.56397361550182       -0.86364438613465        1.89189478755112
C           -1.78964133779317       -0.71499659589577        2.40800635687079
O           -2.01049915859089       -0.35940344488549        3.53949534946728
C           -2.82053225000456       -1.08758819323391        1.43054204405513
C           -3.98771714252195       -1.79616141138613        1.64984755217885
C           -4.51972839533632       -2.02851822010566        0.36986181892677
C           -5.77255825970657       -2.75479952369126        0.00234609693620
C           -6.98711880119875       -2.06672088495804        0.62755019595090
C           -5.68786960590301       -4.21632784855333        0.44634566417128
N           -3.73719532692871       -1.49361721771179       -0.55187849798427
N           -2.71320811856345       -0.92890690904234        0.08040725476731
C           -1.77136783134889       -0.17883752945502       -0.63798461489856
C           -1.29564302222148        1.02965295681361       -0.14216018775066
C           -0.38476633091641        1.75922098532325       -0.88210385399525
C            0.03989014240431        1.30090988844915       -2.11830001775401
C           -0.45265969665518        0.10718141052114       -2.61856449442901
C           -1.35812990810717       -0.63472489946945       -1.88355280166212
H            6.31980368111455        2.23629256464978       -3.84286129850611
H            6.48038954528484        0.58784841499781       -3.22462688379271
H            7.34008410556987        1.92251686909794       -2.44512764854191
H            5.16121235225094        3.97596987584362       -2.41264156426880
H            5.96855575106291        3.54020927583752       -0.91157051264049
H            4.20852533785718        3.47661979427695       -1.00966499434720
H            4.61733294276928       -0.09914129798477       -2.07395158882078
H            2.79000235194909        1.97626891377797       -0.80381179184329
H            2.46644882456831        0.27249937864321       -1.10663028426933
H            4.06036749625518       -0.36770651775745        0.68054461776582
H            4.38832603626463        1.33982059548236        1.00502895313544
H            2.54082434996636        2.21466419257953        3.06820087154257
H            2.46184052687391        2.82512022721551        1.41928858944825
H            1.00789043239405        2.19134142204769        2.19541643989701
H            2.07065536947334       -1.35443375062101        1.44461977079650
H            0.66310076960896       -1.29692588306670        3.48946748833297
H            0.30804576517890        0.42335169402151        3.25318619796986
H           -4.37299211615948       -2.10720345160821        2.59838574224513
H           -5.85964268860018       -2.71577508664958       -1.08785927540288
H           -7.04070074347925       -1.02834042050011        0.30883865076090
H           -7.90185351519338       -2.57054432911007        0.32382757730589
H           -6.92218121454787       -2.09191038094738        1.71285820639821
H           -6.58494386748835       -4.75250914157590        0.14544359804455
H           -5.59318809356078       -4.28076729063152        1.52791734042858
H           -4.82588300384905       -4.70188695097741       -0.00539308510166
H           -1.65136391702943        1.40102360769444        0.80757803959229
H           -0.01568545193383        2.69802886742041       -0.49715492482320
H            0.74768679907855        1.87703990000421       -2.69503246835376
H           -0.12851067421600       -0.24831328745103       -3.58517010539244
H           -1.75996890477192       -1.56267187320938       -2.25851197939180
57
 energy: -78.515964904619 gnorm: 0.000569208408 xtb: 6.7.1 (edcfbbe)
C            6.41279095781904        1.63473752910237       -2.93833872099656
C            5.24327858606856        1.87790855277455       -2.02926726477450
C            5.12615702992525        3.29811499228088       -1.56196142997115
C            4.41740751702923        0.89470351355628       -1.69090955860790
C            3.23261642542193        0.98113757135945       -0.77928218493633
C            3.62795363712638        0.63222554590884        0.66833462804106
C            2.43030736411716        0.69301595252636        1.57379430289531
C            2.08047909094144        2.05761500593335        2.08948424158556
C            1.75883680617058       -0.41390484862319        1.87254727015386
C            0.54217218449282       -0.51225390077615        2.73396172748283
O           -0.56287815971338       -0.86675746588007        1.89097884941768
C           -1.78865617301487       -0.71545283503074        2.40548738859090
O           -2.01039050248499       -0.35663437888903        3.53579430266592
C           -2.81977319310175       -1.08887993129038        1.42832374156129
C           -3.98702648132567       -1.79688851796676        1.64857804830635
C           -4.52072241909596       -2.02788144418566        0.36899167164353
C           -5.77411572430318       -2.75401450136527        0.00316856679586
C           -6.98801975287740       -2.06589782877788        0.62959304520202
C           -5.68829082871064       -4.21524081633762        0.44805833743027
N           -3.73905043638671       -1.49276185744220       -0.55332699759096
N           -2.71398148527339       -0.92919895505253        0.07824298073074
C           -1.77190318057041       -0.17919428548205       -0.63984475441184
C           -1.29697526636930        1.02930203371313       -0.14319531947944
C           -0.38559651135441        1.75935457654964       -0.88203066954174
C            0.04044498710870        1.30129300247337       -2.11789233918978
C           -0.45122578604148        0.10749614209121       -2.61891523612478
C           -1.35730051384407       -0.63485379609514       -1.88504843537334
H            6.32097774482738        2.23696340537381       -3.84213534672637
H            6.48048132790874        0.58850299313969       -3.22402697679008
H            7.34042939351903        1.92250680543015       -2.44410789383054
H            5.16203009954473        3.97651333371477       -2.41382246539642
H            5.96694559670506        3.54198374358232       -0.91202490576057
H            4.20790007440968        3.47825349059849       -1.01249066224245
H            4.61854854644291       -0.09859842940265       -2.07147002227474
H            2.79240569003769        1.97820359532610       -0.80123677551514
H            2.46644934522938        0.27522364890812       -1.10626664450060
H            4.06012751834732       -0.36929422628360        0.68004292600245
H            4.38929915695022        1.33754902283837        1.00712223236265
H            2.53989707652877        2.21548458855091        3.06565053669789
H            2.45853531478353        2.82333988313246        1.41698225132934
H            1.00719871640975        2.18842319678405        2.19475276583115
H            2.07324248111436       -1.35652922396539        1.44687337668963
H            0.66317879850388       -1.29867310770399        3.48971742065393
H            0.30752764533174        0.42132457886373        3.25223629593171
H           -4.37112617851855       -2.10853015107823        2.59739148204080
H           -5.86264582237757       -2.71558641392003       -1.08694268203684
H           -7.04219445726360       -1.02768002977869        0.31062063476989
H           -7.90302509976669       -2.56994204350558        0.32721504853630
H           -6.92177615464574       -2.09062508408819        1.71479241803525
H           -6.58432124683514       -4.75283355697044        0.14658242627101
H           -5.59458302024732       -4.27879855894375        1.52976203680974
H           -4.82513991602248       -4.69991324799164       -0.00246775065199
H           -1.65389447194263        1.39999451682338        0.80641440219592
H           -0.01712103600007        2.69817437102106       -0.49657093197626
H            0.74866463393884        1.87770831171139       -2.69382037877001
H           -0.12590781094592       -0.24747280069811       -3.58531539641089
H           -1.75864211771673       -1.56276166654112       -2.26065629024846
57
 energy: -78.515966917196 gnorm: 0.000401414913 xtb: 6.7.1 (edcfbbe)
C            6.41285894714744        1.63909594088153       -2.93766751898887
C            5.24209228022695        1.88024189487685       -2.02963506966571
C            5.12059096545290        3.30093574726245       -1.56480409468740
C            4.41925874247119        0.89503751142266       -1.68962909618667
C            3.23387043586455        0.97940499827426       -0.77870430589573
C            3.62877269452690        0.62866937704084        0.66858776746806
C            2.43088097617342        0.68925037683875        1.57354692155310
C            2.07784295952019        2.05415948022705        2.08635971991755
C            1.76049858085403       -0.41796351611470        1.87374001731633
C            0.54328386532234       -0.51522622508215        2.73444523418057
O           -0.56205333365354       -0.86924970286344        1.89120696074573
C           -1.78756503746188       -0.71488158727290        2.40479723498231
O           -2.00964954642844       -0.35346839725012        3.53423980799296
C           -2.81911746099953       -1.08866021979915        1.42784739073104
C           -3.98678132292437       -1.79576746258700        1.64845303311213
C           -4.52087707625183       -2.02645279576934        0.36890853527859
C           -5.77497502553173       -2.75173323553908        0.00391978892266
C           -6.98789722907245       -2.06304191101432        0.63161664499128
C           -5.68943098638181       -4.21306214169346        0.44871474221968
N           -3.73894944583753       -1.49209520532098       -0.55361508129301
N           -2.71331049864747       -0.92945963684187        0.07777458364195
C           -1.77073928740263       -0.18001776202637       -0.64017645157569
C           -1.29647898718088        1.02881843775436       -0.14368759058916
C           -0.38451811619893        1.75862081203088       -0.88211188741700
C            0.04287933368984        1.29977168720729       -2.11728295175506
C           -0.44812686052980        0.10558127536374       -2.61810154446631
C           -1.35483372562101       -0.63647040829325       -1.88470275123666
H            6.31898750529075        2.23838312969407       -3.84329182808224
H            6.48472711027299        0.59227319253383       -3.22033093361493
H            7.33915276912437        1.93192906110072       -2.44379306243852
H            5.16569947920022        3.97872664007854       -2.41664398275203
H            5.95458263221451        3.54490434304591       -0.90619281504268
H            4.19676604293893        3.48204360481748       -1.02508395502543
H            4.62323439316510       -0.09831425540359       -2.06855478977908
H            2.79316279500931        1.97624394201268       -0.79922687803012
H            2.46820931070148        0.27354340804085       -1.10709125568448
H            4.06041956676815       -0.37308735339992        0.67940462919320
H            4.39033739200724        1.33331123007596        1.00832262742192
H            2.52804187311802        2.21120145342960        3.06721862240013
H            2.46340751962080        2.81969050963996        1.41752690992528
H            1.00334049918346        2.18602471275739        2.18089019225897
H            2.07600257950417       -1.36098299875861        1.44990228808157
H            0.66323565323104       -1.30149480408408        3.49046207560816
H            0.30908982142248        0.41876736813953        3.25211451576573
H           -4.37081488414061       -2.10693280666026        2.59746036579275
H           -5.86450006763196       -2.71320345521620       -1.08612149470708
H           -7.04161227451069       -1.02461610575658        0.31320883611525
H           -7.90355372751934       -2.56629867416472        0.32979165976131
H           -6.92070216407995       -2.08826051616077        1.71676994888988
H           -6.58526787837095       -4.75070765142579        0.14674517270905
H           -5.59628288412486       -4.27655082213295        1.53047040382038
H           -4.82599395764128       -4.69768214669297       -0.00134109293127
H           -1.65470015571313        1.39986239246542        0.80540633183459
H           -0.01703438015605        2.69805788210625       -0.49722937909604
H            0.75171467374159        1.87580675577770       -2.69283410300201
H           -0.12139054325684       -0.25002011212246       -3.58379681591239
H           -1.75578454049105       -1.56465525544694       -2.26007491024540
57
 energy: -78.515968836789 gnorm: 0.000541238199 xtb: 6.7.1 (edcfbbe)
C            6.41349613325610        1.64315278366570       -2.93724855572399
C            5.24152373087375        1.88255743379864       -2.03030629080269
C            5.11613865886308        3.30359233364257       -1.56742910330696
C            4.42172442055397        0.89548005658897       -1.68843110016714
C            3.23604501293810        0.97776510924951       -0.77774299518277
C            3.63004198107127        0.62583025285433        0.66951113432151
C            2.43137647705717        0.68580458338972        1.57338123193940
C            2.07519480892874        2.05079637138091        2.08390131330010
C            1.76178242266794       -0.42183411031868        1.87397390901897
C            0.54419041972251       -0.51856331258587        2.73410526974769
O           -0.56181535950106       -0.87141404972588        1.89073589634870
C           -1.78680070173137       -0.71433405813186        2.40406456607070
O           -2.00876321529519       -0.35096107443507        3.53289527573134
C           -2.81910108073276       -1.08790503013953        1.42738145887696
C           -3.98708393476854       -1.79430647626272        1.64821241888332
C           -4.52107289044513       -2.02544379459464        0.36862052021175
C           -5.77583310883621       -2.74999744285708        0.00466419527701
C           -6.98755982663570       -2.06048819706550        0.63376470243139
C           -5.69093336985904       -4.21136678515048        0.44970569710947
N           -3.73868402821128       -1.49198159594088       -0.55403623750523
N           -2.71287514598071       -0.92977602551523        0.07728887877027
C           -1.77019917074794       -0.18051012983138       -0.64062107222266
C           -1.29647200579591        1.02862527064791       -0.14434246043126
C           -0.38407129954423        1.75820750221612       -0.88251439781175
C            0.04468918886366        1.29858030590726       -2.11699319691588
C           -0.44592436713263        0.10410869430347       -2.61764314261741
C           -1.35335408320449       -0.63750681513699       -1.88469898005110
H            6.31748606559526        2.23986002094000       -3.84432348417105
H            6.48919935104029        0.59590456194569       -3.21742699777327
H            7.33860869415445        1.94060034507629       -2.44394319549449
H            5.16964533072103        3.98077435759324       -2.41929338567813
H            5.94381120721995        3.54789384543443       -0.90078386167666
H            4.18711766012929        3.48536621781052       -1.03677452939427
H            4.62913116635221       -0.09824718731769       -2.06473347854663
H            2.79451853354452        1.97423797785835       -0.79725236262275
H            2.47110512010884        0.27163259078084       -1.10728569046199
H            4.06171572465786       -0.37591715961114        0.67994806047547
H            4.39130325249322        1.33031671964292        1.01027859086172
H            2.51749796813306        2.20746447560943        3.06852884477231
H            2.46655451807256        2.81640419996198        1.41828922138184
H            0.99998601405757        2.18289047301342        2.16935197376488
H            2.07862845665610       -1.36507102215288        1.45167584710121
H            0.66323966737058       -1.30533720169235        3.48966851458110
H            0.31062715517180        0.41541565084267        3.25201308573866
H           -4.37133154054619       -2.10466005593630        2.59740599137948
H           -5.86654412535941       -2.71160225955108       -1.08529856059102
H           -7.04184292557156       -1.02235750875183        0.31442817749037
H           -7.90384516019347       -2.56405080336008        0.33424851630877
H           -6.91821964799297       -2.08454897805278        1.71884290242422
H           -6.58712415369675       -4.74856426389843        0.14796497751109
H           -5.59771124704952       -4.27456000175376        1.53147120412517
H           -4.82783504325245       -4.69659053281150       -0.00033212261965
H           -1.65553071034014        1.40003755924833        0.80439399233655
H           -0.01736470104178        2.69811495050495       -0.49807231004187
H            0.75420925772330        1.87415082511614       -2.69213476780359
H           -0.11837300450208       -0.25197763062441       -3.58286136748658
H           -1.75432255002601       -1.56569196581527       -2.26006539865949
57
 energy: -78.515970513179 gnorm: 0.000717784049 xtb: 6.7.1 (edcfbbe)
C            6.41436289588145        1.64628881555061       -2.93724911138210
C            5.24223370222870        1.88400784030336       -2.03005620082723
C            5.11343839865832        3.30546663384645       -1.56923776709115
C            4.42503964401309        0.89537804802865       -1.68637064380299
C            3.23859303411259        0.97613767467820       -0.77658380995078
C            3.63167559368844        0.62441987251901        0.67096310620805
C            2.43197779342984        0.68346516799303        1.57350327776668
C            2.07321617967679        2.04825598320972        2.08286315176985
C            1.76272823708621       -0.42461937620395        1.87338176411438
C            0.54482922596837       -0.52146611373263        2.73301321248335
O           -0.56192540811737       -0.87262959511328        1.88959910314331
C           -1.78638018290844       -0.71409796270958        2.40339293587428
O           -2.00768613487377       -0.35050704133920        3.53225974138703
C           -2.81949449870975       -1.08693467740581        1.42706096837366
C           -3.98776959603380       -1.79275027845039        1.64808379536140
C           -4.52148018915240       -2.02466102818168        0.36845478662956
C           -5.77664521168739       -2.74889300071667        0.00537209777953
C           -6.98756433432351       -2.05880637649644        0.63536018365890
C           -5.69219535702955       -4.21019704630640        0.45087436951921
N           -3.73855224318152       -1.49220314364778       -0.55435089173400
N           -2.71271545253207       -0.93009191362194        0.07690446474375
C           -1.77022978796480       -0.18075005788100       -0.64112255804986
C           -1.29662779318613        1.02850326628712       -0.14501960506407
C           -0.38411837118781        1.75797172808821       -0.88323896129351
C            0.04515721744707        1.29799092681955       -2.11743878389292
C           -0.44551591240795        0.10346697007731       -2.61799170349811
C           -1.35323625595941       -0.63788390909897       -1.88514361350024
H            6.31599882878197        2.24093328412687       -3.84544015630651
H            6.49300220695438        0.59873099563227       -3.21549664364461
H            7.33882900282299        1.94744816256023       -2.44508464603009
H            5.17235288362618        3.98209240213817       -2.42114908285459
H            5.93668903805696        3.55034565738339       -0.89740628179828
H            4.18104717379280        3.48749808121329       -1.04471538415105
H            4.63456070499809       -0.09827729514658       -2.06158981107813
H            2.79594525323238        1.97210254923156       -0.79609618858049
H            2.47470899273229        0.26918357234160       -1.10688185759515
H            4.06421679396995       -0.37694334012927        0.68188701883648
H            4.39195331992749        1.32958823567604        1.01251906088706
H            2.51000012924086        2.20471315395885        3.06992493328439
H            2.46816833781268        2.81415908666360        1.41971057182409
H            0.99757057314984        2.18018885200100        2.16197652917490
H            2.08057509366458       -1.36773675687534        1.45161991903073
H            0.66326821537678       -1.30920682271553        3.48762568640776
H            0.31195142052959        0.41211301840116        3.25190677823680
H           -4.37245686738770       -2.10211025516855        2.59743371840848
H           -5.86824349054582       -2.71085459565437       -1.08453444324145
H           -7.04360114687082       -1.02155350723676        0.31347106803856
H           -7.90406907589919       -2.56406604891182        0.33933654906591
H           -6.91563384650424       -2.07995186687238        1.72034482135567
H           -6.58921896307403       -4.74677134156266        0.15048271804184
H           -5.59770632713730       -4.27294804743389        1.53255219307317
H           -4.83007828686252       -4.69633315259095       -0.00003780113613
H           -1.65579747757379        1.40017768458364        0.80363141535388
H           -0.01781287404434        2.69814984738927       -0.49907238879385
H            0.75497017687131        1.87330777567592       -2.69244231390882
H           -0.11789626586549       -0.25287169187464       -3.58307684141845
H           -1.75440871670756       -1.56596904329627       -2.26055512667699
57
 energy: -78.515972104266 gnorm: 0.000575062502 xtb: 6.7.1 (edcfbbe)
C            6.41571575467695        1.64948814755355       -2.93693834017517
C            5.24291087840890        1.88574800879346       -2.03025292505936
C            5.11078325362160        3.30745323461736       -1.57118732919566
C            4.42833515175947        0.89553910726069       -1.68493387734367
C            3.24132515868565        0.97443200711685       -0.77574769346543
C            3.63322723116139        0.62336267771029        0.67228693308787
C            2.43233085014753        0.68116570484785        1.57334991990675
C            2.07111686104893        2.04555106817304        2.08219987668273
C            1.76366965972553       -0.42746037771896        1.87259742641937
C            0.54550423426914       -0.52469021442563        2.73186559670341
O           -0.56174753848881       -0.87376443829260        1.88829507860049
C           -1.78596681604723       -0.71413671776433        2.40265174810874
O           -2.00631299670725       -0.35060087920324        3.53173684819505
C           -2.81970500495030       -1.08596775707819        1.42673349789225
C           -3.98839997234925       -1.79096366007274        1.64816206824770
C           -4.52211150560064       -2.02365748418982        0.36867540838580
C           -5.77765687681275       -2.74766415349034        0.00640473002439
C           -6.98805709991068       -2.05710017774562        0.63686561328879
C           -5.69348211247148       -4.20883772516330        0.45237272336692
N           -3.73876706929350       -1.49241430894782       -0.55449513210682
N           -2.71271135344859       -0.93027123276890        0.07644552194646
C           -1.77023893994389       -0.18105815770125       -0.64176322902683
C           -1.29645642069981        1.02817695942320       -0.14581292835856
C           -0.38400041168344        1.75756998935141       -0.88417128618466
C            0.04522580799265        1.29750201026002       -2.11831172220121
C           -0.44560229563274        0.10300114575112       -2.61872412263686
C           -1.35341090960020       -0.63818988530614       -1.88581011294990
H            6.31512377035098        2.24162543148069       -3.84649710117972
H            6.49759837511161        0.60155057546135       -3.21282740456392
H            7.33936787937832        1.95480599450881       -2.44582266266103
H            5.17527317364355        3.98351137104321       -2.42308541861429
H            5.92933196219645        3.55301732331470       -0.89381869880410
H            4.17471342010602        3.48944275215792       -1.05314189423409
H            4.64094523738406       -0.09825976439903       -2.05817722675250
H            2.79715907914996        1.96971088775210       -0.79561731714264
H            2.47883466245019        0.26628482600090       -1.10671932863298
H            4.06698913628451       -0.37746909972552        0.68397646290448
H            4.39219116592003        1.32954620155226        1.01469295555618
H            2.50243070562847        2.20115550442023        3.07166496107368
H            2.46945476903471        2.81206971051426        1.42193010789639
H            0.99518196397411        2.17723661474445        2.15566865614798
H            2.08273001305235       -1.37047869643085        1.45149565653844
H            0.66339442794692       -1.31362115256119        3.48534675980359
H            0.31347591942799        0.40836719735840        3.25210177919711
H           -4.37351773765868       -2.09933925569238        2.59765290719364
H           -5.86984184925653       -2.71003052705468       -1.08345400842916
H           -7.04613137007150       -1.02093570308389        0.31185380081476
H           -7.90454860185993       -2.56446448598072        0.34444375985971
H           -6.91376501103742       -2.07476496964530        1.72173968290952
H           -6.59149888288567       -4.74476905703452        0.15378667963471
H           -5.59715860352385       -4.27127097211002        1.53391001086251
H           -4.83259568250704       -4.69589096974577        0.00011892974507
H           -1.65536034941333        1.40003881581448        0.80283929214835
H           -0.01757237427537        2.69771943315328       -0.50001709216645
H            0.75506207680310        1.87275736862147       -2.69334956558851
H           -0.11818426764603       -0.25350039966904       -3.58382207163810
H           -1.75460052556180       -1.56625784575177       -2.26123958150016
57
 energy: -78.515972837322 gnorm: 0.000227293029 xtb: 6.7.1 (edcfbbe)
C            6.41611800713495        1.64950416548407       -2.93651744627639
C            5.24322024838226        1.88572868185242       -2.02995512949216
C            5.11062203233906        3.30748710304361       -1.57134472063255
C            4.42855978446392        0.89552336710715       -1.68486122388329
C            3.24122658938615        0.97445442596149       -0.77610972258530
C            3.63305223770242        0.62361762947036        0.67197954032126
C            2.43216283143593        0.68121850998762        1.57306815394863
C            2.07113929022190        2.04545917811816        2.08250397465639
C            1.76372631723008       -0.42746458110585        1.87244344640167
C            0.54557876865405       -0.52490207953268        2.73181165875070
O           -0.56150787461639       -0.87349443997383        1.88811343326767
C           -1.78592290094429       -0.71427810043541        2.40249723068587
O           -2.00615218011013       -0.35115350294016        3.53172236613033
C           -2.81949499761657       -1.08600601749040        1.42665205921814
C           -3.98820098231438       -1.79094039891129        1.64830767934345
C           -4.52225701449343       -2.02354475957203        0.36900753876468
C           -5.77780116648751       -2.74761012684569        0.00672244883726
C           -6.98833571484336       -2.05696826557495        0.63686279828168
C           -5.69349339381942       -4.20873285288722        0.45265836041909
N           -3.73917610297756       -1.49231192804457       -0.55436442516876
N           -2.71291755802268       -0.93003312532940        0.07631228221239
C           -1.77029923045511       -0.18103535720339       -0.64197791318490
C           -1.29619760788254        1.02804975591481       -0.14597960263996
C           -0.38371372108980        1.75733935816854       -0.88430028091543
C            0.04500289448252        1.29743806554829       -2.11859286369446
C           -0.44604331466429        0.10309447677172       -2.61905727862791
C           -1.35378230498919       -0.63809704651801       -1.88607957242313
H            6.31565109339629        2.24115976992743       -3.84635649948011
H            6.49836945075331        0.60155147781338       -3.21184985696673
H            7.33954823597338        1.95528715667435       -2.44543917611769
H            5.17529958125517        3.98352741013569       -2.42313632327887
H            5.92876463827891        3.55316461708546       -0.89378573305146
H            4.17446914650613        3.48934742437139       -1.05363911360753
H            4.64107775950369       -0.09809732588531       -2.05844558587458
H            2.79700319350245        1.96969757355007       -0.79621546552555
H            2.47888817924307        0.26617582661862       -1.10711313882581
H            4.06702248179795       -0.37711056056030        0.68379853831878
H            4.39183816346320        1.32995939872813        1.01442715520990
H            2.50218890647174        2.20028325922238        3.07196999628418
H            2.46953661642212        2.81226337719699        1.42296122065888
H            0.99528239481257        2.17740603784450        2.15650230970694
H            2.08280576058280       -1.37042716307457        1.45123028739544
H            0.66346031850478       -1.31409783642648        3.48505081339787
H            0.31373696754665        0.40802336358885        3.25241854123041
H           -4.37312478158860       -2.09942003474281        2.59782710439426
H           -5.86977888193822       -2.70999933060727       -1.08313787013587
H           -7.04628581470790       -1.02088610674931        0.31159784018926
H           -7.90474978122195       -2.56431568888934        0.34430951692243
H           -6.91436225306762       -2.07445321786695        1.72172933939133
H           -6.59150805493257       -4.74475195285169        0.15425442806861
H           -5.59688782987740       -4.27130104966569        1.53415902378078
H           -4.83265779206448       -4.69564314722372        0.00016790491617
H           -1.65494117534599        1.39984799955012        0.80266099555557
H           -0.01681134875364        2.69724670916873       -0.49996807746670
H            0.75470764974407        1.87277080292702       -2.69373649508527
H           -0.11874720487974       -0.25332626673135       -3.58424389323057
H           -1.75490855548341       -1.56622465818792       -2.26139325595793
