29
 energy: -36.605843082373 gnorm: 0.053571159426 xtb: 6.7.1 (edcfbbe)
C            4.55702746043900        1.06638735128200        0.86183308278800
C            3.18793028843500        1.09957919544700        0.20156592756500
C            2.49270360144600       -0.25902549091500        0.28526613876800
C            1.11669486635500       -0.22145484153800       -0.37954556146600
C            0.42264385734000       -1.57584100972400       -0.29502783442500
C           -0.91594871725800       -1.53450848767000       -0.98447587943700
O           -1.12936564108700       -1.98807102918400       -2.10024768786200
O           -1.83524270561300       -0.91263236981000       -0.19655235290100
C           -3.13830384635400       -0.80536835083500       -0.78333417651700
C           -4.05457722635400       -0.05122724301700        0.17491584622700
C           -3.59630430697100        1.38197563892300        0.40554641980800
H            5.20928313993100        0.33374595227600        0.37589782922300
H            5.03615757800700        2.04783777600800        0.79042115470300
H            4.47525490912100        0.80455487353000        1.92159372092600
H            2.57195612080800        1.86395087433200        0.68945063127500
H            3.30187533337700        1.39569966795300       -0.84773748082400
H            2.38466963918500       -0.55237626560000        1.33663337681200
H            3.11492249914100       -1.02061623047000       -0.20042962072800
H            1.21966716191000        0.07415232394900       -1.43119655939700
H            0.49533852140500        0.54499362585500        0.10028963668800
H            0.27697785159700       -1.89021336733300        0.74482781627100
H            1.02757628094600       -2.35301697100800       -0.77652287336400
H           -3.54016607917800       -1.81101777280300       -0.95264201437900
H           -3.07407937998700       -0.27432160937800       -1.74047040570700
H           -5.07377294386900       -0.04436499904400       -0.22675705377000
H           -4.07940304871500       -0.56731537845600        1.14172517841800
H           -2.60249701380000        1.41416701076200        0.86308639252000
H           -4.29192873535800        1.89706349506900        1.07557349563600
H           -3.55908946489900        1.93726363139800       -0.53708721647900
29
 energy: -36.608304409456 gnorm: 0.013982531626 xtb: 6.7.1 (edcfbbe)
C            4.56301833053077        1.07069973466305        0.86341781703617
C            3.19166135498027        1.09986761916341        0.20382907878920
C            2.48942059978976       -0.25277919258353        0.28282712653858
C            1.11329478785640       -0.22558265354740       -0.37721161642810
C            0.42003017783006       -1.58406095353074       -0.29554997908880
C           -0.92258842762947       -1.53627236966283       -0.98093452496866
O           -1.14644448184157       -1.97212959808017       -2.08096359909675
O           -1.84002153320228       -0.92249347874441       -0.21155280204579
C           -3.14576047475643       -0.80358226234525       -0.78104294817284
C           -4.05107753716992       -0.04731424112771        0.18352787173307
C           -3.59461583795862        1.38821665880384        0.40648336833406
H            5.20711782140376        0.33759150409103        0.37940387371299
H            5.04407963328061        2.04567329443564        0.79469065375397
H            4.47789033519894        0.80568251729851        1.91662844083583
H            2.57112303185903        1.85732082883632        0.69046027532663
H            3.29962713108432        1.38903741774308       -0.84503790152057
H            2.38159361862477       -0.54276164145743        1.33172584900997
H            3.11010531061905       -1.00975468572668       -0.20444741839987
H            1.21995876288584        0.06068457052503       -1.42779183831109
H            0.49039802263142        0.53124632423778        0.10850449143745
H            0.27516374817074       -1.87073193048301        0.74965466036899
H            1.03000484941620       -2.34720240174398       -0.78688978236663
H           -3.53638110359267       -1.80969557951450       -0.96965505489664
H           -3.06933410061165       -0.27777952202870       -1.73845186643261
H           -5.06292523551658       -0.05227795719867       -0.22816980371223
H           -4.07179652080137       -0.57629634009542        1.13957509760390
H           -2.60208671924024        1.40698356045544        0.85314257216157
H           -4.28274392099760        1.90302969647705        1.07591816910954
H           -3.55871162284352        1.93468108113924       -0.53549027993933
29
 energy: -36.608535091084 gnorm: 0.005142731501 xtb: 6.7.1 (edcfbbe)
C            4.56123490729682        1.06940348672023        0.86309387109143
C            3.18884641825737        1.10144948777140        0.20293271514620
C            2.48830281984924       -0.25256045114174        0.28407782102823
C            1.11226310100145       -0.22330837561659       -0.37636390620555
C            0.41899041800850       -1.58577132410075       -0.29071472859679
C           -0.92431872274008       -1.53374363047213       -0.97877761395907
O           -1.15532012169723       -1.96309223539298       -2.07689615562724
O           -1.83995903915013       -0.92713262897511       -0.21560537692788
C           -3.14571402106226       -0.80062670679292       -0.78163268206298
C           -4.04813639654887       -0.04875157245747        0.18691150142431
C           -3.58879109459572        1.38685409602645        0.40596046165905
H            5.20206418109554        0.33622603354429        0.37841454923186
H            5.04170986764901        2.04240358918916        0.79430616029505
H            4.47435995981408        0.80406808307842        1.91445010015649
H            2.56927039813898        1.85790811519007        0.69025929226118
H            3.29708794004464        1.38872511539650       -0.84542259564359
H            2.38048857768252       -0.54081875441475        1.33248021144579
H            3.10773927211721       -1.00814327700387       -0.20463124930842
H            1.21899834251033        0.05881076196228       -1.42667674188182
H            0.48760354079753        0.52827804123261        0.11156543479057
H            0.27394207544938       -1.86021489432944        0.75579477378805
H            1.02710556225587       -2.34431224099870       -0.78610764567548
H           -3.53629999019473       -1.80510654656120       -0.98144382893603
H           -3.06540126026578       -0.27258918848553       -1.73811542074210
H           -5.05877114775673       -0.05823651957781       -0.22522284172282
H           -4.06249828684599       -0.58015286771459        1.13983453630767
H           -2.59424091127330        1.40067484093736        0.84356633635909
H           -4.27105410109783        1.90191088630949        1.07776393449247
H           -3.55950228873976        1.92784867667631       -0.53720098181569
29
 energy: -36.608572428552 gnorm: 0.001748874902 xtb: 6.7.1 (edcfbbe)
C            4.56029580181965        1.06940232000510        0.86290237410520
C            3.18729822618293        1.10261567622954        0.20279320173770
C            2.48614967639870       -0.25135803695374        0.28448128555602
C            1.10987841618147       -0.22265130691886       -0.37569949597793
C            0.41723548139745       -1.58718291392038       -0.28790528213472
C           -0.92572911478319       -1.53497559724410       -0.97744708245053
O           -1.15607267375009       -1.95821636717957       -2.07959624677065
O           -1.84126459353325       -0.93142350786957       -0.21541626390540
C           -3.14545282566506       -0.79966517006982       -0.78357768537586
C           -4.04573950319697       -0.05038792651190        0.18810774891192
C           -3.58428498731761        1.38521068670334        0.40530938935934
H            5.19929055277725        0.33531345900049        0.37742868434099
H            5.04157595372505        2.04185241200743        0.79426233415877
H            4.47225893045430        0.80348143089758        1.91389617122523
H            2.56846257279274        1.85917535532622        0.69038109710380
H            3.29566297700965        1.38924324072364       -0.84547360434498
H            2.37870335981785       -0.53877086834075        1.33291671011654
H            3.10533379596866       -1.00675873658623       -0.20430109727691
H            1.21642308611453        0.05794085567585       -1.42594127080585
H            0.48473336253914        0.52783331863965        0.11226707821620
H            0.27128478462254       -1.85736285294099        0.75854912943771
H            1.02563409042155       -2.34474435114308       -0.78252556672326
H           -3.53776059567444       -1.80240258131529       -0.99019400394423
H           -3.06237687719817       -0.26691920393454       -1.73771105227656
H           -5.05759902392386       -0.05993962986209       -0.22035037885915
H           -4.05540164066109       -0.58215813309099        1.14053220684115
H           -2.58665426967900        1.39659817760112        0.83560380217547
H           -4.26097836635298        1.90108705373986        1.08176488985552
H           -3.56090659648767        1.92516319733106       -0.53845714192353
29
 energy: -36.608608453307 gnorm: 0.004629706511 xtb: 6.7.1 (edcfbbe)
C            4.55643879064962        1.06895477353726        0.86186072318580
C            3.18245634220586        1.10512643505794        0.20220296587087
C            2.48072991637449       -0.24896129153497        0.28603316223203
C            1.10443305780668       -0.22218433723938       -0.37431427402272
C            0.41315052990898       -1.58963518419414       -0.28144679311503
C           -0.92620622659527       -1.53424879062169       -0.97758869266906
O           -1.14993408419508       -1.94710809718950       -2.08746813943112
O           -1.84552570825406       -0.94246336531702       -0.21494595189784
C           -3.14568158340302       -0.79852332081041       -0.78917867339401
C           -4.04023737078144       -0.05424318447464        0.19053651068566
C           -3.57303840658199        1.38091104673349        0.40353703350154
H            5.19273574714662        0.33319407830130        0.37510641632840
H            5.03976036708963        2.04046182886585        0.79325079864148
H            4.46745936587847        0.80247432041226        1.91274898855441
H            2.56545753414635        1.86274795057527        0.69015517254263
H            3.29102352085377        1.39072933517948       -0.84615761552398
H            2.37368560893311       -0.53426109135674        1.33498298804777
H            3.09986212503801       -1.00474200683461       -0.20193110683781
H            1.20997595755654        0.05482896419282       -1.42506498431030
H            0.47797845969593        0.52764217937331        0.11212489026407
H            0.26224229864208       -1.85157912826878        0.76515628969940
H            1.02361508583470       -2.34794134524443       -0.77018104637234
H           -3.54251806057751       -1.79643049150936       -1.01150272773173
H           -3.05539087617046       -0.25305193390703       -1.73621819566868
H           -5.05665976949905       -0.06250350633204       -0.20600146541587
H           -4.03794055955207       -0.58673675543597        1.14253790807074
H           -2.56665515655994        1.38802380318155        0.81423673990008
H           -4.23471637532481        1.89761592215046        1.09437646667630
H           -3.56650053026603        1.92190319270869       -0.54024745743873
29
 energy: -36.608625289659 gnorm: 0.003529504893 xtb: 6.7.1 (edcfbbe)
C            4.55477830869054        1.06918375281599        0.86135982397970
C            3.18079675640841        1.10550630294314        0.20216800656969
C            2.47912261196181       -0.24841830816680        0.28669522561246
C            1.10309278659787       -0.22292499134623       -0.37394824730244
C            0.41196063368171       -1.58998749176859       -0.28000528168638
C           -0.92581294086332       -1.53583930506845       -0.97856870456945
O           -1.14484324288231       -1.94334738418550       -2.09098442396587
O           -1.84724665621968       -0.94705414796859       -0.21538270422780
C           -3.14612705617293       -0.79837174896122       -0.79131591196615
C           -4.03842670452570       -0.05453845418302        0.19093818907682
C           -3.56979259490195        1.38011132812870        0.40336658975900
H            5.19099772376235        0.33323609682723        0.37466280249886
H            5.03852508423547        2.04055449458236        0.79256295155542
H            4.46630063274335        0.80289928573202        1.91240540251739
H            2.56402966668563        1.86352184520888        0.68998786509067
H            3.28903594166443        1.39090183761000       -0.84636684462188
H            2.37173513138431       -0.53300870785179        1.33588851782076
H            3.09862900036656       -1.00461944268580       -0.20032652171249
H            1.20850233300397        0.05310224286995       -1.42512959461874
H            0.47631336980290        0.52765434034838        0.11135272255636
H            0.25907893926796       -1.85076593070994        0.76686709070197
H            1.02395341983194       -2.34934225689174       -0.76573073848323
H           -3.54516732908426       -1.79432868663243       -1.01684786719006
H           -3.05336540661532       -0.24991658407922       -1.73616944731054
H           -5.05646178361206       -0.06213582833529       -0.20152255474907
H           -4.03291572412238       -0.58766901083056        1.14272083039573
H           -2.56057061637840        1.38658408087556        0.80715982713633
H           -4.22640814909393        1.89559407222978        1.09994884895763
H           -3.56971413561683        1.92341859949217       -0.53918592145273
29
 energy: -36.608649914219 gnorm: 0.001097908917 xtb: 6.7.1 (edcfbbe)
C            4.55000407227144        1.07063822809762        0.85980956161522
C            3.17592762346400        1.10580936497569        0.20219364557723
C            2.47509397114992       -0.24794172745925        0.28923050659313
C            1.10033818764363       -0.22600691451296       -0.37319216271555
C            0.40900112329628       -1.59131751941478       -0.27589559689824
C           -0.92326808437108       -1.53636563802757       -0.98398102842713
O           -1.13122643475787       -1.93128073782791       -2.10165308845114
O           -1.85144426074226       -0.95988339835874       -0.21722144261703
C           -3.14734734973757       -0.79860598963209       -0.79654388685852
C           -4.03318255914506       -0.05477791856219        0.19213571713506
C           -3.56118112591604        1.37851603744789        0.40342273780214
H            5.18639064050684        0.33444044818831        0.37357944770848
H            5.03402246124456        2.04190708906772        0.78985408443973
H            4.46322504676347        0.80539343889233        1.91133911632844
H            2.55923607846280        1.86462131861356        0.68931603246096
H            3.28274282794397        1.39018839963582       -0.84696812282930
H            2.36620420286028       -0.52996147351954        1.33916003538608
H            3.09604449747331       -1.00531384000761       -0.19451321677727
H            1.20644429662266        0.04675675142217       -1.42560430544938
H            0.47288706866013        0.52731493346508        0.10814463133641
H            0.24920776493000       -1.84807779726983        0.77187278132319
H            1.02434257875023       -2.35458415944579       -0.75282131091270
H           -3.55318914964667       -1.78924476917918       -1.03002246273164
H           -3.04798589189885       -0.24288818868860       -1.73585763408633
H           -5.05495998616666       -0.06090110663066       -0.19064162555766
H           -4.01973159551148       -0.58991393786246        1.14299283345051
H           -2.54391440133364        1.38328838406787        0.78697711337585
H           -4.20351098772736        1.88948579871427        1.11669621290093
H           -3.58017061508878        1.92870492380984       -0.53520864274955
29
 energy: -36.608657674421 gnorm: 0.000978034136 xtb: 6.7.1 (edcfbbe)
C            4.54788213729440        1.07252423817559        0.85911769558599
C            3.17349924453241        1.10541101156208        0.20234059558440
C            2.47399671355445       -0.24883517085391        0.29122824156779
C            1.10017212046119       -0.22850128606873       -0.37308264219138
C            0.40804877157063       -1.59292572457639       -0.27454600688485
C           -0.92236391827714       -1.53719845036071       -0.98649243027430
O           -1.12652474274629       -1.92126428573058       -2.10836150119426
O           -1.85287036393922       -0.96677596996007       -0.21766437648930
C           -3.14748480490533       -0.79872747702603       -0.79785066605768
C           -4.03099303373690       -0.05414523977701        0.19260684543792
C           -3.55755171496189        1.37849283768589        0.40403084846454
H            5.18486061067286        0.33656360498522        0.37338017387761
H            5.03064654293081        2.04423497470041        0.78771931205627
H            4.46210781419625        0.80842153503046        1.91098137857495
H            2.55616168373109        1.86413838799080        0.68883181865265
H            3.27924761852693        1.38866320582324       -0.84726349139518
H            2.36387849688511       -0.52911777305706        1.34149999999552
H            3.09606292036409       -1.00665174758336       -0.19036469278577
H            1.20787539728516        0.04236090085436       -1.42590357441903
H            0.47240429465790        0.52618334519248        0.10585331021975
H            0.24479083664821       -1.84794878644958        0.77308998364816
H            1.02415417981462       -2.35752561563594       -0.74843430077350
H           -3.55764401996949       -1.78707093119296       -1.03339764921657
H           -3.04509749666962       -0.24160207236420       -1.73585668080300
H           -5.05331312791330       -0.05951748839585       -0.18841291401677
H           -4.01597005033334       -0.59021096655282        1.14279888114159
H           -2.53702777177812        1.38255726489870        0.77806356400515
H           -4.19334853926024        1.88648098700283        1.12486112744426
H           -3.58559979863502        1.93198669168214       -0.53217291938307
29
 energy: -36.608666134817 gnorm: 0.000758654518 xtb: 6.7.1 (edcfbbe)
C            4.54626518151487        1.07611880864900        0.85876572889775
C            3.17135324292894        1.10405275828471        0.20274745571571
C            2.47402596494109       -0.25125208478499        0.29407624443126
C            1.10181888775138       -0.23245681448499       -0.37383572582563
C            0.40731229665614       -1.59557022994138       -0.27444774477899
C           -0.92129781816327       -1.53442998494258       -0.99002493068607
O           -1.12370476798309       -1.90641117963483       -2.11609373187221
O           -1.85428588735335       -0.97381469870394       -0.21688093898980
C           -3.14773289422488       -0.80001932255199       -0.79730465051867
C           -4.02975397994793       -0.05296926717215        0.19284434528246
C           -3.55459757477150        1.37904470043895        0.40504069325353
H            5.18469828755565        0.34080018104719        0.37405099954565
H            5.02615728652941        2.04902358509001        0.78479608671708
H            4.46169595663602        0.81406277783070        1.91119505517604
H            2.55249333513568        1.86227583850721        0.68800630771093
H            3.27585542505879        1.38535492877589       -0.84746389668746
H            2.36178745424042       -0.52893372963131        1.34474669474909
H            3.09787361413824       -1.00952191034282       -0.18432437584690
H            1.21282540392264        0.03580894210154       -1.42691029436662
H            0.47369081308531        0.52398357735175        0.10167809293111
H            0.24000245352134       -1.84866778147271        0.77269984719459
H            1.02253161517983       -2.36188527120166       -0.74628325135875
H           -3.56232564471952       -1.78672050633829       -1.03288115657675
H           -3.04265684200060       -0.24359893152927       -1.73542504413516
H           -5.05150556776109       -0.05664406799885       -0.18937146848435
H           -4.01622147935721       -0.58926744351743        1.14269852472517
H           -2.53117554144712        1.38195516228310        0.77002248338537
H           -4.18402669457928        1.88401571770618        1.13307639805056
H           -3.59110252648669        1.93566624618196       -0.52859781726704
29
 energy: -36.608670479761 gnorm: 0.000690267596 xtb: 6.7.1 (edcfbbe)
C            4.54532463477992        1.07898927673512        0.85907574890644
C            3.17026836368655        1.10292761512227        0.20294880692738
C            2.47445827606822       -0.25318070570379        0.29615157034450
C            1.10374339699041       -0.23527468308986       -0.37508087374036
C            0.40652689043066       -1.59732441583866       -0.27522446840502
C           -0.92151850631069       -1.53196614070752       -0.99137161698481
O           -1.12218783219131       -1.89257591078423       -2.12188573176058
O           -1.85623412554844       -0.97948995047241       -0.21447936480902
C           -3.14863191802226       -0.80183561854241       -0.79581086878610
C           -4.02999478684033       -0.05221431739453        0.19301989877673
C           -3.55202535193737        1.37907118528865        0.40525625538189
H            5.18546184908798        0.34430990776440        0.37566117449133
H            5.02273434526035        2.05296751286443        0.78299435683574
H            4.46150139170671        0.81895379585263        1.91205187797773
H            2.55007389986058        1.86087953979054        0.68687207973215
H            3.27445027939057        1.38251515620073       -0.84771961935995
H            2.36008462969723       -0.52867545620659        1.34712941989832
H            3.09975028757405       -1.01199296499103       -0.17942290248162
H            1.21764027025738        0.03059481860239       -1.42837317125002
H            0.47523820385390        0.52261984453896        0.09748764275509
H            0.23777266354172       -1.84939120502824        0.77170344821167
H            1.02024392208682       -2.36478166027936       -0.74685880244799
H           -3.56606092235155       -1.78766664531590       -1.03097483530388
H           -3.04150502336471       -0.24645534258066       -1.73449445227699
H           -5.05129556948749       -0.05356719771246       -0.19067461478363
H           -4.01893690073807       -0.58808502445476        1.14319436422015
H           -2.52640067380956        1.38014865132697        0.76459404268061
H           -4.17700092556500        1.88303216540959        1.13805716333898
H           -3.59348076810605        1.93746776960476       -0.52722659771685
29
 energy: -36.608673883440 gnorm: 0.000522149595 xtb: 6.7.1 (edcfbbe)
C            4.54500692130299        1.08097912455589        0.86013187322219
C            3.17039971352828        1.10187331266058        0.20293850671879
C            2.47515073360674       -0.25453444577031        0.29717393920135
C            1.10595417556377       -0.23679857807526       -0.37719176650545
C            0.40596306670001       -1.59765186294181       -0.27667709233018
C           -0.92209412996189       -1.52833635237779       -0.99201395289670
O           -1.12174786118948       -1.88156347967369       -2.12485500935421
O           -1.85833072204551       -0.98334183636176       -0.21175086681606
C           -3.15036957602467       -0.80452755906873       -0.79340898075102
C           -4.03137056028351       -0.05172396251936        0.19325336396734
C           -3.55018157819257        1.37862594264887        0.40509702331948
H            5.18679652017515        0.34667286952875        0.37833431126786
H            5.02068743607380        2.05574408386559        0.78265360285184
H            4.46098325588326        0.82267373577554        1.91351543044072
H            2.54903470435795        1.85989600196304        0.68522897678858
H            3.27522600145533        1.38001263972706       -0.84802833201915
H            2.35855778970919       -0.52826535706847        1.34835277865850
H            3.10150562863532       -1.01404577676709       -0.17584567355160
H            1.22250858137927        0.02689323701913       -1.43068881033208
H            0.47737606902658        0.52272719991541        0.09264226206801
H            0.23763633265355       -1.84935771103337        0.77039707284986
H            1.01749236489788       -2.36629287813353       -0.74916539040408
H           -3.56914645908350       -1.79020692929878       -1.02686086556521
H           -3.04212486829932       -0.25117899911411       -1.73319039196362
H           -5.05194616130935       -0.05053267021111       -0.19252961268669
H           -4.02400159913839       -0.58659093786399        1.14410115959044
H           -2.52436052159333        1.37770474902091        0.76338747135430
H           -4.17313911033827        1.88375465977430        1.13859293538967
H           -3.59146614748907        1.93739177982311       -0.52699403214100
29
 energy: -36.608677812337 gnorm: 0.000648693717 xtb: 6.7.1 (edcfbbe)
C            4.54417947312920        1.08242516146192        0.86193243620311
C            3.17070177412072        1.10126106642127        0.20241645615433
C            2.47505512066444       -0.25489548195029        0.29782293404746
C            1.10763717905351       -0.23759566857570       -0.38003292737398
C            0.40480247908044       -1.59703051054546       -0.27763565201363
C           -0.92308793712529       -1.52423612757311       -0.99264369763364
O           -1.11980832806463       -1.86687571763643       -2.12946759109539
O           -1.86196136251184       -0.98988678067778       -0.20817360082061
C           -3.15350932138883       -0.80866469513440       -0.79064008852212
C           -4.03278492565231       -0.05151076376661        0.19413388378371
C           -3.54617166125559        1.37723806613499        0.40442979734410
H            5.18746441611780        0.34786243050111        0.38251751574386
H            5.01916319866095        2.05749031391676        0.78346276977332
H            4.45874139531257        0.82600441574950        1.91566669430832
H            2.54831785084087        1.86007363315889        0.68217273183706
H            3.27726992548701        1.37743969732900       -0.84890052892313
H            2.35566909658422       -0.52633481064326        1.34929095458372
H            3.10234537262487       -1.01564585264506       -0.17196566944875
H            1.22709515484166        0.02275679304615       -1.43402346421718
H            0.47902059555145        0.52432442718834        0.08599824182397
H            0.23742053190523       -1.84779392384164        0.76993354832271
H            1.01422987861674       -2.36710986740441       -0.75064701450228
H           -3.57446310976958       -1.79367413089622       -1.02280341189903
H           -3.04326117179252       -0.25696550579037       -1.73116387023324
H           -5.05307546917812       -0.04686193677017       -0.19253574426993
H           -4.02858301834955       -0.58503293522367        1.14584855885217
H           -2.51963280513692        1.37244977009329        0.76135189439945
H           -4.16624162298718        1.88541639384180        1.13853326869712
H           -3.58653270937910        1.93537254023059       -0.52827849454960
29
 energy: -36.608684305911 gnorm: 0.000823702145 xtb: 6.7.1 (edcfbbe)
C            4.54328977272131        1.08287231514497        0.86615235601731
C            3.17266647318429        1.10104360079088        0.20073737995000
C            2.47487946008435       -0.25396651035517        0.29738980299367
C            1.11010273035980       -0.23644633893510       -0.38570970440655
C            0.40331057543316       -1.59377268817848       -0.27987681982687
C           -0.92533839690772       -1.51789041671899       -0.99284866962481
O           -1.11841828134025       -1.84564772013820       -2.13473851295969
O           -1.86775127483654       -0.99942869617119       -0.20249846257482
C           -3.15947169552349       -0.81663580652250       -0.78495940705272
C           -4.03588859745412       -0.05162056031570        0.19614113387319
C           -3.53957063099022        1.37433336398631        0.40281246527385
H            5.18840916999679        0.34690478196490        0.39132156768328
H            5.01902420817845        2.05755371779594        0.78730219080431
H            4.45333691967532        0.82916321653002        1.92019683601939
H            2.54909707908845        1.86202285708337        0.67557281831892
H            3.28400090259752        1.37393621237856       -0.85097543375178
H            2.35103349386062       -0.52214454541163        1.34920635663292
H            3.10286479981721       -1.01703511136241       -0.16770130323687
H            1.23377356693991        0.01867005665136       -1.44045681672395
H            0.48175146567466        0.52927453390797        0.07458018678834
H            0.23836611570299       -1.84318500598397        0.76845390044289
H            1.00944066163772       -2.36581203613506       -0.75406076599987
H           -3.58340911314283       -1.80137241645869       -1.01211609739756
H           -3.04753667755938       -0.26980556651769       -1.72808132282104
H           -5.05536511897634       -0.04124196481908       -0.19275322575292
H           -4.03759834796195       -0.58228917856032        1.14957718708099
H           -2.51488086331770        1.36314326760859        0.76457066380147
H           -4.15900452822247        1.89039706457762        1.13174970466517
H           -3.57111386871934        1.92897957416268       -0.53238807784436
29
 energy: -36.608691903953 gnorm: 0.001216061454 xtb: 6.7.1 (edcfbbe)
C            4.54150444452646        1.08274436190288        0.87069444980127
C            3.17424771192582        1.10131407534632        0.19849647338154
C            2.47361386173438       -0.25206300951298        0.29651753357509
C            1.11130231862733       -0.23482363270213       -0.39139389215822
C            0.40120384711448       -1.58991957458591       -0.28114192701864
C           -0.92684597281500       -1.51187642012356       -0.99513238513242
O           -1.11490452656284       -1.82316874078295       -2.14265137537728
O           -1.87395028482968       -1.01186881997708       -0.19818303365359
C           -3.16570302827431       -0.82552855864421       -0.78013255448343
C           -4.03711104317857       -0.05184238557983        0.19878110961724
C           -3.53112188924033        1.37123148329120        0.40130799658964
H            5.18781472773232        0.34455422070027        0.40092234125367
H            5.01934567114574        2.05643035680348        0.79200267850037
H            4.44584063344552        0.83162900818561        1.92490029662136
H            2.54980046524025        1.86510943343988        0.66773407769980
H            3.29109770270820        1.37053883795901       -0.85360462304351
H            2.34542366352913       -0.51664122688283        1.34877094734333
H            3.10206177920347       -1.01774538622543       -0.16372462040729
H            1.23882569965223        0.01474059147597       -1.44704629849108
H            0.48332061953001        0.53492944395916        0.06295343154247
H            0.23566701196509       -1.83626673909383        0.76794283647870
H            1.00568874781110       -2.36464625139327       -0.75330539956725
H           -3.59447295239043       -1.80921176586448       -1.00238315079316
H           -3.05185735345841       -0.28311889888869       -1.72544910413117
H           -5.05656944988634       -0.03588994955581       -0.18998175278527
H           -4.04229177246965       -0.57964642463947        1.15377379143752
H           -2.50754510085403        1.35367823348639        0.76658698180650
H           -4.14920023199997        1.89529736094378        1.12601878462498
H           -3.55518529993178        1.92206037695754       -0.53667368285924
29
 energy: -36.608704096248 gnorm: 0.001026048791 xtb: 6.7.1 (edcfbbe)
C            4.53920585204422        1.08095880732383        0.87811962711921
C            3.17759927912333        1.10222385105908        0.19447542807868
C            2.47181288501059       -0.24829141736953        0.29377074165188
C            1.11233643345344       -0.23051788381938       -0.39967421523522
C            0.39834214718550       -1.58281361223413       -0.28324012014105
C           -0.92904078451755       -1.50438132749521       -0.99881964918511
O           -1.11179740704214       -1.79491860911533       -2.15242675953338
O           -1.88162890566091       -1.02809352817268       -0.19407962105953
C           -3.17438992388079       -0.83859576576987       -0.77298365615259
C           -4.03813291862762       -0.05250298287573        0.20311441871073
C           -3.51938623153756        1.36680667749996        0.39885323365520
H            5.18660687645651        0.33877286249396        0.41618547685536
H            5.02155105996484        2.05248391341170        0.80064307131177
H            4.43349602293876        0.83333153193898        1.93225562315716
H            2.55228108522192        1.87054295623562        0.65519247500290
H            3.30386914090157        1.36622501686620       -0.85790712040772
H            2.33816262331172       -0.50853222792898        1.34643248547903
H            3.09994604257420       -1.01763765602274       -0.16073399665889
H            1.24417042009279        0.01211592291562       -1.45635604497799
H            0.48535669525386        0.54420672804473        0.04764998745761
H            0.23065758960862       -1.82383501274624        0.76670178641705
H            1.00162856166658       -2.36116357330347       -0.75102856089033
H           -3.61005130879090       -1.82149316980831       -0.98530716310764
H           -3.06031662052651       -0.30453556959193       -1.72290409318736
H           -5.05756245573867       -0.02953393148096       -0.18524297703365
H           -4.04723745023789       -0.57581481863100        1.16047715857868
H           -2.49959071332008        1.34173364578423        0.77459715856645
H           -4.13953719307302        1.90317695649511        1.11299936241295
H           -3.52835080185466        1.91008221629551       -0.54416412651226
29
 energy: -36.608709657774 gnorm: 0.003305222400 xtb: 6.7.1 (edcfbbe)
C            4.53529828876640        1.08024093992335        0.88623694286593
C            3.18010701503046        1.10257509870333        0.18983217594526
C            2.46898114706398       -0.24486806380577        0.29222045661979
C            1.11325109034141       -0.22671036323046       -0.40867769633442
C            0.39381275508212       -1.57547965965887       -0.28504048808648
C           -0.93086678794597       -1.49434650996002       -1.00566282845248
O           -1.10528494570904       -1.75274282959777       -2.16934975243430
O           -1.89175443039782       -1.05203693831212       -0.18956835710550
C           -3.18459004358215       -0.85490660971512       -0.76514766451730
C           -4.03741864392838       -0.05345843151465        0.20857573948720
C           -3.50282281571363        1.36132256765318        0.39580143153787
H            5.18415787097515        0.33305490685575        0.43438310515312
H            5.02196249016774        2.04953170478509        0.80823365532777
H            4.41859869603381        0.83857306715912        1.94064687640915
H            2.55358189838829        1.87632384610419        0.63983721666567
H            3.31685961502133        1.35909333223704       -0.86313066688464
H            2.32845100692443       -0.49867760347762        1.34565630143604
H            3.09711199709761       -1.01889454447278       -0.15441840562261
H            1.25087503251122        0.00714571911632       -1.46665621113623
H            0.48723898658712        0.55408910253356        0.02972131981075
H            0.22002318511008       -1.80868559707494        0.76548585682693
H            0.99646333624205       -2.35892749676473       -0.74511193422401
H           -3.63099592900974       -1.83549541775706       -0.96690109789970
H           -3.06923201837497       -0.32991154412916       -1.71997885838992
H           -5.05733961333251       -0.02149656236621       -0.17789436932290
H           -4.04997528861285       -0.57147710462171        1.16872195629237
H           -2.48549393083846        1.32828805514067        0.77720359448463
H           -4.12033263732163        1.91036261810178        1.10251857045630
H           -3.50066732657593        1.89751431814463       -0.55093693853635
29
 energy: -36.608715605597 gnorm: 0.000593235931 xtb: 6.7.1 (edcfbbe)
C            4.53512293621973        1.07808649802707        0.88843680844627
C            3.18186711875166        1.10325802905128        0.18847090951042
C            2.46796508266095       -0.24267582240207        0.29052706086375
C            1.11213318057450       -0.22321963047629       -0.41001586484108
C            0.39274955617650       -1.57186702833614       -0.28549332513466
C           -0.93139832711131       -1.49320205968749       -1.00724259118324
O           -1.10608090671333       -1.75115485123198       -2.16957913710636
O           -1.89272566823614       -1.05412098270174       -0.19140749171949
C           -3.18659182232558       -0.85845704077777       -0.76414503922244
C           -4.03638685414158       -0.05428240632769        0.20982508662487
C           -3.49983254973046        1.35987738343633        0.39471818487431
H            5.18289726001041        0.32861666428613        0.43900979012687
H            5.02479462762800        2.04587526493069        0.81101751229780
H            4.41475503896160        0.83752433678845        1.94259020277822
H            2.55607360986450        1.87875477906456        0.63617329742752
H            3.32189727196437        1.35844365856696       -0.86424811184831
H            2.32709046924768       -0.49616563199749        1.34389927271717
H            3.09474319778052       -1.01769453478755       -0.15604941424233
H            1.24926706004152        0.01049644712727       -1.46791295592622
H            0.48674624812081        0.55764624794304        0.02870021134881
H            0.21696729035910       -1.80292316332294        0.76504092890136
H            0.99665127452584       -2.35590117459691       -0.74270614518151
H           -3.63412491639111       -1.83935490872518       -0.96169481950620
H           -3.07395601494402       -0.33633503564583       -1.72083102157475
H           -5.05681306645231       -0.02152372858550       -0.17493753043815
H           -4.04771458998699       -0.57086587062526        1.17064488013093
H           -2.48407818634924        1.32624103654170        0.78057026702194
H           -4.11925426468992        1.91239991178736        1.09710419025571
H           -3.49276405581559        1.89252361267604       -0.55386522502923
29
 energy: -36.608718293939 gnorm: 0.000587363946 xtb: 6.7.1 (edcfbbe)
C            4.53483550202158        1.07857690780771        0.88964596839107
C            3.18252060497394        1.10272429736288        0.18784339797698
C            2.46777294473249       -0.24270368239082        0.29112614196981
C            1.11269930876673       -0.22276723366646       -0.41087214099763
C            0.39169192377230       -1.57068584120878       -0.28632485556463
C           -0.93200033644895       -1.49043538383684       -1.00853138098639
O           -1.10534853077699       -1.74046591060531       -2.17290025060291
O           -1.89486224149533       -1.05890901600124       -0.19054195156379
C           -3.18873921109410       -0.86169646732185       -0.76228341236029
C           -4.03658516383281       -0.05444240887904        0.21081019141094
C           -3.49675322026243        1.35880134803611        0.39351264546149
H            5.18297630694462        0.32793228208901        0.44275250595377
H            5.02479641930876        2.04605479485561        0.81053209647958
H            4.41312835620329        0.84064966934104        1.94421393954426
H            2.55633605434085        1.87909915732523        0.63340142651430
H            3.32395875727127        1.35597769516943       -0.86510388357750
H            2.32557576603077       -0.49478019869560        1.34464685104665
H            3.09438149525907       -1.01876103996196       -0.15383533410286
H            1.25113842782377        0.01010788825872       -1.46874374800420
H            0.48760755471935        0.55896753217747        0.02668027711488
H            0.21509086872743       -1.80123289604257        0.76401534391739
H            0.99500737007355       -2.35525640887762       -0.74311540288062
H           -3.63829694458587       -1.84216540353833       -0.95731749369465
H           -3.07614976676455       -0.34180592757463       -1.72026391650492
H           -5.05691842840538       -0.01955667928750       -0.17401656829171
H           -4.04920364420802       -0.56987112083252        1.17231045679404
H           -2.48054026699322        1.32322253396295        0.77782998324404
H           -4.11388474331682        1.91269020493696        1.09651078855912
H           -3.49023516278522        1.89073130739700       -0.55538174487428
29
 energy: -36.608725159708 gnorm: 0.001836969029 xtb: 6.7.1 (edcfbbe)
C            4.53372741213658        1.07964326287292        0.89479666235581
C            3.18554999197920        1.10085620673208        0.18499285135416
C            2.46646973137279       -0.24199648268112        0.29342103747181
C            1.11426152961825       -0.21955893196551       -0.41405644014559
C            0.38711943240336       -1.56450079000774       -0.28946923148607
C           -0.93452966385923       -1.47785071895825       -1.01420294242226
O           -1.10099906583997       -1.69520860902663       -2.18659827862156
O           -1.90481665775383       -1.08005199293004       -0.18694581430362
C           -3.19894671494634       -0.87691952367648       -0.75491261908021
C           -4.03731117124650       -0.05558220330906        0.21488118029024
C           -3.48321486371238        1.35363531006950        0.38826863566092
H            5.18263976511250        0.32297988861146        0.45913896532341
H            5.02644169159160        2.04518836234179        0.80853952154205
H            4.40552042096138        0.85290434079307        1.95112214349446
H            2.55835722909917        1.88180624434885        0.62112948706470
H            3.33373089248464        1.34587315408035       -0.86896956668738
H            2.31930191542291       -0.48796292647062        1.34771177254884
H            3.09191887522656       -1.02267654502011       -0.14505316337789
H            1.25739715700987        0.01004983993147       -1.47195269934475
H            0.49047591167681        0.56567851801736        0.01913438987635
H            0.20696955409146       -1.79352934459405        0.76035665441482
H            0.98840477815028       -2.35144459592977       -0.74460064635787
H           -3.65711134745398       -1.85553492847791       -0.93966397361949
H           -3.08640119996704       -0.36566148472792       -1.71771439945818
H           -5.05786325103237       -0.01273938716985       -0.16864995400287
H           -4.05377586553527       -0.56516217285271        1.17955644354731
H           -2.46463227106643        1.31038425330895        0.76519632209939
H           -4.08982801575732        1.91566967843103        1.09371739686322
H           -3.47885620016662        1.88171157825800       -0.56257380462778
29
 energy: -36.608731201401 gnorm: 0.001409133281 xtb: 6.7.1 (edcfbbe)
C            4.53441777454405        1.07929567144614        0.89750384919355
C            3.18867760154785        1.09952578142316        0.18323361537866
C            2.46551031623002       -0.24089312786522        0.29527254525923
C            1.11412276608144       -0.21573960052939       -0.41356085191455
C            0.38407628212633       -1.55945483543375       -0.29170712291341
C           -0.93668917600559       -1.46877160998589       -1.01735184014632
O           -1.09922399834197       -1.66581365208666       -2.19358117910205
O           -1.91110753198604       -1.09275720309906       -0.18538869597768
C           -3.20609193617975       -0.88727784822535       -0.75006527906733
C           -4.03798182183854       -0.05700442265496        0.21763035527613
C           -3.47521426651467        1.34972572142520        0.38286613939363
H            5.18219054806180        0.31715138423626        0.46989229416876
H            5.03056134703404        2.04256840342725        0.80504763073683
H            4.40232860178228        0.86148291724846        1.95517697594782
H            2.56190081327372        1.88396154524571        0.61345262354106
H            3.34086831982223        1.33904159224455       -0.87132916960200
H            2.31664649048401       -0.48334598456732        1.35006245313971
H            3.08884124238568       -1.02473487248983       -0.14040477774655
H            1.25871972718220        0.01466878060706       -1.47097543398376
H            0.49152072646606        0.57027119456627        0.01974145756859
H            0.20282075126862       -1.79050243097034        0.75740013553147
H            0.98429357959623       -2.34638076038610       -0.74815839990897
H           -3.66892833198395       -1.86506707941746       -0.92701114738509
H           -3.09491599831828       -0.38217310046970       -1.71630108944738
H           -5.05893982808356       -0.00985134906068       -0.16420519891334
H           -4.05564372637397       -0.56192260127343        1.18478172344496
H           -2.45454588942824        1.30202194207499        0.75321311320696
H           -4.07382964692208        1.91682690293983        1.09074895024721
H           -3.47438473590987        1.87514864162934       -0.56938374555415
29
 energy: -36.608736265459 gnorm: 0.003343240305 xtb: 6.7.1 (edcfbbe)
C            4.53492072501485        1.07632321759626        0.90440036572126
C            3.19522979408338        1.09861276550508        0.17859000453684
C            2.46293098428647       -0.23640475825927        0.29673261296934
C            1.11322704352565       -0.20651187806265       -0.41515811733271
C            0.37854283651224       -1.54786545957685       -0.29576231626805
C           -0.94091251170319       -1.45139431521826       -1.02332203783686
O           -1.09460128575930       -1.60863571015534       -2.20764333695177
O           -1.92407478285302       -1.11997534670793       -0.18099050636294
C           -3.22103386946287       -0.90950986204438       -0.73959042406929
C           -4.03917062817190       -0.05974192537062        0.22378740993287
C           -3.45858892685032        1.34177812676434        0.37263981112655
H            5.18006851098074        0.30324256192883        0.49216986420004
H            5.03985783649282        2.03424243060749        0.80352530016559
H            4.39218842598446        0.87338627179061        1.96387219101073
H            2.56968372395800        1.89094400351057        0.59640425064517
H            3.35775303363909        1.32759513021243       -0.87698392288742
H            2.31013161310761       -0.47193724809044        1.35259195411670
H            3.08214423676127       -1.02676060258778       -0.13317914063094
H            1.26050182556915        0.02351760357056       -1.47227055073910
H            0.49256128581769        0.58177767499799        0.01697398940529
H            0.19513244432767       -1.78127228155289        0.75250317859445
H            0.97724559671378       -2.33544339989901       -0.75338103671821
H           -3.69378729801582       -1.88567755198904       -0.90039033146512
H           -3.11130749084121       -0.41724979776355       -1.71272723741749
H           -5.06132118449049       -0.00422318988731       -0.15385012727871
H           -4.05839855147024       -0.55490942334169        1.19600048123182
H           -2.43632441255405        1.28458288972836        0.73766045066234
H           -4.04622830775205        1.92301734953898        1.07870026154431
H           -3.45637066685040        1.85849272475457       -0.58470310953264
29
 energy: -36.608743386661 gnorm: 0.000821184379 xtb: 6.7.1 (edcfbbe)
C            4.53513609241735        1.07583647201036        0.90398259334988
C            3.19528406025104        1.09877586951962        0.17871710931242
C            2.46280694246533       -0.23601443550085        0.29664009682283
C            1.11284045908163       -0.20624486832906       -0.41473799262660
C            0.37871868218129       -1.54776913202707       -0.29567109763095
C           -0.94109021909496       -1.45072985923944       -1.02258842064225
O           -1.09487051896700       -1.60654953692179       -2.20580308820388
O           -1.92394654330659       -1.12080761866046       -0.18079988672132
C           -3.22101684612504       -0.90992106249518       -0.73944533529319
C           -4.03890673084302       -0.05985533701898        0.22359157908809
C           -3.45895833795118        1.34163113605526        0.37203711258737
H            5.17951330913335        0.30275681371108        0.49113340125056
H            5.04064275177947        2.03340695700234        0.80382287967944
H            4.39261667097214        0.87216524270812        1.96313172755744
H            2.57035264816506        1.89120325616355        0.59698736793755
H            3.35740308611136        1.32812552282130       -0.87672466726255
H            2.31047224694047       -0.47165154895548        1.35254063459649
H            3.08188990648604       -1.02628919739308       -0.13356174581326
H            1.25958266089991        0.02430292884900       -1.47190148215457
H            0.49205717613477        0.58176050549796        0.01791118334722
H            0.19601954999775       -1.78240825085552        0.75265956258169
H            0.97729744035651       -2.33498384555560       -0.75440943873047
H           -3.69386019174245       -1.88573055682063       -0.90022016445402
H           -3.11088910154166       -0.41757410493855       -1.71214383559257
H           -5.06118053490850       -0.00515062396958       -0.15370657710338
H           -4.05735467597301       -0.55444098610446        1.19594683244014
H           -2.43681054252640        1.28531636780763        0.73751095411363
H           -4.04702969024657        1.92328053987275        1.07732888959589
H           -3.45671975014706        1.85755935276583       -0.58562826165959
29
 energy: -36.608745783860 gnorm: 0.000929527975 xtb: 6.7.1 (edcfbbe)
C            4.53574030500244        1.07461426923081        0.90311782939570
C            3.19536742097836        1.09931001742229        0.17895831971520
C            2.46271778658999       -0.23526961290217        0.29674424016889
C            1.11221068379657       -0.20555595154750       -0.41352367679864
C            0.37905038776896       -1.54746356699949       -0.29545942637308
C           -0.94131276652217       -1.44977865212365       -1.02181472908066
O           -1.09491163015494       -1.60292884750526       -2.20492388710903
O           -1.92390446809040       -1.12251761246394       -0.18003994886573
C           -3.22111291553046       -0.91067155144045       -0.73885955154116
C           -4.03862976946429       -0.06028270303153        0.22397911981619
C           -3.45978111182097        1.34159850397475        0.37046775141883
H            5.17905305610505        0.30160816554012        0.48879534388942
H            5.04194204109846        2.03183675825391        0.80400184567628
H            4.39376523206099        0.86960435608922        1.96197273850206
H            2.57132851527741        1.89177247058834        0.59835113342159
H            3.35665677606754        1.32939277930030       -0.87639544618389
H            2.31114217591882       -0.47136973396350        1.35266153514733
H            3.08141893867640       -1.02542154444976       -0.13423150442064
H            1.25798408047186        0.02611767779868       -1.47066169809975
H            0.49124898079235        0.58179785376318        0.02022673924761
H            0.19768630626094       -1.78424969648162        0.75279218583002
H            0.97746343338233       -2.33384728779619       -0.75610274819506
H           -3.69418849806063       -1.88608367646017       -0.89957618591353
H           -3.11015283572180       -0.41830156057128       -1.71120573144274
H           -5.06117349568209       -0.00690965673345       -0.15270280528616
H           -4.05585903628801       -0.55393206043864        1.19674815441257
H           -2.43787731415969        1.28674905936816        0.73686482254445
H           -4.04868973499071        1.92407022306964        1.07435884493466
H           -3.45718254376229        1.85611158050823       -0.58794333443868
29
 energy: -36.608748162561 gnorm: 0.000726922911 xtb: 6.7.1 (edcfbbe)
C            4.53681339708867        1.07326377073720        0.90207910702919
C            3.19560172483321        1.09976799990180        0.17950159394474
C            2.46261313995243       -0.23460226368781        0.29700634492610
C            1.11151214276559       -0.20453199294189       -0.41203422711478
C            0.37942143005461       -1.54703453137314       -0.29554872870161
C           -0.94139280852518       -1.44859027813117       -1.02132709133660
O           -1.09442125627107       -1.59870774972046       -2.20511122729934
O           -1.92412405679401       -1.12462918185937       -0.17898583820531
C           -3.22149726145565       -0.91192307197543       -0.73786707576096
C           -4.03851241704258       -0.06080888920253        0.22469935867621
C           -3.46084755888813        1.34178632691345        0.36850310045372
H            5.17904866400762        0.30041065356099        0.48578920768312
H            5.04361342396292        2.03026771096263        0.80395908157539
H            4.39576318458361        0.86661120453070        1.96075076996587
H            2.57253855129341        1.89220312385631        0.60040443691346
H            3.35577188654125        1.33078882488258       -0.87582470802299
H            2.31196445706733       -0.47135366804215        1.35292187918579
H            3.08082969824254       -1.02457706677790       -0.13501529098881
H            1.25624285895109        0.02882369807060       -1.46897367732668
H            0.49041301737416        0.58184388751850        0.02335795113902
H            0.19900143537916       -1.78602179985708        0.75237305419981
H            0.97786689445902       -2.33233583869475       -0.75808883866084
H           -3.69491009086330       -1.88712783099099       -0.89837807701295
H           -3.10980619843803       -0.41975059322153       -1.71018406356442
H           -5.06154781537349       -0.00896017344506       -0.15090677639555
H           -4.05418009798863       -0.55311827989346        1.19816992715377
H           -2.43913425786992        1.28866865823676        0.73575427816133
H           -4.05070618735408        1.92546394535644        1.07064207749793
H           -3.45793589969258        1.85417340528580       -0.59106661774256
29
 energy: -36.608752349161 gnorm: 0.000776207994 xtb: 6.7.1 (edcfbbe)
C            4.53954372517566        1.07048338613591        0.89990331322053
C            3.19643213570639        1.10039621857220        0.18090125253094
C            2.46261972499949       -0.23357536307625        0.29780737906973
C            1.11032684411497       -0.20204159575158       -0.40879043309667
C            0.37990032495001       -1.54575472707447       -0.29629031717371
C           -0.94150127246322       -1.44588060725278       -1.02094923579997
O           -1.09314249795196       -1.58910916207963       -2.20616971625762
O           -1.92500729403571       -1.12915612128185       -0.17696947051985
C           -3.22270745078823       -0.91500719591887       -0.73543024636214
C           -4.03846114105689       -0.06208403097064        0.22658170754387
C           -3.46314386358993        1.34219971436985        0.36390758835004
H            5.17987928463214        0.29815832793118        0.47953743932557
H            5.04713914551276        2.02723584640387        0.80339932194949
H            4.40097704318682        0.86066456115198        1.95834813048919
H            2.57537554392326        1.89272033401701        0.60505119256772
H            3.35410182538399        1.33335665122649       -0.87441618800346
H            2.31373141479590       -0.47174324795287        1.35366251812353
H            3.07963659955295       -1.02329051859825       -0.13644736144557
H            1.25302266553882        0.03532691675118       -1.46511334448843
H            0.48909364268132        0.58206111643102        0.03051032695230
H            0.20073760864428       -1.78895198728856        0.75080448364670
H            0.97873558443072       -2.32861380912787       -0.76242243814217
H           -3.69714112288492       -1.88992140916599       -0.89472986566065
H           -3.11032628359654       -0.42392508727228       -1.70826893500420
H           -5.06268305125046       -0.01337820190440       -0.14630809406761
H           -4.05056143342505       -0.55118681943202        1.20178775011597
H           -2.44177056375404        1.29281667040200        0.73269588216861
H           -4.05490153760661        1.92849068333849        1.06231297687757
H           -3.45990560082596        1.84970945741618       -0.59830568653771
29
 energy: -36.608756721680 gnorm: 0.001086769979 xtb: 6.7.1 (edcfbbe)
C            4.54358412638490        1.06712416729785        0.89711196454123
C            3.19786619675509        1.10071181718990        0.18311966361808
C            2.46286824776733       -0.23271529891534        0.29897525068875
C            1.10905836863585       -0.19851960477755       -0.40453089021261
C            0.38003689400236       -1.54351951033989       -0.29745175950574
C           -0.94160190277145       -1.44127353802041       -1.02130046137502
O           -1.09200597000936       -1.57615827570618       -2.20793181773807
O           -1.92638928507603       -1.13436641432524       -0.17497517215175
C           -3.22472272614216       -0.91974527630667       -0.73206631071186
C           -4.03851206334097       -0.06379439110938        0.22894004653800
C           -3.46599046034965        1.34255175519672        0.35774402099778
H            5.18167492762636        0.29569525045391        0.47155883571239
H            5.05174542446183        2.02376296519855        0.80224355284979
H            4.40864524206450        0.85349817652102        1.95531415336006
H            2.57930351993749        1.89267577856368        0.61162166746965
H            3.35206501356660        1.33631796103062       -0.87215127817930
H            2.31625285295068       -0.47295337877274        1.35467819510174
H            3.07818726129165       -1.02205169655413       -0.13839171822188
H            1.24933037730824        0.04427014751152       -1.45994107303889
H            0.48808956313081        0.58280691758159        0.04005670578089
H            0.20187915062161       -1.79171471415252        0.74859309404955
H            0.97934942433254       -2.32352556994710       -0.76769967744466
H           -3.70037314497766       -1.89458235572016       -0.88862984695169
H           -3.11277982943654       -0.43080082361483       -1.70607251581097
H           -5.06428985166461       -0.01902458058499       -0.14023548982034
H           -4.04589591204776       -0.54840365228126        1.20648721195776
H           -2.44479952833574        1.29780121691947        0.72766035719114
H           -4.05958203132515        1.93229045972601        1.05173395663689
H           -3.46299388536081        1.84364246793656       -0.60786073495894
29
 energy: -36.608762023212 gnorm: 0.001200189919 xtb: 6.7.1 (edcfbbe)
C            4.54882636227185        1.06313001268620        0.89386104989801
C            3.19989403091536        1.10092420028526        0.18612597596238
C            2.46359855997852       -0.23196239123877        0.30040564253947
C            1.10790033172883       -0.19391101457524       -0.39929775061234
C            0.37973163016734       -1.54001729722700       -0.29904206229297
C           -0.94204766036254       -1.43602072703629       -1.02215112844351
O           -1.09126327776962       -1.55998762578368       -2.21025613799038
O           -1.92833818265013       -1.14012022349137       -0.17315001279909
C           -3.22758992761884       -0.92573035321167       -0.72788021288866
C           -4.03895217684503       -0.06589818085901        0.23182296751937
C           -3.46905002939806        1.34254479101052        0.34991172228842
H            5.18440911697368        0.29298483182670        0.46214846249224
H            5.05728491973183        2.01977552441317        0.80053872675972
H            4.41867090043454        0.84524576513034        1.95183223158932
H            2.58424287426998        1.89219513776798        0.62013338481240
H            3.34971007731327        1.33996591661331       -0.86903554803631
H            2.31969181190402       -0.47517424951688        1.35579946171219
H            3.07666874411236       -1.02077522679937       -0.14108575230338
H            1.24541373101836        0.05547558196814       -1.45352479442005
H            0.48766219558358        0.58427753763812        0.05173846186480
H            0.20210298036367       -1.79394966419860        0.74565116796250
H            0.97980124097518       -2.31678590030541       -0.77361468595116
H           -3.70460679897816       -1.90075697119359       -0.87956297464191
H           -3.11746056426310       -0.44050982563464       -1.70402669471674
H           -5.06647170854356       -0.02541051505903       -0.13301044666226
H           -4.04097706411442       -0.54493225301504        1.21220732583238
H           -2.44774829178340        1.30287491929615        0.72009805954885
H           -4.06391790278588        1.93620601099570        1.03944173609538
H           -3.46718592262972        1.83634218951300       -0.61947824474672
29
 energy: -36.608769697320 gnorm: 0.001165550772 xtb: 6.7.1 (edcfbbe)
C            4.55666509430107        1.05750309804083        0.88936909820624
C            3.20308071204692        1.10096891548337        0.19084055823319
C            2.46504038764151       -0.23126129855025        0.30216794715119
C            1.10663762246679       -0.18703334759246       -0.39203735021205
C            0.37884563955127       -1.53410010603982       -0.30112776199804
C           -0.94261581319956       -1.42612915388450       -1.02390181041748
O           -1.09088126081157       -1.53675352707664       -2.21336185238819
O           -1.93132230715542       -1.14697755617521       -0.17111740722285
C           -3.23240317192335       -0.93529400965721       -0.72168890687156
C           -4.03997676104108       -0.06892418983707        0.23558210368302
C           -3.47300278703736        1.34200280241801        0.33853640576078
H            5.18865287309111        0.28928611014019        0.44891577356372
H            5.06539657878345        2.01422084436098        0.79801685136093
H            4.43356920216056        0.83371359986597        1.94698205850055
H            2.59150937550967        1.89087119141528        0.63311668767668
H            3.34648286762594        1.34549356743308       -0.86399550083574
H            2.32512315879909       -0.47936505345082        1.35696777132825
H            3.07484018580197       -1.01901630733856       -0.14575964083979
H            1.24032953055216        0.07160727563388       -1.44453076604093
H            0.48808604159662        0.58712612271328        0.06814390942305
H            0.20103407055897       -1.79541238414479        0.74167569241510
H            0.97964195164520       -2.30709338493071       -0.78097126372729
H           -3.71066145063945       -1.91118610497583       -0.86477206479385
H           -3.12626672769948       -0.45638184300034       -1.70147246748393
H           -5.06974927008136       -0.03389795739308       -0.12339953962104
H           -4.03502040177213       -0.53974460248289        1.21998856104578
H           -2.45096152851942        1.30864292356875        0.70727213180508
H           -4.06810453361333        1.94123256626942        1.02302225009912
H           -3.47396927863891        1.82590180918614       -0.63586153742803
29
 energy: -36.608779770885 gnorm: 0.001546647283 xtb: 6.7.1 (edcfbbe)
C            4.56795807751254        1.04944495293923        0.88338315684542
C            3.20796516816150        1.10131907962489        0.19786634972948
C            2.46743894933177       -0.22999633942654        0.30381764425189
C            1.10498223097797       -0.17684743337124       -0.38209996884482
C            0.37708952624812       -1.52471077145907       -0.30371599277821
C           -0.94430697334327       -1.41349711295210       -1.02579117433756
O           -1.09116498107852       -1.50343471564093       -2.21715698399204
O           -1.93583274964408       -1.15651698100066       -0.16827360764130
C           -3.23971211771019       -0.94920368605236       -0.71272753585013
C           -4.04208062597654       -0.07295169792556        0.24028260094975
C           -3.47783118476619        1.34051513818129        0.32229080816492
H            5.19448659028998        0.28385441459140        0.43057464784299
H            5.07744867536761        2.00608086456703        0.79507363245188
H            4.45459317744822        0.81714432275981        1.94028109533339
H            2.60214870523249        1.88877545179790        0.65240759506541
H            3.34235224580030        1.35451697180294       -0.85617299374469
H            2.33341682470817       -0.48603786792421        1.35751760916277
H            3.07260533207930       -1.01572788458941       -0.15398421204831
H            1.23323351763557        0.09429151144054       -1.43217819818684
H            0.48943296155596        0.59213253418157        0.09069584731205
H            0.19905604063955       -1.79603934847557        0.73651505938641
H            0.97889771123027       -2.29266038676792       -0.79047802316539
H           -3.71928855637226       -1.92658614057251       -0.84195158905249
H           -3.13995566312579       -0.48059800465521       -1.69824869459859
H           -5.07462096536308       -0.04455350702310       -0.11125399956391
H           -4.02857176803989       -0.53209829790480        1.23018104824758
H           -2.45400242813557        1.31466377015967        0.68670218313193
H           -4.07130873234725        1.94727946651357        1.00152230116822
H           -3.48442898831691        1.81144169718033       -0.65847867486794
29
 energy: -36.608792111547 gnorm: 0.002025421366 xtb: 6.7.1 (edcfbbe)
C            4.58135584266292        1.03890560080965        0.87647665974564
C            3.21389584226468        1.10238952036902        0.20670927671136
C            2.47082928793233       -0.22820041806896        0.30453798282956
C            1.10334980031550       -0.16389676822616       -0.37073924036071
C            0.37478573035807       -1.51204537841591       -0.30615200254166
C           -0.94672342097114       -1.39591175664193       -1.02717368170250
O           -1.09216101771955       -1.46253527560785       -2.22009242110265
O           -1.94149228226925       -1.16747749739835       -0.16428471688096
C           -3.24921230693167       -0.96692032325126       -0.70122259333853
C           -4.04536223587750       -0.07790293118950        0.24560613743275
C           -3.48279700850065        1.33762020296935        0.30177648461010
H            5.20080972043641        0.27669389991242        0.40824417412692
H            5.09232478519409        1.99516869001536        0.79266384280706
H            4.47958000385870        0.79551295238579        1.93213063568551
H            2.61522146837104        1.88610543996455        0.67720594721571
H            3.33752564785858        1.36775552696570       -0.84576831724787
H            2.34422956085876       -0.49540424088828        1.35647045252129
H            3.07032162632875       -1.01062240826179       -0.16647052871877
H            1.22454296918909        0.12162516146401       -1.41788099400900
H            0.49207571516383        0.59917448703336        0.11701796371500
H            0.19662048104965       -1.79452291718742        0.73107557563872
H            0.97709169502860       -2.27474704791105       -0.80070825183589
H           -3.72959823807704       -1.94636976262248       -0.81204027091563
H           -3.15740788041831       -0.51214022798047       -1.69409930697451
H           -5.08071322502003       -0.05623906958928       -0.09795505186718
H           -4.02313911446513       -0.52250272581256        1.24207144090671
H           -2.45601122465685        1.31922411493378        0.65835520272400
H           -4.07196819880016        1.95329560219601        0.97668687911910
H           -3.49797402316401        1.79396755003320       -0.68584134792178
29
 energy: -36.608806162943 gnorm: 0.002330543935 xtb: 6.7.1 (edcfbbe)
C            4.59380136377912        1.02876964072543        0.87048590893688
C            3.21974812875413        1.10383860491264        0.21548382898735
C            2.47407657562301       -0.22597768040596        0.30363563708713
C            1.10172935982754       -0.15127537590710       -0.36089140746765
C            0.37221061853955       -1.49927060013258       -0.30784344929279
C           -0.94989978965020       -1.37943352125745       -1.02723438188749
O           -1.09405941668762       -1.42315597109222       -2.22133574552230
O           -1.94709488807581       -1.17839125428732       -0.15981508751416
C           -3.25853385619719       -0.98455926278360       -0.68979569573643
C           -4.04874340525204       -0.08219155660642        0.24975058314050
C           -3.48657394208851        1.33417182242084        0.28230425725930
H            5.20598250570661        0.26986501479266        0.38744171921256
H            5.10694192790576        1.98436296305721        0.79203526263656
H            4.50217324199565        0.77390991415361        1.92437283090925
H            2.62784870638432        1.88313878358616        0.70176424441398
H            3.33356973739206        1.38215720036722       -0.83481321632371
H            2.35480026322968       -0.50507604568752        1.35340490795096
H            3.06836831272748       -1.00426515940526       -0.18080069790366
H            1.21604036832443        0.14697005984289       -1.40524001952169
H            0.49515374132346        0.60664011178509        0.14055986958261
H            0.19462120870263       -1.79152700497834        0.72676042813284
H            0.97453912375278       -2.25740086321996       -0.80954564870707
H           -3.73924238586998       -1.96588261785662       -0.78225031834851
H           -3.17405980556610       -0.54379594427307       -1.68963490387787
H           -5.08631768293818       -0.06569034891214       -0.08716444871579
H           -4.01981891983797       -0.51272550647345        1.25218931234929
H           -2.45628047543439        1.32102173033563        0.62902566478725
H           -4.06953729329736        1.95835609312466        0.95482651662110
H           -3.51144332307324        1.77741677417390       -0.71107602081668
29
 energy: -36.608829043794 gnorm: 0.002966629081 xtb: 6.7.1 (edcfbbe)
C            4.61276371675645        1.01176792107775        0.86177473657167
C            3.22895611006876        1.10704967692815        0.22990379885194
C            2.47967635861581       -0.22191795146820        0.29995403532224
C            1.09948461445685       -0.13038406312523       -0.34657352792517
C            0.36777011235806       -1.47743662099345       -0.30967871693269
C           -0.95598454525676       -1.35187860853259       -1.02553394777830
O           -1.09853907066782       -1.35887723639557       -2.22072147706132
O           -1.95627745865922       -1.19636595543734       -0.15153591668327
C           -3.27382565426666       -1.01359417374129       -0.67047822925312
C           -4.05469941688195       -0.08895187422442        0.25586609147911
C           -3.49091641941561        1.32725170637022        0.25018047414999
H            5.21297725867996        0.25884539951604        0.35449579883050
H            5.13007131229628        1.96597194949478        0.79362626683184
H            4.53651076311880        0.73704422665177        1.91204209917643
H            2.64785933366531        1.87787614790584        0.74261896821034
H            3.32774009587050        1.40834324302440       -0.81583480267284
H            2.37236377162168       -0.52221237934594        1.34544714846268
H            3.06575898768326       -0.99209517358969       -0.20753178156115
H            1.20221596543744        0.18680115314551       -1.38653928875427
H            0.50128269330465        0.61988606054144        0.17610702424019
H            0.19201885787648       -1.78404422355222        0.72107162873149
H            0.96913844820534       -2.22917556709745       -0.82238830510676
H           -3.75462410617799       -1.99757767422706       -0.73196455464208
H           -3.20079735456978       -0.59682698826558       -1.68161307427890
H           -5.09523186550006       -0.07910275206083       -0.07183551638396
H           -4.01707840118777       -0.49648722956020        1.26768991639549
H           -2.45414601093708        1.32018698694052        0.57801835182199
H           -4.06092991688951        1.96497362683771        0.92126170407181
H           -3.53353817960586        1.75093037318181       -0.75122897374221
29
 energy: -36.608853094279 gnorm: 0.002099245485 xtb: 6.7.1 (edcfbbe)
C            4.62362422449927        1.00002197702460        0.85799602709802
C            3.23516873759203        1.11033339739006        0.24024945213664
C            2.48391436546148       -0.21831110005213        0.29309632760553
C            1.09868513788885       -0.11577148541367       -0.34029518281626
C            0.36380423773490       -1.46058614869766       -0.30935748044052
C           -0.96219670480924       -1.33245014162168       -1.02122203494622
O           -1.10504552722035       -1.31603914304361       -2.21522982854204
O           -1.96265383735580       -1.20837479672553       -0.14454798561303
C           -3.28450228774665       -1.03417477826729       -0.65619022604027
C           -4.05945139854503       -0.09272847219295        0.25814079474172
C           -3.49055772453237        1.32009612051090        0.22830553304536
H            5.21544201033947        0.25222545118726        0.33458334281615
H            5.14497833442034        1.95268803070062        0.79958235344664
H            4.55520862285740        0.70981121533667        1.90420837760009
H            2.66079220516886        1.87279367242134        0.77179488515739
H            3.32574146739522        1.43061153354090       -0.80026021812099
H            2.38460327143037       -0.53639958552214        1.33404318463032
H            3.06498282040990       -0.98023718069554       -0.23194162653142
H            1.19335916852301        0.21088569653628       -1.37742140628208
H            0.50786247399874        0.63095167650130        0.19453290354085
H            0.19060051611668       -1.77354695502877        0.71954724487246
H            0.96276387694890       -2.21012572541029       -0.82784558422415
H           -3.76410222506733       -2.01938068093054       -0.69429324590921
H           -3.21900894213028       -0.63612038506550       -1.67487149072808
H           -5.10068436196798       -0.08360694392206       -0.06623930094520
H           -4.02039368370816       -0.48456352874621        1.27539672858952
H           -2.44791564500258        1.31162148602155        0.53728004161011
H           -4.04591864572420        1.96649286574612        0.90329829134991
H           -3.54910048697603        1.73388392841684       -0.77573994672961
29
 energy: -36.608849298852 gnorm: 0.007310060592 xtb: 6.7.1 (edcfbbe)
C            4.64648354466605        0.97678530911296        0.84773521386876
C            3.24656044977137        1.11563458261799        0.25956601026620
C            2.49079855423198       -0.21164015901344        0.28454237512680
C            1.09516859702098       -0.08765782265469       -0.32338005875256
C            0.35751482714380       -1.43139882356430       -0.31041517133939
C           -0.97217308293214       -1.29445818261599       -1.01518852310138
O           -1.11290500544170       -1.22150035648074       -2.21058292405678
O           -1.97547728910762       -1.23876343318554       -0.13002810887778
C           -3.30446388757045       -1.07463294850043       -0.62826883269258
C           -4.06616319406961       -0.10164731262385        0.26590423919201
C           -3.49332217617944        1.30949515207316        0.18401061186341
H            5.22243016614839        0.23900752166930        0.29091515368072
H            5.17436869148000        1.92706477965929        0.80710627262202
H            4.59615061801097        0.65657802614008        1.88734454826965
H            2.68613880216566        1.86434939420845        0.82683156100357
H            3.31875180723219        1.46881846976418       -0.77285217004021
H            2.40768191381220       -0.56026675138949        1.31809394474798
H            3.06137069061205       -0.96003756706717       -0.27259696336379
H            1.17333928121587        0.26234063661922       -1.35518450234846
H            0.51636894044395        0.64964530337461        0.23897681917155
H            0.18979286443107       -1.76337202863674        0.71413653682716
H            0.95341970808820       -2.17284656280524       -0.84536300230798
H           -3.78548610138484       -2.06058395276187       -0.62628403257430
H           -3.25061243558224       -0.70862378683262       -1.66010061950253
H           -5.11114311198852       -0.10025917124189       -0.04785698585661
H           -4.01721175449066       -0.46148126473420        1.29589577225374
H           -2.44239533473597        1.30611467134407        0.46642692518647
H           -4.02841795083044        1.97599076203216        0.85725403233278
H           -3.57656813216182        1.69734551549155       -0.83003819122694
29
 energy: -36.608887229323 gnorm: 0.002111030256 xtb: 6.7.1 (edcfbbe)
C            4.63569144175756        0.98508558044775        0.85300835866710
C            3.24155894358185        1.11432925731001        0.25211518019873
C            2.48767933033536       -0.21304983069095        0.28459671598754
C            1.09622462175054       -0.09797557580074       -0.33208012222363
C            0.35958046801562       -1.44228130114336       -0.30877519572295
C           -0.97002400187059       -1.30790935780437       -1.01401870553103
O           -1.11202566356514       -1.25152528859794       -2.20835901491688
O           -1.97087918403657       -1.23218902086062       -0.13275810445636
C           -3.29629230803542       -1.06030308305579       -0.63732200769750
C           -4.06244438103044       -0.09830611354173        0.26253914858230
C           -3.48982268312880        1.31235310041180        0.19982859633224
H            5.21815073256859        0.24553917705853        0.30805835558959
H            5.16177432310116        1.93580464326324        0.80931108534444
H            4.57610396177509        0.67323779558874        1.89353224911248
H            2.67523729025550        1.86616474688870        0.80579408153510
H            3.32249030671560        1.45651613509711       -0.78160587690938
H            2.39837535416086       -0.55168467080276        1.31938174182581
H            3.06261934715821       -0.96428748340523       -0.26115588500934
H            1.17983434593489        0.24115813565515       -1.36655589185703
H            0.51356019231551        0.64384178165819        0.21888782407415
H            0.19238832100214       -1.76644636425281        0.71825976992507
H            0.95485687123900       -2.18756301047476       -0.83869630671175
H           -3.77798308946873       -2.04348506908211       -0.65172705710581
H           -3.23497102000944       -0.68193782661193       -1.66245914889241
H           -5.10600612258157       -0.09346482031540       -0.05659654517094
H           -4.01832066986353       -0.46942337856044        1.28781740449629
H           -2.44281196396984        1.30462195592137        0.49208517474467
H           -4.03058601611077        1.97282027022017        0.87323861955978
H           -3.56395874799732        1.71035961547903       -0.80974451339868
29
 energy: -36.608901517421 gnorm: 0.001490911927 xtb: 6.7.1 (edcfbbe)
C            4.63872965457308        0.98062823018213        0.85223679052656
C            3.24299991853662        1.11591722269783        0.25616725908919
C            2.48905111965485       -0.21161687744884        0.28109540510195
C            1.09580128805858       -0.09248322179205       -0.33054919904197
C            0.35804039421897       -1.43618930197935       -0.30902090670426
C           -0.97275377492347       -1.29989601678157       -1.01155991380331
O           -1.11495119007244       -1.23165000338778       -2.20501245437654
O           -1.97355126477735       -1.24053670495162       -0.12960595203285
C           -3.30035201195843       -1.06884112807894       -0.63154874312087
C           -4.06256456311141       -0.09964930278149        0.26412942930544
C           -3.48816011666471        1.30980240808812        0.19104185231623
H            5.21905827973472        0.24500383194530        0.29944394132187
H            5.16551856441237        1.93126036232639        0.81502170272582
H            4.58148909781482        0.66009863112583        1.89046354379253
H            2.67880049576977        1.86367216553126        0.81777138273522
H            3.32099884855132        1.46617730884761       -0.77521238197465
H            2.40292015454493       -0.55786063471336        1.31368396358364
H            3.06211193301718       -0.95890213223331       -0.27214249533343
H            1.17583666263242        0.24964981055280       -1.36430819819152
H            0.51558831023013        0.64803670277730        0.22473798885109
H            0.19284116288647       -1.76272678370296        0.71743272520393
H            0.95168982638616       -2.18071145321243       -0.84165720761043
H           -3.78391539463418       -2.05145243263043       -0.63717158654518
H           -3.24052352303582       -0.69716605313835       -1.65951134339596
H           -5.10710915152702       -0.09576269907269       -0.05225551540269
H           -4.01644196009727       -0.46407235683184        1.29179664341596
H           -2.43986117919305        1.30223847092802        0.47857617604613
H           -4.02496084233831        1.97484211853843        0.86302957216351
H           -3.56633073868964        1.70218983919484       -0.82047254827380
29
 energy: -36.608869482027 gnorm: 0.013165294667 xtb: 6.7.1 (edcfbbe)
C            4.65944715137958        0.95105177170349        0.84696944606645
C            3.25245529418983        1.12601936115316        0.28559291117934
C            2.49799980035396       -0.20229951139264        0.25563483460465
C            1.09160904879138       -0.05515216599953       -0.31927364608290
C            0.34575556875603       -1.39469941904378       -0.31109912104308
C           -0.99311261158368       -1.24173460452016       -0.99479187785238
O           -1.13584537604540       -1.07405429970762       -2.18336700592106
O           -1.99417969409702       -1.30828165659042       -0.10683421815655
C           -3.33035480131403       -1.13191206997272       -0.58819868547825
C           -4.06133737695762       -0.10924652433104        0.27773740209314
C           -3.47328584283343        1.29094411995748        0.12657658601438
H            5.22674551769243        0.24605125338791        0.23921065307544
H            5.18943804788939        1.90170691724725        0.85779444972277
H            4.61852286198350        0.56766887237083        1.86731675342917
H            2.70237656127780        1.84418524546900        0.90136072052174
H            3.31019234902663        1.53319523206057       -0.72833329629059
H            2.43459062281366       -0.60283570593466        1.27206864735632
H            3.05855698398118       -0.92050942589381       -0.35015326384285
H            1.14693629622191        0.30941941833365       -1.34749952693712
H            0.52940294593764        0.67631670910786        0.26701351613319
H            0.19484535675102       -1.74104160928730        0.71090194987606
H            0.92819459116920       -2.13221559987457       -0.86562822510613
H           -3.82957098808027       -2.10778705075593       -0.53485663999306
H           -3.28058331987686       -0.80628572641027       -1.63454602703004
H           -5.11288221381416       -0.10980738314810       -0.01685687007898
H           -3.99927416008107       -0.42530002104400        1.32208006997256
H           -2.41686740750708        1.28556890099890        0.38412263483801
H           -3.98407477686866        1.99140957685793        0.78391236765712
H           -3.57570042915680        1.63962539525742       -0.90025460835581
29
 energy: -36.608968508050 gnorm: 0.003457929636 xtb: 6.7.1 (edcfbbe)
C            4.65038469510812        0.96242950005051        0.85109532575155
C            3.24807523575876        1.12244159067796        0.27597147315521
C            2.49485905551399       -0.20598618909154        0.26177814929504
C            1.09331069184984       -0.06862030359201       -0.32616050553361
C            0.34879623635248       -1.40878105396048       -0.31077720290039
C           -0.98752359990393       -1.26106210894673       -0.99964797702771
O           -1.13132873426273       -1.12541914453163       -2.18782381197511
O           -1.98766712842712       -1.28861542550578       -0.11578751555475
C           -3.32092807365837       -1.11101818095562       -0.60278038391950
C           -4.05937144426845       -0.10555666083500        0.27429389526879
C           -3.47455846935150        1.29656746532985        0.14857685801304
H            5.22510627599925        0.25075085907618        0.26148473522005
H            5.17727240036589        1.91390493932492        0.85007602767580
H            4.60209854285928        0.59723980931528        1.87565273264358
H            2.69143601899357        1.84909839164275        0.87280103648146
H            3.31404244874244        1.51125684366501       -0.74296485516358
H            2.42336543730874       -0.58956000682209        1.28274130695575
H            3.06050725934493       -0.93246394949135       -0.32661137541982
H            1.15745869598683        0.28624065471046       -1.35676074769867
H            0.52539469533282        0.66738076268186        0.24789233777391
H            0.19351572598826       -1.74653692658911        0.71316635467272
H            0.93373605617974       -2.14999407988012       -0.85697458082564
H           -3.81703816967096       -2.08802849010658       -0.56971881850361
H           -3.26812080596823       -0.76917604256258       -1.64289541490236
H           -5.10900247130869       -0.10297208306626       -0.02525882921425
H           -4.00088047022117       -0.43818913933771        1.31237615799440
H           -2.42177515981840        1.29054660098151        0.41981219308171
H           -3.99644785782940        1.98643368610666        0.80706932505310
H           -3.56471708699687        1.65768868171055       -0.87402596002553
29
 energy: -36.608990889757 gnorm: 0.002785187453 xtb: 6.7.1 (edcfbbe)
C            4.64957808226921        0.96246683259281        0.85251128779508
C            3.24744003833382        1.12233102198652        0.27760731714382
C            2.49523306078733       -0.20634013483473        0.25908244776471
C            1.09325098182971       -0.06780671610683       -0.32726738816402
C            0.34687285860805       -1.40693078953848       -0.31126139590539
C           -0.98994942400785       -1.25705467236756       -0.99871966190284
O           -1.13472144688426       -1.11086455970080       -2.18528624798202
O           -1.98952783897320       -1.29553856052381       -0.11568847817032
C           -3.32314411011342       -1.11496302592036       -0.60002031932774
C           -4.05726014695035       -0.10594164777103        0.27615921389518
C           -3.47022842229618        1.29433172504828        0.14477087995015
H            5.22612464437645        0.25554743111282        0.25961046575093
H            5.17442304812049        1.91478630159544        0.85666130294288
H            4.60174680610079        0.59201455492494        1.87473866334285
H            2.68986709142969        1.84615498417014        0.87619646887657
H            3.31330706519875        1.51434119204893       -0.73966035545485
H            2.42446650778307       -0.59334089131545        1.27839994920969
H            3.06114747393955       -0.93004951479089       -0.33168121207107
H            1.15666609496791        0.28726601010815       -1.35774932340473
H            0.52711371943802        0.66889151543767        0.24756648625086
H            0.19206833636038       -1.74534779258902        0.71260750057253
H            0.93024594100900       -2.14869581948263       -0.85854151776860
H           -3.82095619167924       -2.09030986231238       -0.56483914522030
H           -3.27181016201591       -0.77466431466973       -1.64021802178751
H           -5.10755684744057       -0.10156176772784       -0.02046748594377
H           -3.99622999511690       -0.43572841719233        1.31481540601571
H           -2.41790746109582        1.28823876250378        0.41774422927823
H           -3.99223314326690        1.98811019152685        0.79902484209683
H           -3.55802656071247        1.65065796378648       -0.87949597741126
29
 energy: -36.609062593623 gnorm: 0.002881943915 xtb: 6.7.1 (edcfbbe)
C            4.65065248832635        0.95986812848629        0.85628881880196
C            3.24628144787108        1.12215149026993        0.28827461566609
C            2.49820639042224       -0.20806842785305        0.24821080892532
C            1.09298448801208       -0.06034802623778       -0.32839982363110
C            0.33770204948604       -1.39429946596601       -0.31521110183751
C           -1.00098925677798       -1.23353371161221       -0.99676096292292
O           -1.15002760965705       -1.03763649428221       -2.17578365771875
O           -1.99898002281362       -1.32565863457248       -0.11569185580489
C           -3.33605977278438       -1.13751748672842       -0.58497130276823
C           -4.04939407706380       -0.10867059452109        0.28560420169995
C           -3.45243205073000        1.28377165924973        0.12214578235040
H            5.23258585851766        0.27414857758683        0.24428487523226
H            5.16670275547606        1.91636796497924        0.88367688028082
H            4.60899551918305        0.56320152158575        1.86834990856266
H            2.68696627337179        1.83263993437047        0.90041512356064
H            3.30765112253276        1.53242255003560       -0.72159721943982
H            2.43291938783324       -0.61392520481984        1.26021114502422
H            3.06335735331665       -0.91910969052385       -0.35770449352708
H            1.15144988424917        0.30070342353139       -1.35703072434380
H            0.53581854581915        0.67701897812067        0.25465435744389
H            0.18355802490613       -1.73846536353322        0.70710911185090
H            0.91443065501733       -2.13748071637356       -0.86832746470017
H           -3.84080346887203       -2.10771774539787       -0.53069098809212
H           -3.29599970512688       -0.81049136967473       -1.62951723114068
H           -5.10349518077625       -0.09851787306876        0.00427170539641
H           -3.97529506267448       -0.42180008760084        1.32853536838153
H           -2.40091973371259        1.27868303181820        0.39940559886474
H           -3.97263848789116        1.99677213765575        0.75774466357666
H           -3.53322781546153        1.61549149507508       -0.91089620931970
29
 energy: -36.609086971829 gnorm: 0.009390848462 xtb: 6.7.1 (edcfbbe)
C            4.65239290474874        0.95570589683595        0.86123929184412
C            3.24394528195003        1.12230911149304        0.30424492894138
C            2.50242637047078       -0.21084975269021        0.23288106793880
C            1.09265207789146       -0.04909531559787       -0.32980516856993
C            0.32498856653165       -1.37560318073310       -0.32208790198458
C           -1.01671817707798       -1.19818871736315       -0.99434590917620
O           -1.17210384303120       -0.93096464278873       -2.16133710238828
O           -2.01225287861561       -1.36878300534672       -0.11562347955576
C           -3.35454593949102       -1.17085765885439       -0.56290850977882
C           -4.03776406459281       -0.11200042512165        0.29863889255317
C           -3.42617001197133        1.26899507742949        0.08932725496743
H            5.24129444558736        0.30024414285357        0.22108383643279
H            5.15587713364370        1.91845640998658        0.92243445000042
H            4.62011150411327        0.52051543077946        1.85883721984109
H            2.68269561638064        1.81343023409731        0.93805015021591
H            3.29747075002929        1.56001856750510       -0.69531428887610
H            2.44535199529738       -0.64455035256612        1.23460107178196
H            3.06599681265177       -0.90381218157856       -0.39626648580532
H            1.14377104577516        0.32126313651088       -1.35561750598451
H            0.54756439498197        0.68806678307773        0.26551445137477
H            0.17190377939219       -1.72827941467188        0.69785457658602
H            0.89195290599668       -2.12077053074929       -0.88374510499310
H           -3.86978184271028       -2.13409977260839       -0.47703404026433
H           -3.33101158587874       -0.86536462786631       -1.61506245879910
H           -5.09745890073583       -0.09443871308747        0.03899853179402
H           -3.94576085699448       -0.40086905068528        1.34775796143683
H           -2.37587605267498        1.26495624532232        0.37255765396322
H           -3.94332768842264        2.00927329969874        0.69775952223798
H           -3.49762374324624        1.56529300671806       -0.95603297536214
29
 energy: -36.609122216642 gnorm: 0.002312958597 xtb: 6.7.1 (edcfbbe)
C            4.65128543235285        0.95819767445449        0.86196441033635
C            3.24260785464245        1.12141881716710        0.30323167370621
C            2.50166652102529       -0.21225818952547        0.23484261640015
C            1.09288697800178       -0.05125156677573       -0.33099941905936
C            0.32556920169359       -1.37760927529625       -0.32393377895068
C           -1.01576113347646       -1.20182906282546       -0.99716783203756
O           -1.17231045192274       -0.94446902152803       -2.16228741164521
O           -2.01048004753833       -1.36113283045724       -0.11928158900287
C           -3.35287366416829       -1.16674065788313       -0.56580737818853
C           -4.03741689174278       -0.11067648136911        0.29752860248287
C           -3.42549907194493        1.27019571161506        0.09376714591240
H            5.24094376945977        0.30052298090760        0.22629653836322
H            5.15388422303604        1.92104524957514        0.91934179190803
H            4.61906230459051        0.52811588486727        1.86084792308844
H            2.68025162729320        1.81448147850751        0.93455212039173
H            3.29616091503455        1.55583048206998       -0.69795582152407
H            2.44295336493207       -0.64276521737170        1.23794327328516
H            3.06616574023892       -0.90741937286812       -0.39143374522454
H            1.14613298512558        0.31899048899535       -1.35688868986421
H            0.54618951200783        0.68567801722716        0.26307317474843
H            0.17057933326056       -1.72888832588377        0.69618466779475
H            0.89319605405930       -2.12374239497025       -0.88352777050900
H           -3.86582077818456       -2.13149676631627       -0.47939275554980
H           -3.33181276585212       -0.86075201257651       -1.61815067883958
H           -5.09652186448624       -0.09240011304185        0.03664803179448
H           -3.94655082040963       -0.40335517710780        1.34513497769223
H           -2.37563413890383        1.26567139234941        0.37961576684515
H           -3.94405388165445        2.00755790315629        0.70266428099059
H           -3.49480030647097        1.56908038490347       -0.95021019497302
29
 energy: -36.609140910315 gnorm: 0.002106369023 xtb: 6.7.1 (edcfbbe)
C            4.64990296328356        0.95838646678922        0.86281126920339
C            3.24133305402733        1.12141019326167        0.30398511768600
C            2.50039086294202       -0.21188539960086        0.23395022524430
C            1.09199900937050       -0.05103883943544       -0.33183669542614
C            0.32520817010191       -1.37747829010202       -0.32602316241620
C           -1.01764672576021       -1.19934283216254       -0.99620624493273
O           -1.17550123883245       -0.93162978941897       -2.15925144713366
O           -2.01042298822613       -1.36578313351743       -0.11805928447961
C           -3.35275971986344       -1.16918587970711       -0.56306090310962
C           -4.03563798922167       -0.11012261076272        0.29733250867686
C           -3.42103188772581        1.26874228248162        0.09214879561678
H            5.23929955644367        0.30190440415482        0.22734696444448
H            5.15241484489837        1.92065828084381        0.92145892052668
H            4.61725960344409        0.52761685099008        1.86059872841613
H            2.67892429401130        1.81335791117644        0.93536658985799
H            3.29501496420299        1.55631894496696       -0.69626187813705
H            2.44107684098596       -0.64284021538583        1.23615419836271
H            3.06502412801192       -0.90610348106954       -0.39231895941326
H            1.14507872970209        0.31998798570477       -1.35740363024057
H            0.54469204519497        0.68476303601115        0.26242467970807
H            0.17212486271266       -1.73062061319810        0.69388891117271
H            0.89163674969660       -2.12295062680193       -0.88790215712613
H           -3.86655591092628       -2.13208319547697       -0.47278034737871
H           -3.33209361676535       -0.86593152494642       -1.61532504803189
H           -5.09429795711304       -0.09043110278058        0.03531664398579
H           -3.94658143462744       -0.40166646786570        1.34492455816988
H           -2.37150139126234        1.26218473456059        0.37821158048039
H           -3.93768821912934        2.00804530635202        0.69880111367002
H           -3.48966159957749        1.56571760493816       -0.95169111702485
29
 energy: -36.609155052210 gnorm: 0.000722855472 xtb: 6.7.1 (edcfbbe)
C            4.64957127601055        0.95803399037346        0.86196418526464
C            3.24115659289266        1.12176418526940        0.30359925000659
C            2.49980951604563       -0.21142558494479        0.23533679190260
C            1.09139494438354       -0.05133884003073       -0.33043301627668
C            0.32586047161500       -1.37858147402537       -0.32730248808406
C           -1.01756650647333       -1.19849116654022       -0.99541025260669
O           -1.17597827723517       -0.92421059143569       -2.15616842743958
O           -2.00971505012370       -1.36756464282270       -0.11741440976624
C           -3.35224316699564       -1.17004787627366       -0.56226324785749
C           -4.03545234455265       -0.11013306018308        0.29677472416740
C           -3.42035000800936        1.26876898204982        0.09168114763045
H            5.23798890132323        0.29983222903480        0.22670560763769
H            5.15287981280983        1.92023564671700        0.91862550765440
H            4.61643738927207        0.52877464172168        1.86095819931928
H            2.67947928384163        1.81423438020561        0.93484350832585
H            3.29484222440739        1.55606291214336       -0.69696856135973
H            2.44039498996859       -0.64151753220496        1.23803062565670
H            3.06424676677722       -0.90632338969884       -0.39037351168911
H            1.14422863178978        0.32115666369969       -1.35530166717926
H            0.54307300468322        0.68296088249320        0.26463206835604
H            0.17443632610002       -1.73493690542732        0.69145859055081
H            0.89215458940700       -2.12147201469510       -0.89209361463489
H           -3.86667492033167       -2.13205132451210       -0.47054098412274
H           -3.33133534141458       -0.86818302892872       -1.61477314876159
H           -5.09390253341723       -0.09037234914733        0.03287153920677
H           -3.94838651502337       -0.40105834305951        1.34502578641484
H           -2.37074958742167        1.26134586227788        0.37679634003549
H           -3.93598849838054        2.00872191030361        0.69865701644527
H           -3.48961197194951        1.56581583763977       -0.95231762842500
29
 energy: -36.609185875692 gnorm: 0.002786158649 xtb: 6.7.1 (edcfbbe)
C            4.64877371934095        0.95698640414086        0.85765562109660
C            3.24005824122433        1.12262197509269        0.30228279900798
C            2.49674954957961       -0.20990633694549        0.24261726862213
C            1.08837289119942       -0.05215470777079       -0.32288424645994
C            0.32838507809086       -1.38294654440513       -0.33392507881726
C           -1.01798193607824       -1.18807191421009       -0.99123615041497
O           -1.17936431088753       -0.88568910863612       -2.14362578566993
O           -2.00727087442577       -1.37609672280866       -0.11442370228811
C           -3.35107145032970       -1.17582586918857       -0.55755621047000
C           -4.03468868551719       -0.11021260514940        0.29402265030054
C           -3.41584046210236        1.26751601467697        0.08805927407267
H            5.23203161520833        0.28950408934930        0.22565161789448
H            5.15731374433388        1.91758178948834        0.90384839005073
H            4.61540460329424        0.53648819153376        1.86176317876509
H            2.68169854523177        1.81882084928922        0.93180510990980
H            3.29258083269411        1.55233748707495       -0.70045522067437
H            2.43751606121187       -0.63443949806315        1.24801035103090
H            3.06002429813720       -0.90882696582268       -0.37975744463390
H            1.14002082493116        0.32907726581375       -1.34418069631078
H            0.53535386602926        0.67405239947963        0.27757147368774
H            0.18523609247889       -1.75612890823318        0.67946756332705
H            0.89274737478991       -2.11391377991662       -0.91474681138017
H           -3.86729715828731       -2.13493875740710       -0.45825444883708
H           -3.32956839969881       -0.88013755939478       -1.61137013863089
H           -5.09180521878006       -0.08937732917934        0.02183989360867
H           -3.95684067378729       -0.39730371445321        1.34493779893584
H           -2.36553241529428        1.25599189873933        0.36854490421215
H           -3.92645062140815        2.00979028835540        0.69707106540485
H           -3.48855513118012        1.56520166854927       -0.95613309496809
29
 energy: -36.609200383820 gnorm: 0.001867361024 xtb: 6.7.1 (edcfbbe)
C            4.64943997007773        0.95699880172993        0.85624196052985
C            3.24006935374876        1.12236605670518        0.30222709584440
C            2.49569402436184       -0.20968563862383        0.24593848769082
C            1.08732839440433       -0.05136261567998       -0.31913263812530
C            0.32813319834709       -1.38261333543144       -0.33701668731258
C           -1.01944875829061       -1.18437717078108       -0.99083284112586
O           -1.18195404277584       -0.87093250753911       -2.14057704043991
O           -2.00785138106926       -1.38074293004721       -0.11458172999722
C           -3.35215914194118       -1.17880774061234       -0.55566198919781
C           -4.03425826278096       -0.11021870133498        0.29350973187091
C           -3.41300901330120        1.26592078728888        0.08562649854948
H            5.23066325268572        0.28619149649399        0.22634406488864
H            5.15983614695267        1.91662147964234        0.89815485316920
H            4.61734892421686        0.54040773182328        1.86162801876289
H            2.68279103131323        1.82049951398828        0.93068588031406
H            3.29148708826966        1.54969708408987       -0.70157526404312
H            2.43684296583802       -0.63205350766048        1.25217695117295
H            3.05802628247123       -0.91034115853387       -0.37533442953457
H            1.13881411462492        0.33437384563607       -1.33888069929981
H            0.53316803485075        0.67153742401768        0.28433149997370
H            0.18748283088843       -1.76289712962828        0.67421363993629
H            0.89165501858996       -2.10941558119268       -0.92415755923864
H           -3.86872859459763       -2.13753815078639       -0.45299188515184
H           -3.33162191143081       -0.88551626921280       -1.61022836494321
H           -5.09088429050628       -0.08798149960957        0.02008539122925
H           -3.95827976126633       -0.39540822025696        1.34484576709691
H           -2.36218412908691        1.25286303167501        0.36449028358115
H           -3.92148570717680        2.00888084961130        0.69541918931346
H           -3.48691563741842        1.56353405422836       -0.95834825514236
29
 energy: -36.609230355948 gnorm: 0.003541302813 xtb: 6.7.1 (edcfbbe)
C            4.65351296229097        0.95626019002824        0.85081119337519
C            3.24126355189203        1.12018574059339        0.30247691892311
C            2.49130052206295       -0.20935908186852        0.25978694384310
C            1.08289207222082       -0.04523242238469       -0.30268112185608
C            0.32502198669507       -1.37677271348100       -0.35024125350317
C           -1.02752446851423       -1.16229122862373       -0.98919215914317
O           -1.19535998090352       -0.81038625704564       -2.12897411162560
O           -2.01236757849758       -1.39992960646447       -0.11704112936054
C           -3.35919241756537       -1.19408310336096       -0.54813682782471
C           -4.03171844049391       -0.11164405850913        0.29196753326538
C           -3.39878058253697        1.25680078062335        0.07386238150784
H            5.22642094247191        0.27224843932532        0.22936509274317
H            5.17013950956923        1.91257117929309        0.87423466060688
H            4.62693388564966        0.55653503820743        1.86159018415575
H            2.68882450495724        1.82660322647671        0.92668817491244
H            3.28843807385698        1.53788669510974       -0.70555680909815
H            2.43407961636714       -0.62364081364156        1.26907160516676
H            3.04834774797759       -0.91729284505866       -0.35804043717640
H            1.13394871562303        0.36174975073079       -1.31505133970917
H            0.52605153888329        0.66380739901515        0.31520571261757
H            0.19310470643325       -1.78628097069013        0.65173961131247
H            0.88381386881134       -2.08786688675700       -0.96294913171986
H           -3.87703570635278       -2.15139533827328       -0.42951728348324
H           -3.34557267311767       -0.91170760848454       -1.60625211071931
H           -5.08682867696572       -0.08208532767346        0.01625516693246
H           -3.96060229234746       -0.38812023721505        1.34488973373904
H           -2.34583312376725        1.23653895761632        0.34659011232196
H           -3.89721198136490        2.00471695700738        0.68536223129028
H           -3.47606628333612        1.55218414550405       -0.96966361112232
29
 energy: -36.609243407355 gnorm: 0.002158729610 xtb: 6.7.1 (edcfbbe)
C            4.65429905543043        0.95553792358758        0.85110225843103
C            3.24200132165420        1.11973618994377        0.30286694245273
C            2.49082445192287       -0.20908631883696        0.25996123377334
C            1.08219691136465       -0.04312561683780       -0.30184807176170
C            0.32355735774223       -1.37376194116307       -0.35066292687428
C           -1.02884537625488       -1.16167123509152       -0.99038388248267
O           -1.19728705266919       -0.81113429616699       -2.12974803643202
O           -2.01337950556436       -1.40078058660584       -0.11894133270695
C           -3.36044004530748       -1.19525678236039       -0.54846851228312
C           -4.03095095906442       -0.11241108342207        0.29264121778591
C           -3.39691466461866        1.25525103180305        0.07280823911921
H            5.22704766377211        0.27112683046369        0.23000736725566
H            5.17075602624371        1.91190537332473        0.87355414986829
H            4.62779692669107        0.55677085263043        1.86223224006561
H            2.68995381426989        1.82650811543853        0.92695459160897
H            3.28952183330984        1.53722507647222       -0.70517052517849
H            2.43364155630540       -0.62383813734441        1.26902227273498
H            3.04690427010604       -0.91724836976709       -0.35843081598795
H            1.13342451767155        0.36521825620650       -1.31345531317977
H            0.52635223000936        0.66558787464815        0.31706429180364
H            0.19068474608140       -1.78317972328982        0.65080670794011
H            0.88265536108319       -2.08480602822339       -0.96247882383400
H           -3.87846480257379       -2.15220484171563       -0.42853071474963
H           -3.34893505599824       -0.91372072556970       -1.60679520457254
H           -5.08666454021651       -0.08196731330795        0.01935207159031
H           -3.95737943878876       -0.38879008977105        1.34543673864891
H           -2.34394671429423        1.23435571194797        0.34542595393014
H           -3.89442927150653        2.00450171693188        0.68341494886824
H           -3.47398061680188        1.54925813607432       -0.97113713546228
29
 energy: -36.609265056772 gnorm: 0.000688672794 xtb: 6.7.1 (edcfbbe)
C            4.65632908047791        0.95266522643159        0.85084011487143
C            3.24391619786128        1.11856660689163        0.30351420694784
C            2.48817618964474       -0.20781401308788        0.26232236590891
C            1.07845087797786       -0.03613516066682       -0.29624548572463
C            0.31946007568916       -1.36554907320348       -0.35365341663833
C           -1.03346476168610       -1.15534769210755       -0.99310869801940
O           -1.20493727229838       -0.79691937780294       -2.12869768155471
O           -2.01614916576326       -1.40778635642235       -0.12426738442722
C           -3.36446689631549       -1.20195504220376       -0.54763053849177
C           -4.02733034875229       -0.11510038625263        0.29451845218395
C           -3.38892498868570        1.24963237889660        0.06734021067927
H            5.22704783749646        0.26431076701860        0.23165029910779
H            5.17386958523726        1.90879752891166        0.86731118237342
H            4.62994156997506        0.55928301387595        1.86456151958324
H            2.69432556106361        1.82742387165068        0.92710449600009
H            3.29237713357744        1.53456775720494       -0.70503289396930
H            2.43164588352878       -0.62328041926858        1.27119555740342
H            3.04020240290344       -0.91753466621470       -0.35789382705879
H            1.12947154230547        0.38012491893488       -1.30424157697087
H            0.52506477920619        0.66892952097113        0.32868320277281
H            0.18582462044500       -1.78070265059736        0.64477880267754
H            0.87934234972411       -2.07249716595412       -0.96849389735742
H           -3.88398071487080       -2.15678903550732       -0.42107897662459
H           -3.35975599965148       -0.92474987554868       -1.60702763284334
H           -5.08486380656622       -0.08128394868396        0.02780758542832
H           -3.94764449287664       -0.38944979022154        1.34780996615371
H           -2.33573648602568        1.22582392039933        0.33843840012703
H           -3.88217009357250        2.00471186535204        0.67450167684408
H           -3.46602066005021        1.53805727720379       -0.97840609901081
29
 energy: -36.609280873622 gnorm: 0.000846326218 xtb: 6.7.1 (edcfbbe)
C            4.65808880792340        0.94829940631273        0.84972893868623
C            3.24555045598931        1.11799140967888        0.30400000699128
C            2.48410466062889       -0.20525754095699        0.26575864429931
C            1.07260644214322       -0.02728944151565       -0.28738137690937
C            0.31505905446732       -1.35660931059288       -0.35895070011573
C           -1.03949414563406       -1.14304564861242       -0.99458026994977
O           -1.21537005020593       -0.76525062511733       -2.12312889453800
O           -2.01917698275105       -1.42041680407786       -0.12952869865644
C           -3.36943881489656       -1.21271807295436       -0.54447223159298
C           -4.02180989532737       -0.11835342716257        0.29668033897847
C           -3.37720315816569        1.24191212679341        0.05822558286941
H            5.22476519659878        0.25323903993060        0.23367632256514
H            5.17972693203800        1.90258657434931        0.85842991275755
H            4.63180275528895        0.56194373962646        1.86657558296799
H            2.69969411342627        1.83004849298211        0.92698192232607
H            3.29474825565717        1.53179041561215       -0.70543899997209
H            2.42953162881982       -0.62121631919827        1.27464529950643
H            3.03048330207823       -0.91707465252748       -0.35709246939351
H            1.12142667108722        0.40128488316828       -1.29022982183460
H            0.52096895883392        0.67042949061553        0.34739797127052
H            0.18248285650683       -1.78337890213526        0.63467076480939
H            0.87571833667105       -2.05560182430614       -0.98207359828253
H           -3.89110229249994       -2.16459870264208       -0.40767680688464
H           -3.37234960109410       -0.94180139500367       -1.60543385810740
H           -5.08129108926579       -0.08030434703848        0.03740435815707
H           -3.93595277091719       -0.38828888957229        1.35107883302813
H           -2.32359850619749        1.21465395695414        0.32684699421701
H           -3.86496174224594        2.00469111340285        0.66040896587520
H           -3.45500937895819        1.52233525398644       -0.98992278269650
29
 energy: -36.609294276562 gnorm: 0.001530763327 xtb: 6.7.1 (edcfbbe)
C            4.65840018071340        0.94306004290046        0.84883070185169
C            3.24620888150908        1.11905095114894        0.30424643432245
C            2.48005963702086       -0.20137824125884        0.26716130121449
C            1.06656321034070       -0.01921026870996       -0.27941520233479
C            0.31181323994931       -1.34954154641864       -0.36388917528595
C           -1.04484585481763       -1.13084103340360       -0.99366071007997
O           -1.22500640893688       -0.72934128674988       -2.11386786502294
O           -2.02120819039559       -1.43488764262380       -0.13270019004447
C           -3.37325353395297       -1.22351006420131       -0.53990669960909
C           -4.01564982649140       -0.12094482180345        0.29867803248699
C           -3.36609448644465        1.23479679626131        0.04830965086991
H            5.22012039934955        0.24210669587245        0.23491911087780
H            5.18643451724275        1.89378695646625        0.85361926636292
H            4.63129408983036        0.56033872123644        1.86688869535380
H            2.70394138090276        1.83360311226902        0.92745768341350
H            3.29613585134878        1.53224332937264       -0.70544465187381
H            2.42866336423997       -0.61892873223082        1.27559530618543
H            3.02140792930266       -0.91383845944242       -0.35931853083864
H            1.11097900088239        0.42070720663228       -1.27764981169693
H            0.51547188240892        0.67016725712620        0.36510051025684
H            0.18201090874932       -1.78817105052676        0.62524597814275
H            0.87312343680281       -2.04027398153143       -0.99615679423673
H           -3.89686669033797       -2.17271252204429       -0.39335829009156
H           -3.38175608569948       -0.95819596218613       -1.60218712797114
H           -5.07650340279583       -0.07954604928790        0.04581822506004
H           -3.92480911550269       -0.38534244527131        1.35416098984164
H           -2.31215812748445        1.20571186140794        0.31516304956747
H           -3.84997626126025        2.00420154378089        0.64497221592635
H           -3.44449992647475        1.50688963321488       -1.00201217227640
29
 energy: -36.609304763659 gnorm: 0.000867991005 xtb: 6.7.1 (edcfbbe)
C            4.65709414156280        0.93729619961830        0.84977706516053
C            3.24620809900514        1.12172803166264        0.30460684540920
C            2.47745189242015       -0.19681941200818        0.26336891846977
C            1.06209861439630       -0.01272803241569       -0.27693834657719
C            0.30996037660941       -1.34431445268041       -0.36490989846899
C           -1.04792473896370       -1.12431722895636       -0.99127238132147
O           -1.23078442711795       -0.70991693042354       -2.10570787164116
O           -2.02186652169530       -1.44447506416853       -0.13393024386470
C           -3.37497885676101       -1.23035218985434       -0.53650471497373
C           -4.01030200675486       -0.12282012923437        0.30084728442555
C           -3.35929793347921        1.23019525433951        0.04108931893506
H            5.21516283558437        0.23483684233662        0.23461039771666
H            5.19107378727082        1.88440533901041        0.85835520555545
H            4.62703435285832        0.55121491001330        1.86623095317656
H            2.70608479800519        1.83607403789042        0.92991331878535
H            3.29799665855240        1.53822022503774       -0.70366373438646
H            2.42943210925792       -0.61912184870005        1.27003913902884
H            3.01581289401734       -0.90682157622656       -0.36841729704251
H            1.10125546199503        0.43199705218884       -1.27307807090916
H            0.51199490546137        0.67194707836198        0.37315765264939
H            0.18216255749917       -1.78662113044512        0.62274183147591
H            0.87211911707961       -2.03173918076735       -0.99996434529161
H           -3.89966904559478       -2.17788021016888       -0.38451457262467
H           -3.38644571020548       -0.96769290986362       -1.59928904627132
H           -5.07238709012607       -0.08034762163442        0.05400214512544
H           -3.91403880583213       -0.38305356995163        1.35684444941477
H           -2.30548621596235        1.20226507093491        0.30847026421752
H           -3.84282866842941        2.00408251943235        0.63185745973888
H           -3.43693258065399        1.49475892667118       -1.01112179554027
29
 energy: -36.609310556626 gnorm: 0.000804418270 xtb: 6.7.1 (edcfbbe)
C            4.65668218171084        0.93430774159091        0.85069214981551
C            3.24642630096189        1.12350504783677        0.30563359449384
C            2.47719154376841       -0.19455285711180        0.25985901552178
C            1.06078330765096       -0.00986043087438       -0.27644383838982
C            0.30926457730372       -1.34192274124175       -0.36558273203900
C           -1.04985628124499       -1.12176873252567       -0.98852439812446
O           -1.23427768623377       -0.69671840284239       -2.09909448985763
O           -2.02227306911623       -1.45092224067999       -0.13336734919898
C           -3.37596845087437       -1.23431577124166       -0.53338281045115
C           -4.00815489501227       -0.12357514761835        0.30199961100339
C           -3.35683251666488        1.22812468986424        0.03655140686695
H            5.21267435539469        0.23269143515472        0.23278639255709
H            5.19310581522847        1.87996597605622        0.86350825468362
H            4.62440807818680        0.54410425777082        1.86564261260800
H            2.70684192397892        1.83635652869243        0.93322530447678
H            3.29900106742472        1.54355631525586       -0.70110064255477
H            2.43153188894928       -0.62108287034109        1.26480060694919
H            3.01486635909099       -0.90152045174236       -0.37594416741601
H            1.09675214264448        0.43706607001520       -1.27181769853410
H            0.51159412982452        0.67273477715349        0.37649968316818
H            0.18460018145409       -1.78679488344820        0.62145187517897
H            0.87018058229683       -2.02790375114373       -1.00330521078257
H           -3.90167452142569       -2.18075595812313       -0.37789835424281
H           -3.38904709377455       -0.97427764018781       -1.59693890194117
H           -5.07054405541859       -0.08083654923654        0.05694274192069
H           -3.91000171667333       -0.38026863325793        1.35850824289385
H           -2.30292117845102        1.20187972898006        0.30446685905049
H           -3.84053951373130        2.00446992565660        0.62407118405321
H           -3.43381345724952        1.48831456758861       -1.01663901133739
29
 energy: -36.609310415815 gnorm: 0.001950925806 xtb: 6.7.1 (edcfbbe)
C            4.65627221339710        0.93134821462385        0.85159632236545
C            3.24664101018888        1.12526668590083        0.30664778124847
C            2.47692925155566       -0.19230464156172        0.25638865778100
C            1.05947694149802       -0.00702171595778       -0.27595102571994
C            0.30857672423943       -1.33955883800322       -0.36624855852658
C           -1.05176628246912       -1.11925844046202       -0.98580823308140
O           -1.23773217573649       -0.68365114107976       -2.09255096003257
O           -2.02267396771538       -1.45730975413811       -0.13281233654424
C           -3.37694583708318       -1.23823677278603       -0.53029469351798
C           -4.00602675033474       -0.12432202712667        0.30314095584620
C           -3.35438891311956        1.22607533290762        0.03206118689862
H            5.21020336682224        0.23055915794938        0.23098210924545
H            5.19512105068779        1.87556723886602        0.86860267660083
H            4.62180229712026        0.53706941140623        1.86506069299336
H            2.70759233250327        1.83664417704083        0.93649771591496
H            3.29999573630696        1.54883570212799       -0.69856777418177
H            2.43360553324237       -0.62301447928375        1.25962106080441
H            3.01392463437215       -0.89627185324649       -0.38338708370605
H            1.09228981896371        0.44208418978519       -1.27056698549912
H            0.51118973018434        0.67351253642226        0.37981042641909
H            0.18701336917317       -1.78697256690269        0.62017484574986
H            0.86826785517408       -2.02410759161783       -1.00661120748136
H           -3.90365992159725       -2.18359968188002       -0.37135578550774
H           -3.39161757266221       -0.98078970325875       -1.59461410564588
H           -5.06871671505515       -0.08131894913913        0.05985483839077
H           -3.90600205854121       -0.37751327002121        1.36015499774054
H           -2.30037852923331        1.20149860711689        0.30050524539618
H           -3.83826998789256        2.00485266926151        0.61636708570943
H           -3.43072315399016        1.48193750305573       -1.02209791928836
29
 energy: -36.609316770568 gnorm: 0.000682674420 xtb: 6.7.1 (edcfbbe)
C            4.65676057377754        0.93184702321107        0.85235523483913
C            3.24687781569147        1.12492170550941        0.30764059736785
C            2.47873327757669       -0.19354780106465        0.25433173847612
C            1.06135437032582       -0.00773785072021       -0.27801493757930
C            0.30875192162969       -1.33933671652462       -0.36575690296737
C           -1.05193388978798       -1.11761774700692       -0.98425873230847
O           -1.23791610878592       -0.68594434112474       -2.09158809820317
O           -2.02291617314826       -1.45550045430487       -0.13146874944246
C           -3.37721557325295       -1.23819373386171       -0.52943888239652
C           -4.00720580003083       -0.12413534818474        0.30306917703442
C           -3.35660165144642        1.22674216943036        0.03181686547951
H            5.21239049762959        0.23432463556011        0.22977606269189
H            5.19371833632218        1.87698080421179        0.87259390606320
H            4.62319245293196        0.53427519783098        1.86448418419405
H            2.70679989686180        1.83400305404903        0.93919075025947
H            3.29968365693700        1.55096913352757       -0.69656217971676
H            2.43555172770100       -0.62647969578020        1.25661719087609
H            3.01654737591265       -0.89561098286221       -0.38684960897058
H            1.09424673624304        0.43984692832986       -1.27328257546546
H            0.51405256816428        0.67435693086667        0.37696965752893
H            0.18786466298284       -1.78519739652121        0.62136943807801
H            0.86663202065445       -2.02557648011628       -1.00593179851190
H           -3.90325370714021       -2.18391200051892       -0.37009040538766
H           -3.39190568650247       -0.98137757197105       -1.59389285024659
H           -5.06981801440038       -0.08198012938822        0.05921749463139
H           -3.90752254116889       -0.37666434206061        1.36023477693603
H           -2.30259777038464        1.20305656022714        0.30044028187079
H           -3.84120645076925        2.00515814540497        0.61599614816236
H           -3.43306452452467        1.48233030385135       -1.02236785292138
29
 energy: -36.609324274709 gnorm: 0.000770541210 xtb: 6.7.1 (edcfbbe)
C            4.65865904817553        0.93203214737554        0.85339726490216
C            3.24790798571513        1.12371072783815        0.31028705400521
C            2.48153942651264       -0.19570667479279        0.25078234463640
C            1.06354502907918       -0.00713840595897       -0.27969321781376
C            0.30778001100796       -1.33670760501532       -0.36633617847623
C           -1.05419337301312       -1.11219322402178       -0.98161724409573
O           -1.24205489821019       -0.67734412703948       -2.08718535810352
O           -2.02403307475689       -1.45639416981768       -0.12968092412765
C           -3.37885563656161       -1.24109505598592       -0.52611619354930
C           -4.00851132913652       -0.12445028939113        0.30337297751012
C           -3.35793331153248        1.22586876242073        0.02843178548489
H            5.21726168196586        0.24026135978233        0.22705975844505
H            5.19202581270987        1.87902445170082        0.87864713190070
H            4.62751994111268        0.52887829642353        1.86323778163773
H            2.70665464907376        1.82835621864597        0.94570249897269
H            3.29928144642717        1.55483309588261       -0.69181111347676
H            2.43932671009495       -0.63370782738903        1.25095627190805
H            3.01933455857372       -0.89421134270611       -0.39431202337785
H            1.09620767205126        0.44067138226967       -1.27474020933125
H            0.51887070772999        0.67627332576396        0.37624794583184
H            0.18843663011291       -1.78309509279280        0.62050202198876
H            0.86247036781294       -2.02351011462413       -1.00863520954463
H           -3.90428289717503       -2.18636100167760       -0.36251670084361
H           -3.39561291578753       -0.98798626941717       -1.59133073251162
H           -5.07135719853604       -0.08294624358372        0.05963823022187
H           -3.90873127268602       -0.37412859930064        1.36138123373567
H           -2.30403876811456        1.20273667540170        0.29698728051381
H           -3.84259787295606        2.00583373136174        0.61052919574587
H           -3.43461912969041        1.47849586864665       -1.02658574181728
29
 energy: -36.609333159811 gnorm: 0.000939846011 xtb: 6.7.1 (edcfbbe)
C            4.66206924910931        0.93122639704925        0.85559125011374
C            3.24985742387696        1.12227560668898        0.31611777891990
C            2.48697779726906       -0.19867290111127        0.24237933081216
C            1.06753536740610       -0.00538278380848       -0.28324987905786
C            0.30599064233523       -1.33165132479738       -0.36720402239532
C           -1.05830273146149       -1.10367088904108       -0.97658272825196
O           -1.25017554967455       -0.65947586842460       -2.07764400456868
O           -2.02527069174735       -1.45869203858680       -0.12601388535236
C           -3.38140373875406       -1.24658926777510       -0.51892802516010
C           -4.01048115655178       -0.12500096331980        0.30449935702941
C           -3.36093401401931        1.22406668877872        0.02103750302565
H            5.22509712927826        0.25160410243788        0.21942322911495
H            5.18922149207426        1.88161931865747        0.89315266970831
H            4.63432559879012        0.51431159337933        1.86012983964250
H            2.70663339727398        1.81743156542936        0.96040683418439
H            3.29843671495106        1.56513833594971       -0.68110601599709
H            2.44720677977173       -0.64851945764569        1.23753949430776
H            3.02470142810649       -0.88870746158326       -0.41192897038443
H            1.09858600064081        0.44270877525610       -1.27813147196624
H            0.52823189978801        0.68031373557734        0.37488536155587
H            0.18940335256865       -1.77863508597784        0.61958632686662
H            0.85482787580973       -2.02017068762937       -1.01270959753953
H           -3.90515473330325       -2.19110454031657       -0.34638573265775
H           -3.40255493403163       -1.00099110016077       -1.58577507858186
H           -5.07364089850752       -0.08552432697164        0.06149577293254
H           -3.90986162601284       -0.36839615188639        1.36402107139117
H           -2.30714484875213        1.20343194371540        0.28973218556223
H           -3.84639021620539        2.00733606418018        0.59793220315870
H           -3.43778701002938        1.46972072193545       -1.03567086604108
29
 energy: -36.609336405833 gnorm: 0.000400313739 xtb: 6.7.1 (edcfbbe)
C            4.66386689726293        0.92986785852227        0.85630464789318
C            3.25077245253174        1.12181910746331        0.31960773359266
C            2.48975150577814       -0.19959264425306        0.23755875002537
C            1.06937777329253       -0.00410497233938       -0.28476281627968
C            0.30528423363321       -1.32889656093422       -0.36800263709303
C           -1.06018114394065       -1.09866661415869       -0.97400727743948
O           -1.25449946046809       -0.64683413100423       -2.07185825356308
O           -2.02525931580717       -1.46050138031021       -0.12385911553778
C           -3.38246604828611       -1.24998923366293       -0.51431695995613
C           -4.01127969681086       -0.12545896840055        0.30548415897628
C           -3.36285370038882        1.22293238896105        0.01623261836590
H            5.22842973209759        0.25750793201075        0.21384212763046
H            5.18820333394529        1.88148999694169        0.90179341603282
H            4.63789225955027        0.50427651689210        1.85729552196755
H            2.70693448540381        1.81146804292135        0.96924488986011
H            3.29740568462395        1.57177665403437       -0.67447652851619
H            2.45167297848523       -0.65616302490506        1.22965593167222
H            3.02756439527453       -0.88449543298158       -0.42193549698869
H            1.09871483557076        0.44476060813638       -1.27939885237314
H            0.53252201345856        0.68183155893790        0.37511138494284
H            0.19003592357918       -1.77654340261465        0.61872906291350
H            0.85139970803246       -2.01821086058582       -1.01496815849969
H           -3.90487904806490       -2.19415989790171       -0.33645335379732
H           -3.40625800064082       -1.00882794926290       -1.58210671098482
H           -5.07458156655288       -0.08753631096121        0.06286045918293
H           -3.90999465025169       -0.36464772320370        1.36593225809757
H           -2.30898785830076        1.20448224830676        0.28487292991652
H           -3.84880080972096        2.00844569181547        0.58976526772214
H           -3.43978691328738        1.46397050253564       -1.04154506739138
29
 energy: -36.609337769461 gnorm: 0.000286300371 xtb: 6.7.1 (edcfbbe)
C            4.66469723213521        0.92870503688259        0.85622903868677
C            3.25107664457010        1.12199077006949        0.32139987763906
C            2.49069951595972       -0.19943032982193        0.23542164753255
C            1.07000213482444       -0.00334798334682       -0.28558111560962
C            0.30533657775059       -1.32789582763205       -0.36803659419227
C           -1.06027973436558       -1.09787404870521       -0.97351895504178
O           -1.25549607170720       -0.64413479484106       -2.07037964921216
O           -2.02459787109708       -1.46020199120492       -0.12288466131484
C           -3.38228930945537       -1.25073036218161       -0.51251690283922
C           -4.01158043337556       -0.12562974675395        0.30608026072095
C           -3.36467003178748        1.22282539318701        0.01429612441843
H            5.22920534528577        0.25992125798765        0.21013181966331
H            5.18833988049213        1.88046287454090        0.90615132174174
H            4.63949178571289        0.49815542976894        1.85505993504327
H            2.70753896074087        1.80908688911250        0.97392731984768
H            3.29663172238386        1.57549401116885       -0.67105240764958
H            2.45326036023224       -0.65906317613248        1.22604883081301
H            3.02853443292496       -0.88198185349334       -0.42638660861657
H            1.09847878596154        0.44568990424267       -1.28021189534450
H            0.53404812325840        0.68261298803310        0.37495259833817
H            0.18987236697758       -1.77492917634206        0.61905008104711
H            0.85106507253001       -2.01804856855940       -1.01446896134985
H           -3.90364665906319       -2.19506990729948       -0.33275336154715
H           -3.40708414310428       -1.01109050864053       -1.58058457577976
H           -5.07505663225440       -0.08914837590637        0.06406954820269
H           -3.90940925739459       -0.36311044888046        1.36676130603593
H           -2.31071443835621        1.20616709082191        0.28286638037523
H           -3.85148120007649        2.00877692105052        0.58639591670052
H           -3.44197315970383        1.46179853287468       -1.04386638793750
29
 energy: -36.609338802386 gnorm: 0.000219272709 xtb: 6.7.1 (edcfbbe)
C            4.66552351705382        0.92729192261427        0.85547200348777
C            3.25131591972334        1.12234692172787        0.32277760564784
C            2.49106844479211       -0.19890595355630        0.23468232463578
C            1.07011312943283       -0.00248951785979       -0.28532747983350
C            0.30561774095969       -1.32712840685277       -0.36826879879467
C           -1.06007811064988       -1.09693408715783       -0.97342546817174
O           -1.25592707882679       -0.64220412003643       -2.06977984863574
O           -2.02393281276148       -1.45993994021583       -0.12219407300376
C           -3.38200052037458       -1.25141683214723       -0.51128028493181
C           -4.01166906255303       -0.12590668524808        0.30650453082204
C           -3.36636491460835        1.22282880282778        0.01269137171135
H            5.22910815515932        0.26067941125146        0.20645111598921
H            5.18928404291545        1.87876807735222        0.90814016702348
H            4.64117626788276        0.49330397877415        1.85278394742735
H            2.70863116442760        1.80789135385586        0.97761598460833
H            3.29568836411912        1.57822730455148       -0.66859544191746
H            2.45409508179472       -0.66024708380280        1.22447611179409
H            3.02879581488305       -0.88014849853455       -0.42850742860751
H            1.09777062972823        0.44725603677428       -1.27969007628969
H            0.53431118478110        0.68277343823420        0.37602350077451
H            0.19006930290220       -1.77425660002447        0.61889183515235
H            0.85154753423709       -2.01737164385886       -1.01456195803797
H           -3.90247320952228       -2.19602762751652       -0.33028871192260
H           -3.40739985414446       -1.01271594231379       -1.57954475862506
H           -5.07527893007053       -0.09074702986640        0.06506745604548
H           -3.90868805345112       -0.36201467557896        1.36735581441914
H           -2.31226189434164        1.20775054411171        0.28090040028158
H           -3.85381812081492        2.00900863046459        0.58393707993279
H           -3.44422373267432        1.46032822202989       -1.04570699060997
29
 energy: -36.609339956424 gnorm: 0.000323062169 xtb: 6.7.1 (edcfbbe)
C            4.66665689838238        0.92584777476570        0.85416343046468
C            3.25158983399192        1.12270628529741        0.32432166535760
C            2.49108324003064       -0.19826175722011        0.23467917222134
C            1.06996925695823       -0.00155752497922       -0.28475080189607
C            0.30607709707191       -1.32651625169386       -0.36827112085250
C           -1.05952920383275       -1.09697430976957       -0.97377790635679
O           -1.25573992681002       -0.64357870583087       -2.07053374655968
O           -2.02318444541143       -1.45871110536814       -0.12160892610372
C           -3.38144812907974       -1.25144050333183       -0.51064226055609
C           -4.01194868443718       -0.12620659709019        0.30685342613677
C           -3.36862021144096        1.22313397427280        0.01150242859434
H            5.22901065906383        0.26114882114225        0.20215002317316
H            5.19077717161064        1.87696403083265        0.90903957501308
H            4.64375751074945        0.48865125830692        1.85007585087622
H            2.71020311985293        1.80696859947878        0.98156845754227
H            3.29444332784102        1.58074054072355       -0.66611732473701
H            2.45439460484486       -0.66081329321990        1.22391792303100
H            3.02865900652994       -0.87868481766563       -0.42947173532404
H            1.09720194268285        0.44900903404254       -1.27876061861161
H            0.53412063131153        0.68293533655168        0.37736090222924
H            0.19021357898658       -1.77365711353225        0.61889833379692
H            0.85274652262688       -2.01655393344408       -1.01422687040821
H           -3.90109352931139       -2.19643485922354       -0.32926808804697
H           -3.40717677812125       -1.01314488729424       -1.57898098960078
H           -5.07581869411060       -0.09262448582622        0.06630165236101
H           -3.90772797617845       -0.36143484338707        1.36776494161634
H           -2.31430405259711        1.20972831869440        0.27899988772018
H           -3.85677888165709        2.00910289507330        0.58243981935767
H           -3.44753388954859        1.45965811969387       -1.04702717006677
29
 energy: -36.609341659803 gnorm: 0.000391810912 xtb: 6.7.1 (edcfbbe)
C            4.66868524028933        0.92377746553838        0.85166763505703
C            3.25212375717965        1.12313924572469        0.32676240578255
C            2.49105102544268       -0.19739845189042        0.23552734436261
C            1.06972160129242       -0.00018487064271       -0.28314794022621
C            0.30687265095095       -1.32567063484976       -0.36840202565084
C           -1.05873970549441       -1.09713536363249       -0.97423996819815
O           -1.25532912010198       -0.64676562254185       -2.07215197204816
O           -2.02222151521801       -1.45660908703964       -0.12065531651449
C           -3.38063895098914       -1.25134674050728       -0.50995111623525
C           -4.01254265111316       -0.12663336329869        0.30716017105982
C           -3.37239684390015        1.22377954200471        0.00980998584850
H            5.22891172255324        0.26164928102897        0.19518930829338
H            5.19330433637985        1.87445514814530        0.90899467187065
H            4.64864961703261        0.48232238212632        1.84576553268861
H            2.71306865791860        1.80564149614644        0.98775187931273
H            3.29222979827367        1.58416135838122       -0.66242316220687
H            2.45466999557137       -0.66133725623306        1.22414082151988
H            3.02825303686951       -0.87701026387295       -0.42978404404227
H            1.09651270178622        0.45192891940244       -1.27645003600413
H            0.53368543538385        0.68295154035496        0.38020326042925
H            0.19100893947771       -1.77363421344457        0.61841675674160
H            0.85460224485783       -2.01462671209867       -1.01469975686060
H           -3.89917507900626       -2.19696301604605       -0.32834070860867
H           -3.40657312896345       -1.01347392952097       -1.57838296008964
H           -5.07677454756410       -0.09546135383762        0.06790385129062
H           -3.90654348099297       -0.36069239399721        1.36814591434243
H           -2.31766050774748        1.21265453041105        0.27572313375595
H           -3.86133059730402        2.00919022348609        0.58084597724203
H           -3.45342463286536        1.45929214070251       -1.04877971254078
29
 energy: -36.609343241621 gnorm: 0.000330497369 xtb: 6.7.1 (edcfbbe)
C            4.67136237481329        0.92152590700889        0.84857628891627
C            3.25285062552580        1.12343723938615        0.32989169412449
C            2.49121144695469       -0.19665409312637        0.23654573780962
C            1.06952597335428        0.00138342211144       -0.28099338189324
C            0.30783343571481       -1.32464112093390       -0.36853737545561
C           -1.05798025030343       -1.09719966933752       -0.97429865051183
O           -1.25490711219015       -0.65043828128256       -2.07368160129097
O           -2.02121723323196       -1.45413350824936       -0.11934652223283
C           -3.37980274316937       -1.25116495833250       -0.50906804044813
C           -4.01355952445203       -0.12711987946212        0.30746595463818
C           -3.37711745620383        1.22452692360494        0.00759005832451
H            5.22916415176477        0.26252148452569        0.18682822396760
H            5.19633946818596        1.87186804513539        0.90858280835301
H            4.65503816675912        0.47519696142975        1.84060774287744
H            2.71647593494401        1.80364604861012        0.99544456342961
H            3.28943726899219        1.58811521058542       -0.65775341298188
H            2.45546357039379       -0.66248918486081        1.22433415188718
H            3.02794516923773       -0.87507820748916       -0.43041657212904
H            1.09572733480828        0.45559436133296       -1.27336871415390
H            0.53340492758853        0.68277496080543        0.38410659062101
H            0.19255142232469       -1.77428300875545        0.61756044430259
H            0.85643306265713       -2.01174236782617       -1.01605602532538
H           -3.89709173517799       -2.19744965367505       -0.32721219679562
H           -3.40591061542722       -1.01391061537304       -1.57764940081716
H           -5.07821231777662       -0.09889311666115        0.06965957855626
H           -3.90546600831407       -0.35972626126938        1.36857939382148
H           -2.32179326850837        1.21608425169804        0.27124324695490
H           -3.86669420477774        2.00927704266717        0.57899868216650
H           -3.46101186448731        1.45897206773229       -1.05103333634349
29
 energy: -36.609344213408 gnorm: 0.000252794771 xtb: 6.7.1 (edcfbbe)
C            4.67361404825401        0.91993262948787        0.84618477963132
C            3.25357491922456        1.12350006190273        0.33242278886549
C            2.49168551751013       -0.19634246066611        0.23714935261938
C            1.06952978143995        0.00250263999072       -0.27887326806592
C            0.30851853958502       -1.32378727750174       -0.36880373372848
C           -1.05768795147973       -1.09675195558335       -0.97386391184609
O           -1.25493549989830       -0.65194390352975       -2.07408059867635
O           -2.02057066277059       -1.45247752558829       -0.11816142700249
C           -3.37935261022506       -1.25134290394442       -0.50813658494217
C           -4.01441037463769       -0.12745233913519        0.30758770703489
C           -3.38101407208917        1.22510494915836        0.00549680043810
H            5.22959879042034        0.26355144412472        0.18030567196314
H            5.19859734844697        1.87015516003599        0.90814505167840
H            4.66044971126356        0.46987291122558        1.83658595846556
H            2.71923644689827        1.80155305484731        1.00178972585900
H            3.28723734120402        1.59137209141053       -0.65383806055565
H            2.45674386128121       -0.66421450688727        1.22402191004910
H            3.02782664025661       -0.87346370107129       -0.43164511656192
H            1.09504551408799        0.45876883472576       -1.27031757877690
H            0.53367671562722        0.68236881866070        0.38799955023784
H            0.19417259317999       -1.77542042101605        0.61643548045463
H            0.85735178895508       -2.00900762051293       -1.01807955659875
H           -3.89562675711657       -2.19811222771799       -0.32569930722545
H           -3.40561547361165       -1.01486013248385       -1.57689073675558
H           -5.07936023423683       -0.10155714212801        0.07086141228704
H           -3.90481836741513       -0.35857342959050        1.36888125694806
H           -2.32517612600371        1.21864074075703        0.26707021317009
H           -3.87086392960752        2.00946916379867        0.57722014812476
H           -3.46742749854402        1.45851504722990       -1.05316799671950
