42
 energy: -55.755498342212 gnorm: 0.065721402524 xtb: 6.7.1 (edcfbbe)
C           -2.91891499504900        3.83543935744400       -0.66799623212300
C           -2.11577929725500        2.62692006242600       -0.21630324757700
C           -2.61729358115300        1.34310327647500       -0.87759253046800
N           -1.84546964906700        0.17746784676500       -0.44214798696900
C           -2.34766912584300       -0.55606412875600        0.72339363719900
C           -3.38418402354000       -1.60759773366700        0.32604542906700
C           -3.88289014845000       -2.38059272919700        1.53593910891100
C           -0.69629688919900       -0.15270377616300       -1.15685001396800
O           -0.32211491963700        0.50703654771800       -2.12766665146200
C            0.09284666533000       -1.36571591070300       -0.67923056019600
C            1.28801394561500       -1.71045612299300       -1.57656979557400
C            2.47683921085200       -0.75691492292800       -1.42311751530400
C            3.22422372707500       -0.94532134649300       -0.12256428888800
O            2.94451572933000       -1.75856413819900        0.74708299696800
O            4.26625444294000       -0.06804934076500       -0.06649366970500
C            5.04876745162100       -0.15846327398400        1.12979669432600
C            6.15815251911500        0.87191477863600        1.04914854258800
H           -2.54482803119300        4.74226747844300       -0.18261088970000
H           -2.84323621306300        3.97405399348500       -1.75121622883900
H           -3.97639679365000        3.72271163791500       -0.40851292913800
H           -2.18037957287500        2.53704385748200        0.87437169633600
H           -1.05776566869800        2.78504240087100       -0.45649664520300
H           -2.54459837151000        1.43769123110500       -1.96750145910400
H           -3.67477081237600        1.17503374374600       -0.64393975274000
H           -1.51854772820100       -1.03550924617200        1.25028158711100
H           -2.78340863692200        0.16698791785400        1.42300146298100
H           -4.23576422270300       -1.12811723600100       -0.17034933262200
H           -2.95465623584200       -2.30815325024100       -0.39894760752800
H           -3.06049305805800       -2.90608034365600        2.03177878454000
H           -4.62593059479000       -3.12407548073200        1.23096197246000
H           -4.35160284698200       -1.71033493609400        2.26351054271800
H            0.43171556636900       -1.18680064306900        0.34510675854300
H           -0.58388992887300       -2.22691856822200       -0.67885566531700
H            1.61308274194900       -2.73292409167300       -1.34710383476100
H            0.96893987787300       -1.71101145686700       -2.62606762358200
H            3.18613243296600       -0.95676732881500       -2.23485413996900
H            2.15552069561200        0.28668961923100       -1.49160985220200
H            4.41685409511500        0.04588033866500        2.00136945268000
H            5.48112517976200       -1.16180472730000        1.21372213550700
H            6.78535646807500        0.84088977953700        1.94442945929600
H            6.78676856523500        0.69357943348200        0.17043323957100
H            5.74177203009400        1.87918743141000        0.94361319309300
42
 energy: -55.760182028678 gnorm: 0.017593281212 xtb: 6.7.1 (edcfbbe)
C           -2.91937271181230        3.83368533777541       -0.66703429901749
C           -2.11286738246181        2.62541688012103       -0.21324077805590
C           -2.59620177078071        1.33466699913327       -0.87364399919017
N           -1.82650941267144        0.17386613010215       -0.44449112537795
C           -2.33497597339432       -0.55786759808261        0.70512677936305
C           -3.38085175107382       -1.60714925593123        0.32150789208041
C           -3.88128386018872       -2.37883328334928        1.53481629964906
C           -0.69276938321488       -0.14601883484782       -1.14448765679284
O           -0.34102896749825        0.51118385162603       -2.10866197113842
C            0.08371857393971       -1.36773065262669       -0.67338405605846
C            1.27464144394756       -1.70571136409023       -1.57411986521878
C            2.46487912497082       -0.75887581698253       -1.42217346215203
C            3.21099318666901       -0.93591342943030       -0.12132840537810
O            2.94604643929358       -1.73550612626772        0.74007957815146
O            4.25040374871284       -0.07863010307594       -0.05307255855956
C            5.04981428152162       -0.15519074706903        1.13015909116697
C            6.15803759071660        0.87796024708291        1.03985783940537
H           -2.55064369282022        4.73950596081737       -0.18726035340346
H           -2.84225071466030        3.96474536501771       -1.74543331779508
H           -3.97244913955280        3.71752952008964       -0.41134130466231
H           -2.18168741407375        2.52798490387573        0.87469978923673
H           -1.05979998325823        2.77166538939411       -0.46557123590183
H           -2.50282717080059        1.42559369124302       -1.96010747768938
H           -3.65083469646052        1.16361468021809       -0.63569983902106
H           -1.50948680259031       -1.03792996945944        1.23374644027105
H           -2.78289482623174        0.16676894930374        1.39353272581387
H           -4.22560519200440       -1.11905346617382       -0.17231934611477
H           -2.94495330647821       -2.30308026009933       -0.39949239762672
H           -3.06112146892323       -2.89895159006421        2.02824626711151
H           -4.62212395010736       -3.11936418433501        1.23635154018276
H           -4.34374374965307       -1.70836967801887        2.25835353455012
H            0.44158629829424       -1.19798031176745        0.34382249179217
H           -0.59288421860328       -2.22561333956335       -0.65901304157216
H            1.60716059626741       -2.72055584508057       -1.33701957308561
H            0.94910660667265       -1.68938102043619       -2.61746747606123
H            3.18049863799102       -0.93790250373875       -2.22928384606863
H            2.13888550349772        0.27921677544603       -1.49820397777570
H            4.41190157961553        0.03227153109033        2.00022432759525
H            5.46352116064877       -1.16562589179853        1.21504392395611
H            6.77630743343681        0.83789010823515        1.93403453397209
H            6.78393128043360        0.68923114571094        0.16856149128186
H            5.73773405268367        1.87843780600627        0.94507505909383
42
 energy: -55.760895667286 gnorm: 0.007881081434 xtb: 6.7.1 (edcfbbe)
C           -2.91630876006895        3.82237301911307       -0.66716077524101
C           -2.10212557990663        2.61953754674132       -0.20911654112293
C           -2.58125414449303        1.32696889888766       -0.87295549770417
N           -1.81262272954803        0.17082921656459       -0.44113281649216
C           -2.32565182163550       -0.55561440821882        0.70136988480626
C           -3.37320203100919       -1.60542147267931        0.31229807534359
C           -3.87369208851748       -2.37182712832651        1.53013158223094
C           -0.68941345089877       -0.14658857830389       -1.13659368172067
O           -0.33630763332128        0.51739630622928       -2.09228680125659
C            0.08411111194812       -1.36832279688149       -0.66185991187046
C            1.26685517052689       -1.70452272370535       -1.57246159671721
C            2.44879521689972       -0.74915147668929       -1.42143695781027
C            3.19495223846689       -0.92756114136361       -0.12093489887344
O            2.93138584168211       -1.71851061135628        0.74501138559883
O            4.23182238640022       -0.08035391881014       -0.04825309190119
C            5.03999099358383       -0.15505454879302        1.12865756962440
C            6.14834867329076        0.87711207785985        1.03121994834875
H           -2.55270112119850        4.72880545300239       -0.18943219287675
H           -2.83753825401054        3.94809205391255       -1.74405125061207
H           -3.96710019723828        3.69958730541732       -0.41224577687826
H           -2.17495206486203        2.52045290977546        0.87724415131674
H           -1.05203011383641        2.76688895043870       -0.46547481440524
H           -2.47029585813384        1.41643381358185       -1.95694323940350
H           -3.63489344802537        1.15214611525921       -0.63948605488928
H           -1.50487646426145       -1.03860485456771        1.23288166125349
H           -2.78025040700941        0.16905422925597        1.38460024784260
H           -4.21472703930816       -1.11312484538429       -0.17954551726787
H           -2.93688790762187       -2.30236890039314       -0.40567281781292
H           -3.05359754320249       -2.88919743690203        2.02237992342526
H           -4.61454218042597       -3.11010228670090        1.23408918722687
H           -4.33262248512922       -1.69720222133386        2.24936208048121
H            0.45168254600303       -1.20199701946102        0.35228709638687
H           -0.59339088745142       -2.22353049827520       -0.64090110272850
H            1.60372584373939       -2.71654649227484       -1.33764575459644
H            0.93281004172834       -1.67632043651334       -2.61079505927457
H            3.16687742476176       -0.91621348865459       -2.22752779197491
H            2.11571545728414        0.28630694605412       -1.50017020877211
H            4.40478923149389        0.02609116937292        2.00290021930963
H            5.44808963226209       -1.16864745925601        1.21229550632432
H            6.76461829350961        0.83194595514096        1.92437281042981
H            6.76975118222815        0.68250619184216        0.16154487078952
H            5.72666292530362        1.87425658639536        0.94082619241954
42
 energy: -55.761124605739 gnorm: 0.004820543319 xtb: 6.7.1 (edcfbbe)
C           -2.91334601003190        3.81398613133706       -0.66709924235452
C           -2.09383039986635        2.61560201689717       -0.20619302146768
C           -2.56909967349029        1.32297468934234       -0.87411245234053
N           -1.80069969309511        0.17052495682346       -0.43533538732562
C           -2.31910982119082       -0.55383599331252        0.70260273438158
C           -3.36606615490552       -1.60388494354655        0.30724040170590
C           -3.86843780627758       -2.36750646420375        1.52618728678317
C           -0.67802450302374       -0.14516185511314       -1.12557036235547
O           -0.32063692105443        0.51910224704893       -2.08098665522959
C            0.08775768994885       -1.37247880932863       -0.65371523653860
C            1.26290262992875       -1.70625986804386       -1.57431927566986
C            2.43635790989657       -0.74136977339674       -1.42186549309236
C            3.17738270715386       -0.91624366660180       -0.11841837002506
O            2.91067700210729       -1.70467881234380        0.75120822000402
O            4.21682198696192       -0.07704640542899       -0.04659183544455
C            5.02814106432773       -0.15591529048735        1.12752191492748
C            6.13764637896629        0.87407460520896        1.02515309854857
H           -2.55524698191297        4.72288747040591       -0.19066958075549
H           -2.83313652938640        3.93559061312879       -1.74404568616424
H           -3.96322553758279        3.68381277099052       -0.41309270187197
H           -2.16857895225366        2.51481461560674        0.87935024348901
H           -1.04472694828312        2.76575424244902       -0.46229637235079
H           -2.44518794055844        1.41304175696713       -1.95629761342842
H           -3.62345225900869        1.14675141449666       -0.64901055547651
H           -1.50298381607616       -1.03826600163711        1.23958803927005
H           -2.77916752029787        0.16987600076089        1.38251419669630
H           -4.20492168781975       -1.11013239930382       -0.18651451930236
H           -2.92760269673298       -2.30088054798331       -0.40869514711912
H           -3.04770613415776       -2.88293177274088        2.01876591228342
H           -4.61001956245544       -3.10527227907512        1.23212785179485
H           -4.32518702051765       -1.68849625668216        2.24226961852548
H            0.46363249014127       -1.20665578445474        0.35744116332123
H           -0.59365115631197       -2.22413894261648       -0.62697552065883
H            1.60565899417584       -2.71675598613609       -1.34538882704621
H            0.92036547435280       -1.67171332183473       -2.60906425346846
H            3.15827670989667       -0.89774507350155       -2.22671361933467
H            2.09158113319972        0.29072958070688       -1.49923089434870
H            4.39664474313525        0.02458830253834        2.00513694279931
H            5.43334893992427       -1.17142132701544        1.20852460524085
H            6.75600307927153        0.82755630723296        1.91664867050083
H            6.75461710234577        0.67643514818778        0.15377482404018
H            5.71622969055553        1.87068870465925        0.93553513981358
42
 energy: -55.761269810851 gnorm: 0.003972535940 xtb: 6.7.1 (edcfbbe)
C           -2.90983275204601        3.80685633118492       -0.66654001701621
C           -2.08431850249546        2.61381735054449       -0.20301563004885
C           -2.55356813716493        1.32138148124767       -0.87550316828877
N           -1.78870069240139        0.16988954412875       -0.42893909138099
C           -2.31266435566332       -0.55239509445132        0.70595550922062
C           -3.35760111033146       -1.60275798662205        0.30390293352486
C           -3.86339546789901       -2.36381054074759        1.52264794653431
C           -0.66612905958902       -0.14897315804878       -1.11585834200988
O           -0.29654752434272        0.52010778891359       -2.06544856901090
C            0.09300197570700       -1.38059768457934       -0.64650831667854
C            1.26025756970698       -1.71047398750196       -1.57755830937428
C            2.42370461590153       -0.73437129103773       -1.42359232917774
C            3.15919558522393       -0.90509442450055       -0.11759461538453
O            2.87967950371461       -1.68366781788811        0.75980455874071
O            4.20242577045688       -0.07291336730895       -0.04717406445961
C            5.01226448851549       -0.15578593840676        1.12698941206099
C            6.12426563804647        0.87045461297627        1.01958864322921
H           -2.55940054828666        4.71953450835989       -0.19146411745441
H           -2.82802153204923        3.92515787679983       -1.74391049173620
H           -3.95922847779060        3.66803196684509       -0.41433127018762
H           -2.16100233682627        2.51045654098442        0.88193628976088
H           -1.03525370456925        2.76840249511414       -0.45633140666999
H           -2.41667119281474        1.41192109459454       -1.95585748909641
H           -3.60989732176556        1.14514143608121       -0.66248415419101
H           -1.50075173788575       -1.03745692976655        1.24906440119783
H           -2.77715052112656        0.17089898419148        1.38291691774502
H           -4.19354451159615       -1.10876259906886       -0.19423153337385
H           -2.91546602297069       -2.29947055840618       -0.40991276520899
H           -3.04287064010613       -2.87833697178761        2.01690993146304
H           -4.60585806060160       -3.10131617712896        1.23005650773856
H           -4.31905675885337       -1.68090193323737        2.23596189930209
H            0.47672449022145       -1.21589430531035        0.36189050343802
H           -0.59223999358814       -2.22866072420668       -0.61494252555189
H            1.61106561984961       -2.71978260092271       -1.35746293670541
H            0.90865299056217       -1.67131991904097       -2.60891100164415
H            3.14993488910924       -0.87826694585093       -2.22673765595635
H            2.06327164766580        0.29321332090075       -1.49830284594970
H            4.38335937795597        0.02683616042348        2.00619741043212
H            5.41415788011029       -1.17295221998411        1.20622358049552
H            6.74683346871078        0.82487853550778        1.90848433024017
H            6.73613069135032        0.66929090664678        0.14511311444244
H            5.70424475995369        1.86769224035960        0.92835699794624
42
 energy: -55.761323324905 gnorm: 0.003196756645 xtb: 6.7.1 (edcfbbe)
C           -2.90804879437402        3.80515398849598       -0.66576805281216
C           -2.07968200465147        2.61500562263346       -0.20107837712490
C           -2.54429830992142        1.32272798095578       -0.87626257563664
N           -1.78287634312730        0.17032538752162       -0.42567554897864
C           -2.30973783384719       -0.55190766870574        0.70830458807507
C           -3.35258486003086       -1.60306457475364        0.30431096147687
C           -3.86162603938286       -2.36313653522694        1.52185315871126
C           -0.65874024117603       -0.15110591901852       -1.11028952884783
O           -0.28376010952380        0.51996883515071       -2.05689155147001
C            0.09508910952039       -1.38766454592481       -0.64623340177150
C            1.25996552162038       -1.71547119238751       -1.58058394941428
C            2.41841683897020       -0.73366571997461       -1.42547027731493
C            3.14811386603872       -0.89737011936792       -0.11595159247849
O            2.85959727512314       -1.66765510484992        0.76643503405770
O            4.19759233022039       -0.07202593240343       -0.04970214265689
C            5.00342192448160       -0.15442503619769        1.12686868752137
C            6.11759050282280        0.86893342717010        1.01734486915594
H           -2.56213231390905        4.71966665492373       -0.19068621596798
H           -2.82505218796829        3.92359386299897       -1.74328930199854
H           -3.95753154769438        3.66252257334978       -0.41533100293448
H           -2.15795145651211        2.51024080423750        0.88377256516921
H           -1.03000770610027        2.77332972455146       -0.45097969031883
H           -2.40069655124587        1.41341712067307       -1.95574605886745
H           -3.60250688069872        1.14684024982529       -0.67136816512005
H           -1.49860398650662       -1.03557581743160        1.25423909221138
H           -2.77586198453054        0.17189642778505        1.38369357526691
H           -4.18725508848831       -1.11017591989739       -0.19749088838262
H           -2.90779884162664       -2.29996001716880       -0.40795507175157
H           -3.04246297784934       -2.87830555298494        2.01825209446202
H           -4.60432300353210       -3.10041924326754        1.22864957422117
H           -4.31817757909289       -1.67945494845248        2.23416221404960
H            0.48216008168221       -1.22573950622682        0.36124692130750
H           -0.59215123221020       -2.23397256556927       -0.61372898100732
H            1.61474947373177       -2.72434790043910       -1.36445798810542
H            0.90595869557278       -1.67611581193360       -2.61114966574490
H            3.14751260764094       -0.87088887884262       -2.22681963257915
H            2.04872594746545        0.29077615110055       -1.50012010349237
H            4.37363851264209        0.03284621929938        2.00421841167812
H            5.40254102741900       -1.17230451145821        1.20903901941778
H            6.74228133652145        0.82528258395447        1.90496810664461
H            6.72732914243569        0.66512103454440        0.14149040995336
H            5.69918368008925        1.86710437331212        0.92356872235358
42
 energy: -55.761368553836 gnorm: 0.002608696741 xtb: 6.7.1 (edcfbbe)
C           -2.90620068520364        3.80556328513456       -0.66415886984001
C           -2.07580343072619        2.61761982969748       -0.19854308708545
C           -2.53505622932709        1.32542783228632       -0.87644627794111
N           -1.77829477421650        0.17059077160615       -0.42389932504887
C           -2.30693768172443       -0.55172975706235        0.71028892778608
C           -3.34750172166632       -1.60401183325887        0.30616461777614
C           -3.86046801480936       -2.36320420097227        1.52221956144920
C           -0.65363018515387       -0.15464265804045       -1.10786571577458
O           -0.27370889694561        0.51992935963391       -2.05000871214934
C            0.09492396070124       -1.39602592247705       -0.64923976185165
C            1.26003460857617       -1.72183657823920       -1.58375070534657
C            2.41515688877461       -0.73617478071358       -1.42797644035182
C            3.13960579906291       -0.89181928559238       -0.11505764264091
O            2.83844820952046       -1.64689115664362        0.77631428958053
O            4.19697089978961       -0.07456969410518       -0.05502131342083
C            4.99522277878367       -0.15094929418467        1.12694271589491
C            6.11223667255450        0.86888206040472        1.01563055425157
H           -2.56442557363849        4.72124021122954       -0.18813237909684
H           -2.82149962209253        3.92554934349842       -1.74161297719510
H           -3.95604070737112        3.66022691934975       -0.41633616280600
H           -2.15638581733643        2.51157511101790        0.88625724995636
H           -1.02535797992234        2.78006422213864       -0.44427150615890
H           -2.38566560955714        1.41659255712519       -1.95515572101944
H           -3.59518517462357        1.15013218206740       -0.67909056363445
H           -1.49509771260795       -1.03304923103108        1.25767959315530
H           -2.77403373503951        0.17298232201108        1.38431018838143
H           -4.18117659287452       -1.11293466033807       -0.19967595096318
H           -2.90007829314530       -2.30179886463752       -0.40390356590208
H           -3.04360241128387       -2.87962159747060        2.02157068981917
H           -4.60306342801442       -3.10010285002708        1.22705453937609
H           -4.31898088713934       -1.67966615032599        2.23365754088493
H            0.48273712659094       -1.23953195934101        0.35873244480528
H           -0.59403352614728       -2.24087581435187       -0.61938386937129
H            1.61727441574783       -2.73028797722067       -1.36880637231998
H            0.90666765583969       -1.68439653654464       -2.61475346997152
H            3.14672020857584       -0.86941848581944       -2.22693007893956
H            2.03849973990482        0.28548769439378       -1.50510345567375
H            4.36125462657833        0.04406083555961        1.99935219254395
H            5.39133982755817       -1.16907937227456        1.21758342674426
H            6.73724844131699        0.82764674081063        1.90308983552604
H            6.72150389437333        0.66088543758048        0.14001322413081
H            5.69638293631547        1.86816194512701        0.91765057339778
42
 energy: -55.761413344484 gnorm: 0.002989014566 xtb: 6.7.1 (edcfbbe)
C           -2.90378171244681        3.80703102800551       -0.66124256125387
C           -2.07226428293367        2.62041575289370       -0.19465246725425
C           -2.52635555826360        1.32865670240308       -0.87608984280039
N           -1.77404302057542        0.17093132524491       -0.42353103985189
C           -2.30355520246629       -0.55144946570863        0.71145715797916
C           -3.34191455387156       -1.60528567813403        0.30834483715748
C           -3.85920281574883       -2.36301002025922        1.52338222008786
C           -0.64981318413095       -0.15823547147398       -1.10804646935875
O           -0.26650305149170        0.51949811270122       -2.04618145160873
C            0.09237253787929       -1.40522868238860       -0.65558282644457
C            1.26023965770613       -1.73030703027513       -1.58705747287460
C            2.41301331169552       -0.74169540309537       -1.43077540120365
C            3.13047265160516       -0.88548981075786       -0.11291164632697
O            2.81555056261540       -1.62041466314639        0.79018200730547
O            4.19947043712513       -0.08097385109567       -0.06278310781657
C            4.98755399888031       -0.14539020167215        1.12694963251821
C            6.10808193633332        0.87026194013910        1.01362828285692
H           -2.56560923156890        4.72298036115466       -0.18307446473528
H           -2.81635229506691        3.92952775992540       -1.73834659893208
H           -3.95425173854128        3.65982808109107       -0.41706255644193
H           -2.15620548570416        2.51306886736112        0.88996428707117
H           -1.02108377132060        2.78679656425766       -0.43577789708383
H           -2.37148289506103        1.42135527243838       -1.95397119397405
H           -3.58813753694441        1.15372653987753       -0.68533665337941
H           -1.49027562796436       -1.02995869568072        1.25951780626049
H           -2.77155404700131        0.17420159085943        1.38407466718486
H           -4.17465011608599       -1.11633382747906       -0.20155359745878
H           -2.89219946871709       -2.30491395635402       -0.39866936522044
H           -3.04506380199248       -2.88051952384463        2.02625729384011
H           -4.60135992238009       -3.09954510266789        1.22562986021741
H           -4.32026425886019       -1.67965311357261        2.23348087879096
H            0.47823391300080       -1.25694917221863        0.35437201052689
H           -0.59916324613499       -2.24817316573369       -0.63247465902108
H            1.61839205421591       -2.73813992623414       -1.36972276050577
H            0.91018145422777       -1.69636256879554       -2.61953845523909
H            3.14794987729880       -0.87409994038124       -2.22608698380620
H            2.03139197211679        0.27763791436438       -1.51362074286263
H            4.34628730211523        0.06131301514402        1.99134888850285
H            5.38021653309872       -1.16343358847005        1.23261223113798
H            6.73104176590914        0.83182960993830        1.90252146331439
H            6.71869020875522        0.65581849056323        0.14032866399281
H            5.69594665069138        1.87068393107707        0.90942626766659
42
 energy: -55.761464893902 gnorm: 0.003907599887 xtb: 6.7.1 (edcfbbe)
C           -2.89990113568436        3.80885186430387       -0.65636082749094
C           -2.06849351825903        2.62241862638640       -0.18863180342093
C           -2.51786047745759        1.33179966313900       -0.87523372212510
N           -1.76918356572103        0.17115705864579       -0.42455997677690
C           -2.29886365756405       -0.55094577467819        0.71143578611459
C           -3.33547603575180       -1.60656050373370        0.30989975830840
C           -3.85719043076003       -2.36154836026311        1.52496928845284
C           -0.64680565015581       -0.16205326410531       -1.11099569698165
O           -0.26107007014304        0.51793147938738       -2.04612852744618
C            0.08734630156219       -1.41542136292624       -0.66464494190744
C            1.26023202538041       -1.74084521814329       -1.59015913598750
C            2.41142246332015       -0.75004295063971       -1.43382641263167
C            3.12081348643512       -0.87910193412696       -0.11023944426101
O            2.78799024261449       -1.58545666399476        0.80940212229802
O            4.20442681868713       -0.09214518173177       -0.07294174826886
C            4.97923755322081       -0.13731805010509        1.12707994326413
C            6.10396547242392        0.87336939737003        1.01067621835490
H           -2.56510039347224        4.72417270748715       -0.17461193994585
H           -2.80809912314247        3.93443358594930       -1.73277692423889
H           -3.95130224458863        3.66009250996940       -0.41729438216035
H           -2.15721713225356        2.51322344859996        0.89548351218193
H           -1.01660824822479        2.79190106383092       -0.42457912027520
H           -2.35755445347604        1.42775221713451       -1.95206077534103
H           -3.58083111486855        1.15672852313800       -0.69021646260863
H           -1.48424850317717       -1.02678362949164        1.26002762311633
H           -2.76803285919299        0.17545021222924        1.38244723612837
H           -4.16698374243992       -1.11969461512580       -0.20410436712804
H           -2.88386626327380       -2.30901512622166       -0.39306838934534
H           -3.04566586587775       -2.87916128270902        2.03184904545696
H           -4.59858884927493       -3.09806397512658        1.22503793872181
H           -4.32091927643979       -1.67745107043704        2.23259201444765
H            0.46826149903377       -1.27820907144202        0.34881293979814
H           -0.60830717004889       -2.25546020227345       -0.65287886955921
H            1.61811537517021       -2.74769512075943       -1.36701837477850
H            0.91552799236613       -1.71184924977529       -2.62483732984785
H            3.15090292128007       -0.88565398271894       -2.22393785081947
H            2.02701549766966        0.26754819237033       -1.52632419352560
H            4.32753077762260        0.08524048701482        1.98010441418599
H            5.36834063822575       -1.15453442090964        1.25488708421998
H            6.72235842400852        0.83879783794237        1.90282971360826
H            6.71784408817764        0.64933273997948        0.14211655646021
H            5.69683820404674        1.87480939656133        0.89716826271069
42
 energy: -55.761520064266 gnorm: 0.003268378187 xtb: 6.7.1 (edcfbbe)
C           -2.89449471853322        3.81032028559504       -0.65012153926499
C           -2.06514889755586        2.62233451594191       -0.18145579826560
C           -2.51189634734391        1.33371038001196       -0.87413621491262
N           -1.76475647525017        0.17089778333352       -0.42710126691849
C           -2.29385326538760       -0.55037191099996        0.70978988175818
C           -3.33004965078437       -1.60725976884287        0.30987210880268
C           -3.85471954132614       -2.35831330664825        1.52653024728710
C           -0.64575814570342       -0.16585000328176       -1.11698590493773
O           -0.25917093103668        0.51432161917191       -2.05146590980226
C            0.08124349854307       -1.42417286286264       -0.67438013801028
C            1.26024745961300       -1.75128278753972       -1.59211414416914
C            2.41051818940834       -0.75906133847582       -1.43588943490247
C            3.11109962201869       -0.87213172659853       -0.10623069250494
O            2.76254071092653       -1.55026593998867        0.82822730534474
O            4.20950395939063       -0.10516158514649       -0.08159063962287
C            4.97219518243568       -0.12877591038982        1.12751651982561
C            6.10036438120390        0.87771537838358        1.00704016619850
H           -2.56193409583771        4.72398545385494       -0.16379304422600
H           -2.79716153613184        3.93897715675147       -1.72558512895105
H           -3.94702474640189        3.66087748336258       -0.41686360038932
H           -2.15932200279691        2.51075160410653        0.90183956695492
H           -1.01255817753452        2.79256211266590       -0.41248404372271
H           -2.34807359118278        1.43428385285409       -1.94992662984567
H           -3.57518472742216        1.15789131560138       -0.69231561365042
H           -1.47883611013994       -1.02487319917687        1.25884742776654
H           -2.76394048004530        0.17639183906962        1.37950040582433
H           -4.16025511787726       -1.12167952987401       -0.20711537240437
H           -2.87773264742295       -2.31288309559578       -0.38916658152653
H           -3.04458202893729       -2.87435215767939        2.03685151388248
H           -4.59519657528545       -3.09555055598345        1.22634963930987
H           -4.32029969196123       -1.67215103236692        2.23075494747969
H            0.45483292019182       -1.29770253149131        0.34322535442817
H           -0.61898743679479       -2.26089469883521       -0.67591212579119
H            1.61695675498520       -2.75687200179600       -1.36102088888262
H            0.92160513031319       -1.72775345523286       -2.62906270313471
H            3.15549996002041       -0.90151895885172       -2.21987162589391
H            2.02587036161889        0.25760350309384       -1.54036466027135
H            4.31028325631591        0.10967393913251        1.96869214812586
H            5.35860730232903       -1.14416924805177        1.27862472131893
H            6.71293711151470        0.84821953602741        1.90344698120119
H            6.71861279388783        0.64298403429923        0.14463250101075
H            5.69801834397318        1.87954581245316        0.88260050643905
42
 energy: -55.761571646650 gnorm: 0.002876230483 xtb: 6.7.1 (edcfbbe)
C           -2.88694958878383        3.81049143075265       -0.64234095474480
C           -2.06122023839831        2.61966963861366       -0.17329700274261
C           -2.50672055143734        1.33417928512666       -0.87359733416378
N           -1.75965520218339        0.17008105766843       -0.43030875110053
C           -2.28845555273463       -0.54989840733508        0.70672238010783
C           -3.32554517093127       -1.60721143836452        0.30800784144184
C           -3.85168217292152       -2.35297470414436        1.52762546045737
C           -0.64488157827423       -0.17000283136833       -1.12408187250856
O           -0.25869547684037        0.50758644073890       -2.06079588945278
C            0.07578276353372       -1.43218243730455       -0.68304081446550
C            1.26038026372609       -1.76108658256602       -1.59310414751630
C            2.40943809137042       -0.76726285436299       -1.43732944382997
C            3.10047155195457       -0.86446082300874       -0.10152276653838
O            2.73357140131373       -1.51212431243433        0.84812857132445
O            4.21259300880276       -0.11849759180735       -0.08773482004860
C            4.96443849493750       -0.12036858655109        1.12855485474866
C            6.09537606398430        0.88241273858204        1.00201079957332
H           -2.55633624710456        4.72180208493352       -0.15043337216424
H           -2.78299507856836        3.94246218032979       -1.71661848281553
H           -3.94077169254180        3.66048789684536       -0.41566895941408
H           -2.16154701506955        2.50443870617670        0.90885371096154
H           -1.00760018974567        2.78873817176662       -0.39889981467387
H           -2.33990831923168        1.44039260061127       -1.94830357314593
H           -3.57001765177183        1.15709560038962       -0.69435418651705
H           -1.47447361314229       -1.02459380559392        1.25690366755491
H           -2.75921717800359        0.17707753527439        1.37529343892746
H           -4.15424935824425       -1.12198833923057       -0.21117658987029
H           -2.87342802636155       -2.31593569158458       -0.38760237741430
H           -3.04151364347036       -2.86567900255733        2.04088062941376
H           -4.59132134838893       -3.09182881698381        1.22993725141653
H           -4.31798997438405       -1.66314753268364        2.22756401773470
H            0.44174821608848       -1.31412089186801        0.33810611240756
H           -0.62873993291719       -2.26546822662612       -0.69657440276801
H            1.61647126975424       -2.76508778759770       -1.35435502350680
H            0.92689452428622       -1.74286253481569       -2.63173670253385
H            3.16063672918982       -0.91884051454533       -2.21416654432035
H            2.02566135697630        0.24863600524742       -1.55574544085112
H            4.29430941474123        0.13299358194141        1.95866937984004
H            5.34872860155714       -1.13304133134599        1.30154281139754
H            6.70213271420408        0.86069278746713        1.90276849035839
H            6.71815185972545        0.63555181898436        0.14645474923809
H            5.69712847530066        1.88387548323103        0.86415334116084
42
 energy: -55.761614439270 gnorm: 0.002024272046 xtb: 6.7.1 (edcfbbe)
C           -2.87762891207200        3.81012639982985       -0.63360736706948
C           -2.05745520938864        2.61482072322573       -0.16564396659438
C           -2.50341628179138        1.33350634738180       -0.87405739527078
N           -1.75587466424054        0.16817485160939       -0.43491302679264
C           -2.28415545505804       -0.55000778596632        0.70234551766126
C           -3.32371837879512       -1.60645022626266        0.30530597696213
C           -3.84929029308572       -2.34633116619162        1.52880533225225
C           -0.64621080026163       -0.17599521057857       -1.13369185558533
O           -0.26176767069029        0.49694632393097       -2.07489638809573
C            0.07168435602715       -1.43885657428492       -0.69043960478545
C            1.26129211056989       -1.76925141245981       -1.59317956762594
C            2.40871302170647       -0.77349880309924       -1.43727013261872
C            3.08920509441389       -0.85470013306531       -0.09495220860583
O            2.70833703695752       -1.47825552474963        0.86366464551381
O            4.21334984997391       -0.12917494764382       -0.08939084976017
C            4.95782477226704       -0.11314419289147        1.13058754043949
C            6.09050106161766        0.88683876297448        0.99627281215849
H           -2.54785766489695        4.71812175361555       -0.13514797277019
H           -2.76686636011049        3.94643196046022       -1.70652670489971
H           -3.93289823894450        3.66066867048416       -0.41362972969397
H           -2.16381399919425        2.49488775344027        0.91523584380577
H           -1.00236064888301        2.78087289339643       -0.38552183534670
H           -2.33555564332383        1.44551468638183       -1.94788932396936
H           -3.56654756062998        1.15532545653045       -0.69621548120012
H           -1.47183728260187       -1.02640774364136        1.25322827399712
H           -2.75406824492377        0.17743695580909        1.37062785346226
H           -4.15134569941188       -1.12069730549479       -0.21463386174162
H           -2.87334244545657       -2.31798207424595       -0.38822482226688
H           -3.03780252220397       -2.85469119645536        2.04414119600431
H           -4.58833498840327       -3.08751603613918        1.23596978207690
H           -4.31530231527740       -1.65220745596309        2.22454032100600
H            0.43037801887822       -1.32423414068715        0.33318903906277
H           -0.63490750915030       -2.27008862322421       -0.71224725337762
H            1.61750894931093       -2.77154600104584       -1.34785581730893
H            0.93242302187101       -1.75601356411929       -2.63318741087191
H            3.16673609820120       -0.93459199157082       -2.20627938515088
H            2.02616968289464        0.24139889671516       -1.56988007068200
H            4.28301936447906        0.15274515142480        1.95222069318721
H            5.34067209150117       -1.12270948300994        1.32096278391025
H            6.69214449322269        0.87605177320821        1.90087326869627
H            6.71762316882210        0.62751204152473        0.14770435515727
H            5.69477659607660        1.88697019084829        0.84299503768869
42
 energy: -55.761624026603 gnorm: 0.009187378973 xtb: 6.7.1 (edcfbbe)
C           -2.86288255924105        3.80925514926864       -0.62031168489186
C           -2.04968594473549        2.60870686270146       -0.15372340329904
C           -2.49318120479647        1.33368433317612       -0.87550174299870
N           -1.74803417255102        0.16540017075608       -0.44019910888968
C           -2.27704534903012       -0.55037415658020        0.69722860901663
C           -3.31913265425779       -1.60574640774429        0.30245226217455
C           -3.84581511873527       -2.33719781979721        1.53036316215178
C           -0.64489340531583       -0.18655362296972       -1.14487566781420
O           -0.26118839375073        0.48062724600989       -2.09103562037326
C            0.06703222657799       -1.45253392783995       -0.70083317782603
C            1.26260195850007       -1.78327713194837       -1.59494118693852
C            2.40608579239009       -0.78295444191379       -1.43895403008405
C            3.06892527179260       -0.83820458476779       -0.08569930175745
O            2.65565578234338       -1.41458014858676        0.89479483552833
O            4.21487054278217       -0.14623782237653       -0.09550755297096
C            4.94415126090792       -0.10195866123120        1.13319553507994
C            6.08036000523410        0.89252721581185        0.98644124025876
H           -2.53657101962467        4.71298978478607       -0.11172149159812
H           -2.74143261859885        3.95299623038342       -1.69120223002706
H           -3.92046748167133        3.65923694561205       -0.41148622675428
H           -2.16594468037825        2.48105933636136        0.92530394145505
H           -0.99195409794836        2.77281804975504       -0.36285186346732
H           -2.31932544904599        1.45376637546328       -1.94761390372348
H           -3.55749293340867        1.15451807769070       -0.70494449458568
H           -1.46671415115068       -1.02816577638269        1.24979950983088
H           -2.74601368155135        0.17838610890131        1.36450429269007
H           -4.14485761227637       -1.11984778166423       -0.22028906374933
H           -2.87010231879662       -2.32139009943956       -0.38761828358316
H           -3.03364512255837       -2.84028915671836        2.04998117767583
H           -4.58407199044727       -3.08138091501175        1.24342312145908
H           -4.31234361569228       -1.63738517277687        2.22006756225898
H            0.41797909898159       -1.34294773408710        0.32562428632232
H           -0.64236803188027       -2.28105399376175       -0.73224434957628
H            1.62081175069416       -2.78313513955795       -1.34275550447434
H            0.93942108192630       -1.77674904802910       -2.63676243589367
H            3.17448184802495       -0.95504325699422       -2.19564888949381
H            2.02176040094003        0.22888627186145       -1.59286861593998
H            4.26082871551500        0.18587137065530        1.94094789052002
H            5.32348648262189       -1.10764955194342        1.35256528843352
H            6.67469480275224        0.90054551899088        1.89640484794633
H            6.71370574942229        0.61283626425892        0.14839840455246
H            5.68831083603133        1.89054503968030        0.80748210431409
42
 energy: -55.761670926625 gnorm: 0.002528388139 xtb: 6.7.1 (edcfbbe)
C           -2.86132882041014        3.80896740192260       -0.61998280797313
C           -2.04989149043588        2.60674774495541       -0.15561346861786
C           -2.49520537998286        1.33270612163457       -0.87725174065795
N           -1.75049984664043        0.16411009503447       -0.44174294856683
C           -2.27926915912733       -0.55127038148702        0.69621435502523
C           -3.32304671488680       -1.60512473577823        0.30275447759244
C           -3.84780228175023       -2.33692342825970        1.53092909481229
C           -0.64722829298722       -0.18830876504609       -1.14633952656796
O           -0.26586755469934        0.47627175185207       -2.09510857313364
C            0.06880831269368       -1.45103638436353       -0.69870161378250
C            1.26341756216791       -1.78062552962236       -1.59403211599605
C            2.40653782028801       -0.78006881494888       -1.43723279160342
C            3.07213756311793       -0.83970583144140       -0.08648400877840
O            2.66482883199560       -1.42463345483182        0.88690377562102
O            4.21177268457502       -0.14126202565327       -0.09024462960990
C            4.94580115826680       -0.10288641075209        1.13439135601926
C            6.08109232483885        0.89235309962794        0.98649193517161
H           -2.53325920295038        4.71152043810257       -0.11055511455067
H           -2.74062115569219        3.95427195433863       -1.69068711316795
H           -3.91895625477402        3.66074342608872       -0.41054413284241
H           -2.16519847245959        2.47837738929732        0.92341609055359
H           -0.99189188004804        2.76947301737903       -0.36497914232183
H           -2.32265768113497        1.45216256961406       -1.94962233858283
H           -3.55968654842219        1.15450369667826       -0.70603128197449
H           -1.46878795850782       -1.03016819222230        1.24766691597568
H           -2.74609581457299        0.17814139253715        1.36449583250331
H           -4.14959839798508       -1.11825879487575       -0.21801198258484
H           -2.87595299284957       -2.32028880109708       -0.38923771561942
H           -3.03484879699582       -2.84015490335894        2.04929399945319
H           -4.58657680108016       -3.08117014845770        1.24539013359017
H           -4.31331431928156       -1.63747493732963        2.22168701023821
H            0.42181618902016       -1.33442351726062        0.32610949730671
H           -0.63726468686020       -2.28215792319591       -0.72370526661463
H            1.62249122072398       -2.78076785779524       -1.34452241179964
H            0.93947120502131       -1.77243902400552       -2.63554822161051
H            3.17389443983381       -0.94987379958896       -2.19468296782481
H            2.02224501739834        0.23142052003578       -1.58835480521996
H            4.26675287547040        0.18056089635422        1.94608311790487
H            5.32611699302385       -1.10858252621910        1.34687206878018
H            6.67649111460481        0.90328520438128        1.89533657568781
H            6.71403991956183        0.61296367563015        0.14847701027348
H            5.68713527192760        1.88902579212821        0.80609171445094
42
 energy: -55.761697856182 gnorm: 0.001649310992 xtb: 6.7.1 (edcfbbe)
C           -2.85222422378519        3.80896244330408       -0.61303051901602
C           -2.04570752546531        2.60261269126015       -0.15151051646606
C           -2.49082088863208        1.33254655620626       -0.87975949531102
N           -1.74949952982740        0.16095816575685       -0.44634500459895
C           -2.27801719999320       -0.55248702972341        0.69321313547067
C           -3.32439098426349       -1.60450411127082        0.30287360631669
C           -3.84880792119846       -2.33305418531593        1.53284554030878
C           -0.64938300787937       -0.19668913430388       -1.15395675495036
O           -0.26952733815262        0.46414928117695       -2.10588847708179
C            0.06759444185954       -1.45775687302206       -0.70283384430592
C            1.26492090556548       -1.78626992908224       -1.59471943275985
C            2.40545981724773       -0.78279512282292       -1.43668244644385
C            3.06373204828881       -0.83138000913701       -0.08171590882080
O            2.64678631267387       -1.40012448889284        0.89626244968754
O            4.21110589204954       -0.14556789232136       -0.09030211326845
C            4.94075659837011       -0.09725294969205        1.13639638026774
C            6.07741550597974        0.89538563207181        0.98152894004137
H           -2.52429618383679        4.70811986980936       -0.09739065585532
H           -2.72679766491706        3.96009170314336       -1.68248430917919
H           -3.91115531806884        3.66235801609312       -0.40890794655663
H           -2.16518123807086        2.46989955233861        0.92664649575793
H           -0.98626557257500        2.76400664758950       -0.35553878246566
H           -2.31528710126759        1.45533717458450       -1.95130994589825
H           -3.55639605037099        1.15557929250924       -0.71272059840058
H           -1.46742306396612       -1.03236353436539        1.24375129984005
H           -2.74198115656373        0.17861637496921        1.36182760447376
H           -4.15085831164709       -1.11691301400513       -0.21763781252225
H           -2.87976414793294       -2.32157831112477       -0.38893526217747
H           -3.03577985880019       -2.83505520011508        2.05245098309065
H           -4.58776288415620       -3.07812550286509        1.24982094575094
H           -4.31416488588027       -1.63195730580119        2.22210929635876
H            0.41867189282445       -1.33762036876134        0.32231431125511
H           -0.63660293972169       -2.29047921242649       -0.72694513125841
H            1.62559694379625       -2.78559683998684       -1.34390137535336
H            0.94390852408916       -1.77994884382186       -2.63731533876672
H            3.17734363453112       -0.95447468278531       -2.18881438996852
H            2.01870053534656        0.22647154956028       -1.59550411499445
H            4.25980632985307        0.19501155325760        1.94360490209474
H            5.31928059122013       -1.10156722866730        1.35949076751321
H            6.66902169692953        0.91854767845449        1.89260533922437
H            6.71393705558990        0.60518349896148        0.14969563239103
H            5.68405627075219        1.88972408926490        0.78610078753509
42
 energy: -55.761729241160 gnorm: 0.005447779695 xtb: 6.7.1 (edcfbbe)
C           -2.82419697651358        3.80856869387011       -0.59219504942846
C           -2.03196971721520        2.58980048540144       -0.13935824971926
C           -2.47660996093782        1.33183029176808       -0.88800503797872
N           -1.74695462107449        0.15076268118690       -0.46043802483074
C           -2.27461874172069       -0.55607708224447        0.68467301886259
C           -3.32874123891191       -1.60277721429409        0.30410792916873
C           -3.85324318260015       -2.32246913127843        1.53893333906968
C           -0.65515117502190       -0.22133628699042       -1.17502906792255
O           -0.27996212376707        0.42809092650632       -2.13645410865988
C            0.06319496003204       -1.47848315316739       -0.71488669186947
C            1.26872700644084       -1.80380042679007       -1.59676473789973
C            2.40163398173764       -0.79163975905921       -1.43529237878990
C            3.04066114333791       -0.80896748295401       -0.06972070758249
O            2.59114476038180       -1.32167781954294        0.92769786883097
O            4.20943942712769       -0.15880259222383       -0.09238172324435
C            4.92586651151244       -0.07852222285771        1.14102943385393
C            6.06727450713019        0.90543763525501        0.96660904174319
H           -2.49655115708703        4.69716527281115       -0.05766671380805
H           -2.68449090628771        3.97720813164076       -1.65764651774621
H           -3.88693470724792        3.66689323366531       -0.40407020336524
H           -2.16387626053531        2.44431745753832        0.93605082120850
H           -0.96871698305969        2.74772746391509       -0.32811388325910
H           -2.28896945020975        1.46476755171944       -1.95650415703193
H           -3.54577171080369        1.15972134668069       -0.73530920550169
H           -1.46325266856957       -1.03815960478837        1.23243558763175
H           -2.73030753345154        0.18051572220894        1.35340676729640
H           -4.15478624696552       -1.11276327699939       -0.21544498742914
H           -2.89155929947824       -2.32583353719858       -0.38674043796921
H           -3.04100574117283       -2.82251605387824        2.06187027232714
H           -4.59334573412544       -3.06859311953113        1.26138934022945
H           -4.31779761084624       -1.61695433106039        2.22442675054291
H            0.40908677512549       -1.34858864925740        0.31130976527011
H           -0.63570071053929       -2.31605131730643       -0.73620918692482
H            1.63353593698433       -2.80086494784399       -1.34204776136315
H            0.95624512957863       -1.80209712060723       -2.64241191917697
H            3.18575362156281       -0.96716460150332       -2.17302870677494
H            2.00708056687811        0.21122559669225       -1.61519211290787
H            4.23806438431309        0.23946564982583        1.93358807281548
H            5.29835304399859       -1.07836874216072        1.39653718171708
H            6.64564950781113        0.96434312044862        1.88501260460713
H            6.71570545276797        0.58236994748187        0.15521356975947
H            5.67709774141563        1.89229726492346        0.72600844720857
42
 energy: -55.761745503786 gnorm: 0.001535272720 xtb: 6.7.1 (edcfbbe)
C           -2.82387240355667        3.80821856607567       -0.59350970999274
C           -2.03116649406149        2.58946319336775       -0.14143913236256
C           -2.47700272949974        1.33129588750982       -0.88878451575324
N           -1.74898869822612        0.14958914154366       -0.46060790579872
C           -2.27644197134288       -0.55647970410376        0.68539658309076
C           -3.33090333141968       -1.60273436176287        0.30512150547891
C           -3.85562658172849       -2.32404501063606        1.53912588805450
C           -0.65593744771537       -0.22158279851201       -1.17341041717469
O           -0.28027422468745        0.42858134771767       -2.13396378090521
C            0.06374813336760       -1.47757280891300       -0.71259940385721
C            1.26834029344760       -1.80223131066978       -1.59620839666173
C            2.40086916524155       -0.78963211912285       -1.43461783886366
C            3.04305176670908       -0.81049022891554       -0.07107260763281
O            2.59979285880697       -1.32969220935112        0.92310955826610
O            4.20841947772212       -0.15471393574577       -0.09198883636825
C            4.92786030632675       -0.07854388571448        1.13974998266893
C            6.06894440941503        0.90571975575171        0.96727688379412
H           -2.49512137341055        4.69666904174905       -0.05988357935418
H           -2.68561053181000        3.97630589503959       -1.65893338984946
H           -3.88624683448241        3.66733085788534       -0.40380047818612
H           -2.16147468401396        2.44485351322169        0.93407392414877
H           -0.96848443703496        2.74726031924020       -0.33218452923835
H           -2.28831837615196        1.46307635476641       -1.95707658330767
H           -3.54630338222406        1.16088582454928       -0.73634398489590
H           -1.46464632343626       -1.03843429538998        1.23263290424263
H           -2.73161934517285        0.18057216341545        1.35388225814924
H           -4.15715967835613       -1.11211046038837       -0.21348957693356
H           -2.89420169519393       -2.32538883040971       -0.38638353914197
H           -3.04409424799506       -2.82635538760013        2.06084553248232
H           -4.59670721778409       -3.06854048057236        1.25981983435114
H           -4.31931834400863       -1.61955617195147        2.22623305036278
H            0.41143706117415       -1.34582936051554        0.31295838490998
H           -0.63410565202049       -2.31624178263809       -0.73116564921341
H            1.63324797448409       -2.79954416166400       -1.34271143247771
H            0.95478282985604       -1.79913144698911       -2.64145331036032
H            3.18309597014850       -0.96138502347124       -2.17495434228354
H            2.00493505357776        0.21331055382015       -1.60999165099319
H            4.24144053371994        0.23621809458054        1.93425505680762
H            5.30032702502927       -1.07894896751470        1.39076213117879
H            6.64711483774732        0.96250865615043        1.88494629211282
H            6.71733436814397        0.58536946771713        0.15609781833887
H            5.67888394040931        1.89195610845223        0.72967524412710
42
 energy: -55.761757534438 gnorm: 0.000897686581 xtb: 6.7.1 (edcfbbe)
C           -2.81630002610113        3.80722165353071       -0.58974898139047
C           -2.02658459815759        2.58563277670412       -0.13928279701746
C           -2.47464708991433        1.33013656831501       -0.89035940597253
N           -1.74954481010429        0.14644122594075       -0.46334230048380
C           -2.27688690314439       -0.55715847150819        0.68403650982278
C           -3.33317322961388       -1.60233579529028        0.30496184621566
C           -3.85850182230942       -2.32240078698935        1.53987764732559
C           -0.65699995751417       -0.22563299347956       -1.17560421547248
O           -0.28135371985689        0.42245792819975       -2.13781857590327
C            0.06163553352181       -1.48148682287866       -0.71359822581010
C            1.26816960124807       -1.80579552546791       -1.59495505996597
C            2.39875830618899       -0.79089469799245       -1.43369976088836
C            3.03978908715920       -0.80654060836867       -0.06979145059900
O            2.59402245755003       -1.31546855965314        0.92796687171859
O            4.20882687522739       -0.15674982739880       -0.09448115225772
C            4.92595572936342       -0.07288165730951        1.13858510907435
C            6.06844253056302        0.90936898886359        0.96394040449128
H           -2.48678419998908        4.69331966115162       -0.05296366468334
H           -2.67538758511906        3.97741636401222       -1.65426585332669
H           -3.87914230998336        3.66754230974770       -0.40231940747002
H           -2.15860530758524        2.43902097226771        0.93556953604594
H           -0.96359637338360        2.74126846569022       -0.32898577177579
H           -2.28267238800852        1.46387790386992       -1.95754668177143
H           -3.54430858111930        1.16200349220063       -0.74033907688261
H           -1.46579341120330       -1.03979137543005        1.23155385701321
H           -2.73106467188860        0.18108636269728        1.35146466807057
H           -4.15881191542482       -1.11052124931352       -0.21317617704929
H           -2.89793557787415       -2.32615957976227       -0.38596891285316
H           -3.04754318543630       -2.82617505142398        2.06092244401932
H           -4.60130488971810       -3.06529454615665        1.26078596099135
H           -4.32013928325630       -1.61663569907845        2.22701995593644
H            0.40714916624560       -1.35045345405890        0.31259832657083
H           -0.63642802741738       -2.31987731639661       -0.73431085197296
H            1.63390527673786       -2.80210151708138       -1.33899036134155
H            0.95586911230907       -1.80453951524893       -2.64044075596113
H            3.18198870742204       -0.96275285196401       -2.17329398352640
H            2.00111252218395        0.21134711656270       -1.61118306944286
H            4.23734974441857        0.24745291893967        1.92894581868751
H            5.29701259387800       -1.07193117432059        1.39672360481472
H            6.64116160306332        0.97188337833199        1.88467103477965
H            6.72123204271468        0.58194563982143        0.15920832779125
H            5.68112897432180        1.89415534972673        0.71702281140868
42
 energy: -55.761769409344 gnorm: 0.001340067772 xtb: 6.7.1 (edcfbbe)
C           -2.80272823628129        3.80569499611798       -0.58344036556714
C           -2.01843992205004        2.57952158292454       -0.13543406418823
C           -2.46979273237476        1.32839379562265       -0.89240781476309
N           -1.74978840442768        0.14118930455972       -0.46689694664609
C           -2.27812324875782       -0.55869730676188        0.68190503321466
C           -3.33717830143722       -1.60201094995039        0.30417305067727
C           -3.86354426773952       -2.31936674734038        1.54046745560123
C           -0.65813352418442       -0.23313431376130       -1.17849758819261
O           -0.28116229141504        0.41303538153260       -2.14178045129849
C            0.05866385743743       -1.48916333449235       -0.71477621185826
C            1.26838118778479       -1.81240959346051       -1.59225925787496
C            2.39541746896738       -0.79314919483367       -1.43288184974019
C            3.03356695618193       -0.79846881917356       -0.06777054348691
O            2.57985227292882       -1.28691284960883        0.93759820422166
O            4.20932305188842       -0.16050990788877       -0.09854145204368
C            4.92169260113878       -0.06309538108359        1.13645115442790
C            6.06727082832554        0.91496906538505        0.95747808592934
H           -2.47245511313707        4.68831602248825       -0.04151461068099
H           -2.65727030932908        3.97953134360616       -1.64665851892137
H           -3.86651542221185        3.66784999958739       -0.40025827359841
H           -2.15340748615855        2.42941678596986        0.93842419613910
H           -0.95451615592600        2.73133887472144       -0.32259852252152
H           -2.27302862839954        1.46505696840855       -1.95808092531234
H           -3.54037336599283        1.16388908632010       -0.74655872649829
H           -1.46868867593449       -1.04261085454002        1.23058122388321
H           -2.73091420550297        0.18156177255140        1.34770694344617
H           -4.16165177601351       -1.10850350827114       -0.21390054756625
H           -2.90387044651316       -2.32760775010295       -0.38586258961917
H           -3.05361238412639       -2.82593875505344        2.06027161313578
H           -4.60977073944687       -3.05931771123781        1.26282708822760
H           -4.32106526700682       -1.61113121133220        2.22771944730750
H            0.40019762175364       -1.36002801715849        0.31277678124976
H           -0.64004117776407       -2.32685036892708       -0.74025636227139
H            1.63681219544738       -2.80649184849466       -1.33181529523240
H            0.95808216568219       -1.81584019332054       -2.63821547605180
H            3.18031371130565       -0.96524951675787       -2.17074529045167
H            1.99432698474299        0.20719801733682       -1.61488531811656
H            4.22961553342005        0.26734719604323        1.91927249139113
H            5.28989798703678       -1.05946999881376        1.40755286940041
H            6.63132407166671        0.98908931242349        1.88303093164352
H            6.72710590328078        0.57553076729395        0.16371476399074
H            5.68422768313499        1.89702785947403        0.69347390957435
42
 energy: -55.761776931602 gnorm: 0.001163256630 xtb: 6.7.1 (edcfbbe)
C           -2.79163949264453        3.80499564905758       -0.57965475295656
C           -2.01179516169649        2.57542808908535       -0.13342541017554
C           -2.46623876138016        1.32724048525204       -0.89335391738786
N           -1.75055575433598        0.13718517392115       -0.46847725089251
C           -2.28060264635830       -0.56074605618063        0.68075678552801
C           -3.34168221247276       -1.60228216097650        0.30374974532684
C           -3.86924029513245       -2.31815339446103        1.54035283306599
C           -0.65827548630702       -0.23821412603194       -1.17860349457855
O           -0.28025898816424        0.40719074723633       -2.14200722479500
C            0.05695699598802       -1.49513223098420       -0.71470658630311
C            1.26905043923490       -1.81749575253216       -1.58933566411644
C            2.39297109748552       -0.79418379609726       -1.43224259377920
C            3.02983475186845       -0.79195612706449       -0.06664309622478
O            2.57200461206497       -1.26788254035742        0.94236729906934
O            4.21047866687138       -0.16233832610016       -0.10190992513936
C            4.91898326963927       -0.05516107897076        1.13460546563947
C            6.06719391293983        0.91931981998059        0.95181500724586
H           -2.45996564216353        4.68517992893117       -0.03463981908206
H           -2.64357027051161        3.98143099703451       -1.64211968175218
H           -3.85618335807681        3.66966379379938       -0.39900240236021
H           -2.14815220558019        2.42358528092689        0.94000145091795
H           -0.94712818220030        2.72414940493787       -0.31920373100492
H           -2.26699416366214        1.46492959369880       -1.95833606321216
H           -3.53762592028924        1.16597323225354       -0.74983279879079
H           -1.47232331957307       -1.04568947079514        1.23023405443747
H           -2.73223691382636        0.18101005440880        1.34568110333814
H           -4.16532185927649       -1.10738670402759       -0.21436411941455
H           -2.90978462206028       -2.32890214891025       -0.38610604377791
H           -3.06075116539047       -2.82860329742275        2.05867237261286
H           -4.61911242021138       -3.05470289383310        1.26345082491675
H           -4.32269043359740       -1.60841584867471        2.22876383289938
H            0.39598247489192       -1.36713309887666        0.31381497891370
H           -0.64193012799076       -2.33271049560579       -0.74316008694320
H            1.64015362532769       -2.80964539897647       -1.32509374725318
H            0.96030379776852       -1.82556680359837       -2.63579570494804
H            3.17862821569646       -0.96553750387955       -2.16940051774730
H            1.98802543858914        0.20428333632166       -1.61713740304392
H            4.22463385811973        0.28426091216914        1.91184251050160
H            5.28433212576942       -1.04992638929055        1.41644300721978
H            6.62446453344489        1.00325432534418        1.88080002669544
H            6.73256397305266        0.56959431962273        0.16682790554997
H            5.68749761414226        1.89909049966788        0.67376107276043
42
 energy: -55.761785688709 gnorm: 0.000838277704 xtb: 6.7.1 (edcfbbe)
C           -2.77834292484871        3.80437328529554       -0.57674040359234
C           -2.00374090612730        2.57115646514156       -0.13208519846912
C           -2.46299566062709        1.32552224898773       -0.89296089887805
N           -1.75157459084876        0.13261468602077       -0.46876112310578
C           -2.28432421179996       -0.56421148297719        0.67974954524123
C           -3.34794948733287       -1.60296156804166        0.30224317619921
C           -3.87702905388167       -2.31746939607670        1.53880375408410
C           -0.65824716882158       -0.24330331078489       -1.17715067559021
O           -0.27822186887719        0.40276948652229       -2.13936948368796
C            0.05586239085041       -1.50071625628058       -0.71270526347081
C            1.27004946914301       -1.82264483262001       -1.58450144956503
C            2.39063077540174       -0.79489218132209       -1.43152684318960
C            3.02662591601829       -0.78459928644893       -0.06567222687646
O            2.56404780306917       -1.24773615043314        0.94694633600737
O            4.21050099151264       -0.16245238086726       -0.10412394034223
C            4.91638401147401       -0.04598766616674        1.13228298496579
C            6.06760512448816        0.92408212785234        0.94446099363119
H           -2.44395687011135        4.68232401185294       -0.02987790967260
H           -2.62859995774941        3.98232577192907       -1.63869495176660
H           -3.84357338140656        3.67290453453341       -0.39749291052529
H           -2.14047631946386        2.41865334044848        0.94121315530106
H           -0.93839153716510        2.71556762144194       -0.31766375486762
H           -2.26359065154718        1.46304279236429       -1.95786014880297
H           -3.53487211131781        1.16799485581470       -0.74943428229649
H           -1.47781134586967       -1.05132771544267        1.22995127036246
H           -2.73461831603846        0.17863076941607        1.34446299949513
H           -4.17044881857435       -1.10592668971278       -0.21575810907101
H           -2.91777732490738       -2.33031282806305       -0.38799402405129
H           -3.07048919142263       -2.83358414634983        2.05469873015848
H           -4.63212028636145       -3.04910284454394        1.26291123202219
H           -4.32449784171759       -1.60588362670148        2.22931987894938
H            0.39230654211382       -1.37325907311575        0.31664771051598
H           -0.64296143493084       -2.33817261980513       -0.74356243052057
H            1.64441742822092       -2.81220812295190       -1.31511585556600
H            0.96259310090108       -1.83723233061653       -2.63130685779249
H            3.17679625457145       -0.96606627975425       -2.16812771423493
H            1.98141525433091        0.20118464981753       -1.62021441538178
H            4.22147314200762        0.30178207042773        1.90462657140617
H            5.27839507665240       -1.03864298089859        1.42370980327823
H            6.61913770353834        1.01891460479804        1.87538867309924
H            6.73717995613898        0.56428326582675        0.16832950231687
H            5.69119032130866        1.90056718148615        0.65234279524290
42
 energy: -55.761790061016 gnorm: 0.000420775420 xtb: 6.7.1 (edcfbbe)
C           -2.77780822820418        3.80497659114240       -0.57735178100097
C           -2.00331730641925        2.57190364174942       -0.13216766147910
C           -2.46333016154321        1.32558121441716       -0.89161872903719
N           -1.75121454602656        0.13284809806141       -0.46778906021514
C           -2.28414316144829       -0.56511973621227        0.68005657847753
C           -3.34791292981797       -1.60321718463789        0.30153510382148
C           -3.87782553927497       -2.31807624114540        1.53749498454571
C           -0.65808362477935       -0.24311600966338       -1.17666572171925
O           -0.27791907474978        0.40359337257000       -2.13830685979796
C            0.05617721310207       -1.50037739146572       -0.71211526462002
C            1.27031164274318       -1.82309635884971       -1.58371540288575
C            2.39100092320783       -0.79542164068303       -1.43118051584504
C            3.02558695601183       -0.78287289649085       -0.06472574867494
O            2.56262966701635       -1.24672284261659        0.94762717755658
O            4.21027627762981       -0.16228908734052       -0.10354546542104
C            4.91620079280208       -0.04535704222850        1.13293106058044
C            6.06765373368273        0.92380187225482        0.94294699371083
H           -2.44252097473636        4.68338705405946       -0.03150537379088
H           -2.62890662812225        3.98199001159704       -1.63971330707606
H           -3.84304988834590        3.67419736686572       -0.39705889582385
H           -2.13945491735800        2.42038928248080        0.94150878627822
H           -0.93803423137857        2.71620525674613       -0.31838572397763
H           -2.26611780644638        1.46256562949047       -1.95740333472172
H           -3.53514824960444        1.16778510220712       -0.74603131478387
H           -1.47759995720676       -1.05298077114153        1.22959029125602
H           -2.73412554814977        0.17718711976647        1.34573907988735
H           -4.17008630939815       -1.10573723943766       -0.21661298326721
H           -2.91783493970757       -2.33048325730047       -0.38893798730175
H           -3.07183610022750       -2.83473506169361        2.05362237766110
H           -4.63300855896215       -3.04928320323643        1.26095543209525
H           -4.32541840738142       -1.60674557004286        2.22815586921348
H            0.39313619500946       -1.37210929744005        0.31712274140781
H           -0.64258153360652       -2.33800220819713       -0.74202752623355
H            1.64434675899342       -2.81258031048829       -1.31365549617899
H            0.96315188161189       -1.83837259626592       -2.63059831251931
H            3.17791339784103       -0.96771846882588       -2.16659846585022
H            1.98196302129109        0.19997001254370       -1.62208444293274
H            4.22161043823579        0.30377072143928        1.90534053329044
H            5.27785755798212       -1.03803701082324        1.42546834741584
H            6.62055066385677        1.01970785245704        1.87301685180949
H            6.73602284992812        0.56264594173976        0.16622543870176
H            5.69088865194257        1.89994528464097        0.64984596840453
42
 energy: -55.761795944371 gnorm: 0.000864238471 xtb: 6.7.1 (edcfbbe)
C           -2.77621950348908        3.80626903338754       -0.57908311640684
C           -2.00194998967352        2.57359117067927       -0.13249225989568
C           -2.46422932365692        1.32565329210923       -0.88793266902236
N           -1.75032669842041        0.13366595609856       -0.46479308812178
C           -2.28388899570253       -0.56731464299975        0.68110609123071
C           -3.34795185767730       -1.60382620166484        0.29973089751880
C           -3.88019097458881       -2.31997598058202        1.53389489055837
C           -0.65724582571635       -0.24182140430678       -1.17436045181387
O           -0.27714639422022        0.40600911196858       -2.13515723469172
C            0.05660858498738       -1.49934321665368       -0.71019031004153
C            1.27028163851244       -1.82397697055013       -1.58166362814938
C            2.39192599330259       -0.79722111752080       -1.43032005472218
C            3.02498286466623       -0.78259957758954       -0.06313192885026
O            2.55932385536148       -1.24300635857757        0.94973417174832
O            4.21002442134944       -0.16308256816577       -0.10229309842087
C            4.91555337114868       -0.04300421199297        1.13426441530709
C            6.06785630978667        0.92386181449135        0.93911560401560
H           -2.43852844050467        4.68585711713898       -0.03631838880314
H           -2.62970893281707        3.98054387914744       -1.64236344600529
H           -3.84131670229241        3.67746235153413       -0.39589935848714
H           -2.13638620076356        2.42461326992592        0.94194388046422
H           -0.93686781630371        2.71691576838102       -0.32074815241971
H           -2.27210074582565        1.46109451029517       -1.95529769568484
H           -3.53561924493136        1.16757139715899       -0.73745090024112
H           -1.47744246410467       -1.05696893920416        1.22919418122045
H           -2.73332334828865        0.17349337448173        1.34901084984578
H           -4.16908817187106       -1.10506254530452       -0.21892263166126
H           -2.91774707640424       -2.33061484059039       -0.39129095214299
H           -3.07544657291475       -2.83803502769150        2.05051483720890
H           -4.63559654853163       -3.05012370077609        1.25532452369712
H           -4.32815081336192       -1.60925231565458        2.22492474471707
H            0.39483845986730       -1.36968295649337        0.31862250153190
H           -0.64229579408216       -2.33696621588593       -0.73808825673972
H            1.64331796377962       -2.81349716367586       -1.31033462530623
H            0.96351311378519       -1.84043228525573       -2.62865155139787
H            3.18014572023283       -0.97331602362609       -2.16334461790311
H            1.98451732759971        0.19765721017439       -1.62586663102393
H            4.22139683581186        0.30943177503782        1.90593888887288
H            5.27602984081990       -1.03534734724878        1.43018093693466
H            6.62376555125544        1.02251079721381        1.86711683539403
H            6.73346820122809        0.55898109490105        0.16155179831919
H            5.69121838264060        1.89928868788813        0.64321324032731
42
 energy: -55.761800716536 gnorm: 0.000681933610 xtb: 6.7.1 (edcfbbe)
C           -2.77400603860544        3.80710538927363       -0.58096236558687
C           -1.99995305845825        2.57481526248954       -0.13288305830766
C           -2.46496058495728        1.32548133221460       -0.88417716750662
N           -1.74976534733754        0.13423318855710       -0.46138971205293
C           -2.28416355722661       -0.56928849429937        0.68259712344091
C           -3.34841206357844       -1.60432856705474        0.29786367498494
C           -3.88324497987266       -2.32218711895525        1.52992512328326
C           -0.65651369000899       -0.24050005836835       -1.17123095618006
O           -0.27607995654469        0.40852605771119       -2.13108151269836
C            0.05677316855057       -1.49848744784747       -0.70768528121636
C            1.26968222619697       -1.82509304448810       -1.57946436922891
C            2.39254905191825       -0.79948807644952       -1.42928692417735
C            3.02388699267318       -0.78098648484696       -0.06115038894717
O            2.55738027822294       -1.23856535981022        0.95247397496827
O            4.20963906802968       -0.16351121018859       -0.10142094764943
C            4.91527265955301       -0.04015926642207        1.13471701269716
C            6.06883398270479        0.92427268455715        0.93500723212005
H           -2.43376609686739        4.68790394234549       -0.04184758448174
H           -2.63025430193238        3.97807036204030       -1.64511046682919
H           -3.83872579092840        3.68026261132221       -0.39446493004673
H           -2.13230996152472        2.42851039164051        0.94213344583093
H           -0.93516436069493        2.71649236839477       -0.32384557646688
H           -2.27702662010458        1.45908668912332       -1.95236620547813
H           -3.53565955013063        1.16783646907370       -0.72930889513288
H           -1.47814971102583       -1.06062922447058        1.22973012100321
H           -2.73339306021122        0.17007159347229        1.35221902844848
H           -4.16826257388267       -1.10408474039091       -0.22140456641453
H           -2.91762893383098       -2.33031109441711       -0.39365752903552
H           -3.07969586781025       -2.84177953924726        2.04693106773858
H           -4.63880398987322       -3.05125337285352        1.24879257047781
H           -4.33172115805542       -1.61221143865248        2.22141615360602
H            0.39586913680003       -1.36831236451938        0.32073946649782
H           -0.64271584748645       -2.33553101171181       -0.73446396212980
H            1.64172185705551       -2.81479260970985       -1.30728908885945
H            0.96260882939323       -1.84224977731687       -2.62637523610392
H            3.18167517994417       -0.97902139517653       -2.16072977399056
H            1.98667126354496        0.19542824564566       -1.62825818171769
H            4.22163884045163        0.31643886569371        1.90475776838206
H            5.27382870650031       -1.03194239467037        1.43458852654229
H            6.62669510773290        1.02514584407831        1.86148825350181
H            6.73223254208942        0.55568264419789        0.15735198405826
H            5.69341820958028        1.89935015003826        0.63651039361633
42
 energy: -55.761806482396 gnorm: 0.000473180563 xtb: 6.7.1 (edcfbbe)
C           -2.77026266152116        3.80774909235796       -0.58337177010266
C           -1.99645809882635        2.57591438597450       -0.13351370675720
C           -2.46554255108195        1.32506487846827       -0.87980093568483
N           -1.74958493635955        0.13444160077683       -0.45677252204057
C           -2.28544150591719       -0.57146779603900        0.68498218312322
C           -3.34966611338388       -1.60493622478637        0.29564583183122
C           -3.88791326975601       -2.32543916858236        1.52467837003045
C           -0.65576211566189       -0.23915899932603       -1.16622847308344
O           -0.27430676243085        0.41147177194511       -2.12459518317981
C            0.05666771344576       -1.49792351491860       -0.70353781918998
C            1.26836432426862       -1.82628032341613       -1.57628418511680
C            2.39300491071820       -0.80242730706880       -1.42808345201455
C            3.02343082557669       -0.78012906151751       -0.05943139340622
O            2.55595669499514       -1.23243980539776        0.95610349217647
O            4.20960951289026       -0.16394084628663       -0.10155423500298
C            4.91474688135417       -0.03523923404526        1.13428541973816
C            6.07080607351066        0.92524695791214        0.92964422949826
H           -2.42648588526369        4.69011744717873       -0.04922097851736
H           -2.63042744925913        3.97403651622996       -1.64874387475356
H           -3.83437964401680        3.68323689838182       -0.39211416532887
H           -2.12568807574729        2.43305476022773        0.94225177713552
H           -0.93213534459284        2.71534734547906       -0.32850394962873
H           -2.28177367054676        1.45608435485252       -1.94880656849989
H           -3.53548157610385        1.16867768768898       -0.71998659219305
H           -1.48036188247540       -1.06467071643986        1.23171809286169
H           -2.73498173623171        0.16639789634220        1.35597755723580
H           -4.16784306492588       -1.10281013177067       -0.22438899638664
H           -2.91775463442661       -2.32954883472638       -0.39657986172229
H           -3.08595442432232       -2.84710910589475        2.04207532345840
H           -4.64347599371531       -3.05310615320454        1.23987358553217
H           -4.33729703333985       -1.61683602269203        2.21696859310947
H            0.39668002050452       -1.36809850024469        0.32455895051449
H           -0.64393118215499       -2.33395824472940       -0.73003341985202
H            1.63920640183778       -2.81644297580003       -1.30404107310561
H            0.96025524645341       -1.84355695016083       -2.62289181876216
H            3.18241246636439       -0.98580544488537       -2.15832364695418
H            1.98930013548885        0.19294578375550       -1.63005578395820
H            4.22163290052299        0.32739144021090        1.90180007720738
H            5.27100223178788       -1.02597995533076        1.43985964216631
H            6.62965257939975        1.02825129256621        1.85523707279617
H            6.73240997466167        0.55172807136259        0.15288243361082
H            5.69777071827337        1.90014713555512        0.62771001417481
42
 energy: -55.761812469149 gnorm: 0.000402322805 xtb: 6.7.1 (edcfbbe)
C           -2.76495967168506        3.80835082705688       -0.58589135852842
C           -1.99138987929896        2.57680084764589       -0.13470101433601
C           -2.46551239598308        1.32451281927214       -0.87539212155323
N           -1.74987926736271        0.13402424697141       -0.45143657115900
C           -2.28825889255141       -0.57369960879755        0.68786525621999
C           -3.35218269135997       -1.60574857768753        0.29345236363283
C           -3.89412250349166       -2.32983104845028        1.51872269573148
C           -0.65462024233110       -0.23804010562424       -1.15922115318312
O           -0.27168901864633        0.41406642649606       -2.11602995781817
C            0.05645555655815       -1.49816135494846       -0.69795157525439
C            1.26660729723413       -1.82789589915352       -1.57228916904989
C            2.39270789604916       -0.80541202395757       -1.42645835967022
C            3.02320845757088       -0.77855535824642       -0.05797507860257
O            2.55569231474800       -1.22534504125860        0.95987665482456
O            4.21001433757911       -0.16352422435090       -0.10284349873267
C            4.91435967489625       -0.02862530999052        1.13269090255882
C            6.07392063839015        0.92688095683234        0.92346925336655
H           -2.41680118327553        4.69235851116067       -0.05747790509546
H           -2.63001095812061        3.96945555482670       -1.65264280548670
H           -3.82833870657624        3.68674834716622       -0.38887388869585
H           -2.11669833152504        2.43731768967618        0.94186857232143
H           -0.92762511008438        2.71345165628075       -0.33450470857008
H           -2.28525904834114        1.45243571437669       -1.94521013543344
H           -3.53491969251868        1.17045949440630       -0.71110680874666
H           -1.48461117894630       -1.06844887586793        1.23524194429592
H           -2.73883745635926        0.16301632409912        1.35937290883021
H           -4.16864334186161       -1.10167365756537       -0.22734355897721
H           -2.91867362061384       -2.32844916672489       -0.39973693269160
H           -3.09388904668649       -2.85384343244970        2.03643259399832
H           -4.64948353108069       -3.05597691448760        1.22941977477305
H           -4.34479490660460       -1.62315135979442        2.21212137115333
H            0.39739718321169       -1.36942574139576        0.32989292276536
H           -0.64545555751891       -2.33308375284923       -0.72467861386239
H            1.63666360289679       -2.81854040174465       -1.30064460205950
H            0.95667170804261       -1.84489643538379       -2.61840150812047
H            3.18179864260547       -0.99209783403186       -2.15614381225069
H            1.99051222530239        0.19021387209312       -1.63099838337924
H            4.22159456990668        0.34165931860583        1.89671035468735
H            5.26697943542999       -1.01833384447213        1.44551764629993
H            6.63266163485081        1.03196580765736        1.84889061958006
H            6.73443954264674        0.54715949156841        0.14890086933074
H            5.70497151489750        1.90188206304329        0.61689505784604
42
 energy: -55.761817389047 gnorm: 0.000446865771 xtb: 6.7.1 (edcfbbe)
C           -2.75892602748026        3.80880974313476       -0.58770438463771
C           -1.98582171542927        2.57713982001789       -0.13610373932508
C           -2.46497750785346        1.32402708094537       -0.87213573263171
N           -1.75103598795386        0.13283475154115       -0.44714293999486
C           -2.29214445092117       -0.57572718311132        0.69026984392907
C           -3.35561153828997       -1.60666701838416        0.29140289864098
C           -3.90030906592863       -2.33413300441434        1.51340966266945
C           -0.65441722403004       -0.23842456995261       -1.15300440569079
O           -0.26898233092738        0.41556517734604       -2.10758880655992
C            0.05605271259328       -1.49906892127767       -0.69204748717547
C            1.26516602648031       -1.82939545487631       -1.56767965248438
C            2.39201517387134       -0.80731440696421       -1.42489685810030
C            3.02334444373985       -0.77649785231314       -0.05706814775197
O            2.55632888234243       -1.21880891910873        0.96293088632015
O            4.21056687130850       -0.16191871653267       -0.10473481154584
C            4.91395989736591       -0.02151220484293        1.13063518240265
C            6.07750444517273        0.92836292325280        0.91759798847837
H           -2.40632117010797        4.69391777401616       -0.06419385498619
H           -2.62886338671099        3.96580149778916       -1.65566778646886
H           -3.82157217305230        3.69014579305394       -0.38506831495839
H           -2.10720130934039        2.44036788760413        0.94124927597126
H           -0.92264232711015        2.71134124811486       -0.34049152876319
H           -2.28741706713386        1.44885705929233       -1.94276895191777
H           -3.53416616604215        1.17288559100653       -0.70446219376439
H           -1.48994126591227       -1.07165546420656        1.23874588035193
H           -2.74381501177976        0.16044636596422        1.36167819908622
H           -4.17090360189512       -1.10100626382271       -0.22967124824661
H           -2.92077772384878       -2.32749226458359       -0.40292210131761
H           -3.10148473273623       -2.86019930292030        2.03120337127928
H           -4.65534372638132       -3.05902828601342        1.22010952860927
H           -4.35226250953219       -1.62949683837895        2.20805636493273
H            0.39748890906012       -1.37105878239126        0.33572578275218
H           -0.64661148714784       -2.33335029283569       -0.71893818031226
H            1.63520063958909       -2.82016033348155       -1.29645112204119
H            0.95351453399611       -1.84665974805887       -2.61331362746776
H            3.18043887287269       -0.99607526606093       -2.15476466129686
H            1.98992266733626        0.18801070646996       -1.63151633315062
H            4.22152189672664        0.35614357101077        1.89133184707191
H            5.26269644072539       -1.01035271621917        1.45036008360942
H            6.63537735223529        1.03575918696994        1.84332109552253
H            6.73762586457056        0.54227771218152        0.14583305028238
H            5.71282387755175        1.90330992104209        0.60586416963864
42
 energy: -55.761821809880 gnorm: 0.000379119571 xtb: 6.7.1 (edcfbbe)
C           -2.75250590608250        3.80921125416621       -0.58857104953408
C           -1.98018083821366        2.57678690640146       -0.13778307554254
C           -2.46435230744434        1.32353486183711       -0.87020774094706
N           -1.75249904795532        0.13144307645146       -0.44393346965331
C           -2.29661973545878       -0.57758366961747        0.69175939784653
C           -3.35969301382583       -1.60765489975825        0.28952734162184
C           -3.90627118148051       -2.33824656100474        1.50880390253695
C           -0.65383711887624       -0.23887833714213       -1.14696220034417
O           -0.26687276108739        0.41574399862197       -2.10050358696250
C            0.05572340443329       -1.50020736872590       -0.68639051697454
C            1.26413204031784       -1.83115856705056       -1.56287154277313
C            2.39070013536018       -0.80823891684964       -1.42316337496348
C            3.02334948455815       -0.77361569572406       -0.05628011307195
O            2.55735856169013       -1.21299230393909        0.96546127182111
O            4.21078490073872       -0.15904367442241       -0.10659133147609
C            4.91363371994362       -0.01443431984941        1.12853614254654
C            6.08121404942568        0.92964395014330        0.91195156840808
H           -2.39538234807689        4.69470066177178       -0.06877950564315
H           -2.62694734064982        3.96340463614857       -1.65748685336244
H           -3.81451201110167        3.69356595090051       -0.38080982000333
H           -2.09791977278164        2.44172163509975        0.94020439088228
H           -0.91749290205648        2.70866418391049       -0.34619012457241
H           -2.28846426091387        1.44584667698543       -1.94150012513474
H           -3.53363040983476        1.17548757871874       -0.70020389750433
H           -1.49587358575999       -1.07421375309283        1.24179104117090
H           -2.74954144867606        0.15843694658907        1.36251499911484
H           -4.17431869601860       -1.10078606437050       -0.23143641059528
H           -2.92390702860110       -2.32676895162868       -0.40598153791765
H           -3.10836948387991       -2.86582616312566        2.02643532231795
H           -4.66096660822125       -3.06224609491301        1.21245351465304
H           -4.35922172896386       -1.63543993383878        2.20463099773634
H            0.39775307165741       -1.37199602411527        0.34120341660954
H           -0.64723446645690       -2.33434258278888       -0.71265702861000
H            1.63488641733209       -2.82146966832252       -1.29100004300257
H            0.95110496407855       -1.84977719639235       -2.60809992288455
H            3.17831189629374       -0.99797238571910       -2.15358838254011
H            1.98753785089604        0.18626251814047       -1.63159756310074
H            4.22188938528398        0.37034748967797        1.88637839378674
H            5.25809055369574       -1.00280406977337        1.45441025612818
H            6.63795367461113        1.03973637039942        1.83809909113062
H            6.74118512944881        0.53676024621094        0.14344582056527
H            5.72100476264523        1.90439825999268        0.59437058919583
42
 energy: -55.761826673511 gnorm: 0.000389951889 xtb: 6.7.1 (edcfbbe)
C           -2.74484430303120        3.80977194285949       -0.58840245367201
C           -1.97393250305356        2.57570388093768       -0.13969750483244
C           -2.46370370936563        1.32294876866546       -0.86913076678188
N           -1.75498910718279        0.12916393261729       -0.44209528747531
C           -2.30203020781085       -0.57969864410668        0.69232225202249
C           -3.36489439260774       -1.60879942338921        0.28715074276142
C           -3.91241805964950       -2.34225822779713        1.50426813932442
C           -0.65463561201728       -0.24097833399212       -1.14248609968792
O           -0.26530242168168        0.41469089924671       -2.09442886062285
C            0.05521036822511       -1.50145972391422       -0.68019203906795
C            1.26346819936300       -1.83316219150304       -1.55672044016631
C            2.38891640615437       -0.80836284730385       -1.42095198498386
C            3.02327130966484       -0.76978683466034       -0.05522219493455
O            2.55868327152520       -1.20694977071108        0.96812523165439
O            4.21045095233581       -0.15454246574013       -0.10820295869942
C            4.91335021034242       -0.00644594277456        1.12643049997214
C            6.08557673607216        0.93082315861108        0.90556000648517
H           -2.38265457066964        4.69491667970564       -0.07150666792514
H           -2.62390198450500        3.96222962207222       -1.65810797445636
H           -3.80621222538574        3.69759496734412       -0.37549466802644
H           -2.08784907038533        2.44148705704700        0.93884654260746
H           -0.91171154186278        2.70478977260707       -0.35222690385146
H           -2.28944934422248        1.44296314523679       -1.94108422662910
H           -3.53317765974627        1.17862072034100       -0.69699127870879
H           -1.50270595520850       -1.07713058348736        1.24376769191294
H           -2.75581014054844        0.15649109970496        1.36239970312648
H           -4.17921139503548       -1.10075960985884       -0.23319792914367
H           -2.92862418095056       -2.32628482563615       -0.40976985802497
H           -3.11504841614225       -2.87111143011496        2.02140945637789
H           -4.66680937415100       -3.06554463611335        1.20545650040984
H           -4.36610766742854       -1.64119691483505        2.20137367529158
H            0.39739979743801       -1.37160403293318        0.34725931859500
H           -0.64733277694157       -2.33599167270615       -0.70506487539581
H            1.63570201136093       -2.82227037374493       -1.28255224058910
H            0.94957129116658       -1.85501034119090       -2.60164372334065
H            3.17565238337073       -0.99849703586726       -2.15217708494785
H            1.98368312367694        0.18484699928940       -1.63128716641654
H            4.22295163937245        0.38598674675262        1.88167249537913
H            5.25260347662888       -0.99468129751023        1.45828311811524
H            6.64110449792557        1.04463543944542        1.83202973199793
H            6.74530222692414        0.52978601688636        0.14100205332984
H            5.73045871802966        1.90507631052322        0.58066626997522
42
 energy: -55.761832232288 gnorm: 0.000411271126 xtb: 6.7.1 (edcfbbe)
C           -2.73503515943194        3.81030068763805       -0.58709056299036
C           -1.96661277221386        2.57350014643748       -0.14180009717419
C           -2.46355155727003        1.32217057807320       -0.86889264696307
N           -1.75837279238960        0.12644314000584       -0.44125775206406
C           -2.30856458462288       -0.58220075908840        0.69182167362172
C           -3.37146382433945       -1.61014095599231        0.28386239974261
C           -3.91953499822667       -2.34654714428812        1.49898654145113
C           -0.65580119016251       -0.24345863447659       -1.13827794274994
O           -0.26481026289102        0.41203556784424       -2.08967695773967
C            0.05426535959147       -1.50268717928880       -0.67312873437100
C            1.26307602000824       -1.83595876527523       -1.54843518809791
C            2.38661651104917       -0.80824584118559       -1.41786567116248
C            3.02275508895910       -0.76455149453444       -0.05327482361450
O            2.56004844577370       -1.19983494565826        0.97180995222351
O            4.20909988605999       -0.14790203259143       -0.10933915794954
C            4.91293500719151        0.00369610393649        1.12435827938573
C            6.09115848884933        0.93185391334997        0.89727932349558
H           -2.36652272115609        4.69416280518499       -0.07240184327611
H           -2.61911124547642        3.96197524901067       -1.65749159275071
H           -3.79571349562057        3.70250469248802       -0.36849044433839
H           -2.07616299319699        2.43962309443606        0.93731000009221
H           -0.90490006074389        2.69905366631039       -0.35900765236729
H           -2.29123027154709        1.44006348139073       -1.94150982743544
H           -3.53321951193352        1.18217488082952       -0.69425026944771
H           -1.51085815412088       -1.08064847477225        1.24473486534691
H           -2.76302517290601        0.15421183820729        1.36123556405319
H           -4.18563536360670       -1.10078342285547       -0.23546557324320
H           -2.93506650799107       -2.32592598083034       -0.41477582045598
H           -3.12239803399859       -2.87657806607328        2.01527580724138
H           -4.67371814412332       -3.06919749274856        1.19812855620052
H           -4.37363679209232       -1.64723264397446        2.19757864904278
H            0.39656287221421       -1.36927614956158        0.35394257757035
H           -0.64751183143806       -2.33797413890631       -0.69518992288723
H            1.63740228656720       -2.82300854042909       -1.26966250985700
H            0.94900294960102       -1.86345337729801       -2.59316501742232
H            3.17255180474313       -0.99862689299276       -2.14991198533760
H            1.97847941156713        0.18320332115187       -1.63066732431788
H            4.22506383515887        0.40549574825499        1.87713163654732
H            5.24574007454061       -0.98453701222170        1.46280428856057
H            6.64554806743970        1.05110793291427        1.82377570777831
H            6.75013243906055        0.52016333978462        0.13762774850764
H            5.74201889311756        1.90502975779726        0.56275398810996
42
 energy: -55.761836845492 gnorm: 0.000408664857 xtb: 6.7.1 (edcfbbe)
C           -2.72530482722080        3.81102591153860       -0.58477460094114
C           -1.96002141989859        2.57081301157306       -0.14363919713902
C           -2.46383517951906        1.32130142405173       -0.86914372072750
N           -1.76193789928973        0.12353242880594       -0.44176414656507
C           -2.31457765580774       -0.58468936208983        0.69037027970961
C           -3.37791570307556       -1.61129328088495        0.28023755528069
C           -3.92613753055584       -2.35004187541511        1.49388125212156
C           -0.65771711511932       -0.24649822397661       -1.13611611727100
O           -0.26554539159112        0.40816172363729       -2.08761278379222
C            0.05328972404300       -1.50352808573709       -0.66660652916241
C            1.26294634141542       -1.83910427118586       -1.53987706454350
C            2.38423230197306       -0.80831854159014       -1.41410970800833
C            3.02196480978229       -0.75938347524729       -0.05044980283052
O            2.56110993190339       -1.19300287212169        0.97622918454757
O            4.20701912378400       -0.14077908066610       -0.10949415297557
C            4.91272152229056        0.01386623024340        1.12281544414521
C            6.09665296088973        0.93286624521501        0.88854280880617
H           -2.35083523509153        4.69298890458876       -0.07107332654229
H           -2.61330184013606        3.96296189056536       -1.65553975197992
H           -3.78545752800285        3.70754544433446       -0.36168270269905
H           -2.06596941122972        2.43634382218944        0.93574560281559
H           -0.89864654519852        2.69239970260893       -0.36472512410654
H           -2.29350491173125        1.43803193110518       -1.94221864005917
H           -3.53359524760560        1.18540209748723       -0.69198528850279
H           -1.51831603983629       -1.08427093477061        1.24430483464556
H           -2.76924442869274        0.15194522135511        1.35940193638419
H           -4.19192207843692       -1.10063876147345       -0.23809634228053
H           -2.94167365352591       -2.32573395013127       -0.41989341965231
H           -3.12904253725615       -2.88107423116175        2.00922194622219
H           -4.68035928239518       -3.07208207088554        1.19167541745558
H           -4.38018968077136       -1.65199357159503        2.19374813467443
H            0.39511243943565       -1.36547496171731        0.36013701774253
H           -0.64740223686095       -2.33975515061719       -0.68560029646881
H            1.63923674880477       -2.82370583900072       -1.25503557384502
H            0.94951147821950       -1.87345863219325       -2.58460227854735
H            3.16962589021362       -0.99926687003758       -2.14654128651892
H            1.97359599279240        0.18146176127445       -1.62966725112845
H            4.22818780225854        0.42526199796012        1.87351033008168
H            5.23893151131412       -0.97446575523886        1.46749057535848
H            6.65056834393495        1.05793284923923        1.81453179699842
H            6.75417987224307        0.50997380495784        0.13379752679833
H            5.75356658354382        1.90474339500919        0.54399570345714
42
 energy: -55.761839380296 gnorm: 0.000249442455 xtb: 6.7.1 (edcfbbe)
C           -2.71937651300627        3.81130400609695       -0.58296793862509
C           -1.95651252573093        2.56885904937199       -0.14405469539512
C           -2.46436206047381        1.32083240111966       -0.86942220578097
N           -1.76401565484902        0.12201860721177       -0.44254120657590
C           -2.31780684824958       -0.58606392100332        0.68909163130047
C           -3.38146443221852       -1.61184783230785        0.27764008129186
C           -3.93007384048077       -2.35156528370830        1.49052827493156
C           -0.65918410180879       -0.24837246518204       -1.13574268155943
O           -0.26688155884560        0.40492307424732       -2.08810255352146
C            0.05226456788100       -1.50398906457548       -0.66303598282280
C            1.26299689021528       -1.84124256144679       -1.53411098370273
C            2.38320764572137       -0.80899194584712       -1.41144629570995
C            3.02127025864224       -0.75645405343678       -0.04797160177033
O            2.56143344587671       -1.18893010783582        0.97962581179828
O            4.20524892090795       -0.13634510686593       -0.10884988888287
C            4.91249125065009        0.02065929072471        1.12232474364194
C            6.10014049834809        0.93337286549910        0.88251018825792
H           -2.34165553783152        4.69171639888509       -0.06904535084245
H           -2.60888473737120        3.96409179789990       -1.65376848238070
H           -3.77934503343071        3.71040670795704       -0.35800097188360
H           -2.06083725611346        2.43387912200078        0.93544508707284
H           -0.89526745381084        2.68797324820311       -0.36700475318475
H           -2.29549748469739        1.43720733485967       -1.94273609746697
H           -3.53402633917303        1.18699140019477       -0.69057252869022
H           -1.52238248394311       -1.08653486756779        1.24335701704019
H           -2.77233177975803        0.15057362174807        1.35819771277201
H           -4.19515586430359       -1.10031392765563       -0.24029694836289
H           -2.94535503137658       -2.32568365370791       -0.42322034204825
H           -3.13312490448472       -2.88335187997058        2.00534541886856
H           -4.68453063844049       -3.07307930200893        1.18761240608719
H           -4.38386978399024       -1.65401991099838        2.19107611939799
H            0.39356014145554       -1.36261465084564        0.36342488206886
H           -0.64786294803294       -2.34070566676290       -0.67996483657203
H            1.64016390257050       -2.82427973586395       -1.24507045296940
H            0.95049577693007       -1.88014553346829       -2.57889093513893
H            3.16869435274470       -1.00084341164453       -2.14359467138030
H            1.97155820954730        0.17989033661102       -1.62911124085425
H            4.23045936957556        0.43832576932226        1.87174368552909
H            5.23464485562080       -0.96749906452485        1.47108188196147
H            6.65447898057167        1.06244143516522        1.80765373326937
H            6.75606239476835        0.50326944533316        0.13057175374896
H            5.76063335038703        1.90413803478042        0.53168145804014
42
 energy: -55.761840957333 gnorm: 0.000187330975 xtb: 6.7.1 (edcfbbe)
C           -2.71587451639557        3.81161553975162       -0.58147258268374
C           -1.95480804782361        2.56764690815206       -0.14386721221284
C           -2.46459966411602        1.32052696115940       -0.86943427377603
N           -1.76494421346159        0.12113893404766       -0.44309317557470
C           -2.31936542840260       -0.58691578527999        0.68820338620184
C           -3.38335219565650       -1.61200914660936        0.27580478563065
C           -3.93268750821660       -2.35209736259693        1.48812643661398
C           -0.66012904316663       -0.24978417892144       -1.13602590697664
O           -0.26801374283808        0.40218973323536       -2.08933021597729
C            0.05174437283898       -1.50432605399861       -0.66095948022586
C            1.26303989199951       -1.84307548589100       -1.53060003910495
C            2.38268161710395       -0.81014500189058       -1.40934269154648
C            3.02064011941634       -0.75488871892507       -0.04577320284195
O            2.56129746451837       -1.18616533761862        0.98252690226191
O            4.20388914305326       -0.13374164336071       -0.10796375842648
C            4.91219778759925        0.02554423301818        1.12233476038734
C            6.10237957849754        0.93374330842107        0.87804841905677
H           -2.33668908821336        4.69098254755284       -0.06685000895537
H           -2.60528430186943        3.96510844292909       -1.65213900964492
H           -3.77592352782155        3.71207913674134       -0.35640457840364
H           -2.05895104325982        2.43216959291288        0.93554059202858
H           -0.89347382595901        2.68516193116671       -0.36713603214212
H           -2.29641890538394        1.43714822319245       -1.94272399588978
H           -3.53418783303318        1.18769800018846       -0.68978763494097
H           -1.52449560507338       -1.08794967044225        1.24269777860073
H           -2.77384532956199        0.14966385706441        1.35735199228176
H           -4.19655368279524       -1.09990000157689       -0.24232246666676
H           -2.94714192348387       -2.32565705606150       -0.42517173961375
H           -3.13611561021146       -2.88457459950662        2.00282808906576
H           -4.68749957192964       -3.07303367753269        1.18470265406183
H           -4.38618190158664       -1.65460523015121        2.18890901557213
H            0.39226007305952       -1.36085950344114        0.36545619302483
H           -0.64804726285965       -2.34127998489609       -0.67695356039112
H            1.64038739713166       -2.82521108027738       -1.23873330850744
H            0.95137214655977       -1.88474136715178       -2.57550807456570
H            3.16845654103996       -1.00331299523063       -2.14084141703409
H            1.97109631843534        0.17836935893723       -1.62893066436347
H            4.23199379829195        0.44825998220971        1.87053135987659
H            5.23150024977246       -0.96227821685810        1.47462081810878
H            6.65746881593478        1.06544571139032        1.80233518879973
H            6.75669553835707        0.49822932233571        0.12785724827234
H            5.76548291950279        1.90383037381538        0.52287765157770
42
 energy: -55.761842361065 gnorm: 0.000197650619 xtb: 6.7.1 (edcfbbe)
C           -2.71371814897533        3.81169232557809       -0.58030934121603
C           -1.95400608745452        2.56682724435954       -0.14287028451590
C           -2.46431318389027        1.32044405317487       -0.86934884827999
N           -1.76509627094242        0.12072364721181       -0.44326392955744
C           -2.32018150100230       -0.58732375725285        0.68769053364186
C           -3.38422781786989       -1.61200113037951        0.27434087553093
C           -3.93481601994363       -2.35196599220990        1.48615228524107
C           -0.66065990958339       -0.25104693964288       -1.13633767536661
O           -0.26876329819851        0.39959901830470       -2.09062362539522
C            0.05118520039158       -1.50506775393308       -0.65962957884205
C            1.26306394436393       -1.84470494859764       -1.52802001433758
C            2.38270948797427       -0.81173547703164       -1.40775684341159
C            3.02009055622060       -0.75402493260796       -0.04391235861608
O            2.56094270993875       -1.18398429511617        0.98496298217964
O            4.20281158166316       -0.13209462386608       -0.10711749247276
C            4.91163325679884        0.02981482079169        1.12252193672495
C            6.10411601328659        0.93397179728118        0.87430993857215
H           -2.33438565178335        4.69027643800357       -0.06452654600012
H           -2.60197417882846        3.96608681551674       -1.65071669894620
H           -3.77404523945024        3.71278585262056       -0.35634898060710
H           -2.05892230186561        2.43084833875201        0.93638956335422
H           -0.89243678829376        2.68345343535926       -0.36544756376355
H           -2.29598996282919        1.43748984453326       -1.94250175741661
H           -3.53391552763636        1.18797115026326       -0.68981437891644
H           -1.52583486481224       -1.08878665578549        1.24249317869472
H           -2.77473928686609        0.14921429456581        1.35680034958066
H           -4.19674536843690       -1.09943778062553       -0.24438417662688
H           -2.94773775305729       -2.32572169856152       -0.42639211314387
H           -3.13890885425933       -2.88521788739090        2.00108691784615
H           -4.69004776661515       -3.07221103959261        1.18212033041814
H           -4.38809719085745       -1.65428485745159        2.18689031746777
H            0.39107333227135       -1.36041450012405        0.36678345684791
H           -0.64855962227703       -2.34206857335550       -0.67524604060647
H            1.64027076805893       -2.82639878452319       -1.23452891060633
H            0.95198203451702       -1.88790045236709       -2.57301509280402
H            3.16898127696914       -1.00631797402019       -2.13836954394666
H            1.97158051835233        0.17657188721115       -1.62917377753779
H            4.23275920832547        0.45723139166828        1.86917796739976
H            5.22835874929136       -0.95748885576801        1.47851178960862
H            6.66014031152303        1.06762541087934        1.79772335083627
H            6.75678117992901        0.49395301358820        0.12537861256952
H            5.76964246584653        1.90361813054341        0.51570942737597
42
 energy: -55.761844421971 gnorm: 0.000276402441 xtb: 6.7.1 (edcfbbe)
C           -2.71117736779167        3.81172086227692       -0.57869582305729
C           -1.95323085409450        2.56593716428196       -0.14085634447719
C           -2.46308551061664        1.32038282368596       -0.86910844109386
N           -1.76461926152409        0.12024997108064       -0.44294357735002
C           -2.32104617715114       -0.58776618945452        0.68735325273769
C           -3.38511709111432       -1.61181224957636        0.27240210788199
C           -3.93809560028100       -2.35144996339799        1.48331205156867
C           -0.66084688694095       -0.25303274896357       -1.13624441375111
O           -0.26907059832786        0.39581334966029       -2.09177517740095
C            0.05074231812520       -1.50660992825057       -0.65772319677528
C            1.26311653458351       -1.84747037322771       -1.52489393031200
C            2.38275472363232       -0.81443651806950       -1.40577885602206
C            3.01922990122602       -0.75294211350854       -0.04157370931936
O            2.56026099051916       -1.18065738203891        0.98825258158031
O            4.20132705900720       -0.12995902071027       -0.10626300538236
C            4.91028856059780        0.03641029872366        1.12265255859725
C            6.10654658524389        0.93415238811229        0.86901776540735
H           -2.33262385989034        4.68948415407608       -0.06094820829920
H           -2.59673279369647        3.96726173344402       -1.64864553807500
H           -3.77209194624348        3.71307381343752       -0.35742386174525
H           -2.06024375575363        2.42933956737106        0.93810266932778
H           -0.89116542975429        2.68193936731719       -0.36136465905515
H           -2.29338905132211        1.43817788083269       -1.94188860981101
H           -3.53291537759088        1.18812287524966       -0.69098481359752
H           -1.52756120951066       -1.08965749254190        1.24298167550387
H           -2.77606580730896        0.14879599864774        1.35607317798302
H           -4.19643947199661       -1.09871118685910       -0.24765970573688
H           -2.94794032216598       -2.32579125009160       -0.42762919399786
H           -3.14350506824038       -2.88596409421612        1.99897705582974
H           -4.69396427202136       -3.07055344763620        1.17814094111568
H           -4.39122490257627       -1.65336596539460        2.18374981378109
H            0.38969459822077       -1.36091539688676        0.36881332451554
H           -0.64907065300376       -2.34355038545373       -0.67323219942552
H            1.64010841679665       -2.82877446956960       -1.22979658078685
H            0.95260258470987       -1.89212613424130       -2.57000704013377
H            3.16972432534013       -1.01119697821188       -2.13507555443984
H            1.97230556015505        0.17354943884460       -1.63004407197801
H            4.23304205771933        0.47124232135001        1.86648317963470
H            5.22295946597009       -0.94992030456845        1.48483268157042
H            6.66379731042702        1.07028365046466        1.79131469803992
H            6.75677211789796        0.48740738701329        0.12192362113072
H            5.77595015873854        1.90331854700235        0.50556159677446
42
 energy: -55.761847402907 gnorm: 0.000352608601 xtb: 6.7.1 (edcfbbe)
C           -2.70764448017514        3.81152490918158       -0.57636018193942
C           -1.95216299186406        2.56472224920689       -0.13706707739739
C           -2.46004762964141        1.32038002796205       -0.86875101693877
N           -1.76323753245323        0.11951961153243       -0.44188522080840
C           -2.32238400843198       -0.58832183513681        0.68718438123461
C           -3.38631115503157       -1.61145894011341        0.26954298984095
C           -3.94359496091029       -2.35036628684459        1.47891271491911
C           -0.66043320008216       -0.25640745994529       -1.13527683293867
O           -0.26831593729737        0.39003073335134       -2.09230326369675
C            0.05026214848649       -1.50972142415391       -0.65446730631107
C            1.26321638832581       -1.85201475070570       -1.52021357277631
C            2.38284936179431       -0.81875850225222       -1.40331051298518
C            3.01797735316170       -0.75103154620734       -0.03872511140532
O            2.55922531948269       -1.17499781433160        0.99269297900260
O            4.19919027402142       -0.12643154673535       -0.10569457361543
C            4.90764158895640        0.04711539385017        1.12243120127494
C            6.11021363032925        0.93428153799950        0.86097570347510
H           -2.33128436871850        4.68823766432727       -0.05524445973879
H           -2.58811190936806        3.96894583914074       -1.64548802637214
H           -3.76964368261845        3.71283249950416       -0.36028069314589
H           -2.06340765366679        2.42694096378052        0.94131016654226
H           -0.88914481832666        2.68027182114232       -0.35328932204005
H           -2.28675518572747        1.43948890534429       -1.94077787848023
H           -3.53052491400264        1.18833968385971       -0.69430628004931
H           -1.53045684911047       -1.09085289625598        1.24445646678103
H           -2.77835302631956        0.14843126056726        1.35500990126601
H           -4.19559676966427       -1.09751229609488       -0.25285874698717
H           -2.94795405142187       -2.32597952786201       -0.42919846325525
H           -3.15134788499950       -2.88686205887063        1.99611135458491
H           -4.70037381328106       -3.06765385237627        1.17172099504709
H           -4.39676231415766       -1.65158223115002        2.17862951939891
H            0.38813688270902       -1.36290735963206        0.37223975958226
H           -0.64982799460204       -2.34647237766930       -0.66986657267321
H            1.64008453097817       -2.83276122528384       -1.22309796697563
H            0.95307318637846       -1.89874327476120       -2.56538189314722
H            3.17078742317808       -1.01864368075205       -2.13072328305363
H            1.97296134062463        0.16844787932006       -1.63210581416189
H            4.23259513098508        0.49421382615261        1.86108571813712
H            5.21316551916205       -0.93765051083177        1.49505313339311
H            6.66895776659578        1.07387139084894        1.78183578449571
H            6.75678550171951        0.47662666097727        0.11721377286762
H            5.78655378497652        1.90290853992065        0.48965577000641
42
 energy: -55.761850619327 gnorm: 0.000378504716 xtb: 6.7.1 (edcfbbe)
C           -2.70354498092251        3.81099665027183       -0.57320380034247
C           -1.95107300613874        2.56310211527501       -0.13184261647715
C           -2.45535538652478        1.32036092089045       -0.86876489343245
N           -1.76116693457813        0.11845549333598       -0.44053726206432
C           -2.32413090949918       -0.58890908501022        0.68695378953162
C           -3.38796694291607       -1.61083196576043        0.26608504405902
C           -3.95061259335350       -2.34856028322351        1.47368115333188
C           -0.65924173268762       -0.26083768216290       -1.13348574131936
O           -0.26614115902145        0.38305134918530       -2.09184463731156
C            0.05015199545560       -1.51394793649359       -0.65011028064953
C            1.26359614474082       -1.85828023501525       -1.51441142576043
C            2.38262797704084       -0.82399606130329       -1.40091477979877
C            3.01642299656153       -0.74812071858532       -0.03620810264628
O            2.55812262987178       -1.16759746564860        0.99720172398271
O            4.19644080414703       -0.12127185459991       -0.10595063770938
C            4.90379479888120        0.06088232775026        1.12145415634494
C            6.11478682995695        0.93406349910293        0.85151922395084
H           -2.33076229734456        4.68647559701186       -0.04740517366389
H           -2.57681546051862        3.97098634807144       -1.64114826837369
H           -3.76700420843717        3.71171521963182       -0.36455763121194
H           -2.06857314849517        2.42356866696288        0.94567035218112
H           -0.88673350724289        2.67878098155496       -0.34158053319710
H           -2.27600968401570        1.44135053299611       -1.93962746837881
H           -3.52693065933047        1.18847041660560       -0.70059695227755
H           -1.53425344652158       -1.09209899668899        1.24659171454331
H           -2.78142033310784        0.14831709555751        1.35332093442043
H           -4.19472413507958       -1.09596373259513       -0.25934883189807
H           -2.94818342153787       -2.32622395965516       -0.43085856901529
H           -3.16133537863084       -2.88721690492639        1.99315894473079
H           -4.70831219799810       -3.06381363153223        1.16404816538883
H           -4.40412778513142       -1.64877580653643        2.17217200050195
H            0.38693576954226       -1.36580226471858        0.37678362203238
H           -0.65028930110975       -2.35044478686368       -0.66511834308905
H            1.64087357163623       -2.83805320809630       -1.21452220640400
H            0.95362018483952       -1.90808820613450       -2.55954315317425
H            3.17150287993038       -1.02727994499877       -2.12635095505961
H            1.97255469139847        0.16182214148451       -1.63537538145395
H            4.23131168063591        0.52301757489572        1.85326055524381
H            5.19984384667403       -0.92184689084528        1.50694456389219
H            6.67472408632293        1.07771904295576        1.77103205563968
H            6.75716832655602        0.46294410188636        0.11247158980932
H            5.80022939594522        1.90188154597179        0.47034629608035
42
 energy: -55.761853270519 gnorm: 0.000289011850 xtb: 6.7.1 (edcfbbe)
C           -2.70107966782629        3.81030973916893       -0.57058237442739
C           -1.95074941853878        2.56173379597433       -0.12748543315853
C           -2.45110420674151        1.32034470034681       -0.86933267106528
N           -1.75933085461066        0.11751624450313       -0.43983640862859
C           -2.32537001836363       -0.58919149692006        0.68654891529185
C           -3.38920956384493       -1.61024585912489        0.26367190805273
C           -3.95578148591796       -2.34666525272122        1.47022530239495
C           -0.65763248576354       -0.26416418084124       -1.13183440338327
O           -0.26319769284235        0.37834371953639       -2.09062076499981
C            0.05040193088803       -1.51728665161838       -0.64666935177963
C            1.26412139569017       -1.86315269452538       -1.51005412600146
C            2.38243842572354       -0.82764598310663       -1.40008477763193
C            3.01552066808961       -0.74550852330392       -0.03558315356370
O            2.55758448108201       -1.16181590827006        0.99930836563185
O            4.19456735904913       -0.11684593547238       -0.10719765050258
C            4.90058759981831        0.07092424601941        1.12004605556481
C            6.11782989975578        0.93358502649257        0.84531937055193
H           -2.33172849532506        4.68485247816831       -0.04077062768218
H           -2.56819531313559        3.97259443535591       -1.63743968199930
H           -3.76571916583525        3.71019908756700       -0.36837271608781
H           -2.07390478084378        2.42034615351399        0.94917266176112
H           -0.88528403662029        2.67801095804491       -0.33126387579861
H           -2.26584150643251        1.44317282643461       -1.93904722559762
H           -3.52371675960958        1.18839593915519       -0.70734923797368
H           -1.53707836745951       -1.09286058251241        1.24803065829199
H           -2.78354290308883        0.14860657801711        1.35167839191178
H           -4.19414668562681       -1.09476450273249       -0.26394694165307
H           -2.94860368135656       -2.32652055813477       -0.43184991802043
H           -3.16858072096776       -2.88633517129932        1.99174670712330
H           -4.71384503829980       -3.06085920228666        1.15908900421172
H           -4.40987619958969       -1.64595958331509        2.16741927179211
H            0.38677198127320       -1.36800331995485        0.38024360854431
H           -0.65042694741308       -2.35350666416181       -0.66091317245605
H            1.64212123181627       -2.84180190229297       -1.20741235229961
H            0.95403049574076       -1.91628832260828       -2.55502330062068
H            3.17173367018340       -1.03299758583903       -2.12446382493180
H            1.97137701818018        0.15672708240958       -1.63873605910643
H            4.22979692219740        0.54397334466368        1.84635374280302
H            5.18902110658389       -0.91035520182259        1.51473979580122
H            6.67764695548726        1.07995998694572        1.76447332985414
H            6.75774762562978        0.45242559240872        0.11064852829315
H            5.81064722885820        1.90075314814185        0.45654267244952
42
 energy: -55.761855803460 gnorm: 0.000254741524 xtb: 6.7.1 (edcfbbe)
C           -2.69919355094324        3.80943970264836       -0.56802106407260
C           -1.95097450930511        2.56032402418167       -0.12288699543407
C           -2.44689533074483        1.32028906533864       -0.87001888800784
N           -1.75745219500124        0.11660375239829       -0.43934412090780
C           -2.32634944957754       -0.58951495163214        0.68599664915423
C           -3.39041334389167       -1.60956501078186        0.26130968669760
C           -3.96059837107891       -2.34449730230216        1.46708546203742
C           -0.65536658421002       -0.26673949697238       -1.12983488982471
O           -0.25911985182088        0.37524715380014       -2.08827474291051
C            0.05121610305327       -1.51998442445323       -0.64322364693703
C            1.26487953000933       -1.86833231893491       -1.50581485180152
C            2.38223029567542       -0.83125449305866       -1.40026289718950
C            3.01469705111822       -0.74257630338063       -0.03610829404058
O            2.55699890641700       -1.15578517100010        1.00018849582814
O            4.19284125059662       -0.11234565477740       -0.10929132189740
C            4.89692347138311        0.08053634173351        1.11830153511046
C            6.12078507674835        0.93258068016288        0.84001028140685
H           -2.33340786904218        4.68316413472311       -0.03433751778549
H           -2.56008669417170        3.97385526291999       -1.63377162834980
H           -3.76498046379192        3.70847148174286       -0.37230799105824
H           -2.08021204670409        2.41702320070731        0.95283466809710
H           -0.88435907272811        2.67745890155471       -0.32025753370645
H           -2.25541038822814        1.44513811192921       -1.93848103212748
H           -3.52052552172081        1.18799359483580       -0.71458920389452
H           -1.53953277238851       -1.09375072195256        1.24907896628148
H           -2.78516753465405        0.14881608994692        1.35009295564809
H           -4.19359498690314       -1.09348447697709       -0.26841664467991
H           -2.94918086456621       -2.32685609072754       -0.43277739812352
H           -3.17526713522006       -2.88449607691110        1.99108411500051
H           -4.71855972992580       -3.05821509245422        1.15461409371434
H           -4.41582408801336       -1.64280865898737        2.16256113660333
H            0.38768298477455       -1.36938861717345        0.38353764924633
H           -0.65016821671880       -2.35574594205683       -0.65615192392075
H            1.64382539835782       -2.84548665567070       -1.19947740637218
H            0.95447497254043       -1.92585730155412       -2.55046236077987
H            3.17173673250321       -1.03875587836268       -2.12379520652155
H            1.96985388465424        0.15148737989054       -1.64330669641760
H            4.22737538694465        0.56397107004992        1.83893104590897
H            5.17735878565902       -0.89950779727598        1.52169588900434
H            6.67941564430755        1.08200866354928        1.75945941791265
H            6.75915385078325        0.44163838082348        0.11047880076398
H            5.82119124581740        1.89890144446430        0.44334164930094
42
 energy: -55.761857562632 gnorm: 0.000244045914 xtb: 6.7.1 (edcfbbe)
C           -2.69896544363939        3.80878995700080       -0.56657807035680
C           -1.95218086831159        2.55953105106277       -0.11948029165075
C           -2.44428357831162        1.32020532155877       -0.87029122182451
N           -1.75591848485682        0.11614746897730       -0.43911239420242
C           -2.32631803917904       -0.58979342751970        0.68558744538240
C           -3.39069249882489       -1.60909431183980        0.25996166259296
C           -3.96347087319599       -2.34264154391577        1.46536069034968
C           -0.65305841075099       -0.26746226526085       -1.12824684220035
O           -0.25522988566324        0.37500578637703       -2.08575237513620
C            0.05216291340638       -1.52112188950674       -0.64110664517600
C            1.26545330157472       -1.87158938478862       -1.50345350980269
C            2.38262213862204       -0.83391082413095       -1.40165044387355
C            3.01453647950422       -0.74076145672342       -0.03770458372041
O            2.55657012236809       -1.15163666384973        0.99949913547149
O            4.19215558551679       -0.10971672154499       -0.11151721176682
C            4.89426250727163        0.08615625439319        1.11680887413288
C            6.12234813346723        0.93144548726671        0.83771743857084
H           -2.33591305797006        4.68220622768166       -0.03051233891495
H           -2.55526790299840        3.97421716632519       -1.63155113528614
H           -3.76554462726904        3.70716004995801       -0.37563592990599
H           -2.08622343498444        2.41504971056683        0.95548903251273
H           -0.88472999251971        2.67741065839078       -0.31183272402997
H           -2.24864074407885        1.44677151676347       -1.93780861156749
H           -3.51848346309965        1.18713801640762       -0.71933102180772
H           -1.54030756807990       -1.09456567832272        1.24930960877152
H           -2.78528817425999        0.14874144315571        1.34935983631069
H           -4.19263094615190       -1.09259556351533       -0.27122536472418
H           -2.94918185614569       -2.32726331473710       -0.43305120360190
H           -3.17924334666542       -2.88206873174017        1.99157678945599
H           -4.72082850843106       -3.05668233470703        1.15216128906053
H           -4.42007222263186       -1.64014446767136        2.15911843023319
H            0.38923560046698       -1.36964722107032        0.38537715348655
H           -0.65001877923461       -2.35621646667223       -0.65274904864788
H            1.64483457908292       -2.84756147657503       -1.19397387084387
H            0.95466353056387       -1.93287280940473       -2.54774532844328
H            3.17219022165830       -1.04333738022014       -2.12457310338105
H            1.96959607777675        0.14771973931011       -1.64793595582133
H            4.22508169783289        0.57604749002468        1.83330700173573
H            5.16919931732088       -0.89306736624740        1.52574010340341
H            6.67901472094798        1.08309907518313        1.75800710408117
H            6.76057632213093        0.43398353918616        0.11256432156866
H            5.82798945773469        1.89692534037804        0.43526155052155
42
 energy: -55.761858709059 gnorm: 0.000291434643 xtb: 6.7.1 (edcfbbe)
C           -2.69899467505910        3.80828428399472       -0.56556079297393
C           -1.95367883461546        2.55889172854247       -0.11632450232821
C           -2.44275966125265        1.32017605937040       -0.87014965679415
N           -1.75476056070814        0.11596951063547       -0.43893847510087
C           -2.32607058376780       -0.59015001361590        0.68520343368145
C           -3.39073714533559       -1.60875180024721        0.25862293910379
C           -3.96583723663258       -2.34100758993763        1.46370693033442
C           -0.65110079339761       -0.26737773342479       -1.12699989561184
O           -0.25200310863831        0.37571699942308       -2.08356012384356
C            0.05307849858984       -1.52142974670028       -0.63952458419414
C            1.26595007290548       -1.87449422426376       -1.50145056280522
C            2.38335064509326       -0.83675793348858       -1.40283209623624
C            3.01455503924731       -0.73953790987812       -0.03888500167679
O            2.55619047409713       -1.14815048613517        0.99907021279802
O            4.19172629122408       -0.10784356570386       -0.11313709751269
C            4.89187158127632        0.09114673330978        1.11590900170116
C            6.12407309168069        0.93020960959345        0.83550671961954
H           -2.33808851345870        4.68142318510156       -0.02760626433840
H           -2.55133879732893        3.97440103888863       -1.62990092400474
H           -3.76627615589017        3.70639278444231       -0.37867292403209
H           -2.09194893525605        2.41364954959115        0.95801701123718
H           -0.88548825644838        2.67711316793431       -0.30437651898932
H           -2.24428096572815        1.44831722494224       -1.93694004479048
H           -3.51727687997888        1.18613399893585       -0.72229241939265
H           -1.54060664288154       -1.09550186022537        1.24914621845370
H           -2.78501088373077        0.14832154227541        1.34906167700206
H           -4.19144654556237       -1.09182683892346       -0.27400558344906
H           -2.94894236349271       -2.32777064688308       -0.43333667508432
H           -3.18261684378978       -2.87974009413634        1.99216857817900
H           -4.72246617214780       -3.05550341440715        1.14976993619606
H           -4.42395578417358       -1.63777069906573        2.15571222191449
H            0.39070580534257       -1.36922132373652        0.38668765069279
H           -0.64991310816942       -2.35580805988357       -0.65007155196861
H            1.64523201821625       -2.84961337268311       -1.18909797052459
H            0.95484740541331       -1.93896409584450       -2.54542426061018
H            3.17307851885717       -1.04879310477430       -2.12483852490880
H            1.97060048921286        0.14417899891160       -1.65243857956957
H            4.22285711788510        0.58724932931164        1.82848893133275
H            5.16165023093843       -0.88738625950478        1.53017177437936
H            6.67861682959368        1.08471352659227        1.75662573620273
H            6.76255618285434        0.42635770622137        0.11484911011834
H            5.83465915500980        1.89475379544935        0.42703518874921
42
 energy: -55.761859468430 gnorm: 0.000225575806 xtb: 6.7.1 (edcfbbe)
C           -2.70066905109990        3.80801301077775       -0.56535090989814
C           -1.95628113842433        2.55877070084252       -0.11416151967569
C           -2.44261556207975        1.32014045259921       -0.86985740951231
N           -1.75389409828009        0.11620577690414       -0.43910561430935
C           -2.32495112423719       -0.59028508978856        0.68493084076957
C           -3.38989133639027       -1.60855683481729        0.25828486239527
C           -3.96643424807491       -2.33940239330081        1.46350924315372
C           -0.64946356590490       -0.26607669579915       -1.12656952640205
O           -0.24961585326536        0.37800057029989       -2.08212954661113
C            0.05398271941172       -1.52066041051374       -0.63945838555824
C            1.26625198342685       -1.87559406879597       -1.50145115666793
C            2.38462226388556       -0.83881181794413       -1.40453092128677
C            3.01504993308154       -0.73956412726246       -0.04038848577334
O            2.55620414142783       -1.14716961854240        0.99772754611256
O            4.19201304688674       -0.10757512852594       -0.11435600294330
C            4.89066067545422        0.09272342624901        1.11533568651697
C            6.12482541804532        0.92883919780063        0.83588975285432
H           -2.34163223118309        4.68121854037953       -0.02631053434866
H           -2.54999229089785        3.97421736382926       -1.62922252576173
H           -3.76842011708728        3.70572456792564       -0.38158542174269
H           -2.09785596047353        2.41330001083840        0.95968030576996
H           -0.88758698076766        2.67737450453238       -0.29888176266101
H           -2.24281544342539        1.44968109381142       -1.93615919552698
H           -3.51713736447712        1.18466781598359       -0.72360696688950
H           -1.53943055900070       -1.09591553371966        1.24849745712936
H           -2.78363679607460        0.14794854711053        1.34921636737390
H           -4.18980516345030       -1.09156931494357       -0.27544521591824
H           -2.94796955522804       -2.32843307341834       -0.43269331053543
H           -3.18367152924091       -2.87686386015659        1.99394421670414
H           -4.72212803329664       -3.05483179765536        1.14945344629687
H           -4.42602813500055       -1.63541814555980        2.15376580233722
H            0.39222127459620       -1.36836923035051        0.38652954778750
H           -0.64984287194200       -2.35430088496240       -0.64945784250077
H            1.64483523166097       -2.85048386297753       -1.18759325904917
H            0.95488842578708       -1.94159306192538       -2.54519774722571
H            3.17451563842013       -1.05319839872550       -2.12565546307124
H            1.97303847116103        0.14205971470996       -1.65622524439864
H            4.22139858631125        0.59128350680175        1.82558177585387
H            5.15789075779147       -0.88520899095382        1.53199562779492
H            6.67705038183821        1.08546233785631        1.75800921953114
H            6.76445733789035        0.42200414819715        0.11873741236223
H            5.83786272221901        1.89224705319368        0.42369309848008
