compound_id,inchikey,canonical_smiles,insecticidal_active,molecule_chembl_id,n_assay_records,n_active_records,n_inactive_records,best_pchembl,median_pchembl,assay_types,target_organisms,source,in_lifechem,in_curated_any
LIC_00034,MTXSIJUGVMTTMU-UHFFFAOYSA-N,c1cncc(C2CCCCN2)c1,1,CHEMBL280963,2,1,1,5.43,5.43,"IC50,Ki",Musca domestica,ChEMBL,True,True
LIC_01844,IKDRFCOUGSBGNI-BJMVGYQFSA-N,NC(=S)N/N=C/c1ccc(O)cc1,1,CHEMBL242113,1,1,0,5.3,5.3,EC50,Aedes aegypti,ChEMBL,True,True
LIC_00005,YFCWBKBNFCDPDF-UHFFFAOYSA-N,c1cncc(CN2CCCC2)c1,0,CHEMBL148489,2,0,2,4.79,4.79,"IC50,Ki",Musca domestica,ChEMBL,True,True
LIC_00280,UBSBRLFVQKHLPG-UHFFFAOYSA-N,O=C(O)CCc1nc(-c2ccccc2)no1,0,CHEMBL1313027,1,0,1,,,LC50,Aedes aegypti,ChEMBL,True,True
LIC_00370,JYGFTBXVXVMTGB-UHFFFAOYSA-N,O=C1Cc2ccccc2N1,0,CHEMBL40823,2,0,2,4.29,4.29,"IC50,LC50",Plutella xylostella,ChEMBL,True,True
LIC_00386,WRFNXLGYERRRTO-UHFFFAOYSA-N,COc1ccc(-c2noc(CCC(=O)O)n2)cc1,0,CHEMBL1421066,1,0,1,,,LC50,Aedes aegypti,ChEMBL,True,True
DEC_00032,MWFMGBPGAXYFAR-UHFFFAOYSA-N,CC(C)(O)C#N,1,CHEMBL1231861,1,1,0,,,LC50,Musca domestica,ChEMBL,False,True
EXT_00001,AAKMQRFRNKSENC-JPYJTQIMSA-N,Cc1ccc(N[C@H]2C[C@@H](C)N(C(=O)c3cccc(F)c3)c3ccc(C)cc32)cc1,1,CHEMBL58644,1,1,0,5.52,5.52,EC50,Aedes aegypti,ChEMBL,False,False
EXT_00003,AAWRCBWYNSEVTD-HONQWNAWSA-N,O=[N+]([O-])/N=C1/N(CCCOCCCN2CCN(Cc3ccc(Cl)nc3)/C2=N\[N+](=O)[O-])CCN1Cc1ccc(Cl)nc1,1,CHEMBL2252495,1,1,0,5.58,5.58,Ki,Musca domestica,ChEMBL,False,False
EXT_00005,ABWKLFAGXDXGFC-UHFFFAOYSA-N,CCN1CCN(C2CCN(C(=O)COc3ccc4c(c3)CCC4=O)CC2)CC1,1,CHEMBL4287340,3,3,0,6.7,6.54,IC50,"Aedes aegypti,Anopheles gambiae",ChEMBL,False,False
EXT_00006,ACIBUVSZJSBTER-UHFFFAOYSA-N,CC(C)(C)c1cccc(C(=O)C(F)F)c1,1,CHEMBL3623554,2,2,0,8.04,8.024999999999999,IC50,Anopheles gambiae,ChEMBL,False,False
EXT_00007,ADCNCRGCZHWZAS-SOFGYWHQSA-N,CCN(Cc1cnc(Cl)s1)/C(=C/[N+](=O)[O-])NC,1,CHEMBL2269818,1,1,0,6.8,6.8,IC50,Drosophila melanogaster,ChEMBL,False,False
EXT_00008,AELJUOLUTZKBIA-UHFFFAOYSA-N,S=C(S)NN1CCOCC1,1,CHEMBL2023163,2,2,0,7.88,7.779999999999999,Ki,Drosophila melanogaster,ChEMBL,False,False
EXT_00009,AGIXBXOWTIRXQT-RAXLEYEMSA-N,CN1CCN(CC2CCOC2)/C(=N\C#N)C1=O,1,CHEMBL2272684,1,1,0,6.29,6.29,Ki,Musca domestica,ChEMBL,False,False
EXT_00010,AGKKEYBHKKSJSF-UHFFFAOYSA-N,Cc1ccccc1C(=O)NN(C(=O)c1ccccc1Cl)C(C)(C)C,1,CHEMBL2286423,2,1,1,6.36,5.475,EC50,"Drosophila melanogaster,Spodoptera littoralis",ChEMBL,False,False
EXT_00011,AINHTKLJSKMPIF-UHFFFAOYSA-N,C=CCOCCCOc1ccc(Oc2ccccc2)cc1,1,CHEMBL2272148,1,1,0,9.07,9.07,IC50,Culex pipiens,ChEMBL,False,False
EXT_00012,ALNDHUQPXHHNON-JXMROGBWSA-N,O=[N+]([O-])/C=C1\NCCN1Cc1ccc(Cl)nc1,1,CHEMBL1391421,1,1,0,9.92,9.92,Ki,Drosophila melanogaster,ChEMBL,False,False
EXT_00013,AMGIERNTMSYGFH-UHFFFAOYSA-N,CC(C)(C)N(NC(=O)c1ccccc1)C(=O)c1ccc(Cl)c(Cl)c1Cl,1,CHEMBL2286421,1,1,0,5.28,5.28,EC50,Spodoptera littoralis,ChEMBL,False,False
EXT_00014,AMXHWYVGCAVKJP-UHFFFAOYSA-N,CC(C)CNCCCOc1ccc(Oc2ccccc2)cc1,1,CHEMBL2271821,1,1,0,8.37,8.37,IC50,Culex pipiens,ChEMBL,False,False
EXT_00015,ANJTVLIZGCUXLD-DTWKUNHWSA-N,O=c1cccc2n1C[C@@H]1CNC[C@H]2C1,1,CHEMBL497939,1,1,0,5.91,5.91,Ki,Musca domestica,ChEMBL,False,False
EXT_00016,AOCHZQAMEPXLEK-UHFFFAOYSA-N,CCC(CC)Cc1ccc(OCCCCNOC)cc1,1,CHEMBL2272190,1,1,0,6.3,6.3,IC50,Culex pipiens,ChEMBL,False,False
EXT_00017,AOVZEJRHIVGBCA-UHFFFAOYSA-N,FC1CCc2cn(-c3c(Cl)cc(C(F)(F)F)cc3Cl)nc21,1,CHEMBL203952,1,1,0,6.54,6.54,IC50,Musca domestica,ChEMBL,False,False
EXT_00018,AOZGKMUNIVXCHL-UHFFFAOYSA-N,CCONCCCOc1ccc(Oc2cccc(C)c2)cc1,1,CHEMBL2271811,1,1,0,9.85,9.85,IC50,Culex pipiens,ChEMBL,False,False
EXT_00022,AQKAZOMSXDNOMV-UHFFFAOYSA-N,COC(=O)CCCc1nc(-c2ccc(Cl)c(Cl)c2)no1,1,CHEMBL2442683,1,1,0,,,LC50,Aedes aegypti,ChEMBL,False,False
EXT_00023,ARTXOKALKYDCFO-UHFFFAOYSA-N,O=[N+]([O-])/N=C1\NCCN1Cc1cnc(Cl)c(I)c1,1,CHEMBL2287707,1,1,0,6.47,6.47,IC50,Musca domestica,ChEMBL,False,False
EXT_00024,ASOJJSIYOVBYDL-UHFFFAOYSA-N,Cc1cccc(Oc2ccc(OCCNCC(C)C)cc2)c1,1,CHEMBL2271816,1,1,0,10.0,10.0,IC50,Culex pipiens,ChEMBL,False,False
EXT_00025,ATAGSKVAWDKBCP-UHFFFAOYSA-N,Cc1ccccc1C(=O)N(NC(=O)c1cccc(F)c1)C(C)(C)C,1,CHEMBL2286424,1,1,0,6.34,6.34,EC50,Spodoptera littoralis,ChEMBL,False,False
EXT_00027,AVUSSQWWMZTAIB-UHFFFAOYSA-N,Cc1cc(C(F)(F)F)ccc1C(=O)Nc1ccccc1C(=O)NC(C)C,1,CHEMBL198073,1,1,0,,,LC50,Spodoptera frugiperda,ChEMBL,False,False
EXT_00028,AWNDPWYRSIVIDH-SFQUDFHCSA-N,CCO/N=C/CCOc1ccc(OC(CC)CC)cc1,1,CHEMBL2271835,1,1,0,8.19,8.19,IC50,Culex pipiens,ChEMBL,False,False
EXT_00030,AXPLNBQLPDERGQ-UHFFFAOYSA-N,C=CC(C#N)OC(=O)C(C)(C)C,1,CHEMBL2271408,1,1,0,,,LC50,Musca domestica,ChEMBL,False,False
EXT_00032,AYLKNFWSAOQHIN-UHFFFAOYSA-N,Cc1ccccc1C(=O)N(NC(=O)c1ccccc1)C(C)(C)C,1,CHEMBL2286740,2,1,1,5.42,5.42,EC50,Drosophila melanogaster,ChEMBL,False,False
EXT_00033,AZOIQYGYIVNADC-XDHOZWIPSA-N,CC(C)O/N=C/COc1ccc(Cc2ccccc2)cc1,1,CHEMBL2271777,1,1,0,7.72,7.72,IC50,Culex pipiens,ChEMBL,False,False
EXT_00037,BDLSLORLEPSOGW-UHFFFAOYSA-N,Nc1ccc(S(=O)(=O)Nc2nnc(S(N)(=O)=O)s2)cc1,1,CHEMBL268439,1,1,0,8.17,8.17,Ki,Anopheles gambiae,ChEMBL,False,False
EXT_00038,BESRNNXBPJIRJI-UHFFFAOYSA-N,CC(C)c1ccc(C(=O)NN(C(=O)c2ccccc2Cl)C(C)(C)C)cc1,1,CHEMBL2286428,3,2,1,7.82,7.76,"EC50,IC50","Drosophila melanogaster,Spodoptera frugiperda,Spodoptera littoralis",ChEMBL,False,False
EXT_00039,BFGJSMAQQPSMEH-UHFFFAOYSA-N,CN1CCN(NC(=S)S)CC1,1,CHEMBL2023164,2,2,0,9.05,8.455,Ki,Drosophila melanogaster,ChEMBL,False,False
EXT_00040,BGOCFQMFHYPMOD-UHFFFAOYSA-N,CCOP(=O)(OCC)SCCCCCCN1C(=O)c2ccccc2C1=O,1,CHEMBL2252850,2,2,0,5.42,5.225,IC50,"Drosophila melanogaster,Musca domestica",ChEMBL,False,False
EXT_00041,BGRJTUBHPOOWDU-UHFFFAOYSA-N,CCN1CCCC1CNC(=O)c1cc(S(N)(=O)=O)ccc1OC,1,CHEMBL26,1,1,0,7.53,7.53,Ki,Anopheles gambiae,ChEMBL,False,False
EXT_00042,BHMZJUVAVWRNLN-QXMHVHEDSA-N,Cc1cn(C/C=C\COC(c2ccccc2)(c2ccccc2)c2ccccc2)c(=O)[nH]c1=O,1,CHEMBL101135,1,1,0,5.48,5.48,IC50,Drosophila melanogaster,ChEMBL,False,False
EXT_00043,BHOUZQSCLBIKOC-UHFFFAOYSA-N,CCCONCCOc1ccc(Oc2cccc(C)c2)cc1,1,CHEMBL2271807,1,1,0,8.76,8.76,IC50,Culex pipiens,ChEMBL,False,False
EXT_00044,BHSQODKUEYDLIS-UHFFFAOYSA-N,CC(C)(C)N(NC(=O)c1ccccc1)C(=O)c1ccccc1C(F)(F)F,1,CHEMBL2286420,3,2,1,6.1,5.44,EC50,"Drosophila melanogaster,Spodoptera littoralis",ChEMBL,False,False
EXT_00045,BLOFGONIVNXZME-YDMGZANHSA-N,CS[C@@H]1[C@@H](N)[C@@H](O)[C@@H](O)[C@H]1O,1,CHEMBL9623,1,1,0,6.82,6.82,IC50,Drosophila melanogaster,ChEMBL,False,False
EXT_00046,BMOVRSNYGHMRBE-UHFFFAOYSA-N,CCCCCC[Se]CC(=O)C(F)(F)F,1,CHEMBL153177,1,1,0,6.46,6.46,IC50,Drosophila melanogaster,ChEMBL,False,False
EXT_00048,BMTTUHNUPKSNHI-NBNOIDAGSA-N,CC(C)CC[C@@H](O)[C@](C)(O)[C@H]1CC[C@H]2[C@@H]3CC(=O)[C@H]4C[C@H](O)CC[C@]4(C)[C@H]3CC[C@]12C,1,CHEMBL559941,1,1,0,6.1,6.1,IC50,Drosophila melanogaster,ChEMBL,False,False
EXT_00049,BMTTUHNUPKSNHI-XCTRBCSVSA-N,CC(C)CC[C@@H](O)[C@](C)(O)[C@H]1CC[C@H]2[C@@H]3CC(=O)[C@H]4C[C@@H](O)CC[C@]4(C)[C@H]3CC[C@]12C,1,CHEMBL560796,1,1,0,5.02,5.02,IC50,Drosophila melanogaster,ChEMBL,False,False
EXT_00050,BMZVQAWCJXIJDE-WMYNLDKDSA-N,CSCC[C@@H]1NC(=O)[C@H](CC(=O)O)NC(=O)[C@H](CCC(=O)O)NC(=O)[C@@H]2CSSC[C@H](NC(=O)[C@@H](N)Cc3ccc(O)cc3)C(=O)N[C@@H](CCC(N)=O)C(=O)N[C@@H](CCCCN)C(=O)N[C@@H](Cc3ccccc3)C(=O)N[C@@H](CC(C)C)C(=O)N[C@@H](Cc3c[nH]c4ccccc34)C(=O)N[C@@H]([C@@H](C)O)C(=O)N[C@H]3CSSC[C@H](NC(=O)[C@H](C(C)C)NC1=O)C(=O)N[C@@H](CCC(=O)O)C(=O)N[C@@H](CC(C)C)C(=O)N[C@@H](Cc1c[nH]c4ccccc14)C(=O)N[C@H](C(=O)N[C@@H](CCCCN)C(=O)N[C@@H](Cc1ccc(O)cc1)C(=O)N[C@@H](CCCCN)C(=O)N[C@@H](CCC(=O)O)C(=O)O)CSSC[C@H](NC(=O)[C@H](CCCCN)NC(=O)[C@H](CCCNC(=N)N)NC(=O)[C@H](CCC(=O)O)NC(=O)[C@H]([C@@H](C)O)NC(=O)[C@H](CC(=O)O)NC3=O)C(=O)N2,1,CHEMBL2272095,2,2,0,7.6,7.595,IC50,Blattella germanica,ChEMBL,False,False
EXT_00051,BODMOCLWYAYDCG-UHFFFAOYSA-N,CCN1CCN(C2CCN(C(=O)COc3ccc(-c4ccccc4)cc3)CC2)CC1,1,CHEMBL3965046,5,5,0,6.68,6.66,IC50,"Aedes aegypti,Anopheles gambiae",ChEMBL,False,False
EXT_00052,BOMYNNLDMFJZHK-UHFFFAOYSA-N,CC(C)ONCCCOc1ccc(Cc2ccccc2)cc1,1,CHEMBL2271813,1,1,0,9.49,9.49,IC50,Culex pipiens,ChEMBL,False,False
EXT_00054,BPSWISYORIWKCT-FCGWLDPVSA-N,CC(C)CNC(=O)/C=C/C=C/CC/C=C/c1ccc2c(c1)OCO2,1,CHEMBL255152,1,1,0,,,LC50,Aedes aegypti,ChEMBL,False,False
EXT_00055,BQCRLWBELMWYQA-UHFFFAOYSA-N,CCCN(CCC)C(=S)S,1,CHEMBL2023720,2,2,0,8.41,8.02,Ki,Drosophila melanogaster,ChEMBL,False,False
EXT_00056,BQPFJKYLPCZFDB-BFHYXJOUSA-N,CCCCc1cn([C@H]2C[C@H](n3cc(C)c(=O)[nH]c3=O)O[C@@H]2CO)nn1,1,CHEMBL1089805,1,1,0,5.39,5.39,IC50,Drosophila melanogaster,ChEMBL,False,False
EXT_00057,BTERSLVHOGVBSY-LDADJPATSA-N,CCC(CC)Oc1ccc(OCC/C=N/OC(C)C)cc1,1,CHEMBL2271837,1,1,0,9.3,9.3,IC50,Culex pipiens,ChEMBL,False,False
EXT_00058,BUGJJYHVKQGOSI-GZTJUZNOSA-N,CCO/N=C/COc1ccc(Oc2ccc([N+](=O)[O-])cc2)cc1,1,CHEMBL2271477,1,1,0,7.08,7.08,IC50,Culex pipiens,ChEMBL,False,False
EXT_00060,BVPTZDRKEDPTOX-WBMJQRKESA-N,COC(=O)[C@]12Oc3cc(C)cc(O)c3C(=O)C1=CC=C[C@H]2O,1,CHEMBL91382,1,1,0,5.66,5.66,IC50,Drosophila melanogaster,ChEMBL,False,False
EXT_00062,BWPRZTNWIXWGLA-HNNXBMFYSA-N,C=CCCCCCCCCCCC1=C[C@H](C)OC1=O,1,CHEMBL477914,1,1,0,,,LC50,Aedes aegypti,ChEMBL,False,False
EXT_00063,BWSMJWLWXNCHHP-UHFFFAOYSA-N,Cn1nc(S(N)(=O)=O)sc1=N,1,CHEMBL6753,1,1,0,5.77,5.77,Ki,Anopheles gambiae,ChEMBL,False,False
EXT_00064,BXAOBODAUFERDG-KRWDZBQOSA-N,CC(C)CN1C[C@H](CCCCN)N=C(SCCC(N)=O)c2nn(CC(C)C)cc21,1,CHEMBL3944838,1,1,0,5.21,5.21,EC50,Drosophila melanogaster,ChEMBL,False,False
EXT_00068,BYTBRPMPYKKSNU-UHFFFAOYSA-N,Cc1cccc(C(=O)NC(C)C)c1NC(=O)c1cnc(C(F)(F)F)nc1C(C)C,1,CHEMBL371110,2,2,0,,,LC50,"Plutella xylostella,Spodoptera frugiperda",ChEMBL,False,False
EXT_00069,BYZPUFVTFPWTAI-UHFFFAOYSA-N,Cc1cc(Cl)cc(C(=O)NC(C)C)c1NC(=O)c1cc(OC(F)F)nn1-c1ncccc1Cl,1,CHEMBL248990,2,2,0,,,LC50,"Plutella xylostella,Spodoptera frugiperda",ChEMBL,False,False
EXT_00070,BZDAOOXAQHTCFW-YBFXNURJSA-N,CCO/N=C/COc1ccc(Oc2cc(C)ccc2C)cc1,1,CHEMBL2271767,1,1,0,6.61,6.61,IC50,Culex pipiens,ChEMBL,False,False
EXT_00071,BZKPWHYZMXOIDC-UHFFFAOYSA-N,CC(=O)Nc1nnc(S(N)(=O)=O)s1,1,CHEMBL20,3,3,0,7.56,7.11,Ki,"Anopheles gambiae,Drosophila melanogaster",ChEMBL,False,False
EXT_00072,CAISBOLWNVMBDP-VGSWGCGISA-N,COc1ccc(C(=O)N2c3ccccc3[C@@H](Nc3ccccc3)C[C@H]2C)cc1,1,CHEMBL61240,1,1,0,5.84,5.84,EC50,Aedes aegypti,ChEMBL,False,False
EXT_00073,CAQVLEQDFJYVHE-UHFFFAOYSA-N,C=C1C(CC)=C(C#N)C(=O)N1c1cc(Cl)c(Cl)cc1Cl,1,CHEMBL1253279,1,1,0,5.14,5.14,IC50,Lucilia cuprina,ChEMBL,False,False
EXT_00074,CBQPQMSTIARRSA-UHFFFAOYSA-N,CC(C)CN(CC(C)C)C(=S)S,1,CHEMBL2023719,2,2,0,9.05,8.375,Ki,Drosophila melanogaster,ChEMBL,False,False
EXT_00075,CDBUBDOIZDUJLX-UHFFFAOYSA-N,Cc1ccc(C(=O)NN(C(=O)c2ccccc2Cl)C(C)(C)C)cc1,1,CHEMBL2286719,3,3,0,7.28,6.66,"EC50,IC50","Drosophila melanogaster,Spodoptera frugiperda",ChEMBL,False,False
EXT_00076,CDUAFZYLGJINQX-UHFFFAOYSA-N,Cc1cc(C(F)(F)F)ccc1C(=O)Nc1c(C)cccc1C(=O)NC(C)C,1,CHEMBL198485,2,2,0,,,LC50,"Plutella xylostella,Spodoptera frugiperda",ChEMBL,False,False
EXT_00077,CEILSLWYFCDNGC-UHFFFAOYSA-N,O=C(O)CCCc1nc(-c2ccc(Br)cc2)no1,1,CHEMBL2442679,2,2,0,,,LC50,Aedes aegypti,ChEMBL,False,False
EXT_00078,CFRPSFYHXJZSBI-DHZHZOJOSA-N,CCN(Cc1ccc(Cl)nc1)/C(=C/[N+](=O)[O-])NC,1,CHEMBL259728,1,1,0,7.96,7.96,IC50,Drosophila melanogaster,ChEMBL,False,False
EXT_00079,CHQOEHPMXSHGCL-UHFFFAOYSA-N,O=C1N(Cc2ccccc2)C2C[S+]3CCCC3C2N1Cc1ccccc1,1,CHEMBL1201329,1,1,0,5.56,5.56,Ki,Musca domestica,ChEMBL,False,False
EXT_00081,CJZKOPDDNLGIFG-YKSBVNFPSA-N,Cc1ccc(N[C@H]2C[C@@H](C)N(C(=O)c3ccc(C)cc3)c3ccc(C)cc32)cc1,1,CHEMBL57199,1,1,0,5.3,5.3,EC50,Aedes aegypti,ChEMBL,False,False
EXT_00082,CJZKUTNGRZKBRH-UHFFFAOYSA-N,Cc1noc(C2CN3CCC2CC3)n1,1,CHEMBL279356,2,2,0,5.88,5.88,Ki,Drosophila melanogaster,ChEMBL,False,False
EXT_00083,CNKHSLKYRMDDNQ-UHFFFAOYSA-N,CC(C)(C)N(NC(=O)c1ccc(Cl)cc1)C(=O)c1ccccc1,1,CHEMBL226969,2,2,0,6.34,5.725,EC50,"Drosophila melanogaster,Spodoptera littoralis",ChEMBL,False,False
EXT_00086,CQNYJHGGJQCAED-UHFFFAOYSA-N,CCCCOCCOc1ccc(CC(CC)CC)cc1,1,CHEMBL2272184,1,1,0,6.78,6.78,IC50,Culex pipiens,ChEMBL,False,False
EXT_00089,CTHBAHNIRMLDDP-UHFFFAOYSA-N,C#CCOCCCOc1ccc(Oc2ccccc2)cc1,1,CHEMBL2272149,1,1,0,9.01,9.01,IC50,Culex pipiens,ChEMBL,False,False
EXT_00090,CTSMDNJQLJHPFE-UHFFFAOYSA-N,CCCOCCCCOc1ccc(Oc2ccccc2)cc1,1,CHEMBL2271773,1,1,0,8.21,8.21,IC50,Culex pipiens,ChEMBL,False,False
EXT_00092,CUOBWTUYPBFNMO-VGSWGCGISA-N,COc1cccc(C(=O)N2c3ccccc3[C@@H](Nc3ccccc3)C[C@H]2C)c1,1,CHEMBL301407,1,1,0,6.16,6.16,EC50,Aedes aegypti,ChEMBL,False,False
EXT_00094,CVHZOJJKTDOEJC-UHFFFAOYSA-N,O=C1NS(=O)(=O)c2ccccc21,1,CHEMBL310671,1,1,0,7.02,7.02,Ki,Anopheles gambiae,ChEMBL,False,False
EXT_00096,CVQXBTHBORPBOY-UHFFFAOYSA-N,CNC(=O)c1cc(Cl)cc(C)c1NC(=O)c1cc(OC(F)F)nn1-c1ncccc1Cl,1,CHEMBL248989,2,2,0,,,LC50,"Plutella xylostella,Spodoptera frugiperda",ChEMBL,False,False
EXT_00097,CVXBEEMKQHEXEN-UHFFFAOYSA-N,CNC(=O)Oc1cccc2ccccc12,1,CHEMBL46917,1,1,0,6.7,6.7,IC50,Musca domestica,ChEMBL,False,False
EXT_00098,CWUFWAMBOVQRTB-HCTXVGCHSA-N,O=[N+]([O-])/N=C1\N(Cc2ccc(Cl)nc2)CCN1Cc1ccc(CN2CCN(Cc3ccc(Cl)nc3)/C2=N\[N+](=O)[O-])s1,1,CHEMBL2252497,1,1,0,6.82,6.82,Ki,Musca domestica,ChEMBL,False,False
EXT_00099,CXXGDPNBMSXXBY-UHFFFAOYSA-N,O=[N+]([O-])/N=C1\NCCN1Cc1cnc(Cl)c([N+](=O)[O-])c1,1,CHEMBL2287962,1,1,0,6.59,6.59,IC50,Musca domestica,ChEMBL,False,False
EXT_00101,CZIMVAXURLUEMM-UHFFFAOYSA-N,CNC(=O)c1cc(Cl)cc(C)c1NC(=O)c1cc(OCC(F)(F)F)nn1-c1ncccc1Cl,1,CHEMBL248991,2,2,0,,,LC50,"Plutella xylostella,Spodoptera frugiperda",ChEMBL,False,False
EXT_00103,DAYPAJSPEQJZTG-LDADJPATSA-N,CCO/N=C/COc1ccc(Oc2ccccc2OC)cc1,1,CHEMBL2271796,1,1,0,6.81,6.81,IC50,Culex pipiens,ChEMBL,False,False
EXT_00104,DCKXTHMJDCHKOD-PXLXIMEGSA-N,C(\CCOc1ccc(Cc2ccccc2)cc1)=N/OC1CCCC1,1,CHEMBL2271789,1,1,0,8.42,8.42,IC50,Culex pipiens,ChEMBL,False,False
EXT_00105,DDPUNGNZNRSVAQ-UHFFFAOYSA-N,CC(C)(C)N(NC(=O)c1ccc(-c2ccccc2)cc1)C(=O)c1ccccc1Cl,1,CHEMBL2286462,1,1,0,5.17,5.17,IC50,Spodoptera frugiperda,ChEMBL,False,False
EXT_00106,DDXMTFWTSYUWID-DVECYGJZSA-N,COc1ccc(C(=O)N2c3ccc(C)cc3[C@@H](Nc3ccc(C)cc3)C[C@H]2C)cc1,1,CHEMBL58056,1,1,0,5.27,5.27,EC50,Aedes aegypti,ChEMBL,False,False
EXT_00107,DEDJAQIARWQQIK-UHFFFAOYSA-N,CC(C)CONCCOc1ccc(Oc2ccccc2)cc1,1,CHEMBL2271775,1,1,0,8.51,8.51,IC50,Culex pipiens,ChEMBL,False,False
EXT_00109,DHGHDLRMOGDQNY-UHFFFAOYSA-N,c1ccc(COc2ccc(CN3CCc4ccccc4C3)cc2)cc1,1,CHEMBL3960962,1,1,0,5.54,5.54,IC50,Anopheles gambiae,ChEMBL,False,False
EXT_00111,DHYUGAILEKJFAV-UHFFFAOYSA-N,CN(C)CCCN1C(=O)CSC1c1cccc2ccccc12,1,CHEMBL5419436,1,1,0,6.19,6.19,IC50,Anopheles gambiae,ChEMBL,False,False
EXT_00112,DIRFUJHNVNOBMY-UHFFFAOYSA-N,CCC(C)c1ccccc1OC(=O)NC,1,CHEMBL226650,1,1,0,5.85,5.85,IC50,Musca domestica,ChEMBL,False,False
EXT_00114,DJHYRXYLAOIJPV-UDWIEESQSA-N,Cc1cccc(Oc2ccc(OCC/C=N/OC(C)C)cc2)c1,1,CHEMBL2271793,1,1,0,10.0,10.0,IC50,Culex pipiens,ChEMBL,False,False
EXT_00116,DLFBGJCOHIZRGA-CMKODMSKSA-N,CC(C)c1cc2c(c(O)c1O)[C@@]1(C)CCCC(C)(C)[C@@H]1[C@@H](O)C2=O,1,CHEMBL2252749,1,1,0,,,LD50,Spodoptera littoralis,ChEMBL,False,False
EXT_00117,DLIIIERHFVFJBS-LDADJPATSA-N,CC/C=N/OCCOc1ccc(Oc2ccccc2)cc1,1,CHEMBL2271827,1,1,0,9.59,9.59,IC50,Culex pipiens,ChEMBL,False,False
EXT_00118,DMKMKCDASKTBRN-GBTQTLIESA-N,O=c1[nH]c(=O)n([C@H]2C[C@H](n3cc(-c4ccccc4)nn3)[C@@H](CO)O2)cc1/C=C/Br,1,CHEMBL1091931,1,1,0,5.54,5.54,IC50,Drosophila melanogaster,ChEMBL,False,False
EXT_00120,DOSSBQVDQUEONJ-UHFFFAOYSA-N,C=CC(C#N)OC(=O)CC,1,CHEMBL2271402,1,1,0,,,LC50,Musca domestica,ChEMBL,False,False
EXT_00124,DQQAZNBREIZBNP-WUXMJOGZSA-N,COc1ccc(OC/C=N/NC(N)=S)cc1,1,CHEMBL3589422,2,1,1,6.22,6.22,"EC50,LC50",Aedes aegypti,ChEMBL,False,False
EXT_00126,DQVMENHTTZNOBQ-UHFFFAOYSA-N,c1ccc(-c2ccc(Nc3ccnc(NCc4cccnc4)n3)cc2)cc1,1,CHEMBL4553315,1,1,0,,,LC50,Aedes aegypti,ChEMBL,False,False
EXT_00130,DTVYAHOULQCSMS-JQANZLKUSA-N,CCCC[C@@]12C3CCN1[C@H]1C[C@H]2O[C@@]32O/C(=C3\OC(=O)C(C)=C3OC)[C@@H](C)[C@H]12,1,CHEMBL2304257,2,2,0,,,LC50,Spodoptera littoralis,ChEMBL,False,False
EXT_00131,DVOVYNQOONATSG-LICLKQGHSA-N,CC(C)Cc1ccc(OCC/C=N/OC(C)C)cc1,1,CHEMBL2268522,1,1,0,10.85,10.85,IC50,Culex pipiens,ChEMBL,False,False
EXT_00132,DVYAAFOTYKFVJB-UHFFFAOYSA-N,COC1(C)c2cn(-c3c(Cl)cc(C(F)(F)F)cc3Cl)nc2CC1F,1,CHEMBL206707,1,1,0,7.0,7.0,IC50,Musca domestica,ChEMBL,False,False
EXT_00134,DXQTXFIMYPXSKO-ARFHVFGLSA-N,Cc1cn([C@H]2C[C@H](n3cc(CC4CCCC4)nn3)[C@@H](CO)O2)c(=O)[nH]c1=O,1,CHEMBL1090134,1,1,0,5.52,5.52,IC50,Drosophila melanogaster,ChEMBL,False,False
EXT_00136,DXXCCODWEPMLLB-GFCCVEGCSA-N,C[C@@H]1CNCCN1c1nc(Nc2cc(C(C)(C)C)[nH]n2)c2cccc(F)c2n1,1,CHEMBL5193085,1,1,0,5.32,5.32,IC50,Drosophila melanogaster,ChEMBL,False,False
EXT_00137,DYUCMUSLCHASBW-UHFFFAOYSA-N,CCCOCCCOc1ccc(CC(CC)CC)cc1,1,CHEMBL2272185,1,1,0,8.17,8.17,IC50,Culex pipiens,ChEMBL,False,False
EXT_00138,DZXLJGQWDCOFFN-LDADJPATSA-N,CCO/N=C/COc1ccc(Oc2ccc(C)cc2)cc1,1,CHEMBL2271470,1,1,0,6.84,6.84,IC50,Culex pipiens,ChEMBL,False,False
EXT_00139,FABMTKINZZUCQP-UHFFFAOYSA-N,CC(C)(C)CCOC(=O)c1ccc(C#CCCC(=O)O)cc1,1,CHEMBL1684587,1,1,0,7.06,7.06,IC50,Musca domestica,ChEMBL,False,False
EXT_00140,FABQYDLGFZXBIK-VZUCSPMQSA-N,NC(=S)N/N=C/c1ccc(Cl)cc1,1,CHEMBL391982,1,1,0,,,LC50,Aedes aegypti,ChEMBL,False,False
EXT_00144,FDDDEECHVMSUSB-UHFFFAOYSA-N,Nc1ccc(S(N)(=O)=O)cc1,1,CHEMBL21,1,1,0,6.06,6.06,Ki,Anopheles gambiae,ChEMBL,False,False
EXT_00145,FDJPDPAQCNAEKI-LDADJPATSA-N,CCO/N=C/COc1ccc(Oc2ccc(OC)cc2)cc1,1,CHEMBL2271473,1,1,0,7.34,7.34,IC50,Culex pipiens,ChEMBL,False,False
EXT_00147,FEIYUKANUBTVGA-UHFFFAOYSA-N,S=C(S)NCCN1CCCCC1,1,CHEMBL2023170,2,2,0,7.57,7.405,Ki,Drosophila melanogaster,ChEMBL,False,False
EXT_00148,FEJYIMYSXSBYCF-UHFFFAOYSA-N,CCC(CC)Cc1ccc(OCCCOC(=O)NC)cc1,1,CHEMBL2272160,1,1,0,6.5,6.5,IC50,Culex pipiens,ChEMBL,False,False
EXT_00149,FFMMFXZONQYESO-UHFFFAOYSA-N,CC(C)n1cc(C(=O)C(F)F)cn1,1,CHEMBL3623555,2,2,0,6.45,6.41,IC50,Anopheles gambiae,ChEMBL,False,False
EXT_00151,FHPNGXOWKXOYEA-UHFFFAOYSA-N,CCOCCCCOc1ccc(CC(CC)CC)cc1,1,CHEMBL2272186,1,1,0,6.68,6.68,IC50,Culex pipiens,ChEMBL,False,False
EXT_00153,FIROFKZRSPJKLT-UHFFFAOYSA-N,Cc1cc(C)cc(C(=O)N(NC(=O)c2ccc(C(C)(C)C)cc2)C(C)(C)C)c1,1,CHEMBL2286430,1,1,0,8.15,8.15,EC50,Spodoptera littoralis,ChEMBL,False,False
EXT_00154,FIVKPRDVHCZOQT-UHFFFAOYSA-N,c1ccc(Cc2ccc(OCCNOC3CCCCC3)cc2)cc1,1,CHEMBL2271784,1,1,0,8.12,8.12,IC50,Culex pipiens,ChEMBL,False,False
EXT_00155,FIWQQTOSTFXLNP-SFQUDFHCSA-N,CCC(CC)Oc1ccc(OCCC/C=N/OC)cc1,1,CHEMBL2271836,1,1,0,6.23,6.23,IC50,Culex pipiens,ChEMBL,False,False
EXT_00156,FJGCLDWOAOIAEJ-UHFFFAOYSA-N,O=C1/C(=N\S(=O)(=O)C(F)(F)F)NCCN1Cc1ccc(Cl)nc1,1,CHEMBL2272691,1,1,0,6.23,6.23,Ki,Musca domestica,ChEMBL,False,False
EXT_00158,FLOSMHQXBMRNHR-QPJJXVBHSA-N,CC(=O)/N=c1/sc(S(N)(=O)=O)nn1C,1,CHEMBL19,1,1,0,6.74,6.74,Ki,Anopheles gambiae,ChEMBL,False,False
EXT_00160,FPMPOFBEYSSYDQ-AUVZEZIHSA-N,CC(C)CNC(=O)/C=C/C=C/CCCCCC/C=C/c1ccc2c(c1)OCO2,1,CHEMBL404184,1,1,0,,,LC50,Aedes aegypti,ChEMBL,False,False
EXT_00162,FRLLOFWBBYUDAN-UHFFFAOYSA-N,O=[N+]([O-])/N=C1\NCCN1Cc1cnc(Cl)c(Cl)c1,1,CHEMBL2287705,1,1,0,6.99,6.99,IC50,Musca domestica,ChEMBL,False,False
EXT_00163,FSHNCYBERIHFJB-UHFFFAOYSA-N,CCCOCC(C)COc1ccc(Cc2ccccc2)cc1,1,CHEMBL2272154,1,1,0,8.42,8.42,IC50,Culex pipiens,ChEMBL,False,False
EXT_00165,FTNJWQUOZFUQQJ-GEPYADMXSA-N,C/C=C(\C)C(=O)O[C@H]1C[C@@H](OC(C)=O)[C@@]2(C(=O)OC)CO[C@H]3[C@@H](O)[C@@](C)([C@]45O[C@@]4(C)[C@@H]4C[C@H]5O[C@@H]5OC=C[C@@]54O)[C@H]4[C@]1(CO[C@]4(O)C(=O)OC)[C@@H]32,1,CHEMBL506084,2,2,0,,,LC50,Spodoptera littoralis,ChEMBL,False,False
EXT_00166,FTWYPGDUWLQFCC-FTRWYGJKSA-N,CC(C)c1cc2c(c(O)c1O)C[C@@]13CCCC(C)(C)[C@@H]1C[C@@H]2O3,1,CHEMBL2252752,1,1,0,,,LD50,Spodoptera littoralis,ChEMBL,False,False
EXT_00167,FVNMINQJTGPNFQ-UHFFFAOYSA-N,CC(C)CS(=O)(=O)c1cccc(OS(C)(=O)=O)n1,1,CHEMBL352608,1,1,0,6.82,6.82,IC50,Musca domestica,ChEMBL,False,False
EXT_00168,FVXBVGUSRQAIDN-HJWRWDBZSA-N,Cc1cn(C/C=C\COC(c2ccccc2)(c2ccccc2)c2ccncc2)c(=O)[nH]c1=O,1,CHEMBL373998,1,1,0,5.47,5.47,IC50,Drosophila melanogaster,ChEMBL,False,False
EXT_00169,FXAWKMWGHXDCRB-SQXKEDFGSA-N,CC[C@H](C)[C@H](NC(=O)[C@H](C)NC(=O)[C@H](CCCNC(=N)N)NC(=O)[C@H](CCC(N)=O)NC(=O)[C@@H](NC(=O)[C@H](Cc1c[nH]c2ccccc12)NC(=O)[C@@H](NC(=O)[C@H](C)NC(=O)[C@H](CCCNC(=N)N)NC(=O)[C@@H]1CCCN1C(=O)[C@@H](C)N)C(C)C)[C@@H](C)CC)C(=O)N[C@@H](CCC(N)=O)C(=O)N[C@@H](C)C(=O)N[C@@H](CCSC)C(=O)N[C@@H](Cc1ccccc1)C(=O)N[C@@H](CCCNC(=N)N)C(=O)N[C@@H](CC(C)C)C(=O)N[C@@H](C)C(=O)N[C@@H](CO)C(=O)N[C@@H](CCCNC(=N)N)C(=O)N[C@@H](CCC(N)=O)C(=O)N[C@@H](CCC(=O)O)C(=O)N[C@@H](CO)C(=O)N[C@@H](CCCCN)C(=O)N[C@@H](C)C(=O)N[C@@H](Cc1ccccc1)C(=O)N[C@@H](CC(N)=O)C(=O)O,1,CHEMBL1221882,1,1,0,6.94,6.94,IC50,Drosophila melanogaster,ChEMBL,False,False
EXT_00170,FXNSVEQMUYPYJS-UHFFFAOYSA-N,NCCc1ccc(S(N)(=O)=O)cc1,1,CHEMBL7087,1,1,0,6.08,6.08,Ki,Anopheles gambiae,ChEMBL,False,False
EXT_00171,FXUAIOOAOAVCGD-WCTZXXKLSA-N,O[C@H]1[C@H]2[C@H](O)CCCN2C[C@H]1O,1,CHEMBL371197,2,2,0,8.52,8.41,"IC50,Ki",Drosophila melanogaster,ChEMBL,False,False
EXT_00172,FYCKIQFGPNGXJP-UHFFFAOYSA-N,O=C1CCc2nn(-c3c(Cl)cc(C(F)(F)F)cc3Cl)cc21,1,CHEMBL205262,1,1,0,6.33,6.33,IC50,Musca domestica,ChEMBL,False,False
EXT_00173,GAPOASFZXBWUGS-UHFFFAOYSA-N,C[Si](C)(C)c1cccc(C(=O)C(F)(F)F)c1,1,CHEMBL3137700,2,2,0,6.59,6.33,IC50,Anopheles gambiae,ChEMBL,False,False
EXT_00180,GCQZFVAHUZIDRP-UHFFFAOYSA-N,Nc1ccc(S(=O)(=O)Nc2ccc(S(N)(=O)=O)cc2)cc1,1,CHEMBL269122,1,1,0,7.08,7.08,Ki,Anopheles gambiae,ChEMBL,False,False
EXT_00181,GDLRDIDXYBIPFY-YWZLYKJASA-N,CC(C)c1cc2c(c(O)c1O)[C@@]1(C)CCCC(C)(C)[C@@H]1CC2=O,1,CHEMBL2252750,1,1,0,,,LD50,Spodoptera littoralis,ChEMBL,False,False
EXT_00182,GEOWRBWWMXCKFQ-FLIBITNWSA-N,O=[N+]([O-])/C=C1/NCCCN1Cc1ccc(Cl)nc1,1,CHEMBL2270633,1,1,0,9.43,9.43,IC50,Drosophila melanogaster,ChEMBL,False,False
EXT_00183,GEQRNVLJQABVRV-JPYJTQIMSA-N,Cc1ccc(N[C@H]2C[C@@H](C)N(C(=O)c3cccc(C(F)(F)F)c3)c3ccc(C)cc32)cc1,1,CHEMBL294270,1,1,0,5.74,5.74,EC50,Aedes aegypti,ChEMBL,False,False
EXT_00185,GGXGWXZDFAMDSQ-WOJGMQOQSA-N,CCCO/N=C/COc1ccc(CC(CC)CC)cc1,1,CHEMBL2271839,1,1,0,8.4,8.4,IC50,Culex pipiens,ChEMBL,False,False
EXT_00186,GIGJIIJGHXYZQW-UHFFFAOYSA-N,CCC(C)n1cc(C(=O)C(F)(F)F)cn1,1,CHEMBL3623549,2,2,0,8.64,8.625,IC50,Anopheles gambiae,ChEMBL,False,False
EXT_00188,GIQCTGYJXUMFCQ-QLKAYGNNSA-N,NC(=S)N/N=C/COc1ccc(Cl)c(Cl)c1,1,CHEMBL3589428,1,1,0,,,LC50,Aedes aegypti,ChEMBL,False,False
EXT_00189,GIWMAITYUJGWGK-UHFFFAOYSA-N,COc1ccc(NC(=S)NCCN2CCOCC2)cc1Cl,1,CHEMBL4092186,4,3,1,6.92,6.77,IC50,Anopheles gambiae,ChEMBL,False,False
EXT_00190,GJAKTSADBJMNLR-UHFFFAOYSA-N,O=C1C(=S)NCCN1Cc1ccc(Cl)nc1,1,CHEMBL2272686,1,1,0,5.75,5.75,Ki,Musca domestica,ChEMBL,False,False
EXT_00191,GJQPMPFPNINLKP-UHFFFAOYSA-N,NS(=O)(=O)c1cc(Cl)c(Cl)c(S(N)(=O)=O)c1,1,CHEMBL17,1,1,0,6.2,6.2,Ki,Anopheles gambiae,ChEMBL,False,False
EXT_00192,GKQNVTASUWRGSK-UHFFFAOYSA-N,CCCC(C)n1cc(C(=O)CF)cn1,1,CHEMBL3623564,2,2,0,5.48,5.465,IC50,Anopheles gambiae,ChEMBL,False,False
EXT_00193,GNKBBRNNMDYNKM-UHFFFAOYSA-N,CCN1CCN(C2CCN(C(=O)COc3ccc(I)cc3)CC2)CC1,1,CHEMBL4291400,3,3,0,5.82,5.44,IC50,"Aedes aegypti,Anopheles gambiae",ChEMBL,False,False
EXT_00195,GOLLDESYBBRFHW-XSFVSMFZSA-N,Cc1cccc(Oc2ccc(OCCO/N=C/C(C)C)cc2)c1,1,CHEMBL2271828,1,1,0,10.35,10.35,IC50,Culex pipiens,ChEMBL,False,False
EXT_00196,GQBFKBBDGKNSLK-UHFFFAOYSA-N,CC(C)(C)c1cccc(C(=O)CF)c1,1,CHEMBL3623561,2,2,0,6.14,6.08,IC50,Anopheles gambiae,ChEMBL,False,False
EXT_00200,GSUPFBPLFYOOLO-XXBNENTESA-N,Cc1ccc(N[C@H]2C[C@@H](C)N(C(=O)c3ccccc3)c3ccc(C)cc32)cc1,1,CHEMBL301237,1,1,0,5.27,5.27,EC50,Aedes aegypti,ChEMBL,False,False
EXT_00201,GTTGBVHQCMMEIZ-UHFFFAOYSA-N,CCCCC1OP2(=S)OCC1(CCC)CO2,1,CHEMBL2287382,1,1,0,6.0,6.0,IC50,Blattella germanica,ChEMBL,False,False
EXT_00204,GVRNIALCVZTZQV-IERDGZPVSA-N,C[C@@H]1C[C@H](Nc2ccccc2)c2ccccc2N1C(=O)c1ccc(C(F)(F)F)cc1,1,CHEMBL299257,1,1,0,5.93,5.93,EC50,Aedes aegypti,ChEMBL,False,False
EXT_00205,GWNHITXDNISDIP-LFIBNONCSA-N,CN1CCN(Cc2ccc(Cl)nc2)/C(=N/C#N)C1=O,1,CHEMBL2272690,1,1,0,8.22,8.22,Ki,Musca domestica,ChEMBL,False,False
EXT_00206,GWOXWDIRSSYEGT-FYJGNVAPSA-N,CCC(C)CO/N=C/COc1ccc(Cc2ccccc2)cc1,1,CHEMBL2271783,1,1,0,8.1,8.1,IC50,Culex pipiens,ChEMBL,False,False
EXT_00210,GYRUVJQNKJYPIE-VCHYOVAHSA-N,CCO/N=C/COc1ccc(Oc2cccc(F)c2)cc1,1,CHEMBL2271803,1,1,0,8.27,8.27,IC50,Culex pipiens,ChEMBL,False,False
EXT_00211,GYSCAQFHASJXRS-WXWJZEDASA-N,CC(C)[C@@H]1OC(=O)[C@@H](Cc2ccccc2)N(C)C(=O)[C@H](C(C)C)OC(=O)[C@@H](Cc2ccccc2)N(C)C(=O)[C@H](C(C)C)OC(=O)[C@@H](Cc2ccccc2)N(C)C1=O,1,CHEMBL373872,1,1,0,,,LC50,Aedes aegypti,ChEMBL,False,False
EXT_00212,GZBJLAZEDJTGFZ-WOJGMQOQSA-N,CCO/N=C/COc1ccc(Oc2ccccc2F)cc1,1,CHEMBL2271797,1,1,0,7.35,7.35,IC50,Culex pipiens,ChEMBL,False,False
EXT_00214,HCRKCZRJWPKOAR-JTQLQIEISA-N,CCN[C@H]1CN(CCCOC)S(=O)(=O)c2sc(S(N)(=O)=O)cc21,1,CHEMBL220491,1,1,0,7.5,7.5,Ki,Anopheles gambiae,ChEMBL,False,False
EXT_00216,HDEKICRLUDWPAH-UHFFFAOYSA-N,CCCCOCCOc1ccc(CC(C)(C)C)cc1,1,CHEMBL2272172,1,1,0,6.36,6.36,IC50,Culex pipiens,ChEMBL,False,False
EXT_00217,HDZSBDBIELUXTO-UHFFFAOYSA-N,CCC(CC)Cc1ccc(OCCOC(=O)N(C)CC)cc1,1,CHEMBL2272158,1,1,0,8.59,8.59,IC50,Culex pipiens,ChEMBL,False,False
EXT_00218,HFVYYOKUNNKBDF-CPNJWEJPSA-N,CCO/N=C/COc1ccc(Oc2ccc(CC)cc2)cc1,1,CHEMBL2271471,1,1,0,6.42,6.42,IC50,Culex pipiens,ChEMBL,False,False
EXT_00219,HGMITUYOCPPQLE-UHFFFAOYSA-N,O=C(OC1CN2CCC1CC2)C(O)(c1ccccc1)c1ccccc1,1,CHEMBL12980,2,2,0,9.3,9.3,Ki,Drosophila melanogaster,ChEMBL,False,False
EXT_00220,HHCXOFYGBAPOJR-UHFFFAOYSA-N,Nc1ccc(S(=O)(=O)NCc2ccc(S(N)(=O)=O)cc2)cc1,1,CHEMBL266026,1,1,0,7.09,7.09,Ki,Anopheles gambiae,ChEMBL,False,False
EXT_00221,HHFLMHDUXMLSGA-UFFVCSGVSA-N,CCO/N=C/COc1ccc(Oc2cccc(C(F)(F)F)c2)cc1,1,CHEMBL2271468,1,1,0,7.47,7.47,IC50,Culex pipiens,ChEMBL,False,False
EXT_00222,HIDPZDVJHQLXGQ-QRQCRPRQSA-N,COc1cccc(C(=O)N2c3ccc(F)cc3[C@@H](Nc3ccc(F)cc3)C[C@H]2C)c1,1,CHEMBL291343,1,1,0,5.83,5.83,EC50,Aedes aegypti,ChEMBL,False,False
EXT_00223,HIKRDJGXBTZFOA-UHFFFAOYSA-N,CCCNCCOc1ccc(Oc2cccc(C)c2)cc1,1,CHEMBL2271815,1,1,0,9.71,9.71,IC50,Culex pipiens,ChEMBL,False,False
EXT_00225,HKVOPFDXIGAKHQ-CXCOWLLISA-N,CC(=O)O[C@@H]1[C@H](O)[C@H]2C(C)(C)C(=O)C=C[C@]2(C)[C@H]2CC[C@@]3(C)CC(=O)C=C3[C@]12C,1,CHEMBL491380,1,1,0,,,LC50,Anopheles stephensi,ChEMBL,False,False
EXT_00226,HLRYHDDTULAZQQ-MDLMHBAVSA-N,C=CC[C@@H]1OC(=O)CCNC(=O)[C@H](C)N(C)C(=O)[C@H]([C@@H](C)CC)N(C)C(=O)[C@H]([C@@H](C)CC)NC(=O)[C@@H]2CCCN2C1=O,1,CHEMBL2372204,1,1,0,,,LC50,Drosophila melanogaster,ChEMBL,False,False
EXT_00227,HLUHEQJKSIPFTA-SFQUDFHCSA-N,CCO/N=C/COc1ccc(Oc2ccccc2)cc1,1,CHEMBL2271794,1,1,0,7.54,7.54,IC50,Culex pipiens,ChEMBL,False,False
EXT_00228,HMHVCUVYZFYAJI-UHFFFAOYSA-N,NS(=O)(=O)c1ccc(N2CCCCS2(=O)=O)cc1,1,CHEMBL328560,1,1,0,6.58,6.58,Ki,Anopheles gambiae,ChEMBL,False,False
EXT_00229,HMOSVEOPAUPPHT-VZUCSPMQSA-N,NC(=S)N/N=C/c1ccc(Br)cc1,1,CHEMBL1910220,1,1,0,,,LC50,Aedes aegypti,ChEMBL,False,False
EXT_00230,HMSZPFJXPIEETJ-LFIBNONCSA-N,CN(C)C(=O)/C(=N\C#N)N(C)Cc1ccc(Cl)nc1,1,CHEMBL2272688,1,1,0,5.42,5.42,Ki,Musca domestica,ChEMBL,False,False
EXT_00231,HOHDREAFZFNJEI-UHFFFAOYSA-N,CNC(=O)c1cc(C(F)(F)F)cc(C)c1NC(=O)c1cc(C(F)(F)F)nn1-c1ncccc1Cl,1,CHEMBL248789,2,2,0,,,LC50,"Plutella xylostella,Spodoptera frugiperda",ChEMBL,False,False
EXT_00232,HOKKPVIRMVDYPB-UVTDQMKNSA-N,N#C/N=C1\SCCN1Cc1ccc(Cl)nc1,1,CHEMBL451432,3,3,0,8.92,8.57,"IC50,Ki",Drosophila melanogaster,ChEMBL,False,False
EXT_00233,HOMWNHKBIKANBM-UHFFFAOYSA-N,C=CC(C#N)OC,1,CHEMBL2271403,1,1,0,,,LC50,Musca domestica,ChEMBL,False,False
EXT_00234,HPDLTNPDKCISPC-WOJGMQOQSA-N,CCO/N=C/COc1ccc(Oc2cccc(OC)c2)cc1,1,CHEMBL2271802,1,1,0,7.41,7.41,IC50,Culex pipiens,ChEMBL,False,False
EXT_00235,HPNSNYBUADCFDR-UHFFFAOYSA-N,Cc1cc(C)cc(C(=O)N(NC(=O)c2ccc3c(c2C)CCCO3)C(C)(C)C)c1,1,CHEMBL227020,1,1,0,8.58,8.58,EC50,Spodoptera littoralis,ChEMBL,False,False
EXT_00237,HQHBRBVCWLKIRI-UHFFFAOYSA-N,CCN1CCN(C2CCN(C(=O)COc3ccc(-c4ccc(OC)cc4)cc3)CC2)CC1,1,CHEMBL4284619,3,3,0,6.64,6.4,IC50,"Aedes aegypti,Anopheles gambiae",ChEMBL,False,False
EXT_00238,HSHWVVSKFFDUNQ-UHFFFAOYSA-N,Cc1cc(C)c(Cl)c(C(=O)N(NC(=O)c2ccc(Cl)cc2)C(C)(C)C)c1,1,CHEMBL2286443,1,1,0,5.97,5.97,EC50,Spodoptera littoralis,ChEMBL,False,False
EXT_00239,HTESCLSJMCUMDD-UHFFFAOYSA-N,O=C1CSC(c2ccc(Cl)cc2Cl)N1CCNC1CC1,1,CHEMBL5415881,1,1,0,5.64,5.64,IC50,Anopheles gambiae,ChEMBL,False,False
EXT_00241,HUYYFHGIHVULSU-UHFFFAOYSA-N,NS(=O)(=O)c1cccc(S(N)(=O)=O)c1,1,CHEMBL2324868,1,1,0,6.07,6.07,Ki,Anopheles gambiae,ChEMBL,False,False
EXT_00242,HVFBADWBKHAPKV-UHFFFAOYSA-N,Nc1ccc(S(N)(=O)=O)cc1F,1,CHEMBL6853,1,1,0,6.04,6.04,Ki,Anopheles gambiae,ChEMBL,False,False
EXT_00244,HVZQSNUGEHHPNR-UHFFFAOYSA-N,O=C1NCCN(Cc2ccc(Cl)nc2)C1=O,1,CHEMBL2272689,1,1,0,6.4,6.4,Ki,Musca domestica,ChEMBL,False,False
EXT_00245,HWPYUPWTOCBEEU-NXVHGZMRSA-N,CC[C@H](C)[C@H](NC(=O)[C@H](Cc1c[nH]c2ccccc12)NC(=O)[C@@H](NC(=O)[C@H](CC(C)C)NC(=O)[C@@H](N)CCCNC(=N)N)C(C)C)C(=O)N[C@H](C(=O)N[C@@H](CCCNC(=N)N)C(=O)N[C@@H](CO)C(=O)N[C@@H](CCCNC(=N)N)C(=O)N[C@@H](Cc1cnc[nH]1)C(=O)N[C@@H](Cc1ccccc1)C(=O)NCC(=O)N1CCC[C@H]1C(=O)N[C@@H](CCCNC(=N)N)C(=O)N[C@@H](CC(C)C)C(=O)N[C@@H](CCCNC(=N)N)C(=O)N[C@@H](CCSC)C(=O)N[C@@H](C)C(=O)N[C@@H](CC(C)C)C(=O)N[C@@H](CC(C)C)C(=O)NCC(=O)N[C@@H](CO)C(=O)N[C@@H](CC(=O)O)C(=O)N[C@@H](CCCNC(=N)N)C(=O)N[C@@H](CCCCN)C(=O)N[C@@H](CCSC)C(=O)N[C@@H](Cc1c[nH]c2ccccc12)C(=O)O)C(C)C,1,CHEMBL1221881,1,1,0,7.35,7.35,IC50,Drosophila melanogaster,ChEMBL,False,False
EXT_00246,HXXLRNOHYJVYAH-NBVRZTHBSA-N,CCO/N=C(\C)COc1ccc(Oc2ccccc2)cc1,1,CHEMBL2271770,1,1,0,7.3,7.3,IC50,Culex pipiens,ChEMBL,False,False
EXT_00247,HYJRTXSYDAFGJK-UHFFFAOYSA-N,C[N+]1(C)CCC(OC(=O)C(c2ccccc2)c2ccccc2)CC1,1,CHEMBL76897,2,2,0,7.82,7.785,Ki,Drosophila melanogaster,ChEMBL,False,False
EXT_00248,HYPNXRDZIVZNOC-UHFFFAOYSA-N,Cc1cc(Cl)cc(C(=O)NC(C)C)c1NC(=O)c1cc(Br)nn1-c1ncccc1Cl,1,CHEMBL399523,2,2,0,,,LC50,"Plutella xylostella,Spodoptera frugiperda",ChEMBL,False,False
EXT_00249,HZWPVJBGHRJKJJ-UHFFFAOYSA-N,COc1ccc(C(=O)NN(C(=O)c2ccccc2Cl)C(C)(C)C)cc1,1,CHEMBL2286429,3,2,1,7.21,6.47,"EC50,IC50","Drosophila melanogaster,Spodoptera frugiperda,Spodoptera littoralis",ChEMBL,False,False
EXT_00250,IAVUPMFITXYVAF-XPUUQOCRSA-N,CCN[C@H]1C[C@H](C)S(=O)(=O)c2sc(S(N)(=O)=O)cc21,1,CHEMBL218490,1,1,0,6.56,6.56,Ki,Anopheles gambiae,ChEMBL,False,False
EXT_00252,ICTWOMHTHJNNKR-XMHGGMMESA-N,CCC(CC)Cc1ccc(OCCO/N=C/C(C)C)cc1,1,CHEMBL2272188,1,1,0,9.71,9.71,IC50,Culex pipiens,ChEMBL,False,False
EXT_00253,IDPSJFMXNSAMMF-UHFFFAOYSA-N,CC(C)(C)N(NC(=O)c1ccccc1F)C(=O)c1ccccc1Cl,1,CHEMBL2286422,2,1,1,6.54,5.505,EC50,"Drosophila melanogaster,Spodoptera littoralis",ChEMBL,False,False
EXT_00254,IEPIKSYKICSWDU-DEDYPNTBSA-N,CCCO/N=C/CCOc1ccc(Cc2ccccc2)cc1,1,CHEMBL2271787,1,1,0,8.37,8.37,IC50,Culex pipiens,ChEMBL,False,False
EXT_00256,IGWGOSUBNMGSIB-UHFFFAOYSA-N,CCC(C)NC(=S)S,1,CHEMBL2023165,2,2,0,9.05,7.7700000000000005,Ki,Drosophila melanogaster,ChEMBL,False,False
EXT_00257,IHEIETYZDVDPNB-CPNJWEJPSA-N,CC(C)O/N=C/CCOc1ccc(Oc2ccccc2)cc1,1,CHEMBL2271791,1,1,0,9.76,9.76,IC50,Culex pipiens,ChEMBL,False,False
EXT_00258,IHHGYIAMYMBJEN-UHFFFAOYSA-N,COc1ccc(C(=O)NN(C(=O)c2cc(C)cc(C)c2Cl)C(C)(C)C)cc1,1,CHEMBL2286440,1,1,0,5.69,5.69,EC50,Spodoptera littoralis,ChEMBL,False,False
EXT_00259,IHJCXVZDYSXXFT-UHFFFAOYSA-N,Nc1cc(Cl)c(S(N)(=O)=O)cc1S(N)(=O)=O,1,CHEMBL266240,1,1,0,6.12,6.12,Ki,Anopheles gambiae,ChEMBL,False,False
EXT_00261,IJRBORPEVKCEQD-JMQWOFAPSA-N,C[C@H](C[C@@H](O)[C@](C)(O)[C@H]1CC[C@@]2(O)C3=CC(=O)[C@@H]4C[C@@H](O)[C@@H](O)C[C@]4(C)[C@H]3CC[C@]12C)C(C)(C)O,1,CHEMBL255034,3,3,0,6.95,6.41,IC50,"Drosophila melanogaster,Spodoptera frugiperda",ChEMBL,False,False
EXT_00262,IKBVFQRRVOLTQW-UHFFFAOYSA-N,CN(C)CCCN1C(=O)CSC1c1ccc(F)cc1Cl,1,CHEMBL5427383,1,1,0,5.52,5.52,IC50,Anopheles gambiae,ChEMBL,False,False
EXT_00263,IKQXAUOJDZTYCQ-QGOAFFKASA-N,CCO/N=C/CCOc1ccc(Oc2ccccc2)cc1,1,CHEMBL2271790,1,1,0,9.09,9.09,IC50,Culex pipiens,ChEMBL,False,False
EXT_00264,ILJKKAIQFPEIBL-UHFFFAOYSA-N,N#CC(O)C1CC1,1,CHEMBL2271406,1,1,0,,,LC50,Musca domestica,ChEMBL,False,False
EXT_00265,ILLZSNPMILUFPB-DEDYPNTBSA-N,CCC(C)O/N=C/COc1ccc(Cc2ccccc2)cc1,1,CHEMBL2271781,1,1,0,7.42,7.42,IC50,Culex pipiens,ChEMBL,False,False
EXT_00266,INAZZDVFTHLBDO-UHFFFAOYSA-N,C=C1C(C)=C(C#N)C(=O)N1c1cc(C(C)(C)C)ccc1C(C)(C)C,1,CHEMBL1254213,1,1,0,5.19,5.19,IC50,Lucilia cuprina,ChEMBL,False,False
EXT_00267,INMWSWQEHOIHNT-SZNDQCEHSA-N,C[C@@H]1C[C@H](Nc2ccc(F)cc2)c2cc(F)ccc2N1C(=O)c1cccc(F)c1,1,CHEMBL58731,1,1,0,6.0,6.0,EC50,Aedes aegypti,ChEMBL,False,False
EXT_00269,IOWNGZFGTXBYQO-JPYJTQIMSA-N,Cc1ccc(N[C@H]2C[C@@H](C)N(C(=O)c3ccc(Cl)cc3)c3ccc(C)cc32)cc1,1,CHEMBL291315,1,1,0,5.67,5.67,EC50,Aedes aegypti,ChEMBL,False,False
EXT_00275,ISRUGXGCCGIOQO-UHFFFAOYSA-N,CNC(=O)Oc1ccccc1OC(C)C,1,CHEMBL446060,2,2,0,7.36,7.050000000000001,IC50,Anopheles gambiae,ChEMBL,False,False
EXT_00276,ITSWIWMEQDUFGP-HCTXVGCHSA-N,O=C(CN1CCN(Cc2ccc(Cl)nc2)/C1=N\[N+](=O)[O-])OCCOC(=O)CN1CCN(Cc2ccc(Cl)nc2)/C1=N\[N+](=O)[O-],1,CHEMBL2252353,1,1,0,5.81,5.81,Ki,Musca domestica,ChEMBL,False,False
EXT_00277,IUCANLAVDXMGCM-UHFFFAOYSA-N,O=C(CF)c1cnn(C2CCCC2)c1,1,CHEMBL3623566,2,2,0,5.81,5.52,IC50,Anopheles gambiae,ChEMBL,False,False
EXT_00279,IVEIIEBZNAQZCN-UHFFFAOYSA-N,Cc1noc(C)c1CN1CC(Cc2ccccc2)NC(=O)c2nn(CCC3CCN(C(=O)OC(C)(C)C)CC3)cc21,1,CHEMBL3935892,1,1,0,5.23,5.23,EC50,Drosophila melanogaster,ChEMBL,False,False
EXT_00281,IXDZPCDIEDZOMI-XDHOZWIPSA-N,CC(C)CO/N=C/COc1ccc(Oc2ccccc2)cc1,1,CHEMBL2271465,1,1,0,8.72,8.72,IC50,Culex pipiens,ChEMBL,False,False
EXT_00283,IYYRFRHVGUOBGU-UHFFFAOYSA-N,O=C(COc1ccc(-c2ccccc2)cc1)NCCCN1CCCCC1,1,CHEMBL4277357,3,2,1,5.0,5.0,IC50,"Aedes aegypti,Anopheles gambiae",ChEMBL,False,False
EXT_00284,IZHJHCQWQFERPA-UHFFFAOYSA-N,CC(C)CS(=O)(=O)c1ccnc(OS(C)(=O)=O)c1,1,CHEMBL2286261,1,1,0,5.72,5.72,IC50,Musca domestica,ChEMBL,False,False
EXT_00285,JAADMLQMILBDLE-UHFFFAOYSA-N,CCN(C)CCCCOc1ccc(Oc2ccccc2)cc1,1,CHEMBL2271464,1,1,0,7.55,7.55,IC50,Culex pipiens,ChEMBL,False,False
EXT_00287,JAVDJDQEDRNTQR-UHFFFAOYSA-N,CC(C)n1cc(C(=O)C(F)(F)F)cn1,1,CHEMBL3623548,2,2,0,6.85,6.695,IC50,Anopheles gambiae,ChEMBL,False,False
EXT_00288,JDCPUULEWGMMGW-UHFFFAOYSA-N,CC(C)(C)c1ccc(C(=O)NN(C(=O)c2ccccc2Cl)C(C)(C)C)cc1,1,CHEMBL2287462,1,1,0,7.66,7.66,IC50,Spodoptera frugiperda,ChEMBL,False,False
EXT_00290,JEHNRZWQHUGDJH-LDADJPATSA-N,CCO/N=C/COc1ccc(Cc2ccccc2)cc1,1,CHEMBL2271829,1,1,0,7.09,7.09,IC50,Culex pipiens,ChEMBL,False,False
EXT_00292,JFJZZMVDLULRGK-URLMMPGGSA-O,COc1cc2c3cc1Oc1cc(ccc1O)C[C@@H]1c4c(cc(OC)c(O)c4Oc4ccc(cc4)C[C@@H]3N(C)CC2)CC[N+]1(C)C,1,CHEMBL339427,1,1,0,5.73,5.73,Ki,Musca domestica,ChEMBL,False,False
EXT_00294,JGPCAWQKXSGWJM-UHFFFAOYSA-N,CCCC1OP2(=S)OCC1(CCC)CO2,1,CHEMBL2287383,1,1,0,6.0,6.0,IC50,Blattella germanica,ChEMBL,False,False
EXT_00295,JHNYGDAXQHDHNA-IERDGZPVSA-N,C[C@@H]1C[C@H](Nc2ccccc2)c2ccccc2N1C(=O)c1cccc(C(F)(F)F)c1,1,CHEMBL417218,1,1,0,5.92,5.92,EC50,Aedes aegypti,ChEMBL,False,False
EXT_00297,JKYLDTTWQQEIHX-UHFFFAOYSA-N,CCCCCCSCC(=O)C(F)(F)F,1,CHEMBL440542,1,1,0,7.51,7.51,IC50,Drosophila melanogaster,ChEMBL,False,False
EXT_00298,JLCWNRHNKUVWED-VFNWGFHPSA-N,C[C@@H]1C[C@H](Nc2ccc(F)cc2)c2cc(F)ccc2N1C(=O)c1ccccc1,1,CHEMBL57186,1,1,0,5.76,5.76,EC50,Aedes aegypti,ChEMBL,False,False
EXT_00299,JLYXXMFPNIAWKQ-GNIYUCBRSA-N,Cl[C@H]1[C@H](Cl)[C@@H](Cl)[C@@H](Cl)[C@H](Cl)[C@H]1Cl,1,CHEMBL15891,1,1,0,7.96,7.96,IC50,Musca domestica,ChEMBL,False,False
EXT_00301,JPVKCHIPRSQDKL-UHFFFAOYSA-N,Nc1cccc(S(N)(=O)=O)c1,1,CHEMBL6852,1,1,0,6.05,6.05,Ki,Anopheles gambiae,ChEMBL,False,False
EXT_00302,JQNVCUBPURTQPQ-XDWLXSIGSA-N,CC(CO)CC[C@@H](O)[C@](C)(O)[C@H]1CC[C@@]2(O)C3=CC(=O)[C@@H]4C[C@@H](O)[C@@H](O)C[C@]4(C)[C@H]3CC[C@]12C,1,CHEMBL564971,1,1,0,7.04,7.04,IC50,Drosophila melanogaster,ChEMBL,False,False
EXT_00303,JQUGYVKOYKGIRB-PGVJVUNISA-N,CC[C@H](C)[C@H]1OC(=O)[C@H](Cc2ccccc2)N(C)C(=O)[C@@H](C(C)C)OC(=O)[C@H](Cc2ccccc2)N(C)C(=O)[C@@H](C(C)C)OC(=O)[C@H](Cc2ccccc2)N(C)C1=O,1,CHEMBL506228,1,1,0,,,LC50,Aedes aegypti,ChEMBL,False,False
EXT_00304,JSEQGONUGWKQBK-XCSZNDEXSA-N,CC(=O)OC[C@]12[C@H](OC(=O)c3ccccc3)[C@H](OC(C)=O)[C@H]3OC(=O)C(C)(O)CCc4ncccc4C(=O)OC[C@@]4(C)O[C@@]1([C@H]3C)[C@@H](OC(C)=O)[C@@H]4C(=O)[C@@H]2OC(C)=O,1,CHEMBL4085923,1,1,0,,,LD50,Aedes aegypti,ChEMBL,False,False
EXT_00306,JUDVPZDNMMGQDM-UHFFFAOYSA-N,CC(C)=NOCCCOc1ccc(Oc2ccccc2)cc1,1,CHEMBL2271466,1,1,0,8.76,8.76,IC50,Culex pipiens,ChEMBL,False,False
EXT_00307,JUUPIWYYZTWFLO-UHFFFAOYSA-N,CC(C)CONCCOc1ccc(Cc2ccccc2)cc1,1,CHEMBL2271808,1,1,0,8.66,8.66,IC50,Culex pipiens,ChEMBL,False,False
EXT_00309,JVKYGBRSRAABGJ-LFYBBSHMSA-N,NC(=S)N/N=C/COc1ccc(Cl)cc1,1,CHEMBL3589426,1,1,0,,,LC50,Aedes aegypti,ChEMBL,False,False
EXT_00310,JXENVKYPVSMCFX-UHFFFAOYSA-N,CCCCOCCOc1ccc(Oc2ccccc2)cc1,1,CHEMBL2272145,1,1,0,8.08,8.08,IC50,Culex pipiens,ChEMBL,False,False
EXT_00311,JXMULJQCEVPTNL-LPRJTOQXSA-N,C/C=N/OCCCOc1ccc(Oc2ccccc2)cc1,1,CHEMBL2271826,1,1,0,8.55,8.55,IC50,Culex pipiens,ChEMBL,False,False
EXT_00312,JXRHQRCPZQCZSZ-ASGOHMCFSA-N,CCCCC/C=C\CCC(=O)O[C@@]12[C@H](OC(=O)[C@@H](C)CC)[C@@H](C)[C@@]3(O)[C@@H](C(=O)C(CO)=C[C@]4(O)C(=O)C(C)=C[C@@H]34)[C@@H]1C2(C)C,1,CHEMBL5174471,1,1,0,,,LC50,Plutella xylostella,ChEMBL,False,False
EXT_00315,JZUFKLXOESDKRF-UHFFFAOYSA-N,NS(=O)(=O)c1cc2c(cc1Cl)NCNS2(=O)=O,1,CHEMBL435,1,1,0,7.5,7.5,Ki,Anopheles gambiae,ChEMBL,False,False
EXT_00316,KBTBQKNTXFVGSP-UHFFFAOYSA-N,CCCCCCCCC(=O)C(F)F,1,CHEMBL152698,1,1,0,5.0,5.0,IC50,Drosophila melanogaster,ChEMBL,False,False
EXT_00318,KCEXWXBFJOHBPA-UHFFFAOYSA-N,CCC(C)OCCCOc1ccc(Oc2ccccc2)cc1,1,CHEMBL2272151,1,1,0,8.9,8.9,IC50,Culex pipiens,ChEMBL,False,False
EXT_00319,KCYNQKJAQXHQLE-HNNXBMFYSA-N,C#CCCCCCCCCCCC1=C[C@H](C)OC1=O,1,CHEMBL477913,1,1,0,,,LC50,Aedes aegypti,ChEMBL,False,False
EXT_00320,KEBQIHFEQIBHOQ-RRFJBIMHSA-N,Cc1cn([C@H]2C[C@H](n3cc(-c4ccccn4)nn3)[C@@H](CO)O2)c(=O)[nH]c1=O,1,CHEMBL1091719,1,1,0,5.42,5.42,IC50,Drosophila melanogaster,ChEMBL,False,False
EXT_00321,KEEHWYIBHIKGAA-UHFFFAOYSA-N,COCCCCCOc1ccc(CC(C)C)cc1,1,CHEMBL2271832,1,1,0,5.35,5.35,IC50,Culex pipiens,ChEMBL,False,False
EXT_00322,KFFXNJCFHDAUNV-UHFFFAOYSA-N,Cc1cn(CCCCCCOC(c2ccccc2)(c2ccccc2)c2ccncc2)c(=O)[nH]c1=O,1,CHEMBL220459,1,1,0,5.57,5.57,IC50,Drosophila melanogaster,ChEMBL,False,False
EXT_00323,KFPAKOVKYAAIGL-UHFFFAOYSA-N,CCCCc1ccc(C(=O)NN(C(=O)c2ccccc2Cl)C(C)(C)C)cc1,1,CHEMBL2287461,1,1,0,8.27,8.27,IC50,Spodoptera frugiperda,ChEMBL,False,False
EXT_00324,KHNVQJDWUHRVDK-UHFFFAOYSA-N,O=C(COc1ccc(Cl)cc1Cl)Nc1ccc(CN2CCCCC2)cc1,1,CHEMBL1459580,2,2,0,6.58,6.25,IC50,Anopheles gambiae,ChEMBL,False,False
EXT_00325,KHYPPUBLNCEADC-UHFFFAOYSA-N,CC1CCc2nn(-c3c(Cl)cc(C(F)(F)F)cc3Cl)cc21,1,CHEMBL206170,1,1,0,7.52,7.52,IC50,Musca domestica,ChEMBL,False,False
EXT_00326,KIPNKBSUTXPLGR-UHFFFAOYSA-N,CCC(C)n1cc(C(=O)C(F)F)cn1,1,CHEMBL3623556,2,2,0,7.6,7.59,IC50,Anopheles gambiae,ChEMBL,False,False
EXT_00330,KQEVQYJWCZRLTJ-UHFFFAOYSA-N,Nc1ccc(S(N)(=O)=O)cc1Br,1,CHEMBL6724,1,1,0,6.07,6.07,Ki,Anopheles gambiae,ChEMBL,False,False
EXT_00331,KRVABEGPNKGLOT-UHFFFAOYSA-N,Nc1cc(C(F)(F)F)c(S(N)(=O)=O)cc1S(N)(=O)=O,1,CHEMBL418,1,1,0,5.36,5.36,Ki,Anopheles gambiae,ChEMBL,False,False
EXT_00335,KVRJHAJGPHILSK-UHFFFAOYSA-N,CN(Cc1ccccc1)C(=S)S,1,CHEMBL2023726,2,2,0,7.91,7.605,Ki,Drosophila melanogaster,ChEMBL,False,False
EXT_00336,KWDYEPSLJJCGHF-UHFFFAOYSA-N,CC(C)NC(=O)c1cccc(Cl)c1NC(=O)c1cc(C(F)(F)F)nn1-c1ccccc1Cl,1,CHEMBL370843,2,2,0,,,LC50,"Plutella xylostella,Spodoptera frugiperda",ChEMBL,False,False
EXT_00337,KXPSZHIUQPHVGH-BYPYZUCNSA-N,O=C(O)[C@@H]1CCCN1C(=S)S,1,CHEMBL2023730,2,2,0,8.85,8.36,Ki,Drosophila melanogaster,ChEMBL,False,False
EXT_00338,KYFJIEVANFXJFD-LEVDAJMHSA-N,CC/C=C\C/C=C\CCC(=O)O[C@@]12[C@H](OC(=O)[C@@H](C)CC)[C@@H](C)[C@@]3(O)[C@@H](C(=O)C(CO)=C[C@]4(O)C(=O)C(C)=C[C@@H]34)[C@@H]1C2(C)C,1,CHEMBL5175917,1,1,0,,,LC50,Plutella xylostella,ChEMBL,False,False
EXT_00340,KYXGSMDRHQWMAB-UHFFFAOYSA-N,CCN1CCN(CCCNC(=O)COc2ccc(-c3ccc(OC)cc3)cc2)CC1,1,CHEMBL4292499,3,2,1,5.42,5.24,IC50,"Aedes aegypti,Anopheles gambiae",ChEMBL,False,False
EXT_00343,LBFLFJKKZLTGOV-UHFFFAOYSA-N,O=C(O)CCc1nc(-c2ccc(Br)cc2)no1,1,CHEMBL2442676,1,1,0,,,LC50,Aedes aegypti,ChEMBL,False,False
EXT_00344,LBFWTPRSXIRKMZ-UHFFFAOYSA-N,CC#CCOC(=O)C1=CCCN(C)C1,1,CHEMBL1395412,2,2,0,5.82,5.8149999999999995,Ki,Drosophila melanogaster,ChEMBL,False,False
EXT_00345,LBUJBVTUEAMMBQ-UHFFFAOYSA-N,CCOP(=O)(OCC)SCCCCCCCCN1C(=O)c2ccccc2C1=O,1,CHEMBL2252721,2,1,1,5.35,5.105,IC50,"Drosophila melanogaster,Musca domestica",ChEMBL,False,False
EXT_00346,LCJHAMFHXGMYLX-UHFFFAOYSA-N,O=C(c1cnn(C2CCCC2)c1)C(F)F,1,CHEMBL3623559,2,2,0,6.97,6.92,IC50,Anopheles gambiae,ChEMBL,False,False
EXT_00348,LDXLQKYPMYPOCI-UHFFFAOYSA-N,Cc1cccc(Oc2ccc(OCCCNOC(C)C)cc2)c1,1,CHEMBL2271812,1,1,0,10.0,10.0,IC50,Culex pipiens,ChEMBL,False,False
EXT_00349,LECHALRQDMTAQM-UHFFFAOYSA-N,CCCCCCC#CC(=O)C(F)(F)F,1,CHEMBL356917,1,1,0,6.4,6.4,IC50,Drosophila melanogaster,ChEMBL,False,False
EXT_00350,LFHISGNCFUNFFM-UHFFFAOYSA-N,O=[N+]([O-])C(Cl)(Cl)Cl,1,CHEMBL1327143,1,1,0,,,LC50,Musca domestica,ChEMBL,False,False
EXT_00352,LHROABAUHBYOHP-UHFFFAOYSA-N,COc1cc(O)c2c(c1C)C(C)C(O)(COC(=O)c1ccc(O)c(CC=C(C)C)c1)OC2=O,1,CHEMBL2269235,1,1,0,7.06,7.06,IC50,Musca domestica,ChEMBL,False,False
EXT_00353,LJJDVRIWWXGNQS-UHFFFAOYSA-N,O=C1c2cn(-c3c(Cl)cc(C(F)(F)F)cc3Cl)nc2CC1F,1,CHEMBL206190,1,1,0,6.5,6.5,IC50,Musca domestica,ChEMBL,False,False
EXT_00354,LJKDYBDUENVZQS-UHFFFAOYSA-N,CCCCCc1ccc(C(=O)NN(C(=O)c2cc(C)cc(C)c2Cl)C(C)(C)C)cc1,1,CHEMBL2286442,1,1,0,5.45,5.45,EC50,Spodoptera littoralis,ChEMBL,False,False
EXT_00356,LJOYGVJNQBYUDA-UHFFFAOYSA-N,CC(C)(C)N(NC(=O)c1ccc(F)cc1)C(=O)c1ccccc1Cl,1,CHEMBL2286751,2,1,1,7.29,5.859999999999999,"EC50,IC50","Drosophila melanogaster,Spodoptera frugiperda",ChEMBL,False,False
EXT_00357,LKSFAERIDQFYIR-UHFFFAOYSA-N,COC(=O)CCc1nc(-c2ccccc2)no1,1,CHEMBL2442687,1,1,0,,,LC50,Aedes aegypti,ChEMBL,False,False
EXT_00358,LLBGUCZJOVFEKY-UHFFFAOYSA-N,O=C(O)CCCc1nc(-c2ccc(I)cc2)no1,1,CHEMBL2442680,2,2,0,,,LC50,Aedes aegypti,ChEMBL,False,False
EXT_00359,LMBWSYZSUOEYSN-UHFFFAOYSA-N,CCN(CC)C(=S)S,1,CHEMBL107217,2,2,0,6.18,5.904999999999999,Ki,Drosophila melanogaster,ChEMBL,False,False
EXT_00360,LMPYJGSTISXWRJ-XEWZUCQDSA-N,C/C=C(\C)C(=O)O[C@@H]1[C@@H](C)[C@@]2(O)[C@@H](C(=O)C(CO)=C[C@]3(O)C(=O)C(C)=C[C@@H]23)[C@@H]2C(C)(C)[C@]12OC(=O)CC/C=C\CCCCC,1,CHEMBL5201528,1,1,0,,,LC50,Plutella xylostella,ChEMBL,False,False
EXT_00362,LNPDTQAFDNKSHK-UHFFFAOYSA-N,Cc1onc(-c2ccccc2)c1-c1ccc(S(N)(=O)=O)cc1,1,CHEMBL865,1,1,0,6.79,6.79,Ki,Anopheles gambiae,ChEMBL,False,False
EXT_00363,LOXCNVOJGRNBFX-UHFFFAOYSA-N,O=[N+]([O-])/N=C1\NCOCN1Cc1cnc(Cl)s1,1,CHEMBL2269822,3,3,0,7.96,7.8,IC50,"Drosophila melanogaster,Musca domestica",ChEMBL,False,False
EXT_00365,LSJUTEXGKKBNFU-UHFFFAOYSA-N,CCCCCC[S+]([O-])CC(=O)C(F)(F)F,1,CHEMBL155396,1,1,0,5.85,5.85,IC50,Drosophila melanogaster,ChEMBL,False,False
EXT_00366,LSMHMUILGQCONY-UHFFFAOYSA-N,CCCCOCCOc1ccc(CC(C)C)cc1,1,CHEMBL2272180,1,1,0,6.44,6.44,IC50,Culex pipiens,ChEMBL,False,False
EXT_00367,LSPINEDXJRUDKO-UHFFFAOYSA-N,C=CC(C)(O)C#N,1,CHEMBL2271404,1,1,0,,,LC50,Musca domestica,ChEMBL,False,False
EXT_00368,LTFJIEHDHHICQM-GZTJUZNOSA-N,CCO/N=C/CCOc1ccc(CC(C)(C)C)cc1,1,CHEMBL2272170,1,1,0,8.57,8.57,IC50,Culex pipiens,ChEMBL,False,False
EXT_00369,LVHZXDFAVDDALO-UHFFFAOYSA-N,CCCOCCCOc1ccc(Oc2ccccc2)cc1,1,CHEMBL2272146,1,1,0,9.47,9.47,IC50,Culex pipiens,ChEMBL,False,False
EXT_00370,LVJYTMAGIHHUQG-UHFFFAOYSA-N,Cc1cc(Cl)cc(C(=O)NC(C)C)c1NC(=O)c1cc(Cl)nn1-c1ncccc1Cl,1,CHEMBL437018,2,2,0,,,LC50,"Plutella xylostella,Spodoptera frugiperda",ChEMBL,False,False
EXT_00371,LVVZDKOVBRQLRL-UHFFFAOYSA-N,S=C(S)NCCCn1ccnc1,1,CHEMBL2334361,2,2,0,9.05,8.335,Ki,Drosophila melanogaster,ChEMBL,False,False
EXT_00372,LWDWUQOIYYAPDA-XSFVSMFZSA-N,CCCc1ccc(Oc2ccc(OC/C=N/OCC)cc2)cc1,1,CHEMBL2271472,1,1,0,6.36,6.36,IC50,Culex pipiens,ChEMBL,False,False
EXT_00373,LWULRPYIMPIYQD-UHFFFAOYSA-N,COc1ccc(NC(S)=NCCN2CCC(C)CC2)cc1Cl,1,CHEMBL1340607,2,1,1,6.02,5.32,IC50,Anopheles gambiae,ChEMBL,False,False
EXT_00374,LXCJEBDJFVKIAM-UHFFFAOYSA-N,CC(C)(C)N(NC(=O)c1ccccc1)C(=O)c1ccccc1[N+](=O)[O-],1,CHEMBL2286739,2,1,1,5.96,5.385,EC50,Drosophila melanogaster,ChEMBL,False,False
EXT_00375,LYFHIZKUSAXSSM-UHFFFAOYSA-N,CCCCCCOCC(=O)C(F)(F)F,1,CHEMBL421992,1,1,0,7.08,7.08,IC50,Drosophila melanogaster,ChEMBL,False,False
EXT_00376,LZTIMERBDGGAJD-UHFFFAOYSA-N,O=[N+]([O-])C=C1NCCCS1,1,CHEMBL3138618,1,1,0,5.33,5.33,IC50,Drosophila melanogaster,ChEMBL,False,False
EXT_00377,MAFDEVUGGJLURF-UHFFFAOYSA-N,COCCCCCOc1ccc(Oc2ccccc2)cc1,1,CHEMBL2271772,1,1,0,6.42,6.42,IC50,Culex pipiens,ChEMBL,False,False
EXT_00378,MAGOHNFKWBKUKQ-UHFFFAOYSA-N,CCCCCCS(=O)(=O)CC(=O)C(F)(F)F,1,CHEMBL155621,1,1,0,6.83,6.83,IC50,Drosophila melanogaster,ChEMBL,False,False
EXT_00379,MAGQQZHFHJDIRE-BNFZFUHLSA-N,CCCCC/C=C/C=C/C(=O)NCC(C)C,1,CHEMBL271242,1,1,0,,,LC50,Aedes aegypti,ChEMBL,False,False
EXT_00380,MCRQFILNDVVNDS-YIXHJXPBSA-N,NC(=S)N/N=C/COc1cccc(Cl)c1Cl,1,CHEMBL3589427,1,1,0,,,LC50,Aedes aegypti,ChEMBL,False,False
EXT_00382,MEHLEOUIWVWVBF-UHFFFAOYSA-N,C=CC(C#N)OC(C)=O,1,CHEMBL2271401,1,1,0,,,LC50,Musca domestica,ChEMBL,False,False
EXT_00383,MEPJCQOWCCADRL-IERDGZPVSA-N,C[C@@H]1C[C@H](Nc2ccccc2)c2ccccc2N1C(=O)c1ccc(Cl)cc1,1,CHEMBL300573,1,1,0,6.01,6.01,EC50,Aedes aegypti,ChEMBL,False,False
EXT_00384,MIEGTLCGWZYDRN-QRQCRPRQSA-N,COc1ccc(C(=O)N2c3ccc(F)cc3[C@@H](Nc3ccc(F)cc3)C[C@H]2C)cc1,1,CHEMBL56663,1,1,0,5.94,5.94,EC50,Aedes aegypti,ChEMBL,False,False
EXT_00387,MISJZDTURCBDBG-LDADJPATSA-N,CCO/N=C/CCOc1ccc(CC(CC)CC)cc1,1,CHEMBL2272181,1,1,0,9.53,9.53,IC50,Culex pipiens,ChEMBL,False,False
EXT_00389,MKFBTCMZCVVDQG-UHFFFAOYSA-N,CCC(C)n1cc(C(=O)CF)cn1,1,CHEMBL3623563,2,2,0,5.56,5.55,IC50,Anopheles gambiae,ChEMBL,False,False
EXT_00392,MNYPSYJHVXNBMF-CGXZTUQUSA-N,O=c1[nH]c(=O)n([C@H]2C[C@H](n3cc(-c4ccc(Cl)cc4)nn3)[C@@H](CO)O2)cc1/C=C/Br,1,CHEMBL1091988,1,1,0,6.34,6.34,IC50,Drosophila melanogaster,ChEMBL,False,False
EXT_00393,MOQQZFPQHVEHKY-UHFFFAOYSA-N,CN1CCN(C2CCN(C(=O)COc3ccc(-c4ccccc4)cc3)CC2)CC1,1,CHEMBL4285972,3,3,0,6.62,6.6,IC50,"Aedes aegypti,Anopheles gambiae",ChEMBL,False,False
EXT_00394,MPAAOUUFYCEANT-UHFFFAOYSA-N,CCc1ccc(C(=O)NC2(C(=O)c3cc(C)cc(C)c3)CCCCC2)cc1,1,CHEMBL55108,1,1,0,6.92,6.92,EC50,Spodoptera littoralis,ChEMBL,False,False
EXT_00397,MPZGGXWUKCTBTO-UHFFFAOYSA-N,O=[N+]([O-])/N=C1/NCCN1Cc1cnc(Cl)c(F)c1,1,CHEMBL2271129,1,1,0,7.48,7.48,IC50,Musca domestica,ChEMBL,False,False
EXT_00398,MQBUSAOPFBSBFZ-WVMMTVHUSA-N,O=[N+]([O-])/N=C1\N(Cc2ccc(Cl)nc2)CCN1Cc1cccc(CN2CCN(Cc3ccc(Cl)nc3)/C2=N\[N+](=O)[O-])c1,1,CHEMBL2252503,1,1,0,5.56,5.56,Ki,Musca domestica,ChEMBL,False,False
EXT_00401,MUPHCSPQJDQVNT-UHFFFAOYSA-N,O=[N+]([O-])/N=C1\NCCN1Cc1cnc(Cl)c(-c2ccccc2)c1,1,CHEMBL2287958,1,1,0,5.19,5.19,IC50,Musca domestica,ChEMBL,False,False
EXT_00402,MUVUKLRYQJFDKC-GCJKJVERSA-N,Cc1ccc(C(=O)N2c3ccccc3[C@@H](Nc3ccccc3)C[C@H]2C)cc1,1,CHEMBL60877,1,1,0,6.0,6.0,EC50,Aedes aegypti,ChEMBL,False,False
EXT_00403,MVMQESMQSYOVGV-HNNXBMFYSA-N,C[C@H](C1=C(CCN(C)C)Cc2ccccc21)c1ccccn1,1,CHEMBL564226,2,2,0,6.29,6.234999999999999,Ki,Drosophila melanogaster,ChEMBL,False,False
EXT_00404,MWJZDLMYLURZEF-UHFFFAOYSA-N,CCONCCCOc1ccc(CC(CC)CC)cc1,1,CHEMBL2272189,1,1,0,8.43,8.43,IC50,Culex pipiens,ChEMBL,False,False
EXT_00405,MWVWPDHYHUWCKX-UHFFFAOYSA-N,CC(C)ONCCCOc1ccc(Oc2ccccc2)cc1,1,CHEMBL2271810,1,1,0,8.66,8.66,IC50,Culex pipiens,ChEMBL,False,False
EXT_00410,MYBHZQUYPMFZBP-UHFFFAOYSA-N,CCC(CC)Cc1ccc(OCCCON=C(C)C)cc1,1,CHEMBL2272143,1,1,0,8.65,8.65,IC50,Culex pipiens,ChEMBL,False,False
EXT_00412,MYGACSZYYWNDMZ-UHFFFAOYSA-N,CCOCCCCOc1ccc(Oc2ccccc2)cc1,1,CHEMBL2272147,1,1,0,7.93,7.93,IC50,Culex pipiens,ChEMBL,False,False
EXT_00413,MYKUKUCHPMASKF-VIFPVBQESA-N,c1cncc([C@@H]2CCCN2)c1,1,CHEMBL6200,2,1,1,5.06,5.06,"IC50,Ki",Musca domestica,ChEMBL,False,False
EXT_00414,MZDYABXXPZNUCT-UHFFFAOYSA-N,CCCN(CCC)CC1CCCCN1CCNC(=O)N1c2ccccc2C(=O)Nc2cccnc21,1,CHEMBL279453,2,2,0,8.32,8.265,Ki,Drosophila melanogaster,ChEMBL,False,False
EXT_00415,MZFWPTMYAAJTCF-KGENOOAVSA-N,CCCCCO/N=C/COc1ccc(Cc2ccccc2)cc1,1,CHEMBL2271782,1,1,0,6.72,6.72,IC50,Culex pipiens,ChEMBL,False,False
EXT_00416,MZGNSEAPZQGJRB-UHFFFAOYSA-N,CN(C)C(=S)S,1,CHEMBL569460,2,2,0,6.11,5.785,Ki,Drosophila melanogaster,ChEMBL,False,False
EXT_00418,NAHTXVIXCMUDLF-RFNFAWMESA-N,CC(=O)O[C@@H]1C[C@H](O)[C@@]23CO[C@@H](O)[C@]1(C)[C@@H]2C[C@@H](O)[C@]1(C)[C@@H]3C(=O)[C@H](OC(C)=O)[C@@]2(C)[C@H](c3ccoc3)C[C@H]3O[C@]321,1,CHEMBL503044,1,1,0,,,LC50,Spodoptera frugiperda,ChEMBL,False,False
EXT_00419,NBUHPUCUZWZCRU-UHFFFAOYSA-N,[N-]=[N+]=Nc1cc(CN2CCN/C2=N\[N+](=O)[O-])cnc1Cl,1,CHEMBL97343,1,1,0,7.82,7.82,Ki,Drosophila melanogaster,ChEMBL,False,False
EXT_00420,NBUUFWZFCPGXQM-UDWIEESQSA-N,CCO/N=C/CCOc1ccc(Cc2cccc(C)c2)cc1,1,CHEMBL2271824,1,1,0,9.86,9.86,IC50,Culex pipiens,ChEMBL,False,False
EXT_00421,NCQBQRRNDYBXHO-KKSFZXQISA-N,COc1c(C(C)C)cc2c(c1O)[C@@]1(C)CCCC(C)(C)[C@@H]1CC2,1,CHEMBL2252751,1,1,0,,,LD50,Spodoptera littoralis,ChEMBL,False,False
EXT_00422,NDVGZMNSCFPVKF-UHFFFAOYSA-N,FC(F)(F)c1cc(Cl)c(-n2cc3c(n2)CCC3)c(Cl)c1,1,CHEMBL377727,1,1,0,7.08,7.08,IC50,Musca domestica,ChEMBL,False,False
EXT_00423,NEFYSBQJYCICOG-YSEUJXISSA-N,C[C@@H]1C(=O)O[C@H](C)[C@H]1C[C@@H](O)[C@](C)(O)[C@H]1CC[C@@]2(O)C3=CC(=O)[C@@H]4C[C@@H](O)[C@@H](O)C[C@]4(C)[C@H]3CC[C@]12C,1,CHEMBL494249,1,1,0,7.21,7.21,IC50,Drosophila melanogaster,ChEMBL,False,False
EXT_00424,NEMPXIFVMLAVQR-UHFFFAOYSA-N,C=C1C(C)=C(C#N)C(=O)N1c1cc(Cl)c(C(C)(C)C)cc1Cl,1,CHEMBL1254453,1,1,0,5.07,5.07,IC50,Lucilia cuprina,ChEMBL,False,False
EXT_00425,NEUIRFPCOZCRBP-UXPPBCCBSA-N,O=[N+]([O-])/N=C1\N(Cc2ccc(Cl)nc2)CCN1Cc1cccc(CN2CCN(Cc3ccc(Cl)nc3)/C2=N\[N+](=O)[O-])n1,1,CHEMBL2252500,1,1,0,5.28,5.28,Ki,Musca domestica,ChEMBL,False,False
EXT_00426,NFDYGXNXYQNIOW-JPYJTQIMSA-N,Cc1ccc(N[C@H]2C[C@@H](C)N(C(=O)c3ccc(C(F)(F)F)cc3)c3ccc(C)cc32)cc1,1,CHEMBL292575,1,1,0,5.36,5.36,EC50,Aedes aegypti,ChEMBL,False,False
EXT_00427,NFLNJRITJKGQIX-UHFFFAOYSA-N,S=C(S)NCCN1CCOCC1,1,CHEMBL2023166,2,2,0,7.98,7.95,Ki,Drosophila melanogaster,ChEMBL,False,False
EXT_00428,NHBORXJQYDFLHV-UHFFFAOYSA-N,Cc1c(C(=O)NN(C(=O)c2ccccc2Cl)C(C)(C)C)ccc2c1CCCO2,1,CHEMBL2286445,1,1,0,8.27,8.27,EC50,Spodoptera littoralis,ChEMBL,False,False
EXT_00429,NILWYTKQQAWCEI-UHFFFAOYSA-N,CNC(=O)c1cc(Cl)cc(C)c1NC(=O)c1cc(OC)nn1-c1ncccc1Cl,1,CHEMBL427880,2,2,0,,,LC50,"Plutella xylostella,Spodoptera frugiperda",ChEMBL,False,False
EXT_00430,NISHYRRJEKAIPY-LDADJPATSA-N,CCO/N=C/COc1ccc(Oc2ccccc2C)cc1,1,CHEMBL2271795,1,1,0,7.36,7.36,IC50,Culex pipiens,ChEMBL,False,False
EXT_00431,NISLLQUWIJASOV-UHFFFAOYSA-N,CC(C)(C)N(NC(=O)c1ccccc1)C(=O)c1ccccc1,1,CHEMBL387744,3,2,1,5.89,5.74,EC50,"Drosophila melanogaster,Spodoptera littoralis",ChEMBL,False,False
EXT_00432,NJUOMYTUHSMITF-HCTXVGCHSA-N,O=[N+]([O-])/N=C1\N(Cc2ccc(Cl)nc2)CCN1Cc1ccc(CN2CCN(Cc3ccc(Cl)nc3)/C2=N\[N+](=O)[O-])o1,1,CHEMBL2252498,1,1,0,7.52,7.52,Ki,Musca domestica,ChEMBL,False,False
EXT_00433,NKDFYOWSKOHCCO-YPVLXUMRSA-N,CC(C)(O)CC[C@@H](O)[C@](C)(O)[C@H]1CC[C@@]2(O)C3=CC(=O)[C@@H]4C[C@@H](O)[C@@H](O)C[C@]4(C)[C@H]3CC[C@]12C,1,CHEMBL224128,4,4,0,7.34,7.0600000000000005,IC50,"Drosophila melanogaster,Lucilia cuprina,Spodoptera frugiperda",ChEMBL,False,False
EXT_00435,NKKVUHPTHCADSY-UHFFFAOYSA-N,C=C1C(CC(C)C)=C(C#N)C(=O)N1c1cc(Cl)c(Cl)cc1Cl,1,CHEMBL1253938,1,1,0,5.26,5.26,IC50,Lucilia cuprina,ChEMBL,False,False
EXT_00436,NKUYBNCXFLAOEC-UHFFFAOYSA-N,C=CC(C)(C)C1=C(O)C(=O)c2ccccc2C1=O,1,CHEMBL2268882,1,1,0,,,LD50,Spodoptera frugiperda,ChEMBL,False,False
EXT_00437,NLGSBXAWUUVELO-UHFFFAOYSA-N,S=C(S)NCc1ccccc1,1,CHEMBL2023168,2,2,0,9.1,7.885,Ki,Drosophila melanogaster,ChEMBL,False,False
EXT_00438,NLPRAJRHRHZCQQ-IVZWLZJFSA-N,Clc1ccc([C@H]2C[C@@H]3CC[C@H]2N3)cn1,1,CHEMBL298826,1,1,0,5.87,5.87,IC50,Musca domestica,ChEMBL,False,False
EXT_00439,NLPRAJRHRHZCQQ-UHFFFAOYSA-N,Clc1ccc(C2CC3CCC2N3)cn1,1,CHEMBL6623,2,2,0,6.54,6.455,"IC50,Ki",Drosophila melanogaster,ChEMBL,False,False
EXT_00440,NLPRAJRHRHZCQQ-UTLUCORTSA-N,Clc1ccc([C@@H]2C[C@H]3CC[C@@H]2N3)cn1,1,CHEMBL298517,1,1,0,5.55,5.55,IC50,Musca domestica,ChEMBL,False,False
EXT_00442,NNJPSKCGFBHMTD-UHFFFAOYSA-N,O=C(COc1ccc(-c2ccccc2)cc1)N1CCC(N2CCCCC2)CC1,1,CHEMBL4278046,3,3,0,5.42,5.4,IC50,"Aedes aegypti,Anopheles gambiae",ChEMBL,False,False
EXT_00444,NOPSQZLYKMXQNR-UHFFFAOYSA-N,CCc1ccc(C(=O)NC(CC)(CC)C(=O)c2cc(C)cc(C)c2)cc1,1,CHEMBL2286410,1,1,0,5.37,5.37,EC50,Spodoptera littoralis,ChEMBL,False,False
EXT_00446,NPCOXAXLSNMJHA-SRZZPIQSSA-N,CCO/N=C/COc1ccc(Oc2ccccc2C(F)(F)F)cc1,1,CHEMBL2271799,1,1,0,6.18,6.18,IC50,Culex pipiens,ChEMBL,False,False
EXT_00447,NPXDFDFFVQHAGH-UHFFFAOYSA-N,CCOc1ccccc1C(=O)N(NC(=O)c1ccc(CC)cc1)C(C)(C)C,1,CHEMBL2286436,1,1,0,5.16,5.16,EC50,Spodoptera littoralis,ChEMBL,False,False
EXT_00450,NQVXWWYNKZAFSJ-UDWIEESQSA-N,CC(C)CO/N=C/COc1ccc(Cc2ccccc2)cc1,1,CHEMBL2271780,1,1,0,8.48,8.48,IC50,Culex pipiens,ChEMBL,False,False
EXT_00451,NRDOIBTVFAUUHC-UHFFFAOYSA-N,C=C1C(CCCC)=C(C#N)C(=O)N1c1cc(Cl)ccc1C(C)(C)C,1,CHEMBL1254948,1,1,0,5.26,5.26,IC50,Lucilia cuprina,ChEMBL,False,False
EXT_00452,NRMQMTQTYONMFY-UHFFFAOYSA-N,S=C(S)N1CCOCC1,1,CHEMBL2023727,2,2,0,9.1,8.48,Ki,Drosophila melanogaster,ChEMBL,False,False
EXT_00454,NSYUNNQIDIIIAC-UHFFFAOYSA-N,[O-][n+]1cccc(CNc2nccc(Nc3ccc(-c4ccccc4)cc3)n2)c1,1,CHEMBL4476488,1,1,0,,,LC50,Aedes aegypti,ChEMBL,False,False
EXT_00456,NTOUSOSQRIGJBI-XDHOZWIPSA-N,CCO/N=C/COc1ccc(Oc2cccc(CC)c2)cc1,1,CHEMBL2271801,1,1,0,7.85,7.85,IC50,Culex pipiens,ChEMBL,False,False
EXT_00458,NWFMVMFBNZSIHF-PKGIXKDLSA-N,CO[C@H]1C[C@]2(O[C@H]([C@@H](C[C@H](O)[C@H](C)[C@H](O)[C@H](C)/C=C(C)/C(C)=C/CC/C(C)=C\C(N)=O)OC)[C@H](OP(=O)(O)O)C2(C)C)O[C@H](C/C=C/c2coc(C)n2)[C@H]1C,1,CHEMBL505968,1,1,0,,,LC50,Spodoptera littoralis,ChEMBL,False,False
EXT_00459,NWHBKNONEOGQEO-UHFFFAOYSA-N,CCC(CC)n1cc(C(=O)CF)cn1,1,CHEMBL3623565,2,2,0,6.47,6.46,IC50,Anopheles gambiae,ChEMBL,False,False
EXT_00460,NWXCDQHBVVPPTL-WDNDVIMCSA-N,CN1[C@@H]2CC[C@H]1C[C@@H](OC(=O)N1Cc3ccccc3NC1=O)C2,1,CHEMBL1617363,2,2,0,6.24,6.215,Ki,Drosophila melanogaster,ChEMBL,False,False
EXT_00462,NXPBTKVPMPQFET-GIDUJCDVSA-N,C/C(=N\NC(N)=S)C(C)Oc1ccc(Cl)c(Cl)c1,1,CHEMBL3121912,1,1,0,,,LC50,Aedes aegypti,ChEMBL,False,False
EXT_00465,NZZXAIIKADTYMJ-UHFFFAOYSA-N,FC(F)(F)c1cc(Cl)c(-n2cc3c(n2)C(F)(F)CC3(F)F)c(Cl)c1,1,CHEMBL427379,1,1,0,7.13,7.13,IC50,Musca domestica,ChEMBL,False,False
EXT_00466,OASMCRWETNVZGJ-UHFFFAOYSA-N,NC(=S)N/N=C1/NCCN(Cc2ccc(Cl)nc2)C1=O,1,CHEMBL2272692,1,1,0,5.41,5.41,Ki,Musca domestica,ChEMBL,False,False
EXT_00469,OEBRKCOSUFCWJD-UHFFFAOYSA-N,COP(=O)(OC)OC=C(Cl)Cl,1,CHEMBL167911,3,3,0,7.22,6.855,"IC50,LC50","Anopheles gambiae,Musca domestica",ChEMBL,False,False
EXT_00470,OEYNHYTUESUSJT-UHFFFAOYSA-N,CCCCCCCOc1ccc(Cc2ccccc2)cc1,1,CHEMBL2271805,1,1,0,7.17,7.17,IC50,Culex pipiens,ChEMBL,False,False
EXT_00472,OFUQRSHHVCTJPU-DEDYPNTBSA-N,CCCCO/N=C/COc1ccc(Cc2ccccc2)cc1,1,CHEMBL2271779,1,1,0,7.41,7.41,IC50,Culex pipiens,ChEMBL,False,False
EXT_00473,OHIGXARRRILQLQ-UHFFFAOYSA-N,CCCNCCOc1ccc(Oc2ccccc2)cc1,1,CHEMBL2271814,1,1,0,9.55,9.55,IC50,Culex pipiens,ChEMBL,False,False
EXT_00474,OHNXDEFNJJWNIY-UHFFFAOYSA-N,CC1(O)c2cn(-c3c(Cl)cc(C(F)(F)F)cc3Cl)nc2C(F)C1F,1,CHEMBL203684,1,1,0,6.46,6.46,IC50,Musca domestica,ChEMBL,False,False
EXT_00478,OJCUFAQXRSDDTI-KPZCBJDLSA-N,O=C(/N=C1/N(CCCCCCCN2CCN(Cc3ccc(Cl)nc3)/C2=N/C(=O)C(F)(F)F)CCN1Cc1ccc(Cl)nc1)C(F)(F)F,1,CHEMBL2252350,1,1,0,5.54,5.54,Ki,Musca domestica,ChEMBL,False,False
EXT_00479,OKMFNMVAOMPGDC-UXPPBCCBSA-N,O=[N+]([O-])/N=C1\N(Cc2ccc(Cl)nc2)CCN1Cc1cncc(CN2CCN(Cc3ccc(Cl)nc3)/C2=N\[N+](=O)[O-])c1,1,CHEMBL2252499,1,1,0,5.64,5.64,Ki,Musca domestica,ChEMBL,False,False
EXT_00480,OLXVWOVGXFQBNM-UHFFFAOYSA-N,Cc1cccc(C(=O)NC(C)C)c1NC(=O)c1cc(C(F)(F)F)nn1C,1,CHEMBL371060,2,2,0,,,LC50,"Plutella xylostella,Spodoptera frugiperda",ChEMBL,False,False
EXT_00481,OMPQJMDGDAAXPE-NPMWZIQKSA-N,CO[P@]1(=O)OC[C@H]2COC(=O)C2=C(C)O1,1,CHEMBL603622,1,1,0,9.12,9.12,IC50,Musca domestica,ChEMBL,False,False
EXT_00482,OMVGKAWQTXZISA-UUILKARUSA-N,N/C(S)=N/N=C/c1ccc(Cl)c(Cl)c1,1,CHEMBL415311,1,1,0,,,LC50,Aedes aegypti,ChEMBL,False,False
EXT_00483,OMWCMVDBFIANLH-UHFFFAOYSA-N,CCC(CC)n1cc(C(=O)C(F)F)cn1,1,CHEMBL3623558,2,2,0,9.0,8.955,IC50,Anopheles gambiae,ChEMBL,False,False
EXT_00486,OQHGRUHRHLFMBX-UHFFFAOYSA-N,CCCCCCCCC(=O)C(F)(F)F,1,CHEMBL152843,1,1,0,5.17,5.17,IC50,Drosophila melanogaster,ChEMBL,False,False
EXT_00487,OQJGHOJKYUGBFU-UHFFFAOYSA-N,CC(C)(C)N(NC(=O)c1cccc(Cl)c1Cl)C(=O)c1ccccc1Cl,1,CHEMBL2286721,1,1,0,5.11,5.11,EC50,Drosophila melanogaster,ChEMBL,False,False
EXT_00488,OUPUWBKBRTXEIM-UHFFFAOYSA-N,CC(C)Cn1cc(C(=O)C(F)(F)F)cn1,1,CHEMBL3623553,2,2,0,6.02,6.0,IC50,Anopheles gambiae,ChEMBL,False,False
EXT_00489,OUZWUKMCLIBBOG-UHFFFAOYSA-N,CCOc1ccc2nc(S(N)(=O)=O)sc2c1,1,CHEMBL18,1,1,0,6.73,6.73,Ki,Anopheles gambiae,ChEMBL,False,False
EXT_00491,OWFFCDUVEQIDNU-UHFFFAOYSA-N,CCCC12COP(=S)(OC1)OC2CC,1,CHEMBL2287384,1,1,0,6.0,6.0,IC50,Blattella germanica,ChEMBL,False,False
EXT_00492,OWRSHPAYDYCHSJ-UHFFFAOYSA-N,O=[N+]([O-])/N=C1\NCCN1Cc1cnc(Cl)s1,1,CHEMBL2251730,3,3,0,8.09,7.92,IC50,"Drosophila melanogaster,Musca domestica",ChEMBL,False,False
EXT_00493,OXYDYOBQQGDPCW-CBSZVXRSSA-N,O=[N+]([O-])/N=C1\N(Cc2ccc(Cl)nc2)CCN1Cc1ccccc1-c1ccccc1CN1CCN(Cc2ccc(Cl)nc2)/C1=N\[N+](=O)[O-],1,CHEMBL2252501,1,1,0,6.1,6.1,Ki,Musca domestica,ChEMBL,False,False
EXT_00494,PCBLZWZCGNKODY-UHFFFAOYSA-N,OCCN(CCO)C(=S)S,1,CHEMBL2023724,2,2,0,8.49,7.68,Ki,Drosophila melanogaster,ChEMBL,False,False
EXT_00495,PCQAUOPWJXFRFH-UHFFFAOYSA-N,CCCONCCOc1ccc(CC(C)C)cc1,1,CHEMBL2271833,1,1,0,6.57,6.57,IC50,Culex pipiens,ChEMBL,False,False
EXT_00496,PCQCQCIFVHSSNM-SSDOTTSWSA-N,C[C@H](c1ccc(Cl)nc1)N1CCN/C1=N\[N+](=O)[O-],1,CHEMBL2272997,1,1,0,6.02,6.02,IC50,Musca domestica,ChEMBL,False,False
EXT_00497,PCQCQCIFVHSSNM-UHFFFAOYSA-N,CC(c1ccc(Cl)nc1)N1CCN/C1=N\[N+](=O)[O-],1,CHEMBL2272995,1,1,0,6.68,6.68,IC50,Musca domestica,ChEMBL,False,False
EXT_00498,PCQCQCIFVHSSNM-ZETCQYMHSA-N,C[C@@H](c1ccc(Cl)nc1)N1CCN/C1=N\[N+](=O)[O-],1,CHEMBL2272996,1,1,0,6.72,6.72,IC50,Musca domestica,ChEMBL,False,False
EXT_00499,PCYUVGIXKYENDH-YKSBVNFPSA-N,Cc1ccc(N[C@H]2C[C@@H](C)N(C(=O)c3ccccc3C)c3ccc(C)cc32)cc1,1,CHEMBL292838,1,1,0,5.06,5.06,EC50,Aedes aegypti,ChEMBL,False,False
EXT_00500,PDQXSLJFPJSYBF-UHFFFAOYSA-N,O=C(O)CNC(=S)S,1,CHEMBL2023172,2,2,0,7.12,7.015000000000001,Ki,Drosophila melanogaster,ChEMBL,False,False
EXT_00501,PGOOBECODWQEAB-UHFFFAOYSA-N,CN/C(=N\[N+](=O)[O-])NCc1cnc(Cl)s1,1,CHEMBL259727,3,3,0,8.74,8.66,IC50,"Drosophila melanogaster,Musca domestica",ChEMBL,False,False
EXT_00502,PGPHDINTKOOAGS-UHFFFAOYSA-N,CC(C)NCCN1C(=O)CSC1c1ccc(Cl)cc1Cl,1,CHEMBL5401005,1,1,0,5.38,5.38,IC50,Anopheles gambiae,ChEMBL,False,False
EXT_00504,PHOHAZONAKWFLD-CXUHLZMHSA-N,CCCO/N=C/COc1ccc(CC(C)C)cc1,1,CHEMBL2272178,1,1,0,5.39,5.39,IC50,Culex pipiens,ChEMBL,False,False
EXT_00506,PIPAJLPNWZMYQA-KNCRFDSUSA-N,C[N+]1(C)[C@@H]2CC[C@H]1C[C@@H](OC(=O)C(CO)c1ccccc1)C2,1,CHEMBL516476,2,2,0,8.74,8.68,Ki,Drosophila melanogaster,ChEMBL,False,False
EXT_00507,PJYYBCXMCWDUAZ-JJJZTNILSA-N,CC(C)CC[C@@H](O)[C@](C)(O)[C@H]1CC[C@@]2(O)C3=CC(=O)[C@@H]4C[C@@H](O)[C@@H](O)C[C@]4(C)[C@H]3CC[C@]12C,1,CHEMBL549789,2,2,0,8.89,7.470000000000001,IC50,"Drosophila melanogaster,Lucilia cuprina",ChEMBL,False,False
EXT_00508,PKVZYEBWVBEQTL-UHFFFAOYSA-N,CCNCCCCOc1ccc(Oc2ccccc2)cc1,1,CHEMBL2271820,1,1,0,7.36,7.36,IC50,Culex pipiens,ChEMBL,False,False
EXT_00509,PLSOFNMUJDWSIL-ZHRRBRCNSA-N,Cc1ccccc1C(=O)N1c2ccc(F)cc2[C@@H](Nc2ccc(F)cc2)C[C@H]1C,1,CHEMBL416140,1,1,0,5.5,5.5,EC50,Aedes aegypti,ChEMBL,False,False
EXT_00510,PNBYUHCKTGODAG-UHFFFAOYSA-N,CCCONCCOc1ccc(Oc2ccccc2)cc1,1,CHEMBL2271806,1,1,0,8.28,8.28,IC50,Culex pipiens,ChEMBL,False,False
EXT_00511,PNKGVPLMWAEASD-UHFFFAOYSA-N,S=C(S)N1CCN(C(=S)S)CC1,1,CHEMBL2023728,2,2,0,9.05,8.36,Ki,Drosophila melanogaster,ChEMBL,False,False
EXT_00512,PNXYJCAJPFIKQS-UHFFFAOYSA-N,N#Cc1ccc(C2CCN(C(=S)S)CC2)cc1,1,CHEMBL2334358,2,2,0,8.43,8.16,Ki,Drosophila melanogaster,ChEMBL,False,False
EXT_00514,PPANJQUMADIAMO-UHFFFAOYSA-N,CCN1CCN(C2CCN(C(=O)COc3ccc(-c4ccc([N+](=O)[O-])cc4)cc3)CC2)CC1,1,CHEMBL4291845,3,3,0,7.1,6.96,IC50,"Aedes aegypti,Anopheles gambiae",ChEMBL,False,False
EXT_00515,PPCBEYUYYBRDHV-UHFFFAOYSA-N,Cc1cc(Cl)cc(C(=O)NC(C)C)c1NC(=O)c1cc(OCC(F)(F)F)nn1-c1ncccc1Cl,1,CHEMBL400986,2,2,0,,,LC50,"Plutella xylostella,Spodoptera frugiperda",ChEMBL,False,False
EXT_00516,PPSCUZGKELLVNH-UHFFFAOYSA-N,CCOCCCCOc1ccc(CC(C)(C)C)cc1,1,CHEMBL2272174,1,1,0,6.66,6.66,IC50,Culex pipiens,ChEMBL,False,False
EXT_00517,PQMBQNDRNVWBSB-SZNDQCEHSA-N,C[C@@H]1C[C@H](Nc2ccc(F)cc2)c2cc(F)ccc2N1C(=O)c1ccccc1F,1,CHEMBL291513,1,1,0,5.52,5.52,EC50,Aedes aegypti,ChEMBL,False,False
EXT_00518,PSHRBDVGRGWEIB-UHFFFAOYSA-N,CN(C)CCCN1C(=O)CSC1c1ccc(F)cc1F,1,CHEMBL5416845,1,1,0,5.36,5.36,IC50,Anopheles gambiae,ChEMBL,False,False
EXT_00519,PSOVNZZNOMJUBI-UHFFFAOYSA-N,CNC(=O)c1cc(Cl)cc(C)c1NC(=O)c1cc(Br)nn1-c1ncccc1Cl,1,CHEMBL399318,4,4,0,10.3,8.850000000000001,"EC50,LC50","Drosophila melanogaster,Plutella xylostella,Spodoptera frugiperda",ChEMBL,False,False
EXT_00520,PSRFKHITIJTTIS-UHFFFAOYSA-N,FC1Cc2cn(-c3c(Cl)cc(C(F)(F)F)cc3Cl)nc2C1F,1,CHEMBL204682,1,1,0,6.7,6.7,IC50,Musca domestica,ChEMBL,False,False
EXT_00521,PSVNMHOGBBNLEF-UHFFFAOYSA-N,CC(C)COCCOc1ccc(Cc2ccccc2)cc1,1,CHEMBL2272155,1,1,0,8.07,8.07,IC50,Culex pipiens,ChEMBL,False,False
EXT_00523,PUKQUTSJNLMGLT-UHFFFAOYSA-N,COc1ccccc1C(=O)N(NC(=O)c1ccccc1)C(C)(C)C,1,CHEMBL2228437,2,1,1,5.42,5.42,EC50,Drosophila melanogaster,ChEMBL,False,False
EXT_00524,PVISOQWZTUCSOW-LFYBBSHMSA-N,NC(=S)N/N=C/COc1ccc(Br)cc1,1,CHEMBL3589425,1,1,0,,,LC50,Aedes aegypti,ChEMBL,False,False
EXT_00525,PWDGTQXZLNDOKS-UHFFFAOYSA-N,NS(=O)(=O)c1nnc(NS(=O)(=O)c2ccccc2)s1,1,CHEMBL73962,1,1,0,8.01,8.01,Ki,Anopheles gambiae,ChEMBL,False,False
EXT_00527,PWOGNIVTTMGRHR-UHFFFAOYSA-N,CCCN(C)CCCOc1ccc(Oc2ccccc2)cc1,1,CHEMBL2271823,1,1,0,7.93,7.93,IC50,Culex pipiens,ChEMBL,False,False
EXT_00529,PXYLKSPZXNBOGO-UHFFFAOYSA-N,CCOP(=O)(OCC)SCCCCCCCCCCSP(=O)(OCC)OCC,1,CHEMBL2252846,2,1,1,5.75,5.75,IC50,"Drosophila melanogaster,Musca domestica",ChEMBL,False,False
EXT_00530,PYGCFNZDSHYQIS-UHFFFAOYSA-N,CCc1ccc(C(=O)NN(C(=O)c2ccccc2Cl)C(C)(C)C)cc1,1,CHEMBL2286720,3,2,1,7.89,6.66,"EC50,IC50","Drosophila melanogaster,Spodoptera frugiperda",ChEMBL,False,False
EXT_00531,PYNKNBFKASFTKP-UHFFFAOYSA-N,CCC(CC)Cc1ccc(OCCNC(=O)NC(C)C)cc1,1,CHEMBL2272168,1,1,0,6.97,6.97,IC50,Culex pipiens,ChEMBL,False,False
EXT_00533,PZAHEYNFUFWABS-UHFFFAOYSA-N,O=C(O)CCc1nc(-c2ccc(Cl)cc2)no1,1,CHEMBL1520624,1,1,0,,,LC50,Aedes aegypti,ChEMBL,False,False
EXT_00534,PZDOWCZNZUHZRY-UHFFFAOYSA-N,CCOP(=O)(OCC)SCCCSP(=O)(OCC)OCC,1,CHEMBL2252724,2,1,1,5.79,5.140000000000001,IC50,"Drosophila melanogaster,Musca domestica",ChEMBL,False,False
EXT_00535,PZPPOCZWRGNKIR-PNVYSBBASA-N,CN1C(=O)[C@@]23C[C@]4([C@]56C[C@@]78SS[C@@](CO)(C(=O)N7[C@H]5Nc5ccccc56)N(C)C8=O)c5ccccc5N[C@@H]4N2C(=O)[C@]1(CO)SS3,1,CHEMBL1089316,4,4,0,6.22,6.22,IC50,Drosophila melanogaster,ChEMBL,False,False
EXT_00536,PZPUNRPKNAMFOI-XDHOZWIPSA-N,C=CCO/N=C/COc1ccc(Cc2ccccc2)cc1,1,CHEMBL2271778,1,1,0,8.14,8.14,IC50,Culex pipiens,ChEMBL,False,False
EXT_00537,PZRKZXKZLKHADY-UHFFFAOYSA-N,CC(C)NC(=O)c1cccc(Cl)c1NC(=O)c1cc(C(F)(F)F)nn1-c1ncccc1Cl,1,CHEMBL436286,2,2,0,,,LC50,"Plutella xylostella,Spodoptera frugiperda",ChEMBL,False,False
EXT_00539,QBBBAIKILBQEET-UHFFFAOYSA-N,CCCOCCCOc1ccc(CC(C)C)cc1,1,CHEMBL2271830,1,1,0,7.86,7.86,IC50,Culex pipiens,ChEMBL,False,False
EXT_00540,QBOYFUNEVAOEDI-UHFFFAOYSA-N,CCOP(=O)(OCC)SCCCN1C(=O)c2ccccc2C1=O,1,CHEMBL2252847,2,1,1,5.08,5.08,IC50,"Drosophila melanogaster,Musca domestica",ChEMBL,False,False
EXT_00542,QCAWEPFNJXQPAN-UHFFFAOYSA-N,COc1cccc(C(=O)NN(C(=O)c2cc(C)cc(C)c2)C(C)(C)C)c1C,1,CHEMBL55772,2,1,1,8.22,6.5,EC50,"Drosophila melanogaster,Spodoptera littoralis",ChEMBL,False,False
EXT_00543,QCHFTSOMWOSFHM-WPRPVWTQSA-N,CC[C@@H]1C(=O)OC[C@@H]1Cc1cncn1C,1,CHEMBL550,2,2,0,5.55,5.54,Ki,Drosophila melanogaster,ChEMBL,False,False
EXT_00544,QDFALZMZLBCVCD-HXUWFJFHSA-N,CC(C)c1cc2c(c(O)c1O)[C@@]1(C)CCCC(C)(C)C1=C(O)C2=O,1,CHEMBL488040,1,1,0,,,LD50,Spodoptera littoralis,ChEMBL,False,False
EXT_00545,QEINCZRZFQRACL-SZNDQCEHSA-N,C[C@@H]1C[C@H](Nc2ccc(F)cc2)c2cc(F)ccc2N1C(=O)c1cccc(C(F)(F)F)c1,1,CHEMBL301460,1,1,0,6.0,6.0,EC50,Aedes aegypti,ChEMBL,False,False
EXT_00546,QEIZHWRVSXPSIZ-UHFFFAOYSA-N,CC(C)(C)N(NC(=O)c1ccc(Cl)cc1)C(=O)c1ccccc1Cl,1,CHEMBL2286752,2,1,1,6.89,5.49,"EC50,IC50","Drosophila melanogaster,Spodoptera frugiperda",ChEMBL,False,False
EXT_00547,QEJBPAFVVLKQEO-UHFFFAOYSA-N,COc1cc(C(=O)Nc2c(C)cc(Cl)cc2C(=O)NC(C)C)n(-c2ncccc2Cl)n1,1,CHEMBL248979,2,2,0,,,LC50,"Plutella xylostella,Spodoptera frugiperda",ChEMBL,False,False
EXT_00548,QEQVAZBDYOYPKU-UHFFFAOYSA-N,CCC(CC)Cc1ccc(OCCCNC(=O)OC)cc1,1,CHEMBL2272166,1,1,0,6.31,6.31,IC50,Culex pipiens,ChEMBL,False,False
EXT_00549,QFRQTCDVQNVWDI-SUNZBBGGSA-N,CSCC[C@@H]1NC(=O)[C@H](CC(=O)O)NC(=O)[C@H](CCC(=O)O)NC(=O)[C@@H]2CSSC[C@H](NC(=O)[C@@H](N)Cc3ccc(O)cc3)C(=O)N[C@@H](CCC(N)=O)C(=O)N[C@@H](CCCCN)C(=O)N[C@@H](Cc3ccccc3)C(=O)N[C@@H](CC(C)C)C(=O)N[C@@H](Cc3c[nH]c4ccccc34)C(=O)N[C@@H]([C@@H](C)O)C(=O)N[C@H]3CSSC[C@H](NC(=O)[C@H](C(C)C)NC1=O)C(=O)N[C@@H](CCC(=O)O)C(=O)N[C@@H](CC(C)C)C(=O)N[C@@H](Cc1c[nH]c4ccccc14)C(=O)N[C@H](C(=O)N[C@@H](CCCCN)C(=O)N[C@@H](CC(C)C)C(=O)N[C@@H](CCC(=O)O)C(=O)N[C@@H](CCCCN)C(=O)O)CSSC[C@H](NC(=O)[C@H](CCCCN)NC(=O)[C@H](CCCNC(=N)N)NC(=O)[C@H](CCC(=O)O)NC(=O)[C@H]([C@@H](C)O)NC(=O)[C@H](CC(=O)O)NC3=O)C(=O)N2,1,CHEMBL2272094,2,2,0,8.43,8.43,IC50,Blattella germanica,ChEMBL,False,False
EXT_00550,QHWQWBYJHQZNNS-UHFFFAOYSA-N,CCOCCCCOc1ccc(CC(C)C)cc1,1,CHEMBL2271831,1,1,0,6.48,6.48,IC50,Culex pipiens,ChEMBL,False,False
EXT_00552,QKKGIWCQYWBTKC-UHFFFAOYSA-N,CCC(CC)Cc1ccc(OCCCOCC(C)C)cc1,1,CHEMBL2271841,1,1,0,8.81,8.81,IC50,Culex pipiens,ChEMBL,False,False
EXT_00553,QKZSBNXJAFWXQB-UHFFFAOYSA-N,COCCCCCOc1ccc(CC(C)(C)C)cc1,1,CHEMBL2272175,1,1,0,5.29,5.29,IC50,Culex pipiens,ChEMBL,False,False
EXT_00554,QLEWKHFBRQHELK-CIAFOILYSA-N,Cc1cccc(Cc2ccc(OCC/C=N/OC(C)C)cc2)c1,1,CHEMBL2271825,1,1,0,10.06,10.06,IC50,Culex pipiens,ChEMBL,False,False
EXT_00555,QNQITXCXUKBZRB-UHFFFAOYSA-N,CCCCCCCC(F)(F)C(=O)C(F)(F)F,1,CHEMBL153015,1,1,0,8.28,8.28,IC50,Drosophila melanogaster,ChEMBL,False,False
EXT_00556,QNSLBNMSETUZJN-UHFFFAOYSA-N,N#C/N=C1\NCCN1Cc1ccc(Cl)nc1,1,CHEMBL2251976,1,1,0,7.77,7.77,Ki,Musca domestica,ChEMBL,False,False
EXT_00559,QQFAZFZNLZJZBT-OQLLNIDSSA-N,CCN(Cc1ccc(Cl)nc1)/C(C)=N/C#N,1,CHEMBL2287445,1,1,0,5.52,5.52,EC50,Musca domestica,ChEMBL,False,False
EXT_00560,QQRCKFXFWQIUGK-UHFFFAOYSA-N,CNC(=O)c1cc(Cl)cc(C)c1NC(=O)c1cc(C(F)(F)F)nn1-c1ncccc1Cl,1,CHEMBL398611,2,2,0,,,LC50,"Plutella xylostella,Spodoptera frugiperda",ChEMBL,False,False
EXT_00561,QRLRFPYGSKBZBY-UHFFFAOYSA-N,CCCOCCCOc1ccc(OC(CC)CC)cc1,1,CHEMBL2271838,1,1,0,6.8,6.8,IC50,Culex pipiens,ChEMBL,False,False
EXT_00562,QTOSDEKHSYHUAT-UHFFFAOYSA-N,CCCCCC[Se](=O)CC(=O)C(F)(F)F,1,CHEMBL155514,1,1,0,9.27,9.27,IC50,Drosophila melanogaster,ChEMBL,False,False
EXT_00563,QUIUXACFUWSXQF-UHFFFAOYSA-N,Cc1cccc(C(=O)NC(C)C)c1NC(=O)c1cc(C(F)(F)F)nn1-c1ccccc1,1,CHEMBL198547,2,2,0,,,LC50,"Plutella xylostella,Spodoptera frugiperda",ChEMBL,False,False
EXT_00565,QWJQWXDSWXGISZ-UHFFFAOYSA-N,CCCC(C)n1cc(C(=O)C(F)(F)F)cn1,1,CHEMBL3623550,2,2,0,8.69,8.559999999999999,IC50,Anopheles gambiae,ChEMBL,False,False
EXT_00566,QWLJZMGMBXLORJ-UHFFFAOYSA-N,CCCCCC[Se](=O)(=O)CC(=O)C(F)(F)F,1,CHEMBL155513,1,1,0,7.44,7.44,IC50,Drosophila melanogaster,ChEMBL,False,False
EXT_00567,QWMOICYFNUPSCG-UHFFFAOYSA-N,CCCNCCCOc1ccc(Oc2ccccc2)cc1,1,CHEMBL2271819,1,1,0,7.68,7.68,IC50,Culex pipiens,ChEMBL,False,False
EXT_00569,QXSMVCGTOSHISL-UHFFFAOYSA-N,CCCCc1ccc(C(=O)NN(C(=O)c2ccccc2OCC)C(C)(C)C)cc1,1,CHEMBL2286447,1,1,0,5.11,5.11,EC50,Spodoptera littoralis,ChEMBL,False,False
EXT_00570,QYPNKSZPJQQLRK-UHFFFAOYSA-N,CCc1ccc(C(=O)NN(C(=O)c2cc(C)cc(C)c2)C(C)(C)C)cc1,1,CHEMBL226968,6,6,0,8.66,6.699999999999999,"EC50,Ki","Aedes aegypti,Drosophila melanogaster,Lucilia cuprina,Spodoptera littoralis",ChEMBL,False,False
EXT_00571,QYQDDTYKNXOHKG-UHFFFAOYSA-N,CCCC(C)n1cc(C(=O)C(F)F)cn1,1,CHEMBL3623557,2,2,0,7.63,7.585,IC50,Anopheles gambiae,ChEMBL,False,False
EXT_00572,QYYXITIZXRMPSZ-UHFFFAOYSA-N,CCc1c(OC)cccc1C(=O)NN(C(=O)c1cc(C)cc(C)c1)C(C)(C)C,1,CHEMBL55436,1,1,0,6.36,6.36,EC50,Aedes aegypti,ChEMBL,False,False
EXT_00574,QZSDRCNPRWAUTO-UHFFFAOYSA-N,CC(O)(C#N)C1CC1,1,CHEMBL2271407,1,1,0,,,LC50,Musca domestica,ChEMBL,False,False
EXT_00575,RAUUISLVMFNBHF-ZHRRBRCNSA-N,Cc1ccc(C(=O)N2c3ccc(F)cc3[C@@H](Nc3ccc(F)cc3)C[C@H]2C)cc1,1,CHEMBL57114,1,1,0,6.06,6.06,EC50,Aedes aegypti,ChEMBL,False,False
EXT_00580,RDYMFSUJUZBWLH-IOPZMNTHSA-N,O=S1OC[C@@H]2[C@H](CO1)[C@@]1(Cl)C(Cl)=C(Cl)[C@]2(Cl)C1(Cl)Cl,1,CHEMBL1890408,1,1,0,8.0,8.0,IC50,Musca domestica,ChEMBL,False,False
EXT_00581,REWNSLVXVLBEQF-HJWRWDBZSA-N,Cc1cn(C/C=C\COC(c2ccccc2)(c2ccccc2)c2ccc(Cl)cc2)c(=O)[nH]c1=O,1,CHEMBL373997,1,1,0,5.24,5.24,IC50,Drosophila melanogaster,ChEMBL,False,False
EXT_00582,RFLAKLPDKRJBNX-UHFFFAOYSA-N,CCOP(=O)(OCC)SCCCCCCCCCSP(=O)(OCC)OCC,1,CHEMBL2252845,2,1,1,5.84,5.84,IC50,"Drosophila melanogaster,Musca domestica",ChEMBL,False,False
EXT_00584,RGICYNKHSDSDTE-UHFFFAOYSA-N,CNC(=O)c1ccc(C(OCCCCCCn2cc(C)c(=O)[nH]c2=O)(c2ccccc2)c2ccccc2)cc1,1,CHEMBL219299,1,1,0,5.46,5.46,IC50,Drosophila melanogaster,ChEMBL,False,False
EXT_00586,RHEABVUOLZOFCR-UHFFFAOYSA-N,O=[N+]([O-])/N=C1\NCOCN1Cc1ccc(Cl)nc1,1,CHEMBL2269823,3,3,0,7.85,7.82,IC50,"Drosophila melanogaster,Musca domestica",ChEMBL,False,False
EXT_00588,RIQWCSUNJYMQFI-UHFFFAOYSA-N,Cc1cc(C)cc(C(=O)N(NC(=O)c2ccccc2)C(C)(C)C)c1,1,CHEMBL2228438,2,1,1,6.3,5.24,EC50,"Drosophila melanogaster,Spodoptera littoralis",ChEMBL,False,False
EXT_00589,RJPKXYJWDKGKGW-UHFFFAOYSA-N,CCCCCCN(CCCCCC)C(=S)S,1,CHEMBL2023722,2,2,0,8.85,8.635,Ki,Drosophila melanogaster,ChEMBL,False,False
EXT_00590,RKFXZRRJPRUWET-WUXMJOGZSA-N,C/C(=N\C#N)N(C)Cc1cnc(Cl)s1,1,CHEMBL2269820,1,1,0,6.81,6.81,IC50,Drosophila melanogaster,ChEMBL,False,False
EXT_00592,RLSQXMJPNPUPPZ-UHFFFAOYSA-N,N=c1sccn1Cc1ccc(Cl)nc1,1,CHEMBL72675,1,1,0,6.73,6.73,IC50,Drosophila melanogaster,ChEMBL,False,False
EXT_00594,RMHMFHUVIITRHF-UHFFFAOYSA-N,CN1CCN(CC(=O)N2c3ccccc3C(=O)Nc3cccnc32)CC1,1,CHEMBL9967,2,2,0,6.41,6.390000000000001,Ki,Drosophila melanogaster,ChEMBL,False,False
EXT_00595,RNBWAEDCPRUHDB-UHFFFAOYSA-N,CC(C)(C)N(NC(=O)c1ccc([N+](=O)[O-])cc1)C(=O)c1ccccc1Cl,1,CHEMBL2287465,1,1,0,6.42,6.42,IC50,Spodoptera frugiperda,ChEMBL,False,False
EXT_00596,RNXXIKOZHJKKPF-UTKZUKDTSA-N,C[C@@H]1C[C@H](Nc2ccccc2)c2ccccc2N1C(=O)c1ccccc1,1,CHEMBL59018,1,1,0,5.95,5.95,EC50,Aedes aegypti,ChEMBL,False,False
EXT_00598,ROKABDFXVUGFFO-UHFFFAOYSA-N,CCC(CC)Cc1ccc(OCCONC(C)C)cc1,1,CHEMBL2272192,1,1,0,8.66,8.66,IC50,Culex pipiens,ChEMBL,False,False
EXT_00599,ROMPPAWVATWIKR-UHFFFAOYSA-N,O=C(O)CCCc1nc(-c2ccc(Cl)cc2)no1,1,CHEMBL1466222,2,2,0,,,LC50,Aedes aegypti,ChEMBL,False,False
EXT_00600,ROYSJTCXIAEDDB-UHFFFAOYSA-N,CCN1CCN(CCCNC(=O)COc2ccc(-c3ccccc3)cc2)CC1,1,CHEMBL4295165,3,2,1,5.48,5.46,IC50,"Aedes aegypti,Anopheles gambiae",ChEMBL,False,False
EXT_00601,RPMBYDYUVKEZJA-UHFFFAOYSA-N,COc1ccccc1CNCCCCCCNCCCCCCCCNCCCCCCNCc1ccccc1OC,1,CHEMBL500996,2,2,0,5.54,5.475,Ki,Drosophila melanogaster,ChEMBL,False,False
EXT_00602,RPOYGOULCHMVBB-ADDDGJNWSA-N,CC(C)CNC(=O)/C=C/C=C/CCCC/C=C/c1ccc2c(c1)OCO2,1,CHEMBL257943,1,1,0,,,LC50,Aedes aegypti,ChEMBL,False,False
EXT_00603,RPYIFLNKXOBNLG-UHFFFAOYSA-N,FC1CCc2nn(-c3c(Cl)cc(C(F)(F)F)cc3Cl)cc21,1,CHEMBL206241,1,1,0,5.77,5.77,IC50,Musca domestica,ChEMBL,False,False
EXT_00606,RSKVCDAZZIAFIP-UHFFFAOYSA-N,CCCCN(C)CCOc1ccc(Oc2ccccc2)cc1,1,CHEMBL2271822,1,1,0,7.23,7.23,IC50,Culex pipiens,ChEMBL,False,False
EXT_00607,RSLMFTSJRXSAOA-UHFFFAOYSA-N,Cc1cc(C)cc(C(=O)N(NC(=O)c2cccc(C)c2C)C(C)(C)C)c1,1,CHEMBL2228849,1,1,0,7.79,7.79,EC50,Spodoptera littoralis,ChEMBL,False,False
EXT_00609,RUXHRNZZERQELK-WQLSENKSSA-N,N#C/N=C1\SCCN1Cc1cnc(Cl)s1,1,CHEMBL2269821,1,1,0,7.03,7.03,IC50,Drosophila melanogaster,ChEMBL,False,False
EXT_00610,RVPXPNCGYMMUPY-ZHRRBRCNSA-N,Cc1cccc(C(=O)N2c3ccc(F)cc3[C@@H](Nc3ccc(F)cc3)C[C@H]2C)c1,1,CHEMBL294491,1,1,0,5.87,5.87,EC50,Aedes aegypti,ChEMBL,False,False
EXT_00611,RWCXVVGXLHJNHB-UHFFFAOYSA-N,CCOC(=O)NCCOc1ccc(CC(CC)CC)cc1,1,CHEMBL2272163,1,1,0,7.54,7.54,IC50,Culex pipiens,ChEMBL,False,False
EXT_00612,RWFNXDKCMKCVNP-UHFFFAOYSA-N,CCC(CC)Cc1ccc(OCCCOC(=O)N(C)C)cc1,1,CHEMBL2272161,1,1,0,7.77,7.77,IC50,Culex pipiens,ChEMBL,False,False
EXT_00614,RYYRNTOJTBSRIT-HCTXVGCHSA-N,O=[N+]([O-])/N=C1\N(CCCCCCN2CCN(Cc3ccc(Cl)nc3)/C2=N/[N+](=O)[O-])CCN1Cc1ccc(Cl)nc1,1,CHEMBL2271613,1,1,0,5.51,5.51,IC50,Musca domestica,ChEMBL,False,False
EXT_00615,RZEKVGVHFLEQIL-UHFFFAOYSA-N,Cc1ccc(-c2cc(C(F)(F)F)nn2-c2ccc(S(N)(=O)=O)cc2)cc1,1,CHEMBL118,1,1,0,6.76,6.76,Ki,Anopheles gambiae,ChEMBL,False,False
EXT_00619,SBHPEUWRJADCDI-UHFFFAOYSA-N,CCONCCCOc1ccc(Oc2ccccc2)cc1,1,CHEMBL2271809,1,1,0,9.53,9.53,IC50,Culex pipiens,ChEMBL,False,False
EXT_00620,SBPBAQFWLVIOKP-UHFFFAOYSA-N,CCOP(=S)(OCC)Oc1nc(Cl)c(Cl)cc1Cl,1,CHEMBL463210,2,2,0,5.74,5.38,IC50,"Drosophila melanogaster,Musca domestica",ChEMBL,False,False
EXT_00628,SETFNECMODOHTO-UHFFFAOYSA-N,NS(=O)(=O)c1ccc(S(=O)(=O)Nc2cccc3c(Cl)c[nH]c23)cc1,1,CHEMBL77517,1,1,0,6.65,6.65,Ki,Anopheles gambiae,ChEMBL,False,False
EXT_00629,SFFKKWQHDLGIQB-HQYFERETSA-N,CSCC[C@@H]1NC(=O)[C@H](CCCCN)NC(=O)[C@H](Cc2ccccc2)NC(=O)[C@H](CCC(N)=O)NC(=O)[C@@H](NC(=O)[C@@H](N)Cc2ccc(O)cc2)CSSC[C@@H]2NC(=O)[C@@H]3CSSC[C@@H](C(=O)N[C@@H](CCCCN)C(=O)N[C@@H](CC(C)C)C(=O)N[C@@H](CC(N)=O)C(=O)N[C@@H](CC(C)C)C(=O)O)NC(=O)[C@H](Cc4c[nH]c5ccccc45)NC(=O)[C@H](CC(C)C)NC(=O)[C@H](CCCNC(=N)N)NC(=O)[C@H](CSSC[C@H](NC(=O)[C@H]([C@@H](C)O)NC(=O)[C@H](Cc4c[nH]c5ccccc45)NC1=O)C(=O)N[C@@H](CC(=O)O)C(=O)N[C@@H](CO)C(=O)N[C@@H](CCC(=O)O)C(=O)N[C@@H](CCCNC(=N)N)C(=O)N[C@@H](CCCCN)C(=O)N3)NC(=O)[C@H](C(C)C)NC(=O)[C@H](CCSC)NC(=O)[C@H](CC(=O)O)NC(=O)[C@H](CCC(=O)O)NC2=O,1,CHEMBL2272096,2,2,0,7.72,7.665,IC50,Blattella germanica,ChEMBL,False,False
EXT_00631,SGLADPJLVFJEPA-UHFFFAOYSA-N,CCN1CCN(C2CCN(C(=O)COc3ccc(-c4ccccc4F)cc3)CC2)CC1,1,CHEMBL4276694,3,3,0,6.66,6.62,IC50,"Aedes aegypti,Anopheles gambiae",ChEMBL,False,False
EXT_00634,SHJGYGDSHYNHFN-UHFFFAOYSA-N,Cc1cc(C)c(Cl)c(C(=O)N(NC(=O)c2ccccc2)C(C)(C)C)c1,1,CHEMBL2286437,1,1,0,5.76,5.76,EC50,Spodoptera littoralis,ChEMBL,False,False
EXT_00635,SHUQFXIRXYXNOZ-HCFISPQYSA-N,NC(=S)N/N=C/C=C/c1ccccc1,1,CHEMBL1276230,1,1,0,,,LC50,Aedes aegypti,ChEMBL,False,False
EXT_00638,SJSTZEWGUCLUTP-UHFFFAOYSA-N,CC(C)Cn1cc(C(=O)C(F)F)cn1,1,CHEMBL3623560,2,2,0,5.52,5.46,IC50,Anopheles gambiae,ChEMBL,False,False
EXT_00639,SJUVAGITOHZCSM-UHFFFAOYSA-N,CNC(=O)c1cc(Br)cc(C)c1NC(=O)c1cc(Br)nn1-c1ncccc1Cl,1,CHEMBL398819,2,2,0,,,LC50,"Plutella xylostella,Spodoptera frugiperda",ChEMBL,False,False
EXT_00641,SLNCTQCXEXOORY-UHFFFAOYSA-N,CO/N=C1/NCCN(Cc2ccc(Cl)nc2)C1=O,1,CHEMBL2272694,1,1,0,5.82,5.82,Ki,Musca domestica,ChEMBL,False,False
EXT_00643,SNICXCGAKADSCV-JTQLQIEISA-N,CN1CCC[C@H]1c1cccnc1,1,CHEMBL3,5,3,2,5.61,5.485,"IC50,Ki","Drosophila melanogaster,Musca domestica",ChEMBL,False,False
EXT_00645,SOMABUKUCYKKGW-LDADJPATSA-N,CCC(CC)Cc1ccc(OCCC/C=N/OC)cc1,1,CHEMBL2272182,1,1,0,6.66,6.66,IC50,Culex pipiens,ChEMBL,False,False
EXT_00646,SPHRJZBOFYIKMC-UHFFFAOYSA-N,C#CCOC(=O)C1=CCCN(C)C1,1,CHEMBL128365,2,2,0,5.35,5.3149999999999995,Ki,Drosophila melanogaster,ChEMBL,False,False
EXT_00647,SPIZWORIBFYOLU-UHFFFAOYSA-N,Cc1cc(C)c(Cl)c(C(=O)N(NC(=O)c2ccc3c(c2C)CCCO3)C(C)(C)C)c1,1,CHEMBL2286444,1,1,0,7.17,7.17,EC50,Spodoptera littoralis,ChEMBL,False,False
EXT_00648,SPPVMUZAHPHXGG-LICLKQGHSA-N,CCO/N=C/COc1ccc(Oc2cccc([N+](=O)[O-])c2)cc1,1,CHEMBL2271469,1,1,0,7.75,7.75,IC50,Culex pipiens,ChEMBL,False,False
EXT_00649,SQPJEYFWFWRQGM-UHFFFAOYSA-N,CCOP(=O)(OCC)SCCCCCCCCSP(=O)(OCC)OCC,1,CHEMBL2252844,2,1,1,5.32,5.32,IC50,"Drosophila melanogaster,Musca domestica",ChEMBL,False,False
EXT_00650,SRDGVWFRHBVJPL-HNNXBMFYSA-N,CC(C)CN1C[C@H](CCCCN)NC(=S)c2nn(CC(C)C)cc21,1,CHEMBL3974271,1,1,0,5.17,5.17,EC50,Drosophila melanogaster,ChEMBL,False,False
EXT_00654,STECJAGHUSJQJN-FWXGHANASA-N,CN1[C@@H]2C[C@@H](OC(=O)[C@H](CO)c3ccccc3)C[C@H]1[C@@H]1O[C@@H]12,1,CHEMBL2251240,2,2,0,9.15,9.055,Ki,Drosophila melanogaster,ChEMBL,False,False
EXT_00655,STRMCUCFXKFYOH-WTMPVAMOSA-N,CC(C)(CCN1CCN(Cc2ccc(Cl)nc2)/C1=N\[N+](=O)[O-])CCN1CCN(Cc2ccc(Cl)nc2)/C1=N\[N+](=O)[O-],1,CHEMBL2252352,1,1,0,5.84,5.84,Ki,Musca domestica,ChEMBL,False,False
EXT_00656,SUVXWDJZJAVWEA-UHFFFAOYSA-N,O=C(O)Cc1nc(-c2ccc(Cl)cc2)no1,1,CHEMBL495441,1,1,0,,,LC50,Aedes aegypti,ChEMBL,False,False
EXT_00657,SWFSQBYUUPKVJP-UHFFFAOYSA-N,CCC(CC)Cc1ccc(OCCCCCOC)cc1,1,CHEMBL2271840,1,1,0,5.71,5.71,IC50,Culex pipiens,ChEMBL,False,False
EXT_00658,SWHRDLPFZQFSLS-UHFFFAOYSA-N,C/N=C(\NCc1ccc(Cl)nc1)N[N+](=O)[O-],1,CHEMBL148390,4,4,0,8.36,8.14,"IC50,Ki","Drosophila melanogaster,Musca domestica",ChEMBL,False,False
EXT_00659,SXFBNFBHSBQUPU-UHFFFAOYSA-N,CCc1ccc(C(=O)NN(C(=O)c2cc(C)cc(C)c2Cl)C(C)(C)C)cc1,1,CHEMBL2286438,1,1,0,6.47,6.47,EC50,Spodoptera littoralis,ChEMBL,False,False
EXT_00660,SYMPEVQAJKXDTI-UHFFFAOYSA-N,O=[N+]([O-])/N=C1\NCCN1Cc1cnc(Cl)c(Br)c1,1,CHEMBL2287706,1,1,0,6.82,6.82,IC50,Musca domestica,ChEMBL,False,False
EXT_00661,SZRLKIKBPASKQH-UHFFFAOYSA-N,CCCCN(CCCC)C(=S)S,1,CHEMBL2023721,2,2,0,9.3,8.535,Ki,Drosophila melanogaster,ChEMBL,False,False
EXT_00664,TVWURRDFHQMXFZ-UHFFFAOYSA-N,CCCC12COP(=S)(OC1)OC2,1,CHEMBL2287385,1,1,0,6.0,6.0,IC50,Blattella germanica,ChEMBL,False,False
EXT_00666,TWWYTFSPZFZEBO-UHFFFAOYSA-N,CCC(CC)Cc1ccc(OCCNC(=O)OC(C)C)cc1,1,CHEMBL2272164,1,1,0,8.12,8.12,IC50,Culex pipiens,ChEMBL,False,False
EXT_00668,TZJUVBVCSBZHNP-UHFFFAOYSA-N,C=C1C(CCCC)=C(C#N)C(=O)N1c1cccc(Cl)c1C,1,CHEMBL1254864,1,1,0,5.08,5.08,IC50,Lucilia cuprina,ChEMBL,False,False
EXT_00669,UAIPWDDSFDCVDX-WOJGMQOQSA-N,CCO/N=C/COc1ccc(Oc2cccc(C)c2)cc1,1,CHEMBL2271800,1,1,0,8.71,8.71,IC50,Culex pipiens,ChEMBL,False,False
EXT_00670,UBKGNBOWTBTLLM-XDHOZWIPSA-N,CCC(CC)Cc1ccc(OCC/C=N/OC(C)C)cc1,1,CHEMBL2272183,1,1,0,10.76,10.76,IC50,Culex pipiens,ChEMBL,False,False
EXT_00671,UBQNRHZMVUUOMG-UHFFFAOYSA-N,NS(=O)(=O)Cc1noc2ccccc12,1,CHEMBL750,1,1,0,6.58,6.58,Ki,Anopheles gambiae,ChEMBL,False,False
EXT_00672,UBRKDAVQCKZSPO-UHFFFAOYSA-N,CCN(CC)CC1CCCCN1CC(=O)N1c2ccccc2C(=O)Nc2cccnc21,1,CHEMBL17045,2,2,0,5.91,5.885,Ki,Drosophila melanogaster,ChEMBL,False,False
EXT_00673,UCAGLBKTLXCODC-UHFFFAOYSA-N,NS(=O)(=O)c1ccc(C(=O)O)cc1,1,CHEMBL414,1,1,0,6.15,6.15,Ki,Anopheles gambiae,ChEMBL,False,False
EXT_00674,UCEUIXXYXCUUSN-FZWBFHRNSA-N,C=C[C@]1(C)CC[C@H]2C(=CC[C@@H]3[C@](C)(CO)CC[C@@H]4C[C@@]432)C1,1,CHEMBL2268883,1,1,0,,,LD50,Spodoptera frugiperda,ChEMBL,False,False
EXT_00675,UCKVIINUEAPPCZ-XDJHFCHBSA-N,CCCO/N=C(\C)COc1ccc(Oc2ccccc2)cc1,1,CHEMBL2271771,1,1,0,7.53,7.53,IC50,Culex pipiens,ChEMBL,False,False
EXT_00676,UCOPHAQUYHWUPL-WMGPEYNPSA-N,CC(=O)OC[C@]12[C@H](OC(=O)c3ccccc3)[C@H](OC(=O)c3ccccc3)[C@H]3OC(=O)C(C)(O)CCc4ncccc4C(=O)OC[C@@]4(C)O[C@@]1([C@H]3C)[C@@H](OC(C)=O)[C@@H]4C(=O)[C@@H]2OC(C)=O,1,CHEMBL4103848,1,1,0,,,LD50,Aedes aegypti,ChEMBL,False,False
EXT_00678,UDSMHPVMWUPKBV-UHFFFAOYSA-N,Cc1ccc(C(=O)NN(C(=O)c2cc(C)cc(C)c2Cl)C(C)(C)C)cc1,1,CHEMBL2286441,1,1,0,5.87,5.87,EC50,Spodoptera littoralis,ChEMBL,False,False
EXT_00679,UEHMBHOIYLPKGE-WOJGMQOQSA-N,CCO/N=C/COc1ccc(Oc2ccccc2Cl)cc1,1,CHEMBL2271798,1,1,0,6.89,6.89,IC50,Culex pipiens,ChEMBL,False,False
EXT_00680,UEQZFAGVRGWPDK-UHFFFAOYSA-N,N=C1NCCN1Cc1ccc(Cl)nc1,1,CHEMBL309804,2,2,0,6.0,5.91,"IC50,Ki",Drosophila melanogaster,ChEMBL,False,False
EXT_00682,UEXNMZMHXMVREM-UHFFFAOYSA-N,CC1(O)c2cn(-c3c(Cl)cc(C(F)(F)F)cc3Cl)nc2CC1(F)F,1,CHEMBL203278,1,1,0,7.0,7.0,IC50,Musca domestica,ChEMBL,False,False
EXT_00683,UFOAKOVSRNEJBA-UHFFFAOYSA-N,CCONCCCOc1ccc(CC(C)C)cc1,1,CHEMBL2271834,1,1,0,7.81,7.81,IC50,Culex pipiens,ChEMBL,False,False
EXT_00684,UGGNYDICJSBPEF-FYJGNVAPSA-N,CC(C)CO/N=C/CCOc1ccc(Cc2ccccc2)cc1,1,CHEMBL2271788,1,1,0,9.68,9.68,IC50,Culex pipiens,ChEMBL,False,False
EXT_00686,UHOAIESFARWLTF-UHFFFAOYSA-N,CN(C)CCCN1C(=O)CSC1c1ccc(Cl)cc1,1,CHEMBL5440621,1,1,0,6.07,6.07,IC50,Anopheles gambiae,ChEMBL,False,False
EXT_00692,ULNFTCVMWDRSGR-UHFFFAOYSA-N,CN(C)CCCN1C(=O)CSC1c1cccc(Cl)c1Cl,1,CHEMBL5401085,1,1,0,5.44,5.44,IC50,Anopheles gambiae,ChEMBL,False,False
EXT_00693,ULUYZUCREVJCJA-UHFFFAOYSA-N,COc1cc(CN2CCN/C2=N\[N+](=O)[O-])cnc1Cl,1,CHEMBL2287708,1,1,0,6.12,6.12,IC50,Musca domestica,ChEMBL,False,False
EXT_00695,UOCXTBVLUKRGQL-KTKRTIGZSA-N,CNC(=O)c1ccc(C(OC/C=C\Cn2cc(C)c(=O)[nH]c2=O)(c2ccccc2)c2ccccc2)cc1,1,CHEMBL385954,1,1,0,5.8,5.8,IC50,Drosophila melanogaster,ChEMBL,False,False
EXT_00696,UPAXYPIULKFTGB-UHFFFAOYSA-N,Cc1cccc(C(=O)NC(C)C)c1NC(=O)c1cc(C(F)(F)F)nn1C(C)C,1,CHEMBL370999,2,2,0,,,LC50,"Plutella xylostella,Spodoptera frugiperda",ChEMBL,False,False
EXT_00697,UPEZCKBFRMILAV-JMZLNJERSA-N,C[C@H]([C@H](O)CCC(C)(C)O)[C@H]1CC[C@@]2(O)C3=CC(=O)[C@@H]4C[C@@H](O)[C@@H](O)C[C@]4(C)[C@H]3CC[C@]12C,1,CHEMBL549300,1,1,0,5.59,5.59,IC50,Drosophila melanogaster,ChEMBL,False,False
EXT_00699,UPOFHUGBBSWKSH-UHFFFAOYSA-N,CCC(CC)(NC(=O)c1ccc2c(c1C)CCCO2)C(=O)c1cc(C)cc(C)c1,1,CHEMBL2286409,1,1,0,6.78,6.78,EC50,Spodoptera littoralis,ChEMBL,False,False
EXT_00700,UQTLRMAXXDCFFD-HTMKTGTPSA-N,CC(C)CC[C@@H](O)[C@](C)(O)[C@H]1CC[C@H]2[C@@H]3CC(=O)[C@H]4C[C@H](O)[C@H](O)C[C@]4(C)[C@H]3CC[C@]12C,1,CHEMBL564892,1,1,0,6.49,6.49,IC50,Drosophila melanogaster,ChEMBL,False,False
EXT_00703,UQTLRMAXXDCFFD-ODUVHUIYSA-N,CC(C)CC[C@@H](O)[C@](C)(O)[C@H]1CC[C@H]2[C@@H]3CC(=O)[C@@H]4C[C@@H](O)[C@@H](O)C[C@]4(C)[C@H]3CC[C@]12C,1,CHEMBL559048,1,1,0,7.23,7.23,IC50,Drosophila melanogaster,ChEMBL,False,False
EXT_00704,URHCSBAYTMVCGQ-UHFFFAOYSA-N,S=C(S)NCCN(CCNC(=S)S)CNC(=S)S,1,CHEMBL2334359,2,2,0,8.82,7.845000000000001,Ki,Drosophila melanogaster,ChEMBL,False,False
EXT_00705,URPNCJXZVCAHCN-UHFFFAOYSA-N,c1ccc(CONCCOc2ccc(Cc3ccccc3)cc2)cc1,1,CHEMBL2271785,1,1,0,6.75,6.75,IC50,Culex pipiens,ChEMBL,False,False
EXT_00706,USNGTWIJXFTREV-IERDGZPVSA-N,C[C@@H]1C[C@H](Nc2ccccc2)c2ccccc2N1C(=O)c1cccc(F)c1,1,CHEMBL57946,1,1,0,6.12,6.12,EC50,Aedes aegypti,ChEMBL,False,False
EXT_00707,USTQBHSSNOJGMC-UHFFFAOYSA-N,CC(O)(C#N)CF,1,CHEMBL2271410,1,1,0,,,LC50,Musca domestica,ChEMBL,False,False
EXT_00708,UVCBTACGHXDHBU-UHFFFAOYSA-N,CCC(CC)Cc1ccc(OCC(C)OC(=O)NC(C)C)cc1,1,CHEMBL2272157,1,1,0,7.95,7.95,IC50,Culex pipiens,ChEMBL,False,False
EXT_00710,UXHGLFZWHNSTGF-UHFFFAOYSA-N,CN(C)CCCN1C(=O)CSC1c1ccc(Cl)cc1Cl,1,CHEMBL5421973,2,2,0,6.0,6.0,"IC50,Ki",Anopheles gambiae,ChEMBL,False,False
EXT_00712,UZUBKBNMUGKIPL-LICLKQGHSA-N,CC/C=N/OCCOc1ccc(CC(C)(C)C)cc1,1,CHEMBL2272177,1,1,0,9.5,9.5,IC50,Culex pipiens,ChEMBL,False,False
EXT_00714,VBCVPMMZEGZULK-NRFANRHFSA-N,COC(=O)N(C(=O)N1CO[C@@]2(C(=O)OC)Cc3cc(Cl)ccc3C2=N1)c1ccc(OC(F)(F)F)cc1,1,CHEMBL197676,2,2,0,,,LC50,"Plutella xylostella,Spodoptera frugiperda",ChEMBL,False,False
EXT_00715,VBEAIKGZKGLSLL-YVLHZVERSA-N,O=C(/N=c1\sccn1Cc1ccc(Cl)nc1)C(F)(F)F,1,CHEMBL518310,2,2,0,,,LC50,Culex quinquefasciatus,ChEMBL,False,False
EXT_00716,VBRKFTSGUXSHIC-ZSOIEALJSA-N,CN1CCN(Cc2cnc(Cl)s2)/C(=N\C#N)C1=O,1,CHEMBL2272685,1,1,0,8.4,8.4,Ki,Musca domestica,ChEMBL,False,False
EXT_00717,VCJFAZFEDNUPMX-UHFFFAOYSA-N,Cc1cccc(C(=O)NC(C)C)c1NC(=O)c1cc(C(F)(F)F)nn1-c1ncccc1Cl,1,CHEMBL425573,2,2,0,,,LC50,"Plutella xylostella,Spodoptera frugiperda",ChEMBL,False,False
EXT_00719,VDDUJINYXKGZLV-UHFFFAOYSA-N,CCOC(=O)c1c(C)[nH]c2ccc3c(c12)CN1CCc2cc(OC)ccc2C1O3,1,CHEMBL59898,2,2,0,5.99,5.915,Ki,Drosophila melanogaster,ChEMBL,False,False
EXT_00721,VFUGYIGNTVWBEK-UHFFFAOYSA-N,CCC(CC)Cc1ccc(OCCCN(C)C(=O)OC)cc1,1,CHEMBL2272167,1,1,0,6.79,6.79,IC50,Culex pipiens,ChEMBL,False,False
EXT_00723,VGMVBPQOACUDRU-UHFFFAOYSA-N,Nc1nnc(S(N)(=O)=O)s1,1,CHEMBL265674,1,1,0,6.13,6.13,Ki,Anopheles gambiae,ChEMBL,False,False
EXT_00724,VHFPPNOCTTYTFK-UHFFFAOYSA-N,CC(C)(C)N(NC(=O)c1ccc(C(F)(F)F)cc1)C(=O)c1ccccc1Cl,1,CHEMBL2287464,1,1,0,6.96,6.96,IC50,Spodoptera frugiperda,ChEMBL,False,False
EXT_00725,VLSZWXFKEIUTAT-UHFFFAOYSA-N,CCCCCCNCC(=O)C(F)(F)F,1,CHEMBL153080,1,1,0,7.13,7.13,IC50,Drosophila melanogaster,ChEMBL,False,False
EXT_00726,VLXXFDPCPAWVTE-UHFFFAOYSA-N,O=C1/C(=N\O)NCCN1Cc1ccc(Cl)nc1,1,CHEMBL2272693,1,1,0,5.48,5.48,Ki,Musca domestica,ChEMBL,False,False
EXT_00727,VMEHOTODTPXCKT-UHFFFAOYSA-N,CCC(C)(O)C#N,1,CHEMBL2271409,1,1,0,,,LC50,Musca domestica,ChEMBL,False,False
EXT_00728,VMFPETLDGPXOHU-UHFFFAOYSA-N,CC(C)CS(=O)(=O)c1nc(OS(C)(=O)=O)cs1,1,CHEMBL2286262,1,1,0,9.01,9.01,IC50,Musca domestica,ChEMBL,False,False
EXT_00729,VNCBMMLGXJPFJS-DJKKODMXSA-N,CCO/N=C/COc1ccc(Oc2cc(C)cc(C)c2)cc1,1,CHEMBL2271768,1,1,0,7.98,7.98,IC50,Culex pipiens,ChEMBL,False,False
EXT_00731,VPCDJHVPOWBSRU-UHFFFAOYSA-N,CNC(=O)c1cc(I)cc(C)c1NC(=O)c1cc(C(F)(F)F)nn1-c1ncccc1Cl,1,CHEMBL251207,2,2,0,,,LC50,"Plutella xylostella,Spodoptera frugiperda",ChEMBL,False,False
EXT_00732,VSAZMHWIUAZWGB-UHFFFAOYSA-N,O=C(c1cnn(C2CCCC2)c1)C(F)(F)F,1,CHEMBL3623552,2,2,0,8.81,8.675,IC50,Anopheles gambiae,ChEMBL,False,False
EXT_00733,VSECEWAIAJHRGJ-UHFFFAOYSA-N,C1=C(c2cccnc2)NCC1,1,CHEMBL2286829,2,1,1,5.72,5.72,"IC50,Ki",Musca domestica,ChEMBL,False,False
EXT_00734,VSFGSJMNPXPMSA-XDHOZWIPSA-N,C#CCO/N=C/COc1ccc(Cc2ccccc2)cc1,1,CHEMBL2271467,1,1,0,7.46,7.46,IC50,Culex pipiens,ChEMBL,False,False
EXT_00735,VSWDORGPIHIGNW-UHFFFAOYSA-N,S=C(S)N1CCCC1,1,CHEMBL2021946,2,2,0,8.33,7.6,Ki,Drosophila melanogaster,ChEMBL,False,False
EXT_00736,VUEPZCBFZYCVMA-UHFFFAOYSA-N,CCOP(=O)(OCC)SCCCCCCSP(=O)(OCC)OCC,1,CHEMBL2252842,2,2,0,6.06,5.555,IC50,"Drosophila melanogaster,Musca domestica",ChEMBL,False,False
EXT_00739,VVNORTPFZQGSDM-XDHOZWIPSA-N,CCO/N=C/CCOc1ccc(Oc2cccc(C)c2)cc1,1,CHEMBL2271792,1,1,0,9.46,9.46,IC50,Culex pipiens,ChEMBL,False,False
EXT_00740,VWUXTQITZZGXTQ-UHFFFAOYSA-N,CC(C)(C)N(NC(=O)c1ccccc1)C(=O)c1ccccc1Br,1,CHEMBL2286737,2,1,1,6.1,5.095,EC50,Drosophila melanogaster,ChEMBL,False,False
EXT_00742,WCGUUGGRBIKTOS-GPOJBZKASA-N,C[C@H]1[C@H](C)CC[C@]2(C(=O)O)CC[C@]3(C)C(=CC[C@@H]4[C@@]5(C)CC[C@H](O)C(C)(C)[C@@H]5CC[C@]43C)[C@H]12,1,CHEMBL169,1,1,0,,,LD50,Spodoptera frugiperda,ChEMBL,False,False
EXT_00743,WCXDHFDTOYPNIE-RIYZIHGNSA-N,C/C(=N\C#N)N(C)Cc1ccc(Cl)nc1,1,CHEMBL265941,3,3,0,8.14,8.08,"EC50,IC50,Ki","Drosophila melanogaster,Musca domestica",ChEMBL,False,False
EXT_00745,WDOUSRDVKPFXSK-UHFFFAOYSA-N,CCCCCc1ccc(C(=O)NN(C(=O)c2ccccc2Cl)C(C)(C)C)cc1,1,CHEMBL2286446,1,1,0,6.49,6.49,EC50,Spodoptera littoralis,ChEMBL,False,False
EXT_00746,WFFUDTYVTBFFSS-WOJGMQOQSA-N,CCO/N=C/COc1ccc(Oc2ccc(F)cc2)cc1,1,CHEMBL2271475,1,1,0,7.58,7.58,IC50,Culex pipiens,ChEMBL,False,False
EXT_00747,WGGARZSAXKSVFS-UHFFFAOYSA-N,COc1ccccc1NC(=S)NCCN(C)C,1,CHEMBL4064806,4,3,1,5.15,5.135,IC50,Anopheles gambiae,ChEMBL,False,False
EXT_00748,WHSOCKLJTZLZGU-UHFFFAOYSA-N,CNC(=O)c1cc(Cl)cc(C)c1NC(=O)c1cc(Cl)nn1-c1ncccc1Cl,1,CHEMBL248580,2,2,0,,,LC50,"Plutella xylostella,Spodoptera frugiperda",ChEMBL,False,False
EXT_00749,WIFKLHLTMFBZJV-ARFHVFGLSA-N,Cc1cn([C@H]2C[C@H](n3cc(-c4ccc(Cl)c(Cl)c4)nn3)[C@@H](CO)O2)c(=O)[nH]c1=O,1,CHEMBL1090868,1,1,0,6.0,6.0,IC50,Drosophila melanogaster,ChEMBL,False,False
EXT_00751,WJLMZDWUGGHQEH-UHFFFAOYSA-N,N=C1SCCN1Cc1ccc(Cl)nc1,1,CHEMBL71046,2,2,0,6.89,6.795,"IC50,Ki",Drosophila melanogaster,ChEMBL,False,False
EXT_00753,WKFMHXZXCCJSJK-UHFFFAOYSA-N,C=CC(O)C#N,1,CHEMBL2271405,1,1,0,,,LC50,Musca domestica,ChEMBL,False,False
EXT_00754,WKNRXGWDXDYGFR-UHFFFAOYSA-N,CCCC12COP(=S)(OC1)OC2C,1,CHEMBL2287386,1,1,0,6.0,6.0,IC50,Blattella germanica,ChEMBL,False,False
EXT_00758,WMMVFXUSYMACFO-UHFFFAOYSA-N,CC(C)(C)N(NC(=O)c1ccc(S(C)(=O)=O)cc1)C(=O)c1ccccc1Cl,1,CHEMBL2287463,1,1,0,5.54,5.54,IC50,Spodoptera frugiperda,ChEMBL,False,False
EXT_00759,WMRMVQPCEGWFLZ-UHFFFAOYSA-N,N#C/N=C1/NCCN(Cc2ccc(Cl)nc2)C1=O,1,CHEMBL2272695,1,1,0,6.36,6.36,Ki,Musca domestica,ChEMBL,False,False
EXT_00761,WNFPFXIAVMZVSR-UHFFFAOYSA-N,CCCCN(CC)C(=S)S,1,CHEMBL2023723,2,2,0,7.98,7.82,Ki,Drosophila melanogaster,ChEMBL,False,False
EXT_00763,WODATDPNMUWSHD-UHFFFAOYSA-N,Nc1ccc(S(=O)(=O)NCCc2ccc(S(N)(=O)=O)cc2)cc1,1,CHEMBL7146,1,1,0,7.33,7.33,Ki,Anopheles gambiae,ChEMBL,False,False
EXT_00764,WOIILRVWZKRYED-CPNJWEJPSA-N,CCO/N=C/CCOc1ccc(Cc2ccccc2)cc1,1,CHEMBL2271786,1,1,0,8.76,8.76,IC50,Culex pipiens,ChEMBL,False,False
EXT_00765,WOIXKKFSAFGYOT-WOJGMQOQSA-N,CCO/N=C/COc1ccc(Oc2ccc(Cl)cc2)cc1,1,CHEMBL2271476,1,1,0,7.26,7.26,IC50,Culex pipiens,ChEMBL,False,False
EXT_00767,WRHNDJITRHOSBE-ZDSKVHJSSA-N,O=[N+]([O-])/N=C1/N(CCOCCN2CCN(Cc3ccc(Cl)nc3)/C2=N\[N+](=O)[O-])CCN1Cc1ccc(Cl)nc1,1,CHEMBL2252496,1,1,0,6.28,6.28,Ki,Musca domestica,ChEMBL,False,False
EXT_00768,WRPAWPNWNSQSDF-UHFFFAOYSA-N,COc1ccccc1C1SCC(=O)N1CCCN(C)C,1,CHEMBL5419417,1,1,0,5.6,5.6,IC50,Anopheles gambiae,ChEMBL,False,False
EXT_00769,WSKGRAGZAQRSED-SLFFLAALSA-N,CC(C)c1ccc2c(c1)CC[C@H]1[C@](C)(CO)CCC[C@]21C,1,CHEMBL12799,1,1,0,,,LD50,Spodoptera frugiperda,ChEMBL,False,False
EXT_00770,WTBVRUDVERRJSI-SZNDQCEHSA-N,C[C@@H]1C[C@H](Nc2ccc(F)cc2)c2cc(F)ccc2N1C(=O)c1ccc(Cl)cc1,1,CHEMBL58297,1,1,0,6.19,6.19,EC50,Aedes aegypti,ChEMBL,False,False
EXT_00771,WTBVRUDVERRJSI-UHFFFAOYSA-N,CC1CC(Nc2ccc(F)cc2)c2cc(F)ccc2N1C(=O)c1ccc(Cl)cc1,1,CHEMBL2286418,2,1,1,6.19,5.205,EC50,"Aedes aegypti,Spodoptera littoralis",ChEMBL,False,False
EXT_00772,WVAWYQVBEMVBSU-UHFFFAOYSA-N,Cc1cccc(C(=O)NC(C)C)c1NC(=O)c1ccc(C(F)(F)F)nc1C,1,CHEMBL372948,2,2,0,,,LC50,"Plutella xylostella,Spodoptera frugiperda",ChEMBL,False,False
EXT_00773,WVTHKGZASIXDOJ-UHFFFAOYSA-N,CCCCc1ccc(C(=O)NN(C(=O)c2cc(C)cc(C)c2Cl)C(C)(C)C)cc1,1,CHEMBL2286439,1,1,0,5.95,5.95,EC50,Spodoptera littoralis,ChEMBL,False,False
EXT_00774,WVTVIPKMBHMUGA-UHFFFAOYSA-N,CN(C)CCCN1C(=O)CSC1c1ccccc1Cl,1,CHEMBL5403260,2,2,0,5.27,5.18,"IC50,Ki",Anopheles gambiae,ChEMBL,False,False
EXT_00775,WWFFMUFUVAQRMJ-UHFFFAOYSA-N,Cc1cc(C)cc(C(=O)C2(NC(=O)c3ccc4c(c3C)CCCO4)CCCCC2)c1,1,CHEMBL2286448,1,1,0,8.47,8.47,EC50,Spodoptera littoralis,ChEMBL,False,False
EXT_00776,WWJZWCUNLNYYAU-UHFFFAOYSA-N,COP(=S)(OC)Oc1ccc(Sc2ccc(OP(=S)(OC)OC)cc2)cc1,1,CHEMBL1355821,1,1,0,,,LC50,Aedes aegypti,ChEMBL,False,False
EXT_00779,WWMWBLWTLDFTOG-ARFHVFGLSA-N,Cc1cn([C@H]2C[C@H](n3cc(-c4ccc(Cl)cc4)nn3)[C@@H](CO)O2)c(=O)[nH]c1=O,1,CHEMBL1089867,1,1,0,5.75,5.75,IC50,Drosophila melanogaster,ChEMBL,False,False
EXT_00780,WXCVDEUJZBRYIT-DOKLQMRDSA-N,CC[C@H](O)C[C@@]12[C@@H]3C[C@H]4[C@H]5[C@H](C)/C(=C6/OC(=O)C(C)=C6OC)O[C@]5(O3)[C@H]1CCN42,1,CHEMBL491987,2,2,0,,,LC50,Spodoptera littoralis,ChEMBL,False,False
EXT_00781,XAEWOZAUXHGARZ-KGENOOAVSA-N,C(\COc1ccc(Cc2ccccc2)cc1)=N/OC1CCCC1,1,CHEMBL2268518,1,1,0,8.1,8.1,IC50,Culex pipiens,ChEMBL,False,False
EXT_00782,XAZQUPBUJONHAF-UHFFFAOYSA-N,CC(C)(C)c1cccc(C(=O)C(F)(F)F)c1,1,CHEMBL89354,2,2,0,7.74,7.505,IC50,Anopheles gambiae,ChEMBL,False,False
EXT_00784,XCDUUGYZODDUMD-UHFFFAOYSA-N,NS(=O)(=O)c1ccc(CCNS(=O)(=O)c2ccc([N+](=O)[O-])cc2CO)cc1,1,CHEMBL2324864,1,1,0,8.21,8.21,Ki,Anopheles gambiae,ChEMBL,False,False
EXT_00786,XCXLLORXFJGAGE-CPNJWEJPSA-N,CCO/N=C/COc1ccc(Oc2ccc(OCC)cc2)cc1,1,CHEMBL2271474,1,1,0,6.86,6.86,IC50,Culex pipiens,ChEMBL,False,False
EXT_00788,XFHOWYMIURYWDJ-UHFFFAOYSA-N,CC(C)COCCCCOc1ccc(Oc2ccccc2)cc1,1,CHEMBL2271774,1,1,0,8.08,8.08,IC50,Culex pipiens,ChEMBL,False,False
EXT_00789,XFOAZOPAGIZIHX-UHFFFAOYSA-N,CN(C(=S)S)c1ccccc1,1,CHEMBL2023725,2,2,0,8.23,7.7,Ki,Drosophila melanogaster,ChEMBL,False,False
EXT_00790,XGJSRGFOFWKZER-WOJGMQOQSA-N,CC/C=N/OCCOc1ccc(CC(CC)CC)cc1,1,CHEMBL2272187,1,1,0,9.88,9.88,IC50,Culex pipiens,ChEMBL,False,False
EXT_00791,XGZDCBGAMNLKSW-UHFFFAOYSA-N,CCSc1nc2sc3c(c2c(=O)n1-c1ccccc1)CCN(Cc1ccccc1)C3,1,CHEMBL577016,1,1,0,5.08,5.08,IC50,Anopheles gambiae,ChEMBL,False,False
EXT_00792,XHSCUNLSQOGSPA-WOJGMQOQSA-N,CC(C)O/N=C/CCOc1ccc(CC(C)(C)C)cc1,1,CHEMBL2272171,1,1,0,10.03,10.03,IC50,Culex pipiens,ChEMBL,False,False
EXT_00794,XISHXFCLWJLQNX-UHFFFAOYSA-N,CCC(CC)Cc1ccc(OCC(C)OC(=O)N(C)C(C)C)cc1,1,CHEMBL2272159,1,1,0,8.25,8.25,IC50,Culex pipiens,ChEMBL,False,False
EXT_00795,XLSVHXBAFPMFTL-SZNDQCEHSA-N,C[C@@H]1C[C@H](Nc2ccc(F)cc2)c2cc(F)ccc2N1C(=O)c1ccc(C(F)(F)F)cc1,1,CHEMBL58694,1,1,0,6.04,6.04,EC50,Aedes aegypti,ChEMBL,False,False
EXT_00797,XNMRXBUOPWDAFP-UHFFFAOYSA-N,N#Cc1cc(CN2CCN/C2=N\[N+](=O)[O-])cnc1Cl,1,CHEMBL2287961,1,1,0,6.07,6.07,IC50,Musca domestica,ChEMBL,False,False
EXT_00798,XNUWGEPKIOWLHQ-KQYNXQAPSA-N,CC/C=C/[C@@]12[C@@H]3C[C@H]4[C@H]5[C@H](C)/C(=C6/OC(=O)C(C)=C6OC)O[C@]5(O3)[C@@H]1CCN42,1,CHEMBL1807141,2,2,0,,,LC50,Spodoptera littoralis,ChEMBL,False,False
EXT_00802,XPJUOKKHAANAGZ-UHFFFAOYSA-N,Cc1cc(Cl)cc(C(=O)NC(C)C)c1NC(=O)c1cc(C(F)(F)F)nn1-c1ncccc1Cl,1,CHEMBL199017,4,4,0,,,LC50,"Plutella xylostella,Spodoptera frugiperda",ChEMBL,False,False
EXT_00803,XPNCXPSNYPZARP-UHFFFAOYSA-N,CCCCOCCOc1ccc(OC(CC)CC)cc1,1,CHEMBL2272144,1,1,0,5.49,5.49,IC50,Culex pipiens,ChEMBL,False,False
EXT_00806,XVGIYJFMSOEXKP-UHFFFAOYSA-N,CC(C)(C)N(NC(=O)c1ccc(I)cc1)C(=O)c1ccccc1Cl,1,CHEMBL2286946,2,2,0,7.3,6.225,"EC50,IC50","Drosophila melanogaster,Spodoptera frugiperda",ChEMBL,False,False
EXT_00808,XXPFMWLCLXVIGS-UHFFFAOYSA-N,CCC(CC)Cc1ccc(OCCC(C)OC(=O)NC)cc1,1,CHEMBL2272162,1,1,0,7.11,7.11,IC50,Culex pipiens,ChEMBL,False,False
EXT_00809,XYKDBVSVTYPSCQ-UHFFFAOYSA-N,CC(C)(C)N(NC(=O)c1ccccc1Cl)C(=O)c1ccccc1Cl,1,CHEMBL2286743,2,1,1,5.59,5.59,EC50,Drosophila melanogaster,ChEMBL,False,False
EXT_00813,YAPZONGWUNHYFV-UHFFFAOYSA-N,CC(C)COCCCOc1ccc(CC(C)(C)C)cc1,1,CHEMBL2272176,1,1,0,9.43,9.43,IC50,Culex pipiens,ChEMBL,False,False
EXT_00815,YCCGSNINHZTAKE-VCHYOVAHSA-N,CCO/N=C/COc1ccc(Oc2cccc(Cl)c2)cc1,1,CHEMBL2271804,1,1,0,8.12,8.12,IC50,Culex pipiens,ChEMBL,False,False
EXT_00816,YECLWZGOXPAQBL-WVMMTVHUSA-N,O=[N+]([O-])/N=C1/N(Cc2ccc(CN3CCN(Cc4ccc(Cl)nc4)/C3=N\[N+](=O)[O-])cc2)CCN1Cc1ccc(Cl)nc1,1,CHEMBL447459,1,1,0,5.64,5.64,Ki,Musca domestica,ChEMBL,False,False
EXT_00818,YENFJUFFMMZNKJ-UHFFFAOYSA-N,CNC(=O)c1cc(I)cc(C)c1NC(=O)c1cc(Br)nn1-c1ncccc1Cl,1,CHEMBL398660,2,2,0,,,LC50,"Plutella xylostella,Spodoptera frugiperda",ChEMBL,False,False
EXT_00819,YFVCPZNXOVONEK-UHFFFAOYSA-N,CCCOCCCOc1ccc(CC(C)(C)C)cc1,1,CHEMBL2272173,1,1,0,8.01,8.01,IC50,Culex pipiens,ChEMBL,False,False
EXT_00820,YIIUPUWFCBAYMU-ARFHVFGLSA-N,Cc1cn([C@H]2C[C@H](n3cc(-c4ccccc4)nn3)[C@@H](CO)O2)c(=O)[nH]c1=O,1,CHEMBL1090132,1,1,0,5.66,5.66,IC50,Drosophila melanogaster,ChEMBL,False,False
EXT_00822,YJKWFOWTUKOVGQ-UHFFFAOYSA-N,CN(C)CCCN1C(=O)CSC1c1ccc(F)cc1,1,CHEMBL1202939,2,2,0,6.14,6.115,"IC50,Ki",Anopheles gambiae,ChEMBL,False,False
EXT_00823,YJXDGWUNRYLINJ-BHAPSIHVSA-N,CC(=O)O[C@@H]1C[C@H]2C(C)(C)C(=O)C=C[C@]2(C)[C@H]2CC[C@@]3(C)[C@H](c4ccoc4)OC(=O)[C@H]4O[C@]43[C@@]21C,1,CHEMBL465226,2,2,0,,,"LC50,LD50",Spodoptera frugiperda,ChEMBL,False,False
EXT_00824,YKBZOVFACRVRJN-UHFFFAOYSA-N,CN/C(=N/CC1CCOC1)N[N+](=O)[O-],1,CHEMBL2228155,1,1,0,5.3,5.3,IC50,Drosophila melanogaster,ChEMBL,False,False
EXT_00825,YKKKEUIXOGAMSZ-UHFFFAOYSA-N,CCC(CC)Cc1ccc(OCCN(C)C(=O)OC(C)C)cc1,1,CHEMBL2272165,1,1,0,7.86,7.86,IC50,Culex pipiens,ChEMBL,False,False
EXT_00826,YNUNGJGJSCJWCT-XDHOZWIPSA-N,CCCO/N=C/COc1ccc(Cc2ccccc2)cc1,1,CHEMBL2271776,1,1,0,7.97,7.97,IC50,Culex pipiens,ChEMBL,False,False
EXT_00827,YOKQIZKUAKALCR-UHFFFAOYSA-N,Cc1cccc(C(=O)NC(C)C)c1NC(=O)c1cc(C(F)(F)F)nn1-c1ccccc1Cl,1,CHEMBL381903,2,2,0,,,LC50,"Plutella xylostella,Spodoptera frugiperda",ChEMBL,False,False
EXT_00830,YQIXJNDJDBFLQK-UHFFFAOYSA-N,CCC(CC)Cc1ccc(OCCCNOC(C)C)cc1,1,CHEMBL2272191,1,1,0,8.97,8.97,IC50,Culex pipiens,ChEMBL,False,False
EXT_00831,YRRSROCUIGCSJO-UHFFFAOYSA-N,CCOP(=O)(OCC)SCCCCCCCN1C(=O)c2ccccc2C1=O,1,CHEMBL2252851,2,2,0,5.74,5.71,IC50,"Drosophila melanogaster,Musca domestica",ChEMBL,False,False
EXT_00832,YSZNONLNIIELSQ-GVDBMIGSSA-N,Cc1cn([C@H]2C[C@H](n3cc(Cc4ccccc4)nn3)[C@@H](CO)O2)c(=O)[nH]c1=O,1,CHEMBL1090133,1,1,0,5.41,5.41,IC50,Drosophila melanogaster,ChEMBL,False,False
EXT_00833,YTPCHPWJAWCIKQ-UHFFFAOYSA-N,CC(C)COCCCOc1ccc(Oc2ccccc2)cc1,1,CHEMBL2272150,1,1,0,9.73,9.73,IC50,Culex pipiens,ChEMBL,False,False
EXT_00834,YTXREVZAOHNBNN-UHFFFAOYSA-N,COC(=O)CCc1cc(-c2ccccc2)no1,1,CHEMBL2442686,1,1,0,,,LC50,Aedes aegypti,ChEMBL,False,False
EXT_00836,YVAIPWQNMHDDIV-UHFFFAOYSA-N,CC(C)(C)N(NC(=O)c1cccc(Cl)c1)C(=O)c1ccccc1Cl,1,CHEMBL2286425,3,2,1,5.92,5.77,EC50,"Drosophila melanogaster,Spodoptera littoralis",ChEMBL,False,False
EXT_00838,YWTYJOPNNQFBPC-UHFFFAOYSA-N,O=[N+]([O-])/N=C1\NCCN1Cc1ccc(Cl)nc1,1,CHEMBL406819,12,12,0,8.68,8.34,"EC50,IC50,Ki","Drosophila melanogaster,Musca domestica",ChEMBL,False,False
EXT_00841,YYGHBQVPXHKCRO-UHFFFAOYSA-N,CCC(CC)n1cc(C(=O)C(F)(F)F)cn1,1,CHEMBL3623551,2,2,0,9.17,8.865,IC50,Anopheles gambiae,ChEMBL,False,False
EXT_00842,YZEILLAXYWDWPG-UHFFFAOYSA-N,Cc1cc(C(F)(F)F)cc(C(=O)NC(C)C)c1NC(=O)c1cc(C(F)(F)F)nn1-c1ncccc1Cl,1,CHEMBL399903,2,2,0,,,LC50,"Plutella xylostella,Spodoptera frugiperda",ChEMBL,False,False
EXT_00844,ZAIDIVBQUMFXEC-UHFFFAOYSA-N,CC=C(Cl)Cl,1,CHEMBL1595845,1,1,0,,,LC50,Musca domestica,ChEMBL,False,False
EXT_00845,ZBQWVEUKXDFNIY-UDWIEESQSA-N,CCO/N=C/COc1ccc(Oc2c(C)ccc(C)c2C)cc1,1,CHEMBL2271769,1,1,0,5.68,5.68,IC50,Culex pipiens,ChEMBL,False,False
EXT_00847,ZDTAUHDUCQQJIG-UHFFFAOYSA-N,CC(C)CS(=O)(=O)c1cccc(OS(C)(=O)=O)c1,1,CHEMBL2286259,1,1,0,6.43,6.43,IC50,Musca domestica,ChEMBL,False,False
EXT_00848,ZEFWSVGJXLIDFU-UHFFFAOYSA-N,CCCOCC(C)COc1ccc(Oc2ccccc2)cc1,1,CHEMBL2272153,1,1,0,8.3,8.3,IC50,Culex pipiens,ChEMBL,False,False
EXT_00849,ZEJBFNGTHUVPDA-XDHOZWIPSA-N,CCO/N=C/COc1ccc(Oc2cccc(C)c2C)cc1,1,CHEMBL2271766,1,1,0,7.9,7.9,IC50,Culex pipiens,ChEMBL,False,False
EXT_00850,ZESHJUIZOWZVPB-UHFFFAOYSA-N,CCCc1ccc(C(=O)NN(C(=O)c2ccccc2Cl)C(C)(C)C)cc1,1,CHEMBL2286427,3,3,0,7.64,7.13,"EC50,IC50","Drosophila melanogaster,Spodoptera frugiperda,Spodoptera littoralis",ChEMBL,False,False
EXT_00851,ZESOBAMYQKHMED-UHFFFAOYSA-N,CCCCNCCOc1ccc(Oc2ccccc2)cc1,1,CHEMBL2271818,1,1,0,6.88,6.88,IC50,Culex pipiens,ChEMBL,False,False
EXT_00853,ZGNITFSDLCMLGI-UHFFFAOYSA-N,Cc1cc(C(F)(C(F)(F)F)C(F)(F)F)ccc1NC(=O)c1cccc(I)c1C(=O)NC(C)(C)CS(C)(=O)=O,1,CHEMBL563789,1,1,0,,,LC50,Plutella xylostella,ChEMBL,False,False
EXT_00855,ZGTOBXPHEGBCOS-UHFFFAOYSA-N,CC(=O)c1ccc(C(=O)NN(C(=O)c2ccccc2Cl)C(C)(C)C)cc1,1,CHEMBL2286463,1,1,0,6.37,6.37,IC50,Spodoptera frugiperda,ChEMBL,False,False
EXT_00856,ZGVKFTJPNGNDNQ-MHWRWJLKSA-N,CCO/N=C/CCOc1ccc(CC(C)C)cc1,1,CHEMBL2272179,1,1,0,8.29,8.29,IC50,Culex pipiens,ChEMBL,False,False
EXT_00857,ZGYPZKIKCFSIME-UHFFFAOYSA-N,CCNCCCOc1ccc(Oc2ccccc2)cc1,1,CHEMBL2271817,1,1,0,8.34,8.34,IC50,Culex pipiens,ChEMBL,False,False
EXT_00858,ZHDRYZUBXGVWLJ-UHFFFAOYSA-N,FC1(F)Cc2cn(-c3c(Cl)cc(C(F)(F)F)cc3Cl)nc2C1,1,CHEMBL205569,1,1,0,6.7,6.7,IC50,Musca domestica,ChEMBL,False,False
EXT_00860,ZIXLQHZCSCBWFZ-UHFFFAOYSA-N,CC(C)(C)N(NC(=O)c1ccccc1)C(=O)c1ccccc1Cl,1,CHEMBL2228435,2,2,0,7.08,6.075,"EC50,IC50","Drosophila melanogaster,Spodoptera frugiperda",ChEMBL,False,False
EXT_00861,ZJLNEJARVJZSHY-UHFFFAOYSA-N,NS(=O)(=O)c1cc(Cl)cc(Cl)c1O,1,CHEMBL2324869,1,1,0,5.19,5.19,Ki,Anopheles gambiae,ChEMBL,False,False
EXT_00862,ZJOWBUQITMZDKJ-UHFFFAOYSA-N,CCc1ccc(C(=O)NN(C(=O)c2ccccc2)C(C)(C)C)cc1,1,CHEMBL2286431,2,2,0,6.96,6.109999999999999,EC50,"Drosophila melanogaster,Spodoptera littoralis",ChEMBL,False,False
EXT_00863,ZMANZCXQSJIPKH-UHFFFAOYSA-N,CCN(CC)CC,1,CHEMBL2334360,6,6,0,9.3,7.57,Ki,Drosophila melanogaster,ChEMBL,False,False
EXT_00865,ZNCYBYUHILEHAA-UHFFFAOYSA-N,CCCOCCCOc1ccc(Cc2ccccc2)cc1,1,CHEMBL2272156,1,1,0,9.18,9.18,IC50,Culex pipiens,ChEMBL,False,False
EXT_00866,ZNYFOVSQSAVTHE-UHFFFAOYSA-N,C/N=C(\NCc1cnc(Cl)c(N=[N+]=[N-])c1)N[N+](=O)[O-],1,CHEMBL149660,1,1,0,7.89,7.89,Ki,Drosophila melanogaster,ChEMBL,False,False
EXT_00867,ZOCALJCNEUANCJ-UHFFFAOYSA-N,CCOc1ccccc1C(=O)N(NC(=O)c1ccc(Cl)cc1)C(C)(C)C,1,CHEMBL2286435,1,1,0,5.02,5.02,EC50,Spodoptera littoralis,ChEMBL,False,False
EXT_00868,ZOCSXAVNDGMNBV-UHFFFAOYSA-N,N#Cc1nn(-c2c(Cl)cc(C(F)(F)F)cc2Cl)c(N)c1[S+]([O-])C(F)(F)F,1,CHEMBL101326,1,1,0,8.64,8.64,IC50,Musca domestica,ChEMBL,False,False
EXT_00870,ZPMJMWIXTWONEW-UHFFFAOYSA-N,CCCOC(C)CCOc1ccc(Oc2ccccc2)cc1,1,CHEMBL2272152,1,1,0,9.6,9.6,IC50,Culex pipiens,ChEMBL,False,False
EXT_00872,ZQWXQVGEFHMWBM-UHFFFAOYSA-N,Cc1cc(CN2CCN/C2=N\[N+](=O)[O-])cnc1Cl,1,CHEMBL2287954,1,1,0,6.5,6.5,IC50,Musca domestica,ChEMBL,False,False
EXT_00873,ZRDFCDGVKGMYOD-UHFFFAOYSA-N,COc1ccc(-c2ccc(OCC(=O)NCCCN3CCCCC3)cc2)cc1,1,CHEMBL4290992,3,3,0,5.41,5.35,IC50,"Aedes aegypti,Anopheles gambiae",ChEMBL,False,False
EXT_00874,ZRDWAFJNMTVKIX-UHFFFAOYSA-N,CC(C)(C)N(NC(=O)c1ccc(Br)cc1)C(=O)c1ccccc1Cl,1,CHEMBL2286426,4,4,0,7.69,5.955,"EC50,IC50","Drosophila melanogaster,Spodoptera frugiperda,Spodoptera littoralis",ChEMBL,False,False
EXT_00876,ZSYAVZSUKTVVLJ-UHFFFAOYSA-N,Cc1cc(Br)cc(C(=O)NC(C)C)c1NC(=O)c1cc(C(F)(F)F)nn1-c1ncccc1Cl,1,CHEMBL398818,2,2,0,,,LC50,"Plutella xylostella,Spodoptera frugiperda",ChEMBL,False,False
EXT_00877,ZTKWGESWIBSOPZ-UHFFFAOYSA-N,CCOP(=O)(OCC)SCCCCSP(=O)(OCC)OCC,1,CHEMBL2252840,2,1,1,5.09,5.09,IC50,"Drosophila melanogaster,Musca domestica",ChEMBL,False,False
REP_00005,KAATUXNTWXVJKI-UHFFFAOYSA-N,CC1(C)C(C=C(Cl)Cl)C1C(=O)OC(C#N)c1cccc(Oc2ccccc2)c1,1,CHEMBL373204,2,2,0,,,LC50,"Plutella xylostella,Spodoptera frugiperda",ChEMBL,False,True
REP_00011,RLLPVAHGXHCWKJ-UHFFFAOYSA-N,CC1(C)C(C=C(Cl)Cl)C1C(=O)OCc1cccc(Oc2ccccc2)c1,1,CHEMBL1525,2,2,0,,,LC50,Culex quinquefasciatus,ChEMBL,False,True
EXT_00002,AASAYAXVIVGERS-UHFFFAOYSA-N,COP1(=S)NCC(c2ccc(-c3ccccc3)cc2)O1,0,CHEMBL2289017,1,0,1,,,IC50,Tribolium castaneum,ChEMBL,False,False
EXT_00004,AAWRCBWYNSEVTD-UEUMJKGWSA-N,O=[N+]([O-])/N=C1/N(CCCOCCCN2CCN(Cc3ccc(Cl)nc3)/C2=N/[N+](=O)[O-])CCN1Cc1ccc(Cl)nc1,0,CHEMBL2286696,1,0,1,4.14,4.14,IC50,Musca domestica,ChEMBL,False,False
EXT_00019,APJQUZJJYBHJSQ-UHFFFAOYSA-N,NS(=O)(=O)c1ccc(NC(=S)NCCN2CCCCC2)cc1,0,CHEMBL4079963,2,1,1,5.11,4.795,IC50,Anopheles gambiae,ChEMBL,False,False
EXT_00020,APOKGGYUGXMFNF-UHFFFAOYSA-N,CCCCCCOCC(C)=O,0,CHEMBL153556,1,0,1,,,IC50,Drosophila melanogaster,ChEMBL,False,False
EXT_00021,APOKTNFWHFJVHX-UHFFFAOYSA-N,CC(C)(C)N(NC(=O)c1ccccc1)C(=O)c1ccccc1I,0,CHEMBL2286738,2,1,1,5.92,4.98,EC50,Drosophila melanogaster,ChEMBL,False,False
EXT_00026,ATYSQAZWBVZWSB-UHFFFAOYSA-N,CCCCCC[Se](=O)CC(C)=O,0,CHEMBL152225,1,0,1,4.45,4.45,IC50,Drosophila melanogaster,ChEMBL,False,False
EXT_00029,AWSGRGMUUJQCOH-WDVHKUKPSA-N,CC(C)(C)OC(=O)NCCCCCC(=O)O[C@H]1[C@H](O)[C@@H](CO)O[C@H]1n1cc(/C=C/Br)c(=O)[nH]c1=O,0,CHEMBL240510,1,0,1,4.11,4.11,IC50,Drosophila melanogaster,ChEMBL,False,False
EXT_00031,AYEAUPRZTZWBBF-UHFFFAOYSA-N,C/C(=N\C#N)NCc1ccc(Cl)nc1,0,CHEMBL2287444,1,0,1,,,EC50,Musca domestica,ChEMBL,False,False
EXT_00034,BAGKOBAZPHKDPG-SWMYPXFDSA-N,O=[N+]([O-])/N=C1\N(CCCCCCCCCCN2CCN(Cc3ccc(Cl)nc3)/C2=N/[N+](=O)[O-])CCN1Cc1ccc(Cl)nc1,0,CHEMBL2271617,1,0,1,4.57,4.57,IC50,Musca domestica,ChEMBL,False,False
EXT_00035,BBPAPSVFSDRUHU-UHFFFAOYSA-N,CC(C)CSc1cccc(OS(C)(=O)=O)n1,0,CHEMBL2286245,1,0,1,,,IC50,Musca domestica,ChEMBL,False,False
EXT_00036,BCZDQSFUMAUKCC-UHFFFAOYSA-N,CN(C)CCCN1C(=O)CSC1c1ccccc1F,0,CHEMBL5404393,1,0,1,4.64,4.64,IC50,Anopheles gambiae,ChEMBL,False,False
EXT_00047,BMTTUHNUPKSNHI-FQTOXTOYSA-N,CC(C)CC[C@@H](O)[C@](C)(O)[C@H]1CC[C@H]2[C@@H]3CC(=O)[C@@H]4C[C@H](O)CC[C@]4(C)[C@H]3CC[C@]12C,0,CHEMBL558256,1,0,1,4.05,4.05,IC50,Drosophila melanogaster,ChEMBL,False,False
EXT_00053,BOZLAAFUAKZBCA-PEBLQZBPSA-N,CCCCCCCCS(=O)(=O)[C@H]1O[C@H](CO)[C@@H](O)[C@H](O)[C@@H]1O,0,CHEMBL1689642,1,0,1,,,IC50,Drosophila melanogaster,ChEMBL,False,False
EXT_00059,BUMRHSFCLPSTJE-UHFFFAOYSA-N,O=C(O)CCc1nc(-c2ccc(F)cc2)no1,0,CHEMBL2442675,1,0,1,,,LC50,Aedes aegypti,ChEMBL,False,False
EXT_00061,BWHOZHOGCMHOBV-BQYQJAHWSA-N,CC(=O)/C=C/c1ccccc1,0,CHEMBL73639,2,0,2,4.42,4.42,"IC50,LC50",Plutella xylostella,ChEMBL,False,False
EXT_00065,BXDLQJJEKKTORC-ZHZULCJRSA-N,CC(C)c1ccc(/C=N\NC(=O)CCC2CCCCC2)cc1,0,CHEMBL2285735,2,1,1,,,LD50,Aedes aegypti,ChEMBL,False,False
EXT_00066,BYDXCUSLIRMEED-UHFFFAOYSA-N,CN1CCN(CCCNC(=O)COc2ccc(I)cc2)CC1,0,CHEMBL4281203,3,0,3,,,IC50,"Aedes aegypti,Anopheles gambiae",ChEMBL,False,False
EXT_00067,BYMFFOFENPJXCG-UHFFFAOYSA-N,C=C1C(CCCC)=C(C#N)C(=O)N1c1cc(Cl)ccc1C,0,CHEMBL1254865,1,0,1,4.9,4.9,IC50,Lucilia cuprina,ChEMBL,False,False
EXT_00080,CJZKOPDDNLGIFG-UHFFFAOYSA-N,Cc1ccc(NC2CC(C)N(C(=O)c3ccc(C)cc3)c3ccc(C)cc32)cc1,0,CHEMBL2286417,2,1,1,5.3,4.715,"EC50,IC50","Aedes aegypti,Spodoptera littoralis",ChEMBL,False,False
EXT_00084,CPILGZZHWWNMTE-UHFFFAOYSA-N,COc1ccc(C2SCC(=O)N2CCCN(C)C)cc1,0,CHEMBL1202929,1,0,1,4.28,4.28,IC50,Anopheles gambiae,ChEMBL,False,False
EXT_00085,CPWUCLYZTKEZPT-IVZWLZJFSA-N,Cc1cn([C@H]2C[C@H](n3ccnn3)[C@@H](CO)O2)c(=O)[nH]c1=O,0,CHEMBL1092729,1,0,1,4.4,4.4,IC50,Drosophila melanogaster,ChEMBL,False,False
EXT_00087,CRYXHQBSIQUCFG-UHFFFAOYSA-N,CC(C)NCc1cccnc1,0,CHEMBL2286834,1,0,1,,,IC50,Musca domestica,ChEMBL,False,False
EXT_00088,CSPONRXKJGQJJG-GZTJUZNOSA-N,CCCCN(Cc1ccc(Cl)nc1)/C(C)=N/C#N,0,CHEMBL2287449,1,0,1,,,EC50,Musca domestica,ChEMBL,False,False
EXT_00091,CUNRZLSTHSQJPH-UHFFFAOYSA-N,C=C1C(C)=C(C#N)C(=O)N1c1ccccc1C(F)(F)F,0,CHEMBL1253617,1,0,1,4.32,4.32,IC50,Lucilia cuprina,ChEMBL,False,False
EXT_00093,CVBHDWJVOPGPSJ-JPYJTQIMSA-N,Cc1ccc(N[C@H]2C[C@@H](C)N(C(=O)c3ccccc3C(F)(F)F)c3ccc(C)cc32)cc1,0,CHEMBL58140,1,0,1,4.48,4.48,EC50,Aedes aegypti,ChEMBL,False,False
EXT_00095,CVQOTCCIWHDRIJ-FQHZWJPGSA-N,O=[N+]([O-])/N=C1\N(CCN2CCN(Cc3ccc(Cl)nc3)/C2=N/[N+](=O)[O-])CCN1Cc1ccc(Cl)nc1,0,CHEMBL2271609,1,0,1,,,IC50,Musca domestica,ChEMBL,False,False
EXT_00100,CYEQNCOGYHCBOC-UHFFFAOYSA-N,COC1=C(C)C(=O)c2ccnc(C)c2C1=O,0,CHEMBL506898,1,0,1,,,LC50,Spodoptera littoralis,ChEMBL,False,False
EXT_00102,CZXGFCAYVVXWLU-HEPSPIFKSA-N,O=C(/N=C1/N(CCCCCCCCN2CCN(Cc3ccc(Cl)nc3)/C2=N\C(=O)C(F)(F)F)CCN1Cc1ccc(Cl)nc1)C(F)(F)F,0,CHEMBL2252349,1,0,1,4.58,4.58,Ki,Musca domestica,ChEMBL,False,False
EXT_00108,DEEIJRMZDVOOAA-UHFFFAOYSA-N,Cc1ccc(-c2noc(CCC(=O)O)n2)cc1,0,CHEMBL2442674,1,0,1,,,LC50,Aedes aegypti,ChEMBL,False,False
EXT_00110,DHUXMGGQWZEROX-UHFFFAOYSA-N,CNCCN1C(=O)CSC1c1ccc(Cl)cc1Cl,0,CHEMBL5409029,1,0,1,4.6,4.6,IC50,Anopheles gambiae,ChEMBL,False,False
EXT_00113,DIXZEXNHMDGSHS-UHFFFAOYSA-N,CC(C)(C)N(NC(=O)c1cccc(Br)c1)C(=O)c1ccccc1Cl,0,CHEMBL2286747,1,0,1,4.88,4.88,EC50,Drosophila melanogaster,ChEMBL,False,False
EXT_00115,DJIGJZGNPGAHPK-UHFFFAOYSA-N,C=C1C(C(C)C)=C(C#N)C(=O)N1c1ccccc1C(C)(C)C,0,CHEMBL1254690,1,0,1,4.82,4.82,IC50,Lucilia cuprina,ChEMBL,False,False
EXT_00119,DOMQEJAUBXIDNR-UHFFFAOYSA-N,O=C(COc1ccc(I)cc1)NCCCN1CCCCC1,0,CHEMBL4289086,3,0,3,4.51,4.44,IC50,"Aedes aegypti,Anopheles gambiae",ChEMBL,False,False
EXT_00121,DPNGWXJMIILTBS-UHFFFAOYSA-N,c1cncc(C2=NCCC2)c1,0,CHEMBL423429,1,0,1,,,IC50,Musca domestica,ChEMBL,False,False
EXT_00122,DPVKAFMWSAOINX-UHFFFAOYSA-N,Cc1ccccc1-c1noc(CCC(=O)O)n1,0,CHEMBL2442689,1,0,1,,,LC50,Aedes aegypti,ChEMBL,False,False
EXT_00123,DQHRAIFEHNKZSV-XMLHTYRRSA-N,CC(=O)O[C@@H]1[C@H](O)[C@H]2C(C)(C)C(=O)C=C[C@]2(C)[C@H]2CC[C@]3(C)C(=CC[C@H]3C3=COCC3)[C@]12C,0,CHEMBL491379,1,0,1,,,LC50,Anopheles stephensi,ChEMBL,False,False
EXT_00125,DQQMQQVWLWPQKL-UHFFFAOYSA-N,COP1(=S)NCC(c2ccc(C)cc2)O1,0,CHEMBL2289266,1,0,1,,,IC50,Tribolium castaneum,ChEMBL,False,False
EXT_00127,DQXWHYDKDDYWRB-UHFFFAOYSA-N,Cc1ccc(C(=O)NN(C(=O)c2ccccc2Cl)C(C)(C)C)cc1C,0,CHEMBL2286726,1,0,1,4.18,4.18,EC50,Drosophila melanogaster,ChEMBL,False,False
EXT_00128,DROIFMGZDXPPQM-UHFFFAOYSA-N,Cc1cccc(-c2noc(CCCC(=O)O)n2)c1,0,CHEMBL2442678,2,0,2,,,LC50,Aedes aegypti,ChEMBL,False,False
EXT_00129,DTJLKFLJJUQICD-UHFFFAOYSA-N,Cc1ccc(-c2noc(CC(=O)O)n2)cc1,0,CHEMBL442939,1,0,1,,,LC50,Aedes aegypti,ChEMBL,False,False
EXT_00133,DWRXFEITVBNRMK-JAGXHNFQSA-N,Cc1cn([C@@H]2O[C@H](CO)[C@@H](O)[C@@H]2O)c(=O)[nH]c1=O,0,CHEMBL103283,2,0,2,4.19,4.19,IC50,Drosophila melanogaster,ChEMBL,False,False
EXT_00135,DXTYLRAYPFWVTI-UHFFFAOYSA-N,Cc1cn(CCCOC(c2ccccc2)(c2ccccc2)c2ccccc2)c(=O)[nH]c1=O,0,CHEMBL384435,1,0,1,4.68,4.68,IC50,Drosophila melanogaster,ChEMBL,False,False
EXT_00141,FALXHDVQJVMXGK-UHFFFAOYSA-N,Cc1cn(CCOCCOC(c2ccccc2)(c2ccccc2)c2ccncc2)c(=O)[nH]c1=O,0,CHEMBL219510,1,0,1,4.46,4.46,IC50,Drosophila melanogaster,ChEMBL,False,False
EXT_00142,FAQJQDUSWXDNGZ-UHFFFAOYSA-N,COC(=O)CCCc1nc(-c2ccccc2)no1,0,CHEMBL2442682,1,0,1,,,LC50,Aedes aegypti,ChEMBL,False,False
EXT_00143,FAXZRMVFCAIPMK-UHFFFAOYSA-N,COc1ccccc1NC(=S)NCCN1CCCCC1,0,CHEMBL4073401,2,0,2,4.54,4.359999999999999,IC50,Anopheles gambiae,ChEMBL,False,False
EXT_00146,FEDCOJVAGGTWJB-UHFFFAOYSA-N,COP1(=S)NCC(c2ccccc2)O1,0,CHEMBL2289274,1,0,1,,,IC50,Tribolium castaneum,ChEMBL,False,False
EXT_00150,FFTQHUXIDSNTFV-UHFFFAOYSA-N,CCOP(=O)(OCC)SCCCCCCCCCN1C(=O)c2ccccc2C1=O,0,CHEMBL2252722,2,0,2,4.43,4.43,IC50,"Drosophila melanogaster,Musca domestica",ChEMBL,False,False
EXT_00152,FIMACEIKKPQUFZ-UHFFFAOYSA-N,CCCCCCS(=O)(=O)CC(C)=O,0,CHEMBL152577,1,0,1,,,IC50,Drosophila melanogaster,ChEMBL,False,False
EXT_00157,FJJWEFGBLGFZJX-WWGRRREGSA-N,Fc1cccc2c1N[C@@H](c1cccnc1)[C@H]1CC=C[C@@H]21,0,CHEMBL2064252,2,0,2,,,LC50,"Aedes aegypti,Anopheles stephensi",ChEMBL,False,False
EXT_00159,FMVGLLPOZGDPTQ-HVBOUTELSA-N,O=C(Cc1ccccc1)O[C@H]1[C@H](O)[C@@H](CO)O[C@H]1n1cc(/C=C/Br)c(=O)[nH]c1=O,0,CHEMBL241407,1,0,1,,,IC50,Drosophila melanogaster,ChEMBL,False,False
EXT_00161,FQELSXKYURXBIN-UHFFFAOYSA-N,COc1ccc(C(C#N)N2CCCCC2)cc1OC,0,CHEMBL1344483,2,0,2,,,LC50,Aedes aegypti,ChEMBL,False,False
EXT_00164,FSNXKBQIBXBYBO-UHFFFAOYSA-N,Cc1cccc(C(=O)NC(C)C)c1NC(=O)c1ccc(C(F)(F)F)cc1,0,CHEMBL198217,2,1,1,,,LC50,"Plutella xylostella,Spodoptera frugiperda",ChEMBL,False,False
EXT_00174,GBIJXXWIPPXDSR-UHFFFAOYSA-N,C=C1C(C(C)C)=C(C#N)C(=O)N1c1ccc(Cl)cc1C(C)(C)C,0,CHEMBL1254691,1,0,1,4.38,4.38,IC50,Lucilia cuprina,ChEMBL,False,False
EXT_00175,GBRXYEMOKYJQIM-UHFFFAOYSA-N,O=C(O)CCCc1nc(-c2ccc3c(c2)OCO3)no1,0,CHEMBL2442681,2,0,2,,,LC50,Aedes aegypti,ChEMBL,False,False
EXT_00176,GBZCFQFQXMJNSG-BQYQJAHWSA-N,CCCCCC/C=C/C(=O)C(F)(F)F,0,CHEMBL150648,1,0,1,4.1,4.1,IC50,Drosophila melanogaster,ChEMBL,False,False
EXT_00177,GCBOUAABYXKHIS-UHFFFAOYSA-N,CCCNCc1cccnc1,0,CHEMBL2286833,1,0,1,,,IC50,Musca domestica,ChEMBL,False,False
EXT_00178,GCQYYIHYQMVWLT-HQNLTJAPSA-N,O=c1[nH]c(=O)n([C@@H]2O[C@H](CO)[C@@H](O)[C@@H]2O)cc1/C=C/Br,0,CHEMBL70046,1,0,1,4.55,4.55,IC50,Drosophila melanogaster,ChEMBL,False,False
EXT_00179,GCQYYIHYQMVWLT-NAESNILJSA-N,O=c1[nH]c(=O)n(C2O[C@H](CO)[C@@H](O)[C@@H]2O)cc1/C=C\Br,0,CHEMBL605255,1,0,1,4.5,4.5,IC50,Drosophila melanogaster,ChEMBL,False,False
EXT_00184,GFBCOQPLYTWSFP-UHFFFAOYSA-N,CN(C)CCCN1C(=O)CSC1c1ccc2c(c1)OCO2,0,CHEMBL5405571,1,0,1,4.14,4.14,IC50,Anopheles gambiae,ChEMBL,False,False
EXT_00187,GIJJDOJZHPGHJQ-UHFFFAOYSA-N,Cc1cn(CCCCCCOC(c2ccccc2)(c2ccccc2)c2ccc(Cl)cc2)c(=O)[nH]c1=O,0,CHEMBL219960,1,0,1,4.33,4.33,IC50,Drosophila melanogaster,ChEMBL,False,False
EXT_00194,GNUFAYHGAKQQQF-UHFFFAOYSA-N,C=C1C(CCCC)=C(C#N)C(=O)N1c1c(C)cccc1CC,0,CHEMBL1255029,1,0,1,4.48,4.48,IC50,Lucilia cuprina,ChEMBL,False,False
EXT_00197,GQNAPFUXJOPLSJ-SZNDQCEHSA-N,C[C@@H]1C[C@H](Nc2ccc(F)cc2)c2cc(F)ccc2N1C(=O)c1ccccc1C(F)(F)F,0,CHEMBL59557,1,0,1,4.96,4.96,EC50,Aedes aegypti,ChEMBL,False,False
EXT_00198,GQQJVXAIMUFBBJ-UHFFFAOYSA-N,COP1(=S)NCC(c2ccc(C(C)C)cc2)O1,0,CHEMBL2289273,1,0,1,,,IC50,Tribolium castaneum,ChEMBL,False,False
EXT_00199,GRDGBQLYQBVRMN-YKSBVNFPSA-N,Cc1ccc(N[C@H]2C[C@@H](C)N(C(=O)c3cccc(C)c3)c3ccc(C)cc32)cc1,0,CHEMBL61543,1,0,1,4.48,4.48,EC50,Aedes aegypti,ChEMBL,False,False
EXT_00202,GUSIRVISUKPQFL-UHFFFAOYSA-N,CC(=O)NCCc1c2c3c(ccnc3c3ncsc13)-c1ccccc1N2,0,CHEMBL127872,1,0,1,,,LC50,Spodoptera littoralis,ChEMBL,False,False
EXT_00203,GVHIPEJHZMNUQS-UHFFFAOYSA-N,CCCN(CCC)Cc1cccnc1,0,CHEMBL2286837,1,0,1,,,IC50,Musca domestica,ChEMBL,False,False
EXT_00207,GXLQBBNIJFXJIU-GHRIWEEISA-N,CC(C)C/C(=N\C#N)N(C)Cc1ccc(Cl)nc1,0,CHEMBL2287456,1,0,1,,,EC50,Musca domestica,ChEMBL,False,False
EXT_00208,GYCXOPPCLPEVOM-IZZDOVSWSA-N,NC(=S)N/N=C/COc1ccccc1,0,CHEMBL3589423,1,0,1,,,LC50,Aedes aegypti,ChEMBL,False,False
EXT_00209,GYOGHROCTSEKDY-JJDZUBOLSA-N,CC[C@@H]1[C@H]2CCCCN3[C@H]2[C@H](C[C@H]3[C@@H]2C[C@H](C)C(=O)O2)[C@@H]2[C@H]1OC(=O)[C@H]2C,0,CHEMBL517375,1,0,1,,,LC50,Spodoptera littoralis,ChEMBL,False,False
EXT_00213,GZWRKXIUYSYHNL-UHFFFAOYSA-N,COP1(=S)NCC(c2cccc(C)c2)O1,0,CHEMBL2289264,1,0,1,,,IC50,Tribolium castaneum,ChEMBL,False,False
EXT_00215,HCTJEUUPTOFYQM-MHWRWJLKSA-N,CCCN(Cc1ccc(Cl)nc1)/C(C)=N/C#N,0,CHEMBL2287446,1,0,1,4.73,4.73,EC50,Musca domestica,ChEMBL,False,False
EXT_00224,HJXMNVQARNZTEE-NSHDSACASA-N,CCCC[C@@H]1OC(=O)c2ccccc21,0,CHEMBL250205,1,0,1,,,LC50,Drosophila melanogaster,ChEMBL,False,False
EXT_00236,HPUXHJVUWWLTLV-XDJHFCHBSA-N,CN(Cc1ccc(Cl)nc1)/C(=N/C#N)c1ccccc1,0,CHEMBL2287458,1,0,1,,,EC50,Musca domestica,ChEMBL,False,False
EXT_00240,HUWGTBXXQLWSOW-UHFFFAOYSA-N,CCOc1ccccc1C(=O)N(NC(=O)c1ccc(OC)cc1)C(C)(C)C,0,CHEMBL2286434,1,0,1,4.66,4.66,EC50,Spodoptera littoralis,ChEMBL,False,False
EXT_00243,HVVUOALSQBMUMS-UHFFFAOYSA-N,CCOP(=O)(OCC)SCCCCCCCSP(=O)(OCC)OCC,0,CHEMBL2252843,2,0,2,4.99,4.99,IC50,"Drosophila melanogaster,Musca domestica",ChEMBL,False,False
EXT_00251,IBIYXTHKRMDTTC-UHFFFAOYSA-N,CN(C)CCCN1C(=O)CSC1c1ccncc1,0,CHEMBL1202930,1,0,1,,,IC50,Anopheles gambiae,ChEMBL,False,False
EXT_00255,IGFJUDMGEKBWNA-UHFFFAOYSA-N,Cc1cc(C(F)(F)F)ccc1C(=O)Nc1cccc(C)c1C(=O)NC(C)C,0,CHEMBL196767,1,0,1,,,LC50,Spodoptera frugiperda,ChEMBL,False,False
EXT_00260,IJJOXPDNQZXNLY-UHFFFAOYSA-N,CNC(=O)Oc1cccc(OCCCOc2ccc([N+](=O)[O-])cc2)c1,0,CHEMBL2230097,1,0,1,4.16,4.16,IC50,Musca domestica,ChEMBL,False,False
EXT_00268,IOGAIEWEHFPGNO-UHFFFAOYSA-N,Cc1[nH]c2ccc(Br)cc2c1C,0,CHEMBL5194440,1,0,1,,,LC50,Aedes aegypti,ChEMBL,False,False
EXT_00270,IOWNGZFGTXBYQO-UHFFFAOYSA-N,Cc1ccc(NC2CC(C)N(C(=O)c3ccc(Cl)cc3)c3ccc(C)cc32)cc1,0,CHEMBL2286416,2,1,1,5.67,4.885,"EC50,IC50","Aedes aegypti,Spodoptera littoralis",ChEMBL,False,False
EXT_00271,IQCSJPCYLWAYFM-ADZGCGJQSA-N,NCCCC(=O)O[C@H]1[C@H](O)[C@@H](CO)O[C@H]1n1cc(/C=C/Br)c(=O)[nH]c1=O,0,CHEMBL400233,1,0,1,,,IC50,Drosophila melanogaster,ChEMBL,False,False
EXT_00272,IQPNAANSBPBGFQ-UHFFFAOYSA-N,O=c1cc(-c2ccc(O)c(O)c2)oc2cc(O)cc(O)c12,0,CHEMBL151,1,0,1,,,IC50,Plutella xylostella,ChEMBL,False,False
EXT_00273,IQVQXVFMNOFTMU-FLIBITNWSA-N,CCC/C=C1\OC(=O)C2=C1CCC=C2,0,CHEMBL481246,1,0,1,,,LC50,Drosophila melanogaster,ChEMBL,False,False
EXT_00274,ISBSSBGEYIBVTO-TYKWNDPBSA-N,CC(C)CC[C@@H](O)[C@](C)(O)[C@H]1CC[C@H]2[C@@H]3CC=C4C[C@@H](O)CC[C@]4(C)[C@H]3CC[C@]12C,0,CHEMBL560194,1,0,1,4.38,4.38,IC50,Drosophila melanogaster,ChEMBL,False,False
EXT_00278,IUCHPXHIZGDFMQ-UHFFFAOYSA-N,C=C1C(c2ccccc2)=C(C#N)C(=O)N1C1CCCCC1,0,CHEMBL1254214,1,0,1,4.9,4.9,IC50,Lucilia cuprina,ChEMBL,False,False
EXT_00280,IWFNZPOMYNAJHU-WBMJQRKESA-N,CNC(=O)[C@]12Oc3cc(C)cc(O)c3C(=O)C1=CC=C[C@H]2O,0,CHEMBL92495,1,0,1,,,IC50,Drosophila melanogaster,ChEMBL,False,False
EXT_00282,IYUZMNYQASZUFK-UHFFFAOYSA-N,Cc1ccc(NC2CCN(C(=O)c3ccc(Cl)cc3)CC2)cc1,0,CHEMBL2286413,1,0,1,4.82,4.82,IC50,Spodoptera littoralis,ChEMBL,False,False
EXT_00286,JAFOSQHHACGWOK-UHFFFAOYSA-N,O=C(O)c1ccc2c(c1)ncn2Cc1cccc(C(F)(F)F)c1,0,CHEMBL3287359,1,0,1,,,IC50,Drosophila melanogaster,ChEMBL,False,False
EXT_00289,JDMFQXLAGLWHOH-UHFFFAOYSA-N,CN(C)CCCN1C(=O)CSC1c1cccc(Cl)c1,0,CHEMBL5397966,1,0,1,4.8,4.8,IC50,Anopheles gambiae,ChEMBL,False,False
EXT_00291,JESWYQLJPQPZFZ-UHFFFAOYSA-N,CNC(=O)Oc1cccc(OCCCCOc2ccccc2[N+](=O)[O-])c1,0,CHEMBL2230094,1,0,1,4.21,4.21,IC50,Musca domestica,ChEMBL,False,False
EXT_00293,JFSJOICPVBZVOH-UHFFFAOYSA-N,Cc1cc(C)cc(C(=O)C2(NC(=O)C(F)(F)F)CCCCC2)c1,0,CHEMBL2286412,1,0,1,4.79,4.79,IC50,Spodoptera littoralis,ChEMBL,False,False
EXT_00296,JIQPKOHKBQJXKT-UHFFFAOYSA-N,CN(C)CCCN1C(=O)CSC1c1cccc(F)c1F,0,CHEMBL5424185,1,0,1,4.43,4.43,IC50,Anopheles gambiae,ChEMBL,False,False
EXT_00300,JPDHYADAFMNZHZ-UHFFFAOYSA-N,CN(C)CCCN1C(=O)CSC1c1ccccn1,0,CHEMBL5409526,1,0,1,,,IC50,Anopheles gambiae,ChEMBL,False,False
EXT_00305,JTHVQDOREUEMBU-UHFFFAOYSA-N,Cc1cccc(C(=O)NN(C(=O)c2ccccc2Cl)C(C)(C)C)c1C,0,CHEMBL2286722,1,0,1,4.94,4.94,EC50,Drosophila melanogaster,ChEMBL,False,False
EXT_00308,JVFOOYPQMZNPHZ-UHFFFAOYSA-N,Cc1ccc(C(=O)NN(C(=O)c2cc(C)cc(C)c2)C(C)(C)C)cc1,0,CHEMBL2286728,1,0,1,4.95,4.95,EC50,Drosophila melanogaster,ChEMBL,False,False
EXT_00313,JXSJBGJIGXNWCI-UHFFFAOYSA-N,CCOC(=O)CC(SP(=S)(OC)OC)C(=O)OCC,0,CHEMBL1200468,2,0,2,,,IC50,Plutella xylostella,ChEMBL,False,False
EXT_00314,JZJWGYOBTIWNQF-VDUYVMHVSA-N,O=[N+]([O-])/N=C1/N(Cc2ccc(Cc3ccc(CN4CCN(Cc5ccc(Cl)nc5)/C4=N\[N+](=O)[O-])cc3)cc2)CCN1Cc1ccc(Cl)nc1,0,CHEMBL2252502,1,0,1,4.77,4.77,Ki,Musca domestica,ChEMBL,False,False
EXT_00317,KBVZBGFTPBUXAH-UHFFFAOYSA-N,COc1ccc(NC(=S)NCCN2CCCCC2)cc1,0,CHEMBL4099934,2,0,2,4.54,4.285,IC50,Anopheles gambiae,ChEMBL,False,False
EXT_00327,KKFIHBYZXIPSHA-UHFFFAOYSA-N,Cc1ccc(N(C(=O)c2ccc(Cl)cc2)C2CC(C)N(C(=O)c3ccc(Cl)cc3)c3ccc(C)cc32)cc1,0,CHEMBL2285681,1,0,1,4.89,4.89,IC50,Spodoptera littoralis,ChEMBL,False,False
EXT_00328,KOWVJDFMEZKDDT-UHFFFAOYSA-N,Cc1ccc(C[N+](C)(C)C)o1,0,CHEMBL1316369,2,0,2,4.91,4.87,Ki,Drosophila melanogaster,ChEMBL,False,False
EXT_00329,KPBKAGVIPGPRAK-UHFFFAOYSA-N,CC(C)(C)N(NC(=O)c1ccccc1)C(=O)c1ccccc1F,0,CHEMBL2286736,2,1,1,5.21,4.675,EC50,Drosophila melanogaster,ChEMBL,False,False
EXT_00332,KSSSWPMKQXBJNG-UHFFFAOYSA-N,CC(C)C[S+]([O-])c1cccc(OS(C)(=O)=O)c1,0,CHEMBL2286260,1,0,1,4.92,4.92,IC50,Musca domestica,ChEMBL,False,False
EXT_00333,KTBPGGSQFFNCTE-UHFFFAOYSA-N,COP1(=S)NCC(c2cccc(Br)c2)O1,0,CHEMBL2289293,1,0,1,,,IC50,Tribolium castaneum,ChEMBL,False,False
EXT_00334,KTGFDMVQZJCWQK-UHFFFAOYSA-N,CN(C)CCCN1C(=O)CSC1c1cccc(F)c1,0,CHEMBL1202933,1,0,1,4.85,4.85,IC50,Anopheles gambiae,ChEMBL,False,False
EXT_00339,KYTGMQCHVSBDAJ-UHFFFAOYSA-N,COc1cccc(Cn2cnc3cc(C(=O)O)ccc32)c1,0,CHEMBL3287368,1,0,1,,,IC50,Drosophila melanogaster,ChEMBL,False,False
EXT_00341,KZROMZCICLWKQK-UHFFFAOYSA-N,CCOP(=O)(OCC)SCCCCCSP(=O)(OCC)OCC,0,CHEMBL2252841,2,0,2,4.91,4.91,IC50,"Drosophila melanogaster,Musca domestica",ChEMBL,False,False
EXT_00342,KZXSNLGQJXVOEY-LDADJPATSA-N,CCCCCN(Cc1ccc(Cl)nc1)/C(C)=N/C#N,0,CHEMBL2287450,1,0,1,,,EC50,Musca domestica,ChEMBL,False,False
EXT_00347,LDBYELVZNVROCO-UHFFFAOYSA-N,CCOP(=O)(OCC)SCCCCCN1C(=O)c2ccccc2C1=O,0,CHEMBL2252849,2,0,2,4.91,4.91,IC50,"Drosophila melanogaster,Musca domestica",ChEMBL,False,False
EXT_00351,LFIOFZKZCDMGFG-UHFFFAOYSA-N,Nc1ccc(S(N)(=O)=O)cc1Cl,0,CHEMBL7092,1,0,1,4.91,4.91,Ki,Anopheles gambiae,ChEMBL,False,False
EXT_00355,LJLPDLHRHNGALA-UHFFFAOYSA-N,CC(C)(C)N(NC(=O)c1ccccc1)C(=O)c1ccc(Cl)cc1Cl,0,CHEMBL2286742,1,0,1,,,EC50,Drosophila melanogaster,ChEMBL,False,False
EXT_00361,LMYRWZFENFIFIT-UHFFFAOYSA-N,Cc1ccc(S(N)(=O)=O)cc1,0,CHEMBL574,1,0,1,4.91,4.91,Ki,Anopheles gambiae,ChEMBL,False,False
EXT_00364,LSGOTAXPWMCUCK-RYUDHWBXSA-N,O=C1N[C@@H](Cc2ccc(O)cc2)C(=O)N2CCC[C@@H]12,0,CHEMBL359788,2,0,2,4.37,4.37,"IC50,LC50",Plutella xylostella,ChEMBL,False,False
EXT_00381,MCSAQVGDZLPTBS-UHFFFAOYSA-N,CNCc1cccnc1,0,CHEMBL357101,1,0,1,,,IC50,Musca domestica,ChEMBL,False,False
EXT_00385,MIGYHYGLNSMSCY-UHFFFAOYSA-N,OCCN1CCN(c2nccc(Nc3ccc(-c4ccccc4)cc3)n2)CC1,0,CHEMBL4474234,1,0,1,,,LC50,Aedes aegypti,ChEMBL,False,False
EXT_00386,MIKIBCYBICWOMD-UHFFFAOYSA-O,Cc1cn(CCCCCCOC(c2ccccc2)(c2ccccc2)c2cc[n+](C)cc2)c(=O)[nH]c1=O,0,CHEMBL438603,1,0,1,4.54,4.54,IC50,Drosophila melanogaster,ChEMBL,False,False
EXT_00388,MIVMWMWJXZIPMS-UHFFFAOYSA-N,C=C1C(C)=C(C#N)C(=O)N1c1cc(Cl)cc(Cl)c1,0,CHEMBL1253760,1,0,1,4.56,4.56,IC50,Lucilia cuprina,ChEMBL,False,False
EXT_00390,MKGIQRNAGSSHRV-UHFFFAOYSA-N,C[N+]1(C)CCN(c2ccccc2)CC1,0,CHEMBL134752,1,0,1,4.06,4.06,Ki,Musca domestica,ChEMBL,False,False
EXT_00391,MNPMTNVGBQQTFT-UHFFFAOYSA-N,Cc1cccc(C(=O)NC(C)C)c1NC(=O)c1cnc(C(F)(F)F)nc1C,0,CHEMBL197645,2,1,1,,,LC50,"Plutella xylostella,Spodoptera frugiperda",ChEMBL,False,False
EXT_00395,MPGJVJWTKLDDFO-UHFFFAOYSA-N,CNC(=O)Oc1cccc(OCCCCOc2cccc([N+](=O)[O-])c2)c1,0,CHEMBL2230093,1,0,1,4.92,4.92,IC50,Musca domestica,ChEMBL,False,False
EXT_00396,MPYAIDWTDSTPEU-UHFFFAOYSA-N,CC(C)CCC(O)C(C)(O)C1CCC2C3CCC4CC(O)CCC4(C)C3CCC21C,0,CHEMBL3138491,1,0,1,4.38,4.38,IC50,Drosophila melanogaster,ChEMBL,False,False
EXT_00399,MQFTYOSSTNGEII-LKFLUANLSA-N,CC(C)(C)OC(=O)NCCCC(=O)O[C@H]1[C@H](O)[C@@H](CO)O[C@H]1n1cc(/C=C/Br)c(=O)[nH]c1=O,0,CHEMBL398594,1,0,1,,,IC50,Drosophila melanogaster,ChEMBL,False,False
EXT_00400,MQVBBKCDXARUPM-UHFFFAOYSA-N,COc1cccc(C2CNP(=S)(OC)O2)c1,0,CHEMBL2289019,1,0,1,,,IC50,Tribolium castaneum,ChEMBL,False,False
EXT_00406,MXOQZEQHWJXKPB-UHFFFAOYSA-N,C=C1C(C(C)C)=C(C#N)C(=O)N1c1c(C)cc(Cl)cc1Cl,0,CHEMBL1254774,1,0,1,,,IC50,Lucilia cuprina,ChEMBL,False,False
EXT_00407,MXQVCHDCVCVRKV-UHFFFAOYSA-N,CNC(=O)Oc1cccc(OCCCCOc2ccc(C(F)(F)F)cc2)c1,0,CHEMBL2230099,1,0,1,,,IC50,Musca domestica,ChEMBL,False,False
EXT_00408,MXSSIIJFICBNQB-QUXRGVBESA-N,[O-][S+](CCc1ccccc1)[C@H]1O[C@H](CO)[C@@H](O)[C@H](O)[C@@H]1O,0,CHEMBL1689634,1,0,1,,,IC50,Drosophila melanogaster,ChEMBL,False,False
EXT_00409,MXYUKLILVYORSK-HBMCJLEFSA-N,CN1[C@@H](CC(=O)c2ccccc2)CCC[C@H]1C[C@H](O)c1ccccc1,0,CHEMBL122270,1,0,1,4.89,4.89,Ki,Musca domestica,ChEMBL,False,False
EXT_00411,MYFJLJCVSVNEDV-UHFFFAOYSA-N,Cc1cn(CCCCCCCOC(c2ccccc2)(c2ccccc2)c2ccccc2)c(=O)[nH]c1=O,0,CHEMBL219367,1,0,1,4.5,4.5,IC50,Drosophila melanogaster,ChEMBL,False,False
EXT_00417,MZTVBDKRHBBHNR-UHFFFAOYSA-N,O=C(O)CCCc1nc(-c2ccccc2)no1,0,CHEMBL1329600,2,0,2,,,LC50,Aedes aegypti,ChEMBL,False,False
EXT_00434,NKENNYJZMFTMAS-UHFFFAOYSA-N,O=C(O)c1ccc2c(c1)nc(CCNC(=O)c1cccs1)n2Cc1ccc(C(F)(F)F)cc1,0,CHEMBL3287363,1,0,1,,,IC50,Drosophila melanogaster,ChEMBL,False,False
EXT_00441,NMHMNPHRMNGLLB-UHFFFAOYSA-N,O=C(O)CCc1ccc(O)cc1,0,CHEMBL1172560,2,0,2,4.07,4.07,"IC50,LC50",Plutella xylostella,ChEMBL,False,False
EXT_00443,NNONZLUPBQRBKD-FSKYWUMTSA-N,COCC(=O)O[C@H]1[C@H](O)[C@@H](CO)O[C@H]1n1cc(/C=C/Br)c(=O)[nH]c1=O,0,CHEMBL399413,1,0,1,,,IC50,Drosophila melanogaster,ChEMBL,False,False
EXT_00445,NOXYFBDONIJCDT-UHFFFAOYSA-N,O=C(O)c1ccc2nc(CCNC(=O)c3cccs3)n(Cc3cccc(C(F)(F)F)c3)c2c1,0,CHEMBL3287360,1,0,1,,,IC50,Drosophila melanogaster,ChEMBL,False,False
EXT_00448,NPXGFQLFZNMQJW-HOCLYGCPSA-N,CC(=O)N[C@@H](Cc1ccccc1)C(=O)NCC(=O)N[C@H](C(=O)O)C(C)C,0,CHEMBL2252866,2,0,2,,,"IC50,LC50",Plutella xylostella,ChEMBL,False,False
EXT_00449,NQCLCNDSPHMVDW-XKLJWPJGSA-N,O=C(/N=C1/N(CCCCCN2CCN(Cc3ccc(Cl)nc3)/C2=N/C(=O)C(F)(F)F)CCN1Cc1ccc(Cl)nc1)C(F)(F)F,0,CHEMBL2252504,1,0,1,4.8,4.8,Ki,Musca domestica,ChEMBL,False,False
EXT_00453,NSDRVEXNRGFQES-UHFFFAOYSA-N,CCn1nc(C(F)(F)F)cc1C(=O)Nc1c(C)cccc1C(=O)NC(C)C,0,CHEMBL198260,2,1,1,,,LC50,"Plutella xylostella,Spodoptera frugiperda",ChEMBL,False,False
EXT_00455,NTDRAPUWFKYBRG-UHFFFAOYSA-N,C=C1C(c2ccccc2)=C(C#N)C(=O)N1c1c(C)cccc1C(C)C,0,CHEMBL1254031,1,0,1,4.26,4.26,IC50,Lucilia cuprina,ChEMBL,False,False
EXT_00457,NUWZEFGBNQLRTH-UHFFFAOYSA-N,CC(C)(C)N(NC(=O)c1ccc(C#N)cc1)C(=O)c1ccccc1Cl,0,CHEMBL2286718,2,1,1,5.74,4.885,"EC50,IC50","Drosophila melanogaster,Spodoptera frugiperda",ChEMBL,False,False
EXT_00461,NXNWPCHOVFXSTI-UHFFFAOYSA-N,CCc1ccc(C(=O)NC(C(=O)c2cc(C)cc(C)c2)C(C)(C)C)cc1,0,CHEMBL2286411,2,0,2,4.62,4.475,"EC50,IC50",Spodoptera littoralis,ChEMBL,False,False
EXT_00463,NYHBQMYGNKIUIF-FJFJXFQQSA-N,Nc1nc2c(ncn2[C@@H]2O[C@H](CO)[C@@H](O)[C@@H]2O)c(=O)[nH]1,0,CHEMBL240933,1,0,1,,,IC50,Drosophila melanogaster,ChEMBL,False,False
EXT_00464,NZUSMFWLEAULKT-FOWTUZBSSA-N,CCC/C(=N\C#N)N(C)Cc1ccc(Cl)nc1,0,CHEMBL2287453,1,0,1,,,EC50,Musca domestica,ChEMBL,False,False
EXT_00467,OAXAIKRROGOSQW-ABAIWWIYSA-N,Cc1cc(O)c2c(c1)O[C@@]1(C(N)=O)C(=CC=C[C@H]1O)C2=O,0,CHEMBL88409,1,0,1,4.54,4.54,IC50,Drosophila melanogaster,ChEMBL,False,False
EXT_00468,OBFKQWMXNMAWLZ-MHWRWJLKSA-N,C/C(=N\C#N)N(Cc1ccc(Cl)nc1)C(C)C,0,CHEMBL2287447,1,0,1,,,EC50,Musca domestica,ChEMBL,False,False
EXT_00471,OFBFNFQGVFVHQX-UHFFFAOYSA-N,CN(C)CCNC(=S)Nc1ccccc1Cl,0,CHEMBL4100253,1,0,1,4.77,4.77,IC50,Anopheles gambiae,ChEMBL,False,False
EXT_00475,OHRPKUDJMIHDKF-UHFFFAOYSA-N,CCC(=O)NCCc1c2c3c(ccnc3c3ncsc13)-c1ccccc1N2,0,CHEMBL463916,1,0,1,,,LC50,Spodoptera littoralis,ChEMBL,False,False
EXT_00476,OIDKVWTWGDWMHY-RYUDHWBXSA-N,O=C(O)[C@H](Cc1ccc(O)cc1)NC(=O)[C@@H]1CCCN1,0,CHEMBL298979,2,0,2,,,"IC50,LC50",Plutella xylostella,ChEMBL,False,False
EXT_00477,OITFROHSZHTQCD-UHFFFAOYSA-N,C=C1C(CC(C)C)=C(C#N)C(=O)N1c1c(C)cc(C)cc1C,0,CHEMBL1253939,1,0,1,,,IC50,Lucilia cuprina,ChEMBL,False,False
EXT_00484,OOYWWATYGBQNNQ-CAPFRKAQSA-N,CN(Cc1ccc(Cl)nc1)/C(Cc1ccccc1)=N/C#N,0,CHEMBL2287459,1,0,1,,,EC50,Musca domestica,ChEMBL,False,False
EXT_00485,OPFFMHIZJROPHR-RVDMUPIBSA-N,CC/C(=N\C#N)N(C)Cc1ccc(Cl)nc1,0,CHEMBL2287452,1,0,1,4.45,4.45,EC50,Musca domestica,ChEMBL,False,False
EXT_00490,OWAJMROHTFWTPH-UHFFFAOYSA-N,CN(C)CCN=C(S)Nc1cccc(Cl)c1,0,CHEMBL1301463,1,0,1,4.02,4.02,IC50,Anopheles gambiae,ChEMBL,False,False
EXT_00503,PGUIAWATJDLBEN-KOSMNMCVSA-N,C=CCC1OC(=O)CCNC(=O)[C@H](C)N(C)C(=O)[C@H]([C@@H](C)CC)N(C)C(=O)[C@H]([C@@H](C)CC)NC(=O)[C@@H]2C(C)CCN2C1=O,0,CHEMBL449360,1,0,1,,,LC50,Drosophila melanogaster,ChEMBL,False,False
EXT_00505,PIEYNDWUOMEKNW-UHFFFAOYSA-N,COc1cccc(C(=O)NN(C(=O)c2ccccc2Cl)C(C)(C)C)c1C,0,CHEMBL2286723,1,0,1,4.78,4.78,EC50,Drosophila melanogaster,ChEMBL,False,False
EXT_00513,POQKPOUSJVGFHD-UHFFFAOYSA-N,Cc1cn(CCCCCCOC(c2ccccc2)(c2ccccc2)c2ccccc2)c(=O)[nH]c1=O,0,CHEMBL216998,1,0,1,4.77,4.77,IC50,Drosophila melanogaster,ChEMBL,False,False
EXT_00522,PUHBZYAKYDZFIB-UHFFFAOYSA-N,CC(C)(C)N(NC(=O)c1ccccc1I)C(=O)c1ccccc1Cl,0,CHEMBL2286745,1,0,1,4.06,4.06,EC50,Drosophila melanogaster,ChEMBL,False,False
EXT_00526,PWJQXNCIMVWGQX-UHFFFAOYSA-N,CCOc1cccc(C(=O)NN(C(=O)c2cc(C)cc(C)c2)C(C)(C)C)c1C,0,CHEMBL2286729,1,0,1,4.92,4.92,EC50,Drosophila melanogaster,ChEMBL,False,False
EXT_00528,PXCYWBXHQDTZJJ-UHFFFAOYSA-N,CCc1ccc(C2CNP(=S)(OC)O2)cc1,0,CHEMBL2289272,1,0,1,,,IC50,Tribolium castaneum,ChEMBL,False,False
EXT_00532,PYQDJAVISDOFPG-UHFFFAOYSA-N,CCC(CC)Cc1ccc(OCCNC(=O)NC)cc1,0,CHEMBL2272169,1,0,1,4.83,4.83,IC50,Culex pipiens,ChEMBL,False,False
EXT_00538,PZWNSVTWQFYBGF-NBVRZTHBSA-N,CCCCC/C(=N\C#N)N(C)Cc1ccc(Cl)nc1,0,CHEMBL2287457,1,0,1,,,EC50,Musca domestica,ChEMBL,False,False
EXT_00541,QBTZIYVDZIURSE-UHFFFAOYSA-N,COc1cccc(C(=O)NN(C(=O)c2ccccc2Cl)C(C)(C)C)c1,0,CHEMBL2286750,1,0,1,4.14,4.14,EC50,Drosophila melanogaster,ChEMBL,False,False
EXT_00551,QIBVLSLOHQJUNF-UHFFFAOYSA-N,O=C(O)CCc1cc(-c2ccccc2)no1,0,CHEMBL2442685,1,0,1,,,LC50,Aedes aegypti,ChEMBL,False,False
EXT_00557,QNSMKJFNORJNHH-UHFFFAOYSA-N,CCc1nc(C(F)(F)F)ccc1C(=O)Nc1c(C)cccc1C(=O)NC(C)C,0,CHEMBL370155,2,1,1,,,LC50,"Plutella xylostella,Spodoptera frugiperda",ChEMBL,False,False
EXT_00558,QOAXQANKSMHFKJ-UHFFFAOYSA-N,Nc1nccc(Nc2ccc(S(N)(=O)=O)cc2)n1,0,CHEMBL6633,1,0,1,4.97,4.97,Ki,Anopheles gambiae,ChEMBL,False,False
EXT_00564,QVBPNNMACQAWFA-UHFFFAOYSA-N,O=C(O)CCc1nc(-c2ccc([N+](=O)[O-])cc2)no1,0,CHEMBL2442677,1,0,1,,,LC50,Aedes aegypti,ChEMBL,False,False
EXT_00568,QWMZQSWJLKNPDN-UHFFFAOYSA-N,CCNC(=O)c1cccc(C)c1NC(=O)c1ccc(C(F)(F)F)cc1C,0,CHEMBL372559,2,1,1,,,LC50,"Plutella xylostella,Spodoptera frugiperda",ChEMBL,False,False
EXT_00573,QYZGJDMVSIEQSQ-UHFFFAOYSA-N,Cc1cccc(Cn2cnc3cc(C(=O)O)ccc32)c1,0,CHEMBL3287367,1,0,1,,,IC50,Drosophila melanogaster,ChEMBL,False,False
EXT_00576,RBFKLENWRJKDSC-UHFFFAOYSA-N,O=C(O)c1ccc2c(c1)ncn2Cc1ccccc1,0,CHEMBL3287366,1,0,1,,,IC50,Drosophila melanogaster,ChEMBL,False,False
EXT_00577,RDFBIASNXIDXSK-VZUCSPMQSA-N,NC(=S)N/N=C/c1ccc(F)cc1,0,CHEMBL1818875,1,0,1,,,LC50,Aedes aegypti,ChEMBL,False,False
EXT_00578,RDRKUMOEJLAQLK-OLQWOGRFSA-N,CCCCCCCC(=O)O[C@H]1[C@H](O)[C@@H](CO)O[C@H]1n1cc(/C=C/Br)c(=O)[nH]c1=O,0,CHEMBL238635,2,0,2,,,IC50,Drosophila melanogaster,ChEMBL,False,False
EXT_00579,RDWXMEGZBSTSGK-UHFFFAOYSA-N,Cc1cccc(C(=O)NN(C(=O)c2ccccc2Cl)C(C)(C)C)c1,0,CHEMBL2286749,1,0,1,,,EC50,Drosophila melanogaster,ChEMBL,False,False
EXT_00583,RFVCZAAXZDMXQX-UHFFFAOYSA-N,CN(C)CCCN1C(=O)CSC1c1cccnc1,0,CHEMBL5404712,1,0,1,4.35,4.35,IC50,Anopheles gambiae,ChEMBL,False,False
EXT_00585,RGVVLCHDQQUBHQ-UHFFFAOYSA-N,Cc1ccc(C(=O)NN(C(=O)c2ccccc2Cl)C(C)(C)C)c(C)c1,0,CHEMBL2286724,1,0,1,,,EC50,Drosophila melanogaster,ChEMBL,False,False
EXT_00587,RHYXWSASENINLB-UHFFFAOYSA-N,C=C1C(C)=C(C#N)C(=O)N1c1c(C(C)C)cccc1C(C)C,0,CHEMBL1254374,1,0,1,4.63,4.63,IC50,Lucilia cuprina,ChEMBL,False,False
EXT_00591,RKUNBYITZUJHSG-SPUOUPEWSA-N,CN1[C@@H]2CC[C@H]1C[C@@H](OC(=O)C(CO)c1ccccc1)C2,0,CHEMBL517712,1,0,1,4.49,4.49,Ki,Musca domestica,ChEMBL,False,False
EXT_00593,RLXNMHYUCLAIFM-UHFFFAOYSA-N,CCN(CC)Cc1ccccn1,0,CHEMBL1622508,1,0,1,,,IC50,Musca domestica,ChEMBL,False,False
EXT_00597,RODPFHDKOVCRPV-VYCZESIESA-N,CCCCCCCCCC(=O)O[C@H]1[C@H](O)[C@@H](CO)O[C@H]1n1cc(C)c(=O)[nH]c1=O,0,CHEMBL392957,2,0,2,,,IC50,Drosophila melanogaster,ChEMBL,False,False
EXT_00604,RQRDRZBTWOPNBB-UHFFFAOYSA-N,CNC(=O)c1cccc(C)c1NC(=O)c1ccc(C(F)(F)F)cc1C,0,CHEMBL198218,2,0,2,,,LC50,"Plutella xylostella,Spodoptera frugiperda",ChEMBL,False,False
EXT_00605,RSDOPYMFZBJHRL-UHFFFAOYSA-N,O=C1CCCN1CC#CCN1CCCC1,0,CHEMBL7634,2,0,2,4.71,4.6899999999999995,Ki,Drosophila melanogaster,ChEMBL,False,False
EXT_00608,RTMDACDGYGBZCM-UHFFFAOYSA-N,O=C1CCC2(Oc3cccc4cccc(c34)O2)c2ccc(Cl)c(O)c21,0,CHEMBL4217179,1,0,1,,,LC50,Aedes albopictus,ChEMBL,False,False
EXT_00613,RXMWKPAWKIZVAO-UHFFFAOYSA-N,C=C1C(C(C)C)=C(C#N)C(=O)N1c1c(C)cccc1C(C)C,0,CHEMBL1254692,1,0,1,4.33,4.33,IC50,Lucilia cuprina,ChEMBL,False,False
EXT_00616,RZHLRJGZFINBMK-UHFFFAOYSA-N,CNC(=O)Oc1cccc(OCCCOc2ccc(C(F)(F)F)cc2)c1,0,CHEMBL2230101,1,0,1,,,IC50,Musca domestica,ChEMBL,False,False
EXT_00617,RZHYSLUFWXIQIJ-UHFFFAOYSA-N,COc1ccc(NC(S)=NCCN2CCOCC2)cc1,0,CHEMBL1543212,1,0,1,4.96,4.96,IC50,Anopheles gambiae,ChEMBL,False,False
EXT_00618,SADWKIIBGKIGLX-JPYJTQIMSA-N,Cc1ccc(N[C@H]2C[C@@H](C)N(C(=O)c3ccccc3F)c3ccc(C)cc32)cc1,0,CHEMBL294698,1,0,1,4.48,4.48,EC50,Aedes aegypti,ChEMBL,False,False
EXT_00621,SBQGINRWYSHEKN-UHFFFAOYSA-N,Cc1cc(C)cc(C(=O)N(NC(=O)c2ccc(Cl)cc2)C(C)(C)C)c1,0,CHEMBL2228859,1,0,1,4.78,4.78,EC50,Drosophila melanogaster,ChEMBL,False,False
EXT_00622,SBUDUJISMJYINW-UHFFFAOYSA-N,CCc1nc(C(F)(F)F)ncc1C(=O)Nc1c(C)cccc1C(=O)NC(C)C,0,CHEMBL197768,2,1,1,,,LC50,"Plutella xylostella,Spodoptera frugiperda",ChEMBL,False,False
EXT_00623,SCSDNLHYMQEWLD-VKJFTORMSA-N,NCc1ccc([C@@H]2Nc3c(F)cc(F)cc3[C@@H]3C=CC[C@@H]32)cc1,0,CHEMBL2064259,2,0,2,,,LC50,"Aedes aegypti,Anopheles stephensi",ChEMBL,False,False
EXT_00624,SCWKRWCUMCMVPW-UHFFFAOYSA-N,CNC(=O)Oc1ccccc1,0,CHEMBL2046815,1,0,1,,,IC50,Musca domestica,ChEMBL,False,False
EXT_00625,SDZSLWCLYKIAEU-UHFFFAOYSA-N,COc1cccc(C2SCC(=O)N2CCCN(C)C)c1,0,CHEMBL1202941,1,0,1,4.07,4.07,IC50,Anopheles gambiae,ChEMBL,False,False
EXT_00626,SECYMZWHUFZRKC-BWACUDIHSA-N,Fc1cc(F)c2c(c1)[C@@H]1C=CC[C@@H]1[C@H](c1ccccn1)N2,0,CHEMBL2064255,2,0,2,,,LC50,"Aedes aegypti,Anopheles stephensi",ChEMBL,False,False
EXT_00627,SEKFSLRHYOITAX-PEBLQZBPSA-N,O=S(=O)(CCc1ccccc1)[C@H]1O[C@H](CO)[C@@H](O)[C@H](O)[C@@H]1O,0,CHEMBL1689636,1,0,1,,,IC50,Drosophila melanogaster,ChEMBL,False,False
EXT_00630,SFNKSIIBUILCIH-UHFFFAOYSA-N,Cc1cn(CCCCCCCCOC(c2ccccc2)(c2ccccc2)c2ccccc2)c(=O)[nH]c1=O,0,CHEMBL374244,1,0,1,4.52,4.52,IC50,Drosophila melanogaster,ChEMBL,False,False
EXT_00632,SGROJTFSHJVVSF-UHFFFAOYSA-N,CCNCc1cccnc1,0,CHEMBL2286832,1,0,1,,,IC50,Musca domestica,ChEMBL,False,False
EXT_00633,SGYDCWZOMUMRHB-UHFFFAOYSA-N,CN(C)CC/N=C(/S)Nc1ccc(S(N)(=O)=O)cc1,0,CHEMBL179218,1,0,1,4.13,4.13,IC50,Anopheles gambiae,ChEMBL,False,False
EXT_00636,SIKJAQJRHWYJAI-UHFFFAOYSA-N,c1ccc2[nH]ccc2c1,0,CHEMBL15844,2,0,2,4.11,4.11,"IC50,LC50",Plutella xylostella,ChEMBL,False,False
EXT_00637,SISYMEZDIREZLL-UHFFFAOYSA-N,CC(C)(C)N(NC(=O)c1cccc(F)c1)C(=O)c1ccccc1Cl,0,CHEMBL2286746,1,0,1,4.59,4.59,EC50,Drosophila melanogaster,ChEMBL,False,False
EXT_00640,SLJLMYFAIDHROH-UHFFFAOYSA-N,Cc1cn(CCCCCOC(c2ccccc2)(c2ccccc2)c2ccccc2)c(=O)[nH]c1=O,0,CHEMBL216997,1,0,1,4.82,4.82,IC50,Drosophila melanogaster,ChEMBL,False,False
EXT_00642,SLZCOYDOFRTTHF-UHFFFAOYSA-N,CN(C)Cc1cccnc1,0,CHEMBL331904,1,0,1,,,IC50,Musca domestica,ChEMBL,False,False
EXT_00644,SNICXCGAKADSCV-SNVBAGLBSA-N,CN1CCC[C@@H]1c1cccnc1,0,CHEMBL9732,3,0,3,4.22,4.22,"IC50,Ki",Musca domestica,ChEMBL,False,False
EXT_00651,SRLBYYFTPDTTRA-DYVFJYSZSA-N,Cc1cc(O)c2c(c1)O[C@@]1(C(=O)NCCO)C(=CC=C[C@H]1O)C2=O,0,CHEMBL89464,1,0,1,4.64,4.64,IC50,Drosophila melanogaster,ChEMBL,False,False
EXT_00652,SROORBDBUHCJSN-LDMBFOFVSA-N,CCCCCCS(=O)(=O)[C@H]1O[C@H](CO)[C@@H](O)[C@H](O)[C@@H]1O,0,CHEMBL1689641,1,0,1,,,IC50,Drosophila melanogaster,ChEMBL,False,False
EXT_00653,SSLSWWQENAPOFG-DPLHUUCSSA-N,CN1CCC(NCc2ccc([C@@H]3Nc4c(F)cc(F)cc4[C@@H]4C=CC[C@@H]43)cc2)CC1,0,CHEMBL2064261,2,0,2,,,LC50,"Aedes aegypti,Anopheles stephensi",ChEMBL,False,False
EXT_00662,TUCSJFNYZJYLHE-UHFFFAOYSA-N,Cc1cc(C)cc(C(=O)N(NC(=O)c2ccc3c(c2C)OC(C)C3)C(C)(C)C)c1,0,CHEMBL2228848,2,0,2,,,LC50,Plutella xylostella,ChEMBL,False,False
EXT_00663,TUKOCDSLLJGORV-UHFFFAOYSA-N,O=C(O)Cc1nc(-c2ccc(Br)cc2)no1,0,CHEMBL493415,1,0,1,,,LC50,Aedes aegypti,ChEMBL,False,False
EXT_00665,TWLPJSCQTPQHJC-NUEKZKHPSA-N,Cc1cn([C@H]2C[C@H](n3nncc3-c3ccc(Cl)cc3)[C@@H](CO)O2)c(=O)[nH]c1=O,0,CHEMBL1091210,1,0,1,4.52,4.52,IC50,Drosophila melanogaster,ChEMBL,False,False
EXT_00667,TYMRLRRVMHJFTF-UHFFFAOYSA-N,NCc1ccc(S(N)(=O)=O)cc1,0,CHEMBL419,1,0,1,4.87,4.87,Ki,Anopheles gambiae,ChEMBL,False,False
EXT_00677,UDJIORVHQZZHIW-NAWOPXAZSA-N,O=S(=O)(Cc1ccccc1)[C@H]1O[C@H](CO)[C@@H](O)[C@H](O)[C@@H]1O,0,CHEMBL1689635,1,0,1,,,IC50,Drosophila melanogaster,ChEMBL,False,False
EXT_00681,UEUUOSYQIZIXMD-UHFFFAOYSA-N,CCN(CC)Cc1cccnc1,0,CHEMBL2286836,1,0,1,,,IC50,Musca domestica,ChEMBL,False,False
EXT_00685,UHDGCWIWMRVCDJ-CCXZUQQUSA-N,Nc1ccn([C@@H]2O[C@H](CO)[C@@H](O)[C@@H]2O)c(=O)n1,0,CHEMBL803,2,0,2,,,IC50,Drosophila melanogaster,ChEMBL,False,False
EXT_00687,UHXUZOCRWCRNSJ-UHFFFAOYSA-N,CNC(=O)ON=C(C)SC,0,CHEMBL3085419,2,0,2,,,IC50,Plutella xylostella,ChEMBL,False,False
EXT_00688,UIKROCXWUNQSPJ-VIFPVBQESA-N,CN1C(=O)CC[C@H]1c1cccnc1,0,CHEMBL578211,1,0,1,,,IC50,Musca domestica,ChEMBL,False,False
EXT_00689,UJJHGVGOUCOPLX-QGZVFWFLSA-N,CC(C)CN1C[C@@H](CCCCN)N=C(SCCC(=O)NN)c2nn(CC(C)C)cc21,0,CHEMBL3982272,1,0,1,4.68,4.68,EC50,Drosophila melanogaster,ChEMBL,False,False
EXT_00690,UJLLAVMKZANACG-PWRIRTTLSA-N,CCCCCCCCCC(=O)O[C@H]1[C@H](O)[C@@H](CO)O[C@H]1n1cc(/C=C/Br)c(=O)[nH]c1=O,0,CHEMBL400618,2,0,2,,,IC50,Drosophila melanogaster,ChEMBL,False,False
EXT_00691,ULHNZITWDHMBKD-QMMCXANNSA-N,O=C(/N=C1/N(CCCCCCN2CCN(Cc3ccc(Cl)nc3)/C2=N/C(=O)C(F)(F)F)CCN1Cc1ccc(Cl)nc1)C(F)(F)F,0,CHEMBL2252351,1,0,1,4.58,4.58,Ki,Musca domestica,ChEMBL,False,False
EXT_00694,UMYOOWWZVVASQM-UHFFFAOYSA-N,CCCCCC[Se](=O)(=O)CC(C)=O,0,CHEMBL152376,1,0,1,4.16,4.16,IC50,Drosophila melanogaster,ChEMBL,False,False
EXT_00698,UPJFTVFLSIQQAV-KOLCDFICSA-N,CCCC[C@@H]1OC(=O)C2=CCCC[C@H]21,0,CHEMBL2252754,2,0,2,,,"IC50,LC50",Drosophila melanogaster,ChEMBL,False,False
EXT_00701,UQTLRMAXXDCFFD-MUURXVJHSA-N,CC(C)CC[C@@H](O)[C@](C)(O)[C@H]1CC[C@H]2[C@@H]3CC(=O)[C@H]4C[C@@H](O)[C@@H](O)C[C@]4(C)[C@H]3CC[C@]12C,0,CHEMBL562711,1,0,1,4.84,4.84,IC50,Drosophila melanogaster,ChEMBL,False,False
EXT_00702,UQTLRMAXXDCFFD-MVBTYRTFSA-N,CC(C)CC[C@H](O)[C@](C)(O)[C@H]1CC[C@H]2[C@@H]3CC(=O)[C@H]4C[C@H](O)[C@H](O)C[C@]4(C)[C@H]3CC[C@]12C,0,CHEMBL564474,1,0,1,4.41,4.41,IC50,Drosophila melanogaster,ChEMBL,False,False
EXT_00709,UWVDSLFGHZRFAG-UHFFFAOYSA-N,CCCCCC[Se]CC(C)=O,0,CHEMBL150821,1,0,1,,,IC50,Drosophila melanogaster,ChEMBL,False,False
EXT_00711,UZDVKFJSAQWCIC-UHFFFAOYSA-N,CC(C)(C)N(NC(=O)c1cccc(C#N)c1)C(=O)c1ccccc1Cl,0,CHEMBL2286748,1,0,1,4.44,4.44,EC50,Drosophila melanogaster,ChEMBL,False,False
EXT_00713,VABOMGRPQBUJLX-UHFFFAOYSA-N,O=C(c1ccccc1F)N1CCN(C2CCN(Cc3ccccc3)CC2)CC1,0,CHEMBL3969241,1,0,1,4.77,4.77,IC50,Anopheles gambiae,ChEMBL,False,False
EXT_00718,VCYWAUOKIAPLHG-UUILKARUSA-N,NC(=S)N/N=C/COc1cccc(Cl)c1,0,CHEMBL3589424,1,0,1,,,LC50,Aedes aegypti,ChEMBL,False,False
EXT_00720,VFFPALFWDWTCTP-UHFFFAOYSA-N,CNCCCN1C(=O)CSC1c1ccc(Cl)cc1Cl,0,CHEMBL5413217,1,0,1,4.72,4.72,IC50,Anopheles gambiae,ChEMBL,False,False
EXT_00722,VGCMNBOEBOBROL-UHFFFAOYSA-N,O=C(O)c1ccc2c(c1)ncn2Cc1ccc(C(F)(F)F)cc1,0,CHEMBL3287364,1,0,1,,,IC50,Drosophila melanogaster,ChEMBL,False,False
EXT_00730,VOEYXMAFNDNNED-UHFFFAOYSA-N,CNC(=O)Oc1cccc(C)c1,0,CHEMBL2046816,1,0,1,,,IC50,Musca domestica,ChEMBL,False,False
EXT_00737,VUKQRTDWIZJXSS-UHFFFAOYSA-N,CC(C)CSc1nc(OS(C)(=O)=O)cs1,0,CHEMBL2286252,1,0,1,,,IC50,Musca domestica,ChEMBL,False,False
EXT_00738,VUUAQQRMLQXWNQ-UHFFFAOYSA-N,COc1ccc(-c2ccc(OCC(=O)NCCCN3CCN(C)CC3)cc2)cc1,0,CHEMBL4283139,3,0,3,4.8,4.6,IC50,"Aedes aegypti,Anopheles gambiae",ChEMBL,False,False
EXT_00741,VWXAXLILGBPMJP-UHFFFAOYSA-N,CCCCNCc1cccnc1,0,CHEMBL2286835,1,0,1,,,IC50,Musca domestica,ChEMBL,False,False
EXT_00744,WDNHKZOQGLRCKP-UHFFFAOYSA-N,CNC(=O)Oc1cccc(OCCCCOc2ccc([N+](=O)[O-])cc2)c1,0,CHEMBL2230095,1,0,1,4.34,4.34,IC50,Musca domestica,ChEMBL,False,False
EXT_00750,WJIPIQALFYTIQL-UHFFFAOYSA-N,CCN(CC)Cc1ccncc1,0,CHEMBL2286830,1,0,1,,,IC50,Musca domestica,ChEMBL,False,False
EXT_00752,WKDCOKVCLMYCHZ-UHFFFAOYSA-N,O=C(O)c1ccc2[nH]c(CCNC(=O)c3cccs3)nc2c1,0,CHEMBL3287358,1,0,1,,,IC50,Drosophila melanogaster,ChEMBL,False,False
EXT_00755,WKOHAWIGHSNTOJ-DEDYPNTBSA-N,C/C(=N\C#N)N(Cc1ccccc1)Cc1ccc(Cl)nc1,0,CHEMBL2287451,1,0,1,,,EC50,Musca domestica,ChEMBL,False,False
EXT_00756,WMBOCUXXNSOQHM-DHZHZOJOSA-N,CCC/C=C1/OC(=O)c2ccccc21,0,CHEMBL1765390,1,0,1,,,LC50,Drosophila melanogaster,ChEMBL,False,False
EXT_00757,WMBOCUXXNSOQHM-FLIBITNWSA-N,CCC/C=C1\OC(=O)c2ccccc21,0,CHEMBL249592,1,0,1,,,LC50,Drosophila melanogaster,ChEMBL,False,False
EXT_00760,WMVHARKWMABWRW-UHFFFAOYSA-N,COc1cccc(C(=O)NN(C(=O)c2cc(C)cc(C)c2)C(C)(C)C)c1,0,CHEMBL2286727,1,0,1,4.34,4.34,EC50,Drosophila melanogaster,ChEMBL,False,False
EXT_00762,WNIKHMMTZLLSKH-UHFFFAOYSA-N,O=C(COc1ccccc1)N1CCN(C2CCN(Cc3ccccc3)CC2)CC1,0,CHEMBL3931517,1,0,1,4.68,4.68,IC50,Anopheles gambiae,ChEMBL,False,False
EXT_00766,WPABCFPMORYBLD-UHFFFAOYSA-N,S=C(NCCN1CCCCC1)Nc1cccc(Cl)c1,0,CHEMBL4071394,2,0,2,4.66,4.66,IC50,Anopheles gambiae,ChEMBL,False,False
EXT_00777,WWKQGAPNBQJSNA-UHFFFAOYSA-N,CCCCCCSCC(C)=O,0,CHEMBL153107,1,0,1,,,IC50,Drosophila melanogaster,ChEMBL,False,False
EXT_00778,WWMQKYLDVZTOBE-UHFFFAOYSA-N,S=C(NCCN1CCOCC1)Nc1cccc(Cl)c1,0,CHEMBL1416246,1,0,1,4.17,4.17,IC50,Anopheles gambiae,ChEMBL,False,False
EXT_00783,XBEIAPUKOLJNSE-KTKRTIGZSA-O,Cc1cn(C/C=C\COC(c2ccccc2)(c2ccccc2)c2cc[n+](C)cc2)c(=O)[nH]c1=O,0,CHEMBL219908,1,0,1,,,IC50,Drosophila melanogaster,ChEMBL,False,False
EXT_00785,XCLRBPNSFVYAEZ-MHWRWJLKSA-N,C=CCN(Cc1ccc(Cl)nc1)/C(C)=N/C#N,0,CHEMBL2287448,1,0,1,4.46,4.46,EC50,Musca domestica,ChEMBL,False,False
EXT_00787,XDDAYQPNDDSZMV-UHFFFAOYSA-N,C=C1C(C)=C(C(=O)Nc2cccc(Cl)c2)C(=O)N1c1cccc(Cl)c1,0,CHEMBL1254537,1,0,1,,,IC50,Lucilia cuprina,ChEMBL,False,False
EXT_00793,XIMAVZOSPGNLKM-GHRIWEEISA-N,CCCC/C(=N\C#N)N(C)Cc1ccc(Cl)nc1,0,CHEMBL2287455,1,0,1,,,EC50,Musca domestica,ChEMBL,False,False
EXT_00796,XMTMNCSIIKTNGP-UHFFFAOYSA-N,COc1ccc(NC(=S)NCCN(C)C)cc1Cl,0,CHEMBL4075136,2,0,2,4.77,4.76,IC50,Anopheles gambiae,ChEMBL,False,False
EXT_00799,XNYUHDKHKQHGTB-UHFFFAOYSA-N,Cc1cccc(C(=O)NC(C)C)c1NC(=O)c1ccc(C(F)(F)F)nc1C(C)C,0,CHEMBL199142,2,1,1,,,LC50,"Plutella xylostella,Spodoptera frugiperda",ChEMBL,False,False
EXT_00800,XODDCJFEBMABKW-UHFFFAOYSA-N,Cc1cccc(-c2noc(CCC(=O)O)n2)c1,0,CHEMBL2442690,1,0,1,,,LC50,Aedes aegypti,ChEMBL,False,False
EXT_00801,XOMSSWCTXPZCIF-UHFFFAOYSA-N,CC(C)(C)N(NC(=O)c1ccccc1Br)C(=O)c1ccccc1Cl,0,CHEMBL2286744,1,0,1,4.22,4.22,EC50,Drosophila melanogaster,ChEMBL,False,False
EXT_00804,XTVPTIAFWYQSSW-UHFFFAOYSA-N,Cc1cn(CCOCCOC(c2ccccc2)(c2ccccc2)c2ccccc2)c(=O)[nH]c1=O,0,CHEMBL219905,1,0,1,4.25,4.25,IC50,Drosophila melanogaster,ChEMBL,False,False
EXT_00805,XUWKCSYPGGIVKR-UHFFFAOYSA-N,CCOP(=O)(OCC)SCCCCCCCCCCN1C(=O)c2ccccc2C1=O,0,CHEMBL2252723,2,0,2,4.09,4.09,IC50,"Drosophila melanogaster,Musca domestica",ChEMBL,False,False
EXT_00807,XXABSLKSVNSKNR-LRHXJELHSA-N,COc1ccc(CC(=O)O[C@H]2[C@H](O)[C@@H](CO)O[C@H]2n2cc(/C=C/Br)c(=O)[nH]c2=O)cc1,0,CHEMBL241408,1,0,1,,,IC50,Drosophila melanogaster,ChEMBL,False,False
EXT_00810,XZBAHVXCAMYTPQ-DXSAQWPFSA-N,CC(C)(C)OC(=O)NCCCCCCCC(=O)O[C@H]1[C@H](O)[C@@H](CO)O[C@H]1n1cc(/C=C/Br)c(=O)[nH]c1=O,0,CHEMBL240716,1,0,1,4.13,4.13,IC50,Drosophila melanogaster,ChEMBL,False,False
EXT_00811,XZHPYHJFZUUHKF-DVECYGJZSA-N,COc1cccc(C(=O)N2c3ccc(C)cc3[C@@H](Nc3ccc(C)cc3)C[C@H]2C)c1,0,CHEMBL409553,1,0,1,4.48,4.48,EC50,Aedes aegypti,ChEMBL,False,False
EXT_00812,YAEPCDBQNNDLJN-KEYYUXOJSA-N,CN1c2c(F)cc(F)cc2[C@@H]2C=CC[C@@H]2[C@@H]1c1cccnc1,0,CHEMBL2064248,2,0,2,,,LC50,"Aedes aegypti,Anopheles stephensi",ChEMBL,False,False
EXT_00814,YBASPVAHLJGYNX-VFNWGFHPSA-N,COc1ccccc1C(=O)N1c2ccc(F)cc2[C@@H](Nc2ccc(F)cc2)C[C@H]1C,0,CHEMBL61369,1,0,1,4.48,4.48,EC50,Aedes aegypti,ChEMBL,False,False
EXT_00817,YEMQPAHBMSLZJE-UHFFFAOYSA-N,Cc1cn(CCOCCOC(c2ccccc2)(c2ccccc2)c2ccc(Cl)cc2)c(=O)[nH]c1=O,0,CHEMBL219458,1,0,1,4.35,4.35,IC50,Drosophila melanogaster,ChEMBL,False,False
EXT_00821,YJAARTMYXMWRRB-UHFFFAOYSA-N,CN1CCN(CCCNC(=O)COc2ccc(-c3ccccc3)cc2)CC1,0,CHEMBL4288000,3,0,3,4.92,4.89,IC50,"Aedes aegypti,Anopheles gambiae",ChEMBL,False,False
EXT_00828,YPDQKWNPGRNLNW-FOWTUZBSSA-N,CC(C)/C(=N\C#N)N(C)Cc1ccc(Cl)nc1,0,CHEMBL2287454,1,0,1,,,EC50,Musca domestica,ChEMBL,False,False
EXT_00829,YQFJJOPBPPYZEU-UHFFFAOYSA-N,CCN1CCN(CCCNC(=O)COc2ccc(I)cc2)CC1,0,CHEMBL4280753,3,0,3,4.37,4.14,IC50,"Aedes aegypti,Anopheles gambiae",ChEMBL,False,False
EXT_00835,YUHNZTXVYZZCPS-UHFFFAOYSA-N,C=C1C(CC)=C(C#N)C(=O)N1c1cc(Cl)ccc1C(C)(C)C,0,CHEMBL1253195,1,0,1,4.96,4.96,IC50,Lucilia cuprina,ChEMBL,False,False
EXT_00837,YWFYQDLYWZUMHH-UHFFFAOYSA-N,C=C1C(CCCC)=C(C#N)C(=O)N1c1c(C)cccc1Cl,0,CHEMBL1254949,1,0,1,4.25,4.25,IC50,Lucilia cuprina,ChEMBL,False,False
EXT_00839,YWUWMXDEUDNGHC-UHFFFAOYSA-N,O=C1CCC2(Oc3cccc4cccc(c34)O2)c2c(Cl)ccc(O)c21,0,CHEMBL3342637,1,0,1,,,LC50,Aedes albopictus,ChEMBL,False,False
EXT_00840,YXZJYDYPBCUCJX-WCQGTBRESA-N,CC1=C2C[C@H](C(C)(C)O)CC[C@H](C)[C@@H]2CC1=O,0,CHEMBL463501,1,0,1,,,LC50,Spodoptera littoralis,ChEMBL,False,False
EXT_00843,ZAHGBBWQTOLMRX-UHFFFAOYSA-N,c1cncc(CN2CCCCC2)c1,0,CHEMBL2287057,2,0,2,4.17,4.17,"IC50,Ki",Musca domestica,ChEMBL,False,False
EXT_00846,ZCPLATPMENEVQQ-UHFFFAOYSA-N,CCOP(=O)(OCC)SCCCCN1C(=O)c2ccccc2C1=O,0,CHEMBL2252848,2,1,1,5.0,4.795,IC50,"Drosophila melanogaster,Musca domestica",ChEMBL,False,False
EXT_00852,ZGLKLXLPRAAAMO-NUEKZKHPSA-N,Cc1cn([C@H]2C[C@H](n3nncc3-c3ccccc3)[C@@H](CO)O2)c(=O)[nH]c1=O,0,CHEMBL1090869,1,0,1,4.77,4.77,IC50,Drosophila melanogaster,ChEMBL,False,False
EXT_00854,ZGQJECISIKVETQ-UHFFFAOYSA-N,Cc1ccc(C)c(C(=O)NN(C(=O)c2ccccc2Cl)C(C)(C)C)c1,0,CHEMBL2286725,1,0,1,,,EC50,Drosophila melanogaster,ChEMBL,False,False
EXT_00859,ZHHDPMJFHGUJRF-UHFFFAOYSA-N,CCCCCCCCC(=O)CF,0,CHEMBL153601,1,0,1,,,IC50,Drosophila melanogaster,ChEMBL,False,False
EXT_00864,ZMSNARUZUICOMA-UHFFFAOYSA-N,O=C(O)c1ccc2c(c1)nc(CCNC(=O)c1cccs1)n2Cc1cccc(C(F)(F)F)c1,0,CHEMBL2430574,1,0,1,,,IC50,Drosophila melanogaster,ChEMBL,False,False
EXT_00869,ZOXGWDGGTQZPRO-UHFFFAOYSA-N,C=C1C(C)=C(C(=O)c2ccccc2)C(=O)N1c1cccc(C(F)(F)F)c1,0,CHEMBL1254303,1,0,1,4.76,4.76,IC50,Lucilia cuprina,ChEMBL,False,False
EXT_00871,ZQTJXFGUXQBJSN-UHFFFAOYSA-N,CCCCN(CCCC)Cc1cccnc1,0,CHEMBL2286838,1,0,1,,,IC50,Musca domestica,ChEMBL,False,False
EXT_00875,ZSDFNOZRKMPXSL-UHFFFAOYSA-N,CC1CCc2ccccc2N1C(=O)c1ccc(Cl)cc1,0,CHEMBL2286415,1,0,1,4.26,4.26,IC50,Spodoptera littoralis,ChEMBL,False,False
EXT_00878,ZTRFLUQOXMKABJ-UHFFFAOYSA-N,CCc1ccccc1C(=O)N(NC(=O)c1ccccc1)C(C)(C)C,0,CHEMBL2286741,1,0,1,4.01,4.01,EC50,Drosophila melanogaster,ChEMBL,False,False
EXT_00879,ZWMFZYFOLFXETA-UHFFFAOYSA-N,CCc1ccc(C(=O)NN(C(=O)c2cccc3ccccc23)C(C)(C)C)cc1,0,CHEMBL2286703,1,0,1,4.98,4.98,EC50,Drosophila melanogaster,ChEMBL,False,False
REP_00007,JUVIOZPCNVVQFO-HBGVWJBISA-N,C=C(C)[C@H]1Cc2c(ccc3c2O[C@@H]2COc4cc(OC)c(OC)cc4[C@@H]2C3=O)O1,0,CHEMBL429023,2,0,2,,,LC50,Drosophila melanogaster,ChEMBL,False,True
REP_00264,RYFOJXFXERAMLS-UHFFFAOYSA-N,Cn1cccc1-c1cccnc1,0,CHEMBL1522291,1,0,1,,,IC50,Musca domestica,ChEMBL,False,True
REP_00324,ZAJNGDIORYACQU-UHFFFAOYSA-N,CCCCCCCCC(C)=O,0,CHEMBL47127,1,0,1,,,IC50,Drosophila melanogaster,ChEMBL,False,True
