29
 energy: -46.884867451635 gnorm: 0.098863423494 xtb: 6.7.1 (edcfbbe)
C            4.26064596419200        0.19505958976800       -0.45965095190900
O            2.92708852515400       -0.20976501119600       -0.76461242412300
C            1.98568626362800        0.37119339528900        0.01769679151700
O            2.18300188018000        1.16159325455700        0.92728918948600
C            0.64303353622600       -0.08346620031500       -0.38635879972200
C            0.31490844273300       -1.31980135498500       -0.84013950828600
C            0.50623772827200       -2.40379533246200        0.21613551543700
C           -0.72249444827300       -2.07821144992300        1.10302047616300
C           -1.41840849276800       -0.90242946800700        0.34683678645500
C           -1.18414564575700       -1.32931436225900       -1.09417850382800
C           -0.54433653977900        0.38654141303500        0.43288975647700
C           -1.20259069398000        1.61252262849900       -0.17744686142800
O           -0.76867442736800        2.26406537683000       -1.11763104451700
O           -2.35330012700300        1.89932395579600        0.49991591837000
C           -3.03552547486300        3.05850357840600        0.01916377919400
H            4.93706754497700       -0.31874281231800       -1.14829375679700
H            4.37683069825000        1.27421482638700       -0.60126427412300
H            4.52407160933700       -0.09242622201400        0.56310394358500
H            1.44622801654700       -2.32276950879600        0.77039014079100
H            0.43715708196600       -3.40322637965800       -0.22495463157800
H           -1.38360506354000       -2.95024284420300        1.16565460560000
H           -0.42998121118100       -1.79377519486100        2.11929098232900
H           -2.46602407269400       -0.76477271838900        0.62410354431900
H           -1.57860199551800       -2.32093049421500       -1.33841527995400
H           -1.50297060282700       -0.60594962128300       -1.85118417785200
H           -0.27284982390500        0.61253510357600        1.47029297233400
H           -3.93373783244600        3.19887774602300        0.62679671239900
H           -3.34058532309400        2.91887369966500       -1.02263746321700
H           -2.40412551646500        3.94631440705600        0.12418656287700
29
 energy: -46.896700943493 gnorm: 0.029586364796 xtb: 6.7.1 (edcfbbe)
C            4.27111598556623        0.19626277109694       -0.46001140088985
O            2.93803795685000       -0.20554582856439       -0.74186756215267
C            1.99690412475967        0.35266628650678        0.05003245714508
O            2.21240364733836        1.15141975542635        0.93569247047838
C            0.66492499521088       -0.10603008840659       -0.32244585809330
C            0.31876124850605       -1.34615320420938       -0.81276263912318
C            0.52471502533343       -2.45831867857860        0.18940624436548
C           -0.70042618048402       -2.06538908792395        1.08305056590606
C           -1.43847369874822       -0.90037583000625        0.35649989693763
C           -1.18043310125385       -1.32551131119083       -1.08137336574262
C           -0.57414650187923        0.39984047273757        0.39721547014719
C           -1.23255988746416        1.62757910081552       -0.18486511586007
O           -0.81475953951052        2.26108435274996       -1.11476803935695
O           -2.36800383307837        1.92140043175013        0.48352301178333
C           -3.05334479001233        3.07511294590943        0.01690999727057
H            4.92252780289105       -0.32579887165821       -1.16179621916270
H            4.37477416881804        1.27563812025043       -0.58829922742589
H            4.53353120464535       -0.07677806370715        0.56449762365967
H            1.46559561808801       -2.36072428828708        0.72835355121154
H            0.43732807076205       -3.45769809261408       -0.23438996088131
H           -1.37955896923687       -2.91671830699026        1.16276111588204
H           -0.40368231942376       -1.78184021293152        2.09371555439727
H           -2.47629696887467       -0.75855888475906        0.66018475626061
H           -1.58593219195364       -2.30537735768860       -1.33177319564292
H           -1.48669712381961       -0.59601755133578       -1.83040334340166
H           -0.27470300401985        0.64181689007247        1.42165100153018
H           -3.94051799433576        3.19343080216537        0.63891606698758
H           -3.34127549442104        2.93859765300266       -1.02719349030400
H           -2.40980825025225        3.95198607637113        0.10953963407353
29
 energy: -46.898988556995 gnorm: 0.014377650518 xtb: 6.7.1 (edcfbbe)
C            4.27405867974033        0.19696260855700       -0.45312740616806
O            2.94103726363552       -0.20778288803227       -0.71847686901452
C            1.99825958732794        0.34775307236260        0.07103541728286
O            2.23355867184458        1.14520371950135        0.95219761416433
C            0.67579985930277       -0.11798920885271       -0.28603646014866
C            0.32014905046169       -1.35364873962689       -0.79755648912420
C            0.52083979555221       -2.48682553148186        0.16355801506797
C           -0.68737741069030       -2.06760285617570        1.08771609911015
C           -1.42868241949160       -0.90143504396758        0.36418154072558
C           -1.17729920808764       -1.31952888486309       -1.07790287050104
C           -0.58173692699877        0.41218566171303        0.38272805084469
C           -1.25873728103178        1.62311960817183       -0.21201991127836
O           -0.85150597195193        2.25659635790309       -1.14196413198455
O           -2.37619695546765        1.92678317240315        0.46592193541293
C           -3.06470885892284        3.08426415065391        0.01515724351671
H            4.90559870465644       -0.33153441314127       -1.16450891794275
H            4.37430647254720        1.27619101301579       -0.58144517077491
H            4.54929248361314       -0.06240342812748        0.57152532719602
H            1.47041136980671       -2.40996298349882        0.68580950034098
H            0.40252743079005       -3.48344669697454       -0.25442534685783
H           -1.38024393410150       -2.90528605906749        1.18294160903754
H           -0.35408479167372       -1.78427367584130        2.08584417955597
H           -2.45713244165387       -0.76185212712530        0.69500166370603
H           -1.59150827512553       -2.29189202723127       -1.33620055395722
H           -1.46536892701861       -0.57963434657870       -1.82089959445541
H           -0.27435103433427        0.68465945826868        1.39980943857364
H           -3.94112769699285        3.18954296335761        0.65017708234904
H           -3.35629723419842        2.96178016221829       -1.02922765311106
H           -2.41948000153640        3.96005696246293        0.10018665843313
29
 energy: -46.899872067951 gnorm: 0.009544034426 xtb: 6.7.1 (edcfbbe)
C            4.27660874235736        0.19706551196836       -0.44382879854042
O            2.94489545666911       -0.21705239632728       -0.69595428515954
C            1.99877250562094        0.33993012815184        0.09019182006864
O            2.24609954457090        1.14199282668277        0.96605414363079
C            0.68132332172683       -0.12397137947731       -0.26810642953173
C            0.31921934389487       -1.35249912689613       -0.79070119453888
C            0.51600986189915       -2.50396310377254        0.13868508279569
C           -0.67401458686566       -2.06757681276726        1.09039384073626
C           -1.42216391094122       -0.89606476642108        0.37704447142627
C           -1.17851340164853       -1.30707955236823       -1.06917329613046
C           -0.57821557538989        0.41953761737644        0.38163804103586
C           -1.26757451417783        1.61878425404530       -0.23094644143032
O           -0.88090947891522        2.23607152003790       -1.18474659789696
O           -2.37719746934669        1.92660215547664        0.45232995760883
C           -3.07332140828821        3.08479283499104        0.01052372101935
H            4.89798313128263       -0.33369984645066       -1.16032042672379
H            4.37144953079094        1.27664098616860       -0.57769495400628
H            4.56587639796472       -0.05207634034261        0.58016093294611
H            1.47624391887917       -2.46548026111053        0.64794730096357
H            0.36116002496888       -3.49233186305799       -0.28945991752803
H           -1.37337518119817       -2.89654330306543        1.20590808023078
H           -0.30562785248225       -1.78076015937594        2.07515625638534
H           -2.44570411085149       -0.76200113013602        0.72650026730152
H           -1.59946911749553       -2.27356605094604       -1.33632394182537
H           -1.45692021313905       -0.55670855687151       -1.80429537529693
H           -0.27563675362467        0.72249291930759        1.39341380402010
H           -3.94247531279739        3.18194251862986        0.65511433315078
H           -3.37369247696235        2.97224625642181       -1.03299049302766
H           -2.43083041650050        3.96327512013133        0.09348009831547
29
 energy: -46.900431459732 gnorm: 0.010343847724 xtb: 6.7.1 (edcfbbe)
C            4.28088967759727        0.19527793953436       -0.43166401520309
O            2.95128070391842       -0.22975440185585       -0.67241656588840
C            2.00068237484908        0.33521371601227        0.10646178580611
O            2.25497528773826        1.13885847901796        0.97974488792288
C            0.68465693294471       -0.12457964437692       -0.25654977738356
C            0.31670691343674       -1.34411533024051       -0.78803862386611
C            0.50767682472960       -2.51559128246159        0.11056784473829
C           -0.65712972501512       -2.06639736537715        1.09435041396813
C           -1.41394664285675       -0.88886405013657        0.39307851430662
C           -1.18262237599639       -1.28921391105116       -1.05878969396005
C           -0.57083573438187        0.42611264041548        0.38826374350297
C           -1.27729368904824        1.60566674169722       -0.25388020198832
O           -0.91077956374388        2.20039178476722       -1.23286205205824
O           -2.37376444777517        1.92716464603304        0.44313983705736
C           -3.08000743857485        3.08194749701600        0.00460592849745
H            4.89827473201708       -0.33588262024241       -1.15027700787071
H            4.36749291009351        1.27517886700681       -0.57371110532839
H            4.58243426691555       -0.04430976797590        0.59143334301768
H            1.47821843194658       -2.52497203421969        0.60607409926337
H            0.31169745152909       -3.48961179796688       -0.33847139073330
H           -1.35764904168466       -2.88919428694712        1.23770716493476
H           -0.25229173494329       -1.77198070200968        2.06284697252662
H           -2.43335257075499       -0.76127896811734        0.75692454874576
H           -1.61114726216471       -2.24966621185846       -1.33484409257496
H           -1.45809430557889       -0.52781750384607       -1.78341858859146
H           -0.27996192098227        0.75893871601282        1.39461472853141
H           -3.94198536890275        3.17507142710598        0.65914118037676
H           -3.39323254884617        2.96927102121773       -1.03532685932966
H           -2.44089213646514        3.96413640284920        0.08129498157901
29
 energy: -46.900729059202 gnorm: 0.010022647879 xtb: 6.7.1 (edcfbbe)
C            4.28465945873624        0.19210834145559       -0.42201446437618
O            2.95700915612016       -0.24138598569794       -0.65661747662349
C            2.00385851194930        0.33094356662581        0.11696390590727
O            2.25823621740895        1.13747552273226        0.98713947770800
C            0.68575939238098       -0.12146086870811       -0.25267013193247
C            0.31253589702149       -1.33387364265601       -0.79088393319694
C            0.49942005455778       -2.51885297597957        0.08869445267828
C           -0.64313293053133       -2.06499922643482        1.09548521900129
C           -1.40827845359299       -0.88350930578183        0.40583380354034
C           -1.18914165297474       -1.27391999984960       -1.05085808400758
C           -0.56498838935589        0.43058943681353        0.39761035941720
C           -1.27862521945113        1.59904428209064       -0.26125658191263
O           -0.92949182216122        2.16859236018407       -1.26196294438033
O           -2.36647869409248        1.93165644852852        0.44472916188844
C           -3.08397271244804        3.07649031970495       -0.00203454290629
H            4.90403167541051       -0.33752214910907       -1.14032031577676
H            4.36399417259143        1.27206587678972       -0.56964089467965
H            4.59253327414530       -0.04210861965628        0.60020573168882
H            1.47464416653651       -2.55990407643753        0.57237717972539
H            0.27657856808966       -3.47900032227550       -0.37759464470407
H           -1.34011385796282       -2.88558655046161        1.26388182335772
H           -0.21324884586800       -1.76260213128133        2.05039419827421
H           -2.42488274160192       -0.76000885052862        0.77807910480211
H           -1.62276595416603       -2.23046516675684       -1.33193713661024
H           -1.46875786858323       -0.50574327870318       -1.76676790591244
H           -0.28163107407403        0.77655480063929        1.39944760325074
H           -3.94259557254624        3.16978117878035        0.65708448119358
H           -3.40449785176771        2.95174650264251       -1.03812495286050
H           -2.45065690376980        3.96389451333320        0.06475750744509
29
 energy: -46.900957376028 gnorm: 0.005895627987 xtb: 6.7.1 (edcfbbe)
C            4.28789018720788        0.18658328059680       -0.41220957830104
O            2.96199279780054       -0.25222668375663       -0.64556071348683
C            2.00760340599908        0.32893538098368        0.12163297362170
O            2.25884178238075        1.13692604875314        0.99032051309471
C            0.68588386341647       -0.11640457459769       -0.25220898122630
C            0.30659833115845       -1.32258778883548       -0.79736621453844
C            0.49195443141267       -2.51848366907868        0.06829435807980
C           -0.62780522658022       -2.06184602362337        1.09421322392628
C           -1.40388371951749       -0.87940335276264        0.41699451503248
C           -1.19788115049210       -1.25948195365642       -1.04427692808236
C           -0.56050996593069        0.43457979979496        0.40900035171732
C           -1.27946291703677        1.59324444777238       -0.26137024599048
O           -0.94333880087398        2.14017913040274       -1.27637519476409
O           -2.35698242438903        1.94026177082560        0.45491538780422
C           -3.08710219520444        3.06996394023630       -0.00910364101391
H            4.91224934850391       -0.34119282562699       -1.12852881911548
H            4.36192449618848        1.26625866394014       -0.56330696411501
H            4.59735775072005       -0.04439229806497        0.60973288257528
H            1.47058071462802       -2.58181209037607        0.53753383413340
H            0.24732338838385       -3.46525122694347       -0.41096092976366
H           -1.31952078993990       -2.88111943144542        1.28744830435870
H           -0.17698511751765       -1.75135367258877        2.03600477054584
H           -2.41790213834017       -0.75896050200208        0.79656123362749
H           -1.63493578665464       -2.21345137723929       -1.32805518586479
H           -1.48597692583479       -0.48684425201695       -1.75209243523654
H           -0.28011154406861        0.78384284353151        1.40745448045158
H           -3.94442673245316        3.16718797053231        0.65143389923272
H           -3.41122442297255        2.92228620055842       -1.04104376678197
H           -2.46215063999341        3.96456224468938        0.04091887007830
29
 energy: -46.901084542384 gnorm: 0.005030792360 xtb: 6.7.1 (edcfbbe)
C            4.29005748063692        0.18017730970205       -0.40319092587450
O            2.96503052196548       -0.25907154171359       -0.64027405193224
C            2.01052106029920        0.32763307011719        0.12178462327928
O            2.25867457879968        1.13709958898184        0.98948949942349
C            0.68610163113559       -0.11179181020699       -0.25348231263288
C            0.30017878071796       -1.31352080668629       -0.80500468270014
C            0.48676774475065       -2.51741657823286        0.05140487691930
C           -0.61444920800911       -2.05862462529583        1.09196646264312
C           -1.39977553739218       -0.87629391126282        0.42587307373076
C           -1.20653159511959       -1.24808349487130       -1.03926389232510
C           -0.55710233670890        0.43921213423302        0.41785318233199
C           -1.27829745508375        1.59400922808556       -0.25357144609873
O           -0.95847022736892        2.11930984404646       -1.28533632464602
O           -2.34698836469414        1.95252487482032        0.47073067666225
C           -3.09076119484456        3.06427145903616       -0.01480839796440
H            4.91878972024092       -0.34665375046214       -1.11710190322392
H            4.36315728587044        1.25959076634082       -0.55395611960021
H            4.59638238456758       -0.05051874333673        0.61944407637179
H            1.47011936094218       -2.59315864635223        0.50556900378157
H            0.22601429690678       -3.45542708183573       -0.43388080239098
H           -1.30233379767017       -2.87651923982901        1.30262522536876
H           -0.14787000689616       -1.74329618398644        2.02402789300280
H           -2.41114228123915       -0.75767890083808        0.81312610296893
H           -1.64560938555152       -2.20084597598649       -1.32393687288506
H           -1.50232206081761       -0.47309361541073       -1.74131135210025
H           -0.27186689767156        0.78511809410788        1.41466287860952
H           -3.94844953371913        3.16621277801930        0.64474218100950
H           -3.41401547693190        2.88993584462040       -1.04327170321760
H           -2.47580948711456        3.96689991419849        0.01509103148781
29
 energy: -46.901159902101 gnorm: 0.003624013751 xtb: 6.7.1 (edcfbbe)
C            4.29151824245663        0.17330127002842       -0.39502316313316
O            2.96636376310954       -0.26188462905348       -0.63989543315693
C            2.01179536418877        0.32773867721959        0.11752266165038
O            2.25796942121588        1.13821452067337        0.98519667905183
C            0.68617596244182       -0.10817795331219       -0.25694549700666
C            0.29454687477410       -1.30708512915686       -0.81234141255483
C            0.48454495712213       -2.51539554280884        0.03851016439353
C           -0.60332456312979       -2.05549674073365        1.08979226658548
C           -1.39617554668971       -0.87404782768191        0.43244312163090
C           -1.21367507200263       -1.24024450421631       -1.03528231352533
C           -0.55450783319322        0.44336020405532        0.42254972816313
C           -1.28085766581165        1.59381793678074       -0.24771687565460
O           -0.97237130291357        2.10757810767382       -1.28666022441542
O           -2.33925033714356        1.96461948113718        0.48529077559977
C           -3.09421519708206        3.06066720595875       -0.01841815325695
H            4.92310528507897       -0.35390960085235       -1.10624077964068
H            4.36806240153883        1.25264953927235       -0.54284066026380
H            4.59106017869856       -0.05981521069317        0.62913711929607
H            1.47290423374167       -2.59667587104347        0.47945047969507
H            0.21336004555956       -3.44896645868093       -0.44772330963770
H           -1.28847820793205       -2.87236531380919        1.31097150594559
H           -0.12554181737196       -1.73832696470545        2.01521003231703
H           -2.40485469239721       -0.75683316438193        0.82756338284372
H           -1.65437264366349       -2.19256934613608       -1.31932527546863
H           -1.51553849293976       -0.46394675695998       -1.73306763244188
H           -0.26221358091848        0.78447697654948        1.41960790724759
H           -3.95236378971347        3.16737705223411        0.63985883163375
H           -3.41541996892456        2.86231992272127       -1.04355339512173
H           -2.48824601809892        3.96962011992343       -0.00807053077671
29
 energy: -46.901199427766 gnorm: 0.003211648489 xtb: 6.7.1 (edcfbbe)
C            4.29268132890687        0.16674557736648       -0.38747368686811
O            2.96678136861909       -0.26183024316909       -0.64177617986997
C            2.01153726212976        0.32895537514130        0.11181266929169
O            2.25735185956169        1.13881258851277        0.98076225719920
C            0.68566592529426       -0.10509316946796       -0.26148618375128
C            0.29001970147179       -1.30245171372820       -0.81807731858637
C            0.48458046564098       -2.51329975448693        0.02856495690810
C           -0.59486020608434       -2.05338703007019        1.08818367335845
C           -1.39260880109628       -0.87163025557241        0.43772465407713
C           -1.21916240274102       -1.23488890131502       -1.03185727896293
C           -0.55190906468066        0.44735186385650        0.42426526999427
C           -1.28301237220729        1.59527290859180       -0.24349701610712
O           -0.98966942722411        2.09643426274343       -1.29519543188931
O           -2.33228111600550        1.97576534507458        0.49722884465080
C           -3.09732956918326        3.05862778600871       -0.01968963515818
H            4.92566590940125       -0.36153066101934       -1.09629066693889
H            4.37504493279514        1.24628113726114       -0.53094069131031
H            4.58411169839358       -0.07053727064619        0.63830853625054
H            1.47673667704420       -2.59671245002399        0.46064016398762
H            0.20786856317188       -3.44551456486889       -0.45691389686628
H           -1.27862302961718       -2.86974516378456        1.31433633164109
H           -0.10935625627447       -1.73673603307888        2.00967157003871
H           -2.39863225343184       -0.75558869470215        0.84016362276237
H           -1.66146171217115       -2.18688589047886       -1.31502702351353
H           -1.52488687396508       -0.45753228204448       -1.72653526793274
H           -0.25217975651695        0.78616144781862        1.42105108257194
H           -3.95503277392373        3.16814115954433        0.63866480408371
H           -3.41811646896753        2.84249837145821       -1.04135951976990
H           -2.49892360833979        3.97231625508114       -0.02525863929187
29
 energy: -46.901227663233 gnorm: 0.002157592907 xtb: 6.7.1 (edcfbbe)
C            4.29323073288208        0.16077881385662       -0.38256499164322
O            2.96603226156733       -0.25941547955714       -0.64666664984159
C            2.01009782907232        0.33045164310776        0.10535094380512
O            2.25624134375173        1.13965514136283        0.97555296527231
C            0.68443864089317       -0.10250323363558       -0.26767005619068
C            0.28739469223545       -1.30022787839358       -0.82209517587667
C            0.48750535496690       -2.50978216212413        0.02444731627793
C           -0.59009259736446       -2.05185340307407        1.08734678948569
C           -1.39030281434493       -0.87022401712299        0.43976895494681
C           -1.22222297932676       -1.23406231620548       -1.03013629534249
C           -0.55086310515649        0.44987640925388        0.42197147568063
C           -1.28611478723888        1.59616511250313       -0.24288216693226
O           -1.00028121447197        2.09406796558813       -1.29744595555012
O           -2.32915093416414        1.98242468542072        0.50222735658311
C           -3.09966342096712        3.05849023297874       -0.01879269296522
H            4.92665750789764       -0.36890581512652       -1.08945456646352
H            4.38316783587031        1.24057695429190       -0.52083815378866
H            4.57603052772534       -0.08236915752558        0.64456557823912
H            1.48127934969986       -2.58931449992329        0.45335557829055
H            0.21258844377128       -3.44415808571102       -0.45784561579419
H           -1.27303300656374       -2.86904005035954        1.31250595931527
H           -0.10282027787957       -1.73725724178864        2.00834646876768
H           -2.39435707833707       -0.75498586039974        0.84705050193741
H           -1.66524660929380       -2.18640215005591       -1.31113809365901
H           -1.53041254366917       -0.45697624666671       -1.72374286843814
H           -0.24679235636232        0.78793769991015        1.41854653154233
H           -3.95629452697547        3.16891849949088        0.64076867517589
H           -3.42145597925629        2.83421628675322       -1.03767181994615
H           -2.50556028896098        3.97391815315372       -0.03285999288910
29
 energy: -46.901253259132 gnorm: 0.002659364095 xtb: 6.7.1 (edcfbbe)
C            4.29425078351794        0.15313255544296       -0.37638124075916
O            2.96575314615842       -0.25757158807104       -0.65112420853010
C            2.00883207086476        0.33207088563194        0.09953505749176
O            2.25559160941236        1.13947986182786        0.97164079237670
C            0.68300857020143       -0.09881184338797       -0.27467251338636
C            0.28510672163558       -1.29716425379584       -0.82614318499865
C            0.49176333065806       -2.50557683021607        0.01959912727335
C           -0.58419704799310       -2.04953325113085        1.08652786464208
C           -1.38760258102931       -0.86796399077444        0.44202578478002
C           -1.22523201896818       -1.23299592515276       -1.02830395622161
C           -0.54980119771795        0.45308089385490        0.41888877602748
C           -1.29091522633974        1.59558908345438       -0.24631608257587
O           -1.01534021941277        2.08693840698219       -1.30728814576412
O           -2.32489132076832        1.98974379013443        0.50730760960466
C           -3.10266268461715        3.05882617149825       -0.01629343234153
H            4.92833058274522       -0.37789011555429       -1.08135211411142
H            4.39253752313833        1.23310614609705       -0.50897675249576
H            4.56784277281849       -0.09676721968152        0.65185032780508
H            1.48735238801727       -2.58191381636478        0.44609898826124
H            0.21862804841678       -3.44233403088785       -0.46070838726587
H           -1.26661462763853       -2.86779970631357        1.31088352547149
H           -0.09482118348146       -1.73677323931501        2.00715673472657
H           -2.38955445046585       -0.75393638515681        0.85437602880642
H           -1.66882470672035       -2.18571510810792       -1.30692533513719
H           -1.53644353221212       -0.45624693293880       -1.72088136924057
H           -0.24307849519537        0.79409156027084        1.41379490888640
H           -3.95583779146464        3.17003627845399        0.64782802545850
H           -3.43032716630827        2.82608803314573       -1.03133234430888
H           -2.51285329725135        3.97681057005666       -0.04081448447577
29
 energy: -46.901279352247 gnorm: 0.002676405362 xtb: 6.7.1 (edcfbbe)
C            4.29517107026423        0.14316187120421       -0.37085134476714
O            2.96517916725497       -0.25623231208071       -0.65652726133228
C            2.00788558843189        0.33405580353665        0.09377343216057
O            2.25555045849124        1.13808948928929        0.96871574960505
C            0.68140541660795       -0.09368016404756       -0.28288852118614
C            0.28414219528477       -1.29379483596708       -0.83007011191060
C            0.49808247783388       -2.49907344095871        0.01722748934204
C           -0.57909940339343       -2.04648261022686        1.08540197340832
C           -1.38502506149913       -0.86549188661056        0.44250640079096
C           -1.22693224728757       -1.23348882477963       -1.02768359179632
C           -0.54962195555515        0.45668188999557        0.41414655133099
C           -1.29593324390070        1.59595051873727       -0.25113130346099
O           -1.03084452770670        2.08039648846904       -1.31800985751904
O           -2.32174083668359        1.99562628713585        0.51012329802889
C           -3.10690142352404        3.05963062424955       -0.01181327199194
H            4.92987442447937       -0.38929672101537       -1.07416007743530
H            4.40295874842858        1.22303510990763       -0.49725947373481
H            4.55928834294978       -0.11450487697544        0.65803558633603
H            1.49422119613883       -2.56837700323551        0.44383442573244
H            0.23102666981739       -3.43951112997079       -0.45998963459645
H           -1.26035453289772       -2.86686757252734        1.30659732954108
H           -0.09096493060419       -1.73557601787781        2.00712233567969
H           -2.38531983100683       -0.75273763661111        0.85860678118692
H           -1.66992636174472       -2.18738962243567       -1.30274925209834
H           -1.54174760081453       -0.45851724990294       -1.72063031557282
H           -0.24187030809410        0.80209043088201        1.40657085435545
H           -3.95489852795873        3.17135124958826        0.65903809012020
H           -3.44302312540342        2.82140571547633       -1.02279129580869
H           -2.52058183790820        3.97954642675293       -0.04514498440887
29
 energy: -46.901302965440 gnorm: 0.002602080183 xtb: 6.7.1 (edcfbbe)
C            4.29608697714860        0.13105146863020       -0.36484654895709
O            2.96484416789511       -0.25747028566814       -0.65948090077477
C            2.00788789419371        0.33542532998388        0.09031418487646
O            2.25657552988272        1.13615074071740        0.96767681718343
C            0.68040890516981       -0.08741564531258       -0.29032854901430
C            0.28423775459226       -1.28931244691003       -0.83416768013189
C            0.50499343810117       -2.49199615067297        0.01455316377237
C           -0.57255525912425       -2.04178584132429        1.08420092450634
C           -1.38214736730611       -0.86269323799856        0.44222161948327
C           -1.22761191323425       -1.23335556157250       -1.02794328899063
C           -0.55004551825825        0.46122884578422        0.40901937980183
C           -1.30301594593512        1.59560210965067       -0.25833333965862
O           -1.05023977828933        2.07071709335447       -1.33244237541394
O           -2.31928447577666        2.00114303538369        0.51273068084645
C           -3.11261570911979        3.06063037063224       -0.00604097851890
H            4.93123369168674       -0.40292463774029       -1.06684145811903
H            4.41267570494283        1.21050468791653       -0.48594305013592
H            4.55240671355167       -0.13337602194708        0.66421373303464
H            1.50236312516284       -2.55527192344612        0.44035169658977
H            0.24227124154369       -3.43533793956538       -0.46037589255425
H           -1.25248497365805       -2.86400954632280        1.30434211771677
H           -0.08480084707436       -1.73092264956873        2.00641380980875
H           -2.38125242392686       -0.75159702177196        0.86145671700792
H           -1.66893863873200       -2.18898750260922       -1.29933195025963
H           -1.54659533314974       -0.46082310194837       -1.72180371771590
H           -0.24215660595970        0.81209619981638        1.39863454325736
H           -3.95352352453467        3.17355926790984        0.67364959630897
H           -3.45959342360715        2.81690496824251       -1.01237260853791
H           -2.52912340618480        3.98226539635833       -0.04952664541259
29
 energy: -46.901324239837 gnorm: 0.002125100916 xtb: 6.7.1 (edcfbbe)
C            4.29660434351736        0.11712887052643       -0.35939178768911
O            2.96406416848850       -0.26061523489631       -0.66068936330615
C            2.00826050080951        0.33733911752363        0.08755272543257
O            2.25826951661392        1.13481518060955        0.96704430998602
C            0.67980675345536       -0.08038376958003       -0.29713061046971
C            0.28587419694675       -1.28444552066749       -0.83808913859876
C            0.51249485089943       -2.48407740890609        0.01336110279229
C           -0.56598713873508       -2.03600578754337        1.08265184737407
C           -1.37935115078001       -0.86005002202575        0.44016631283274
C           -1.22642300597068       -1.23365118362470       -1.02962910913797
C           -0.55117188408860        0.46625695747328        0.40331951391449
C           -1.31098635758455        1.59589879305592       -0.26519493326949
O           -1.07134233631694        2.06136719921081       -1.34620243496007
O           -2.31848619361708        2.00555312966490        0.51491004103246
C           -3.11937343483589        3.06183010016230        0.00084234975795
H            4.93138737401364       -0.41899207993122       -1.06042684853869
H            4.42165002321204        1.19589881819058       -0.47641003079636
H            4.54693818756773       -0.15274445514273        0.66956830319848
H            1.51051649310530       -2.54074878270237        0.43854659613929
H            0.25430222498679       -3.42990675332214       -0.45881588815934
H           -1.24366226306046       -2.86015110085256        1.30294257349440
H           -0.07974222215803       -1.72335665291390        2.00508377431528
H           -2.37806048459491       -0.75081519533297        0.86089814876330
H           -1.66494811752567       -2.19164757713486       -1.29726881444372
H           -1.54957064773068       -0.46436239907756       -1.72518686143921
H           -0.24334328496061        0.82133489103935        1.39075435621437
H           -3.95249617590305        3.17634587938813        0.68972878556953
H           -3.47743860973493        2.81389509210886       -1.00071615665997
H           -2.53778532601917        3.98428989470150       -0.05221876334969
29
 energy: -46.901342572639 gnorm: 0.001975000674 xtb: 6.7.1 (edcfbbe)
C            4.29692010294380        0.10252039161448       -0.35366624106152
O            2.96310254575458       -0.26556684192840       -0.65912787670791
C            2.00875016057984        0.33925031513095        0.08593319117558
O            2.26014268013569        1.13572957829928        0.96562751081829
C            0.67962505778652       -0.07331786094744       -0.30284000148130
C            0.28834975910801       -1.27931689710407       -0.84200295201243
C            0.51943569992046       -2.47670569732040        0.01192922860100
C           -0.55857806005187       -2.02928040399110        1.08128824476770
C           -1.37656148648273       -0.85771683467538        0.43718989504047
C           -1.22407725635599       -1.23350074032262       -1.03228169407123
C           -0.55257885863656        0.47151312528840        0.39755064135562
C           -1.32004509817185        1.59593496043110       -0.27154144829268
O           -1.09506327672710        2.05096906399485       -1.35997211444761
O           -2.31807938840634        2.01028164752520        0.51841140610839
C           -3.12643544431494        3.06315458528501        0.00806692161688
H            4.93038871781105       -0.43631944917278       -1.05404904980779
H            4.42960503816992        1.18052142004340       -0.46802510380814
H            4.54319477199920       -0.17116496250740        0.67514720064042
H            1.51846543144448       -2.52920650397532        0.43522116694014
H            0.26303262505694       -3.42380958559742       -0.45812850349246
H           -1.23343802613555       -2.85481946943347        1.30498486776002
H           -0.07220460974474       -1.71247184550902        2.00250051436583
H           -2.37542381174476       -0.75068536295355        0.85851925909100
H           -1.65941177462548       -2.19389050986611       -1.29693618867323
H           -1.55087550121920       -0.46728174984531       -1.72947313246214
H           -0.24478255404980        0.82918051581821        1.38382707952256
H           -3.95144102934916        3.18002890457492        0.70610175720485
H           -3.49560693357522        2.80983270431324       -0.98828148689743
H           -2.54640948111928        3.98613750283181       -0.05597309179381
29
 energy: -46.901360140914 gnorm: 0.001572686546 xtb: 6.7.1 (edcfbbe)
C            4.29681201689170        0.08316888311753       -0.34665659031437
O            2.96102430710609       -0.27305834284848       -0.65472921078138
C            2.00875921493745        0.34373212717540        0.08318333256127
O            2.26223488857226        1.14193837696535        0.96052625035661
C            0.67939840985425       -0.06447489924730       -0.30918063208377
C            0.29324555526171       -1.27345749373335       -0.84621603256193
C            0.52833392608377       -2.46797531693272        0.01183386440071
C           -0.54940808959744       -2.01996479964653        1.07977627079717
C           -1.37358973951665       -0.85566913710191        0.43103697823326
C           -1.21870036521100       -1.23443656636724       -1.03752812048091
C           -0.55521342700313        0.47782930441347        0.38938605962111
C           -1.33233984714595        1.59617059685157       -0.27812112417169
O           -1.12658922567428        2.03938589378105       -1.37441402939062
O           -2.31868908617164        2.01591201099357        0.52338691027901
C           -3.13521380178859        3.06541944919207        0.01824298674530
H            4.92689079184193       -0.46048326051141       -1.04647423497022
H            4.43911482545615        1.16003389882028       -0.45955954146470
H            4.53977507845836       -0.19351686671386        0.68211029004482
H            1.52810747656164       -2.51694235534516        0.43300593323550
H            0.27276170502822       -3.41609574310985       -0.45561305297437
H           -1.21955133992693       -2.84704605747461        1.31068853040994
H           -0.06301098355684       -1.69460992713125        1.99812597746508
H           -2.37368328682156       -0.75189543593005        0.85086652122127
H           -1.64940038477069       -2.19785889714087       -1.29943338943593
H           -1.54881158510408       -0.47196798583868       -1.73709067195262
H           -0.24808754711957        0.83609488802818        1.37596859692375
H           -3.94970657125463        3.18615181941090        0.72748376182045
H           -3.51815448773895        2.80581539382531       -0.97098467237719
H           -2.55630842765177        3.98780044249942       -0.05962096115644
29
 energy: -46.901367444111 gnorm: 0.002056274248 xtb: 6.7.1 (edcfbbe)
C            4.29713853216263        0.07718703476524       -0.34274345657848
O            2.96053381367664       -0.27535045666219       -0.65251102764468
C            2.00823957183018        0.34623961967148        0.08062294325229
O            2.26194895461571        1.14924557957898        0.95383037203827
C            0.67921122776159       -0.06218851722940       -0.31185275619204
C            0.29466715432921       -1.27211274302502       -0.84782119034430
C            0.53034084581361       -2.46602901873365        0.01091836583905
C           -0.54626805202521       -2.01724622319998        1.07932775066271
C           -1.37266858328968       -0.85533920043577        0.42889194487203
C           -1.21704051254414       -1.23465290683641       -1.03944039140446
C           -0.55568026081518        0.47948393576447        0.38648723142233
C           -1.33665731120078        1.59547565426409       -0.27945808591658
O           -1.14115955663118        2.03253499500398       -1.38121514147765
O           -2.31549304922692        2.02134387917676        0.52925498440213
C           -3.13683536351917        3.06646699203671        0.02225855738247
H            4.92588258957108       -0.46865317792356       -1.04178035690594
H            4.44308562830019        1.15375112363944       -0.45546136364689
H            4.53794563660831       -0.20034631132553        0.68661317048891
H            1.53020547555611       -2.51587402822959        0.43101278491144
H            0.27377240471589       -3.41400305161599       -0.45593011905726
H           -1.21422279512167       -2.84453232961907        1.31461028267726
H           -0.05821955493451       -1.68786977496268        1.99514155179059
H           -2.37305749427541       -0.75293904982263        0.84839211139677
H           -1.64719080496615       -2.19827099716909       -1.30139418104156
H           -1.54723431563565       -0.47234856322039       -1.73906497997873
H           -0.24845668640692        0.83674861708012        1.37393841569053
H           -3.94724508905195        3.18998520826840        0.73587309957613
H           -3.52579356311804        2.79969456558912       -0.96303345771046
H           -2.55974884217878        3.98959914517290       -0.06546705850467
29
 energy: -46.901374871422 gnorm: 0.001295977889 xtb: 6.7.1 (edcfbbe)
C            4.29681364846182        0.07714903905529       -0.34187066083102
O            2.95996302389469       -0.27631159012292       -0.64980283618298
C            2.00712311905726        0.34946449077506        0.07838854507738
O            2.26062561354240        1.15964363713915        0.94536833412251
C            0.67896091097026       -0.06313958227666       -0.31155074000101
C            0.29655820115502       -1.27405875033610       -0.84666890904724
C            0.53029077910004       -2.46768608043090        0.01291331156781
C           -0.54718409937265       -2.01699301345571        1.08001754702291
C           -1.37375808041423       -0.85696720984306        0.42580906465281
C           -1.21453182369494       -1.23685201240957       -1.04186823646467
C           -0.55686570068212        0.47815239276739        0.38462011236958
C           -1.33760908303504        1.59472748538360       -0.27899600038809
O           -1.14423425348283        2.03274491680828       -1.37977667087606
O           -2.31403048148574        2.02289591469701        0.53089946144607
C           -3.13514490980072        3.06790577171959        0.02460509203245
H            4.92414338518709       -0.47058126217928       -1.04031002689740
H            4.44276670021648        1.15343232213542       -0.45697732347592
H            4.53820240886764       -0.19818455579313        0.68803114571498
H            1.52948970478271       -2.51982316073275        0.43436308438144
H            0.27260565842801       -3.41551097350282       -0.45419606648647
H           -1.21417625305967       -2.84387887169985        1.31851116074593
H           -0.05860860702883       -1.68374908137505        1.99408124878523
H           -2.37520396250244       -0.75514541301548        0.84287262064151
H           -1.64458944025315       -2.19994759488517       -1.30537998268356
H           -1.54224722663156       -0.47384707129026       -1.74186093264838
H           -0.25127315081397        0.83328420153725        1.37392122714436
H           -3.94396415270660        3.19342542142919        0.73951962800789
H           -3.52638697939850        2.80001755647226       -0.95877881671058
H           -2.55773494930061        3.98983307343001       -0.06588438102030
29
 energy: -46.901380286942 gnorm: 0.001090840927 xtb: 6.7.1 (edcfbbe)
C            4.29695229054409        0.07565140339871       -0.33989780852886
O            2.96011315631782       -0.27755333554639       -0.64862698278953
C            2.00659436960829        0.35230652604382        0.07565786391473
O            2.25965979290140        1.16574912515508        0.93943125748314
C            0.67861211881813       -0.06285575864687       -0.31262880839446
C            0.29755332191730       -1.27479970885013       -0.84645826948482
C            0.53148631895859       -2.46779020506698        0.01374926454326
C           -0.54719283368219       -2.01676738383888        1.07972344221127
C           -1.37400401926481       -0.85751347133427        0.42405638604627
C           -1.21349620031849       -1.23846479871680       -1.04317360719227
C           -0.55775622426701        0.47793806147587        0.38288967572530
C           -1.33913237195980        1.59407432269654       -0.28079573699380
O           -1.15049504171150        2.02871061166410       -1.38416656626300
O           -2.31090766298721        2.02602785444035        0.53266115733640
C           -3.13442827856854        3.06951724102056        0.02764954347966
H            4.92476006660501       -0.47326917804088       -1.03702630709545
H            4.44343972282279        1.15168989322221       -0.45608161039693
H            4.53711273882858       -0.19870146723968        0.69044688430446
H            1.53028218916185       -2.51932838148841        0.43653588016896
H            0.27463668116882       -3.41616918962864       -0.45303358960683
H           -1.21371312400773       -2.84378786794272        1.31871519485999
H           -0.05923753426670       -1.68223769005641        1.99344247654843
H           -2.37579712323173       -0.75606831922085        0.84030023963082
H           -1.64308518949729       -2.20174837659314       -1.30666136244625
H           -1.54066900212534       -0.47574995062969       -1.74385130128452
H           -0.25322429049916        0.83383448427668        1.37205742029094
H           -3.93978509931339        3.19737016187645        0.74653883613321
H           -3.53088666129101        2.79882322012899       -0.95307751346239
H           -2.55739211066096        3.99111217744217       -0.06837605873852
29
 energy: -46.901389621095 gnorm: 0.002068288149 xtb: 6.7.1 (edcfbbe)
C            4.29685424487931        0.07353166472757       -0.33478471877720
O            2.96079277120889       -0.28200144635939       -0.64476757891167
C            2.00548235225626        0.35687157558045        0.07045790251988
O            2.25633286457960        1.18292302472200        0.92262786792823
C            0.67812373796679       -0.06316568526629       -0.31588785594260
C            0.30010790601875       -1.27765633026454       -0.84651261819118
C            0.53411024876475       -2.46807102035238        0.01648403900808
C           -0.54839440016602       -2.01694014489275        1.07895346030482
C           -1.37500545229706       -0.85967501995180        0.41898695201315
C           -1.21091985542047       -1.24364974925995       -1.04688668737788
C           -0.56028936524438        0.47644040927515        0.37752248897935
C           -1.34318171174864        1.59191896566089       -0.28623112395901
O           -1.16629879235762        2.01722367712585       -1.39567470098535
O           -2.30145018775765        2.03490549292556        0.53760219218190
C           -3.13098757104928        3.07490483507100        0.03626033258115
H            4.92703969682847       -0.47771556274780       -1.02821465202260
H            4.44287490266568        1.14908767919190       -0.45466226832088
H            4.53470929322112       -0.19724263527748        0.69685964102838
H            1.53161721347461       -2.51589366156790        0.44307843790067
H            0.28143119972673       -3.41821607756659       -0.44880952891103
H           -1.21428920295420       -2.84449378758944        1.31768543739878
H           -0.06297855939126       -1.67995361769125        1.99294713922808
H           -2.37782719313027       -0.75886156228242        0.83293875569553
H           -1.63888175116081       -2.20786095573993       -1.30940850244099
H           -1.53693748263328       -0.48263137770327       -1.75012715867289
H           -0.25838616572286        0.83413435229781        1.36618547815088
H           -3.92593862340379        3.20992381279284        0.76596223076663
H           -3.54286230381109        2.79649728944644       -0.93657602946685
H           -2.55484781334246        3.99566585569655       -0.07600893170613
29
 energy: -46.901396158001 gnorm: 0.000622717870 xtb: 6.7.1 (edcfbbe)
C            4.29646492317599        0.07497555752208       -0.33464423742612
O            2.96073489547493       -0.28188302843287       -0.64427453324005
C            2.00514884675257        0.35653005175592        0.07066952805986
O            2.25575291834795        1.18133590916102        0.92407037899062
C            0.67810557863865       -0.06371573359299       -0.31576249578875
C            0.29992125057940       -1.27793302211135       -0.84670763414159
C            0.53404298454095       -2.46840785015070        0.01638735087417
C           -0.54852895108919       -2.01738566795237        1.07871920061264
C           -1.37490938714793       -0.85998562653429        0.41907372621509
C           -1.21097641531594       -1.24389585940336       -1.04684195404036
C           -0.56015734086612        0.47618534316304        0.37760853515497
C           -1.34366712548849        1.59117260985752       -0.28634717935442
O           -1.16904462281286        2.01362826002169       -1.39651232142426
O           -2.30053269351164        2.03564959758913        0.53767356983879
C           -3.12963096810853        3.07602582974317        0.03610330800241
H            4.92706217265626       -0.47582955783175       -1.02804343738290
H            4.44131046463490        1.15070517546631       -0.45508551542527
H            4.53504541876734       -0.19490003226340        0.69716205526695
H            1.53176345780612       -2.51610698753939        0.44242186149664
H            0.28109307091636       -3.41853795897459       -0.44875994411147
H           -1.21501499548878       -2.84503455493045        1.31621223026915
H           -0.06397028348939       -1.68134484590616        1.99380993304958
H           -2.37773391660744       -0.75908962453906        0.83306532184915
H           -1.63871171846348       -2.20834341779254       -1.30903576181070
H           -1.53731378962667       -0.48319144794483       -1.75015244927753
H           -0.25751214671539        0.83393366893854        1.36619869221241
H           -3.92332378135473        3.21231462183544        0.76623795884671
H           -3.54239576357904        2.79719432446359       -0.93568450982602
H           -2.55302208262594        3.99593426638350       -0.07756167749042
29
 energy: -46.901404663522 gnorm: 0.001714423627 xtb: 6.7.1 (edcfbbe)
C            4.29556449606867        0.08019308207866       -0.33431464354798
O            2.96091308554417       -0.28124136236123       -0.64260189579470
C            2.00421165206482        0.35428325974324        0.07276422227174
O            2.25363706933732        1.17730419573520        0.92830487873567
C            0.67797476808901       -0.06551263792934       -0.31547131653674
C            0.29924728604643       -1.27904701263314       -0.84731130649533
C            0.53368767236403       -2.46957598849764        0.01617562193227
C           -0.54947701286089       -2.01951457077853        1.07794817901570
C           -1.37485800096021       -0.86127207707779        0.41938720073824
C           -1.21141416106367       -1.24496921231337       -1.04670593610144
C           -0.56008318273455        0.47504429476462        0.37765264822317
C           -1.34559104605511        1.58810868240073       -0.28767101363544
O           -1.17733421713933        2.00245244348092       -1.40117709010186
O           -2.29654135447972        2.03897452239247        0.53851629856075
C           -3.12489934509143        3.07999657761899        0.03601068724869
H            4.92757373064998       -0.46914800934690       -1.02756046000424
H            4.43656453672192        1.15643426829644       -0.45615943965196
H            4.53615617472587       -0.18722780107708        0.69781693214975
H            1.53173454021063       -2.51654278718465        0.44135696296564
H            0.28080802196028       -3.41975079792026       -0.44885775987517
H           -1.21734390439436       -2.84746308550556        1.31197008102534
H           -0.06699652750723       -1.68645828536810        1.99569617436509
H           -2.37761690922808       -0.75998265519364        0.83359260712638
H           -1.63883946997062       -2.20990456004864       -1.30799208682713
H           -1.53862122648356       -0.48500659726672       -1.75016512184194
H           -0.25614079836286        0.83298668365965        1.36606252789329
H           -3.91445426387313        3.22112099773240        0.76867737532757
H           -3.54171697494157        2.79844503411993       -0.93245033162044
H           -2.54614463863692        3.99727339848020       -0.08349399554567
29
 energy: -46.901413077179 gnorm: 0.001290530376 xtb: 6.7.1 (edcfbbe)
C            4.29489940355733        0.08505424993718       -0.33384415355330
O            2.96116143286365       -0.27991320182666       -0.64176364533898
C            2.00313969609650        0.35320489675176        0.07384050658562
O            2.25120768936238        1.17467634590265        0.93141400956703
C            0.67734917840575       -0.06708776268660       -0.31547673182980
C            0.29861644038276       -1.28049461686675       -0.84761925396463
C            0.53346035139003       -2.47091117647752        0.01612982122091
C           -0.55058022045839       -2.02179574648363        1.07730035744059
C           -1.37545678743857       -0.86305534771281        0.41927948767477
C           -1.21198681479205       -1.24669497052535       -1.04695227902454
C           -0.56066350606790        0.47339226310246        0.37779239845998
C           -1.34674814969228        1.58544020993865       -0.28872434104283
O           -1.18426421157027        1.99233165486349       -1.40622046621673
O           -2.29142088854850        2.04350331834381        0.54042067838796
C           -3.12011514199908        3.08394923365383        0.03651843221778
H            4.92831955268770       -0.46324205719738       -1.02660344600867
H            4.43304113984461        1.16157002070301       -0.45676473019378
H            4.53635872497814       -0.18055909205246        0.69854041539581
H            1.53137759919067       -2.51681497908265        0.44170107762965
H            0.28175232584894       -3.42133144658187       -0.44907078733249
H           -1.21902836181973       -2.84994048936053        1.30908126468768
H           -0.06935309433424       -1.69058426133702        1.99632803570408
H           -2.37817694558330       -0.76161828870829        0.83362499388991
H           -1.63924995479256       -2.21181881844816       -1.30789076312533
H           -1.53956208273621       -0.48705572052549       -1.75053232115694
H           -0.25679574863749        0.83181624768366        1.36596727881143
H           -3.90586546539836        3.23044489160851        0.77237690993165
H           -3.54195716491617        2.79835298372653       -0.92871164368579
H           -2.53945899582346        3.99918165965851       -0.09014110513178
29
 energy: -46.901431430221 gnorm: 0.001573298967 xtb: 6.7.1 (edcfbbe)
C            4.29327180402404        0.09710953140495       -0.33229409145035
O            2.96166784335079       -0.27576796205876       -0.64023604229312
C            2.00026317241453        0.35040388436449        0.07702174291921
O            2.24441135832071        1.17048696367495        0.93728288956919
C            0.67557146258315       -0.07121343808603       -0.31546388489243
C            0.29757414077962       -1.28472967314458       -0.84807943065960
C            0.53329152906905       -2.47467322767073        0.01606487236143
C           -0.55314452048645       -2.02766269551043        1.07578657549621
C           -1.37740871201759       -0.86836913835649        0.41804262887666
C           -1.21299964438468       -1.25194060270788       -1.04822944390939
C           -0.56317340210057        0.46864954134223        0.37719569145575
C           -1.35049306937980        1.57822482254347       -0.29186934081287
O           -1.20299721957773        1.96656389338386       -1.41918093006371
O           -2.27669964138218        2.05742388121838        0.54646687963607
C           -3.10740126194163        3.09493144208191        0.03891576417067
H            4.93016400672562       -0.44907605407619       -1.02352413831553
H            4.42548109969011        1.17409270414461       -0.45740080297459
H            4.53554791101103       -0.16492988142855        0.70069983127003
H            1.53059688809104       -2.51777514449768        0.44346302846426
H            0.28504110928965       -3.42591045529591       -0.44939912249852
H           -1.22218023039862       -2.85629905413174        1.30362844768949
H           -0.07422789468163       -1.69898160366824        1.99655887064887
H           -2.38021860711763       -0.76720200236465        0.83234225566271
H           -1.63981778720640       -2.21730148018038       -1.30889781835051
H           -1.54075125598935       -0.49267083318180       -1.75210450508139
H           -0.26143259305517        0.82803253923937        1.36528150737480
H           -3.88231969501400        3.25660958955748        0.78404940691220
H           -3.54453605161058        2.79673017398234       -0.91652121290073
H           -2.52308073900539        4.00524427942293       -0.10959962830557
29
 energy: -46.901444903960 gnorm: 0.003400364241 xtb: 6.7.1 (edcfbbe)
C            4.29073678322141        0.10893884079538       -0.33044165652555
O            2.96109596705602       -0.27044779915037       -0.63954803415773
C            1.99638769891741        0.35035073317865        0.07812987464906
O            2.23662168455660        1.16866644333989        0.94135404931049
C            0.67300134955189       -0.07522755445153       -0.31547564347654
C            0.29724550679384       -1.28956819165732       -0.84795486560091
C            0.53383679111982       -2.47874797783603        0.01672305156208
C           -0.55560278889777       -2.03362263279753        1.07444318695078
C           -1.38010363331641       -0.87502082995244        0.41541066951166
C           -1.21316950874097       -1.25891484850071       -1.05051993478712
C           -0.56701438102759        0.46299920674763        0.37640416959671
C           -1.35408715027491        1.57139805929916       -0.29453451325231
O           -1.22249636814272        1.94128171025355       -1.43098246574060
O           -2.26097178834781        2.07249587272167        0.55290306297310
C           -3.09342400013603        3.10700591285187        0.04219233335478
H            4.93104275182963       -0.43592447183756       -1.01956608393200
H            4.41827427478925        1.18614832966694       -0.45801003977097
H            4.53266858725891       -0.14951815810888        0.70342525492394
H            1.53028245595646       -2.51921152427349        0.44654584577863
H            0.28903848569064       -3.43092275601238       -0.44869723532251
H           -1.22423760736027       -2.86301808379012        1.29997965866282
H           -0.07884638640556       -1.70525880832239        1.99610969475532
H           -2.38345980516374       -0.77510707825678        0.82879500398269
H           -1.63864326167859       -2.22474723580001       -1.31146270854540
H           -1.54051940710417       -0.50015921943333       -1.75513036094772
H           -0.26814287655561        0.82282716159768        1.36489422830415
H           -3.85649323481843        3.28493187554061        0.79676626214783
H           -3.54706177159642        2.79646344486652       -0.90239638745542
H           -2.50595836717493        4.01190957932235       -0.12935641694998
29
 energy: -46.901457318000 gnorm: 0.003087972384 xtb: 6.7.1 (edcfbbe)
C            4.28908625692066        0.11417406284721       -0.32978655642457
O            2.96019001200936       -0.26766360623515       -0.63932503232090
C            1.99420120433463        0.35080857085014        0.07876236941063
O            2.23265258069382        1.17005967360218        0.94157365637692
C            0.67160069178016       -0.07714520520807       -0.31517365839220
C            0.29776521748596       -1.29221040798780       -0.84746497277533
C            0.53448994615628       -2.48086202050247        0.01764391686647
C           -0.55659389499063       -2.03625447242407        1.07407697209800
C           -1.38176111780549       -0.87886419136332        0.41335688111199
C           -1.21250300415781       -1.26305078757433       -1.05211846787136
C           -0.56973439841443        0.45986995225441        0.37548735032861
C           -1.35617437036829        1.56828825746606       -0.29582506229420
O           -1.23084973678012        1.93174881106358       -1.43491989386695
O           -2.25432685085798        2.07890866809368        0.55519861429884
C           -3.08656419269630        3.11310980222423        0.04413134631151
H            4.93067055883731       -0.43054846291431       -1.01782388127368
H            4.41511664028965        1.19136899812856       -0.45855202667268
H            4.53051049730662       -0.14278015033687        0.70451215168494
H            1.53034009252739       -2.52031973484769        0.44899858911785
H            0.29124761037141       -3.43345127500597       -0.44774439252029
H           -1.22435825675898       -2.86616749449120        1.29978541055146
H           -0.08079105399494       -1.70645839561797        1.99558492880705
H           -2.38571999623773       -0.78007252374887        0.82557560210597
H           -1.63689299597876       -2.22921942836077       -1.31344643117133
H           -1.53936238316300       -0.50459800185899       -1.75731218954764
H           -0.27292808559780        0.81936276799039        1.36461731907368
H           -3.84415308935628        3.29831410095884        0.80251925460381
H           -3.54764188847608        2.79859676378551       -0.89552385629072
H           -2.49751599307862        4.01505572921408       -0.13680794132662
29
 energy: -46.901489976816 gnorm: 0.001865707391 xtb: 6.7.1 (edcfbbe)
C            4.28411358203574        0.12592015207367       -0.32826113965404
O            2.95668594824582       -0.26066638839689       -0.63866532522655
C            1.98815870050218        0.35408361327475        0.07937981790806
O            2.22270943373145        1.17697936284031        0.93960948011301
C            0.66790948799754       -0.08157227888355       -0.31378104290295
C            0.30030448920388       -1.29884358892896       -0.84553589769447
C            0.53679458689088       -2.48607307586895        0.02092764770479
C           -0.55881995602055       -2.04242381061068        1.07350674864478
C           -1.38603936125707       -0.88915295928728        0.40708489650389
C           -1.20933405117447       -1.27416917410891       -1.05687898695324
C           -0.57752960397593        0.45181402889050        0.37276219751776
C           -1.36188953033702        1.56110156073322       -0.29879137423897
O           -1.25167671174298        1.91022017679688       -1.44331637114204
O           -2.23965152573265        2.09325134222684        0.56000545927283
C           -3.06957768458416        3.12865559149475        0.04960547756980
H            4.92817320024009       -0.41951904807205       -1.01341022760077
H            4.40767868937175        1.20290751002771       -0.46059981868868
H            4.52409108771832       -0.12705127178434        0.70731459333065
H            1.53104856955523       -2.52374212273070        0.45621867526645
H            0.29669478212170       -3.43951438580917       -0.44428211041885
H           -1.22368866493895       -2.87396407142067        1.30125149065781
H           -0.08561328735533       -1.70672212168528        1.99422393454185
H           -2.39214067556375       -0.79403643953120        0.81497363350163
H           -1.63000357153821       -2.24150714319186       -1.31971332369299
H           -1.53453571001161       -0.51666127336950       -1.76391062253867
H           -0.28582800555392        0.80981602033515        1.36396177384104
H           -3.81358998329213        3.33084193070856        0.81668804672923
H           -3.54841244403337        2.80729319982838       -0.87833982985853
H           -2.47603179050244        4.02273466445038       -0.15202780249352
29
 energy: -46.901520797842 gnorm: 0.006585768589 xtb: 6.7.1 (edcfbbe)
C            4.27133977286705        0.15608468878711       -0.32352253996068
O            2.94793139577121       -0.24448732329219       -0.63431253870831
C            1.97267890883908        0.36195259991477        0.08196503968982
O            2.19727153213513        1.19460090218487        0.93534250760974
C            0.65901845803536       -0.09277422268818       -0.31018015096665
C            0.30702901373124       -1.31511364264230       -0.84130564889136
C            0.54283661981208       -2.49886645366483        0.02920521259715
C           -0.56429942707486       -2.05796606658758        1.07145407701295
C           -1.39612999287566       -0.91495671155986        0.39136362014351
C           -1.20070042943524       -1.30177260133081       -1.06897873281572
C           -0.59673243642656        0.43178443058953        0.36550944219069
C           -1.37950578106527        1.54031951568731       -0.30792952180771
O           -1.31237646761886        1.84721665624989       -1.46956212246200
O           -2.20237024629914        2.12932541625738        0.57263591549519
C           -3.02563174248043        3.16954214762477        0.06412764592587
H            4.92180843203843       -0.39137707238604       -1.00107473709545
H            4.38711611792669        1.23273982023788       -0.46659452381037
H            4.50936915471326       -0.08456976991482        0.71558320194878
H            1.53330770470124       -2.53197871472158        0.47363411229869
H            0.31031877575105       -3.45421740158504       -0.43591534181461
H           -1.22275595084509       -2.89378525258471        1.30233746804366
H           -0.09920632007114       -1.70947185626219        1.99210973384148
H           -2.40775001659692       -0.82881187757247        0.78793919129079
H           -1.61159745720825       -2.27247225239275       -1.33499776459361
H           -1.52256445813055       -0.54725474897700       -1.78071202616464
H           -0.31605161604931        0.78698141652811        1.36124439935874
H           -3.73222753047063        3.41676134771454        0.85574953706340
H           -3.55228696913535        2.83062570239285       -0.83297181042918
H           -2.41783904453841        4.04194132399463       -0.19214364499081
29
 energy: -46.901550779458 gnorm: 0.002610421844 xtb: 6.7.1 (edcfbbe)
C            4.26924476102527        0.15682016337640       -0.32352468713244
O            2.94577381071579       -0.24410432456950       -0.63296814940002
C            1.97042957383247        0.36528079384104        0.08074334097034
O            2.19475228311196        1.20134376697106        0.93085609612544
C            0.65770362598485       -0.09292800059450       -0.30972146601327
C            0.30879597281063       -1.31640747723163       -0.84028128893814
C            0.54429122240429       -2.49939798580893        0.03161374395046
C           -0.56451558550818       -2.05872447597686        1.07180569432234
C           -1.39720653397906       -0.91814390706440        0.38882983325681
C           -1.19842589849618       -1.30550774858417       -1.07079206363269
C           -0.59977032474470        0.42966983377323        0.36427497080465
C           -1.38222689125422        1.53868800606193       -0.30857785315362
O           -1.31487278560578        1.84792959031989       -1.46767890329415
O           -2.20384854846562        2.12661310535752        0.57048591358121
C           -3.02192210217187        3.17286597766372        0.06568090315662
H            4.91935998461828       -0.39238205927852       -0.99995623376593
H            4.38532651358525        1.23310315108237       -0.46908767615757
H            4.50751174201141       -0.08148171383081        0.71605690601361
H            1.53408909195385       -2.53223406498938        0.47742963689367
H            0.31254121927949       -3.45493090643982       -0.43352553764481
H           -1.22142115890605       -2.89522370040605        1.30462562186499
H           -0.10051857144490       -1.70731252015597        1.99193335523011
H           -2.40980662200938       -0.83345579755916        0.78301441902726
H           -1.60740437801112       -2.27695500703729       -1.33707725599450
H           -1.52014714350664       -0.55172851684171       -1.78337111290333
H           -0.32038804991747        0.78439134955940        1.36060108701410
H           -3.72696924714700        3.42023553320405        0.85619864652683
H           -3.54914392137653        2.84168023510113       -0.83175890541778
H           -2.41123203878865        4.04229670005826       -0.18582903529081
29
 energy: -46.901572979263 gnorm: 0.001928711818 xtb: 6.7.1 (edcfbbe)
C            4.26442859625479        0.16616068497962       -0.32155619515144
O            2.94248140560547       -0.24110963305244       -0.62881243678550
C            1.96444939286872        0.36877362678830        0.08105500449149
O            2.18539739133518        1.21015640204063        0.92683523387050
C            0.65424125534072       -0.09592702606404       -0.30913667181841
C            0.31108271754377       -1.32128809631166       -0.83918615306438
C            0.54698803481502       -2.50268981352421        0.03516892366185
C           -0.56633287720114       -2.06414628038135        1.07095588227187
C           -1.40007102124228       -0.92713950198579        0.38378765935450
C           -1.19516705168759       -1.31521729216491       -1.07468874617527
C           -0.60667551397244        0.42312585140383        0.36132828031909
C           -1.38999412434788        1.53121114540719       -0.31202574258460
O           -1.33719799074473        1.82745637006950       -1.47536967392131
O           -2.19404569378944        2.13393825838222        0.57205565946037
C           -3.00638391494269        3.18662578301185        0.07037413113383
H            4.91650306341398       -0.38468066787808       -0.99474212237864
H            4.37684249334853        1.24205146375696       -0.47330763164498
H            4.50359158258464       -0.06520803420745        0.71940494437939
H            1.53537705611608       -2.53283234970793        0.48417056717754
H            0.31901800716786       -3.45908758857187       -0.43015691755547
H           -1.22119366082920       -2.90230729366533        1.30357821297259
H           -0.10635856565791       -1.70984248521851        1.99193137960644
H           -2.41436968246332       -0.84529253707883        0.77394719292794
H           -1.60033563068126       -2.28818991282152       -1.34121661441987
H           -1.51691750880929       -0.56305133236025       -1.78889568181676
H           -0.33025802715669        0.77788457236696        1.35838710332335
H           -3.69849168351314        3.44666645545327        0.86760162043837
H           -3.54810013976190        2.85694857705365       -0.81851958870059
H           -2.38850790959362        4.04701065428156       -0.19296761937249
29
 energy: -46.901559533970 gnorm: 0.009915489759 xtb: 6.7.1 (edcfbbe)
C            4.24523502013439        0.20611593407004       -0.31195452223997
O            2.93067796260133       -0.23081841627354       -0.60996818070201
C            1.94013410344153        0.38075607407588        0.08243551341004
O            2.14623316868869        1.24185026609314        0.91260353479428
C            0.63980535986535       -0.10870979836964       -0.30804615335927
C            0.31806904259899       -1.34097813016161       -0.83629382206275
C            0.55827911320123       -2.51565647688232        0.04759520076914
C           -0.57314236708038       -2.08715164877300        1.06655493494307
C           -1.41159840675919       -0.96349602853562        0.36525597665405
C           -1.18457179571072       -1.35397881474314       -1.08932378655799
C           -0.63387816156514        0.39625994133065        0.34995937156527
C           -1.42438987246167        1.49764767997190       -0.32722044716042
O           -1.43227465169397        1.73772301789463       -1.50850516203695
O           -2.15053947964696        2.16752306463655        0.57987686399589
C           -2.94131143651842        3.24414361077829        0.08872226002014
H            4.90685043230748       -0.35022567280751       -0.97140265233077
H            4.33946276284005        1.28038954592846       -0.49044676118362
H            4.48903558249265        0.00513962330890        0.73479657836236
H            1.54168201505683       -2.53159837813251        0.50813658272972
H            0.34790420687559       -3.47644381104143       -0.41767035283911
H           -1.22135859828324       -2.93245900860172        1.29281646339211
H           -0.13101620697788       -1.72581237539731        1.99370351682918
H           -2.43192060428297       -0.89233310639320        0.74154483063861
H           -1.57500840824708       -2.33306284764485       -1.35595935495703
H           -1.50802621304484       -0.60821016785931       -1.80924295232433
H           -0.36845148100406        0.75323147104644        1.34905795778014
H           -3.57708781641369        3.55987616824095        0.91689264197491
H           -3.54580004945380        2.91388185964938       -0.76232913304807
H           -2.29299322095967        4.06639642459310       -0.23158894705706
29
 energy: -46.901621022235 gnorm: 0.002176798330 xtb: 6.7.1 (edcfbbe)
C            4.25047358166009        0.19378069041565       -0.31379047095957
O            2.93451436708965       -0.23800808981146       -0.61166185277791
C            1.94660773730161        0.37628683030093        0.08175139750037
O            2.15666673472932        1.23338318211583        0.91449608785701
C            0.64341963302894       -0.10430670223738       -0.30964313785649
C            0.31450945803754       -1.33411251023617       -0.83837938026965
C            0.55576958987531       -2.51021936390559        0.04335352302313
C           -0.57057694978510       -2.08085455689175        1.06726509507474
C           -1.40736249092329       -0.95241559919084        0.37262857383802
C           -1.18906115677807       -1.34197274374623       -1.08362989835104
C           -0.62557039950478        0.40471604368393        0.35326619254103
C           -1.41645267214795        1.50710740280084       -0.32286002754917
O           -1.40596221949096        1.76453678459489       -1.49717381578210
O           -2.16547108230407        2.15375896162182        0.57527009884200
C           -2.95965530524371        3.22690451488155        0.08203216293091
H            4.90975168259743       -0.36116037330600       -0.97652543784801
H            4.34734084650576        1.26813847119462       -0.48759438879040
H            4.49513503834508       -0.01240736432599        0.73136648553153
H            1.54109258205566       -2.52723862943770        0.49934229755736
H            0.34253994426107       -3.47043221924503       -0.42143935107550
H           -1.22179467964025       -2.92462221509962        1.29088670973103
H           -0.12530744874511       -1.72569978571577        1.99511005187037
H           -2.42516341561297       -0.87747873096382        0.75439324472551
H           -1.58371175026443       -2.31960990047825       -1.34886299022925
H           -1.51416281470062       -0.59487170195162       -1.80136183718508
H           -0.35483961164373        0.76278742063741        1.35044446474795
H           -3.61128530903238        3.52317692521961        0.90007414980592
H           -3.54337636110577        2.90185371684762       -0.78196218201303
H           -2.31806752856389        4.05897954223009       -0.21679576489019
29
 energy: -46.901629588308 gnorm: 0.001640463345 xtb: 6.7.1 (edcfbbe)
C            4.24887456080373        0.19652960410575       -0.31305293436184
O            2.93365626920477       -0.23697481696603       -0.61132804465808
C            1.94487301809108        0.37693539477750        0.08113504343319
O            2.15377828214100        1.23542358479809        0.91277096122736
C            0.64203195545755       -0.10536384520973       -0.31007834969419
C            0.31416223269805       -1.33573732373706       -0.83842459803613
C            0.55672653551712       -2.51111254390397        0.04341827480633
C           -0.57084842394606       -2.08307209220623        1.06700793649725
C           -1.40836967338187       -0.95488353102239        0.37189382566393
C           -1.18956258073394       -1.34485900187182       -1.08423165429950
C           -0.62729021434919        0.40267239374353        0.35306615045497
C           -1.41672260737238        1.50653472873684       -0.32245504062261
O           -1.40961265510362        1.76076878892850       -1.49748570060113
O           -2.16110468956035        2.15823340088079        0.57645520482712
C           -2.95518101627229        3.23051297619778        0.08258512670027
H            4.90926030121242       -0.35836848628501       -0.97475145159942
H            4.34461023637017        1.27060076292895       -0.48791227134899
H            4.49275340181962       -0.00833520347749        0.73238303385444
H            1.54191399227673       -2.52617411952057        0.49994887802959
H            0.34520063966288       -3.47204870429594       -0.42045592055735
H           -1.22122785834161       -2.92768424135929        1.28998461759728
H           -0.12600777131122       -1.72749965037406        1.99498190551251
H           -2.42638625447444       -0.88093131215320        0.75373791243804
H           -1.58349825781199       -2.32278309945168       -1.34962008739522
H           -1.51475812501313       -0.59796477111137       -1.80218187549673
H           -0.35714685895740        0.76040487873892        1.35068147221393
H           -3.60473431496323        3.52972972926243        0.90095408612562
H           -3.54089396071312        2.90414689639479       -0.77917275745274
H           -2.31449616294888        4.06129960345353       -0.21985374325838
29
 energy: -46.901649474269 gnorm: 0.002311256487 xtb: 6.7.1 (edcfbbe)
C            4.23865966974834        0.21461653978298       -0.30758130586977
O            2.92818140894279       -0.23239427902758       -0.60601618184152
C            1.93330192351209        0.38078838284813        0.07836927013234
O            2.13461952453403        1.24793760427763        0.90293311323920
C            0.63347244154192       -0.11161072824536       -0.31201364581324
C            0.31233513711892       -1.34466326934729       -0.83896524046687
C            0.56261928617190       -2.51630294862417        0.04386078560366
C           -0.57193959997874       -2.09629681453336        1.06480370028641
C           -1.41378614016539       -0.97070474544040        0.36797415682105
C           -1.19150570251136       -1.36138567063108       -1.08744705785017
C           -0.63848348114667        0.38992522535374        0.35141451859229
C           -1.42486790817013        1.49686111780013       -0.32333893879614
O           -1.44045846209486        1.73120433037710       -1.50194263902163
O           -2.13552704335090        2.18062734250024        0.58129499438834
C           -2.92481018848345        3.25388251117041        0.08611087655677
H            4.90600629304620       -0.34073194691437       -0.96205141287262
H            4.32562083812638        1.28731340333652       -0.49214793568513
H            4.48026510610192        0.02138267308266        0.74024412620938
H            1.54677670876138       -2.51955977219231        0.50343201907057
H            0.36211080283700       -3.48110563748562       -0.41634359525290
H           -1.21865413789848       -2.94525721059149        1.28173318394145
H           -0.13234579730457       -1.74065859376746        1.99533721517639
H           -2.43277917606231       -0.90251508461382        0.74948772404511
H           -1.58063354466920       -2.34126342314600       -1.35289693205029
H           -1.51866257118173       -0.61598825316188       -1.80615400435260
H           -0.37144095929109        0.74678403029889        1.35062149809729
H           -3.55547921652357        3.57594112658708        0.91138570204541
H           -3.53097461475932        2.92085611749701       -0.75915261898187
H           -2.28162059685062        4.07231797281135       -0.24295137535138
29
 energy: -46.901658245701 gnorm: 0.002369647062 xtb: 6.7.1 (edcfbbe)
C            4.23531891858663        0.22093444928948       -0.30539617785772
O            2.92652110946249       -0.23171977672962       -0.60295344408470
C            1.92939013900855        0.38136013428251        0.07834928431188
O            2.12801356116131        1.25168515611491        0.90019307140525
C            0.63083237201540       -0.11342534243493       -0.31232042775243
C            0.31143837232588       -1.34676641149249       -0.83943355310318
C            0.56415252488415       -2.51773448834585        0.04356022776109
C           -0.57206480264343       -2.10042617875455        1.06373820864182
C           -1.41494921418002       -0.97543567405116        0.36762627669599
C           -1.19217954312008       -1.36571620099497       -1.08776579089084
C           -0.64178275284121        0.38634427802262        0.35116158657453
C           -1.42902827891044        1.49241277526907       -0.32415967766959
O           -1.45566208626284        1.71755292335029       -1.50526964051641
O           -2.12716238770434        2.18578189478055        0.58191188350876
C           -2.91379307095254        3.26120029631302        0.08682020391122
H            4.90503465884119       -0.33465017814597       -0.95718740037743
H            4.31864348461964        1.29330525290982       -0.49414043053368
H            4.47701620386650        0.03272333709116        0.74340726713149
H            1.54804014775557       -2.51760301029521        0.50354916452034
H            0.36709203273902       -3.48330743798364       -0.41646630768824
H           -1.21827812852944       -2.95047368821288        1.27767214657290
H           -0.13471994808570       -1.74642763945957        1.99577668478924
H           -2.43393057900522       -0.90879452695969        0.74912017997415
H           -1.57980270318464       -2.34624541685818       -1.35282901321174
H           -1.52073881309261       -0.62090316542475       -1.80637740935656
H           -0.37479305184698        0.74364192938346        1.35005829381499
H           -3.53717268977047        3.59034662749718        0.91428922906210
H           -3.52727524931430        2.92794850125249       -0.75281089894197
H           -2.26816022582157        4.07439158058861       -0.25012353669172
29
 energy: -46.901669102313 gnorm: 0.001143511946 xtb: 6.7.1 (edcfbbe)
C            4.23219556556863        0.22650433874991       -0.30308726571324
O            2.92482844155453       -0.23043231348136       -0.60045982918722
C            1.92580147176080        0.38248081374255        0.07816282407798
O            2.12204675066013        1.25477692321561        0.89837492568325
C            0.62851263713431       -0.11463903262806       -0.31214720108096
C            0.31036201874243       -1.34777137881809       -0.84009676519154
C            0.56523166828436       -2.51889064365645        0.04235513596837
C           -0.57133909334922       -2.10397958352250        1.06272155061210
C           -1.41555656183824       -0.97959666401564        0.36823361420828
C           -1.19303968305209       -1.36859624669034       -1.08743088075012
C           -0.64473441778654        0.38338948884630        0.35164831485160
C           -1.43444475168247        1.48660512013212       -0.32500718712263
O           -1.47066889344537        1.70485427540719       -1.50690929933484
O           -2.11975869614148        2.18900589752769        0.58152122896390
C           -2.90347446081061        3.26713042277110        0.08640341647375
H            4.90405706876556       -0.32947810439513       -0.95211579819778
H            4.31293510329036        1.29859660344795       -0.49541168919068
H            4.47329932326213        0.04269444909026        0.74676349389521
H            1.54909519141447       -2.51695654229323        0.50187649098396
H            0.37018829207700       -3.48442312621038       -0.41846927500779
H           -1.21716850798334       -2.95472767380854        1.27447403623667
H           -0.13529030601055       -1.75197102720759        1.99584351509565
H           -2.43423821304897       -0.91435358388462        0.75010083639568
H           -1.57947783939123       -2.34960511841571       -1.35219818825228
H           -1.52350895654360       -0.62405177336164       -1.80534474268370
H           -0.37741935661989        0.74156974689567        1.34984535133171
H           -3.51900643495321        3.60424532726902        0.91659438500462
H           -3.52519558620716        2.93326314077458       -0.74713134069385
H           -2.25423177365021        4.07435626452107       -0.25910965737654
29
 energy: -46.901680266042 gnorm: 0.002681882168 xtb: 6.7.1 (edcfbbe)
C            4.22611656135735        0.23798098369466       -0.29926903131859
O            2.92100336412095       -0.22477183085547       -0.59792071662395
C            1.91870599495356        0.38579232855921        0.07793900252418
O            2.11047345929387        1.26136916419861        0.89587383608625
C            0.62394445894681       -0.11760826522593       -0.31148357959295
C            0.30964775724075       -1.35118413602645       -0.84061285101270
C            0.56736359090531       -2.52250060733203        0.04106977301603
C           -0.57032966790478       -2.11102470656586        1.06129677011027
C           -1.41781093605943       -0.98911179307342        0.36727653628288
C           -1.19342282031289       -1.37632760704724       -1.08847962107701
C           -0.65165357219556        0.37650383067179        0.35171337311668
C           -1.44382256465005        1.47654255626018       -0.32613893612418
O           -1.49972625480523        1.67914189663990       -1.51090609401563
O           -2.10319645607028        2.20029563675755        0.58322101374957
C           -2.88343436354333        3.28083607340630        0.08703555362076
H            4.90170694561884       -0.31905692478080       -0.94335049187343
H            4.30394263744316        1.30952960733943       -0.49675946793147
H            4.46469076720341        0.06051499463643        0.75240524007820
H            1.55101679295021       -2.51887474165815        0.50074373986019
H            0.37463116891781       -3.48776873051078       -0.42131307076136
H           -1.21397338606828       -2.96343904817391        1.27254853565369
H           -0.13558926123137       -1.75858096056128        1.99472465918241
H           -2.43681641707555       -0.92733812798485        0.74852914252932
H           -1.57691785806769       -2.35836866627636       -1.35364493449059
H           -1.52626745558940       -0.63235350354587       -1.80580447973693
H           -0.38546964372099        0.73561069616128        1.34961382500341
H           -3.48442755702386        3.63293978932993        0.92203053336273
H           -3.52017622829286        2.94360097578045       -0.73417047236658
H           -2.23020905633989        4.07765111618447       -0.27616778725164
29
 energy: -46.901692132862 gnorm: 0.002576615698 xtb: 6.7.1 (edcfbbe)
C            4.22183644715475        0.24571219913733       -0.29683270521304
O            2.91793195491279       -0.21915278611016       -0.59769763754063
C            1.91376985830205        0.38823045374428        0.07812194635255
O            2.10272838961637        1.26504024591467        0.89549701543451
C            0.62065125806439       -0.11940842166575       -0.31085460478610
C            0.30906985991316       -1.35324838221307       -0.84103438415142
C            0.56855136781483       -2.52527752531320        0.03940299017059
C           -0.56884881466730       -2.11566185778678        1.06058353117665
C           -1.41939228414293       -0.99580215276905        0.36683574488799
C           -1.19394127091161       -1.38158796949352       -1.08911153910980
C           -0.65659195384048        0.37177981392685        0.35226452897221
C           -1.44929134854610        1.47101950791854       -0.32545327046774
O           -1.51899123043816        1.66288710926430       -1.51137726861114
O           -2.09122416616064        2.20904554078007        0.58422940729391
C           -2.87016273157670        3.28988742186009        0.08646555484581
H            4.89971362684502       -0.31218847496294       -0.93767085713120
H            4.29934203804896        1.31688903595813       -0.49660023461614
H            4.45756958743524        0.07099958887416        0.75594665555219
H            1.55246872843536       -2.52219609959493        0.49854808800823
H            0.37564912749604       -3.48982878331292       -0.42455249712045
H           -1.21021137558639       -2.96932439652852        1.27379939031904
H           -0.13341767500624       -1.76120642609483        1.99302274525916
H           -2.43865314906026       -0.93686441916072        0.74793729092548
H           -1.57527474959095       -2.36431190901365       -1.35494743166239
H           -1.52859061473215       -0.63785449563029       -1.80580848262885
H           -0.39134704579321        0.73114019646444        1.35028134955206
H           -3.46177132337361        3.65163175638310        0.92379665015709
H           -3.51565572780817        2.94966348597418       -0.72628503265718
H           -2.21591678280342        4.07998774345203       -0.28850694321180
29
 energy: -46.901705751231 gnorm: 0.002288541593 xtb: 6.7.1 (edcfbbe)
C            4.21532071117888        0.25708089039521       -0.29332990044964
O            2.91301748374169       -0.21010404367230       -0.59787182077834
C            1.90620189324735        0.39198721518923        0.07875104455092
O            2.09128248991747        1.26899723379037        0.89678916124109
C            0.61544235953843       -0.12177236984500       -0.31028941477813
C            0.30863241206230       -1.35643398248198       -0.84152590506434
C            0.57070563117897       -2.52925630639709        0.03721807553836
C           -0.56648143548658       -2.12235892015135        1.05968880998101
C           -1.42191108810006       -1.00618999629510        0.36528785207824
C           -1.19426323139361       -1.39026025102989       -1.09073699495008
C           -0.66436835743321        0.36443685186803        0.35260933052981
C           -1.45775728479462        1.46323703582566       -0.32484501019405
O           -1.54808835691982        1.63892075910475       -1.51188077695577
O           -2.07310430654035        2.22306087104281        0.58562184354654
C           -2.85055915700363        3.30418324324034        0.08609085698811
H            4.89623340889084       -0.30235425296710       -0.92965828786884
H            4.29296976225915        1.32766722584911       -0.49625747839386
H            4.44677900550760        0.08592401138856        0.76095124001568
H            1.55509100918876       -2.52723697229511        0.49569289695545
H            0.37724643309993       -3.49294175027885       -0.42864735185372
H           -1.20372377382822       -2.97816088727364        1.27731165387142
H           -0.12957663849819       -1.76319505233986        1.98992211632924
H           -2.44180655189053       -0.95198617632811        0.74577016364024
H           -1.57183799066379       -2.37418602379227       -1.35769843057588
H           -1.53149310888908       -0.64705181512367       -1.80674299928801
H           -0.40114833912464        0.72376272151205        1.35135365609044
H           -3.42739636580852        3.68072440358866        0.92739488385351
H           -3.50980856259511        2.95915378807750       -0.71352316863405
H           -2.19559805084074        4.08435254940092       -0.30744604542573
29
 energy: -46.901713602683 gnorm: 0.001198673035 xtb: 6.7.1 (edcfbbe)
C            4.21106202054972        0.26385327561653       -0.29106035314659
O            2.90967710245250       -0.20430494965895       -0.59812735243709
C            1.90131718060510        0.39367321629965        0.07998903254125
O            2.08424494131268        1.26920560891016        0.90002759771476
C            0.61192413505153       -0.12279885760989       -0.31035449205949
C            0.30823499536642       -1.35801197021048       -0.84209665417196
C            0.57239820316845       -2.53126958925930        0.03540896316467
C           -0.56423338217439       -2.12598290418151        1.05911163150090
C           -1.42337138656847       -1.01255791233400        0.36438922214998
C           -1.19459134647841       -1.39561264902022       -1.09171034676414
C           -0.66935326858967        0.36001669600404        0.35260991788716
C           -1.46381196687025        1.45855895171997       -0.32472720177439
O           -1.56856289325987        1.62334026627149       -1.51176609222648
O           -2.06146165280541        2.23168572276874        0.58556617427506
C           -2.83820719750743        3.31317516752935        0.08560504694105
H            4.89365650929492       -0.29657563678829       -0.92476549283180
H            4.28914128262115        1.33404025217139       -0.49576403806905
H            4.43982585493408        0.09459752361234        0.76403552573072
H            1.55727882274658       -2.52997055979045        0.49306561959242
H            0.37842834104635       -3.49443865934843       -0.43154606058026
H           -1.19851502512714       -2.98318727108520        1.28020592291876
H           -0.12604761965562       -1.76334998996520        1.98760398849218
H           -2.44357632234781       -0.96162177120448        0.74470668851138
H           -1.56957426009553       -2.38038629663640       -1.35917477250900
H           -1.53389443318036       -0.65290500797826       -1.80722925822780
H           -0.40722591105518        0.71945406799686        1.35175389502472
H           -3.40515378718301        3.69852556311093        0.92900660719701
H           -3.50599266622168        2.96592127758715       -0.70536136973149
H           -2.18361627002853        4.08692643547438       -0.31940234911288
29
 energy: -46.901718641856 gnorm: 0.002475439248 xtb: 6.7.1 (edcfbbe)
C            4.20354001990254        0.27511766475464       -0.28676168110704
O            2.90424665568872       -0.19720369259979       -0.59635199954889
C            1.89275638391888        0.39556639554206        0.08212053502006
O            2.07179860063090        1.26962224679960        0.90458753976787
C            0.60567066081243       -0.12451700523950       -0.31164575259793
C            0.30761073317701       -1.36111878822534       -0.84335295317077
C            0.57650535125133       -2.53357654491376        0.03348280953969
C           -0.56131498926844       -2.13239291572769        1.05761397039542
C           -1.42583741943666       -1.02328737513244        0.36203014754908
C           -1.19490603328282       -1.40568745168689       -1.09388924084437
C           -0.67800118551251        0.35260993876457        0.35116395612985
C           -1.47493208337861        1.45045392228187       -0.32603701610245
O           -1.60586575149794        1.59573766637760       -1.51373157484275
O           -2.04168778582504        2.24583536206015        0.58525304976718
C           -2.81644799891252        3.32917703927126        0.08626571735421
H            4.88940922679953       -0.28678822907489       -0.91580958181139
H            4.28007934642682        1.34447886239150       -0.49620295020682
H            4.42913838167151        0.11120778101654        0.76981067977939
H            1.56161450321129       -2.52962069754604        0.49087440515152
H            0.38527474498486       -3.49724774849202       -0.43372399142626
H           -1.19114495500930       -2.99230201665652        1.28111094103624
H           -0.12349313466987       -1.76583373744141        1.98483971782325
H           -2.44652436212948       -0.97765552890068        0.74188634612384
H           -1.56524767483617       -2.39222413301154       -1.36130697709740
H           -1.53770910424559       -0.66449050551956       -1.80924872948028
H           -0.41743428546887        0.71272374987633        1.35058484532933
H           -3.36371749592179        3.73176691588874        0.93596873408746
H           -3.50262104030524        2.97853762360567       -0.68859755861354
H           -2.16075930877421        4.09111120153955       -0.34093338800486
29
 energy: -46.901725779141 gnorm: 0.001033516385 xtb: 6.7.1 (edcfbbe)
C            4.20180085236567        0.27598481420062       -0.28586857817372
O            2.90279702978309       -0.19659327947322       -0.59591588333658
C            1.89097937814757        0.39470793551407        0.08354843935684
O            2.06992696291044        1.26578281485203        0.90913661935265
C            0.60405555673985       -0.12388421513955       -0.31314464025456
C            0.30753381623791       -1.36110440875597       -0.84411013508319
C            0.57852682897253       -2.53248023935449        0.03321114389714
C           -0.55995177662840       -2.13256881376231        1.05722377901106
C           -1.42604580180224       -1.02495438166463        0.36118021768955
C           -1.19483283563530       -1.40789009267597       -1.09458045425671
C           -0.67998430373633        0.35171523158751        0.34972605265879
C           -1.47891289472374        1.44887222157229       -0.32752418795267
O           -1.61678721625911        1.59025961223345       -1.51378207956924
O           -2.03801056921052        2.24784961525838        0.58359256692675
C           -2.81238679399739        3.33240167646695        0.08674972066460
H            4.88797891142644       -0.28614690870837       -0.91439037832805
H            4.27819127399970        1.34514336437818       -0.49608690675857
H            4.42708689962608        0.11286490888343        0.77080955611487
H            1.56363015440901       -2.52626765288074        0.49059937000170
H            0.38922507841450       -3.49693662508829       -0.43309337205775
H           -1.18854441936401       -2.99322141529876        1.28088790839182
H           -0.12277424181159       -1.76502796221045        1.98428714711606
H           -2.44670615007475       -0.98065615573726        0.74110272430039
H           -1.56380021117891       -2.39509401236103       -1.36125343785249
H           -1.53891972286290       -0.66759305989268       -1.81020900054921
H           -0.41936294832872        0.71255949587577        1.34887045779479
H           -3.35421783060633        3.73766710955982        0.93772984511148
H           -3.50303724511172        2.98284002311937       -0.68395362233814
H           -2.15745778170007        4.09177039950387       -0.34474287187794
29
 energy: -46.901728800159 gnorm: 0.000440277304 xtb: 6.7.1 (edcfbbe)
C            4.20194869449632        0.27482496607344       -0.28578878295615
O            2.90277286352514       -0.19698882803893       -0.59635687390743
C            1.89116138159704        0.39487818477941        0.08271234708963
O            2.07031894776697        1.26580502105962        0.90841705253645
C            0.60416576117046       -0.12354833194251       -0.31370672563021
C            0.30784116067028       -1.36092840846416       -0.84429713945761
C            0.57923282488217       -2.53149170701919        0.03400108920378
C           -0.56010384676455       -2.13194996346289        1.05710847157890
C           -1.42604094805581       -1.02462078606198        0.36075125119990
C           -1.19438028743661       -1.40778075604358       -1.09485931203728
C           -0.68008179890842        0.35206373771245        0.34901927474466
C           -1.47996169425950        1.44795798699360       -0.32803574136649
O           -1.61903495654705        1.58947473560063       -1.51432517558415
O           -2.03777996490751        2.24772207294276        0.58359592288669
C           -2.81246376947742        3.33215107230933        0.08731581990072
H            4.88816826265439       -0.28723993800144       -0.91420362121161
H            4.27881985622499        1.34411434514975       -0.49544442266969
H            4.42675743266855        0.11113741660015        0.77099543035793
H            1.56375937584337       -2.52344978463144        0.49208410238278
H            0.39168764826011       -3.49639244591943       -0.43170591635653
H           -1.18896858503650       -2.99266962718895        1.27925004524912
H           -0.12423888168942       -1.76517017822241        1.98492299022259
H           -2.44674588261340       -0.98014942341150        0.74040604045737
H           -1.56332517242727       -2.39509720497697       -1.36112303335717
H           -1.53836449469356       -0.66773064940629       -1.81077194717864
H           -0.41917810902514        0.71319270685010        1.34786115943654
H           -3.35225904376393        3.73790985741531        0.93874040985067
H           -3.50511164206391        2.98264446406019       -0.68078498137393
H           -2.15859513208901        4.09133146524692       -0.34577773401114
29
 energy: -46.901731902302 gnorm: 0.000678457150 xtb: 6.7.1 (edcfbbe)
C            4.20230292044024        0.27234818488149       -0.28549512178008
O            2.90275967822389       -0.19783189851453       -0.59707977781961
C            1.89154487655158        0.39500338684984        0.08146438081669
O            2.07104823555028        1.26628763019603        0.90676216862086
C            0.60437919965108       -0.12268684199357       -0.31519701494750
C            0.30845793012987       -1.36063727333980       -0.84474478462914
C            0.58075470176546       -2.52951916366737        0.03567455284285
C           -0.56074294678577       -2.13116812646718        1.05680077726952
C           -1.42567107572443       -1.02380636242629        0.35965667785414
C           -1.19350809228111       -1.40818464547599       -1.09558773140980
C           -0.68003318200287        0.35315806592105        0.34727255456812
C           -1.48047596817329        1.44813216590670       -0.32912410969043
O           -1.62398387317579        1.58855654711657       -1.51506512028545
O           -2.03670242966051        2.24851723021330        0.58356882593739
C           -2.81349604929870        3.33187672378589        0.08883630808058
H            4.88836504115064       -0.28967929477262       -0.91400486073906
H            4.28029082757113        1.34184242907690       -0.49385841531259
H            4.42630293205354        0.10730301069498        0.77132798210081
H            1.56454652406976       -2.51777311033804        0.49502144357137
H            0.39646496408472       -3.49564259426549       -0.42850744760599
H           -1.19006610322162       -2.99226694930789        1.27608111370914
H           -0.12732832627010       -1.76565518087491        1.98612856384895
H           -2.44650504669882       -0.97891917490492        0.73878819974972
H           -1.56220766139551       -2.39585517082197       -1.36095897413522
H           -1.53743051187209       -0.66885693932655       -1.81224741910494
H           -0.41856700840766        0.71465635282118        1.34573567526534
H           -3.34874779624074        3.73931309552468        0.94213781160003
H           -3.51012413113258        2.98132966914889       -0.67469012707134
H           -2.16162762889981        4.09015823436157       -0.34869613130465
29
 energy: -46.901734070219 gnorm: 0.000774744290 xtb: 6.7.1 (edcfbbe)
C            4.20287996263972        0.26926440040313       -0.28483482926498
O            2.90282901917940       -0.19864185052295       -0.59773979651164
C            1.89190848238466        0.39578850268721        0.07979969689701
O            2.07180643878455        1.26721254929863        0.90487372213837
C            0.60456754446301       -0.12144833423445       -0.31707637001037
C            0.30935888642083       -1.36023051775559       -0.84523608156687
C            0.58268108888926       -2.52733204450311        0.03740019130079
C           -0.56100009086836       -2.12980355873810        1.05652009450213
C           -1.42541996705947       -1.02307949822901        0.35809650275199
C           -1.19237356915771       -1.40874176499482       -1.09673159267887
C           -0.68001696809863        0.35408826280927        0.34529410319725
C           -1.48284579728188        1.44764733739629       -0.33011863693021
O           -1.63003204356599        1.58757688774148       -1.51555560009042
O           -2.03561323417710        2.24958953970928        0.58369911720184
C           -2.81467581975682        3.33202800452740        0.09080443647135
H            4.88844956810672       -0.29296675381593       -0.91371758985336
H            4.28250293003840        1.33889622825479       -0.49172544789053
H            4.42605356658005        0.10248530444311        0.77187398794699
H            1.56598697319345       -2.51195817136570        0.49793793214354
H            0.40154861531313       -3.49494491449470       -0.42501601167131
H           -1.19070450205709       -2.99138194878808        1.27304337748565
H           -0.13020966940603       -1.76533501437363        1.98751874227612
H           -2.44652723884009       -0.97792404117647        0.73658242378204
H           -1.56052264895417       -2.39686701927229       -1.36118550811881
H           -1.53646538029618       -0.67024662239618       -1.81419989197812
H           -0.41843087649574        0.71575755985904        1.34373189111118
H           -3.34375147931100        3.74265389179739        0.94677499785067
H           -3.51686172881620        2.97953728973669       -0.66707942958183
H           -2.16512206184997        4.08837629599925       -0.35373443090986
29
 energy: -46.901735619909 gnorm: 0.000488238695 xtb: 6.7.1 (edcfbbe)
C            4.20324732493236        0.26717364043515       -0.28414636500636
O            2.90279930716773       -0.19917179187020       -0.59772459873577
C            1.89197953196235        0.39638077762457        0.07916529285379
O            2.07212231333019        1.26819704288102        0.90370199370436
C            0.60454945424432       -0.12051578496864       -0.31816017599294
C            0.30996326666285       -1.35982470371823       -0.84552181003459
C            0.58378750461154       -2.52609972097188        0.03800673176657
C           -0.56082781157972       -2.12911881246956        1.05632491365652
C           -1.42516621649482       -1.02277264864126        0.35731069817301
C           -1.19167547872167       -1.40903164718769       -1.09732554474262
C           -0.68011551374702        0.35460552217493        0.34407305400833
C           -1.48371936829624        1.44836717608651       -0.33071124804631
O           -1.63409238144430        1.58688587109480       -1.51587219760673
O           -2.03457986824327        2.25073937998606        0.58376296309478
C           -2.81565986187629        3.33224639271202        0.09193124672310
H            4.88827519720363       -0.29533522211245       -0.91345320448277
H            4.28412506926067        1.33685219829656       -0.49013761166540
H            4.42611944326641        0.09916543642262        0.77238364701704
H            1.56693536945257       -2.50937956717347        0.49900014851615
H            0.40398615665444       -3.49436304867410       -0.42364423611286
H           -1.19033196703844       -2.99106885035121        1.27208920505632
H           -0.13110141368278       -1.76467542287626        1.98785452313262
H           -2.44644119988369       -0.97767741527454        0.73543274900451
H           -1.55931286002523       -2.39743996878956       -1.36139766612736
H           -1.53596071403261       -0.67097376533522       -1.81517965898966
H           -0.41851202350127        0.71627550865751        1.34256393644699
H           -3.34011104978518        3.74558444023315        0.94953375343936
H           -3.52209862858221        2.97795674037754       -0.66146989565662
H           -2.16818358181357        4.08701824343375       -0.35839064339368
29
 energy: -46.901737596569 gnorm: 0.000385603304 xtb: 6.7.1 (edcfbbe)
C            4.20359078538176        0.26424222209441       -0.28286391012073
O            2.90254243375089       -0.19983757872271       -0.59721420004528
C            1.89187199013294        0.39751180378194        0.07868490451301
O            2.07246044093437        1.26997075222001        0.90233213942269
C            0.60435458594871       -0.11902041390862       -0.31919311699020
C            0.31075920987139       -1.35889720771282       -0.84589151595138
C            0.58514517781195       -2.52464641544411        0.03801138154643
C           -0.55992596764344       -2.12816998915272        1.05599487501398
C           -1.42465125238372       -1.02253228052264        0.35634689789079
C           -1.19080606721346       -1.40931509173411       -1.09810024632067
C           -0.68045951336395        0.35528442679709        0.34296641930694
C           -1.48568693713514        1.44901643833072       -0.33114207410056
O           -1.63955435097094        1.58536370556871       -1.51604122875456
O           -2.03333985343468        2.25247582656260        0.58382918937566
C           -2.81695539170789        3.33270864206779        0.09304124148797
H            4.88775846981309       -0.29872578429052       -0.91280250599643
H            4.28629384996619        1.33397491153694       -0.48765836721491
H            4.42617557669676        0.09454638770521        0.77341307333896
H            1.56828709044509       -2.50740705910368        0.49915164936491
H            0.40593558336406       -3.49324919603415       -0.42325132643682
H           -1.18878002757772       -2.99052541799929        1.27216950185416
H           -0.13052460237579       -1.76294868416074        1.98740461027052
H           -2.44605311141797       -0.97793860608015        0.73418338149983
H           -1.55766561945466       -2.39807332732003       -1.36196962064893
H           -1.53550965628803       -0.67164853291054       -1.81615492569707
H           -0.41900189465949        0.71712275463894        1.34151225005445
H           -3.33385881025618        3.75107208134553        0.95290139980265
H           -3.53011707489299        2.97542442369852       -0.65292507358650
H           -2.17228506334043        4.08422120875030       -0.36673480287912
29
 energy: -46.901739388554 gnorm: 0.000731570352 xtb: 6.7.1 (edcfbbe)
C            4.20375843288443        0.26107467601925       -0.28119501365665
O            2.90211251431588       -0.20057621130785       -0.59645568778484
C            1.89166300321295        0.39878655813014        0.07829482805585
O            2.07280872286515        1.27181939518019        0.90113284209937
C            0.60407816255829       -0.11740322379037       -0.31994135174010
C            0.31147436408309       -1.35760552855400       -0.84642326935541
C            0.58655707121977       -2.52329928176782        0.03725840236506
C           -0.55822882501366       -2.12698504935795        1.05562500535567
C           -1.42426376109149       -1.02244153440788        0.35576285209958
C           -1.19006100802894       -1.40902753406647       -1.09868190384612
C           -0.68107012388827        0.35587739714845        0.34222489239075
C           -1.48785378801052        1.44926170006367       -0.33141152407817
O           -1.64544736697962        1.58305579076601       -1.51611750409340
O           -2.03212496330860        2.25422559431796        0.58379923040388
C           -2.81822386465318        3.33308189668718        0.09367538453781
H            4.88710363132504       -0.30213501653870       -0.91185377556278
H            4.28827327930773        1.33094933809039       -0.48442598798015
H            4.42598987038023        0.08941948504782        0.77483989070705
H            1.56986848187775       -2.50627258107766        0.49809963205605
H            0.40717573398289       -3.49181158589182       -0.42421079257875
H           -1.18618535191728       -2.98966417678399        1.27307746071587
H           -0.12844917571721       -1.76050376245953        1.98641234992166
H           -2.44576395038289       -0.97879524906821        0.73353557369233
H           -1.55617086105868       -2.39804462831717       -1.36252899434441
H           -1.53532225580508       -0.67159643831999       -1.81671282733934
H           -0.41981618124633        0.71795492800208        1.34075594523423
H           -3.32575719519424        3.75811058425308        0.95597054908803
H           -3.53956076861334        2.97239887426666       -0.64294201575244
H           -2.17656382710316        4.08014558373838       -0.37756419061085
29
 energy: -46.901741320793 gnorm: 0.000842553814 xtb: 6.7.1 (edcfbbe)
C            4.20369989647874        0.25803384412716       -0.27916509521375
O            2.90153606180120       -0.20125802047497       -0.59552436032136
C            1.89135186316489        0.39997880008693        0.07811618187018
O            2.07305460693898        1.27361555264017        0.90014521551975
C            0.60369145463864       -0.11567772509567       -0.32049324630131
C            0.31190098690362       -1.35598972033609       -0.84718303515326
C            0.58782860335984       -2.52203207331145        0.03574981934999
C           -0.55608697114495       -2.12613319753874        1.05516895990424
C           -1.42349452124633       -1.02244269379422        0.35546347190331
C           -1.18961989982786       -1.40871144999825       -1.09910531082154
C           -0.68174660503431        0.35665588022435        0.34193682747884
C           -1.49031749999975        1.44905566560054       -0.33137516992733
O           -1.65134532215268        1.58062947137167       -1.51590438813786
O           -2.03120265839068        2.25600114732632        0.58382890842620
C           -2.81925694930531        3.33353011654378        0.09376403544765
H            4.88639607316908       -0.30500479505927       -0.91067390162198
H            4.28981361742768        1.32817012419118       -0.48033949049023
H            4.42550834831935        0.08405178425088        0.77660735937626
H            1.57147783058317       -2.50568307967107        0.49581099938324
H            0.40767683411808       -3.49013692581961       -0.42626801535338
H           -1.18289561181525       -2.98912536240688        1.27465314257129
H           -0.12512557486713       -1.75807816486085        1.98479889057027
H           -2.44488956184955       -0.97998031067854        0.73357396119241
H           -1.55504162987237       -2.39797421635200       -1.36302211011235
H           -1.53572733491203       -0.67141286224077       -1.81683330665920
H           -0.42067871714361        0.71902421646423        1.34040385863179
H           -3.31578173251440        3.76689525523395        0.95830818958185
H           -3.55001021605946        2.96921231307599       -0.63168436571841
H           -2.18071537076686        4.07478642650305       -0.39075802537550
29
 energy: -46.901743599645 gnorm: 0.000644530270 xtb: 6.7.1 (edcfbbe)
C            4.20337297901335        0.25526504442246       -0.27662882011925
O            2.90087786731769       -0.20187219752977       -0.59460084357619
C            1.89082344318331        0.40106760502627        0.07770018567610
O            2.07289547557120        1.27498152834739        0.89935211861133
C            0.60309231757347       -0.11413523607820       -0.32112941788498
C            0.31189456199388       -1.35432192126658       -0.84833092770361
C            0.58920923957507       -2.52091760248288        0.03349964798202
C           -0.55323101673584       -2.12513295917555        1.05454134898599
C           -1.42302314406783       -1.02267579801120        0.35563631921712
C           -1.18970182164702       -1.40812079686081       -1.09924147244449
C           -0.68259765961900        0.35719604671773        0.34195843152451
C           -1.49250914677144        1.44846111235357       -0.33108160156529
O           -1.65707004833024        1.57811708831942       -1.51538139518156
O           -2.03048006698199        2.25764288378141        0.58394515887502
C           -2.81991182092509        3.33389395419383        0.09334594331136
H            4.88578882917235       -0.30700080560821       -0.90908025739431
H            4.29071703445206        1.32581062860211       -0.47512884684547
H            4.42451495510462        0.07851567363614        0.77887453387669
H            1.57341439577424       -2.50532618269481        0.49225226957908
H            0.40800387855865       -3.48845021241201       -0.42926998546773
H           -1.17876934550362       -2.98838781550971        1.27635359308420
H           -0.12064951356079       -1.75555741652619        1.98282645794182
H           -2.44419665080158       -0.98162409624334        0.73454128123228
H           -1.55451286051280       -2.39757471209375       -1.36322726685758
H           -1.53704265787882       -0.67087684693591       -1.81640659090841
H           -0.42148266471417        0.71992294121684        1.34022746932263
H           -3.30320387738237        3.77784796053042        0.95998111091265
H           -3.56169309079248        2.96581686237233       -0.61871648982168
H           -2.18452959106411        4.06743526991077       -0.40681195436239
29
 energy: -46.901746026486 gnorm: 0.000371624472 xtb: 6.7.1 (edcfbbe)
C            4.20279646279281        0.25343248669451       -0.27376307441808
O            2.90028340015330       -0.20217058265320       -0.59384589188150
C            1.89010334865321        0.40164497583211        0.07728728425187
O            2.07206322456260        1.27577510539431        0.89877663541518
C            0.60233073513631       -0.11285642819704       -0.32216536529292
C            0.31130997458437       -1.35280743428431       -0.84993533154736
C            0.59035910968424       -2.51991630684256        0.03075038140758
C           -0.55039630798609       -2.12494367483445        1.05390476937197
C           -1.42218449805864       -1.02312371459777        0.35628930824943
C           -1.19045250979541       -1.40774116861496       -1.09907640802252
C           -0.68332073980332        0.35768144567677        0.34201012361044
C           -1.49460176642105        1.44750959531934       -0.33067476308690
O           -1.66192978852623        1.57634567805628       -1.51472118786803
O           -2.03012497861393        2.25899506423302        0.58420224868827
C           -2.81984535216315        3.33438630709277        0.09248634517784
H            4.88543885905080       -0.30731697481484       -0.90725546607737
H            4.29072405557138        1.32454284138219       -0.46897439977663
H            4.42304572842007        0.07349469898483        0.78143634974711
H            1.57525797550959       -2.50456189500015        0.48785485946549
H            0.40839224790075       -3.48702219003599       -0.43254088571884
H           -1.17471681275643       -2.98856312805079        1.27764470758154
H           -0.11602411587842       -1.75434666973880        1.98093004722469
H           -2.44286486451607       -0.98332531363066        0.73655231145141
H           -1.55485104461460       -2.39739129082438       -1.36292790998844
H           -1.53936966167236       -0.67054963205249       -1.81551534494472
H           -0.42182553213883        0.72071469330861        1.34000890021071
H           -3.28815793511062        3.79080689294035        0.96081285886770
H           -3.57397563323101        2.96287543323297       -0.60449980619891
H           -2.18746358073257        4.05843118602609       -0.42505129589910
29
 energy: -46.901748430609 gnorm: 0.000525530085 xtb: 6.7.1 (edcfbbe)
C            4.20195600976158        0.25325254666689       -0.27096728635103
O            2.89981116069437       -0.20178797652712       -0.59352858636111
C            1.88907487328112        0.40187920994422        0.07664214108583
O            2.07038256293976        1.27534039684883        0.89903602729197
C            0.60131710329971       -0.11234354950971       -0.32331514492937
C            0.31004036244609       -1.35195946362410       -0.85162076854687
C            0.59122911630308       -2.51951820063350        0.02782845845937
C           -0.54786609559369       -2.12517536750301        1.05304730194149
C           -1.42181611519127       -1.02377923925480        0.35737231006579
C           -1.19203224245806       -1.40771751502185       -1.09852336538519
C           -0.68382910690110        0.35760463735053        0.34254603724782
C           -1.49549075758158        1.44671521023346       -0.32992550574482
O           -1.66427448611366        1.57541726491069       -1.51378596135437
O           -2.03011520691269        2.25971589072413        0.58462751429226
C           -2.81887980910020        3.33483999010028        0.09117918316411
H            4.88539608804231       -0.30522128535929       -0.90557389564664
H            4.28956272582497        1.32502465350676       -0.46262945734346
H            4.42130228636714        0.07007373983558        0.78387705178372
H            1.57696057702761       -2.50400251298276        0.48307764795786
H            0.40875177632742       -3.48637900328857       -0.43573799312006
H           -1.17125021513332       -2.98915535163305        1.27786130080266
H           -0.11187843506318       -1.75452681377016        1.97927948943811
H           -2.44187873294776       -0.98490520928371        0.73939800513059
H           -1.55622605704297       -2.39750109675440       -1.36220973501216
H           -1.54268901070204       -0.67048832639081       -1.81405066650737
H           -0.42143679121194        0.72099978138071        1.34015663679405
H           -3.27202444613737        3.80451572269794        0.96032101697772
H           -3.58517485062136        2.96083422642251       -0.59078680366743
H           -2.18892228360225        4.04824764091608       -0.44359495246357
29
 energy: -46.901750328658 gnorm: 0.000965718795 xtb: 6.7.1 (edcfbbe)
C            4.20113806116459        0.25393330898291       -0.26809997015548
O            2.89956250110854       -0.20096308229416       -0.59339336348011
C            1.88802031593544        0.40141395828361        0.07650272001758
O            2.06820136110907        1.27435775881163        0.89975095744174
C            0.60035489034446       -0.11208293177930       -0.32486624508480
C            0.30868216152498       -1.35140302543537       -0.85352047323746
C            0.59200311782932       -2.51907118661475        0.02502502135401
C           -0.54581673465240       -2.12608310448882        1.05224782470589
C           -1.42130476020721       -1.02461758206928        0.35857809689553
C           -1.19376393597491       -1.40771280631439       -1.09794080932719
C           -0.68424135119216        0.35727596190748        0.34255628333808
C           -1.49654778905373        1.44595330775146       -0.32943998325673
O           -1.66626242454060        1.57478396599961       -1.51317746584341
O           -2.02992502468602        2.26035432521690        0.58497660397975
C           -2.81747367687852        3.33549086160638        0.08988901618815
H            4.88556978860076       -0.30147790580378       -0.90432459668942
H            4.28793482980826        1.32655490470939       -0.45532343818108
H            4.41969594805686        0.06666683536135        0.78619955114810
H            1.57843939822288       -2.50261956735850        0.47870916030212
H            0.40986570230097       -3.48602450881047       -0.43845889997411
H           -1.16860015408688       -2.99055213679844        1.27690885445943
H           -0.10882415455953       -1.75622256827183        1.97831050919586
H           -2.44069860329666       -0.98638904759358        0.74245442874451
H           -1.55791079801915       -2.39760376828340       -1.36124177790346
H           -1.54609108897227       -0.67047618348882       -1.81264971756071
H           -0.42085400878981        0.72087802091620        1.33980012893862
H           -3.25147316443818        3.82135717531218        0.96035150144247
H           -3.59923541536454        2.95867433212723       -0.57349145310425
H           -2.19044499129284        4.03560468842033       -0.46633246435370
29
 energy: -46.901750646077 gnorm: 0.001239650939 xtb: 6.7.1 (edcfbbe)
C            4.20015555145253        0.25956934731497       -0.26738052586119
O            2.90001258255505       -0.19836114502753       -0.59452610498434
C            1.88705597476832        0.39936696460769        0.07705870704220
O            2.06511559157465        1.27026821205642        0.90305715429673
C            0.59968252405340       -0.11411662267515       -0.32554844231355
C            0.30637122641944       -1.35281769930833       -0.85462594777176
C            0.59077679734290       -2.52065291320350        0.02318101326795
C           -0.54630548520323       -2.12887893184463        1.05189352973788
C           -1.42146943889245       -1.02572286806967        0.36058888791077
C           -1.19659168605194       -1.40816528030550       -1.09657535285994
C           -0.68372913835248        0.35572031992528        0.34355076489128
C           -1.49441338321961        1.44559095862536       -0.32856338222626
O           -1.65902879516511        1.57745024726050       -1.51260795803229
O           -2.03148911643749        2.25836264928434        0.58527341339193
C           -2.81431894509682        3.33572956164934        0.08774462422628
H            4.88659469030471       -0.29168753317005       -0.90508141602077
H            4.28353515141093        1.33301572897494       -0.45116369659548
H            4.41873113423943        0.06968841011309        0.78636450555205
H            1.57774662137646       -2.50317730123097        0.47583231946042
H            0.40921882177709       -3.48792668162988       -0.43991837059805
H           -1.16983333871892       -2.99348396848763        1.27425613953071
H           -0.10900984300932       -1.76181476419605        1.97892194352130
H           -2.44010876950642       -0.98679519076552        0.74640026622421
H           -1.56164601409160       -2.39779809540987       -1.35956545706466
H           -1.54970432913214       -0.67057242050881       -1.81054020461290
H           -0.41904186426738        0.71912654836330        1.34053371236776
H           -3.23728868452176        3.83218532453139        0.95608316636312
H           -3.60370115633977        2.96075357327850       -0.56555564177356
H           -2.18731667926775        4.02514356984979       -0.47908764706991
29
 energy: -46.901753336421 gnorm: 0.000711279792 xtb: 6.7.1 (edcfbbe)
C            4.19992103564490        0.25928427660415       -0.26622938640983
O            2.89971821831841       -0.19766663113380       -0.59459892068052
C            1.88654115098295        0.40032547911526        0.07653085567447
O            2.06460931678819        1.26991585641949        0.90386187418695
C            0.59924217949207       -0.11357418038230       -0.32597978147902
C            0.30645810953846       -1.35251096601171       -0.85487815626493
C            0.59158769635391       -2.52016582096494        0.02290386600234
C           -0.54612659071791       -2.12889189807424        1.05110019646042
C           -1.42153105379429       -1.02585777098419        0.35998670908976
C           -1.19644240803785       -1.40872878605176       -1.09706010218207
C           -0.68399665690115        0.35569649731064        0.34366878632693
C           -1.49503762035857        1.44571801042326       -0.32834007046772
O           -1.66122603847932        1.57630220791968       -1.51238231631973
O           -2.03050907872764        2.25916691276921        0.58550981256231
C           -2.81401424665833        3.33609793895122        0.08784811942227
H            4.88631417014128       -0.29053612752101       -0.90521719566217
H            4.28345946376465        1.33315440904708       -0.44750718362281
H            4.41854977726928        0.06691212180117        0.78707438021299
H            1.57849091327798       -2.50197995429987        0.47571861097883
H            0.41074780982338       -3.48764124665949       -0.44007089688357
H           -1.16943821568455       -2.99382125695704        1.27281772043522
H           -0.10934878231534       -1.76217119392157        1.97849103668888
H           -2.44020009030200       -0.98724107301468        0.74575866894944
H           -1.56098674137417       -2.39857431952321       -1.36011441723154
H           -1.54984780604741       -0.67127495832918       -1.81097934955095
H           -0.41902235501158        0.71930899824521        1.34055246129168
H           -3.22345634150177        3.84275269268301        0.95808836032281
H           -3.61451833799555        2.95861007054697       -0.55244352123787
H           -2.18993747748729        4.01739071199448       -0.49411016061265
29
 energy: -46.901754879223 gnorm: 0.000293324631 xtb: 6.7.1 (edcfbbe)
C            4.20051117497077        0.25872536236572       -0.26819633402241
O            2.89978042461796       -0.19803837567345       -0.59438060204777
C            1.88732958709350        0.40038317948415        0.07769015430557
O            2.06627848844553        1.27086858436843        0.90379617589713
C            0.60005080055821       -0.11362937286116       -0.32450946245882
C            0.30803581704415       -1.35282210539928       -0.85332998404356
C            0.59134228439492       -2.52034440746846        0.02525263085414
C           -0.54775625397627       -2.12811006194001        1.05150336633267
C           -1.42213319889558       -1.02546169988419        0.35848750857683
C           -1.19448480964310       -1.40869242138767       -1.09799693421591
C           -0.68410682530222        0.35576700707979        0.34324398149692
C           -1.49501891559103        1.44613491330548       -0.32894517664439
O           -1.66124756262444        1.57604257389681       -1.51307013397009
O           -2.03002011870712        2.25912590237286        0.58512143053402
C           -2.81496186253021        3.33591635225255        0.08905954792191
H            4.88583592988989       -0.29259794452623       -0.90699945541104
H            4.28459255432168        1.33221354809370       -0.45141697839883
H            4.42026967647709        0.06798283284214        0.78517450720935
H            1.57747972454809       -2.50279777536435        0.47971728884871
H            0.41059770107255       -3.48770908184056       -0.43797594638582
H           -1.17143703087980       -2.99276505398081        1.27310596703604
H           -0.11220791283389       -1.76069406577536        1.97920376643575
H           -2.44154206989456       -0.98659336010423        0.74232696246508
H           -1.55883062185751       -2.39847858395628       -1.36149790705787
H           -1.54643277503463       -0.67124305259350       -1.81264507211044
H           -0.42031299840651        0.71904859752295        1.34055819721393
H           -3.23099845062516        3.83585700901835        0.95973414215107
H           -3.61023803005104        2.95908353076486       -0.55778735000100
H           -2.19037472658054        4.02282796938960       -0.48522429051125
29
 energy: -46.901756359047 gnorm: 0.000388653806 xtb: 6.7.1 (edcfbbe)
C            4.20052833850386        0.26032610806104       -0.26912575422038
O            2.89982527281201       -0.19701520439908       -0.59446163738667
C            1.88743909264783        0.40021081033827        0.07888698172121
O            2.06638893377420        1.27020103228261        0.90551532554858
C            0.60039590097376       -0.11415075020844       -0.32348285693044
C            0.30882904543486       -1.35335877280916       -0.85251816300247
C            0.59085642697313       -2.52088174427660        0.02648092981567
C           -0.54934028566031       -2.12879961202672        1.05160356520210
C           -1.42260866696541       -1.02590487076606        0.35758008261440
C           -1.19347092879109       -1.40883683579323       -1.09872989602458
C           -0.68434661311246        0.35511342382473        0.34314762414130
C           -1.49472815383924        1.44612261385204       -0.32910219924236
O           -1.65982085733780        1.57636496981641       -1.51332497928766
O           -2.02982834824154        2.25864018639306        0.58497589227784
C           -2.81433474241413        3.33606761261392        0.08933680382285
H            4.88558117524551       -0.28991410687691       -0.90918676040551
H            4.28372316276203        1.33406112095012       -0.45139272583398
H            4.42148629848995        0.06869345109827        0.78383848014690
H            1.57642079488464       -2.50354064856179        0.48220479761664
H            0.41054729754927       -3.48821150653821       -0.43699163926417
H           -1.17344454003444       -2.99338145866939        1.27235294218144
H           -0.11485715388614       -1.76151372555975        1.97986675842464
H           -2.44246164967033       -0.98685560199647        0.74023687160107
H           -1.55774316109579       -2.39851148251351       -1.36267165306417
H           -1.54441338921804       -0.67125132912146       -1.81376230413890
H           -0.42136941018754        0.71789104013741        1.34085470767066
H           -3.22406688450128        3.84041428919100        0.96057216740997
H           -3.61426944363830        2.95906287256925       -0.55162872668449
H           -2.19091751145645        4.01895811899050       -0.49107463470959
29
 energy: -46.901758478298 gnorm: 0.000726107617 xtb: 6.7.1 (edcfbbe)
C            4.20035007004170        0.26464881686779       -0.27090504656905
O            2.89990248413877       -0.19450678371729       -0.59459303862375
C            1.88746920734304        0.39973633825274        0.08145545820108
O            2.06611345040517        1.26828912564176        0.90966233834898
C            0.60094721603005       -0.11561580338710       -0.32112715872436
C            0.31012549579992       -1.35478787748307       -0.85079350572869
C            0.58975078135851       -2.52241348781919        0.02891192568462
C           -0.55297575738444       -2.13052604526182        1.05129016018688
C           -1.42384533860899       -1.02686027573398        0.35563997029550
C           -1.19170610938745       -1.40960484645406       -1.10020518511476
C           -0.68474153185057        0.35362091420890        0.34352426569714
C           -1.49347022131660        1.44594353178241       -0.32902373571671
O           -1.65599081086577        1.57758090555386       -1.51347281752121
O           -2.02933887462036        2.25755648087522        0.58509290173918
C           -2.81228239752128        3.33628728087181        0.08951253256787
H            4.88511683365027       -0.28241376739278       -0.91403974823821
H            4.28092424077419        1.33906037013376       -0.45049888068913
H            4.42412108478187        0.07063911180359        0.78102441658973
H            1.57416959822071       -2.50515750166266        0.48717886634705
H            0.41054286921866       -3.48975084448070       -0.43499181634212
H           -1.17798894012451       -2.99502356454988        1.26984129869293
H           -0.12090004544413       -1.76393244786560        1.98094450904838
H           -2.44457030181756       -0.98728588491393        0.73589751947591
H           -1.55580963774546       -2.39904823298763       -1.36528625425555
H           -1.54063300387479       -0.67161633069086       -1.81582618561896
H           -0.42320833007690        0.71532698275329        1.34204155316769
H           -3.20508184345906        3.85295487954428        0.96155806454865
H           -3.62499975792758        2.95899170326502       -0.53531564373170
H           -2.19199042973666        4.00790725284802       -0.50749676371750
29
 energy: -46.901757500304 gnorm: 0.001445975896 xtb: 6.7.1 (edcfbbe)
C            4.20016595646565        0.26910933451724       -0.27274062001524
O            2.89998292062295       -0.19192744666149       -0.59472079154431
C            1.88750121441265        0.39924649259402        0.08410377934651
O            2.06582992105622        1.26632246332730        0.91393195843662
C            0.60151609801439       -0.11712980255288       -0.31869265084285
C            0.31146007147611       -1.35626150755222       -0.84901433055306
C            0.58860694294232       -2.52399628186782        0.03141589530682
C           -0.55672283622301       -2.13230473667758        1.05096832986246
C           -1.42512357163167       -1.02784715070473        0.35364187835804
C           -1.18988849154751       -1.41039133329876       -1.10172521939441
C           -0.68514869237782        0.35207919672136        0.34391782851975
C           -1.49216549132878        1.44575351333141       -0.32893855554681
O           -1.65203644351874        1.57883477512659       -1.51361895000860
O           -2.02883865587411        2.25643470511536        0.58521692028982
C           -2.81016268698566        3.33650940162094        0.08969053696387
H            4.88463835830704       -0.27467610812430       -0.91904328384417
H            4.27802908330160        1.34421729660576       -0.44958639820963
H            4.42684390971614        0.07265841946165        0.77812208850525
H            1.57184532365536       -2.50683278062070        0.49230258156576
H            0.41053004548874       -3.49133912979845       -0.43293553462837
H           -1.18267393602959       -2.99671384217726        1.26725552516296
H           -0.12712457051794       -1.76642656762712        1.98205564332214
H           -2.44674710305147       -0.98773137292353        0.73142627837039
H           -1.55382121146281       -2.39959389560699       -1.36798397864687
H           -1.53673685605715       -0.67198410325574       -1.81794969011633
H           -0.42510617081962        0.71268009800626        1.34327013722013
H           -3.18552647309059        3.86586517871474        0.96254844434825
H           -3.63602913485566        2.95893174766852       -0.51851700009719
H           -2.19309752008625        3.99651343664037       -0.52440082213106
29
 energy: -46.901759523886 gnorm: 0.000472725052 xtb: 6.7.1 (edcfbbe)
C            4.20021872881907        0.26826941356832       -0.27264635702559
O            2.90000928214088       -0.19287390852006       -0.59446617922254
C            1.88756055329246        0.39954949280811        0.08317871310720
O            2.06598913572732        1.26708724332083        0.91249372807375
C            0.60143285542437       -0.11698566170043       -0.31898503033701
C            0.31103595749684       -1.35599980981743       -0.84928569170321
C            0.58845878928119       -2.52389066708527        0.03085134506039
C           -0.55591924887937       -2.13199999186381        1.05133707609687
C           -1.42484570681614       -1.02771846522896        0.35433954231437
C           -1.19041799072016       -1.40999689204518       -1.10122875616369
C           -0.68499364441305        0.35235474336055        0.34410379096061
C           -1.49200042426900        1.44559879399133       -0.32880811097409
O           -1.65219034564056        1.57882610476672       -1.51338097192036
O           -2.02920537166078        2.25648472811215        0.58529509208933
C           -2.81053359153170        3.33627333989090        0.08951872895152
H            4.88478528201980       -0.27689678643716       -0.91759711773739
H            4.27849743441727        1.34299209282099       -0.45145082534201
H            4.42632532677068        0.07373025407464        0.77866975918098
H            1.57200342525689       -2.50717410166285        0.49099760618910
H            0.40969682990128       -3.49106502307157       -0.43354530537568
H           -1.18168389339188       -2.99628575789687        1.26858539014178
H           -0.12537839519453       -1.76576549191004        1.98183986819772
H           -2.44623265010466       -0.98766517470944        0.73271534843503
H           -1.55456728277751       -2.39914348487908       -1.36735166183314
H           -1.53762904916968       -0.67153930250997       -1.81723001879293
H           -0.42470458079049        0.71319857946439        1.34326661703596
H           -3.19533624754290        3.85880584541638        0.96125536916550
H           -3.62882518053399        2.95975396218029       -0.52771233756809
H           -2.19154999711084        4.00207592556446       -0.51475961100452
29
 energy: -46.901759936666 gnorm: 0.000214483578 xtb: 6.7.1 (edcfbbe)
C            4.20014317396445        0.26857956745634       -0.27224861823965
O            2.90012033819939       -0.19327453658111       -0.59382759176477
C            1.88756667183226        0.39897327832975        0.08367147492184
O            2.06568298531716        1.26739163814908        0.91211286293190
C            0.60139407379894       -0.11719701907175       -0.31886876678737
C            0.31070432816546       -1.35598874352914       -0.84950140731771
C            0.58837409958210       -2.52414893363539        0.03018235390953
C           -0.55549134457447       -2.13199723964212        1.05111239734929
C           -1.42494332869405       -1.02779245728515        0.35466282478441
C           -1.19081994476456       -1.40979520075827       -1.10100725391256
C           -0.68498745385913        0.35228138789412        0.34437224645066
C           -1.49186510723651        1.44532590059281       -0.32849764311786
O           -1.65237477839480        1.57871830179517       -1.51296393234400
O           -2.02905426261778        2.25675444694129        0.58549303664097
C           -2.81024564265888        3.33620285477643        0.08911982286721
H            4.88487108803946       -0.27619998052466       -0.91731440732762
H            4.27778067547399        1.34334794048617       -0.45095213060747
H            4.42648990919342        0.07406354989686        0.77901045826074
H            1.57211422531291       -2.50769944687595        0.48987038375019
H            0.40923939022059       -3.49114114333341       -0.43443309657192
H           -1.18118912672684       -2.99623312458762        1.26863731658135
H           -0.12450090419092       -1.76587204453508        1.98144562216685
H           -2.44621199333750       -0.98780396318474        0.73338236515556
H           -1.55510699136710       -2.39885744438706       -1.36722615185690
H           -1.53828021900879       -0.67118271884131       -1.81671091317253
H           -0.42461567514683        0.71315159377512        1.34347807722057
H           -3.19368405377777        3.86019027091428        0.96056262281305
H           -3.62952295408259        2.95943005637595       -0.52670562983547
H           -2.19158717866085        4.00077320939135       -0.51685632294844
