36
 energy: -49.424569425634 gnorm: 0.068381348142 xtb: 6.7.1 (edcfbbe)
C           -4.15763831328100        2.34368706051000        0.60298155242400
C           -2.83867747589500        1.58660607042400        0.56467422221200
C           -3.03325123237100        0.10883990518500        0.90599926004800
C           -1.72100352836300       -0.67718390779500        1.00809268216600
N           -1.02314422036700       -0.83065711668900       -0.27111268181500
C            0.06204933173700        0.11216678762600       -0.56961664903200
C            1.42416103723600       -0.44198663110600       -0.16653696192100
C            2.50928134157500        0.55866410688600       -0.45995490427200
O            2.33001316961600        1.73887613148900       -0.72581559059200
O            3.72813881110000       -0.04094388071500       -0.34558700491500
C            4.83831328617100        0.82727584798500       -0.60338112625300
C            6.11404127201900        0.02122573105700       -0.45604301283900
C           -1.24604525933300       -1.86558081519700       -1.17312871169400
C           -2.31603576691700       -2.87347813135700       -0.83666450352100
O           -0.58605345063100       -1.99058128525700       -2.20599033649200
H           -4.87038336345400        1.92629871882600       -0.11544969119600
H           -4.60753041038000        2.29854225820100        1.59991256036800
H           -3.99748430580500        3.39652742231700        0.35033961474300
H           -2.40745722841800        1.68836089879600       -0.43700583976400
H           -2.14091821875000        2.04620634856400        1.27389616319200
H           -3.69384541066900       -0.34533068820400        0.15974873942300
H           -3.54777172501500        0.03353639925300        1.87213323744600
H           -1.04246059438800       -0.20240684886600        1.72665430064000
H           -1.94167476952400       -1.67222178736600        1.40741406657800
H           -0.13780398571300        1.05947425492600       -0.05739355817500
H            0.05328780235000        0.32971833783500       -1.64503847614000
H            1.44322932294300       -0.66944329199900        0.90480684609100
H            1.63468080302000       -1.36269606198400       -0.72168381938600
H            4.76786868829000        1.22575818014700       -1.62169721925100
H            4.83672563368300        1.65243239924900        0.11755343561400
H            6.12097090767900       -0.82082426570000       -1.15604734878900
H            6.18873715815000       -0.40156308006600        0.55131661834100
H            6.99304344573000        0.64407864843600       -0.64387788815300
H           -3.27210750081000       -2.38447147865600       -0.64559155005600
H           -2.01001358188400       -3.47114288293100        0.02553131576400
H           -2.45324166933200       -3.54776335382100       -1.68805251511500
36
 energy: -49.429188987543 gnorm: 0.018369814714 xtb: 6.7.1 (edcfbbe)
C           -4.15710279572576        2.34544605301823        0.60259611348289
C           -2.83768412865270        1.58580107094567        0.56130383067668
C           -3.02865695257717        0.10981552012611        0.90394763405132
C           -1.72494126749187       -0.69177594104381        0.99416858269098
N           -1.02655570800774       -0.83509595076226       -0.27306645610328
C            0.04719014893006        0.10458545399961       -0.57284909710285
C            1.41647937459673       -0.44174099408431       -0.17146350294518
C            2.51166192842020        0.55668925907733       -0.44933675012337
O            2.34291009408074        1.71716761443206       -0.71959461294280
O            3.72346253178153       -0.02360759370639       -0.35004540278817
C            4.84554700389015        0.82635878253528       -0.60345093484643
C            6.11607309260771        0.01026418199718       -0.45408822252267
C           -1.23632085090066       -1.85466164988594       -1.16151756267335
C           -2.31376449447843       -2.86014521830456       -0.82904422770933
O           -0.57766098304231       -1.95064107075842       -2.18196575932385
H           -4.86567061572816        1.92652692074057       -0.11089788972490
H           -4.60394453871090        2.29594403884401        1.59528238978599
H           -4.00164989772126        3.39369652024951        0.35131801090805
H           -2.40542509881365        1.67754181918528       -0.43765368662008
H           -2.14108301927560        2.03816983690391        1.27273021448477
H           -3.68372200462626       -0.34253387273485        0.15637365326743
H           -3.53633946562336        0.03449181029667        1.87083429958003
H           -1.04649588287868       -0.19708190581921        1.69603233583493
H           -1.94284356198102       -1.68482024011715        1.39843337336304
H           -0.14489139330845        1.04601694938695       -0.05442356146356
H            0.04466130452120        0.30345300748469       -1.64897114961243
H            1.43920988824013       -0.67573458570712        0.89650825907396
H            1.63067591282508       -1.36019460624034       -0.72157269200835
H            4.75784923552390        1.23471764022616       -1.61538857941474
H            4.82764771369959        1.65757735801359        0.10923889882527
H            6.11930929219015       -0.81950664402610       -1.15968441689475
H            6.18847056840663       -0.39963464744296        0.55264163951615
H            6.98351292211203        0.63853256818258       -0.64302414536990
H           -3.26841030021645       -2.38134603991203       -0.62547721915552
H           -2.01874802751072       -3.45888223325503        0.03141706966991
H           -2.43275002455566       -3.52539321184192       -1.68392521018690
36
 energy: -49.429640359501 gnorm: 0.007156634519 xtb: 6.7.1 (edcfbbe)
C           -4.15361087952815        2.34144123970693        0.60135078111430
C           -2.83264468133105        1.58259757944268        0.55852226963209
C           -3.02915963463369        0.10761805365933        0.90096145181933
C           -1.72130965082746       -0.69037920561670        0.99043788402178
N           -1.02627914284748       -0.83270926123596       -0.27196354550567
C            0.04232945619544        0.10299581687531       -0.57309871372445
C            1.41290101158479       -0.44925154180393       -0.17430098652858
C            2.50936799924893        0.55180689025172       -0.45392057066158
O            2.34442662726729        1.71295537408431       -0.71122037559953
O            3.71545514420417       -0.01907053374665       -0.35405684038230
C            4.84237716803620        0.82636253507710       -0.60163248550932
C            6.10976147103243        0.00596473586911       -0.45202303115355
C           -1.23417249414994       -1.84061743751183       -1.15910327748378
C           -2.30996719464246       -2.85093461473160       -0.82446696145606
O           -0.56997140341554       -1.93032268492182       -2.17303723118427
H           -4.86045986977137        1.92131241427578       -0.11057568399474
H           -4.59662291867954        2.28881311958326        1.59376607177163
H           -3.99869951286616        3.38791942358358        0.35129423269575
H           -2.40180898521840        1.67138845498122       -0.43987096000575
H           -2.13718911130203        2.03339748518130        1.27087961822332
H           -3.68327720248036       -0.34274402711082        0.15245023870682
H           -3.53143173924428        0.03146067118945        1.86896276070856
H           -1.04463475826232       -0.18983967174547        1.68887225991492
H           -1.94045245872374       -1.68137275868343        1.39583405876995
H           -0.14262315300801        1.04332958075287       -0.05431427612470
H            0.03980372635439        0.28912254927482       -1.65010708541853
H            1.43832701117786       -0.68897108719640        0.89232102550747
H            1.62425452370630       -1.36479962574200       -0.72775367216292
H            4.75313393356093        1.23999485746297       -1.61185782896517
H            4.82050440348352        1.66028172201805        0.10874873603943
H            6.10937775003945       -0.81802384292536       -1.16019472409508
H            6.17931962821241       -0.39995084718902        0.55352898283038
H            6.97368368504717        0.63614174398585       -0.64110221760386
H           -3.26338608601426       -2.37561038967217       -0.61558369859651
H           -2.01652591923282       -3.44716174590025        0.03739055724624
H           -2.42079674297319       -3.51314497151923       -1.67975153716660
36
 energy: -49.429693867470 gnorm: 0.002773750917 xtb: 6.7.1 (edcfbbe)
C           -4.15190611355711        2.34047206313512        0.59960350257241
C           -2.83087515796070        1.58111357275062        0.55681682071156
C           -3.02775969831354        0.10670710419224        0.90126288481523
C           -1.71816612909374       -0.68984404455752        0.99180336772120
N           -1.02484084049713       -0.83213568493554       -0.26999707757766
C            0.04186101087165        0.10350118107374       -0.57332205558912
C            1.41201228414551       -0.45256704932763       -0.17579643388013
C            2.50817840268469        0.55200377400528       -0.44766780191108
O            2.34132044435505        1.71471046584985       -0.70408262461546
O            3.71222690407000       -0.01859481233749       -0.35529818089866
C            4.83924422489972        0.82729315695122       -0.60176556139209
C            6.10494243028817        0.00471399494444       -0.45227258363393
C           -1.23172077308231       -1.83821416150506       -1.15784440780902
C           -2.30852570178586       -2.84877241159699       -0.82410595049009
O           -0.57020346466452       -1.92482328984148       -2.17488873420488
H           -4.85828775949140        1.91898229509191       -0.11188101358391
H           -4.59336388717502        2.28663473116588        1.59256356038104
H           -3.99739408200964        3.38687954954289        0.34948676694946
H           -2.40027146222251        1.66831084646187       -0.44160939631310
H           -2.13535639783630        2.03203436421919        1.26869231264847
H           -3.68095187991424       -0.34409089039513        0.15255848867178
H           -3.52963327018682        0.03096399760681        1.86902087423709
H           -1.04360412764368       -0.18544739967039        1.68910690791910
H           -1.93554233394355       -1.67999130204712        1.39991314662809
H           -0.13893174250907        1.04442600309622       -0.05520668873402
H            0.03951248462928        0.28655120801393       -1.65057348400732
H            1.43602981391311       -0.69711090698428        0.88962760879412
H            1.62259936733076       -1.36511942784121       -0.73444244071029
H            4.75029716335062        1.24343162698456       -1.61135784823092
H            4.81754542116129        1.66015086289377        0.11021354146785
H            6.10229418018145       -0.81840503045028       -1.16097233051275
H            6.17281088468704       -0.40161316952543        0.55292364250456
H            6.96977596478887        0.63390662089558       -0.64074029834173
H           -3.26060854437463       -2.37213358650179       -0.61282948004725
H           -2.01294798446243       -3.44401261139621        0.03784893917121
H           -2.41975963063401       -3.50991163995854       -1.67940274703074
36
 energy: -49.429723570348 gnorm: 0.001830051819 xtb: 6.7.1 (edcfbbe)
C           -4.14980871710732        2.33906827053780        0.59717200622757
C           -2.82871862748767        1.57939359741926        0.55497996459236
C           -3.02604407687037        0.10582485341794        0.90268535954446
C           -1.71464337121461       -0.68890736179182        0.99412598313965
N           -1.02414935452052       -0.83081663855497       -0.26822823908652
C            0.04195780273042        0.10426332023569       -0.57341420523836
C            1.41172533303901       -0.45595825479296       -0.17908603121282
C            2.50697524044052        0.55153050132950       -0.44455891892913
O            2.33641811521653        1.71754631307517       -0.68985076847649
O            3.70956570950897       -0.01820658850499       -0.35841665616765
C            4.83624414477211        0.82946795792572       -0.60082474195128
C            6.09985405470570        0.00394068467479       -0.45226926264623
C           -1.23267907672934       -1.83437620197694       -1.15838750614234
C           -2.30719074678903       -2.84740655055262       -0.82324269109985
O           -0.57353764684013       -1.92009488684986       -2.17801483640617
H           -4.85603387460029        1.91634955215692       -0.11386855889527
H           -4.59037963744229        2.28526886143496        1.59059658831874
H           -3.99547438917786        3.38532397565506        0.34624053865462
H           -2.39860447797892        1.66412655050881       -0.44384889492118
H           -2.13261607042770        2.03141643689575        1.26545445206628
H           -3.67831399240168       -0.34650431723797        0.15429927273084
H           -3.52784586493238        0.03124485548890        1.87028642438068
H           -1.04147900187316       -0.18057051601533        1.68971504240189
H           -1.92916135929953       -1.67835106199235        1.40562900246457
H           -0.13372393631876        1.04593079176938       -0.05551773792830
H            0.03856024637941        0.28633346871866       -1.65062397655159
H            1.43477451143538       -0.70904826763315        0.88436081901374
H            1.62119710033873       -1.36340423680220       -0.74638275381571
H            4.74843272281852        1.24856620294495       -1.60945790158987
H            4.81377906276375        1.66006655853982        0.11393800698363
H            6.09428877331650       -0.81833870616663       -1.16203002690284
H            6.16532458804505       -0.40445147569929        0.55229522709136
H            6.96699732867619        0.63060514774948       -0.63936112728586
H           -3.25855931149341       -2.37041802243196       -0.60985004851707
H           -2.00767008910583       -3.44090139144396        0.03879800248521
H           -2.41946111157699       -3.50851342202853       -1.67795658065211
36
 energy: -49.429746622629 gnorm: 0.003165111041 xtb: 6.7.1 (edcfbbe)
C           -4.14740581022946        2.33708343531159        0.59361619841881
C           -2.82657837206326        1.57702402000209        0.55285012849689
C           -3.02397350596371        0.10466163540195        0.90561521178777
C           -1.71061073441240       -0.68736555806124        0.99667844307651
N           -1.02395707512475       -0.82918732398741       -0.26743765744429
C            0.04238131588610        0.10500304661087       -0.57475509295190
C            1.41181714687937       -0.45945134233039       -0.18563475392235
C            2.50594692164514        0.55260687874289       -0.43742981342291
O            2.33069952420381        1.72196600420094       -0.66574174314665
O            3.70782180383796       -0.01730578612312       -0.36349898258459
C            4.83432225613662        0.83268554953028       -0.59921128067701
C            6.09554047257781        0.00358433342900       -0.45245103507543
C           -1.23613322827807       -1.83065989485568       -1.15955011374804
C           -2.30692303105850       -2.84644843837015       -0.82090616869669
O           -0.58237180363190       -1.91459714382186       -2.18306733483100
H           -4.85384058691232        1.91327391905132       -0.11673793150319
H           -4.58799545718519        2.28536910819113        1.58723486748923
H           -3.99272129477080        3.38286432667131        0.34062500344182
H           -2.39746856881031        1.65802750037464       -0.44683493564889
H           -2.12926290946080        2.03155662745344        1.26062991117239
H           -3.67620528789306       -0.35053270093747        0.15892447330980
H           -3.52510647854937        0.03256917484613        1.87374137577704
H           -1.03711893325545       -0.17521467322797        1.68917719194797
H           -1.92099346086714       -1.67625324375523        1.41212990575058
H           -0.12837877025553        1.04678199155174       -0.05538951823405
H            0.03591719837423        0.28906356471763       -1.65156651032679
H            1.43284624142731       -0.72654453267201        0.87440014086471
H            1.62198720861082       -1.35923233153760       -0.76506038908929
H            4.74830197033535        1.25677964803363       -1.60584833974323
H            4.81052710789525        1.65902496753119        0.12027581986040
H            6.08641337129408       -0.81730787594641       -1.16418399917236
H            6.15814152698549       -0.40851778705329        0.55107317048259
H            6.96607291543353        0.62634020097725       -0.63712802748311
H           -3.25850292957763       -2.37109137457286       -0.60456727284268
H           -2.00209611744172       -3.43848400664004        0.04033249442263
H           -2.42109262578247       -3.50807191873321       -1.67491821007571
36
 energy: -49.429766831194 gnorm: 0.002555682531 xtb: 6.7.1 (edcfbbe)
C           -4.14651087077081        2.33603043085505        0.59102641028949
C           -2.82604788064995        1.57564236413557        0.55151862863664
C           -3.02237378416190        0.10409625149860        0.90816014213647
C           -1.70851348556865       -0.68672749051509        0.99793941870128
N           -1.02427780071565       -0.82849834726746       -0.26776996361548
C            0.04244662598214        0.10512502707000       -0.57629223228168
C            1.41201628283210       -0.46124913175519       -0.19156198981116
C            2.50554544293306        0.55383850860046       -0.43354716267550
O            2.32897931718982        1.72556933037196       -0.64721290647953
O            3.70758629447544       -0.01689619687538       -0.36814146913725
C            4.83447413369030        0.83441315989562       -0.59783401731590
C            6.09472302632835        0.00375418582323       -0.45209064619060
C           -1.23963767239868       -1.82903010711018       -1.16039900247891
C           -2.30797930717695       -2.84608829687428       -0.81849442514345
O           -0.59016054974603       -1.91106145039294       -2.18653696356562
H           -4.85315053686503        1.91141172540077       -0.11866219468905
H           -4.58745290784310        2.28648447631432        1.58461561554949
H           -3.99144051657942        3.38134748337415        0.33614454134682
H           -2.39765575016618        1.65396438801029       -0.44875446097566
H           -2.12795538996860        2.03210965135099        1.25736364146687
H           -3.67569674386320       -0.35312560393426        0.16360893346979
H           -3.52207273964198        0.03396243729020        1.87726709217805
H           -1.03375191799953       -0.17320637377884        1.68822393857627
H           -1.91661080127546       -1.67556429503405        1.41484890339895
H           -0.12622618182696        1.04620790439667       -0.05465861595138
H            0.03290373630325        0.29185540885089       -1.65273073068652
H            1.43203226302166       -0.73828671237830        0.86594925819888
H            1.62374070273415       -1.35582349770785       -0.77849850314730
H            4.75043849782302        1.26225851741720       -1.60292800294938
H            4.80922841318270        1.65777032221766        0.12485769777062
H            6.08443920691385       -0.81592246330221       -1.16533787743082
H            6.15612621088359       -0.41055679098347        0.55071257963763
H            6.96660755725663        0.62494038323170       -0.63514439341525
H           -3.26018110741597       -2.37287574883357       -0.59998833944843
H           -2.00017867762926       -3.43766183440272        0.04190372229829
H           -2.42341308928775       -3.50820761495644       -1.67217140058766
36
 energy: -49.429808595123 gnorm: 0.002434532362 xtb: 6.7.1 (edcfbbe)
C           -4.14478772650317        2.33287999669939        0.58413812817079
C           -2.82464580111257        1.57244884860519        0.54800425974652
C           -3.01838137872814        0.10310001471299        0.91514655973011
C           -1.70350954674895       -0.68516829886751        1.00079373001695
N           -1.02529015944644       -0.82706931554453       -0.26891099728030
C            0.04212116886268        0.10514549631666       -0.58080349840743
C            1.41246135169889       -0.46597254615587       -0.20800055965798
C            2.50474315593223        0.55704878641869       -0.42324272460601
O            2.32719220918906        1.73510441023729       -0.59803755607438
O            3.70716497269532       -0.01696495593432       -0.38225439784051
C            4.83528121351098        0.83772664844692       -0.59473730990355
C            6.09406456011099        0.00460555180745       -0.45047157229240
C           -1.24947563769067       -1.82493442096009       -1.16267216522870
C           -2.31164645577535       -2.84506888449685       -0.81200655352536
O           -0.61056402252520       -1.90221690347796       -2.19531839684746
H           -4.85189804632448        1.90552492576813       -0.12346222476066
H           -4.58623157716202        2.28912946929543        1.57780110263362
H           -3.98909328774474        3.37685957742984        0.32390034538888
H           -2.39826977992842        1.64368007708145       -0.45378188028799
H           -2.12496468951538        2.03431654086723        1.24892655475988
H           -3.67580573270384       -0.35925895619809        0.17719264269495
H           -3.51274637253933        0.03836916034217        1.88758503022009
H           -1.02533569108613       -0.16943481149171        1.68608735591419
H           -1.90711176896612       -1.67394607736061        1.42017669900901
H           -0.12113139219149        1.04386970774659       -0.05252307442664
H            0.02417490481765        0.29865122099541       -1.65622806455691
H            1.43043573262502       -0.76770031258909        0.84309382292493
H            1.62857138146453       -1.34719310125713       -0.81373505909619
H            4.75752299159608        1.27597119591733       -1.59577367582734
H            4.80526860170124        1.65323802350068        0.13648267186695
H            6.08297063931514       -0.81179432874614       -1.16751866208929
H            6.15309139160549       -0.41460023489615        0.55055016985738
H            6.96780063770765        0.62415394197864       -0.62924995013918
H           -3.26499423160844       -2.37672005557759       -0.58782358376901
H           -1.99655302429598       -3.43518299888502        0.04663390239201
H           -2.43042859023708       -3.50859739172566       -1.66457584302997
36
 energy: -49.429840826442 gnorm: 0.003712606333 xtb: 6.7.1 (edcfbbe)
C           -4.14337773601703        2.32924608560812        0.57637522911842
C           -2.82298974215020        1.56937856470564        0.54386355066607
C           -3.01361044307774        0.10267206630930        0.92336685240009
C           -1.69784943765899       -0.68384396399391        1.00381186869050
N           -1.02614386177112       -0.82597878795739       -0.26985378621649
C            0.04106671973774        0.10516196092047       -0.58630997591590
C            1.41266314626107       -0.47129567514044       -0.22710584999721
C            2.50393719932542        0.55913466924168       -0.41363680985747
O            2.32728679412001        1.74361375863386       -0.54427597838420
O            3.70628030192481       -0.01833428375984       -0.40046477964185
C            4.83575864893324        0.84042527099981       -0.59089173401946
C            6.09397049795677        0.00603770040461       -0.44803054924449
C           -1.25984123620549       -1.82079092627145       -1.16462696980057
C           -2.31612879203189       -2.84373847503018       -0.80495481385065
O           -0.63277785517025       -1.89267576206387       -2.20481243796826
H           -4.85086661702837        1.89750163607282       -0.12818326734810
H           -4.58435127313564        2.29167809469500        1.57049758261215
H           -3.98803836851876        3.37167024985212        0.30956896388348
H           -2.39903359163458        1.63251502815379       -0.45954008899777
H           -2.12192843117192        2.03759172585435        1.23923073313092
H           -3.67678324694054       -0.36508292681538        0.19381117969612
H           -3.50051125290000        0.04451624489968        1.90012036653805
H           -1.01626174549502       -0.16641301588644        1.68433662624224
H           -1.89774259953640       -1.67249340049305        1.42521073251691
H           -0.11544771989620        1.04115273400899       -0.05076644852473
H            0.01380712298180        0.30506353276192       -1.66056765675854
H            1.42932605269326       -0.79834306890374        0.81686146189281
H            1.63297664369129       -1.33781252180436       -0.85265109055272
H            4.76637303319053        1.29188803822182       -1.58688981759288
H            4.79888372460629        1.64620093601860        0.15091504578875
H            6.08429581338671       -0.80560206615131       -1.17046292462245
H            6.15058339174164       -0.41951375408580        0.55040723374140
H            6.96831154375587        0.62638245211013       -0.62076317492976
H           -3.26985039194019       -2.37929154932504       -0.57420412612092
H           -1.99302971452104       -3.43192822070807        0.05203048716737
H           -2.43895657750605       -3.50869235107917       -1.65603040806182
36
 energy: -49.429872438124 gnorm: 0.002678352137 xtb: 6.7.1 (edcfbbe)
C           -4.14275414520576        2.32574980156218        0.56984288151050
C           -2.82137435732812        1.56737930876144        0.54015624240619
C           -3.00909112112670        0.10328894067201        0.93124485854891
C           -1.69292305243837       -0.68292295952824        1.00596430348155
N           -1.02694135139176       -0.82534558506979       -0.27088744978440
C            0.03956970445451        0.10502639974204       -0.59197402071501
C            1.41258060725636       -0.47562265861961       -0.24443534640542
C            2.50350357803858        0.55906359564448       -0.40719470673764
O            2.32948432112167        1.74663470012798       -0.50172702818614
O            3.70546238933780       -0.02045397292016       -0.41836132723978
C            4.83596673662958        0.84191730255469       -0.58659729025663
C            6.09489214472867        0.00803837771319       -0.44524872726135
C           -1.26911446847167       -1.81731901650380       -1.16636644653030
C           -2.32054211565008       -2.84252675768839       -0.79898379554947
O           -0.65166546086807       -1.88541819784531       -2.21248013972116
H           -4.85067896929072        1.88873630431487       -0.13102504537617
H           -4.58220747275263        2.29383902911856        1.56480006816966
H           -3.98893659182585        3.36663773560971        0.29627975865171
H           -2.40001411626767        1.62322035794492       -0.46472137764209
H           -2.11931780868574        2.04170960583976        1.23028059752639
H           -3.67881464826724       -0.36897817650715        0.21051318632418
H           -3.48753956103032        0.05158514146972        1.91258236420848
H           -1.00826523237400       -0.16540326685049        1.68317508593878
H           -1.89114460201871       -1.67146376859881        1.42812356239054
H           -0.11073580228370        1.03854796483542       -0.05040054213077
H            0.00422736952873        0.30960396032720       -1.66510751141187
H            1.42864759545291       -0.82143937229512        0.79326975970991
H            1.63587914950453       -1.32995241059207       -0.88485546407491
H            4.77507295984334        1.30701615320482       -1.57718886082850
H            4.79138478351227        1.63756455280538        0.16589613685383
H            6.08926711704373       -0.79755894368253       -1.17444846606745
H            6.14950827702289       -0.42518550365619        0.54986243683959
H            6.96829240936570        0.63191465835662       -0.61040559148099
H           -3.27392717984343       -2.38034603980862       -0.56260338590252
H           -1.99068723862335       -3.42873601290565        0.05683364187197
H           -2.44706384709835       -3.50880124752970       -1.64842713545057
36
 energy: -49.429901429584 gnorm: 0.001795337447 xtb: 6.7.1 (edcfbbe)
C           -4.14251343150488        2.32217862004865        0.56394052349654
C           -2.81946567944618        1.56617319774851        0.53630023686129
C           -3.00412285095925        0.10494785607602        0.93914273745874
C           -1.68782748431146       -0.68222030151029        1.00792491778598
N           -1.02716043992934       -0.82506831531329       -0.27128790020695
C            0.03816022576279        0.10469845475389       -0.59739867459553
C            1.41250237612239       -0.48049737314092       -0.26071552959776
C            2.50309676109480        0.55635574839995       -0.40471043463371
O            2.33156790698117        1.74626198149235       -0.46384358502173
O            3.70437905272595       -0.02339568449093       -0.43799203456491
C            4.83506665220559        0.84281425419975       -0.58233148847473
C            6.09559440831861        0.01087784647887       -0.44216744026621
C           -1.27626171616250       -1.81460821895374       -1.16714641187039
C           -2.32487745671284       -2.84073597654166       -0.79400384421126
O           -0.66707468706069       -1.88007898149729       -2.21833337080419
H           -4.85103450151037        1.87844692874706       -0.13209533003054
H           -4.57913986384813        2.29583892307301        1.56024260830362
H           -3.99178540548968        3.36143984680266        0.28278601510654
H           -2.40108498117095        1.61489234722875       -0.47006901591268
H           -2.11652011115064        2.04685109920132        1.22089656742560
H           -3.68080869688196       -0.37150992745135        0.22783270710989
H           -3.47331344717850        0.06009439616386        1.92514910240316
H           -1.00052214126670       -0.16508929370353        1.68261008764359
H           -1.88563489581518       -1.67051800829009        1.43072315052680
H           -0.10570641086374        1.03636522065350       -0.05133740791841
H           -0.00420506220207        0.31208393251640       -1.66949040077058
H            1.42888139277005       -0.84128081119152        0.77139331898027
H            1.63608174223253       -1.32425334888402       -0.91375082596359
H            4.78282932176828        1.32260628526616       -1.56655707634929
H            4.78139278171157        1.62717559688662        0.18146118478007
H            6.09685623382103       -0.78695326066956       -1.17989569167443
H            6.14713838698364       -0.43227367601757        0.54864795726269
H            6.96725741952952        0.64028333596661       -0.59658687233452
H           -3.27705951216766       -2.37878933029553       -0.55280134752062
H           -1.98966566667733       -3.42533894635083        0.06083252924330
H           -2.45502021971884       -3.50777441739834       -1.64198373598689
36
 energy: -49.429926895525 gnorm: 0.003580316816 xtb: 6.7.1 (edcfbbe)
C           -4.14181902897289        2.31575692704542        0.55414510901132
C           -2.81561150088051        1.56450453615446        0.52903841164322
C           -2.99497379409674        0.10864081808494        0.95304145942823
C           -1.67843281108203       -0.68032005421992        1.01138532257601
N           -1.02773870430727       -0.82415912458313       -0.27212596712322
C            0.03680722650785        0.10337987768444       -0.60630911010517
C            1.41268654065757       -0.49064138699616       -0.28733792691183
C            2.50262376796341        0.55083079807294       -0.39768225465322
O            2.33252084302099        1.74345283299059       -0.39800373474999
O            3.70294231608149       -0.02828236028435       -0.47334688050722
C            4.83239066650752        0.84510489874254       -0.57630761969008
C            6.09573781632237        0.01694020628637       -0.43771582011300
C           -1.28799417933406       -1.80984520839147       -1.16882349072017
C           -2.33260049151957       -2.83705225483642       -0.78642910063725
O           -0.68935120607840       -1.87419610782115       -2.22616617872152
H           -4.85220984806433        1.85922152987393       -0.13185776567643
H           -4.57228042182243        2.30031579755220        1.55340887304161
H           -3.99755631883134        3.35187238174219        0.25823529900029
H           -2.40338508586376        1.60061280584295       -0.48039127487436
H           -2.11042738188462        2.05688618025642        1.20288292997335
H           -3.68375197216232       -0.37553928130707        0.25865578123026
H           -3.44777116976226        0.07629134837411        1.94712922014563
H           -0.98602995831124       -0.16402044951222        1.68155498005325
H           -1.87570911743667       -1.66800908120904        1.43603371678749
H           -0.09559180551111        1.03240659941288       -0.05323524681927
H           -0.01671434328855        0.31571046521078       -1.67666023144734
H            1.42819635091023       -0.87754340189300        0.73567972812872
H            1.63531231063246       -1.31679711466531       -0.96274674462550
H            4.79442397817997        1.35097554373472       -1.54835870089772
H            4.76243111913481        1.60860629853435        0.20753954856062
H            6.11139934214725       -0.76543508307404       -1.19209675028114
H            6.13883401544615       -0.44653423747968        0.54449100874955
H            6.96499127341808        0.65589569976766       -0.56849653158613
H           -3.28261832128572       -2.37434449512232       -0.53867463992657
H           -1.99000262227152       -3.41942561430371        0.06706235305898
H           -2.46872748416381       -3.50526028966122       -1.63213254564217
36
 energy: -49.429898658921 gnorm: 0.009450757902 xtb: 6.7.1 (edcfbbe)
C           -4.14252165095021        2.31327099906305        0.55274170824811
C           -2.81387639855811        1.56575663593399        0.52606808779169
C           -2.99069277699714        0.11253432049259        0.95849955349720
C           -1.67503342715006       -0.67964610002258        1.01159188297787
N           -1.02770022854013       -0.82455874124866       -0.27255970205834
C            0.03694538402379        0.10148747237990       -0.60959056536300
C            1.41275391802197       -0.49493025589854       -0.29315562883174
C            2.50308807174330        0.54353272461801       -0.40036472860409
O            2.33303324352476        1.73060692986786       -0.39181890256861
O            3.70294367240084       -0.02998671457841       -0.48698116288622
C            4.82979986551963        0.84534003530696       -0.57401527637156
C            6.09630528106169        0.02184948140316       -0.43584394305144
C           -1.28848050907121       -1.81080720023299       -1.16804293355750
C           -2.33674606793213       -2.83467312718745       -0.78654375498007
O           -0.68800827567078       -1.87934347503253       -2.22378243447046
H           -4.85494591457344        1.84882373619084       -0.12584520640380
H           -4.56718584547181        2.30323710009296        1.55452911719110
H           -4.00393686273532        3.34760226883834        0.24843323218934
H           -2.40563997089165        1.59753807962489       -0.48489984483014
H           -2.10742531161293        2.06321010904935        1.19445919524848
H           -3.68559587951466       -0.37393447118928        0.27251254089125
H           -3.43498046351323        0.08594646727423        1.95609532696421
H           -0.98032757005887       -0.16602374253920        1.68155098249709
H           -1.87508358043403       -1.66694079478004        1.43603187064227
H           -0.09190090492040        1.03072666950148       -0.05700311490692
H           -0.01778753520490        0.31271448242982       -1.67952294896484
H            1.42806579554166       -0.88108475812157        0.72842410793371
H            1.63167661225421       -1.31949335820251       -0.96886680730416
H            4.79657234901946        1.36184570221860       -1.53945219966492
H            4.75176126127493        1.59912808768021        0.21722970366541
H            6.12480630257390       -0.74938481654389       -1.20148251843415
H            6.13303105049724       -0.45584872673961        0.53992418878632
H            6.96275854434594        0.66859672152210       -0.54861949130047
H           -3.28430862863653       -2.36700069260663       -0.53930563828217
H           -1.99636478336493       -3.41788664415204        0.06701838591316
H           -2.47499876600187       -3.50220440440863       -1.63202785592331
36
 energy: -49.429950564919 gnorm: 0.001534612280 xtb: 6.7.1 (edcfbbe)
C           -4.14130138021764        2.31292284049473        0.55079246025782
C           -2.81368152398070        1.56410216919384        0.52497367346856
C           -2.98989537652116        0.11130656708146        0.95976786034260
C           -1.67368752044335       -0.67904914791456        1.01280413174178
N           -1.02793624968676       -0.82413115841245       -0.27261916312972
C            0.03728935283095        0.10132843035248       -0.61006776619030
C            1.41301813767247       -0.49655357762943       -0.29700061842471
C            2.50249717576047        0.54545908600217       -0.39693649987403
O            2.33062456832876        1.73645222085145       -0.37342272023029
O            3.70250080105183       -0.02857625436003       -0.48926389700949
C            4.83006032394093        0.84738043283261       -0.57399745789933
C            6.09495230434443        0.02159461650262       -0.43583856344301
C           -1.28988299006583       -1.81059758235938       -1.16779161936633
C           -2.33768258190501       -2.83434508190272       -0.78492082339181
O           -0.69300982713690       -1.87657197790808       -2.22623015506840
H           -4.85411208094123        1.84904191635600       -0.12762337034909
H           -4.56657315722593        2.30458140454201        1.55235154786364
H           -4.00130882269667        3.34683379812275        0.24568032501662
H           -2.40578415642479        1.59388659061790       -0.48638174457169
H           -2.10635128899387        2.06229620380242        1.19208602441805
H           -3.68452770057975       -0.37667444374082        0.27435976390251
H           -3.43445281757701        0.08573555899191        1.95743370866079
H           -0.97819768697789       -0.16330689517620        1.68036114850505
H           -1.87086483130720       -1.66623488166013        1.43899326097027
H           -0.09022278479235        1.03011397173871       -0.05564425377159
H           -0.01954104067417        0.31485368245902       -1.67987802630497
H            1.42769279830916       -0.89162725458717        0.72263804667954
H            1.63440513799352       -1.31694867129152       -0.97894632862574
H            4.79781559811918        1.36457326150435       -1.53935313474363
H            4.75219247696340        1.60071951794362        0.21783242957895
H            6.12094098080229       -0.74961405829810       -1.20105805446362
H            6.13041488103984       -0.45613775270471        0.53977377260696
H            6.96313772717050        0.66508404124123       -0.54871557869150
H           -3.28577097538408       -2.36820217771910       -0.53609118735507
H           -1.99582044560580       -3.41784091907964        0.06791977117321
H           -2.47693702519062       -3.50185447588344       -1.63060173660271
36
 energy: -49.429962372176 gnorm: 0.002265974113 xtb: 6.7.1 (edcfbbe)
C           -4.13990761941005        2.31146379981753        0.54814098093468
C           -2.81249420555920        1.56266540267358        0.52183509016239
C           -2.98671109561644        0.11187141711977        0.96417565608669
C           -1.67049658216327       -0.67802026533635        1.01393246165308
N           -1.02882114746746       -0.82358864434791       -0.27385808827555
C            0.03818984499317        0.09951964042309       -0.61260588436904
C            1.41351331494382       -0.50074624461814       -0.30366881690343
C            2.50207203916134        0.54439224714977       -0.39194037542406
O            2.32774472955090        1.73542146829478       -0.34962082237228
O            3.70219912509545       -0.02748381157245       -0.49905318366895
C            4.82911349938674        0.85056140106876       -0.57291145727549
C            6.09359549882543        0.02407467482794       -0.43537514693683
C           -1.29312870605868       -1.81047880308651       -1.16814804730144
C           -2.34164259674427       -2.83266869934143       -0.78331541627460
O           -0.69632984258988       -1.87859969696605       -2.22630523636757
H           -4.85507886606052        1.84395825749286       -0.12527433007754
H           -4.56202939195428        2.30884163667453        1.55112589920895
H           -4.00100235853995        3.34370755903124        0.23685341088226
H           -2.40781865696774        1.58743603721495       -0.49108586566616
H           -2.10282003837634        2.06429952861830        1.18396540191114
H           -3.68466688604626       -0.37919445868025        0.28425596027661
H           -3.42670014644796        0.09070998596217        1.96406845888783
H           -0.97253999612838       -0.16154107389474        1.67840425236128
H           -1.86568454413298       -1.66498583883053        1.44174704274232
H           -0.08627940043513        1.02784716097403       -0.05627160686085
H           -0.02131599377912        0.31551129438952       -1.68201372085797
H            1.42662495471198       -0.90514241538617        0.71292628636849
H            1.63693510115946       -1.31562219687235       -0.99231748183731
H            4.80053797532032        1.37479899462510       -1.53469336391562
H            4.74756424742911        1.59788717591963        0.22428507778430
H            6.12421569589288       -0.73973875783547       -1.20780408277097
H            6.12291842369743       -0.46310612712212        0.53586687243821
H            6.96242236387970        0.66839152000608       -0.53647969203747
H           -3.28911623965734       -2.36543239722895       -0.53400945365077
H           -2.00017803410196       -3.41670902706617        0.06936901581834
H           -2.48288446581157       -3.50030074409421       -1.62881456899332
36
 energy: -49.429975883221 gnorm: 0.002101011421 xtb: 6.7.1 (edcfbbe)
C           -4.13792185586197        2.31072666599898        0.54683625791493
C           -2.81125927905870        1.56106869240696        0.51852636755197
C           -2.98403550123996        0.11220808880960        0.96751254924681
C           -1.66792287851109       -0.67721792693545        1.01450339464110
N           -1.02957987746339       -0.82358018282481       -0.27524518143107
C            0.03953730089341        0.09699198782244       -0.61468079660571
C            1.41411630203561       -0.50440021331877       -0.30705469029364
C            2.50142556552610        0.54302262759678       -0.38811181369634
O            2.32398276921489        1.73303149815585       -0.33108761579576
O            3.70168308406960       -0.02498945078916       -0.50598366388626
C            4.82787310771156        0.85435739286619       -0.57225191311468
C            6.09175061695772        0.02683859544078       -0.43555478466430
C           -1.29382214633025       -1.81258635227042       -1.16741419983264
C           -2.34614263108604       -2.83076846544845       -0.78302362580411
O           -0.69505393380224       -1.88405237933411       -2.22424154061896
H           -4.85663940216378        1.84010385867662       -0.12054358174083
H           -4.55566592991234        2.31435444454677        1.55167305097444
H           -3.99973699065381        3.34105786841682        0.22906495071455
H           -2.41050979281412        1.58117054045072       -0.49612431860956
H           -2.09846111535667        2.06518008338816        1.17538417051281
H           -3.68480753649952       -0.38143175544651        0.29247871084863
H           -3.42018913273197        0.09510796404194        1.96914345720916
H           -0.96780677873604       -0.15980289377062        1.67594700009306
H           -1.86106111866734       -1.66392491265695        1.44400602054413
H           -0.08322943308061        1.02556473249914       -0.05811999133223
H           -0.02075676508846        0.31398204006884       -1.68397556229623
H            1.42574849052329       -0.91407137302204        0.70740856521493
H            1.63986240626872       -1.31588817690812       -0.99896193605257
H            4.80158088704965        1.38359227978589       -1.53111604192964
H            4.74383030869795        1.59710783055807        0.22861357736869
H            6.12775791631224       -0.72815211653931       -1.21623720477794
H            6.11348502316916       -0.47140001135004        0.53026716169425
H            6.96144458228487        0.67165798562669       -0.52264577140861
H           -3.29238967253351       -2.36048444266662       -0.53449376724774
H           -2.00772981323379       -3.41648742040566        0.06971667037411
H           -2.48935677589021       -3.49788710346627       -1.62882867808540
36
 energy: -49.429987822056 gnorm: 0.001982851685 xtb: 6.7.1 (edcfbbe)
C           -4.13460236989477        2.30991126002475        0.54503611323543
C           -2.80910744237312        1.55859742400641        0.51307034297730
C           -2.98009963602324        0.11273909883958        0.97237722377098
C           -1.66419684620170       -0.67662445655026        1.01494029010825
N           -1.03057398009328       -0.82411093514962       -0.27741873544438
C            0.04090211339921        0.09325070729644       -0.61841180370401
C            1.41485197877149       -0.50924234718030       -0.31205164616124
C            2.50030299372941        0.54134826916789       -0.38132761800858
O            2.31973220927596        1.72943664531459       -0.30194154135638
O            3.70050290991265       -0.02181375590010       -0.51695782699870
C            4.82594173827671        0.85960547904470       -0.57081837128800
C            6.08942445991163        0.03112389381667       -0.43606143556316
C           -1.29518242324031       -1.81593316923650       -1.16650747705504
C           -2.35314429137929       -2.82810990157270       -0.78245025620330
O           -0.69353620278241       -1.89280859648161       -2.22131388513896
H           -4.85914914694802        1.83433951051572       -0.11264949760413
H           -4.54476167182755        2.32303842490263        1.55301224896985
H           -3.99760534415220        3.33728735229221        0.21708214593456
H           -2.41486326331059        1.57143522531031       -0.50433942008898
H           -2.09131711541091        2.06628341610177        1.16175007749315
H           -3.68595644590932       -0.38450223614627        0.30521807866760
H           -3.40965658254457        0.10199608272717        1.97707713454629
H           -0.96121938186646       -0.15825413819285        1.67249095734010
H           -1.85503171536185       -1.66295630691213        1.44639401280098
H           -0.07960801500817        1.02229916666445       -0.06196642808188
H           -0.02043216859801        0.31049817319452       -1.68764755292750
H            1.42416252022276       -0.92616867900590        0.69932343401078
H            1.64428852336131       -1.31542318454535       -1.00879205771097
H            4.80329146841961        1.39730885174821       -1.52513678916631
H            4.73775946685839        1.59502141411325        0.23647581455519
H            6.13473209687556       -0.70958952429716       -1.23024084523391
H            6.10013357101651       -0.48490470908764        0.52089453120809
H            6.95973543373179        0.67804692793483       -0.50119412674349
H           -3.29707900681040       -2.35258180268872       -0.53488078850733
H           -2.01909218941763       -3.41584661835717        0.07063176120812
H           -2.49954624461025       -3.49469696170776       -1.62828083816106
36
 energy: -49.429996792804 gnorm: 0.001181396051 xtb: 6.7.1 (edcfbbe)
C           -4.13044767425952        2.31056931241366        0.54490557200870
C           -2.80684960170378        1.55613496240104        0.50764411409253
C           -2.97732678741473        0.11286332660061        0.97484186779766
C           -1.66188755373789       -0.67725197748978        1.01425616081434
N           -1.03127684115432       -0.82570158809294       -0.27959230699888
C            0.04154802897385        0.08950593246347       -0.62179026501335
C            1.41536935557115       -0.51213609544059       -0.31315512993313
C            2.49890762379960        0.54105128064733       -0.37345576190352
O            2.31685573687322        1.72694326936675       -0.27665564863395
O            3.69877769452287       -0.01780704855249       -0.52275728775302
C            4.82398237470274        0.86418594670113       -0.56979485418661
C            6.08722328369954        0.03497861024988       -0.43763588579337
C           -1.29541996636532       -1.82014424963376       -1.16584251977954
C           -2.35936658063367       -2.82632286324081       -0.78275909387706
O           -0.68957129605133       -1.90302961875568       -2.21784125355769
H           -4.86139872892964        1.83197385328100       -0.10334542009263
H           -4.53231409806838        2.33194423446380        1.55595319634506
H           -3.99383323091697        3.33511641191564        0.20840644900122
H           -2.41932660216871        1.56296263298402       -0.51230531273815
H           -2.08371321022278        2.06530095671782        1.14898773511327
H           -3.68745554195227       -0.38643935939509        0.31396498054663
H           -3.40158095284919        0.10719197741038        1.98174761619501
H           -0.95724075175628       -0.15837561321314        1.66939760796587
H           -1.85167618077383       -1.66323044689929        1.44681677037621
H           -0.07874375070386        1.01977279861280       -0.06737592616366
H           -0.01901651028423        0.30426496028161       -1.69149876818939
H            1.42182446092346       -0.93258593238203        0.69654153662875
H            1.64916126001825       -1.31490345963089       -1.01204140863819
H            4.80242292538067        1.40697299182590       -1.52101210828607
H            4.73394603588385        1.59496990550060        0.24124904693240
H            6.14092891107658       -0.69256461532548       -1.24274827987635
H            6.08963991120606       -0.49635228379010        0.51036375610890
H            6.95723805768222        0.68316170018535       -0.48415763645114
H           -3.30069208228809       -2.34487626520297       -0.53670549535770
H           -2.03021980640965       -3.41568748096702        0.07117124223410
H           -2.50846791167070       -3.49245616600649       -1.62839206325780
36
 energy: -49.429992076944 gnorm: 0.004992864101 xtb: 6.7.1 (edcfbbe)
C           -4.12499613302848        2.30967377818685        0.54179891304752
C           -2.80252696377801        1.55312217892349        0.49844264853248
C           -2.97113272188868        0.11475412728801        0.98205808275561
C           -1.65647825374007       -0.67795992564531        1.01420673498381
N           -1.03179237591185       -0.82843237893464       -0.28202261409481
C            0.04087419249380        0.08479746953987       -0.62939917203157
C            1.41566061662432       -0.51794070477456       -0.32325790632196
C            2.49696673839289        0.53829355348234       -0.36258818672481
O            2.31550172598429        1.72233937048815       -0.22318718272470
O            3.69598527488849       -0.01559125968412       -0.54241121037083
C            4.82073330841019        0.86946488450850       -0.56583573398411
C            6.08555185500897        0.04186427642569       -0.43808103504811
C           -1.29934889496669       -1.82439406366150       -1.16531545591523
C           -2.36887283827266       -2.82401197378312       -0.78039545179982
O           -0.69551230525625       -1.91126080061941       -2.21851052124646
H           -4.86425915298551        1.82337954392009       -0.09179655539983
H           -4.51438825891108        2.34398458378316        1.55763079468412
H           -3.99118742295106        3.32992129356728        0.19055532927359
H           -2.42555375139355        1.54883702413543       -0.52566081866069
H           -2.07218587002197        2.06792312294497        1.12736091759884
H           -3.69102715950622       -0.38931147426430        0.33476812861037
H           -3.38285770761543        0.11964144731630        1.99456751308886
H           -0.94818243210603       -0.15984988881526        1.66601855056531
H           -1.84646165863454       -1.66324318436352        1.44811545812274
H           -0.07592947096505        1.01607476866681       -0.07610852636215
H           -0.02260590844279        0.29649058414011       -1.69937459049977
H            1.41816407233604       -0.94993460212663        0.68162291722613
H            1.65431178095812       -1.31103767591853       -1.03096484525819
H            4.80573640840074        1.42822724838363       -1.50881161584629
H            4.72261024850845        1.58680026879946        0.25737527298089
H            6.15456557821056       -0.66435338932719       -1.26251339114327
H            6.07665280374895       -0.51487564990387        0.49630835329351
H            6.95335999823959        0.69651634657657       -0.45500258883923
H           -3.30627288988929       -2.33575049969075       -0.53273540770919
H           -2.04156379963342       -3.41428731878986        0.07351391232998
H           -2.52353863230789       -3.48987108076971       -1.62498549143321
36
 energy: -49.430007120632 gnorm: 0.001506807931 xtb: 6.7.1 (edcfbbe)
C           -4.12543608053479        2.31144721841158        0.54400529641679
C           -2.80329133042828        1.55423888518241        0.50061809858945
C           -2.97364612973630        0.11425690578405        0.97807475866455
C           -1.65925442741837       -0.67906467021049        1.01315709602179
N           -1.03125359170249       -0.82914589291676       -0.28129142150423
C            0.04010164194289        0.08599867356432       -0.62748647613797
C            1.41522692692962       -0.51456547040604       -0.31733031150794
C            2.49718575441145        0.53998430991466       -0.36389423726865
O            2.31763900683826        1.72416899147720       -0.23873269891925
O            3.69627334048337       -0.01634429003373       -0.53406708133230
C            4.82152115587324        0.86720709574329       -0.56681223564513
C            6.08656801656596        0.03996086138731       -0.43906023152369
C           -1.29818966256914       -1.82391367064889       -1.16608702551932
C           -2.36544775632192       -2.82610397875677       -0.78145975749257
O           -0.69485193871139       -1.90867148957873       -2.21969064710515
H           -4.86297111318048        1.82889881911437       -0.09370971762286
H           -4.51735461491803        2.34103630684306        1.55856768709657
H           -3.99027689281934        3.33305561887646        0.19823868327582
H           -2.42410053149103        1.55396939158109       -0.52235951720538
H           -2.07442002760749        2.06596827291470        1.13330053860679
H           -3.69064624313717       -0.38733429164656        0.32620677294661
H           -3.38928988044443        0.11561982902152        1.98862516158575
H           -0.95263363061088       -0.16188610674535        1.66755092049436
H           -1.85114819182954       -1.66453096785245        1.44573149658246
H           -0.07960175264536        1.01785963935922       -0.07588072496518
H           -0.02135622745275        0.29562613438884       -1.69798155483253
H            1.41772479912406       -0.94043511821747        0.69005480009557
H            1.65345698429580       -1.31171608211293       -1.02037052308824
H            4.80321686682810        1.42039862887679       -1.51275057458363
H            4.72721548897203        1.58925099716382        0.25234000235158
H            6.15062791805897       -0.67265818223340       -1.25678096550345
H            6.08369304015062       -0.50815602599864        0.49908817282536
H            6.95370982342017        0.69330674347886       -0.46697574776464
H           -3.30388588406620       -2.34003041613438       -0.53389511620424
H           -2.03671750138314       -3.41548763075923        0.07250436331634
H           -2.51838735488717       -3.49220903882736       -1.62606205746392
36
 energy: -49.430012224149 gnorm: 0.000888138470 xtb: 6.7.1 (edcfbbe)
C           -4.12294624553152        2.31346402635572        0.54531806230681
C           -2.80216110692613        1.55406534827615        0.49872549233308
C           -2.97326487054693        0.11442596778878        0.97658305732016
C           -1.65974935656970       -0.68021767447457        1.01208194547385
N           -1.03152039074387       -0.83057517734941       -0.28226401728213
C            0.04001802426451        0.08438618591703       -0.62825888489200
C            1.41499884614861       -0.51458039152917       -0.31402860732116
C            2.49646005053530        0.54081334457234       -0.35873933099652
O            2.31694538839103        1.72399487340072       -0.23152059943722
O            3.69560910067427       -0.01446698899789       -0.53158756922078
C            4.82069937814570        0.86842903524926       -0.56651420713755
C            6.08592108826569        0.04099066387791       -0.44102112207474
C           -1.29995420519385       -1.82423802320606       -1.16793106407191
C           -2.36575007179874       -2.82757998231798       -0.78182752868034
O           -0.69650482149024       -1.90920145223917       -2.22127716837053
H           -4.86284852797980        1.83194080027363       -0.09026239459662
H           -4.51218240988927        2.34414539884137        1.56085317075030
H           -3.98687538484330        3.33467393540673        0.19893206564067
H           -2.42537158308600        1.55309377048061       -0.52511818522839
H           -2.07105006973095        2.06459217584880        1.12967849114102
H           -3.69048197922389       -0.38674532268753        0.32502475857808
H           -3.38875956497158        0.11643282135732        1.98692579869896
H           -0.95273525410454       -0.16396213092824        1.66690295297291
H           -1.85294363332094       -1.66558103646401        1.44442538104170
H           -0.08141323553306        1.01744140908874       -0.07888835293020
H           -0.01984530026420        0.29149106906726       -1.69937175949489
H            1.41469828245175       -0.93929813089802        0.69405073609192
H            1.65602517951902       -1.31247799162645       -1.01552132350698
H            4.80038511176299        1.42128108523427       -1.51212045944936
H            4.72805899057233        1.59033173876799        0.25227796899295
H            6.14982363651053       -0.66919831402175       -1.26034183656714
H            6.08348860532189       -0.50946748720644        0.49565180376616
H            6.95263144175517        0.69457108828677       -0.46733396693678
H           -3.30456117644346       -2.34235844201046       -0.53414413799253
H           -2.03626076947364       -3.41658551772677        0.07223215780496
H           -2.51858316665433       -3.49403067440308       -1.62620610104621
36
 energy: -49.430015623063 gnorm: 0.000432668227 xtb: 6.7.1 (edcfbbe)
C           -4.12207793260532        2.31410362203841        0.54558126785000
C           -2.80162645824689        1.55430182569423        0.49841752170516
C           -2.97323502118686        0.11452444256946        0.97600915710761
C           -1.65983597607774       -0.68015734536805        1.01183944006078
N           -1.03146615084033       -0.83091065552973       -0.28244140534469
C            0.04026348350043        0.08396696377540       -0.62830384758949
C            1.41477279787705       -0.51511985742158       -0.31298623684167
C            2.49610150282799        0.54035575923214       -0.35837386101768
O            2.31603889003754        1.72338594896814       -0.22805963369462
O            3.69520756976764       -0.01441517309993       -0.53233432482426
C            4.82006869610435        0.86898407208389       -0.56622697599592
C            6.08536211898046        0.04143521421411       -0.44193522475754
C           -1.29997221151983       -1.82462631516603       -1.16805110460103
C           -2.36531525408064       -2.82834450485986       -0.78199177178979
O           -0.69867193585210       -1.90786632550233       -2.22261767704800
H           -4.86241470897882        1.83324320106227       -0.09012018031505
H           -4.51123208539190        2.34449451459113        1.56122315309693
H           -3.98573911243509        3.33554682913077        0.19966909798042
H           -2.42520079266692        1.55366397023659       -0.52561372231357
H           -2.07008781748411        2.06454672497391        1.12918237670753
H           -3.69019305094466       -0.38668342569256        0.32393488213711
H           -3.38932572121233        0.11659008543848        1.98628657754239
H           -0.95256055671243       -0.16398665128676        1.66646707706119
H           -1.85307931835030       -1.66542943472592        1.44444398875140
H           -0.08151779713931        1.01739926219882       -0.07951594920957
H           -0.01899048067938        0.29071137204290       -1.69955014461919
H            1.41416198259845       -0.93912799729826        0.69542696399733
H            1.65606562815963       -1.31389683259044       -1.01352841260323
H            4.79978866223036        1.42287514658723       -1.51134285553710
H            4.72770967615551        1.59000289091913        0.25358410756157
H            6.14823461673679       -0.66949787970137       -1.26108184160708
H            6.08358517245456       -0.50848529818814        0.49538209999695
H            6.95261079780272        0.69471404857481       -0.46936198504340
H           -3.30454756763379       -2.34415772685901       -0.53366064612998
H           -2.03482272673659       -3.41735537402768        0.07155328994936
H           -2.51805891845926       -3.49478509700975       -1.62651797494331
36
 energy: -49.430021487707 gnorm: 0.001035527231 xtb: 6.7.1 (edcfbbe)
C           -4.11973855989107        2.31618462963737        0.54645958942802
C           -2.80028130689823        1.55500960593935        0.49750516271116
C           -2.97294966365713        0.11491637840140        0.97407815826739
C           -1.66017274626744       -0.68038032596761        1.01081322124079
N           -1.03196892534652       -0.83152991462685       -0.28361502083082
C            0.04077655198027        0.08256149331873       -0.62869612914928
C            1.41419365485812       -0.51643609541653       -0.30983427295839
C            2.49557682827373        0.53906633092099       -0.35380832437723
O            2.31414416997074        1.72157970261960       -0.21805903178564
O            3.69425331953739       -0.01401897728911       -0.53355798688519
C            4.81853757773387        0.87039145643699       -0.56586296482353
C            6.08397706536926        0.04258507014165       -0.44468313716376
C           -1.30207635216239       -1.82405551135890       -1.17010693749404
C           -2.36387980683113       -2.83064970962987       -0.78214850133562
O           -0.70394447069971       -1.90481538503009       -2.22655602189278
H           -4.86113480047664        1.83718621005700       -0.08956443651065
H           -4.50849441027342        2.34565448186536        1.56236931382919
H           -3.98254221395658        3.33812695047267        0.20194501088338
H           -2.42474028447165        1.55499087136446       -0.52692354440368
H           -2.06752399442381        2.06398032092192        1.12797922041513
H           -3.68930636744362       -0.38585945705156        0.32071572919922
H           -3.39050676815755        0.11679508620026        1.98395403215383
H           -0.95240943484967       -0.16461256082048        1.66529037741998
H           -1.85393945492284       -1.66550120705047        1.44368513700824
H           -0.08176519958028        1.01673349123907       -0.08117381144893
H           -0.01660657025433        0.28842358702875       -1.70025801049546
H            1.41153129202437       -0.93833109889758        0.69952496485999
H            1.65687960733450       -1.31722124104727       -1.00785200341197
H            4.79734361571835        1.42722730106364       -1.50935393453918
H            4.72673593453793        1.58880483762727        0.25650510659995
H            6.14375476279994       -0.66990988642659       -1.26310797274702
H            6.08491616335105       -0.50602420351559        0.49380547156401
H            6.95204991992177        0.69509373189207       -0.47574130676044
H           -3.30441116169382       -2.34957612852519       -0.53250611372370
H           -2.03035332586481       -3.41879315412827        0.07074016837837
H           -2.51592464528980       -3.49759668036217       -1.62657597554180
36
 energy: -49.430028832725 gnorm: 0.001219958545 xtb: 6.7.1 (edcfbbe)
C           -4.11559789350894        2.31976873244650        0.54804776119931
C           -2.79788864680347        1.55588161946908        0.49588459542512
C           -2.97265253458414        0.11530255992859        0.97035255222031
C           -1.66077604329871       -0.68117289774036        1.00862609584450
N           -1.03241663721944       -0.83301679074224       -0.28569902988547
C            0.04128800974040        0.08024783313084       -0.62970447120892
C            1.41317853012012       -0.51822999524727       -0.30381870366658
C            2.49436706747508        0.53775662708303       -0.34592391431164
O            2.31202381179951        1.71887701213929       -0.19921746497867
O            3.69221914959795       -0.01278542862073       -0.53553920648572
C            4.81609524502976        0.87236849429855       -0.56482672269805
C            6.08188539359519        0.04440378627656       -0.44937763430890
C           -1.30493103416274       -1.82375737530929       -1.17347906740712
C           -2.36196092154412       -2.83420269520179       -0.78235263020312
O           -0.71188505051027       -1.90077330047541       -2.23316096150672
H           -4.85870975121866        1.84405559671017       -0.08843439550579
H           -4.50329967967749        2.34763728245991        1.56440979761801
H           -3.97653820598825        3.34228605414848        0.20598010904412
H           -2.42374074816198        1.55677190700373       -0.52906757105838
H           -2.06316641200240        2.06226606146568        1.12618152476798
H           -3.68802238100517       -0.38419253713238        0.31494206547891
H           -3.39238057706040        0.11652973501380        1.97930354394837
H           -0.95283645684610       -0.16571736898876        1.66313715152036
H           -1.85555989999524       -1.66594815542295        1.44184699346476
H           -0.08283055233274        1.01589119134606       -0.08497197564905
H           -0.01253884816576        0.28315745817116       -1.70200735530169
H            1.40613327852022       -0.93650459991729        0.70721860288590
H            1.65892069780181       -1.32141567110600       -0.99799341395676
H            4.79310166467936        1.43373741632897       -1.50551348346444
H            4.72470067298469        1.58673574986858        0.26103829459800
H            6.13615031177355       -0.66964334497727       -1.26672213382914
H            6.08840032657785       -0.50247467049437        0.49004710315451
H            6.95019281520604        0.69612035102923       -0.48709354264945
H           -3.30406302930708       -2.35730190328711       -0.53045096031123
H           -2.02354300298268       -3.42053511243970        0.06990312170635
H           -2.51331866852688       -3.50212362121084       -1.62617944881011
36
 energy: -49.430036111174 gnorm: 0.001027483400 xtb: 6.7.1 (edcfbbe)
C           -4.11044277331136        2.32397232638957        0.54993446760218
C           -2.79486938983664        1.55655977204877        0.49406267784446
C           -2.97278652953158        0.11534419273649        0.96558548538915
C           -1.66169906859301       -0.68249168675965        1.00543720811537
N           -1.03279827804274       -0.83517059449616       -0.28845431657702
C            0.04168548815967        0.07728258917189       -0.63150106281511
C            1.41216793936507       -0.51976240767665       -0.29587622272761
C            2.49296447071664        0.53704263106050       -0.33325056619987
O            2.31072290484129        1.71660835780111       -0.17435276513507
O            3.68957525412741       -0.01091036290869       -0.53678525174486
C            4.81325770983379        0.87463961468814       -0.56379883992425
C            6.07957042835177        0.04654359434407       -0.45566847116052
C           -1.30787960629449       -1.82417006205151       -1.17730686162831
C           -2.36056635773591       -2.83791927828951       -0.78272038186899
O           -0.71948525781966       -1.89836370182763       -2.23975454505493
H           -4.85563205867292        1.85218139363132       -0.08696621042311
H           -4.49663533362277        2.34998226388139        1.56688327231300
H           -3.96877000934177        3.34702117703262        0.21068293888811
H           -2.42227621392009        1.55882107886097       -0.53142810437695
H           -2.05799819365461        2.05962908500376        1.12450109083239
H           -3.68706037144838       -0.38224947609533        0.30761834816965
H           -3.39463462404225        0.11539032474554        1.97356329243475
H           -0.95388250416494       -0.16729194966738        1.66022996685027
H           -1.85778411611219       -1.66680735437143        1.43897146305616
H           -0.08487755788492        1.01510960939987       -0.09111014146723
H           -0.00737328960830        0.27517865331395       -1.70492369431059
H            1.39845784964941       -0.93383541117763        0.71686668789352
H            1.66288935187598       -1.32501727091254       -0.98566513995229
H            4.78808578629675        1.44069521128288       -1.50158353394085
H            4.72308021211824        1.58462429588601        0.26588527377931
H            6.12734998090099       -0.66857801494172       -1.27236434135519
H            6.09300431590825       -0.49882664686832        0.48440979053531
H            6.94744495644581        0.69815697620450       -0.50100188450482
H           -3.30369194251379       -2.36423748108039       -0.52869759378273
H           -2.01746466496089       -3.42189674497412        0.06934801885782
H           -2.51164850747905       -3.50725470338016       -1.62538482793161
36
 energy: -49.430043148152 gnorm: 0.000580737517 xtb: 6.7.1 (edcfbbe)
C           -4.10523848772352        2.32835743620631        0.55186958255048
C           -2.79193495828172        1.55711204733761        0.49236718270826
C           -2.97279181967981        0.11520484662231        0.96044315324878
C           -1.66260020504495       -0.68433671088341        1.00191227867208
N           -1.03305908757216       -0.83787699870852       -0.29141834970283
C            0.04219494209468        0.07363941927024       -0.63370881584380
C            1.41150990035597       -0.52078812320599       -0.28678444920198
C            2.49127159085216        0.53723677048199       -0.31988066561618
O            2.31018097673548        1.71469306849849       -0.14544471884931
O            3.68667772767116       -0.00812972728530       -0.53789092205586
C            4.81044397834083        0.87727102936650       -0.56291746528788
C            6.07736202492338        0.04893693051671       -0.46262361885817
C           -1.31041730337065       -1.82562180260761       -1.18097383659455
C           -2.36044500915537       -2.84107287317573       -0.78325959517369
O           -0.72434667185512       -1.89934110355000       -2.24470829148941
H           -4.85249509542918        1.86044793481626       -0.08533722302990
H           -4.48991783382770        2.35272366807346        1.56937631351373
H           -3.96076645856170        3.35179471567192        0.21521192963465
H           -2.42053453544084        1.56086903959848       -0.53350513751032
H           -2.05305224183062        2.05640795397349        1.12337999605690
H           -3.68609335870620       -0.38006055731153        0.29984928560757
H           -3.39672605873316        0.11371626376601        1.96740237056767
H           -0.95514382929863       -0.16927407158258        1.65716356424585
H           -1.86009129356928       -1.66819226893712        1.43571535124175
H           -0.08748142055006        1.01433251832550       -0.09912108248260
H           -0.00154566515658        0.26479783312858       -1.70853588028178
H            1.39032478752328       -0.93092280405210        0.72741765847509
H            1.66841896483521       -1.32745378934758       -0.97230464326525
H            4.78282824501730        1.44756215214960       -1.49800402323214
H            4.72207325677900        1.58325163037567        0.27019314584776
H            6.11922242507051       -0.66615387557787       -1.27944487063145
H            6.09777635545122       -0.49621961360539        0.47721154737754
H            6.94456620663101        0.70064293032250       -0.51456583330232
H           -3.30387147666608       -2.36871131779578       -0.52821310339585
H           -2.01465247515448       -3.42303978514180        0.06915895518971
H           -2.51164609667458       -3.51180276572874       -1.62464456345302
36
 energy: -49.430050707715 gnorm: 0.000767983138 xtb: 6.7.1 (edcfbbe)
C           -4.09980522941741        2.33241897384454        0.55379053452737
C           -2.78865091533055        1.55765206853148        0.49091138226712
C           -2.97287897580788        0.11494809556378        0.95509677934105
C           -1.66339989025016       -0.68605623658994        0.99789128409898
N           -1.03277357033605       -0.84133106231227       -0.29459340652768
C            0.04329651728972        0.06906397319489       -0.63659589068229
C            1.41127099251901       -0.52177402824804       -0.27616287728215
C            2.48967474169150        0.53770983583807       -0.30251978409362
O            2.30988140181466        1.71263666464019       -0.11232596177521
O            3.68365382258892       -0.00437065665101       -0.53820207818697
C            4.80750384118495        0.88067275973500       -0.56273951842073
C            6.07497548634391        0.05200853413306       -0.47097183462399
C           -1.31087963525070       -1.82964178981036       -1.18339284762082
C           -2.36231015053221       -2.84328832790517       -0.78452995245005
O           -0.72574653731027       -1.90451303050046       -2.24757432609382
H           -4.84915455652946        1.86826800789514       -0.08359931189544
H           -4.48303578319936        2.35552828866366        1.57181648867345
H           -3.95250783576985        3.35611647335319        0.21941551241270
H           -2.41822641139582        1.56332105417027       -0.53527785831590
H           -2.04802546981165        2.05318546854385        1.12280580056037
H           -3.68524617281654       -0.37788868765181        0.29182576363332
H           -3.39891677329001        0.11164971137205        1.96106370925546
H           -0.95627943508390       -0.17101630591818        1.65349452216345
H           -1.86232457699998       -1.66927644456919        1.43230990810040
H           -0.09044755850769        1.01349487015910       -0.10957865767837
H            0.00583745933880        0.25143999716033       -1.71316354501215
H            1.38110493275586       -0.92767989426222        0.73943083752160
H            1.67602553911264       -1.32994088065865       -0.95672707136281
H            4.77684374836683        1.45495059727000       -1.49523736674573
H            4.72200856938907        1.58280201202668        0.27374543989398
H            6.11160757911407       -0.66176150561931       -1.28897226449034
H            6.10169308399959       -0.49443483970522        0.46771052621323
H            6.94145068444575        0.70395298509635       -0.52774462976762
H           -3.30503361974433       -2.36951596035702       -0.52962997282866
H           -2.01673932262888       -3.42440291416519        0.06852680795737
H           -2.51444597994383       -3.51492780626294       -1.62491091508602
36
 energy: -49.430059515395 gnorm: 0.001137010887 xtb: 6.7.1 (edcfbbe)
C           -4.09489914118020        2.33602251192224        0.55537314400378
C           -2.78548324416937        1.55854273775572        0.48982026524146
C           -2.97243684795820        0.11500042888633        0.95019227856117
C           -1.66386890326385       -0.68757905307790        0.99406290760875
N           -1.03258720656518       -0.84476241715707       -0.29782791151891
C            0.04544213917123        0.06339506811454       -0.63928731852076
C            1.41171716352458       -0.52358309102336       -0.26493772459195
C            2.48819799659422        0.53785627852245       -0.28603106383072
O            2.30932542470712        1.70989115072567       -0.07763168455472
O            3.68081768743368       -0.00014261656435       -0.53902343086368
C            4.80451077142144        0.88485320853244       -0.56307595003502
C            6.07244299700745        0.05586196795326       -0.47979366703220
C           -1.31088919839944       -1.83444195910234       -1.18520839517527
C           -2.36598062297315       -2.84441180189056       -0.78651734410044
O           -0.72256082207928       -1.91401296883642       -2.24718127936875
H           -4.84590387022120        1.87464331011283       -0.08202848536678
H           -4.47695153101771        2.35812847215589        1.57384694064694
H           -3.94559960238261        3.35996196693259        0.22268335420346
H           -2.41558489918721        1.56627236998862       -0.53654361792183
H           -2.04361354219891        2.05078338562174        1.12279559685254
H           -3.68412653965378       -0.37544836927164        0.28446292499736
H           -3.40030015729807        0.10982138812576        1.95535901698202
H           -0.95663270601021       -0.17275332889085        1.64973969693253
H           -1.86423988566473       -1.67021166938106        1.42910091629319
H           -0.09231995929349        1.01187826175674       -0.12057871306930
H            0.01461617600245        0.23655130167684       -1.71756039739009
H            1.37271404028391       -0.92516931557790        0.75202206545414
H            1.68426743972246       -1.33348463849669       -0.94017306863496
H            4.77094019612406        1.46279486365022       -1.49323437644370
H            4.72217681120106        1.58347677797051        0.27663943768006
H            6.10545502265554       -0.65487183652087       -1.30059501048904
H            6.10337800589772       -0.49396624961134        0.45671114996900
H            6.93842257170036        0.70823627915172       -0.53810142698347
H           -3.30730390655859       -2.36680925494133       -0.53366428690433
H           -2.02387325121001       -3.42574536961069        0.06781708907475
H           -2.51926860616339       -3.51657778959699       -1.62624640602582
36
 energy: -49.430071763450 gnorm: 0.001391053093 xtb: 6.7.1 (edcfbbe)
C           -4.08898934925776        2.34025279629419        0.55698188593505
C           -2.78120678758533        1.56028972172881        0.48867314507445
C           -2.97093990358753        0.11569536846898        0.94437902222879
C           -1.66394412675853       -0.68931087515906        0.98918835094374
N           -1.03198702716122       -0.84972922789944       -0.30207989478560
C            0.04969743158363        0.05441379320249       -0.64257377970029
C            1.41289960903946       -0.52759710290675       -0.24864986172884
C            2.48670696419386        0.53651270808876       -0.26333747962403
O            2.30771500292205        1.70406995777231       -0.03143637321319
O            3.67727308384177        0.00568240365535       -0.54075614446032
C            4.80007176580328        0.89150799359125       -0.56461226956554
C            6.06885243081902        0.06249099073540       -0.49227877872898
C           -1.30847686447453       -1.84322164907045       -1.18600204035812
C           -2.37327570560583       -2.84427272354716       -0.79048128456586
O           -0.71336776409734       -1.93109219951491       -2.24364434169734
H           -4.84159960085790        1.88137260548498       -0.08034174578292
H           -4.46996943832887        2.36136552281763        1.57589777980853
H           -3.93819705210132        3.36450384270488        0.22585951622419
H           -2.41132507125872        1.57058597123941       -0.53770473723705
H           -2.03823910494039        2.04877033484630        1.12324658958591
H           -3.68215462619064       -0.37165958569163        0.27587514838064
H           -3.40099594494988        0.10843824580344        1.94864511652567
H           -0.95610457772871       -0.17469931118082        1.64440742426300
H           -1.86608637050754       -1.67107391194871        1.42547483401823
H           -0.09327591437104        1.00848869292829       -0.13542599628156
H            0.02856269791634        0.21506948234508       -1.72303820420602
H            1.36202728158536       -0.92230560416560        0.77049716933058
H            1.69573550015790       -1.34079151760365       -0.91561754001941
H            4.76190870632329        1.47459437652858       -1.49148819872559
H            4.72158827522983        1.58525581381109        0.27954217068124
H            6.09954406036629       -0.64166146489117       -1.31893035000354
H            6.10311709594006       -0.49506317519984        0.43966407389340
H            6.93447857073012        0.71561354361462       -0.54809866248821
H           -3.31174517998765       -2.35864791243789       -0.54195930573124
H           -2.03966366342338       -3.42783734606174        0.06571919633502
H           -2.52863440327952       -3.51601055837814       -1.63020920864543
36
 energy: -49.430080959923 gnorm: 0.001096748099 xtb: 6.7.1 (edcfbbe)
C           -4.08441601967296        2.34295662655607        0.55761634275956
C           -2.77726046292293        1.56220022959760        0.48793219139623
C           -2.96955524992847        0.11691295914063        0.94065475426617
C           -1.66394365798988       -0.68999467611982        0.98566256056461
N           -1.03184668569418       -0.85316797583338       -0.30538455126289
C            0.05414648650607        0.04652098081509       -0.64395739947710
C            1.41401718386373       -0.53292582436209       -0.23529529351886
C            2.48599132551614        0.53320611762196       -0.24705153437273
O            2.30572177490934        1.69704076682837        0.00268258588867
O            3.67455955582052        0.00929252308976       -0.54359456866706
C            4.79588631408596        0.89704874923429       -0.56635413251425
C            6.06584309213632        0.06919640538404       -0.50237669952239
C           -1.30644723948779       -1.84992585318684       -1.18631427820066
C           -2.37963463693345       -2.84338578914207       -0.79458578009835
O           -0.70436576208651       -1.94545247917956       -2.23931691518100
H           -4.83782676654323        1.88529558239416       -0.07977707784281
H           -4.46494564187452        2.36338405765980        1.57675416444090
H           -3.93319560189768        3.36750615105466        0.22746290406666
H           -2.40727015766770        1.57434308193019       -0.53844093999259
H           -2.03384618301766        2.04868443855012        1.12358525659538
H           -3.68089078514550       -0.36824918633580        0.27057415718309
H           -3.40076035090412        0.10852930206380        1.94451522198677
H           -0.95497001350765       -0.17620602843217        1.64037151314840
H           -1.86786724673040       -1.67104538033058        1.42279653840607
H           -0.09194128321634        1.00452534640081       -0.14507206329333
H            0.04114503633524        0.19870420099472       -1.72569660291911
H            1.35441364100908       -0.92087894107295        0.78601346807465
H            1.70323105380109       -1.34995750318852       -0.89477280164348
H            4.75408790729557        1.48474186074707       -1.49020825522089
H            4.71922158448437        1.58635150582272        0.28169566355166
H            6.09698871636216       -0.62784667647425       -1.33521386756961
H            6.10069171183363       -0.49648845887591        0.42483672019569
H            6.93107344850815        0.72356486169058       -0.55256576624099
H           -3.31558120002099       -2.35086701286410       -0.55010900230462
H           -2.05397910679025       -3.42928631427230        0.06309873779133
H           -2.53647478043658       -3.51432764790116       -1.63478002479388
36
 energy: -49.430086820652 gnorm: 0.000571156615 xtb: 6.7.1 (edcfbbe)
C           -4.08169823930487        2.34499296140222        0.55715385954050
C           -2.77490765355557        1.56364370539240        0.48729592622246
C           -2.96792310095310        0.11821406305208        0.93916704715536
C           -1.66382454474619       -0.69084391460609        0.98409265233362
N           -1.03186506221164       -0.85515306803263       -0.30703904649159
C            0.05740238010837        0.04131356062461       -0.64350260940595
C            1.41455664468752       -0.53804037223394       -0.22650419115548
C            2.48597239370161        0.52890437316659       -0.23829686307188
O            2.30416848064918        1.69046333494713        0.02058936830409
O            3.67288943184489        0.01012352012864       -0.54646862371157
C            4.79253902525460        0.90032670137342       -0.56798646061211
C            6.06397459573447        0.07456503431143       -0.50857276058081
C           -1.30505711201462       -1.85361601969855       -1.18642247105176
C           -2.38350157397546       -2.84236154912899       -0.79782096500315
O           -0.69922636617560       -1.95286725090312       -2.23681900643136
H           -4.83505690704188        1.88752345845084       -0.08049240898750
H           -4.46241781427851        2.36484395344835        1.57626521888829
H           -3.93066131245678        3.36979857152751        0.22749915703981
H           -2.40441750587395        1.57617747483771       -0.53889652957349
H           -2.03136838897483        2.04925233122900        1.12345136343287
H           -3.67992113759489       -0.36561129820029        0.26880642070572
H           -3.39937432163196        0.11001546930755        1.94297289426532
H           -0.95397872077463       -0.17784285050623        1.63844786303559
H           -1.86900517992860       -1.67157770382275        1.42153070006411
H           -0.08960000401892        1.00105270108455       -0.14829125080898
H            0.04960690216477        0.19006626443592       -1.72564685995444
H            1.35030615255065       -0.92069437272078        0.79649568357718
H            1.70594097139446       -1.35835697719458       -0.88081472943256
H            4.74801028002613        1.49144217546917       -1.48953056609944
H            4.71559406011273        1.58617778475063        0.28287966413496
H            6.09767052153983       -0.61648673885998       -1.34637649904292
H            6.09836584145609       -0.49774656272529        0.41476164564435
H            6.92836160751077        0.73072330767026       -0.55260574592194
H           -3.31793935428241       -2.34606060191252       -0.55544753274975
H           -2.06257674235762       -3.43010870952987        0.06029164378112
H           -2.54103824658553       -3.51225275652934       -1.63878076235945
36
 energy: -49.430089673367 gnorm: 0.001355954416 xtb: 6.7.1 (edcfbbe)
C           -4.07761172947046        2.34732824743279        0.55678153966148
C           -2.77155647648297        1.56474932754928        0.48605426376804
C           -2.96718678651192        0.11930995059095        0.93715080597450
C           -1.66433733327664       -0.69161098144068        0.98211174413574
N           -1.03233598749564       -0.85691620490645       -0.30898415350962
C            0.05988699824634        0.03666364620042       -0.64298399754960
C            1.41449063003750       -0.54306488384386       -0.21746052572280
C            2.48568050508727        0.52449151393397       -0.22825434901469
O            2.30286489590121        1.68401852489687        0.04257496908948
O            3.67082288552763        0.01045632681695       -0.55022452835338
C            4.78887237781393        0.90310570211880       -0.56918272874786
C            6.06218585463835        0.07985635261456       -0.51522945757259
C           -1.30579484686330       -1.85543705428058       -1.18821394290517
C           -2.38574016211968       -2.84266821493233       -0.80032810526879
O           -0.69923520869415       -1.95582272698874       -2.23804698095192
H           -4.83163264603565        1.89149404426172       -0.08137269167371
H           -4.45829586574726        2.36661469836372        1.57593391092446
H           -3.92543905083597        3.37233314931374        0.22827089223414
H           -2.40136143681388        1.57746050537816       -0.54027185986456
H           -2.02721488499956        2.04912057425431        1.12231620783226
H           -3.67974224466627       -0.36321691494538        0.26637368582512
H           -3.39889472921009        0.11140653033527        1.94088505223844
H           -0.95368511536542       -0.17992115837684        1.63664535877823
H           -1.87133595133020       -1.67198537408778        1.41947453594495
H           -0.08812852323848        0.99812815757272       -0.15104668640891
H            0.05742246235706        0.18217735128241       -1.72572521552620
H            1.34501695670128       -0.92038875226818        0.80735177990072
H            1.70825492482669       -1.36654657497819       -0.86684495746825
H            4.74143731770645        1.49864482249450       -1.48774451476661
H            4.71120103307397        1.58453119790841        0.28523937191815
H            6.09726456734421       -0.60619437311385       -1.35705877691790
H            6.09814600266863       -0.49771870649229        0.40480909438797
H            6.92518158421693        0.73810784778387       -0.55556275140684
H           -3.31963941480890       -2.34534273789962       -0.55825764283556
H           -2.06593982187754       -3.43098575582339        0.05775099863491
H           -2.54362078030502       -3.51217805672012       -1.64154511910450
36
 energy: -49.430091715457 gnorm: 0.000810584975 xtb: 6.7.1 (edcfbbe)
C           -4.07627579285042        2.34750293247777        0.55503405032592
C           -2.77040124043424        1.56454907600740        0.48566468569399
C           -2.96728061328944        0.11966459888378        0.93815066343840
C           -1.66500614177985       -0.69220389790470        0.98273438372946
N           -1.03277858495784       -0.85679361090395       -0.30834755809300
C            0.06053387967383        0.03594727959905       -0.64046563969737
C            1.41427311084690       -0.54549633281138       -0.21518694302451
C            2.48612048460562        0.52136978669653       -0.22780357745842
O            2.30329254349684        1.68046978779842        0.04192785389471
O            3.67046911573216        0.00870838580904       -0.55102259247185
C            4.78750931953872        0.90290947417403       -0.56992525772012
C            6.06238948697257        0.08236064235437       -0.51651204612060
C           -1.30669287068556       -1.85407454093061       -1.18883433827048
C           -2.38611434751911       -2.84207504361780       -0.80154515357088
O           -0.70043090843574       -1.95325092449504       -2.23895265154073
H           -4.82992841080478        1.89186021517682       -0.08367369052763
H           -4.45782397987606        2.36718602847513        1.57383992000588
H           -3.92337137092599        3.37233809634385        0.22643435642114
H           -2.39987434493020        1.57613528886220       -0.54055058307504
H           -2.02617570338042        2.04940521698464        1.12168392239846
H           -3.68080142271743       -0.36285810029691        0.26838379917904
H           -3.39807613153922        0.11299157423331        1.94228489631677
H           -0.95407605675995       -0.18182568920919        1.63799335797568
H           -1.87308667588950       -1.67274289722871        1.41913592848015
H           -0.08639883147537        0.99674944606773       -0.14709924585535
H            0.05888221503623        0.18330320913866       -1.72277597025741
H            1.34465868846217       -0.92150501382673        0.80984154791324
H            1.70633506572533       -1.36983726088950       -0.86393203199690
H            4.73894602234873        1.49870967444387       -1.48801240879788
H            4.70854746473983        1.58366765942860        0.28473503634747
H            6.10073477223979       -0.60084757421898       -1.36041995988499
H            6.09784186371754       -0.49792253640524        0.40169661272643
H            6.92385527762341        0.74284293313754       -0.55301525398376
H           -3.32013171734614       -2.34533766724588       -0.55877251271403
H           -2.06573597048938       -3.43093196734467        0.05595787803116
H           -2.54392819467460       -3.51096824875827       -1.64326625213782
36
 energy: -49.430093915589 gnorm: 0.000484271220 xtb: 6.7.1 (edcfbbe)
C           -4.07465393666368        2.34888935804725        0.55408719493592
C           -2.76986643100904        1.56406116996990        0.48491731132721
C           -2.96703271137736        0.11945197798489        0.93780339328521
C           -1.66542170052281       -0.69361620179378        0.98284260929166
N           -1.03273831536505       -0.85754355644686       -0.30802271851287
C            0.06050903630032        0.03538065550033       -0.63959088746656
C            1.41404892990647       -0.54615593204544       -0.21301350921241
C            2.48589503336625        0.52066324041285       -0.22440234541131
O            2.30378452841960        1.67924106926969        0.04866863750567
O            3.66983716792477        0.00869015372304       -0.55127840592183
C            4.78663305454016        0.90319308654295       -0.57019044627384
C            6.06216302568212        0.08352607219798       -0.51835212312064
C           -1.30769724122754       -1.85350773532860       -1.18968401956332
C           -2.38619632257355       -2.84249096841331       -0.80195319332761
O           -0.70318573998817       -1.95083280608670       -2.24100672709960
H           -4.82848687963877        1.89407049232668       -0.08487579701862
H           -4.45637015488266        2.36857044478039        1.57280895666502
H           -3.92057418631606        3.37365158739115        0.22577379552204
H           -2.39926579546532        1.57492902350420       -0.54124404526852
H           -2.02517763090359        2.04822204992357        1.12083489737640
H           -3.68086564480451       -0.36265904779267        0.26816856759249
H           -3.39789471938212        0.11336244706897        1.94185535817325
H           -0.95476100891381       -0.18361869933016        1.63861190207650
H           -1.87406890066866       -1.67427080095792        1.41874947509320
H           -0.08665719039810        0.99629598272729       -0.14645751041274
H            0.05964871276942        0.18246576773619       -1.72198198936232
H            1.34317496747084       -0.92202521445423        0.81194972150284
H            1.70676826041999       -1.37038584652380       -0.86158516398782
H            4.73711080844007        1.49968539511529       -1.48778587282925
H            4.70796881975917        1.58314177549069        0.28512786634204
H            6.10065927692637       -0.59863614362304       -1.36305848651906
H            6.09905097961763       -0.49769149399270        0.39916905510061
H            6.92271372919412        0.74509926083462       -0.55482831470016
H           -3.32043700025886       -2.34659787004644       -0.55808502445134
H           -2.06435848435962       -3.43129628912288        0.05510542455482
H           -2.54425633601958       -3.51126240458425       -1.64369236020595
36
 energy: -49.430095989790 gnorm: 0.000364767214 xtb: 6.7.1 (edcfbbe)
C           -4.07244633556832        2.34967254380503        0.55252632006282
C           -2.76867548577570        1.56303134520744        0.48393858667772
C           -2.96737702571083        0.11897275463296        0.93776978343993
C           -1.66623501544998       -0.69501643960588        0.98332057552537
N           -1.03264351618707       -0.85836993895680       -0.30710654062772
C            0.06035009899640        0.03500529775718       -0.63814519476814
C            1.41395607845165       -0.54652148275334       -0.21088177033915
C            2.48555182715935        0.52039379150396       -0.22038513986345
O            2.30457708911370        1.67817009061521        0.05720216808346
O            3.66919710112515        0.00908323101077       -0.55111332381941
C            4.78582015716768        0.90363181504620       -0.57055723806068
C            6.06194687551318        0.08464340389266       -0.52055758749860
C           -1.30927258578542       -1.85231014727280       -1.19057390097972
C           -2.38645590870643       -2.84268514640727       -0.80231469063985
O           -0.70675875237729       -1.94737227676179       -2.24330323452586
H           -4.82669560100305        1.89610163505718       -0.08678743848122
H           -4.45463027297771        2.37017285124652        1.57104696288856
H           -3.91642121807735        3.37408872838303        0.22416692952488
H           -2.39802374144894        1.57264525656137       -0.54221541697896
H           -2.02342053537829        2.04660383508203        1.11962736066033
H           -3.68156824158792       -0.36295986107392        0.26842937084962
H           -3.39820032503774        0.11377932140655        1.94181177045136
H           -0.95593019229455       -0.18580813948483        1.64008072134173
H           -1.87585586328618       -1.67580932248816        1.41839041106774
H           -0.08714615069422        0.99584780214657       -0.14499067709748
H            0.05983221666222        0.18200508410423       -1.72057127343634
H            1.34202985967369       -0.92338522046266        0.81363349361986
H            1.70759266392504       -1.36985134048395       -0.86016831724399
H            4.73507903903000        1.50058053443886       -1.48784879757286
H            4.70792640151304        1.58308507525380        0.28521045805445
H            6.10061507291740       -0.59625133979144       -1.36622817923367
H            6.10033225933979       -0.49784153971692        0.39605542152484
H            6.92164409755004        0.74725357261200       -0.55681474361568
H           -3.32094293892725       -2.34787602012985       -0.55709292919807
H           -2.06295670415621       -3.43164096063877        0.05407595958699
H           -2.54479442770943       -3.51106879373000       -1.64424467369971
36
 energy: -49.430097461682 gnorm: 0.000355020623 xtb: 6.7.1 (edcfbbe)
C           -4.07038430749907        2.35009911232404        0.55033688248097
C           -2.76747869491482        1.56197688974394        0.48304655431876
C           -2.96757400920167        0.11853524208984        0.93826998652973
C           -1.66693395182386       -0.69631280031335        0.98436398525456
N           -1.03251864853773       -0.85916597065019       -0.30568108009901
C            0.06047902494425        0.03451390718592       -0.63594015333374
C            1.41410103267567       -0.54738407671547       -0.20908047017784
C            2.48542537860435        0.51972618686100       -0.21699020233715
O            2.30502249453543        1.67661174862863        0.06443909520280
O            3.66873363060990        0.00945062042145       -0.55123042308185
C            4.78502419752565        0.90430405098165       -0.57105570420596
C            6.06170112119870        0.08605059445413       -0.52284010816714
C           -1.31065459039366       -1.85110542747169       -1.19093655575395
C           -2.38718980968351       -2.84233585467407       -0.80304842033802
O           -0.70945989532461       -1.94427404968147       -2.24456634534475
H           -4.82474005191710        1.89708925280969       -0.08922652026336
H           -4.45314790863590        2.37159363249048        1.56861206461519
H           -3.91286978643999        3.37414526437157        0.22152892277743
H           -2.39669313960768        1.57017747287802       -0.54307050779659
H           -2.02192714342211        2.04557243343268        1.11836362208172
H           -3.68229728362926       -0.36345245280004        0.26952629443034
H           -3.39816956539716        0.11459343176939        1.94240362469504
H           -0.95678719601307       -0.18803853547566        1.64202913252937
H           -1.87754667412626       -1.67725743395324        1.41856095311857
H           -0.08694776763994        0.99498487138401       -0.14208527274611
H            0.06001571655507        0.18218071554209       -1.71826507828570
H            1.34179502183799       -0.92557312335724        0.81491208237325
H            1.70813911290915       -1.36975057712605       -0.85940461606777
H            4.73325013879414        1.50167357097336       -1.48802256835767
H            4.70773714995089        1.58332676418682        0.28512641360228
H            6.10104935370696       -0.59303009262672       -1.36994402761110
H            6.10032014070547       -0.49829734046724        0.39252419978932
H            6.92090598994588        0.74941164162954       -0.55750516889334
H           -3.32173030425707       -2.34816747383090       -0.55680903391790
H           -2.06289488617307       -3.43192994807079        0.05259026261508
H           -2.54575388986355       -3.50994224693892       -1.64554659395644
36
 energy: -49.430098975605 gnorm: 0.000320842104 xtb: 6.7.1 (edcfbbe)
C           -4.06845396234265        2.35006228187305        0.54765177876753
C           -2.76611026114256        1.56088807238468        0.48202429367845
C           -2.96752991683078        0.11825315575185        0.93925272570974
C           -1.66752623816886       -0.69757745662357        0.98585648868717
N           -1.03223151171143       -0.86007480994027       -0.30380848808918
C            0.06088272650222        0.03382163171143       -0.63322729474893
C            1.41456636313789       -0.54863905298623       -0.20740866542517
C            2.48546807091836        0.51889622845444       -0.21373200405528
O            2.30511605647559        1.67470033423265        0.07188128210444
O            3.66837171677242        0.01017260791878       -0.55181467114046
C            4.78423911582508        0.90547074431773       -0.57176807070835
C            6.06121390104453        0.08757919977694       -0.52528113968498
C           -1.31167173571575       -1.85008550492592       -1.19079226260473
C           -2.38849955516141       -2.84143249432822       -0.80409146072330
O           -0.71115126011862       -1.94170604715714       -2.24492650182879
H           -4.82277566202642        1.89711597874822       -0.09201424352396
H           -4.45199044170290        2.37307488266510        1.56561151131425
H           -3.90973760361647        3.37359663315755        0.21784053458774
H           -2.39494247207177        1.56730328523734       -0.54398688192566
H           -2.02041442257295        2.04480458569420        1.11694005658677
H           -3.68283988851288       -0.36396358930049        0.27127432541783
H           -3.39789459964534        0.11589041515092        1.94351524353263
H           -0.95745029946495       -0.19028041747033        1.64434707870790
H           -1.87918320972438       -1.67864242633025        1.41928519277765
H           -0.08627108944340        0.99367985308962       -0.13814012846827
H            0.06011839316478        0.18278427677300       -1.71536641725293
H            1.34243429915997       -0.92867862885424        0.81591928148909
H            1.70881746953591       -1.36975706216089       -0.85920880121474
H            4.73147019026073        1.50361313929713       -1.48821741457338
H            4.70751373512842        1.58374666708866        0.28508862634354
H            6.10135740867096       -0.58904840980796       -1.37434191126756
H            6.09945362342567       -0.49943205116741        0.38845385841527
H            6.92025722693379        0.75132019714889       -0.55747931520326
H           -3.32291629576219       -2.34735156951437       -0.55722806646519
H           -2.06439100829264       -3.43222929231372        0.05076228487555
H           -2.54729886292959       -3.50787535758595       -1.64748559841243
36
 energy: -49.430100625666 gnorm: 0.000264742867 xtb: 6.7.1 (edcfbbe)
C           -4.06628293188908        2.34987989375569        0.54409092558596
C           -2.76451337137583        1.55964554145287        0.48092371186722
C           -2.96730844898048        0.11792916633352        0.94055116810952
C           -1.66808837635867       -0.69905323262847        0.98789235916623
N           -1.03186747696271       -0.86117453215519       -0.30137575325292
C            0.06151557380845        0.03286177218389       -0.62965021520603
C            1.41530708404858       -0.55045726593182       -0.20561192804894
C            2.48562057276348        0.51776289856422       -0.20985178062899
O            2.30492344927855        1.67215574109740        0.08120385545092
O            3.66789708697641        0.01133704308453       -0.55319266233847
C            4.78333100240241        0.90716990349227       -0.57255539793562
C            6.06053607877732        0.08947926580042       -0.52851342418251
C           -1.31255835015829       -1.84908976318634       -1.19026226384584
C           -2.39041502968264       -2.84003177449835       -0.80554184459642
O           -0.71209310205294       -1.93938152093625       -2.24453837014608
H           -4.82041268064825        1.89639082211321       -0.09544893515805
H           -4.45062699616021        2.37487585729014        1.56169918184946
H           -3.90655093358298        3.37276139401582        0.21266958643563
H           -2.39284123768920        1.56389582278276       -0.54491880330607
H           -2.01881203542846        2.04429125984157        1.11529738811457
H           -3.68343195907375       -0.36461481386911        0.27362528023303
H           -3.39729228388838        0.11760873971845        1.94498632453162
H           -0.95796780693293       -0.19295212927641        1.64727258771840
H           -1.88100264842453       -1.68025536568479        1.42041931669519
H           -0.08508123366769        0.99185525284309       -0.13270071472868
H            0.06032499192384        0.18381164960576       -1.71153814084484
H            1.34357605911123       -0.93291455934771        0.81687822435732
H            1.70971855169678       -1.36994382245970       -0.85943023745953
H            4.72962368303139        1.50671263096376       -1.48803715899887
H            4.70708593083596        1.58409121354256        0.28544368421696
H            6.10136019833594       -0.58408019811367       -1.37999829916128
H            6.09796166207138       -0.50089169779590        0.38311508423731
H            6.91967721961152        0.75329298584290       -0.55751647149155
H           -3.32452798076597       -2.34552153059678       -0.55840161289071
H           -2.06733225938847       -3.43248787137629        0.04852052720610
H           -2.54945200156339       -3.50495877646279       -1.65011996587511
36
 energy: -49.430102050024 gnorm: 0.000255561584 xtb: 6.7.1 (edcfbbe)
C           -4.06424678965089        2.34953643129629        0.54031259815109
C           -2.76289516445761        1.55842516018253        0.47969253713699
C           -2.96701825118971        0.11777977646494        0.94210793210632
C           -1.66870818352658       -0.70055469897963        0.98998249120615
N           -1.03147490698864       -0.86225685869465       -0.29886438141239
C            0.06224858358996        0.03183324900967       -0.62583359193841
C            1.41618171100329       -0.55257241075081       -0.20378851654843
C            2.48590779770148        0.51635686348013       -0.20578790995855
O            2.30482123850792        1.66916368883723        0.09152656527524
O            3.66737678613275        0.01262892691677       -0.55526554068983
C            4.78241124544529        0.90903852930440       -0.57332740922040
C            6.05978457163750        0.09145655848501       -0.53207532673186
C           -1.31308634449620       -1.84825771942807       -1.18952590555717
C           -2.39252526389269       -2.83836101847354       -0.80717240512798
O           -0.71216934313842       -1.93753702863149       -2.24362443815895
H           -4.81812486533727        1.89516648305904       -0.09892504321914
H           -4.44945402047612        2.37695003317897        1.55754011003747
H           -3.90362993984387        3.37161537248791        0.20683063764504
H           -2.39042956444945        1.56037467611354       -0.54589284064299
H           -2.01736172055645        2.04383029145745        1.11367817385457
H           -3.68393035050083       -0.36507388481503        0.27624681500564
H           -3.39665062443524        0.11953237006140        1.94671643819989
H           -0.95858709961234       -0.19569516146852        1.65029640832477
H           -1.88294626408026       -1.68189143744473        1.42158973369277
H           -0.08362543578729        0.98980034180386       -0.12665989305004
H            0.06054615770541        0.18521439623441       -1.70740852924122
H            1.34494151288779       -0.93767043574433        0.81775927902030
H            1.71060533730389       -1.37022630319889       -0.85988918198572
H            4.72782098393887        1.51073313153578       -1.48737501656676
H            4.70653890624200        1.58383653208201        0.28639805283358
H            6.10085076527518       -0.57884701935639       -1.38613561275467
H            6.09692359562294       -0.50241611473687        0.37735830098092
H            6.91893679551076        0.75538513734394       -0.55830104467925
H           -3.32622564672329       -2.34298734332367       -0.56017598255189
H           -2.07107319118489       -3.43252554440327        0.04629816677819
H           -2.55173301817864       -3.50178496988009       -1.65292044453440
36
 energy: -49.430103286983 gnorm: 0.000293891052 xtb: 6.7.1 (edcfbbe)
C           -4.06245518038162        2.34923625133103        0.53645211151550
C           -2.76148466801392        1.55730078536977        0.47867688755445
C           -2.96679751765309        0.11759954627281        0.94347312287937
C           -1.66933118928532       -0.70202620575568        0.99200325379901
N           -1.03111789002964       -0.86320816104973       -0.29643190045276
C            0.06301157849845        0.03085726928297       -0.62202297388861
C            1.41707546340899       -0.55481388517623       -0.20200459557555
C            2.48628157829167        0.51473593954561       -0.20140432971607
O            2.30502403919443        1.66578442233702        0.10281309677233
O            3.66680480136786        0.01392255028415       -0.55770088835551
C            4.78151179380431        0.91084503308814       -0.57384821009205
C            6.05916005775887        0.09345984141680       -0.53608164996914
C           -1.31325336296357       -1.84760675047572       -1.18865925535517
C           -2.39467271265198       -2.83652195857890       -0.80883813658111
O           -0.71136918500509       -1.93628017563121       -2.24227220408943
H           -4.81610339153464        1.89369839087453       -0.10225161997182
H           -4.44835023219594        2.37921084582137        1.55333425849161
H           -3.90112348868006        3.37045497564453        0.20065617401290
H           -2.38821997768355        1.55697405148389       -0.54660462894010
H           -2.01615632332049        2.04353967082208        1.11227908749917
H           -3.68465700692956       -0.36551459067590        0.27879690248171
H           -3.39587937103672        0.12142188861681        1.94828703228978
H           -0.95921381644545       -0.19844259583812        1.65329881840812
H           -1.88490238844913       -1.68352482213254        1.42260246480160
H           -0.08205804044907        0.98776292352602       -0.12052806344082
H            0.06089955703655        0.18674251265009       -1.70328725261711
H            1.34611151986581       -0.94260190991340        0.81856375959859
H            1.71150700691159       -1.37055612312346       -0.86049260150200
H            4.72603434769458        1.51524195468005       -1.48605416409963
H            4.70592222044743        1.58296907003068        0.28798394724667
H            6.09993490554285       -0.57389743927996       -1.39244018325764
H            6.09680955391203       -0.50354145919390        0.37128215622918
H            6.91820483245062        0.75758066460964       -0.56040973052710
H           -3.32790387145605       -2.33992914384453       -0.56246864520413
H           -2.07534649877706       -3.43226983090320        0.04431532200953
H           -2.55389714324574       -3.49860353611019       -1.65563213627502
36
 energy: -49.430104543854 gnorm: 0.000406984094 xtb: 6.7.1 (edcfbbe)
C           -4.06067316656983        2.34897834699304        0.53228723753559
C           -2.76011910211839        1.55615995994582        0.47741928934594
C           -2.96674182900997        0.11757177530701        0.94503589878698
C           -1.67021814728653       -0.70351506527664        0.99397653066877
N           -1.03081172023736       -0.86407186644864       -0.29395777748684
C            0.06393928147513        0.02981105244129       -0.61783338568272
C            1.41804675258350       -0.55745040838506       -0.19988808555551
C            2.48681661524307        0.51258997457636       -0.19590342386468
O            2.30577486731800        1.66141288771169        0.11709856467353
O            3.66612151043579        0.01523282932003       -0.56062381386751
C            4.78049243458696        0.91269080491862       -0.57417324934874
C            6.05857710247450        0.09575336968249       -0.54112365862323
C           -1.31317735941530       -1.84697050498701       -1.18773766771074
C           -2.39686024679339       -2.83448658525704       -0.81076720395795
O           -0.70980631925826       -1.93531812962234       -2.24052763776108
H           -4.81406887884363        1.89202139729719       -0.10570146724223
H           -4.44726351608548        2.38194812343734        1.54881126142382
H           -3.89859061321676        3.36917330959826        0.19374514541545
H           -2.38579587288377        1.55353804993842       -0.54748702032217
H           -2.01520012110842        2.04325003992546        1.11081222375512
H           -3.68551676354152       -0.36576234823139        0.28154123823177
H           -3.39529639324996        0.12343251613915        1.95006728492900
H           -0.96020958626674       -0.20135485366492        1.65645171516316
H           -1.88727726747088       -1.68520909876909        1.42338354453763
H           -0.08017563593169        0.98552758266361       -0.11376851372858
H            0.06153670345770        0.18846596130719       -1.69872659913832
H            1.34702771089274       -0.94835115553078        0.81948935680670
H            1.71245829670654       -1.37095125080070       -0.86111789019492
H            4.72384801179876        1.52075915103650       -1.48385887316567
H            4.70537722063147        1.58116900302899        0.29051521090319
H            6.09813259312483       -0.56868499358722       -1.39978281146436
H            6.09800979625262       -0.50424449977308        0.36416477200242
H            6.91728214051545        0.76030818265365       -0.56470939354946
H           -3.32959163124782       -2.33638026197682       -0.56556538146717
H           -2.08019135955152       -3.43166475624354        0.04236404576429
H           -2.55585550741151       -3.49537853936252       -1.65852424013281
36
 energy: -49.430105795952 gnorm: 0.000420379582 xtb: 6.7.1 (edcfbbe)
C           -4.05914644481751        2.34892647453348        0.52813314849134
C           -2.75897875370793        1.55524057109275        0.47629013871862
C           -2.96692132442777        0.11759949341966        0.94613507205821
C           -1.67125803325810       -0.70486627695021        0.99575136101046
N           -1.03053411143814       -0.86469237291469       -0.29161967978958
C            0.06501364778821        0.02886120841297       -0.61358669828237
C            1.41894383808154       -0.56038960477828       -0.19735696795264
C            2.48746289979958        0.50988332427174       -0.18929867141089
O            2.30709110939624        1.65606966785407        0.13375356443189
O            3.66535084567072        0.01633878687016       -0.56343087428605
C            4.77931760025067        0.91439006792124       -0.57412267719026
C            6.05803599077561        0.09814699613569       -0.54717685395725
C           -1.31266503553635       -1.84639004034204       -1.18679340494487
C           -2.39870908468902       -2.83244838248410       -0.81282092423399
O           -0.70759182380544       -1.93446864997487       -2.23862850850991
H           -4.81246409046598        1.89060749781540       -0.10899669302464
H           -4.44626797387607        2.38497149901423        1.54432980629949
H           -3.89629202418103        3.36806846616972        0.18680979904564
H           -2.38365351131706        1.55032768067228       -0.54822127440197
H           -2.01434500776872        2.04306128037823        1.10947402331486
H           -3.68672154354489       -0.36590531547724        0.28386010343804
H           -3.39484293226184        0.12548134190960        1.95138970106801
H           -0.96143963622429       -0.20415050005005        1.65952001473507
H           -1.88984341593261       -1.68678073359974        1.42388053383142
H           -0.07812608834229        0.98338868548096       -0.10696581169110
H            0.06256857170998        0.19026301799116       -1.69410334687283
H            1.34737420061461       -0.95459128818414        0.82069940903642
H            1.71338861316463       -1.37153239091028       -0.86142746972769
H            4.72098081872343        1.52690018429765       -1.48072664516650
H            4.70500553331092        1.57844373945251        0.29402247037641
H            6.09527311240216       -0.56384043804825       -1.40781823718040
H            6.10097030422122       -0.50430308919971        0.35631492818950
H            6.91613097557894        0.76342788223448       -0.57179348293122
H           -3.33108299365983       -2.33283513152542       -0.56929535446090
H           -2.08495921629891       -3.43075790461858        0.04058366083662
H           -2.55706501593635       -3.49244574686500       -1.66137893318841
36
 energy: -49.430106932082 gnorm: 0.000325929935 xtb: 6.7.1 (edcfbbe)
C           -4.05833335714707        2.34922280664271        0.52549725571104
C           -2.75853746153522        1.55484647253210        0.47531029751708
C           -2.96737625387858        0.11782428058463        0.94660726435822
C           -1.67226224690989       -0.70551121360918        0.99656662726785
N           -1.03045233994635       -0.86478093657317       -0.29033701491606
C            0.06599106201096        0.02826531065531       -0.61060414097920
C            1.41945428033949       -0.56274277204417       -0.19500901311421
C            2.48805354562078        0.50735636738177       -0.18310101848942
O            2.30869348050982        1.65119712990171        0.14864379019868
O            3.66468010103419        0.01685155027270       -0.56501945055759
C            4.77831388941022        0.91533081232777       -0.57361278569910
C            6.05767615210464        0.09991314130293       -0.55275611986433
C           -1.31193223863987       -1.84595394423247       -1.18631339432940
C           -2.39938072296722       -2.83120614361911       -0.81438566380975
O           -0.70537360244595       -1.93398092269818       -2.23730048959259
H           -4.81162183574492        1.89004448344793       -0.11102148879381
H           -4.44572572474668        2.38723442364310        1.54150967423211
H           -3.89495831688350        3.36766798075393        0.18236700519190
H           -2.38244043402821        1.54877032766140       -0.54891741740788
H           -2.01422180634091        2.04300962869323        1.10855906680630
H           -3.68761602619639       -0.36572239298339        0.28487215416053
H           -3.39511138977749        0.12674775409609        1.95193712683548
H           -0.96273711818881       -0.20573093139231        1.66133696031090
H           -1.89187337505011       -1.68758818104015        1.42376555093839
H           -0.07644302608925        0.98201635163190       -0.10234299075986
H            0.06400585513157        0.19144845706219       -1.69084972788862
H            1.34667976304699       -0.95945909562087        0.82195391689257
H            1.71402384591735       -1.37212518165358       -0.86111192052809
H            4.71805963810001        1.53174267042480       -1.47740878546052
H            4.70517696025632        1.57547308232929        0.29756493967190
H            6.09173633900703       -0.56106901481544       -1.41428573924664
H            6.10498646732625       -0.50345744444856        0.34984776909450
H            6.91513025939279        0.76591878136837       -0.58030852504921
H           -3.33175652769613       -2.33073362332540       -0.57263865506462
H           -2.08779891445450       -3.42977705192089        0.03961604256064
H           -2.55670892054307       -3.49104296273160       -1.66324587451874
36
 energy: -49.430107296114 gnorm: 0.000125770336 xtb: 6.7.1 (edcfbbe)
C           -4.05868910768362        2.34931114809761        0.52577832041474
C           -2.75880070709628        1.55508642837146        0.47535728304872
C           -2.96764943058894        0.11791909231384        0.94622664633211
C           -1.67236971788775       -0.70516413498396        0.99635189584157
N           -1.03046075189839       -0.86446177111396       -0.29049556019149
C            0.06611082953387        0.02847934632784       -0.61064116343884
C            1.41934813184445       -0.56274131339110       -0.19487111521365
C            2.48811449078682        0.50712025068902       -0.18269174942120
O            2.30915188913297        1.65061364843671        0.14980431446141
O            3.66470315095988        0.01656110111696       -0.56455065616804
C            4.77828766332223        0.91505059531776       -0.57353587516512
C            6.05765332793951        0.09976752056045       -0.55317275668102
C           -1.31174226453575       -1.84578322599412       -1.18639380668714
C           -2.39881210971691       -2.83140639164170       -0.81430647653154
O           -0.70507116265137       -1.93385333643842       -2.23731411683931
H           -4.81201279147648        1.89047513666061       -0.11094259963009
H           -4.44609987731349        2.38693233310987        1.54180113052037
H           -3.89527097688838        3.36789023104166        0.18310820482101
H           -2.38280876892120        1.54921022633855       -0.54891036555373
H           -2.01441639574493        2.04313420390061        1.10863556123714
H           -3.68776916774475       -0.36565644029472        0.28436238447868
H           -3.39547041208141        0.12666306337229        1.95151411208512
H           -0.96294101831738       -0.20526333997149        1.66115397707107
H           -1.89190343616177       -1.68724161208055        1.42358754388509
H           -0.07631484713736        0.98226682077529       -0.10253156478161
H            0.06428030319882        0.19151352542227       -1.69084537785584
H            1.34637491622721       -0.95971599570531        0.82192113424282
H            1.71382936272310       -1.37200554600888       -0.86110376809175
H            4.71756662472423        1.53143778568953       -1.47727792572538
H            4.70559373793317        1.57521415685408        0.29763392626667
H            6.09149426407342       -0.56124879529439       -1.41471029547772
H            6.10538638522472       -0.50360960589977        0.34940491098702
H            6.91498247572123        0.76593288426569       -0.58103889329267
H           -3.33139758985675       -2.33124361597542       -0.57273002232640
H           -2.08704150700975       -3.42968777132810        0.03984831598497
H           -2.55583551263468       -3.49149660253484       -1.66304034692752
