53
 energy: -69.954243466857 gnorm: 0.086141022832 xtb: 6.7.1 (edcfbbe)
C            7.81568558541800       -0.94973917510800        1.72758436088000
C            6.74275970685100       -0.34755346568600        0.85805502250300
C            7.26395021109300        0.50242534948100       -0.26782098901300
C            5.44029536803800       -0.57382503448200        1.11850879949800
C            4.24884669403500       -0.08330588082400        0.33987857864600
C            3.56752961092100        1.09580866871800        1.04398372196500
C            2.31859488097000        1.56853115331300        0.31889196179500
C            2.56844846358700        2.29708326351200       -0.97484178195300
C            1.10018611089600        1.35091669612700        0.85539117561900
C           -0.24314739803900        1.72038096638400        0.29946565732900
O           -1.03963256537100        0.53120775592000        0.30737797206300
C           -2.31213188631500        0.70948382042900       -0.15236201012500
O           -2.74525928521100        1.78867838620600       -0.52902374523200
C           -3.01933455915500       -0.55051116038400       -0.11351352719900
C           -2.50481985291100       -1.77990104997100        0.27998571199000
C           -3.54507528682700       -2.70829736926300        0.14945767521400
C           -3.52622548678100       -4.16151616827400        0.43572642844800
N           -4.65423496367600       -2.12423081183400       -0.29475550188100
N           -4.33879157105400       -0.81243873173500       -0.45403333428600
C           -5.40916134421000        0.08937118869500       -0.94096456486800
C           -6.74490871959400       -0.68367307347800       -1.16194841492500
C           -5.72983314941500        1.18039799768800        0.09846617331600
C           -5.04404612738700        0.68835031229000       -2.31234708128300
H            8.47628915072800       -1.58462458707800        1.12805052239900
H            8.41671341996200       -0.16027102766500        2.19057268885700
H            7.40175263621800       -1.56721027616800        2.53172240793600
H            7.95597847697500        1.25748145637600        0.12066467612600
H            7.80265567689200       -0.11909009128200       -0.99035049595900
H            6.47904731349600        1.04032213501200       -0.80442180953000
H            5.18284150542400       -1.19482887648800        1.97679936705800
H            3.54137666753700       -0.91721174474900        0.24423443399000
H            4.52728721984200        0.18481953563900       -0.68388540633500
H            3.32048277953800        0.80672178119300        2.07448903107300
H            4.26704550293800        1.93744430777500        1.13271328866700
H            1.69213212306700        2.83589358320300       -1.34197983872200
H            3.35916029798500        3.04343072407500       -0.84199961288900
H            2.88345091139700        1.59564627266600       -1.75341711564800
H            1.04340088376100        0.83206625522600        1.81214064128700
H           -0.18370039350600        2.10415463472400       -0.72214375248100
H           -0.70085161340000        2.47357252388000        0.95097019676100
H           -1.49476629461200       -1.97301853801600        0.61665494544100
H           -2.54212215181500       -4.48079361981100        0.79353486386600
H           -4.26348729799400       -4.41130035333700        1.20551470118400
H           -3.76004362292900       -4.73426810583700       -0.46748947878500
H           -7.53513451443900       -0.01310784144100       -1.52067597333200
H           -6.63257053848800       -1.47944034358200       -1.90820143545300
H           -7.10505329100500       -1.14093901572300       -0.23244664383900
H           -6.57831584315100        1.79461158396100       -0.22553305689300
H           -4.90173462039000        1.86504008059000        0.28020957636500
H           -5.99311213205700        0.73334425642300        1.06462867078900
H           -4.83459620013100       -0.10418956534700       -3.04083168190300
H           -4.16635219648000        1.33374155607200       -2.28490975133100
H           -5.86746829122900        1.29435966198900       -2.70833659479200
53
 energy: -69.962894570881 gnorm: 0.030054598580 xtb: 6.7.1 (edcfbbe)
C            7.80471074151953       -0.94345381193008        1.72369519541355
C            6.72905149372533       -0.34234645480458        0.86162180320609
C            7.25555861465054        0.50001211856613       -0.26282424974125
C            5.44118216990712       -0.57047774616158        1.11066712674851
C            4.25018072488262       -0.07990403606810        0.33690658569986
C            3.56023142332922        1.09770492223630        1.04129730852299
C            2.31373690556244        1.56592048792599        0.32328462424247
C            2.56408534432290        2.29170238007624       -0.96670706518237
C            1.10969119585935        1.34090689813485        0.84922377591843
C           -0.23509368022726        1.70999609630935        0.29691127380608
O           -1.06200591698000        0.53951441899299        0.29599632349657
C           -2.32773605718480        0.71393778836888       -0.15552617739903
O           -2.74413245623677        1.78846828646417       -0.52852364813617
C           -3.05212167996272       -0.54790969452354       -0.12153992182599
C           -2.52181091126533       -1.77286712984307        0.27361123989830
C           -3.55758083036400       -2.69664703032435        0.14374277438825
C           -3.53113722599894       -4.15502397488390        0.43313862145021
N           -4.65462752796234       -2.09139313399886       -0.29904933861599
N           -4.36395394023816       -0.79558627479541       -0.46402846047307
C           -5.42720183161965        0.10013616157061       -0.94840527295170
C           -6.72270498488323       -0.70944877031377       -1.15065562214998
C           -5.71263127365990        1.18353766932135        0.09769987315129
C           -5.02972340340463        0.69328876126409       -2.30461520103573
H            8.46807344040143       -1.56865716513702        1.12368272758752
H            8.41116497357955       -0.15975152140664        2.18041285577062
H            7.38650430449434       -1.55835286269435        2.51981080568995
H            7.95294674249354        1.24437741960668        0.12568598360625
H            7.79935635639094       -0.12027904929322       -0.97752169095394
H            6.46785741796959        1.02718847668717       -0.79606486829862
H            5.18704356975112       -1.18149479967509        1.97022394551387
H            3.53310544989532       -0.90372017562399        0.25076328751568
H            4.53615607443459        0.20428302951794       -0.67742613926094
H            3.30794597139240        0.79751808535907        2.06280478718804
H            4.26858517683872        1.92991162746523        1.11550906903604
H            1.68391520575817        2.81877983088891       -1.32835332143133
H            3.35947803082565        3.02676731079227       -0.83335728325477
H            2.88280541937672        1.59253143289587       -1.74062199596591
H            1.04811901419432        0.82058017032179        1.79791542472740
H           -0.18321957912480        2.10282293966219       -0.72120413017495
H           -0.70570079760973        2.46758134201615        0.93724011735001
H           -1.51770686331227       -1.96069932672159        0.60679289785602
H           -2.54734312368214       -4.46273100215879        0.78826618825762
H           -4.26922507134091       -4.40554018769773        1.19523337996150
H           -3.77017997169119       -4.72581254809812       -0.46430135159173
H           -7.49551594367589       -0.02800683613797       -1.50673694329104
H           -6.59418891708052       -1.49718694475238       -1.89078178819903
H           -7.06570087980636       -1.15931780769043       -0.22066998591400
H           -6.55734304465175        1.78695098910208       -0.23292443142380
H           -4.86504539090894        1.84808758108429        0.25193866879945
H           -5.97557734608577        0.72533039660614        1.05289574168986
H           -4.82655521750278       -0.10569801319587       -3.02005197263238
H           -4.15146891396854        1.33219535971200       -2.23795814788765
H           -5.85425298112920        1.29227431698569       -2.68968374629310
53
 energy: -69.964636305016 gnorm: 0.009791957686 xtb: 6.7.1 (edcfbbe)
C            7.79151795095347       -0.93603027525302        1.72262822662890
C            6.71525192549517       -0.33615440749168        0.86313469335601
C            7.24635511645598        0.50068629323338       -0.26213478721095
C            5.43174703349544       -0.56602345233190        1.10631805873804
C            4.24353408448671       -0.07759200984275        0.33137741514296
C            3.55322774909614        1.09972780829837        1.04372088549038
C            2.30840713231937        1.55777957716431        0.32561000189805
C            2.55987510147945        2.28466077806335       -0.96159072718601
C            1.10846255163962        1.32209906953858        0.84371370746348
C           -0.23160598400682        1.70062361498272        0.29102607894746
O           -1.07277661214248        0.53955910024197        0.28617768804401
C           -2.33045055060910        0.71744510069193       -0.16074774340531
O           -2.73803023283980        1.79524289301672       -0.52928439406732
C           -3.06614086180582       -0.54543559271337       -0.12591776102201
C           -2.52830212116666       -1.76684084690089        0.27043621554199
C           -3.56485396750153       -2.68851389988711        0.14057694016246
C           -3.53983213398603       -4.14833337252759        0.42961269725429
N           -4.65457774815260       -2.07241559114714       -0.30135856113062
N           -4.36970486535403       -0.79175879477216       -0.46481416538638
C           -5.42776931933572        0.09893396477576       -0.94752659784017
C           -6.70470045067430       -0.72077410179680       -1.14307074756271
C           -5.69763410143636        1.18532713790402        0.09424006385203
C           -5.01814342435312        0.69725594615108       -2.29395955504190
H            8.45436573492945       -1.55530020432173        1.11845922559846
H            8.39959760382332       -0.15310069132330        2.17501968496213
H            7.37126365104854       -1.55009614913117        2.51442391502927
H            7.94615699952656        1.23933305556323        0.12755139286152
H            7.79228993195565       -0.12343892844610       -0.96997162016579
H            6.45907458851921        1.02242330705165       -0.79563616186572
H            5.17789124383532       -1.17325560357203        1.96614015243897
H            3.52395375264923       -0.89635430470306        0.24479195716276
H            4.53561096771784        0.21938869531915       -0.67555064431058
H            3.30013164236127        0.79178197577661        2.05978604533280
H            4.26351980311363        1.92844425253048        1.11021990078721
H            1.67756974810870        2.80473102338451       -1.31999468273601
H            3.35650514682291        3.01470881310861       -0.82593043239431
H            2.88093511796207        1.58483663504444       -1.73221792620582
H            1.04006629911500        0.79600908875502        1.78626459115155
H           -0.18029206805830        2.09720662551741       -0.72652841739477
H           -0.70600393018350        2.46255521855110        0.92646718860554
H           -1.52673603939033       -1.94736657806608        0.60062045801321
H           -2.55451713809091       -4.44274023981832        0.78238926795702
H           -4.27871410871443       -4.39678668173367        1.18893443845754
H           -3.78095771923379       -4.71617760309821       -0.46689532004623
H           -7.48849109010477       -0.05669935995804       -1.49938570561098
H           -6.55221907736489       -1.51004527852907       -1.87154844568579
H           -7.02251919636123       -1.17339430260025       -0.20979577091357
H           -6.53625440969348        1.79444420533171       -0.23162884022621
H           -4.83264208742884        1.83016471021729        0.22293236509136
H           -5.95162550951235        0.72892595942532        1.04873197023964
H           -4.80743928834131       -0.09904494617902       -3.00485201689821
H           -4.14003523352994        1.32910326266624       -2.19140509957871
H           -5.83434160754088        1.30027510384351       -2.68211944991498
53
 energy: -69.964973699879 gnorm: 0.004765808830 xtb: 6.7.1 (edcfbbe)
C            7.78131656489770       -0.93025999349339        1.72420086029434
C            6.70577763524872       -0.33432840819096        0.86174607602732
C            7.23797282394049        0.50174771778100       -0.26417068991502
C            5.42163064191616       -0.56758621487724        1.10234401490095
C            4.23645378857964       -0.07715287095840        0.32638403854455
C            3.54763033447203        1.09797189373697        1.04641385085019
C            2.30457480523789        1.55597864928508        0.32897243787707
C            2.55609901352798        2.28209298795723       -0.95873813294770
C            1.10365753422685        1.31119257620761        0.84197879589682
C           -0.23121286442242        1.69391534534684        0.28450595238299
O           -1.07477230226414        0.53550709361928        0.28061015614932
C           -2.32825134640568        0.71995417349677       -0.16243841892822
O           -2.73186825847303        1.80130344341693       -0.53042564550995
C           -3.06825086889514       -0.54170977077824       -0.12760403105806
C           -2.52898656810840       -1.76294878412018        0.26885856573634
C           -3.56667045440692       -2.68453234775099        0.13990588916968
C           -3.54495542111913       -4.14423703920196        0.42795621660707
N           -4.65529332038442       -2.06648359007150       -0.30133403810230
N           -4.36838993060372       -0.79060560157660       -0.46432739980536
C           -5.42390926329301        0.09943942837208       -0.94626254853516
C           -6.69324213493874       -0.73099860211076       -1.13746960979256
C           -5.68435102281389        1.18924569437573        0.09499716631397
C           -5.00571384871272        0.70158632389070       -2.28885781673444
H            8.44484263324414       -1.54788885095868        1.11916232635390
H            8.38702498619139       -0.14511308692981        2.17586237457204
H            7.36074267258931       -1.54441436124073        2.51533227636954
H            7.93710472979324        1.24033998750750        0.12622412007505
H            7.78485983380826       -0.12519330783271       -0.96880017947859
H            6.45194647231024        1.02212361060275       -0.80014436804439
H            5.16634836376493       -1.17205778622496        1.96390210490108
H            3.51556668059497       -0.89297550972537        0.23376575675411
H            4.53065301757476        0.22809499391893       -0.67686853317597
H            3.29637288859334        0.78549769843921        2.06091598266361
H            4.25782666640829        1.92564180819120        1.11318647439439
H            1.67399898216494        2.80079199412289       -1.31789086661421
H            3.35324743182531        3.01096023205156       -0.82316669243806
H            2.87674554804161        1.57939420408939       -1.72724465095664
H            1.03045276113314        0.77661529464294        1.77957117730452
H           -0.17720993336465        2.08842170348797       -0.73400226984308
H           -0.70502566267611        2.45894986700961        0.91728146419689
H           -1.52677408093400       -1.93920619115866        0.59790523807699
H           -2.55962156568415       -4.43645843129776        0.77993720599491
H           -4.28482187738547       -4.39069498127719        1.18684970987008
H           -3.78745592707237       -4.71007043459538       -0.46937317712346
H           -7.48811201450666       -0.08141132314553       -1.49451101529864
H           -6.52934829184343       -1.52288207315222       -1.86133313033989
H           -6.99991833476578       -1.18603045180933       -0.20107294006077
H           -6.52019716751906        1.80377165183155       -0.22657618060327
H           -4.81329733999762        1.82681340300820        0.21161742188255
H           -5.93212248132117        0.73854318759177        1.05334488890818
H           -4.78710416520889       -0.09057709353489       -3.00131085823640
H           -4.12924487841368        1.33167072976018       -2.17121089368567
H           -5.81672548455447        1.30825141227566       -2.68115880343267
53
 energy: -69.965088111839 gnorm: 0.002568943810 xtb: 6.7.1 (edcfbbe)
C            7.77129044575296       -0.92472548015036        1.72650417177501
C            6.69654037117480       -0.33337097649523        0.86010968082191
C            7.22873695069229        0.50196950472914       -0.26681684676442
C            5.41194782488838       -0.57040500028953        1.09837997122532
C            4.22971497834863       -0.07763370405897        0.32127808451918
C            3.54325244618521        1.09478239521276        1.04828651906543
C            2.30187663056145        1.55485484954646        0.33165814452205
C            2.55322844820987        2.28275936369086       -0.95527882644128
C            1.10020792146271        1.30376109946980        0.84063490361215
C           -0.23038046877993        1.68845554854921        0.27815024917163
O           -1.07317558689723        0.53098948742518        0.27756461309984
C           -2.32381021048436        0.71960341489679       -0.16369473707848
O           -2.72585962707191        1.80305128400105       -0.53068888190126
C           -3.06535839021045       -0.54027049676818       -0.12783226358544
C           -2.52529316699923       -1.76194571439813        0.26918149613730
C           -3.56286559229748       -2.68384003602450        0.14157772526298
C           -3.54541494706775       -4.14326772479715        0.42845508138637
N           -4.65207849591291       -2.06638594542489       -0.29924527203718
N           -4.36421066712183       -0.79115835408129       -0.46261809333826
C           -5.41853423270629        0.09996815143344       -0.94453850736244
C           -6.68630949227369       -0.73310938369761       -1.13476802819768
C           -5.67431540124191        1.19251429865059        0.09590286345937
C           -4.99629831526166        0.70479436550042       -2.28534330585464
H            8.43764645959448       -1.54186575865709        1.12383789824433
H            8.37295535712133       -0.13657939541483        2.17863523841786
H            7.35037274231368       -1.53861748010841        2.51792884837850
H            7.92628080956261        1.24227441767067        0.12343891864959
H            7.77659577792628       -0.12630715469978       -0.96971116512981
H            6.44350311247972        1.02136739724902       -0.80534840441326
H            5.15499118562374       -1.17502182836569        1.95960556555789
H            3.50726036299937       -0.89109641123430        0.22135682551072
H            4.52558440115672        0.23423809492622       -0.67925254744880
H            3.29264944132289        0.77807134124458        2.06171824121065
H            4.25386997381009        1.92158736347600        1.11865368181905
H            1.67221439077461        2.80333679576233       -1.31440913243988
H            3.35198243982030        3.01007822795904       -0.82069784581970
H            2.87095886680704        1.57795462566163       -1.72344985710631
H            1.02341410880307        0.76395533242774        1.77506823908128
H           -0.17301322342355        2.07698440508535       -0.74236840336841
H           -0.70427026498963        2.45759276540430        0.90590995363731
H           -1.52185819853034       -1.93513519179990        0.59724661731437
H           -2.56138203900669       -4.43913962324161        0.78046641920788
H           -4.28706939115773       -4.38737380158391        1.18667479162805
H           -3.78997957912015       -4.70685128137249       -0.47000864217429
H           -7.48819602208697       -0.09271122249899       -1.49241586053608
H           -6.51624586802899       -1.52671939047267       -1.85613049346181
H           -6.98711486644228       -1.18931214528134       -0.19638100027509
H           -6.50949028410894        1.81021902480294       -0.22209709332375
H           -4.80096527266669        1.82724906232622        0.20514040633674
H           -5.91670500990738        0.74648533533878        1.05811756803422
H           -4.77060593642167       -0.08428655701578       -2.99940580312675
H           -4.12183890049721        1.33510360896942       -2.15993494413454
H           -5.80443599668120        1.31312849652691       -2.68160710935935
53
 energy: -69.965133316990 gnorm: 0.001918503394 xtb: 6.7.1 (edcfbbe)
C            7.76398298914327       -0.92097176237101        1.72850497100849
C            6.69000357587340       -0.33404339599762        0.85823269160782
C            7.22190963932325        0.50143398577893       -0.26878331117598
C            5.40545577114249       -0.57400677918840        1.09442443888940
C            4.22504755011088       -0.07844744286946        0.31727704609339
C            3.54111926358640        1.09207956220645        1.04908004399555
C            2.30108131704614        1.55569994938958        0.33364593217636
C            2.55251581585215        2.28577962668941       -0.95209923978306
C            1.09910638567158        1.30163019524207        0.84003480271339
C           -0.22912337739485        1.68542229522674        0.27314914600147
O           -1.07093529968174        0.52826863064439        0.27685103731777
C           -2.32090171406650        0.71798861258423       -0.16318238586895
O           -2.72243316645546        1.80182561507106       -0.53046186093817
C           -3.06225621577358       -0.54087775345002       -0.12701013479016
C           -2.52156648803848       -1.76282031228158        0.27018393972552
C           -3.55870463042849       -2.68471807595975        0.14352094139757
C           -3.54428101360636       -4.14409978689716        0.42964710829527
N           -4.64890520121674       -2.06814426011688       -0.29711913898501
N           -4.36094125744438       -0.79223970558417       -0.46123498170778
C           -5.41427840983395        0.10067697424479       -0.94336474162412
C           -6.68253317170035       -0.73190467644540       -1.13360797337518
C           -5.66815980976068        1.19416429789874        0.09690031505735
C           -4.99039294082984        0.70609286993925       -2.28362859821679
H            8.43396815529047       -1.53780121995386        1.12947410155640
H            8.36160316206854       -0.13001431219298        2.18132059575315
H            7.34231547958213       -1.53435699527864        2.52021765117465
H            7.91816161610551        1.24333955949243        0.12102956856859
H            7.77048385410310       -0.12690583722125       -0.97109581276386
H            6.43675219538453        1.01993834961426       -0.80872671931020
H            5.14709715214865       -1.17867804356691        1.95526112246001
H            3.50099887472072       -0.89008215025174        0.21245828980647
H            4.52186341542283        0.23723734074942       -0.68169360264430
H            3.28993927754488        0.77199899534652        2.06152166647056
H            4.25299523496321        1.91763030554293        1.12347928696515
H            1.67285868224745        2.81036942914911       -1.30914130798145
H            3.35379998217091        3.01047472444363       -0.81804433226773
H            2.86602899552505        1.58070759956505       -1.72195088109925
H            1.02001558978434        0.75867307182927        1.77239477153387
H           -0.16889136594721        2.06731577990719       -0.74963433916022
H           -0.70398487990436        2.45864179429881        0.89499114021067
H           -1.51735456517674       -1.93452345548379        0.59762745299132
H           -2.56150919827109       -4.44437556105407        0.78199411797898
H           -4.28719640526658       -4.38660697365721        1.18733742055564
H           -3.79025371186731       -4.70617658456655       -0.46954536022798
H           -7.48489673566604       -0.09278810242665       -1.49150368811713
H           -6.51216233538210       -1.52574046315460       -1.85472736893540
H           -6.98329362188838       -1.18766916196336       -0.19489944920356
H           -6.50443535990754        1.81152164199893       -0.21929219863017
H           -4.79518248830166        1.82957995745138        0.20298970814833
H           -5.90736897598520        0.75005492454601        1.06101228832053
H           -4.76086268857272       -0.08193984889682       -2.99791365694755
H           -4.11774760214098        1.33815584157263       -2.15647883099109
H           -5.79855134430667        1.31323073041095       -2.68198202962048
53
 energy: -69.965181591965 gnorm: 0.002065038930 xtb: 6.7.1 (edcfbbe)
C            7.75303527574636       -0.91625370793337        1.73172321227064
C            6.68067651259550       -0.33568174959042        0.85540198321344
C            7.21240804039209        0.49953658074158       -0.27168324078770
C            5.39646059595024       -0.57988235738331        1.08775304899224
C            4.21824750068113       -0.07984653948800        0.31096008644712
C            3.53939775184167        1.08825729499694        1.05001377244436
C            2.30167523755586        1.55869471634526        0.33632094954132
C            2.55407490774244        2.29467438279970       -0.94585885921587
C            1.09918201643277        1.30148042650424        0.83866975727793
C           -0.22622445152024        1.68222501304177        0.26435421321539
O           -1.06691600833414        0.52545033802112        0.27687733506258
C           -2.31717712427313        0.71423910342273       -0.16230411527582
O           -2.71867624631468        1.79783168253820       -0.53013559178179
C           -3.05747557626603       -0.54372530221922       -0.12479547364731
C           -2.51622478751184       -1.76584378791673        0.27264118301936
C           -3.55284497226046       -2.68726116940758        0.14674805724905
C           -3.54246142599759       -4.14686596091033        0.43178074562601
N           -4.64436079978147       -2.07152412941223       -0.29377168213985
N           -4.35647186891470       -0.79444517439004       -0.45848167692389
C           -5.40786036009072        0.10155523906338       -0.94125281523516
C           -6.67836414787881       -0.72739952482588       -1.13253354350404
C           -5.66051999835571        1.19535228424938        0.09887374871635
C           -4.98285584967805        0.70594564355079       -2.28155699368623
H            8.42977867229226       -1.53202864197198        1.13928581798722
H            8.34376038532808       -0.12082621467092        2.18595995338270
H            7.32949837770326       -1.52889304651595        2.52331358679060
H            7.90721732622188        1.24333526887661        0.11722774149910
H            7.76185029954391       -0.12859463184923       -0.97347493454017
H            6.42700632470533        1.01659346386420       -0.81305539910071
H            5.13587063410850       -1.18580411698932        1.94690770956342
H            3.49133012863163       -0.88847874345059        0.20048352710998
H            4.51610569789675        0.24044649768332       -0.68612628636003
H            3.28610656413763        0.76261075477032        2.06042728988407
H            4.25450617350398        1.91078280023326        1.13116695158892
H            1.67747359057714        2.82972381236132       -1.29573055535531
H            3.36208391673191        3.01191000266448       -0.81137622923760
H            2.85756414609074        1.59142360858421       -1.72152923221199
H            1.01662023461654        0.75508111878924        1.76844833943519
H           -0.16089579244241        2.05124493176019       -0.76293990447224
H           -0.70352262896909        2.46335966700677        0.87419863405412
H           -1.51130415616543       -1.93647748313162        0.59915313292723
H           -2.56141632954226       -4.45339623275918        0.78479408863099
H           -4.28689264694015       -4.38744665343548        1.18868111046387
H           -3.78993288667526       -4.70702581966336       -0.46827516700341
H           -7.47781088068699       -0.08526320327952       -1.49101021600628
H           -6.51022909709646       -1.52129303047722       -1.85399401632637
H           -6.98184958780296       -1.18171436376521       -0.19408680237689
H           -6.50021766577248        1.80935143048312       -0.21514678566058
H           -4.78961840721673        1.83425222096561        0.20150804638748
H           -5.89497146753585        0.75201256959907        1.06462860743557
H           -4.74842339631464       -0.08227590923193       -2.99422959196439
H           -4.11328420197038        1.34234113549651       -2.15471563122759
H           -5.79312754872353        1.30853550625985       -2.68279823376684
53
 energy: -69.965206375172 gnorm: 0.001662429725 xtb: 6.7.1 (edcfbbe)
C            7.74786542451094       -0.91447921492906        1.73339475587897
C            6.67644455821528       -0.33718204335072        0.85390724973831
C            7.20837548588770        0.49847595377910       -0.27264239117316
C            5.39238030171685       -0.58362970126869        1.08383466488101
C            4.21462932398452       -0.08134366456171        0.30782080758259
C            3.53912913838056        1.08653089542408        1.05021148439256
C            2.30293450483219        1.56142916291127        0.33723684779737
C            2.55683075180780        2.30198256457189       -0.94201989035865
C            1.09982554755979        1.30277209146173        0.83699231023305
C           -0.22442974259050        1.68169533834387        0.25879094773939
O           -1.06524159771054        0.52518265133766        0.27651238492848
C           -2.31633486241944        0.71256697516861       -0.16191025182423
O           -2.71784585839904        1.79565649586724       -0.53084041226023
C           -3.05600183723981       -0.54567109151967       -0.12336861996443
C           -2.51499393662755       -1.76786447357152        0.27389832189714
C           -3.55198088702243       -2.68874449595181        0.14793540092760
C           -3.54251003521700       -4.14854824910709        0.43272359311290
N           -4.64338626391645       -2.07245649284483       -0.29255368710236
N           -4.35500970369117       -0.79561515575018       -0.45713628460251
C           -5.40509922321274        0.10153133673963       -0.94010923521952
C           -6.67681747253457       -0.72530222131313       -1.13182016457550
C           -5.65711318112511        1.19508642167690        0.10027470886279
C           -4.97945105592534        0.70474069239203       -2.28063123314733
H            8.42839023495342       -1.52862143987056        1.14378660861109
H            8.33471971462136       -0.11683800374230        2.18875403493940
H            7.32339370436590       -1.52745085666416        2.52414805884715
H            7.90255104606102        1.24271244784863        0.11635592884739
H            7.75853524511851       -0.12940931559461       -0.97406881514458
H            6.42276339451903        1.01464450662108       -0.81444614284329
H            5.13097779493794       -1.18998613922735        1.94234371001703
H            3.48616945246199       -0.88837076815938        0.19654930588493
H            4.51232726827847        0.24038006802210       -0.68878639659841
H            3.28452278092166        0.75828123637304        2.05938480689277
H            4.25666283817392        1.90663732270760        1.13400113202186
H            1.68281750668927        2.84536570879024       -1.28565608531386
H            3.37047006312306        3.01256260874939       -0.80609457059852
H            2.85276458734963        1.60104067483918       -1.72270153306579
H            1.01536081452724        0.75441426541264        1.76538246491697
H           -0.15659010015115        2.04406541300963       -0.77081945953968
H           -0.70286455060129        2.46691875090505        0.86232942334136
H           -1.51018693878091       -1.93886892977256        0.60021666150014
H           -2.56170282327016       -4.45573769478877        0.78588557018831
H           -4.28713529755366       -4.38879644670143        1.18942833284361
H           -3.79002679051193       -4.70836223116388       -0.46744583063891
H           -7.47427020440480       -0.08064447197624       -1.49069045917407
H           -6.51018118686977       -1.51932619721178       -1.85339048974937
H           -6.98197866788031       -1.17894590857930       -0.19366593073031
H           -6.49863987166482        1.80727989615410       -0.21226041346468
H           -4.78710524924790        1.83567162873317        0.20143799767823
H           -5.88904312665374        0.75108135128064        1.06623718436875
H           -4.74297238863194       -0.08443175790951       -2.99144595724852
H           -4.11116010597538        1.34320852798183       -2.15422732498452
H           -5.79076852317354        1.30471197843258       -2.68360346714040
53
 energy: -69.965250554668 gnorm: 0.002336174298 xtb: 6.7.1 (edcfbbe)
C            7.72900324920807       -0.90916044073648        1.73930552347130
C            6.66076555912474       -0.34223677686832        0.84957838234335
C            7.19372917010943        0.49475721768860       -0.27532430247241
C            5.37712515015262       -0.59731254868471        1.07043787517518
C            4.20043880608985       -0.08837539322998        0.29707440542656
C            3.53873510624792        1.08049799498177        1.05088757496870
C            2.30874472123553        1.57230831098892        0.33969282681514
C            2.56950663923128        2.33396854504621       -0.92619564407374
C            1.10259942816108        1.30669105001073        0.82776089079853
C           -0.21719356729729        1.68020685239714        0.23554427151222
O           -1.05869449032763        0.52450969686001        0.27258464109315
C           -2.31272377048954        0.70667935216642       -0.16327112017647
O           -2.71483165417597        1.78811892054738       -0.53530939020479
C           -3.05085568979869       -0.55247532523542       -0.11837168355516
C           -2.51194679612084       -1.77522085297308        0.27867638333165
C           -3.55098236050968       -2.69404572125656        0.15219041476734
C           -3.54319098960698       -4.15445347866906        0.43639500702528
N           -4.64116985275855       -2.07509646368302       -0.28814243635323
N           -4.35031987704778       -0.79947077162652       -0.45182046667184
C           -5.39596455445411        0.10110038406424       -0.93551139821017
C           -6.67197951995243       -0.71871611106958       -1.12864428943623
C           -5.64542291828550        1.19374740129974        0.10615478775244
C           -4.96797324370499        0.69925212587685       -2.27739600328423
H            8.42402179245251       -1.51524839829633        1.15858189353557
H            8.30068184024525       -0.10380136785000        2.20066233715123
H            7.30180542216451       -1.52559580562596        2.52560452733200
H            7.88524896509715        1.24058306674678        0.11463072343916
H            7.74704321660120       -0.13218802377899       -0.97518123671559
H            6.40756898913556        1.00759553894779       -0.81906280223863
H            5.11351093974150       -1.20784280931879        1.92508312592405
H            3.46593782026585       -0.88942320884625        0.18539954794369
H            4.49626013308336        0.23682995031060       -0.69879260749065
H            3.27899048645433        0.74385431593570        2.05569787053345
H            4.26634686264753        1.89059209756004        1.14329538055354
H            1.70759138500015        2.91478531870073       -1.24213534122976
H            3.40843808690425        3.01440287551063       -0.78384652157370
H            2.83148809608934        1.64341919850377       -1.72916970156410
H            1.01064613703835        0.74922801462931        1.74994008991710
H           -0.13994708730594        2.01801987178491       -0.80242223284220
H           -0.69914331502411        2.48027899146411        0.81640667289661
H           -1.50779826758324       -1.94893094218760        0.60465276815466
H           -2.56261717726222       -4.46171959611456        0.78995453935861
H           -4.28815815464410       -4.39444619483428        1.19253430817395
H           -3.79027073530962       -4.71379630119264       -0.46394736653034
H           -7.46327471982927       -0.06641866585002       -1.48893522409658
H           -6.51029248133195       -1.51353724710783       -1.85034405247431
H           -6.98255920549934       -1.17000930811134       -0.19125203908916
H           -6.49312891525769        1.80046513472193       -0.19992466923378
H           -4.77837043611999        1.83969894103507        0.20188388046989
H           -5.86760843599646        0.74692488531907        1.07293624299411
H           -4.72363661741591       -0.09389640302464       -2.98086564802023
H           -4.10415453870665        1.34458263897074       -2.15248095596738
H           -5.78201863067093        1.29031946410817       -2.68776010694527
53
 energy: -69.965266677549 gnorm: 0.001510538250 xtb: 6.7.1 (edcfbbe)
C            7.72903416170538       -0.91020225299122        1.73893496945733
C            6.66059865085290       -0.34295875005236        0.84969774433951
C            7.19351014590031        0.49519263286006       -0.27445533622856
C            5.37699895411986       -0.59831489145265        1.07057135733100
C            4.19996707895040       -0.08917510138545        0.29788533918715
C            3.53911528485652        1.08087334190786        1.05093424819678
C            2.30958435099962        1.57340280404573        0.33960956480885
C            2.57089317273573        2.33724328897506       -0.92472910227233
C            1.10304889709481        1.30567208174266        0.82565826514073
C           -0.21643418736334        1.67976278302008        0.23336771709530
O           -1.05839999509270        0.52432658404475        0.27008280473617
C           -2.31266966050097        0.70704179395235       -0.16429536879644
O           -2.71485194738765        1.78841892538828       -0.53657839883181
C           -3.05113206115788       -0.55208130904192       -0.11873283316291
C           -2.51250204646287       -1.77492054253984        0.27832525561023
C           -3.55184689958445       -2.69376014833120        0.15223553680108
C           -3.54315962287790       -4.15402518394243        0.43679958874605
N           -4.64175145262331       -2.07467887560934       -0.28798632732928
N           -4.35067813699676       -0.79927940937503       -0.45209816668594
C           -5.39677735088960        0.10080248214857       -0.93555472996235
C           -6.67255868697363       -0.71957281752116       -1.12796186515447
C           -5.64573175591254        1.19367772847667        0.10615634582802
C           -4.96894940838023        0.69891249371092       -2.27759058756494
H            8.42446587372332       -1.51463227847201        1.15717921626455
H            8.29997232812790       -0.10522810727623        2.20168303945830
H            7.30243061449359       -1.52843352459280        2.52415009185860
H            7.88459803384234        1.24109711859094        0.11620357821666
H            7.74733719983806       -0.13125829097320       -0.97434354269618
H            6.40736801026319        1.00798771711419       -0.81827180751641
H            5.11387135186468       -1.20895332999458        1.92535956482261
H            3.46499718816267       -0.88994396687646        0.18772506014366
H            4.49488498222859        0.23493729446823       -0.69864773153872
H            3.27921685282559        0.74513215708356        2.05593083959801
H            4.26736994200959        1.89023001977038        1.14260785845456
H            1.71080093281256        2.92108171923789       -1.23758264207029
H            3.41177207151422        3.01439492671564       -0.78275699902845
H            2.82919425904145        1.64855359222484       -1.72977622051811
H            1.01066707688204        0.74595843236588        1.74645559836950
H           -0.13917577160511        2.01831570410128       -0.80397870956829
H           -0.69794686997739        2.47917106335543        0.81490731224338
H           -1.50845523233181       -1.94912577331230        0.60453036852338
H           -2.56227465694792       -4.46019948555977        0.79021884312961
H           -4.28789760667478       -4.39447004901029        1.19308620815489
H           -3.79001879433717       -4.71383493561255       -0.46337424097618
H           -7.46473585080591       -0.06848874337906       -1.48808445621528
H           -6.51040344260699       -1.51454089383872       -1.84941822647176
H           -6.98223558620596       -1.17092933860296       -0.19026102147070
H           -6.49295137462544        1.80122586941948       -0.19940492833328
H           -4.77818161656434        1.83881632055812        0.20167682676001
H           -5.86784862132955        0.74699495978323        1.07302290472354
H           -4.72484541240088       -0.09433866159020       -2.98098369475573
H           -4.10487099935218        1.34362773044242       -2.15255794965261
H           -5.78241236688211        1.29049509583465       -2.68813150878992
53
 energy: -69.965332367977 gnorm: 0.002886281764 xtb: 6.7.1 (edcfbbe)
C            7.72769919976687       -0.91846224881559        1.73600952208869
C            6.65725428161459       -0.34762279977196        0.85166997338249
C            7.18907286361824        0.49802712628820       -0.26788763085980
C            5.37395728717149       -0.60585509581329        1.07245414489432
C            4.19456773133281       -0.09621340241745        0.30392839007464
C            3.54276613671479        1.08321789937956        1.05219997403147
C            2.31721949964506        1.58121305073494        0.33870444705564
C            2.58227741911419        2.36729895398227       -0.91130024921436
C            1.10746768943882        1.29590191836269        0.80770973599264
C           -0.20906695591388        1.67484402016534        0.21276519844709
O           -1.05492585736821        0.52164697116414        0.24916250889606
C           -2.31068696270452        0.70821572359595       -0.17541009560098
O           -2.71439897261388        1.78976583905130       -0.54652820625784
C           -3.05230483109084       -0.54982574570056       -0.12213489947660
C           -2.51542657179558       -1.77274507443333        0.27624590972695
C           -3.55659038157738       -2.69179759065399        0.15366135640736
C           -3.54182777375911       -4.15101191388970        0.44101861879048
N           -4.64514729042696       -2.07245463118582       -0.28581067836615
N           -4.35299512992744       -0.79812154468118       -0.45310137069738
C           -5.40225592857045        0.09887463652524       -0.93506957038582
C           -6.67615095922700       -0.72593896278904       -1.12215914356809
C           -5.64758189420903        1.19344824765767        0.10653356236307
C           -4.97639499188903        0.69611916022031       -2.27860811069033
H            8.42842260704790       -1.50875480650263        1.14652793282614
H            8.29108079117255       -0.11581223511496        2.21140783275512
H            7.30523882113873       -1.55173748064862        2.51179462799114
H            7.87591979445167        1.24534918587953        0.12800714959490
H            7.74759786883115       -0.12388268251162       -0.96819415331053
H            6.40235988718482        1.00963147567199       -0.81215694366728
H            5.11441248359917       -1.22110998909943        1.92543733348921
H            3.45522798551075       -0.89432182386126        0.20507871967343
H            4.48302924602169        0.21955476798632       -0.69765268276280
H            3.28120707941664        0.75407307127911        2.05873036101922
H            4.27717360621418        1.88647210065250        1.13889431073875
H            1.73674265749044        2.98522936971601       -1.19270370975396
H            3.44675618957630        3.01209834933332       -0.76992509030193
H            2.80257266020068        1.69161746891432       -1.73745868884417
H            1.01081753426649        0.71837418427374        1.71725851361899
H           -0.12911696145728        2.01422643498985       -0.82266963470167
H           -0.68800544588302        2.47343459721330        0.79570083576689
H           -1.51183482152762       -1.95013211403429        0.60327779194504
H           -2.55897222742482       -4.45024738443949        0.79383633829926
H           -4.28505510697218       -4.39439217293512        1.19827452424529
H           -3.78689099983713       -4.71421334594092       -0.45793554178909
H           -7.47381547293371       -0.08204756819859       -1.48107450572966
H           -6.51156832639903       -1.52215882898312       -1.84196449641730
H           -6.97982820254563       -1.17729322349874       -0.18220825694915
H           -6.49206465497228        1.80567619973803       -0.19639617579491
H           -4.77688404964766        1.83374997848998        0.19997652066621
H           -5.86915428220332        0.74792694618226        1.07419516069755
H           -4.73381468626820       -0.09792129950369       -2.98164238137152
H           -4.11089633095852        1.33776536609762       -2.15332905490934
H           -5.78718525044287        1.29032092188491       -2.68970037164876
53
 energy: -69.965367711753 gnorm: 0.003154845872 xtb: 6.7.1 (edcfbbe)
C            7.72434470124742       -0.92275234271488        1.73475901656025
C            6.65289442589964       -0.35141199385177        0.85187667966937
C            7.18327409783225        0.49904073429874       -0.26471302219367
C            5.36994977132133       -0.61238280931703        1.07171600461672
C            4.18974820031058       -0.10030480009088        0.30602322621499
C            3.54509357541131        1.08359080006584        1.05399201896379
C            2.32225940522224        1.58697268001966        0.33981409588688
C            2.58939990582525        2.38810075269086       -0.90083993177414
C            1.11073394928119        1.29062763315306        0.79759928624269
C           -0.20326048541674        1.67050780118360        0.19719642402302
O           -1.05159505923028        0.51905847911046        0.23704564836242
C           -2.30898345487434        0.70720809732814       -0.18138637082310
O           -2.71352428251531        1.78887144530742       -0.55133857619728
C           -3.05171853809472       -0.55018351526850       -0.12390557367724
C           -2.51476357679510       -1.77262384300825        0.27540814796047
C           -3.55643503586072       -2.69167696301295        0.15557867775538
C           -3.54018721106924       -4.15047530331955        0.44461414756901
N           -4.64524633346535       -2.07268937999834       -0.28327824861214
N           -4.35300615664617       -0.79864497379621       -0.45287908540459
C           -5.40324240160294        0.09776504910426       -0.93410243797122
C           -6.67718354163111       -0.72751229971754       -1.11848373676507
C           -5.64689872132434        1.19319200940405        0.10697067962014
C           -4.97947156647411        0.69401349350215       -2.27873308849635
H            8.43053550776039       -1.50416429390960        1.14270459034698
H            8.28138203865183       -0.12024451460598        2.21827090357654
H            7.30346437374353       -1.56456382640441        2.50449648701890
H            7.86692392457818        1.24780572246754        0.13405571061596
H            7.74506994301395       -0.11918588105074       -0.96567190163938
H            6.39541169553302        1.00905917841326       -0.80882231288237
H            5.11160701573203       -1.23081912015189        1.92279364933358
H            3.44691596265066       -0.89571778555333        0.21181726084236
H            4.47515064169805        0.21225901859069       -0.69760966440304
H            3.28200178327745        0.75622630560896        2.06076705817008
H            4.28428134484658        1.88254420843264        1.14002343171135
H            1.75374115547303        3.03221315640362       -1.15921109575735
H            3.47202986950970        3.00977065753031       -0.76042916094206
H            2.78100686476608        1.72057488287272       -1.74267903506199
H            1.01028278524531        0.70263210162545        1.70010983032033
H           -0.11900014826646        2.00457782265551       -0.84005131103043
H           -0.68216431625162        2.47327416992443        0.77526908987630
H           -1.51108409631875       -1.95061002507482        0.60183570532993
H           -2.55687164931340       -4.44797669179268        0.79753090651247
H           -4.28295679449385       -4.39415340201027        1.20223717756878
H           -3.78460160768302       -4.71503150321176       -0.45370729395711
H           -7.47574425076007       -0.08436754323082       -1.47683990335180
H           -6.51324749876768       -1.52440820631205       -1.83768297824902
H           -6.97917751626098       -1.17816317150630       -0.17765193928914
H           -6.49136940366026        1.80576031766504       -0.19539478405846
H           -4.77558989860330        1.83289450013353        0.19874850278921
H           -5.86758951073271        0.74844439449008        1.07521838401179
H           -4.73742335808278       -0.10060899858051       -2.98133121846163
H           -4.11414387821534        1.33614106767813       -2.15491629327067
H           -5.79102264642730        1.28754670783728       -2.68937412479174
53
 energy: -69.965409280500 gnorm: 0.005385064511 xtb: 6.7.1 (edcfbbe)
C            7.72061150971692       -0.93358147551670        1.73016826738995
C            6.64615377683123       -0.35788358922179        0.85346113660611
C            7.17228844597903        0.50214766372844       -0.25756844377814
C            5.36396319196456       -0.62259498041174        1.07347991772013
C            4.18223919487519       -0.10597634126989        0.31290381790464
C            3.55048452993098        1.08602991523651        1.05946335752475
C            2.33175484421973        1.59665348729670        0.34335245445395
C            2.60081955667231        2.42430838136754       -0.88069588166277
C            1.11754953892903        1.27801751025905        0.77921687424087
C           -0.19142216575590        1.66027322504958        0.16778124431166
O           -1.04514692109122        0.51296406693951        0.21164753649710
C           -2.30555354743324        0.70517167824057       -0.19533913868039
O           -2.71206144444353        1.78803788185904       -0.55948175697115
C           -3.05081298488461       -0.55047370364909       -0.13003791117473
C           -2.51210302055346       -1.77111824317378        0.27192305393534
C           -3.55377654902662       -2.69064738494947        0.15895318759053
C           -3.53587451288768       -4.14860307013757        0.45207372318181
N           -4.64453603420136       -2.07354268703848       -0.27828035848407
N           -4.35340519817314       -0.79953810328686       -0.45305750770449
C           -5.40608659527174        0.09565334243595       -0.93249697419174
C           -6.67978279648829       -0.73096450724354       -1.11113625167107
C           -5.64719148647916        1.19298712309115        0.10671470304253
C           -4.98837418601720        0.69066835650470       -2.27937002256939
H            8.43557812517858       -1.49786053351440        1.13121797421156
H            8.26753845325302       -0.13317016088927        2.22952161850680
H            7.30339426001674       -1.59227631658294        2.48781994317257
H            7.84906337534586        1.25407675760812        0.14700614514786
H            7.74077690203374       -0.10735590376525       -0.96084550561047
H            6.38125665067066        1.00880251397832       -0.80021861085119
H            5.10804321309238       -1.24912470852704        1.91929024412709
H            3.43320246335150       -0.89656921078555        0.22673151464578
H            4.46276152202679        0.20045573164316       -0.69430740851483
H            3.28513317558496        0.76297331961169        2.06735885831113
H            4.29756095673208        1.87831409409758        1.14330565581641
H            1.78354900345375        3.11274378061365       -1.09637066415850
H            3.51433997766618        3.00475582672380       -0.74626582229488
H            2.73963895980762        1.77289268098290       -1.74936810845037
H            1.01005447387616        0.67168627434188        1.66863528073255
H           -0.09753027309587        1.98527205440074       -0.87309575089772
H           -0.67068481027696        2.47170627446379        0.73651207196712
H           -1.50752098060297       -1.94819511347409        0.59554711028070
H           -2.55210435648807       -4.44427188245656        0.80558218714411
H           -4.27794752598110       -4.39132194736627        1.21054163193850
H           -3.77942329603940       -4.71582881382634       -0.44473209403471
H           -7.47962730475082       -0.08798738301579       -1.46786264849047
H           -6.51815483818415       -1.52896931458678       -1.82952771851272
H           -6.97846559844828       -1.18008635288493       -0.16864204012926
H           -6.49101840634058        1.80580748324366       -0.19758748141031
H           -4.77473963555500        1.83170469967055        0.19659357651578
H           -5.86883987966303        0.75065093322000        1.07583784954784
H           -4.75010683646560       -0.10407184677704       -2.98323559271173
H           -4.12262855352842        1.33353897242445       -2.16000640577459
H           -5.80283636308934        1.28371954532523       -2.68567118532666
53
 energy: -69.965451181653 gnorm: 0.002704898837 xtb: 6.7.1 (edcfbbe)
C            7.72351127271404       -0.93794860821322        1.72700047229937
C            6.64752675070078       -0.35843900163089        0.85442350118062
C            7.17158168204570        0.50413810009892       -0.25529914823200
C            5.36549319747578       -0.62189070355770        1.07666515749332
C            4.18359542212484       -0.10398977719408        0.31696096374035
C            3.55196683830851        1.08826364359247        1.06233943701554
C            2.33244692607359        1.59650650801954        0.34540761384801
C            2.59949485900179        2.42403095476107       -0.87864249731117
C            1.11881643841887        1.27438554163974        0.77850702952827
C           -0.18947681775107        1.65707388295924        0.16508175630767
O           -1.04438396404009        0.51097984907718        0.20648752663481
C           -2.30536087817681        0.70499277297028       -0.19858210816259
O           -2.71203894109030        1.78881988177714       -0.55936953862688
C           -3.05096378339722       -0.55011861500898       -0.13370540481077
C           -2.51027229362221       -1.76975444950455        0.26901623102891
C           -3.55103338588091       -2.68973325395626        0.15884124333393
C           -3.53430377895650       -4.14749445642293        0.45351020284976
N           -4.64359285336560       -2.07405854792402       -0.27751647198416
N           -4.35377698223904       -0.79960738212256       -0.45417115113002
C           -5.40744596779995        0.09536093219910       -0.93280271676435
C           -6.68104152027041       -0.73152703146183       -1.10986245615433
C           -5.64890674041697        1.19320022008438        0.10535092171041
C           -4.99291775223008        0.69103346413097       -2.28010806448293
H            8.43726368826931       -1.50048585133923        1.12509201203379
H            8.27189736105514       -0.13993547736508        2.22839424928347
H            7.30724597703325       -1.59892443112831        2.48275174547384
H            7.84679014698280        1.25673062144408        0.15051664416329
H            7.74123086423334       -0.10231702728622       -0.96017077657691
H            6.37917325401379        1.01024067667725       -0.79640361813045
H            5.10994353077599       -1.25021206376025        1.92103454073669
H            3.43433832198129       -0.89432041560757        0.23053574056446
H            4.46454787763039        0.20193716308661       -0.69021238111032
H            3.28720942456683        0.76654108517406        2.07104723139950
H            4.29836630359298        1.88166331927856        1.14504168891434
H            1.78250916379367        3.10865160923957       -1.09329301407055
H            3.51037148145437        3.00568532191445       -0.74809153605989
H            2.73817446404775        1.77441703479874       -1.74542802668403
H            1.01089240124170        0.66765283887342        1.66687564712138
H           -0.09336037741855        1.98275764497470       -0.87620597980575
H           -0.66918149879625        2.46975496645179        0.73324538201282
H           -1.50478759870697       -1.94456167831195        0.59054114836837
H           -2.55091251954949       -4.44459633404980        0.80740502148954
H           -4.27643498458169       -4.38832870374553        1.21233718482926
H           -3.77834058804684       -4.71516613776767       -0.44271874319264
H           -7.48072849743024       -0.08733518462914       -1.46567927163431
H           -6.52084960167205       -1.52947356452268       -1.82851636166519
H           -6.97901389765480       -1.18034918981021       -0.16713278764186
H           -6.49188944973425        1.80588478708587       -0.20223832219620
H           -4.77620695684219        1.83180488926336        0.19644540750708
H           -5.87349767098761        0.75214463246186        1.07434566567077
H           -4.75832784109699       -0.10275862409136       -2.98635589735105
H           -4.12618236212222        1.33355871261208       -2.16319765629523
H           -5.80915814366684        1.28511545577276       -2.68205778405721
53
 energy: -69.965487428738 gnorm: 0.002614965243 xtb: 6.7.1 (edcfbbe)
C            7.72253028282695       -0.94709064758837        1.72159525266297
C            6.64451219626702       -0.36272170965106        0.85476800682866
C            7.16471526659993        0.50823382844607       -0.25000683080493
C            5.36302456288569       -0.62706666788290        1.07854610465939
C            4.18070512252086       -0.10336588541531        0.32304035139676
C            3.55487081806340        1.09117138806906        1.06887415308342
C            2.33698116820745        1.60109743066656        0.35038513228800
C            2.60351808733187        2.44032127204015       -0.86587209865039
C            1.12231316665301        1.26629143226303        0.77001355665182
C           -0.18149583084272        1.64870649430803        0.14623859638921
O           -1.03987476198742        0.50639871124259        0.18914080503965
C           -2.30354717810722        0.70398473027223       -0.20737741790177
O           -2.71038591331832        1.78913523454503       -0.56346397290508
C           -3.04977224253097       -0.55033849733277       -0.14036208247946
C           -2.50651194613608       -1.76876936111119        0.26348530144591
C           -3.54699026845528       -2.68889500290761        0.16018460475147
C           -3.53187233613369       -4.14608289461797        0.45869885945041
N           -4.64221725348290       -2.07488521275444       -0.27373867882449
N           -4.35338095763488       -0.80050010674927       -0.45508414541673
C           -5.40843056611752        0.09399167229429       -0.93189860068332
C           -6.68264232384940       -0.73283899285955       -1.10475646781824
C           -5.64854166400694        1.19322573266120        0.10480637199676
C           -4.99904853120867        0.68944628461728       -2.28068348100230
H            8.43873624354716       -1.50042876490218        1.11440712800497
H            8.26770385009992       -0.15218194881880        2.23131953563757
H            7.30846334725219       -1.61731617352801        2.47018248077196
H            7.83501705802283        1.26301330539630        0.15996235756365
H            7.73859240622647       -0.09115334127615       -0.95743329604825
H            6.36968540930416        1.01210863112325       -0.78925281904489
H            5.10823251341724       -1.25960006124358        1.91977247668818
H            3.42792086431043       -0.89041123602120        0.23823207048719
H            4.46002248393162        0.20151867054603       -0.68484012245148
H            3.28915004413859        0.77116171178868        2.07790268325526
H            4.30373840934409        1.88231951381434        1.15103113436932
H            1.79572766547729        3.14210002602483       -1.05852955243752
H            3.52656145722593        3.00346893812149       -0.74127286483812
H            2.71673390144727        1.80028089251095       -1.74304800982523
H            1.00911403843249        0.65005557559645        1.65105566817438
H           -0.07695632436723        1.96781478168321       -0.89667488451142
H           -0.66228161981916        2.46734432935724        0.70527715204194
H           -1.49926189888379       -1.94067601029064        0.58072769251144
H           -2.54888429916114       -4.44442341331402        0.81334975309002
H           -4.27420293263374       -4.38338082274496        1.21825940046553
H           -3.77670287588345       -4.71545265261814       -0.43608685219896
H           -7.48257259809309       -0.08774663104751       -1.45891699679983
H           -6.52530440652074       -1.53124117242994       -1.82345786524736
H           -6.97873189943171       -1.18054511890424       -0.16099941293546
H           -6.49073075597407        1.80606857816660       -0.20512711239481
H           -4.77538692902174        1.83144597141112        0.19605938679187
H           -5.87501865922034        0.75435082677120        1.07427829055749
H           -4.76878472955786       -0.10379136342562       -2.98895049196671
H           -4.13140484808712        1.33197865917543       -2.16850534698284
H           -5.81763381307469        1.28386906653036       -2.67781525047679
53
 energy: -69.965529270070 gnorm: 0.002938292339 xtb: 6.7.1 (edcfbbe)
C            7.71921395605588       -0.95828758831803        1.71428279112327
C            6.63931344403389       -0.36718388179581        0.85469857029643
C            7.15569839871594        0.51432871788441       -0.24345473718414
C            5.35838582224235       -0.63310495712355        1.07939538217140
C            4.17579800000727       -0.10171397927959        0.32950755587709
C            3.55663101294531        1.09392381548043        1.07862435186446
C            2.34167692091590        1.60654257827190        0.35775100553573
C            2.60891432405012        2.46119586479139       -0.84797393997937
C            1.12516440507328        1.25738089231764        0.75963013810126
C           -0.17131876147922        1.63818913393626        0.11954539678067
O           -1.03373551046274        0.50082929471606        0.16655241543411
C           -2.30043497484178        0.70223449897668       -0.22030266148569
O           -2.70720538320630        1.78911075844017       -0.57051946900903
C           -3.04734160499694       -0.55124677650556       -0.14923347468461
C           -2.50210192995529       -1.76899956017458        0.25554045534822
C           -3.54339634591258       -2.68842818734255        0.16153712315670
C           -3.53070070484857       -4.14477628554978        0.46522132745498
N           -4.64126337836889       -2.07516019668805       -0.26830490627412
N           -4.35251904829909       -0.80155826662855       -0.45533821671272
C           -5.40846299709428        0.09255416716457       -0.92990318084191
C           -6.68382722042574       -0.73375701219540       -1.09784688810680
C           -5.64560535858411        1.19336655681285        0.10587622307795
C           -5.00376658323729        0.68681534860973       -2.28062170734242
H            8.43769721319391       -1.50077462395642        1.10067647719968
H            8.26084846440809       -0.16760197663518        2.23390625850778
H            7.30743477628697       -1.63942333124115        2.45414296856315
H            7.81972902972646        1.27148577283952        0.17243064347139
H            7.73509654794958       -0.07649437335477       -0.95356574132134
H            6.35815320093281        1.01574972464654       -0.78109994466076
H            5.10421624021489       -1.27226101249187        1.91570018301313
H            3.41893077345968       -0.88461945743825        0.24488445081912
H            4.45318150125603        0.20450471928798       -0.67841156206372
H            3.28885375893414        0.77370091186664        2.08683645313230
H            4.30816176119069        1.88198525128015        1.16206700764410
H            1.81414490418499        3.18568608868893       -1.01205626280317
H            3.54747302626168        3.00003166889551       -0.72993069499042
H            2.68937972225653        1.83481172650218       -1.73881469257641
H            1.00395746391981        0.63071182080153        1.63209282581647
H           -0.05329482518325        1.94453525586087       -0.92553887157267
H           -0.65400242039360        2.46576372824106        0.66237156111630
H           -1.49241071417059       -1.93825679053204        0.56648245938117
H           -2.54828331395093       -4.44437531652344        0.82078794128961
H           -4.27354098892559       -4.37707900926540        1.22572482042198
H           -3.77698368165506       -4.71662831600106       -0.42750856647982
H           -7.48434577988530       -0.08845738749055       -1.44999169994560
H           -6.52965628203563       -1.53290685508510       -1.81647287257814
H           -6.97731187574891       -1.18019990555560       -0.15267995631650
H           -6.48696865719195        1.80716280480038       -0.20428002409165
H           -4.77146122429242        1.83051908000704        0.19628176148462
H           -5.87226615719234        0.75634310672163        1.07608769448473
H           -4.77719641944441       -0.10663481290006       -2.98975144116023
H           -4.13507578690560        1.32888607053042       -2.17315524565352
H           -5.82357673953629        1.28158050170803       -2.67443983232409
53
 energy: -69.965574413124 gnorm: 0.002799423668 xtb: 6.7.1 (edcfbbe)
C            7.71559459036900       -0.96995588284448        1.70541803437308
C            6.63415130504282       -0.37036446226627        0.85402646226515
C            7.14790243599012        0.52241201593203       -0.23636966223000
C            5.35357503840780       -0.63758176177139        1.07916515585889
C            4.17074267762525       -0.09808684183411        0.33565084746503
C            3.55590214146780        1.09608212353521        1.09067243994007
C            2.34455573811003        1.61144593015144        0.36668177030360
C            2.61351485915690        2.47970177445546       -0.82911587988170
C            1.12593746414305        1.25072707215881        0.75080190018386
C           -0.16154969739569        1.62793249069843        0.09070940710387
O           -1.02761255310446        0.49527392888964        0.14348470740343
C           -2.29705108107184        0.69983071127071       -0.23448159072171
O           -2.70337946084862        1.78813871691163       -0.58006098890485
C           -3.04424399973660       -0.55304457552708       -0.15897125655502
C           -2.49829672909254       -1.77099802268683        0.24569449742308
C           -3.54178755355901       -2.68862386805862        0.16213035328980
C           -3.53176948054440       -4.14388295818866        0.47152934954594
N           -4.64158461172269       -2.07460818388378       -0.26222157581152
N           -4.35168818690611       -0.80249435197549       -0.45522123043523
C           -5.40785556926302        0.09168949029282       -0.92734027863582
C           -6.68478151268636       -0.73347721990059       -1.09061677800631
C           -5.64063897307331        1.19365934163197        0.10855869660138
C           -5.00622508855473        0.68399995180619       -2.27995891169083
H            8.43417679369064       -1.50340621682767        1.08475996649168
H            8.25601611450152       -0.18478056364555        2.23404744269362
H            7.30554602871832       -1.66070955556701        2.43716471563298
H            7.80557597275394        1.28117748373642        0.18675284535611
H            7.73315114215440       -0.05968782942999       -0.94884378346557
H            6.34874620800755        1.02224271852177       -0.77294420707465
H            5.10001865670860       -1.28421261046742        1.90991395511666
H            3.41099530034379       -0.87766219242843        0.24862259868338
H            4.44648675225766        0.21268746698929       -0.67129178275678
H            3.28511198448558        0.77255164830621        2.09677889778026
H            4.30904472077506        1.88158885958575        1.17810477990728
H            1.83235233382625        3.22350987825121       -0.96672447284800
H            3.56481692505755        2.99623223385447       -0.71740725039557
H            2.66467461716660        1.86832416402337       -1.73148403254845
H            0.99580940424621        0.61592187891864        1.61587359141547
H           -0.02681291545634        1.91718672514412       -0.95680825497810
H           -0.64706335727915        2.46587312046609        0.61278524072200
H           -1.48607393744021       -1.93911612709019        0.54927101683681
H           -2.54994797340446       -4.44434361437477        0.82791920852494
H           -4.27518293908374       -4.37076311438404        1.23311930496882
H           -3.77991070417629       -4.71877656629714       -0.41877097737167
H           -7.48604242974430       -0.08838181443380       -1.44060513062832
H           -6.53348603850241       -1.53337853444544       -1.80917765690520
H           -6.97538455398022       -1.17903193612517       -0.14406383357856
H           -6.48110660562056        1.80950179233458       -0.19940036701748
H           -4.76481764414321        1.82879538008603        0.19733121162326
H           -5.86581579893552        0.75729564162635        1.07942697881761
H           -4.78241133573530       -0.11070283478661       -2.98851129620388
H           -4.13621581789202        1.32475212287193       -2.17595159689481
H           -5.82566265606233        1.27953697679874       -2.67261292837907
53
 energy: -69.965607150503 gnorm: 0.004296598666 xtb: 6.7.1 (edcfbbe)
C            7.71220790896765       -0.98466212770494        1.69431465394189
C            6.62853698524659       -0.37350085913858        0.85380836841801
C            7.14001444791284        0.53307577196987       -0.22651799601814
C            5.34828786722796       -0.64254188416804        1.07909238306560
C            4.16443009308348       -0.09496071227844        0.34356435160161
C            3.55449197385145        1.09814674373393        1.10523975798122
C            2.34862140237455        1.61851472372197        0.37661706854173
C            2.62108709429057        2.50612541089201       -0.80512256178625
C            1.12693300249979        1.24258072892381        0.73770573556155
C           -0.14959717808679        1.61582920002983        0.05375455431332
O           -1.02049283261564        0.48793009808798        0.11382431649146
C           -2.29271117357588        0.69573185269339       -0.25361650015104
O           -2.69964739421447        1.78516283974044       -0.59472223316531
C           -3.04115361018348       -0.55596013967890       -0.17023835115142
C           -2.49562936011327       -1.77417048608773        0.23439524712491
C           -3.54252484028116       -2.68924986779172        0.16303631686978
C           -3.53350922271125       -4.14295313627669        0.47917597534599
N           -4.64365796622125       -2.07364167670379       -0.25476130118394
N           -4.35186935041975       -0.80339909478041       -0.45490905611789
C           -5.40866214002535        0.09106353769148       -0.92409706567527
C           -6.68704930210697       -0.73305518829816       -1.08154710020891
C           -5.63514908985467        1.19416812328526        0.11226464204030
C           -5.01043634966118        0.68047919881159       -2.27913346878402
H            8.43124344042568       -1.50638160305192        1.06376023970405
H            8.25129177065437       -0.20689068093023        2.23554476386041
H            7.30446750477899       -1.68852049245616        2.41536659626131
H            7.78968722447929        1.29325049860059        0.20671666146678
H            7.73325789960771       -0.03798921365549       -0.94151264252627
H            6.33938096785764        1.03156592985927       -0.76215582667033
H            5.09664002858553       -1.29972670514256        1.90237066513097
H            3.40183508271902       -0.87154600594313        0.25507825938884
H            4.43710005384789        0.22040841367938       -0.66303460745212
H            3.27875430334996        0.76995855647989        2.10854811144502
H            4.31073191555095        1.87979058191618        1.19878125935271
H            1.85928629384546        3.27904995360332       -0.90646915279420
H            3.59173488079645        2.99002139676260       -0.70160424557335
H            2.63107314283812        1.91523826923945       -1.72505816819420
H            0.98625944008842        0.59679596467430        1.59305841874239
H            0.00543974275289        1.88377878577540       -0.99720296984453
H           -0.63876897598476        2.46665773233310        0.55117090184401
H           -1.48128546989835       -1.94370723966385        0.53014404211393
H           -2.55179915092076       -4.44225067983306        0.83636100982794
H           -4.27689232192670       -4.36543470056966        1.24212609702657
H           -3.78269880584623       -4.72215651654818       -0.40816740366274
H           -7.48946719939056       -0.08822412466874       -1.42891725563915
H           -6.53880910524581       -1.53389831168808       -1.79981322863545
H           -6.97375968737409       -1.17773695431722       -0.13334270981645
H           -6.47444925013417        1.81305036363567       -0.19239600998004
H           -4.75664302622702        1.82604705216686        0.19800809211306
H           -5.85807585234685        0.75796403416816        1.08381296312922
H           -4.78988304765547       -0.11637264462543       -2.98643414175760
H           -4.13883321664322        1.31947313752627       -2.17846507592626
H           -5.82933954797764        1.27707214600863       -2.67096272758072
53
 energy: -69.965639615459 gnorm: 0.003021100708 xtb: 6.7.1 (edcfbbe)
C            7.71203469021728       -0.99601310459059        1.68299038935320
C            6.62773055375055       -0.37169735394188        0.85287132544816
C            7.14036803261894        0.54581445308005       -0.21770786309100
C            5.34722591901870       -0.64021123395645        1.07789385935112
C            4.16268800967686       -0.08716646874256        0.34877728717914
C            3.54779331899152        1.09827954314284        1.11968138736950
C            2.34675538656747        1.62059559637096        0.38554559669633
C            2.62378098942257        2.51511696414480       -0.78908920430102
C            1.12296531359517        1.24157761666981        0.73292738946486
C           -0.14336599541431        1.60820805614194        0.02783036434428
O           -1.01653294554095        0.48232477418697        0.09335213799615
C           -2.28954440948563        0.69071624572437       -0.26940409234058
O           -2.69679839989990        1.78012104995011       -0.61015307683894
C           -3.03859291338037       -0.56033757603353       -0.17986625407220
C           -2.49604336608460       -1.78021303185026        0.22286078995743
C           -3.54793828542514       -2.69129208666012        0.16163834124090
C           -3.53961181128023       -4.14346191956702        0.48318117991425
N           -4.64847104579778       -2.07161918628044       -0.24908051490899
N           -4.35291493090775       -0.80377868698391       -0.45447142576205
C           -5.40896986916930        0.09229640577854       -0.92113265345033
C           -6.68924896748107       -0.72954743147912       -1.07490467009785
C           -5.62819620154617        1.19540251839912        0.11729843474516
C           -5.01077829719534        0.67840349446118       -2.27781814633551
H            8.42448160899273       -1.51575293152002        1.04380924279499
H            8.25822249905470       -0.22717228789713        2.22910208508837
H            7.30433666870835       -1.70445083984009        2.39897073640659
H            7.78476462075028        1.30467925687941        0.22551119977865
H            7.73945645425933       -0.01700695938452       -0.93406832640704
H            6.34068212731230        1.04587833430510       -0.75336448536251
H            5.09705702123816       -1.30600824033261        1.89485390021093
H            3.40203122746566       -0.86475984673564        0.25294218571734
H            4.43452826738963        0.23844344859300       -0.65510957941498
H            3.26598190217027        0.76001552734382        2.11807967353873
H            4.30238977044177        1.87983149421239        1.22453486149585
H            1.87475078493278        3.29604626467201       -0.87400921928139
H            3.59891959004125        2.98448839116568       -0.69073970990290
H            2.61778746959513        1.93941443377929       -1.71336299212518
H            0.97458629629626        0.59438578046090        1.58507139165804
H            0.02936770659972        1.85668115461265       -1.02434329373698
H           -0.63715327824860        2.46794501730362        0.50206573446739
H           -1.48051825770893       -1.95485174374824        0.51165373562000
H           -2.55784033289568       -4.44083583766701        0.84080161024967
H           -4.28287774784674       -4.36288336472950        1.24725806018096
H           -3.78971000071128       -4.72668335341194       -0.40151221180265
H           -7.49223226206878       -0.08468417977838       -1.42002613864582
H           -6.54336486664707       -1.53080561715977       -1.79327783160007
H           -6.97322571764538       -1.17419682296978       -0.12579500193569
H           -6.46643493928999        1.81836383522197       -0.18123123174615
H           -4.74669993392631        1.82328543055811        0.19964449440007
H           -5.84719816737762        0.75741398187095        1.08906633050721
H           -4.79193402697034       -0.12151811376317       -2.98227147896615
H           -4.13750301597413        1.31451785876610       -2.17808822892730
H           -5.82698624319752        1.27670129123802       -2.67194644171310
53
 energy: -69.965662739520 gnorm: 0.002348768745 xtb: 6.7.1 (edcfbbe)
C            7.71324655519469       -1.00288837516060        1.67794593780980
C            6.62794717675139       -0.37240682966186        0.85355981973658
C            7.13957679330299        0.55174855440486       -0.21176716892576
C            5.34758493900835       -0.64124308128476        1.07906569925235
C            4.16227538823638       -0.08563435451110        0.35311045131580
C            3.54731291021198        1.09893076812404        1.12542098745689
C            2.34893305689037        1.62299053638781        0.38820236531135
C            2.62786555222848        2.52667108999195       -0.77949051202509
C            1.12405338417798        1.23628572575088        0.72539187337526
C           -0.13830590034816        1.60230596825868        0.01303389856543
O           -1.01385689464821        0.47780280608558        0.07916420317686
C           -2.28806888380352        0.68801104969085       -0.27773013580943
O           -2.69624546979863        1.77754596382415       -0.61733262588541
C           -3.03861970269599       -0.56204316179470       -0.18447293771449
C           -2.49624458800049       -1.78155406004193        0.21862167840643
C           -3.54937015946859       -2.69171061332027        0.16203771524340
C           -3.54025388441701       -4.14325334720001        0.48617932905433
N           -4.65037167158287       -2.07165162703652       -0.24648579648345
N           -4.35405424998623       -0.80427634851250       -0.45518669879814
C           -5.41095408759421        0.09228175260825       -0.92022254844965
C           -6.69184442521709       -0.72904250479716       -1.07060081977775
C           -5.62725128039059        1.19610064100517        0.11781441248836
C           -5.01601868904849        0.67748185934983       -2.27814533777829
H            8.42467702522523       -1.51840896914767        1.03375122057041
H            8.26072569548779       -0.23819803750947        2.22892011318253
H            7.30630774070879       -1.71660634415659        2.38932943180902
H            7.78026207563260        1.31091563534751        0.23647973329257
H            7.74245266640126       -0.00535867505822       -0.92953081662513
H            6.33905286181961        1.05151416583051       -0.74657957875262
H            5.09875571094215       -1.31141115430692        1.89281734254811
H            3.40123727856551       -0.86295845483419        0.25681665932201
H            4.43282058662367        0.24130362616506       -0.65074776664894
H            3.26228659400980        0.75879762620501        2.12232875153094
H            4.30259076463933        1.87942353579917        1.23423741154466
H            1.88836220077808        3.32212951776015       -0.84702150780720
H            3.61298001652650        2.97935613477628       -0.68560896879096
H            2.60157118917461        1.96036368551220       -1.71213851693651
H            0.97207817279839        0.58250872792293        1.57236890706366
H            0.04021610774786        1.84592628976757       -1.03936900206041
H           -0.63350921661941        2.46491366348399        0.48069559650511
H           -1.48048421566894       -1.95816245711473        0.50522123299074
H           -2.55816614808654       -4.43916951807901        0.84432469635176
H           -4.28322179505967       -4.36225189641930        1.25064832926242
H           -3.78953849087108       -4.72837827708387       -0.39747776507163
H           -7.49511550821300       -0.08349862212234       -1.41436890516560
H           -6.54808134335931       -1.53064507740890       -1.78894809667262
H           -6.97418098449537       -1.17301799596075       -0.12073921691451
H           -6.46493659782698        1.82003837543573       -0.18046230109850
H           -4.74476161349945        1.82272249820178        0.19862637490223
H           -5.84614367318837        0.75906521639526        1.09000700388556
H           -4.79990551945637       -0.12273394019978       -2.98313492096547
H           -4.14224073616252        1.31336986119566       -2.18115456640767
H           -5.83342671358624        1.27599844745256       -2.66996501198054
53
 energy: -69.965683608619 gnorm: 0.002131691359 xtb: 6.7.1 (edcfbbe)
C            7.71719049310091       -1.00358479369971        1.67734920771897
C            6.63219453842547       -0.37071377157645        0.85479067085035
C            7.14406862456840        0.55490999055562       -0.20857672642091
C            5.35177437707850       -0.63913176816343        1.08041648014958
C            4.16624046476213       -0.08453811570079        0.35394499638059
C            3.54679675749435        1.09784064142419        1.12558083450268
C            2.34922340285342        1.62142809660905        0.38635598566269
C            2.62932336087019        2.52674541959801       -0.77957832134801
C            1.12453000298530        1.23278469101084        0.72231358454915
C           -0.13842869324976        1.60039802596620        0.01339077366448
O           -1.01449203822090        0.47493476724427        0.07637144718265
C           -2.28835957506119        0.68590051622747       -0.27892747314810
O           -2.69728565741226        1.77508970479270       -0.61942823487440
C           -3.04075461943370       -0.56317084250197       -0.18460550851111
C           -2.49862126130177       -1.78210020225162        0.21921638608419
C           -3.55161797448366       -2.69224548158452        0.16184769791457
C           -3.54100877696057       -4.14389102405331        0.48546240320018
N           -4.65236352853644       -2.07236175877817       -0.24753895400831
N           -4.35580531029481       -0.80459100703483       -0.45649400636262
C           -5.41330227449592        0.09283484919066       -0.92065131725633
C           -6.69447711867616       -0.72800377950821       -1.06926625753005
C           -5.62845586062944        1.19719465361665        0.11651804536050
C           -5.02121792405717        0.67840737244631       -2.27899238474183
H            8.42620477121089       -1.52102771795789        1.03189848556842
H            8.26821915113888       -0.24054778651651        2.22701257523207
H            7.30936358795928       -1.71624147811430        2.38898749605557
H            7.78407167012358        1.31346933219027        0.24124095971014
H            7.74773754959288       -0.00038320790298       -0.92678226164828
H            6.34344112146841        1.05521359355758       -0.74286831103666
H            5.10334141695620       -1.30969285736524        1.89357207960705
H            3.40701008796440       -0.86368340086141        0.25604726709837
H            4.43743336955934        0.24328508487401       -0.64932929704824
H            3.25940104422462        0.75625178214965        2.12123150322020
H            4.30038407762715        1.87964135658304        1.23809315347313
H            1.89272165538380        3.32569930342809       -0.84384069062847
H            3.61693005830520        2.97457439656113       -0.68736267683567
H            2.59820004762641        1.96225512309921       -1.71364085242934
H            0.97356036376819        0.57677659486534        1.56786838597323
H            0.03693496690132        1.84893995788242       -1.03778771047381
H           -0.63381242734393        2.46002015289018        0.48568511810529
H           -1.48381794871912       -1.96097649556524        0.50732611603946
H           -2.55854466936277       -4.43852849079416        0.84417208684619
H           -4.28387131340366       -4.36492261556571        1.24937985744595
H           -3.78822861596971       -4.72898698460274       -0.39866243267266
H           -7.49740945845537       -0.08126050102232       -1.41252190502602
H           -6.55229644165029       -1.52968780154607       -1.78768097752535
H           -6.97660301508497       -1.17134614475863       -0.11914886849626
H           -6.46630192173409        1.82060445491160       -0.18286034617631
H           -4.74607837714011        1.82401035863364        0.19613350895484
H           -5.84771166158680        0.76169127104556        1.08923251998554
H           -4.80672769992150       -0.12089301665622       -2.98540856075147
H           -4.14788411003733        1.31532363559920       -2.18401427690857
H           -5.84081868873496        1.27628591713971       -2.66803162226856
53
 energy: -69.965698861158 gnorm: 0.000694499053 xtb: 6.7.1 (edcfbbe)
C            7.71780651817098       -1.00249391678779        1.67833235321308
C            6.63330455695737       -0.36994230642519        0.85497884515996
C            7.14539927205277        0.55583770770741       -0.20815418800141
C            5.35286534741575       -0.63881632240751        1.07981615238505
C            4.16771019333599       -0.08437220247499        0.35249220468531
C            3.54662336490135        1.09635784195533        1.12521952808190
C            2.34915807859164        1.61992209906002        0.38579968465029
C            2.62933045150937        2.52594187690626       -0.77930575369363
C            1.12465899245349        1.23127704085660        0.72151406954647
C           -0.13900673669880        1.60019926725142        0.01382987523898
O           -1.01471740768662        0.47434386442315        0.07611265807599
C           -2.28850856918652        0.68552840879634       -0.27891670719539
O           -2.69722282427848        1.77487808711751       -0.61901706082820
C           -3.04128111584261       -0.56335693633605       -0.18452974631765
C           -2.49926688873357       -1.78234164543226        0.21964718944257
C           -3.55231203916121       -2.69246807562140        0.16174650041317
C           -3.54204128025149       -4.14431474542240        0.48485557655798
N           -4.65299770761080       -2.07261152329602       -0.24823101808742
N           -4.35621227718245       -0.80476835926261       -0.45675218193461
C           -5.41350287945135        0.09289387057180       -0.92064357829658
C           -6.69508464965509       -0.72749717022200       -1.06871890864630
C           -5.62806315843407        1.19764457709777        0.11626579044220
C           -5.02184892457663        0.67834757820183       -2.27918493346206
H            8.42636124515895       -1.52149495112897        1.03351947634707
H            8.26952325363712       -0.23899676707575        2.22679310011041
H            7.30946309061286       -1.71384185703170        2.39114715702273
H            7.78528884265035        1.31439872029604        0.24187390167428
H            7.74915837511462        0.00062339007807       -0.92632205724682
H            6.34494986763407        1.05616090818679       -0.74263490797298
H            5.10386364859286       -1.30947895688147        1.89279106273691
H            3.40918731848920       -0.86399254576530        0.25274904064921
H            4.43976384537449        0.24506751450227       -0.64993821710166
H            3.25862685423119        0.75330750589492        2.12006859899380
H            4.29932526235161        1.87881375147980        1.23930859027445
H            1.89604337297642        3.32656451622093       -0.84057429146592
H            3.61765520168003        2.97029385174656       -0.68931861058283
H            2.59430586170470        1.96426882523674       -1.71365345668015
H            0.97397640257068        0.57476791073780        1.56648326958720
H            0.03523594825456        1.85089337400986       -1.03781795280895
H           -0.63452384686632        2.45916831557033        0.48876513268182
H           -1.48451562458966       -1.96116185888387        0.50826816229301
H           -2.55979250264432       -4.43921218558884        0.84399671127665
H           -4.28534470146086       -4.36548177204170        1.24830590105335
H           -3.78885443711009       -4.72902064928548       -0.39967048775769
H           -7.49789369401879       -0.08064671198152       -1.41187657260670
H           -6.55346053834801       -1.52944824620287       -1.78698697534471
H           -6.97709141700284       -1.17047613940921       -0.11838621297497
H           -6.46629211983939        1.82075022418767       -0.18275845814087
H           -4.74580450035342        1.82473540010546        0.19506520111764
H           -5.84643614611144        0.76267114653432        1.08937957177873
H           -4.80698158291330       -0.12088518188638       -2.98551019271001
H           -4.14878090342971        1.31574800986374       -2.18460970853981
H           -5.84174669299366        1.27571544226479       -2.66817347468421
53
 energy: -69.965732997399 gnorm: 0.002826123692 xtb: 6.7.1 (edcfbbe)
C            7.72122590169571       -0.99697425766547        1.68317225412234
C            6.63897965797419       -0.36616166515307        0.85580450009515
C            7.15287667942148        0.56025117320400       -0.20591604624589
C            5.35829749372849       -0.63733167567948        1.07619387211038
C            4.17494327957186       -0.08358115944262        0.34509313189285
C            3.54556470011491        1.08897363771116        1.12317858726635
C            2.34865406253574        1.61336640116119        0.38336576945037
C            2.62913844351252        2.52285614410063       -0.77848170140802
C            1.12456671007837        1.22468503627203        0.71852383075792
C           -0.14169919708217        1.59867649806329        0.01670147324952
O           -1.01630879709913        0.47162531206218        0.07491998762997
C           -2.28989045164377        0.68382878887789       -0.27892679245109
O           -2.69777172414877        1.77376614448210       -0.61798171680804
C           -3.04412841917896       -0.56429182317837       -0.18413640868373
C           -2.50278013558313       -1.78357764453664        0.22116339442169
C           -3.55588118680547       -2.69351584501521        0.16090864455345
C           -3.54712005154740       -4.14609297783415        0.48189797992389
N           -4.65614107931976       -2.07351218228306       -0.25108437976587
N           -4.35844934871613       -0.80546642459424       -0.45814472588085
C           -5.41480134850887        0.09342355505798       -0.92080127807897
C           -6.69816983089662       -0.72493541457781       -1.06604331300547
C           -5.62636372378633        1.19975407881459        0.11514364314549
C           -5.02481692012917        0.67798688307841       -2.28029072447194
H            8.42744669849261       -1.52383222880406        1.04183733142245
H            8.27644129797929       -0.23158128572547        2.22575584236495
H            7.31027229358299       -1.70159586111141        2.40156494603389
H            7.79212576742308        1.31862012360742        0.24543566445422
H            7.75742669665198        0.00538008477270       -0.92363994717521
H            6.35345275992952        1.06093637963422       -0.74144201647995
H            5.10657024948884       -1.30828825874991        1.88824306627828
H            3.42013401852263       -0.86568750796578        0.23609815644030
H            4.45108926714903        0.25382767140066       -0.65335130595633
H            3.25502854528952        0.73824279392721        2.11432911754584
H            4.29414826302678        1.87431845847000        1.24530089177371
H            1.90961042853231        3.33400526485169       -0.82350204598337
H            3.62414320479466        2.94955529471491       -0.69824838910742
H            2.57289869885224        1.97106576194201       -1.71525392731155
H            0.97486844772695        0.56530316957508        1.56084719949973
H            0.02756190388631        1.85945378740566       -1.03518104340963
H           -0.63664841690149        2.45427799324683        0.50209078783811
H           -1.48847040220859       -1.96225414218922        0.51201598903330
H           -2.56592818658967       -4.44223689602058        0.84302800812681
H           -4.29251343216014       -4.36798011981386        1.24308877382065
H           -3.79202855924984       -4.72901149559501       -0.40439108744853
H           -7.50042004878438       -0.07737491243455       -1.40871480560317
H           -6.55906670433050       -1.52813958211298       -1.78350975000995
H           -6.97942384646218       -1.16618452064112       -0.11463507953498
H           -6.46637555661164        1.82145608994137       -0.18200483160495
H           -4.74451344229160        1.82799010478174        0.18966238394050
H           -5.84051208701116        0.76683765384296        1.09006061846266
H           -4.80837088035037       -0.12134669948427       -2.98592068530808
H           -4.15283612847463        1.31731822329539       -2.18702018945497
H           -5.84603556409877        1.27317207232356       -2.66936400205811
53
 energy: -69.965766524009 gnorm: 0.002912246477 xtb: 6.7.1 (edcfbbe)
C            7.72452487764470       -0.99217297360552        1.68728765175697
C            6.64421099880172       -0.36260429568581        0.85652194073921
C            7.16030156263667        0.56422978109035       -0.20376710125084
C            5.36322021349315       -0.63575633807140        1.07261136278963
C            4.18125533629768       -0.08279853936636        0.33858119087808
C            3.54450309564053        1.08246499045233        1.12145568233993
C            2.34787997847890        1.60777480313704        0.38184152294894
C            2.62827889776458        2.52035491840692       -0.77773785193328
C            1.12382980042109        1.21935754463342        0.71717990177232
C           -0.14370677355183        1.59688898894317        0.01962106815715
O           -1.01792953311008        0.46941863204592        0.07427878802182
C           -2.29131966776380        0.68235618590697       -0.27929823667523
O           -2.69848809866844        1.77261469130438       -0.61824707946939
C           -3.04661839100760       -0.56515413736871       -0.18399223692056
C           -2.50602913778610       -1.78477398643181        0.22172975513450
C           -3.55926892349813       -2.69434463861641        0.15986734518430
C           -3.55174771930060       -4.14732017921106        0.47940944425617
N           -4.65899411934784       -2.07388698069483       -0.25317175760693
N           -4.36058909629520       -0.80582338960782       -0.45935460947496
C           -5.41627239498950        0.09415569942649       -0.92099211519852
C           -6.70097027933583       -0.72260496252089       -1.06391132873581
C           -5.62524918964751        1.20150497851210        0.11443357056337
C           -5.02725656023086        0.67767012456163       -2.28125604670263
H            8.42857340038612       -1.52573097149718        1.04895628385514
H            8.28285950366419       -0.22546696334133        2.22484138489340
H            7.31131245712956       -1.69092321848032        2.41022081157704
H            7.79902963154490        1.32216413931854        0.24902918317530
H            7.76578754204765        0.00952660498115       -0.92082772321746
H            6.36202112620642        1.06550392651624       -0.74043290324124
H            5.10937858682156       -1.30711425487453        1.88368029312705
H            3.42993378789296       -0.86721984179519        0.22159153132842
H            4.46057099169353        0.26157719225654       -0.65657074940504
H            3.25217693755970        0.72470315609959        2.10956067729952
H            4.28962269464231        1.87010999912935        1.25071084165719
H            1.92077628147242        3.34312433202694       -0.80743199805894
H            3.63109672373833        2.93063951530790       -0.70721507164893
H            2.55074683478572        1.97602411478565       -1.71757780876352
H            0.97465941891084        0.55762624099944        1.55770733752016
H            0.02258238709437        1.86462220826029       -1.03124325305233
H           -0.63756921354772        2.44979905054625        0.51147681682978
H           -1.49215453539932       -1.96363268768618        0.51401607287464
H           -2.57146034291203       -4.44443242904874        0.84221092525824
H           -4.29887251583779       -4.36974794107767        1.23872978390451
H           -3.79507802568434       -4.72898564821428       -0.40814447534579
H           -7.50280587189500       -0.07433378461314       -1.40613009887687
H           -6.56387516786850       -1.52676139863550       -1.78070599244747
H           -6.98152377397839       -1.16248473488357       -0.11164018461156
H           -6.46667089698950        1.82219664923506       -0.18085810266598
H           -4.74365300690795        1.83051151985699        0.18540636554031
H           -5.83593976980042        0.76972188994924        1.09060977970974
H           -4.80989214188628       -0.12209569499045       -2.98610598922466
H           -4.15592857248438        1.31809918687232       -2.18875296166323
H           -5.84926934705284        1.27142892576732       -2.67076198449303
53
 energy: -69.965764658520 gnorm: 0.009217473580 xtb: 6.7.1 (edcfbbe)
C            7.74156080351796       -0.96849598430265        1.70762247793910
C            6.67122574721412       -0.34436052529458        0.85983556483019
C            7.19969102203769        0.58457893559711       -0.19261300941859
C            5.38854250257685       -0.62707953345535        1.05368666688088
C            4.21317825048317       -0.07784594506894        0.30614453581435
C            3.53929323381870        1.05034301686061        1.11344058899099
C            2.34334140355854        1.57972168346035        0.37607166526759
C            2.62166509307898        2.50682018586231       -0.77339702259589
C            1.11926758260829        1.19296781982446        0.71329494150051
C           -0.15272654140261        1.58700178961160        0.03440756898350
O           -1.02641123087848        0.45864297657069        0.07244309447349
C           -2.29868210336399        0.67516353207141       -0.28149011282136
O           -2.70182824579143        1.76660302158563       -0.62188412771461
C           -3.05891090014234       -0.56942207424949       -0.18396125483248
C           -2.52241996507881       -1.79094708478639        0.22259001213860
C           -3.57685318109497       -2.69821534519047        0.15392160278340
C           -3.57529626567027       -4.15275620013129        0.46711855292494
N           -4.67375340272263       -2.07479507573669       -0.26278647769692
N           -4.37172132619043       -0.80693738962107       -0.46524310385132
C           -5.42443222805263        0.09839784494373       -0.92199715750234
C           -6.71529990555806       -0.71079040360070       -1.05374196691975
C           -5.62078160929348        1.21010135813830        0.11145430731398
C           -5.03949598260972        0.67620515052000       -2.28605052269606
H            8.43440063885690       -1.53523196325000        1.08415950514426
H            8.31568131125947       -0.19598905274679        2.22040279549964
H            7.31683153006842       -1.63796715664596        2.45247037997007
H            7.83588581808913        1.33981799648628        0.26809568102724
H            7.81032159161928        0.03041425415398       -0.90575978962665
H            6.40780489378133        1.08927833478982       -0.73563603878591
H            5.12465569282933       -1.30075875043593        1.85966768002985
H            3.47984501168628       -0.87401338787095        0.14929748973771
H            4.50728005499061        0.30172710428438       -0.67265301142960
H            3.23900902123133        0.65651860639370        2.08632155642805
H            4.26684987313462        1.84936956222601        1.27853227009745
H            1.97793994282431        3.39133776541716       -0.72364734490081
H            3.66536910359496        2.83161021553594       -0.75714648409080
H            2.43041820879414        2.00093702019983       -1.72877728643515
H            0.97231938315566        0.52049248144514        1.54597190227619
H            0.00224786597070        1.88474523381869       -1.01036221679534
H           -0.64076431986690        2.42771342382803        0.55345887318456
H           -1.51056542275570       -1.97149761289215        0.52060110897386
H           -2.59944061658278       -4.45422033781917        0.83830117500264
H           -4.33089051928625       -4.37752636562404        1.21735856225216
H           -3.81076998094270       -4.72902241696506       -0.42614536515135
H           -7.51521473903987       -0.05896126158532       -1.39366675474768
H           -6.58780649628684       -1.51930118979523       -1.76741725601004
H           -6.99244503351219       -1.14426308765796       -0.09742111695790
H           -6.46891480053172        1.82625809789107       -0.17418282387752
H           -4.74032113590775        1.84251700745228        0.16562978549515
H           -5.81485753100393        0.78275738877950        1.09322153168403
H           -4.81889388238855       -0.12637484568488       -2.98673698721923
H           -4.17056575611956        1.32069198133722       -2.19722701930367
H           -5.86456245871235        1.26403920133794       -2.67813797285504
53
 energy: -69.965847575298 gnorm: 0.001196885202 xtb: 6.7.1 (edcfbbe)
C            7.73419286544313       -0.97948795275821        1.69787751308297
C            6.65928196665263       -0.35249038232383        0.85809988933240
C            7.18270556924799        0.57531936417021       -0.19773895085388
C            5.37736341768230       -0.63050852250379        1.06208397003772
C            4.19860699285781       -0.07939120682436        0.32175478250868
C            3.54194322457207        1.06580530804187        1.11745740140837
C            2.34510627502140        1.59300261401911        0.37986801309301
C            2.62376980203936        2.51263937178119       -0.77512854545501
C            1.12095185687528        1.20458315696081        0.71626434969675
C           -0.14798333116034        1.59035952563168        0.02788563372997
O           -1.02292385124588        0.46338580504493        0.07395112701283
C           -2.29564819461956        0.67849902428424       -0.28055620434643
O           -2.70042894448005        1.76930759402954       -0.62096385440392
C           -3.05341187349643       -0.56746073102519       -0.18433459256710
C           -2.51522223008908       -1.78824623195929        0.22101773678105
C           -3.56933157733817       -2.69628243838368        0.15612735056005
C           -3.56483174590506       -4.14985772064075        0.47263270363858
N           -4.66744392033516       -2.07374599359862       -0.25776445144879
N           -4.36707224284121       -0.80595857231049       -0.46230369159852
C           -5.42127435628485        0.09692603206038       -0.92147713244012
C           -6.70900409329674       -0.71596551466999       -1.05861459367849
C           -5.62354993130501        1.20622635897394        0.11319499573917
C           -5.03396681540245        0.67707964793449       -2.28371905224679
H            8.43229589541508       -1.53010144599104        1.06761944552763
H            8.30076048299844       -0.21037876373872        2.22279982690264
H            7.31491379400599       -1.66286150973217        2.43162961493394
H            7.81998600378947        1.33162496873912        0.25962564458498
H            7.79134919783409        0.02075811744023       -0.91227762819506
H            6.38817366598846        1.07858703088698       -0.73820052617891
H            5.11861798225852       -1.30356178889452        1.87007359908557
H            3.45722151984753       -0.86989874161489        0.18384282323087
H            4.48488119808520        0.28353821795837       -0.66476864176115
H            3.24633249774764        0.68844421941463        2.09744655094669
H            4.27765586881763        1.85908513080269        1.26561156701720
H            1.94769290033446        3.36415592501081       -0.76776950057951
H            3.64465226985066        2.88286095094096       -0.73248049771905
H            2.49175227151799        1.98758407748424       -1.72124851413893
H            0.97272970631899        0.53753165338627        1.55320495421022
H            0.01382180727116        1.87187071248296       -1.01863901116967
H           -0.63799611893880        2.43727153942210        0.53137927945863
H           -1.50239331763297       -1.96849173885695        0.51553051159169
H           -2.58686182512633       -4.44909026801236        0.83979477564685
H           -4.31630977214384       -4.37344139270710        1.22725040696000
H           -3.80404142910262       -4.72899572282023       -0.41765152011769
H           -7.50987109648930       -0.06571422372024       -1.39958555708129
H           -6.57680862194749       -1.52223797331639       -1.77382679567536
H           -6.98772570967367       -1.15263553458218       -0.10430723257207
H           -6.46821584742392        1.82490523003448       -0.17679773108601
H           -4.74239337457997        1.83664448608272        0.17564737129431
H           -5.82585213910843        0.77615920435630        1.09193424753500
H           -4.81573280036255       -0.12458260190952       -2.98622670253960
H           -4.16337506111334        1.31877918996005       -2.19299848304115
H           -5.85708881103715        1.26845251557074       -2.67478702224481
53
 energy: -69.965877832517 gnorm: 0.001399538285 xtb: 6.7.1 (edcfbbe)
C            7.73925870076301       -0.97377726205737        1.70255618941536
C            6.66718407972540       -0.34716342779277        0.85872303641832
C            7.19462049203671        0.58105535234508       -0.19478498256699
C            5.38477279120462       -0.62711233971217        1.05691876786211
C            4.20730732462908       -0.07694733152093        0.31398789330441
C            3.54127149627137        1.05848814828787        1.11606130349917
C            2.34366118002291        1.58541666600794        0.37986903544681
C            2.62013856811885        2.50790579214457       -0.77348737426997
C            1.11964634918011        1.19706488155166        0.71727815689225
C           -0.14931899247597        1.58640656449111        0.03164948844373
O           -1.02546973276308        0.46028690083068        0.07479952518577
C           -2.29763114110611        0.67663261869403       -0.28131473618897
O           -2.70080796437857        1.76764563823435       -0.62298266898647
C           -3.05661421037354       -0.56854790724594       -0.18510514347600
C           -2.51972169371507       -1.79007645047165        0.21936825127328
C           -3.57472657913078       -2.69704848736039        0.15392745947405
C           -3.57151606143018       -4.15075640949215        0.46942626224295
N           -4.67210145871172       -2.07310890187569       -0.25946416646930
N           -4.37059634525876       -0.80555866516182       -0.46332556233929
C           -5.42423102848556        0.09861239623210       -0.92158543205268
C           -6.71319865030320       -0.71262270606763       -1.05647658061202
C           -5.62364470825137        1.20861557214585        0.11286271883906
C           -5.03735053951066        0.67696555540451       -2.28471501997415
H            8.43459540173498       -1.53187586648153        1.07579127671767
H            8.30951646112889       -0.20386780298877        2.22213430242070
H            7.31684890486027       -1.65032720216268        2.44076511749066
H            7.83109320300913        1.33654447624508        0.26499845268013
H            7.80509723905564        0.02637253462495       -0.90768961432368
H            6.40218806826618        1.08520704728746       -0.73757551019150
H            5.12405901320063       -1.30129920380271        1.86334744433605
H            3.47084541364389       -0.87045882822934        0.16648157701189
H            4.49647173094866        0.29494651976555       -0.66845963773358
H            3.24470629575962        0.67187671997796        2.09231072588281
H            4.27205559901603        1.85482271986926        1.27273753712665
H            1.95892669157504        3.37241646085095       -0.74844241664199
H            3.64898232336641        2.85964693339578       -0.74499146136396
H            2.46189947183245        1.99181076100296       -1.72184473686022
H            0.97194633369344        0.52822062755119        1.55306146052516
H            0.01205572010636        1.87161647110016       -1.01332682945681
H           -0.63756891734219        2.43160305602014        0.53859496812037
H           -1.50713777471212       -1.97155038322339        0.51382109524189
H           -2.59454172961516       -4.45060015774234        0.83870447220276
H           -4.32493731544948       -4.37464485064528        1.22200905764027
H           -3.80873114885987       -4.72922384385342       -0.42184162227258
H           -7.51365244113605       -0.06150962042518       -1.39690627130375
H           -6.58306494607629       -1.51966125625290       -1.77114419881982
H           -6.99127129607949       -1.14807058949701       -0.10142109450651
H           -6.46945369258413        1.82678725416009       -0.17480248673959
H           -4.74253605433734        1.83933538191070        0.17219140340494
H           -5.82278485626655        0.77893375236251        1.09242822297472
H           -4.81985893705571       -0.12584476367529       -2.98617233858318
H           -4.16636188356580        1.31821627404127       -2.19507431169070
H           -5.86031875418140        1.26820118121448       -2.67643135224188
53
 energy: -69.965907635059 gnorm: 0.005267506957 xtb: 6.7.1 (edcfbbe)
C            7.75288814426899       -0.96060134444767        1.71336560634442
C            6.68829406236364       -0.33363253585731        0.85989148009340
C            7.22620230842047        0.59576026560595       -0.18738416360132
C            5.40459887067135       -0.61725125962432        1.04433983697050
C            4.23008826907763       -0.06869123421516        0.29599102396671
C            3.54057572552336        1.04210021209222        1.11368165081788
C            2.33976637892730        1.56628151447238        0.38160030809209
C            2.60889539444132        2.49460992224029       -0.76896517664621
C            1.11647180447483        1.17741671346839        0.72194366694351
C           -0.15183207790887        1.57456365694344        0.04037464107043
O           -1.03246826058139        0.45163227029838        0.07860426875410
C           -2.30266225797742        0.67159731230067       -0.28351335403496
O           -2.70105610185868        1.76311643950057       -0.62901777578357
C           -3.06483653119764       -0.57157807336226       -0.18848783419856
C           -2.53125017678229       -1.79522973337371        0.21282707976304
C           -3.58921514229620       -2.69900976284384        0.14773437629979
C           -3.58890948457451       -4.15287542029800        0.46150697687517
N           -4.68508256425384       -2.07092377980539       -0.26249767881488
N           -4.38032628864059       -0.80410964923191       -0.46509149164703
C           -5.43248099779094        0.10323563720331       -0.92152348211791
C           -6.72436485581785       -0.70395593563741       -1.05173362801826
C           -5.62523661938325        1.21479998690440        0.11243153861297
C           -5.04619631139077        0.67729505039014       -2.28659072253629
H            8.44174806142124       -1.53584172577432        1.09468316118861
H            8.33181605070897       -0.18978035433861        2.22171997349956
H            7.32230478332099       -1.62169741252471        2.46087430625728
H            7.85998640120123        1.34954239641232        0.27884858134931
H            7.84206071268754        0.04089034634413       -0.89559732938869
H            6.43928788599379        1.10170552296170       -0.73668587509058
H            5.13933224029861       -1.29449480301480        1.84687752094840
H            3.50583097514055       -0.86933601828513        0.12496177663205
H            4.52588817141777        0.32558594001007       -0.67619810374927
H            3.24326794442112        0.63295075274131        2.08100650407749
H            4.25835624618690        1.84666141120999        1.29004910211515
H            1.98283546076226        3.38732100873728       -0.70287506512554
H            3.65428803268723        2.80430364700883       -0.77594081204803
H            2.38930355674616        1.99992242930519       -1.72038413992711
H            0.97000529876638        0.50535477861462        1.55558270504128
H            0.01065489214083        1.86464455833146       -1.00218729581370
H           -0.63572478070906        2.41820152589548        0.55215831536176
H           -1.51877745783936       -1.98061511783690        0.50507809465237
H           -2.61424028219934       -4.45357548980928        0.83615147252025
H           -4.34696967922073       -4.37711790628123        1.20932937168007
H           -3.82105003703455       -4.73049482652173       -0.43171417843415
H           -7.52367960381611       -0.05063656474357       -1.39089811301877
H           -6.59892241373634       -1.51243274963653       -1.76553392234694
H           -7.00130886021531       -1.13701507398036       -0.09526185667893
H           -6.47276774534069        1.83279787647089       -0.17045390594012
H           -4.74361272229616        1.84528781635307        0.16570368812441
H           -5.81856101855674        0.78591022056021        1.09355877523328
H           -4.83302969330960       -0.12839136535512       -2.98617413066924
H           -4.17258455231957        1.31528635036508       -2.19989107333489
H           -5.86760115502759        1.27051257407037       -2.67883504191214
53
 energy: -69.965933921180 gnorm: 0.003180816422 xtb: 6.7.1 (edcfbbe)
C            7.75336401509684       -0.96148186048435        1.71229366806713
C            6.68866766443003       -0.33345640981133        0.85974256761867
C            7.22661884390793        0.59584198789441       -0.18754197134722
C            5.40497934827278       -0.61626241942945        1.04505583569870
C            4.23007379103319       -0.06759853842329        0.29749360837417
C            3.54131091834108        1.04378222847296        1.11445420305877
C            2.33972930216599        1.56647993442745        0.38260897730376
C            2.60779158790806        2.49398602094665       -0.76878633775893
C            1.11663455874951        1.17702375994299        0.72309928530079
C           -0.15106394608366        1.57322880195086        0.03978910977346
O           -1.03265723526785        0.45110902879933        0.07971559975200
C           -2.30257188531510        0.67137100560411       -0.28352607278266
O           -2.70050148171536        1.76286126145794       -0.62954706701316
C           -3.06482609042619       -0.57177078067527       -0.18920137595196
C           -2.53133352498531       -1.79562502741082        0.21135210381397
C           -3.58976258403041       -2.69900756203231        0.14740393208124
C           -3.58928459185220       -4.15271054450794        0.46171216957021
N           -4.68575162217618       -2.07048654135590       -0.26165389486968
N           -4.38077220277968       -0.80378945184673       -0.46454893081439
C           -5.43291500047265        0.10353804888584       -0.92130142477233
C           -6.72459632966124       -0.70377984646004       -1.05232495361402
C           -5.62613277726918        1.21484277956560        0.11280253555360
C           -5.04614564226233        0.67773249255053       -2.28613798752801
H            8.44267859767261       -1.53492934986781        1.09283077991719
H            8.33161190159527       -0.19144198697699        2.22236427951204
H            7.32298246451531       -1.62415862783694        2.45822000734945
H            7.86007057749156        1.34984839241796        0.27875469783737
H            7.84288486132383        0.04097394786387       -0.89538900836157
H            6.43976914006330        1.10146467882611       -0.73719938617118
H            5.14027401481217       -1.29378057982467        1.84754320131298
H            3.50562259132789       -0.86790905051076        0.12760451479934
H            4.52511376800494        0.32582531290774       -0.67501071302617
H            3.24509997543342        0.63570800962723        2.08231240999410
H            4.25896414472209        1.84843560513195        1.28929205902384
H            1.97817858378899        3.38224328772960       -0.70742670581575
H            3.64978495259026        2.80929796955374       -0.77343065313103
H            2.39486853096836        1.99729982337345       -1.71832314866098
H            0.97007848220112        0.50591975067530        1.55746646996351
H            0.01293708686097        1.85992196614680       -1.00337334873827
H           -0.63487685619528        2.41854207034878        0.54858879840035
H           -1.51858124395812       -1.98158231852746        0.50226790770218
H           -2.61447243881217       -4.45302819572990        0.83626065843908
H           -4.34710296588583       -4.37667445940038        1.20983889075614
H           -3.82151877292514       -4.73087367348775       -0.43112443763592
H           -7.52386793898879       -0.05043058623972       -1.39156438613903
H           -6.59875250116517       -1.51189387242516       -1.76644953706340
H           -7.00189075834331       -1.13732521233538       -0.09619514295165
H           -6.47280602686084        1.83365988709492       -0.17080206311654
H           -4.74409513706022        1.84459508233716        0.16745114325713
H           -5.82103017472109        0.78561847408994        1.09344111179843
H           -4.83455436885123       -0.12794475101538       -2.98620722445957
H           -4.17152058391046        1.31428566030134       -2.19943031514235
H           -5.86670502130739        1.27250437770405       -2.67782478675570
53
 energy: -69.965963869198 gnorm: 0.001379106166 xtb: 6.7.1 (edcfbbe)
C            7.75939715883468       -0.95919743381751        1.71338576115817
C            6.69688514280166       -0.32873383405692        0.85987250300067
C            7.23784511886699        0.60103631028809       -0.18536132088550
C            5.41278908011459       -0.61066483440343        1.04314636448439
C            4.23828224161244       -0.06187022946077        0.29518211120420
C            3.54265066663360        1.04227008938485        1.11552999007245
C            2.33842413130993        1.56068308640664        0.38510378269637
C            2.60222637426416        2.48841495524871       -0.76702720564476
C            1.11610280019051        1.16958540356101        0.72654913566056
C           -0.15067401409810        1.56577780755245        0.04095470328936
O           -1.03557678293472        0.44633742720847        0.08364314370722
C           -2.30399391518479        0.66852214549523       -0.28423846580861
O           -2.69915115815966        1.76022568189049       -0.63249156085869
C           -3.06792803415643       -0.57371298307215       -0.19199842937843
C           -2.53569671423469       -1.79874450794767        0.20624878234719
C           -3.59608955545074       -2.70015411521106        0.14480518268971
C           -3.59648545745554       -4.15374255147919        0.45945933764217
N           -4.69198870954568       -2.06937915641482       -0.26083348750120
N           -4.38519407768434       -0.80312403069659       -0.46395204142244
C           -5.43639616978853        0.10549494758298       -0.92068514291761
C           -6.72899489941399       -0.70027455417229       -1.05194897545943
C           -5.62819196135355        1.21708352683626        0.11332508708617
C           -5.04903385058194        0.67907293236043       -2.28554338581314
H            8.44775126523085       -1.53417957839784        1.09464476162800
H            8.33903088671049       -0.19073786785381        2.22404473132465
H            7.32681068246322       -1.62079388402085        2.45871393602476
H            7.86912458686410        1.35546629022701        0.28321585871465
H            7.85708480181062        0.04658814654505       -0.89093455801893
H            6.45269293995360        1.10609617663756       -0.73790475324895
H            5.14732389542662       -1.28931233435579        1.84451036536183
H            3.51745063832967       -0.86379687467353        0.11913731110991
H            4.53457380546255        0.33755152651238       -0.67420351232331
H            3.24853347047424        0.62917210878475        2.08158182790579
H            4.25530213663215        1.85038663894935        1.29349607542381
H            1.97729836795063        3.37696739326215       -0.70094845192167
H            3.64306614646759        2.80060450061693       -0.77892075267475
H            2.38194847860121        1.99507832816028       -1.71384205002739
H            0.96973876355302        0.49915078129507        1.56128169956412
H            0.01584368680231        1.84724917487482       -1.00357142696125
H           -0.63297860906324        2.41485216402389        0.54524555501767
H           -1.52235330064931       -1.98712537249747        0.49365311487377
H           -2.62230741582157       -4.45374576448142        0.83592989600802
H           -4.35566675646843       -4.37725409389086        1.20630303055180
H           -3.82692546995718       -4.73249766573266       -0.43347924033233
H           -7.52751703557963       -0.04587723641283       -1.39092729399104
H           -6.60409341849456       -1.50812808467145       -1.76655640880115
H           -7.00684489685246       -1.13406005155090       -0.09610793373734
H           -6.47315365195956        1.83793746663251       -0.17095284490144
H           -4.74476800647772        1.84481907447157        0.16904212761633
H           -5.82513019992742        0.78812888070668        1.09365313969617
H           -4.84271656732579       -0.12701799957194       -2.98671938652432
H           -4.17109054276706        1.31119378360166       -2.19980388811328
H           -5.86723609597907        1.27837828973970       -2.67526714618487
53
 energy: -69.965990719855 gnorm: 0.001324644009 xtb: 6.7.1 (edcfbbe)
C            7.77122302668229       -0.95336803129468        1.71693171293261
C            6.71293810449397       -0.31935055180679        0.86074897086252
C            7.25940312233319        0.61151514533408       -0.18057466424255
C            5.42798977458766       -0.60034538953451        1.03929778711099
C            4.25514095846742       -0.05151161560843        0.28876594682772
C            3.54403447261178        1.03700299866551        1.11662585407079
C            2.33606110188652        1.54875638342256        0.38771730944696
C            2.59356801144059        2.47879616668760       -0.76398196468024
C            1.11499343558938        1.15487302697613        0.73026945348397
C           -0.15135844465600        1.55211366405714        0.04350531850630
O           -1.04112838459224        0.43675730645267        0.08991694798443
C           -2.30687391749311        0.66229623463030       -0.28542214245564
O           -2.69701309727171        1.75447787032569       -0.63762311044425
C           -3.07452547460435       -0.57794231722870       -0.19620210573709
C           -2.54482924959661       -1.80510781115859        0.19889287273695
C           -3.60839999619325       -2.70304399195139        0.14032189325866
C           -3.61133577378226       -4.15680555062810        0.45444340267457
N           -4.70382681605418       -2.06839027357952       -0.26073404417714
N           -4.39350326882059       -0.80282272295646       -0.46372262158198
C           -5.44244096390397        0.10881040278734       -0.91966590581304
C           -6.73757427573217       -0.69312068533179       -1.05012904913870
C           -5.63026659776740        1.22153641878584        0.11386118477381
C           -5.05480841361665        0.68136552596554       -2.28482861863074
H            8.45720135941965       -1.53344601889063        1.10033379584840
H            8.35448355997920       -0.18711277396059        2.22677934836370
H            7.33426021135674       -1.61122238421067        2.46302485870465
H            7.88630487942644        1.36691372917384        0.29243828481370
H            7.88433245298800        0.05826742809620       -0.88208951896230
H            6.47731988815643        1.11547292897097       -0.73842694530818
H            5.15978561780461       -1.28064015662559        1.83849592244487
H            3.54208807893552       -0.85724169005781        0.09797560080167
H            4.55566879466032        0.36138856024204       -0.67357150901204
H            3.25200138613349        0.61230077461864        2.07815731061015
H            4.24650193142799        1.85222202845600        1.30347221532872
H            1.98440221941191        3.37576723802624       -0.68008900519465
H            3.63790627567277        2.77484659274947       -0.79403580189612
H            2.34728863106376        1.99604489524473       -1.70876916261465
H            0.96911038559376        0.48407573643127        1.56440902508289
H            0.01664508765037        1.82862673457820       -1.00299571095596
H           -0.63054499943704        2.40628822153971        0.54355646144810
H           -1.53087109532484       -1.99737580056570        0.48175243329873
H           -2.63897891524093       -4.45721204290836        0.83541492245633
H           -4.37416818107857       -4.37993292382499        1.19764784633179
H           -3.83759884026612       -4.73545161576699       -0.43969176130493
H           -7.53439393337302       -0.03634165243198       -1.38840288566676
H           -6.61553784806315       -1.50107724261178       -1.76520616361839
H           -7.01608544668644       -1.12653551537665       -0.09431514529780
H           -6.47263702322140        1.84565261897936       -0.17113958968764
H           -4.74436559676717        1.84588564068295        0.16968313428559
H           -5.82939291672531        0.79406794878406        1.09439260285742
H           -4.85698367238364       -0.12510895025868       -2.98803900066318
H           -4.17165801658465        1.30660755307079       -2.20094641766516
H           -5.86955160854006        1.28777793484845       -2.67078992019001
53
 energy: -69.966010593047 gnorm: 0.001500997513 xtb: 6.7.1 (edcfbbe)
C            7.78454618907028       -0.94604934407317        1.72147589364380
C            6.73042465636320       -0.30897195389849        0.86237785461461
C            7.28241965381905        0.62325603487701       -0.17477214863740
C            5.44450077735095       -0.58898893634882        1.03590381936463
C            4.27403042785748       -0.04037723429405        0.28137589451380
C            3.54450994468228        1.03019243025530        1.11689729731808
C            2.33381118343051        1.53581684667648        0.38816204647083
C            2.58636736309062        2.47034492190233       -0.76107147356116
C            1.11392940391142        1.13822652872070        0.73062916969245
C           -0.15303024397675        1.53697542441341        0.04559451779273
O           -1.04685295426197        0.42533025809371        0.09544804149040
C           -2.30990347028407        0.65409643940811       -0.28665591677664
O           -2.69472562656772        1.74676182072011       -0.64329353228916
C           -3.08228939014902       -0.58347587462149       -0.19933755182600
C           -2.55584630199014       -1.81297740203392        0.19334653703780
C           -3.62248638648470       -2.70715445904697        0.13591567544758
C           -3.62942126556446       -4.16142523006487        0.44816147387120
N           -4.71679322433238       -2.06836047635741       -0.26202387566728
N           -4.40239152715525       -0.80350266079033       -0.46427636445610
C           -5.44833920663731        0.11215418847958       -0.91855123003443
C           -6.74697442711312       -0.68460873332674       -1.04710926800624
C           -5.63044630481714        1.22634352579900        0.11451147528985
C           -5.06099915219381        0.68377432612463       -2.28421493123233
H            8.46796941935427       -1.53180717643855        1.10706508425457
H            8.37174402774681       -0.18169920786599        2.22985000594739
H            7.34335276342260       -1.59977359153697        2.46897938310063
H            7.90391105456705        1.38017143550375        0.30309728422701
H            7.91395701801388        0.07175761334830       -0.87173580350183
H            6.50348113276608        1.12557697172499       -0.73850892888027
H            5.17251495291319       -1.27023502446785        1.83305692839404
H            3.57022258459337       -0.85041240831577        0.07294594185711
H            4.58010570439988        0.38787184811511       -0.67257501514375
H            3.25308877533460        0.59200169569377        2.07272965797115
H            4.23553217247978        1.85292489941927        1.31553984377661
H            1.99946575558769        3.38180511079982       -0.65244162679098
H            3.63793132926471        2.74201475163874       -0.81312503889686
H            2.30459601307575        2.00270555392307       -1.70573585122557
H            0.96887034224553        0.46513272252396        1.56291803354218
H            0.01345382437603        1.81176361273071       -1.00210413919433
H           -0.62820305651665        2.39467197235262        0.54437498057079
H           -1.54185235335397       -2.00898709419972        0.47340992790082
H           -2.65991033677077       -4.46349490567992        0.83520002256958
H           -4.39758515691642       -4.38454911213190        1.18585134984693
H           -3.85013191867964       -4.73865021408276       -0.44834228997110
H           -7.54160024034916       -0.02469767083641       -1.38436482738266
H           -6.62911734247710       -1.49312223808173       -1.76233694592014
H           -7.02590183862752       -1.11691277518343       -0.09090005061948
H           -6.47002548031759        1.85411370833207       -0.17088928314536
H           -4.74164912909131        1.84677098495960        0.16928602683376
H           -5.83116305405540        0.80095963436671        1.09563325464027
H           -4.87155729659903       -0.12271107041089       -2.98967801847176
H           -4.17297921520795        1.30241188481473       -2.20226005702166
H           -5.87256056922844        1.29701764838542       -2.66599360092056
53
 energy: -69.966025563561 gnorm: 0.000964071169 xtb: 6.7.1 (edcfbbe)
C            7.79009803315242       -0.94399490190604        1.72158860983507
C            6.73610317095434       -0.30552129842928        0.86344452833421
C            7.28853086805559        0.62728695768297       -0.17285163194714
C            5.44990139761386       -0.58390859940972        1.03776026043934
C            4.28016281676443       -0.03546707667651        0.28179463840526
C            3.54466795566249        1.03010178737214        1.11741639911385
C            2.33376782697061        1.53297324921942        0.38687284013324
C            2.58595790192286        2.47004739639352       -0.76032832234616
C            1.11451024295849        1.13175136042704        0.72721717867729
C           -0.15343378597178        1.52955384693525        0.04362810577921
O           -1.04822001050412        0.41911545892915        0.09700600374142
C           -2.31029164340432        0.64887764172692       -0.28692382808878
O           -2.69288363852593        1.74167968673019       -0.64569925298023
C           -3.08536918003065       -0.58705650113368       -0.19941225446643
C           -2.56086541576169       -1.81766121995068        0.19293085275086
C           -3.62882799415744       -2.70998303426063        0.13486648329500
C           -3.63862162880174       -4.16466605575893        0.44553066622656
N           -4.72217398621412       -2.06924868668706       -0.26290446078729
N           -4.40556177295073       -0.80476350037966       -0.46457301498406
C           -5.44966742579749        0.11323633695757       -0.91779564267555
C           -6.75019999995482       -0.68060271039855       -1.04583104739936
C           -5.62883256017734        1.22780489437127        0.11542245908668
C           -5.06243938021706        0.68524530793169       -2.28338123483525
H            8.47417644237970       -1.52765109293547        1.10583530569932
H            8.37666466334997       -0.18072425925425        2.23243627677430
H            7.34904110637585       -1.60016575075301        2.46712913254164
H            7.90648942077071        1.38620406475595        0.30645161489821
H            7.92356387087461        0.07720033301788       -0.86763858137401
H            6.51001358101181        1.12736920136929       -0.73909121736554
H            5.17679326384171       -1.26467809840984        1.83485222003639
H            3.57959669782482       -0.84659682410281        0.06831890309246
H            4.58813823642714        0.39647885938229       -0.66946198880813
H            3.25280121464795        0.58916760232372        2.07167080207123
H            4.23169306227813        1.85515953634011        1.31928168859002
H            2.00475055008897        3.38392627748380       -0.64622031418432
H            3.63809298606132        2.73643548711562       -0.81628614612031
H            2.29761277983487        2.00771367621174       -1.70477794074026
H            0.97018265211359        0.45664112276408        1.55807425836521
H            0.01054942717553        1.80321161026190       -1.00494634228365
H           -0.62673013352805        2.38880566016293        0.54192750297007
H           -1.54722378302153       -2.01515268652719        0.47303513618142
H           -2.67102685647617       -4.46843796966445        0.83601980895543
H           -4.41002547243710       -4.38780044947778        1.17977335122316
H           -3.85633007273314       -4.74046659133753       -0.45262159000990
H           -7.54347487403413       -0.01886270925046       -1.38259632992082
H           -6.63445895107031       -1.48926761160713       -1.76123858602578
H           -7.02960825270807       -1.11246012132648       -0.08954808436455
H           -6.46584852565812        1.85853893691440       -0.17111220469909
H           -4.73792967755492        1.84518010249775        0.17098010777319
H           -5.83209798010293        0.80332440957313        1.09642061080609
H           -4.87722015295576       -0.12059689561909       -2.99057191989306
H           -4.17211409919615        1.30053041575271       -2.20192666729579
H           -5.87238291516743        1.30217342466705       -2.66250748979325
53
 energy: -69.966046417418 gnorm: 0.000943947236 xtb: 6.7.1 (edcfbbe)
C            7.79982584091631       -0.93920688354054        1.72233633255989
C            6.74586471251489       -0.29862727921738        0.86565493873444
C            7.29939536329772        0.63469010713226       -0.16956821409495
C            5.45925087499396       -0.57466150939980        1.04068558535960
C            4.29067606083496       -0.02733431644790        0.28189939445574
C            3.54466424702333        1.02959218379827        1.11848897174067
C            2.33424231218789        1.52878628265864        0.38430577248269
C            2.58604839101647        2.47214456924276       -0.75775921295913
C            1.11624756479941        1.11905951814799        0.71897753964751
C           -0.15323772449289        1.51596547353247        0.03858857020718
O           -1.04944032119525        0.40708516925325        0.09724071077726
C           -2.31049146725717        0.63852286749858       -0.28839542928582
O           -2.68929149006574        1.73144607267492       -0.65136158483266
C           -3.09043889548802       -0.59412404764327       -0.19839000850132
C           -2.57057982157318       -1.82691512209799        0.19376075320027
C           -3.64143739458740       -2.71551212406123        0.13306408256652
C           -3.65757600229537       -4.17090884077182        0.44023800666806
N           -4.73204914464708       -2.07065339769295       -0.26577538705205
N           -4.41088214483803       -0.80709143658349       -0.46579292252212
C           -5.45180907463370        0.11561897531711       -0.91649037398656
C           -6.75598193366186       -0.67249669647110       -1.04263115866902
C           -5.62431558925879        1.23029448256293        0.11777793863042
C           -5.06491773091426        0.68727051036659       -2.28239043591771
H            8.48639127931362       -1.51744900112484        1.10423138480421
H            8.38363244445602       -0.17739351201220        2.23837834273880
H            7.35942528790205       -1.60084228190812        2.46341336410048
H            7.91026425838213        1.39780345519876        0.31229587232475
H            7.94161675928770        0.08683324591137       -0.85942780172932
H            6.52175058238574        1.12978899643730       -0.74145535480681
H            5.18470681840324       -1.25514606323714        1.83749571412548
H            3.59634768292279       -0.84139952642245        0.05953640076434
H            4.60210926152317        0.41159213846403       -0.66499555652047
H            3.25007908396802        0.58295186408613        2.06934775960450
H            4.22478874884367        1.85849842056243        1.32776029166100
H            2.01546620803891        3.39042201741235       -0.63185226657817
H            3.63964125952127        2.72852697314994       -0.82101895981121
H            2.28457104131413        2.02131473459077       -1.70301391066724
H            0.97400502387464        0.43882048174195        1.54619767821150
H            0.00666336453703        1.78874618604323       -1.01065895397409
H           -0.62329468685852        2.37632356255839        0.53765330976657
H           -1.55801866518714       -2.02755712674623        0.47561282496032
H           -2.69431809990782       -4.47850204164254        0.83844261698458
H           -4.43626141672400       -4.39393947866562        1.16676627979544
H           -3.86868032293391       -4.74367397785646       -0.46148923491312
H           -7.54682945220107       -0.00723236159567       -1.37816396116876
H           -6.64484902124621       -1.48165372452426       -1.75815881563777
H           -7.03584645127354       -1.10310303731875       -0.08591318041165
H           -6.45685381058497        1.86683354168306       -0.16895477056682
H           -4.72952719251993        1.84181554201205        0.17449141289812
H           -5.83115872750039        0.80632960691669        1.09820171740368
H           -4.88676109338480       -0.11848240984137       -2.99142735906246
H           -4.17067749683847        1.29696166065906       -2.20234105762224
H           -5.87214930018984        1.30986755722591       -2.65797800347532
53
 energy: -69.966061514605 gnorm: 0.000963508625 xtb: 6.7.1 (edcfbbe)
C            7.80928514911963       -0.93303333504958        1.72384186844058
C            6.75577105162267       -0.29210341753214        0.86675147712786
C            7.31073118569561        0.64224391105662       -0.16682596480151
C            5.46889947198625       -0.56678274943524        1.04175726343163
C            4.30071829350965       -0.02062975987024        0.28167521517152
C            3.54535809584010        1.02840253828138        1.11888612760323
C            2.33497183759327        1.52441128115063        0.38221370460326
C            2.58529174580144        2.47600437769759       -0.75322963775991
C            1.11834939761309        1.10591379147044        0.71113182431827
C           -0.15210760980250        1.50199404482040        0.03265410752840
O           -1.04995309847498        0.39449860864214        0.09547608398440
C           -2.31052714674374        0.62799051581744       -0.29060276418210
O           -2.68570566764111        1.72103570272436       -0.65711779681812
C           -3.09500974203973       -0.60138962434525       -0.19748304938170
C           -2.58049758959801       -1.83649526814425        0.19439771417528
C           -3.65465131829973       -2.72106201118761        0.13092031079468
C           -3.67762818131019       -4.17702479607100        0.43489024151188
N           -4.74208093214004       -2.07159646156363       -0.26901842979750
N           -4.41593047461345       -0.80918481705776       -0.46743060031156
C           -5.45389285870342        0.11836275487374       -0.91536891189842
C           -6.76183865908331       -0.66384452330116       -1.03881215062671
C           -5.61903826240082        1.23277278246711        0.12035591903238
C           -5.06775727833603        0.68878740053626       -2.28199652940895
H            8.49970131711647       -1.50545648368015        1.10454501153342
H            8.38875862706459       -0.17178236896510        2.24560623161432
H            7.36902951862252       -1.60018360133466        2.46009829148498
H            7.91402937378460        1.40988860266172        0.31754098130107
H            7.96057756243697        0.09659662128080       -0.85120435436154
H            6.53421900005006        1.13185469750908       -0.74493333956928
H            5.19371862934280       -1.24631718259799        1.83914197651519
H            3.61136864027536       -0.83663038992076        0.05297677136065
H            4.61326515515066        0.42391437702575       -0.66187902612063
H            3.24910267649804        0.57635964821576        2.06651770231827
H            4.21997507035545        1.85973436635697        1.33450234951706
H            2.02559459147282        3.39940771669931       -0.61243103946225
H            3.64092460499462        2.72189022616438       -0.82425112810510
H            2.26972154554161        2.03793186665168       -1.69991496137172
H            0.97842812967416        0.42009550929130        1.53416384073985
H            0.00538311249883        1.77332382950467       -1.01724064059552
H           -0.61966004574049        2.36362163713387        0.53158737111901
H           -1.56924588708657       -2.04090703776616        0.47833881904768
H           -2.71923185925546       -4.48847912192357        0.84177321355401
H           -4.46427666800873       -4.39955815827227        1.15296600479692
H           -3.88136077399437       -4.74708488277114       -0.47032533772537
H           -7.55029764890018        0.00506936289697       -1.37277859855797
H           -6.65584851034717       -1.47349802211907       -1.75453574897020
H           -7.04185260715694       -1.09312227617841       -0.08152760216096
H           -6.44772840562373        1.87487908410833       -0.16509636551828
H           -4.72051832818429        1.83872514711324        0.17749329816707
H           -5.82806258956128        0.80862762018504        1.10026761516873
H           -4.89600551683580       -0.11764688870591       -2.99182350927265
H           -4.16995187746569        1.29343646131358       -2.20409142685879
H           -5.87251424631283        1.31603869415944       -2.65511276991790
53
 energy: -69.966076967150 gnorm: 0.000803060490 xtb: 6.7.1 (edcfbbe)
C            7.81743540112479       -0.92558563647923        1.72576476978070
C            6.76437132388516       -0.28488331762699        0.86781122232425
C            7.32039031541341        0.64928017668161       -0.16531796487495
C            5.47738075543841       -0.55968887448764        1.04201099683546
C            4.30898302519192       -0.01591364012651        0.28072803371526
C            3.54690199452931        1.02692947225037        1.11985805232934
C            2.33644181650787        1.52066161710892        0.38164777454297
C            2.58462623774570        2.48204051772623       -0.74597025107980
C            1.12123794908235        1.09236961276487        0.70366642965096
C           -0.14938441145339        1.48744044609953        0.02524432620782
O           -1.04910127990968        0.38136913368815        0.09112133324041
C           -2.30982576832821        0.61750750709935       -0.29365212592123
O           -2.68173167389829        1.71090039928871       -0.66239988261629
C           -3.09865769814531       -0.60867202938993       -0.19711441825523
C           -2.58991194837318       -1.84609898364982        0.19456980665765
C           -3.66765008390102       -2.72635443873998        0.12875754610598
C           -3.69773234882445       -4.18265499735900        0.43018687296656
N           -4.75166434657073       -2.07206962045780       -0.27221050035813
N           -4.42027832234416       -0.81098688514016       -0.46926112140620
C           -5.45549299565788        0.12133372005129       -0.91425947008167
C           -6.76719961349110       -0.65499338174182       -1.03445760702874
C           -5.61298283808434        1.23535986711029        0.12297941990056
C           -5.07051512148920        0.68990635155664       -2.28192804928804
H            8.51363792939131       -1.49090219178745        1.10629721768523
H            8.39057795200486       -0.16416596727408        2.25434742718992
H            7.37737188739583       -1.59907235010456        2.45640499781748
H            7.91565577038276        1.42205107413453        0.32084275238135
H            7.97827020178551        0.10557798110517       -0.84353308274672
H            6.54478055777149        1.13232075832926       -0.75016841587044
H            5.20247512356044       -1.24044252280413        1.83860423775981
H            3.62394872179425       -0.83458859557754        0.04701051266850
H            4.62232737113452        0.43359388320139       -0.66050751669565
H            3.24928973460327        0.56983102999818        2.06473129635419
H            4.21697714927248        1.86059675369537        1.34100118765983
H            2.03250736059535        3.40739330169416       -0.59112344921660
H            3.64110824794685        2.72155569347595       -0.82324939245687
H            2.25796343035746        2.05678069353578       -1.69467555461072
H            0.98327571750756        0.40008950911821        1.52160000670938
H            0.00771300933509        1.75640871869813       -1.02522717976657
H           -0.61554036870106        2.35074047628585        0.52224206034718
H           -1.58007330092502       -2.05480736339646        0.48047348744528
H           -2.74466826968966       -4.49778563771138        0.84658504296741
H           -4.49280401961524       -4.40409737378127        1.13923556883638
H           -3.89339105412192       -4.75059574588338       -0.47819414445981
H           -7.55337281738762        0.01763183711409       -1.36644011467361
H           -6.66676992427875       -1.46506340957433       -1.75049152617141
H           -7.04693666416848       -1.08297881629206       -0.07651136497710
H           -6.43865604324357        1.88233255220330       -0.16002156996338
H           -4.71122618077206        1.83642984196932        0.17965445440036
H           -5.82267095445665        0.81068242291931        1.10256653148134
H           -4.90419234368862       -0.11769260792062       -2.99171865727776
H           -4.16983154895092        1.29049871793192       -2.20667129077523
H           -5.87338704328580        1.32048032048803       -2.65339906298269
53
 energy: -69.966097763638 gnorm: 0.001026246920 xtb: 6.7.1 (edcfbbe)
C            7.82624963153472       -0.91442150692757        1.72901728590499
C            6.77394648785703       -0.27743210964973        0.86726000328100
C            7.33059359773958        0.65773422041614       -0.16462374934912
C            5.48719372196494       -0.55437342397070        1.03965862963090
C            4.31773466759388       -0.01260959965587        0.27889390685349
C            3.54999924826748        1.02422307817703        1.12056757846997
C            2.33853893437428        1.51569904935840        0.38241531950861
C            2.58276766623045        2.49117967146395       -0.73382758053134
C            1.12530240021169        1.07474932277437        0.69517782616491
C           -0.14453901897484        1.46833258815684        0.01455445352830
O           -1.04693774745511        0.36440298844344        0.08334625249264
C           -2.30825508007638        0.60475033379120       -0.29820753566797
O           -2.67644154930780        1.69904240376740       -0.66790579167089
C           -3.10239142139515       -0.61758742430131       -0.19803529462231
C           -2.60066331411858       -1.85785862770901        0.19319009082872
C           -3.68313823739379       -2.73248793428687        0.12596392706167
C           -3.72190644092349       -4.18894660702702        0.42531257029572
N           -4.76318945051458       -2.07215963095849       -0.27534888521394
N           -4.42519016683515       -0.81285443595537       -0.47135831621511
C           -5.45704862658946        0.12519427053279       -0.91280347997617
C           -6.77338371812990       -0.64393052079647       -1.02855041475781
C           -5.60506737460324        1.23910098286651        0.12584042964658
C           -5.07375765236430        0.69117001684577       -2.28194988021223
H            8.53179111458649       -1.47011542596063        1.11142526170139
H            8.38905519442921       -0.15123077404147        2.26633749775992
H            7.38659550694017       -1.59570197223986        2.45262949341739
H            7.91546030756488        1.43748147756975        0.32321707197874
H            7.99859703079582        0.11673564677345       -0.83502225486145
H            6.55580582483710        1.13170491233174       -0.75798362312943
H            5.21339896132151       -1.23485963780375        1.83692837052882
H            3.63605671289577       -0.83320074540512        0.04253030744959
H            4.62960057808049        0.44103963974884       -0.66091357490816
H            3.25276531862027        0.56210538964635        2.06304705849013
H            4.21641882695239        1.85948831775796        1.34588556252340
H            2.03792364927725        3.41774693592155       -0.55984978411706
H            3.63990523341584        2.72536213198596       -0.81741137967689
H            2.24444912904758        2.08241317937378       -1.68565489618275
H            0.98916971715503        0.37355139581503        1.50572382686947
H            0.01455777131335        1.73290892600516       -1.03685288465864
H           -0.60993474056590        2.33461388688803        0.50699378351864
H           -1.59232666003545       -2.07236425201231        0.48026777810847
H           -2.77579812525201       -4.50796577338799        0.85440748886948
H           -4.52776093455926       -4.40839833958709        1.12269884532501
H           -3.90667419025325       -4.75519730200086       -0.48650157781295
H           -7.55689686337743        0.03325990174751       -1.35760904571723
H           -6.68011338874945       -1.45435068158819       -1.74512747922044
H           -7.05226441060143       -1.07049585701017       -0.06973087136505
H           -6.42829324104295        1.89074716706754       -0.15324765770214
H           -4.70007002595287        1.83533862672085        0.18032455986882
H           -5.81355971186078        0.81408981516438        1.10557300067451
H           -4.91300300159020       -0.11810338588946       -2.99116713064858
H           -4.17022600873507        1.28787261989534       -2.21009604393461
H           -5.87504613174668        1.32460707117712       -2.65196939619257
53
 energy: -69.966123979190 gnorm: 0.001423205034 xtb: 6.7.1 (edcfbbe)
C            7.83703800619556       -0.89716717991510        1.73416560345311
C            6.78551691918035       -0.26626045606398        0.86698369600905
C            7.34206907752152        0.66909465815827       -0.16465912690355
C            5.49938820368436       -0.54829019173208        1.03605185004321
C            4.32807074115665       -0.01081845225955        0.27531839990290
C            3.55489559562276        1.01882203066954        1.12157263885978
C            2.34154079833986        1.50746694245895        0.38478039508598
C            2.57941871787737        2.50401956174192       -0.71421009408390
C            1.13119201668750        1.04867336654688        0.68390111998982
C           -0.13680694880741        1.44097002815856       -0.00107682824817
O           -1.04354726890589        0.34084000706334        0.07086903286738
C           -2.30559475093756        0.58805406362617       -0.30527760946973
O           -2.66894860881086        1.68425385942171       -0.67397194131130
C           -3.10701234317233       -0.62913410049374       -0.20151121959404
C           -2.61385668113263       -1.87310605945524        0.18850915245725
C           -3.70281458661919       -2.73999296806404        0.12219287383064
C           -3.75252502496407       -4.19641095834793        0.42008958553713
N           -4.77846638575690       -2.07166349474165       -0.27737079032547
N           -4.43177322621351       -0.81480906954372       -0.47329447239837
C           -5.45892939429151        0.13061519052761       -0.91048468389591
C           -6.78134413802118       -0.62905351232311       -1.02008275819987
C           -5.59465508573055        1.24524191875719        0.12902117203019
C           -5.07783062463762        0.69308485568511       -2.28166977420780
H            8.55588005255565       -1.44030978683833        1.12062800729226
H            8.38484927838364       -0.13041462547756        2.28228388206072
H            7.39812472534502       -1.58801384218017        2.44914112709615
H            7.91266699109025        1.45858655747234        0.32461352947177
H            8.02354444416826        0.13199568221815       -0.82470685551295
H            6.56801627196880        1.13026185086120       -0.76908689561511
H            5.22736040375697       -1.23137422536451        1.83187966128449
H            3.65011752792210       -0.83398876042211        0.03544518757168
H            4.63800223129052        0.44833484332014       -0.66276348734970
H            3.25952110762832        0.55031068896649        2.06151223108034
H            4.21744197185302        1.85608319424054        1.35126103931595
H            2.04204895058981        3.43031238922564       -0.51385348977139
H            3.63728503951707        2.73352876725291       -0.80523129393050
H            2.22676534981037        2.11795788779738       -1.67073850005219
H            0.99666707261882        0.33450542666847        1.48330113429653
H            0.02669238200253        1.69871005094808       -1.05388258178126
H           -0.60114742983860        2.31236219596668        0.48359473249310
H           -1.60692256615248       -2.09548234798328        0.47459575467413
H           -2.81591983904797       -4.51950961762501        0.86684982815904
H           -4.57274531593776       -4.41285288470512        1.10158421249084
H           -3.92178005696681       -4.76163026662803       -0.49557426746910
H           -7.56149866105264        0.05406748944070       -1.34492454876622
H           -6.69760874799193       -1.43976040429877       -1.73751921157536
H           -7.05865228087056       -1.05398120374108       -0.06008021973008
H           -6.41609000589343        1.90133411154488       -0.14476826359886
H           -4.68614520461011        1.83656398733848        0.17827797808723
H           -5.79947320332211        0.82094629344411        1.10990697226588
H           -4.92337033505663       -0.11812857785867       -2.99014686083046
H           -4.17115717779289        1.28554524997590       -2.21397960878961
H           -5.87749798422779        1.32960983658570       -2.65002576188959
53
 energy: -69.966147852731 gnorm: 0.001774791406 xtb: 6.7.1 (edcfbbe)
C            7.84509947372387       -0.87859127764345        1.73859695717322
C            6.79269043468909       -0.25814675073955        0.86488129053991
C            7.34601545275438        0.67962778194421       -0.16625880671106
C            5.50796723259338       -0.54816744359592        1.03122462741341
C            4.33381774762094       -0.01386757604472        0.27289881329985
C            3.56013411756531        1.01274479966586        1.12306665842666
C            2.34513765397402        1.50070233982114        0.38884543682306
C            2.57693222867635        2.51878130781551       -0.69132754464271
C            1.13808103928672        1.02275942648384        0.67162620096693
C           -0.12726970144352        1.41360190098023       -0.01940547683517
O           -1.03857954476080        0.31778212136712        0.05499880822936
C           -2.30163633129633        0.57267021350064       -0.31348376294304
O           -2.66093172042398        1.67146462159560       -0.67837794478224
C           -3.10998439837148       -0.63962605142618       -0.20700590188925
C           -2.62410722418982       -1.88687406739261        0.18145834254218
C           -3.71939507080913       -2.74616127096483        0.11931772522708
C           -3.77869583892079       -4.20215006556742        0.41734385849537
N           -4.79175920176392       -2.07047730746558       -0.27647927947046
N           -4.43705865312121       -0.81610766605804       -0.47390939078412
C           -5.45955659323375        0.13591791901342       -0.90767900718763
C           -6.78737152683014       -0.61509393355552       -1.01160056040581
C           -5.58421101279289        1.25206484708823        0.13154404390032
C           -5.08009880219823        0.69490481999728       -2.28075638738185
H            8.57884472013906       -1.40715577370087        1.12988962324728
H            8.37525306045845       -0.10639502440993        2.29694521173449
H            7.40925148797024       -1.57980328146673        2.44536536469262
H            7.90269471269232        1.47903973842864        0.32298078639200
H            8.03951805860553        0.14757873488224       -0.81750349257595
H            6.57132964804202        1.12733331766566       -0.77975957646822
H            5.23897680345840       -1.23174744217045        1.82762941568373
H            3.65715087659557       -0.83840729686830        0.03417974057033
H            4.63970417170716        0.44744877269140       -0.66556531214413
H            3.26755798853529        0.54102591059820        2.06227679958734
H            4.22194400170151        1.85032452564912        1.35350044125866
H            2.03914228011131        3.43864276731354       -0.46978636529897
H            3.63323165849158        2.75272653768813       -0.78324777126075
H            2.22032367247621        2.15229850450872       -1.65271714211211
H            1.00464822072621        0.29376734842715        1.45774820394480
H            0.04192764478392        1.66375854873362       -1.07359665744582
H           -0.59081090673864        2.29051809655249        0.45629305898440
H           -1.61783587498453       -2.11662034604038        0.46399190522300
H           -2.85160143021028       -4.52781742358130        0.88150643438913
H           -4.61220383223438       -4.41526602341425        1.08324718449702
H           -3.93207748091617       -4.76789198155803       -0.50083527297642
H           -7.56454933212379        0.07331489655814       -1.33228243850455
H           -6.71239861420100       -1.42583737009516       -1.72990980857810
H           -7.06283480917529       -1.03875634690104       -0.05051775719938
H           -6.40535569130179        1.91055450478705       -0.13712477581249
H           -4.67342695327178        1.84034025475565        0.17390862822803
H           -5.78354378936470        0.82943750767893        1.11428745684520
H           -4.92982706267194       -0.11795566827908       -2.98820585340262
H           -4.17145990846864        1.28470954361628       -2.21644968257580
H           -5.87879308155447        1.33307577915287       -2.64832739652110
53
 energy: -69.966165733762 gnorm: 0.002363932487 xtb: 6.7.1 (edcfbbe)
C            7.85658172679442       -0.85730581077092        1.74461245268873
C            6.80378580370998       -0.24628952910699        0.86481902822867
C            7.35440334339904        0.69404394223418       -0.16537314780611
C            5.52058077352054       -0.54551193300262        1.02658658988112
C            4.34460752063162       -0.01595134787938        0.26784258520815
C            3.56439211136148        1.00170866178121        1.12415712067147
C            2.34762650268419        1.48711034557567        0.39150953239413
C            2.57178756538722        2.52893832038500       -0.66762767568671
C            1.14437117279034        0.99029039039272        0.65756303003245
C           -0.11852737214637        1.38256205717832       -0.03723134417865
O           -1.03624987953053        0.29304565606662        0.04047477351306
C           -2.29889212447761        0.55681989552948       -0.32289804216355
O           -2.65252305633040        1.65859340666188       -0.68488739448910
C           -3.11514574760673       -0.65014972127102       -0.21535487305182
C           -2.63568964201042       -1.90092583485806        0.17013077944151
C           -3.73768207790113       -2.75207544790503        0.11541375036669
C           -3.80569913015863       -4.20763854208207        0.41393556791201
N           -4.80781526114369       -2.06866662305305       -0.27342208658632
N           -4.44510230516544       -0.81679409607555       -0.47334366310212
C           -5.46224919828700        0.14217945803646       -0.90397597537181
C           -6.79586456526253       -0.59951867399699       -1.00211910133987
C           -5.57535637474693        1.26111997239139        0.13377444962296
C           -5.08387820688122        0.69747666740754       -2.27892554998958
H            8.60120583040525       -1.37582672922666        1.14143309415101
H            8.37299713463845       -0.08039911241928        2.30863096567700
H            7.42365017810388       -1.56460698807479        2.44662995205857
H            7.89658967243803        1.50265440994654        0.32525631889567
H            8.06056563703918        0.16795267799410       -0.80803764804434
H            6.57957815594191        1.12898014357143       -0.78793468017625
H            5.25338615818076       -1.23159922189481        1.82141518861846
H            3.67266429086942       -0.84336078903056        0.02369106361139
H            4.64905298597981        0.45280009077605       -0.66775008273748
H            3.27394723779262        0.52271773881949        2.06068556861745
H            4.22190116621114        1.84196106273397        1.35978942889097
H            2.04105933567459        3.44821940291573       -0.41517558367771
H            3.62924336371707        2.75893243090583       -0.76583098457592
H            2.19896511982759        2.18860641753838       -1.63527610628619
H            1.01208489159514        0.24605515383776        1.42945420143759
H            0.05482933889533        1.62577860448639       -1.09275243861866
H           -0.57815284777508        2.26577521607860        0.43086059786120
H           -1.62915321837379       -2.13814269999533        0.44554077642189
H           -2.88846893600495       -4.53457280722515        0.89704073416540
H           -4.65332578771784       -4.41810996896935        1.06290450215700
H           -3.94101367368608       -4.77435159373716       -0.50687659647736
H           -7.56978910257868        0.09435103464449       -1.31887673535353
H           -6.72986622492798       -1.41057469215322       -1.72102214737455
H           -7.06962707426156       -1.02160510767275       -0.03985251231423
H           -6.39642209099125        1.92160608400308       -0.13050340851347
H           -4.66228097646136        1.84653313657528        0.16780593948772
H           -5.76869902258558        0.84176785528845        1.11907002318738
H           -4.93966686777084       -0.11684264807709       -2.98616494321999
H           -4.17201719278660        1.28295988271135       -2.21776405813615
H           -5.88069906001170        1.33927980203353       -2.64461158352295
53
 energy: -69.966183787295 gnorm: 0.001199509634 xtb: 6.7.1 (edcfbbe)
C            7.85838683392674       -0.85027435834573        1.74500500365839
C            6.80335159292799       -0.24356746328579        0.86520531011944
C            7.35011396934824        0.69807414657022       -0.16582737299124
C            5.52136484371390       -0.54779169434138        1.02684764088245
C            4.34389432043746       -0.02098877319177        0.26837203662941
C            3.56501038539721        0.99709466802653        1.12482219836538
C            2.34851672273491        1.48342454890430        0.39249493305166
C            2.57136433697844        2.53254709071359       -0.65866466895431
C            1.14665365271032        0.98075925478221        0.65124280677233
C           -0.11512904063829        1.37435126748023       -0.04481068933609
O           -1.03497170660170        0.28717953371865        0.03377468430129
C           -2.29741787216707        0.55387247826807       -0.32705839881091
O           -2.64991809161354        1.65686288301116       -0.68643940139255
C           -3.11544166312675       -0.65183341682646       -0.21961923781290
C           -2.63637943250238       -1.90317969826605        0.16456211691782
C           -3.73998843499987       -2.75231966284578        0.11513159013167
C           -3.80883375459740       -4.20750726477219        0.41504518992757
N           -4.81065343853185       -2.06735020851337       -0.26949377671046
N           -4.44651865606778       -0.81620127502201       -0.47171775777402
C           -5.46223797200352        0.14394954796122       -0.90235944441823
C           -6.79683024602686       -0.59587742648497       -0.99941966400183
C           -5.57330088841599        1.26416608380166        0.13416012867684
C           -5.08358665356261        0.69821959253958       -2.27769306371925
H            8.60547275051537       -1.36537595503023        1.14264996419704
H            8.37056182248093       -0.07099064634617        2.30887005535902
H            7.42838122224263       -1.55923874622418        2.44701301285689
H            7.88862472475218        1.50901495258320        0.32422485492679
H            8.05838565334702        0.17483112048421       -0.80801687469808
H            6.57388911072301        1.12941308993220       -0.78859451518454
H            5.25611625720198       -1.23600599772951        1.82048519516781
H            3.67193721494374       -0.84848266319836        0.02570268458131
H            4.64662437045795        0.44732867755370       -0.66768705355443
H            3.27502115239701        0.51849913830710        2.06153946403726
H            4.22371000091109        1.83631340020852        1.35991648132129
H            2.03667996629082        3.44723282232360       -0.40236629685350
H            3.62822675716593        2.76753874272653       -0.75310748899908
H            2.20273895291813        2.19653493109199       -1.62780897818910
H            1.01451784993954        0.23115905163283        1.41739707770319
H            0.05945034279671        1.61538652513448       -1.10071448320683
H           -0.57286916010112        2.25950068462762        0.42135492927636
H           -1.62898303585934       -2.14181222130457        0.43533437169594
H           -2.89438531564563       -4.53312589537371        0.90345592498516
H           -4.65961614522571       -4.41745143271957        1.05920260940633
H           -3.93830313298623       -4.77573539908407       -0.50542737023094
H           -7.57009910406400        0.09885299942924       -1.31557998546203
H           -6.73235396934760       -1.40694033673434       -1.71832019660277
H           -7.07024519202225       -1.01768944358549       -0.03693704369715
H           -6.39520868210817        1.92393312865075       -0.12937343184237
H           -4.66034579363319        1.84990629001992        0.16502565825067
H           -5.76414144009901        0.84643916104340        1.12055903435292
H           -4.93981529032524       -0.11630087071140       -2.98470994891580
H           -4.17142622127608        1.28321334092898       -2.21670979952648
H           -5.87999447370272        1.34044169750482       -2.64349836226222
53
 energy: -69.966208457214 gnorm: 0.001742342674 xtb: 6.7.1 (edcfbbe)
C            7.86945594277588       -0.82837003697282        1.74665955370653
C            6.80796106883330       -0.23447179958493        0.86592044536411
C            7.34451831925014        0.71402201466024       -0.16438912513275
C            5.52915187733949       -0.55199118323885        1.02699468388460
C            4.34797840339069       -0.03159784053849        0.26977647223295
C            3.56632657269319        0.98237772842573        1.12762963495842
C            2.35182883778634        1.47122918950431        0.39391554237888
C            2.57166951787029        2.54455268688573       -0.63272204416750
C            1.15352983924756        0.94728573102468        0.62871336712343
C           -0.10570238455655        1.34550037998218       -0.06893756537865
O           -1.03239111889797        0.26557889074472        0.01421774144076
C           -2.29402615064469        0.54113636788569       -0.34040382691850
O           -2.64126793819098        1.64718722257643       -0.69570597907278
C           -3.11898360916105       -0.65958695602766       -0.23082652074516
C           -2.64353448325275       -1.91353289393811        0.15007156640583
C           -3.75296047447164       -2.75550246588793        0.11338406092143
C           -3.82713143287291       -4.21009053719039        0.41554309398400
N           -4.82345967590709       -2.06422391143220       -0.26085922683949
N           -4.45327764680381       -0.81551754184185       -0.46844279475681
C           -5.46398800919715        0.15024812801532       -0.89727601292650
C           -6.80320873579335       -0.58168417546222       -0.98998550865596
C           -5.56540569794200        1.27356195080529        0.13716869303155
C           -5.08516956688420        0.70094416105953       -2.27414422563973
H            8.62455824169150       -1.33294838248853        1.14498039558608
H            8.36949039274301       -0.04224469564737        2.31241544878322
H            7.44676903146862       -1.54383373651372        2.44730514505245
H            7.86831702606927        1.53429848593323        0.32679658614666
H            8.06345122047881        0.20035140381520       -0.80281619689322
H            6.56407074878883        1.13222824610715       -0.79111350489293
H            5.26899372104562       -1.24257167523726        1.82007182349790
H            3.68007545191030       -0.86162714565740        0.02654477693704
H            4.64710851407867        0.43978888879679       -0.66544876767636
H            3.27454450293136        0.50020810732381        2.06197606720394
H            4.22390833378326        1.82092553959786        1.36736929273740
H            2.03185674196815        3.44901437327619       -0.35833311630876
H            3.62661966384370        2.78860381890147       -0.72057211825132
H            2.20648528394354        2.22895187490256       -1.60854353764944
H            1.02254179520705        0.17774751077333        1.37570837267534
H            0.06988972468230        1.58130724369936       -1.12609996403688
H           -0.55638623308323        2.23618218316126        0.39341715575789
H           -1.63451578291611       -2.15761536679979        0.40975560843804
H           -2.92302785719064       -4.53355809253769        0.92559208854447
H           -4.69300988900741       -4.41913574222704        1.04043520992849
H           -3.93423132476010       -4.78070452390641       -0.50700079817773
H           -7.57351519757763        0.11721890261289       -1.30408687940240
H           -6.74544008161284       -1.39349420507681       -1.70872173182436
H           -7.07593476263313       -1.00158630604194       -0.02644735768298
H           -6.38690944483880        1.93515318542685       -0.12376002341291
H           -4.65034149160349        1.85653611868873        0.16075764436219
H           -5.75168628270634        0.85974523584163        1.12593713418634
H           -4.94676969551641       -0.11458253617823       -2.98102798055659
H           -4.16997608057144        1.28141168826418       -2.21527372065439
H           -5.87884972521845        1.34717449175999       -2.63867942521109
53
 energy: -69.966227891393 gnorm: 0.001290657413 xtb: 6.7.1 (edcfbbe)
C            7.87816579353821       -0.81761115632708        1.74702469826517
C            6.81303011712193       -0.22859289438996        0.86730805183767
C            7.34401374443976        0.72559022118963       -0.16073421155622
C            5.53596937334761       -0.55324485969090        1.02767848917138
C            4.35301590348996       -0.03717333660105        0.27030954718388
C            3.56467159673596        0.97065951329139        1.12953222769500
C            2.35259597783373        1.46147197679939        0.39305938155607
C            2.57177771764137        2.54700071479316       -0.62038460139007
C            1.15612179741344        0.92981745446717        0.61557733257928
C           -0.10197632851214        1.33192719463070       -0.08136663507833
O           -1.03308424787707        0.25640328753651        0.00497178494263
C           -2.29387144877378        0.53591916684330       -0.34875122505571
O           -2.63780148128072        1.64290587827103       -0.70427154533861
C           -3.12203020601687       -0.66245572532891       -0.23738182383774
C           -2.64797911726244       -1.91766934235017        0.14114381400521
C           -3.76019274487848       -2.75615270975476        0.11230810657124
C           -3.83564450963023       -4.21045158063567        0.41528560498288
N           -4.83094131263534       -2.06183974019327       -0.25550251808456
N           -4.45803707854328       -0.81448074646095       -0.46680522943032
C           -5.46666281017133        0.15389076494961       -0.89449526547867
C           -6.80806555747548       -0.57425942682931       -0.98485863541598
C           -5.56284339793904        1.27836239485098        0.13928641392296
C           -5.08806822010053        0.70238626403836       -2.27231379977227
H            8.63254240079620       -1.32155588930524        1.14413088491644
H            8.37810060725888       -0.02942367542965        2.30961252163896
H            7.45953269175465       -1.53259545362237        2.45043137737301
H            7.86153166007174        1.54854395447572        0.33193250593418
H            8.06683360264514        0.21815708161010       -0.79929549867786
H            6.56163690409983        1.13939651905795       -0.78767606980057
H            5.27875678731623       -1.24531526186169        1.82032729776257
H            3.69036348069750       -0.87046692118240        0.02370924491022
H            4.65118466930082        0.43846058193803       -0.66318412180691
H            3.26906494291876        0.48350209305997        2.06032620293564
H            4.21901595236032        1.80980312633911        1.37661034991619
H            2.03201118225805        3.44847737177686       -0.33397823582902
H            3.62656725725462        2.79181440751885       -0.70538647063269
H            2.20550158594337        2.24426293287225       -1.60038957408577
H            1.02549976989502        0.15192885254578        1.35307955654882
H            0.07267499637435        1.56575254380342       -1.13906499965618
H           -0.54739371567843        2.22537741573770        0.38041675710700
H           -1.63803258357774       -2.16429955719905        0.39450585376076
H           -2.93710614529150       -4.53168973131275        0.93539597576985
H           -4.70736984912446       -4.42045509765824        1.03031083315079
H           -3.93056063753872       -4.78278530621896       -0.50707216671715
H           -7.57676438266304        0.12639267357441       -1.29903755300322
H           -6.75318267400415       -1.38702141217635       -1.70280191739427
H           -7.08095749883529       -0.99235150201178       -0.02058400856597
H           -6.38267840267328        1.94234880432291       -0.12085254163920
H           -4.64590934763599        1.85843630961800        0.16086087233753
H           -5.74880428180544        0.86597001460194        1.12863948830489
H           -4.95454689060343       -0.11398937470850       -2.97917186271906
H           -4.17025190313141        1.27884257601139       -2.21537375410575
H           -5.87942373883826        1.35207861074883       -2.63560125760362
53
 energy: -69.966239813797 gnorm: 0.000580543236 xtb: 6.7.1 (edcfbbe)
C            7.87982492580570       -0.81819049645674        1.74582534599416
C            6.81420909447220       -0.22678265151535        0.86821820274595
C            7.34492152882990        0.72766754637868       -0.15951825426250
C            5.53723946642264       -0.55178618104800        1.02853892015527
C            4.35367094742223       -0.03730789565226        0.27110874566333
C            3.56392433318702        0.96888893725746        1.13033153437288
C            2.35266322711516        1.46104124820824        0.39314162217918
C            2.57342667950820        2.54667103893234       -0.61992297757619
C            1.15537735062359        0.93068026600245        0.61511243125641
C           -0.10221038614537        1.33337695092743       -0.08259696068665
O           -1.03309887908331        0.25742085580255        0.00343928556021
C           -2.29439587476758        0.53633452764964       -0.35036183339079
O           -2.63853552920745        1.64280917112164       -0.70709005603743
C           -3.12214155366248       -0.66214455343802       -0.23721204975952
C           -2.64864582574874       -1.91714006987800        0.14222380076093
C           -3.76073758260174       -2.75583917622248        0.11214457203218
C           -3.83622113295437       -4.21005898897401        0.41528528047046
N           -4.83092660430473       -2.06172480196857       -0.25721704583417
N           -4.45809491150455       -0.81439181583807       -0.46804366148856
C           -5.46743012450990        0.15393109706380       -0.89478180506397
C           -6.80883632589101       -0.57427447392741       -0.98418862637013
C           -5.56279079318184        1.27759215023327        0.13977645098972
C           -5.09016345970162        0.70217214675547       -2.27295215814967
H            8.63229459583865       -1.32375624385732        1.14135174507574
H            8.38282826153244       -0.03101634227882        2.30759930386618
H            7.46118900549589       -1.53238002891748        2.44982222754581
H            7.86268495350751        1.54996226561562        0.33414619668108
H            8.06757088049874        0.22066914917089       -0.79889927439585
H            6.56212989680295        1.14240182476519       -0.78572343080201
H            5.28126948238169       -1.24616313987937        1.81969871194461
H            3.69204352322045       -0.87131039669294        0.02461638839048
H            4.65089152836834        0.43851468040387       -0.66265331760843
H            3.26688373298399        0.47968991111445        2.05914831195041
H            4.21751375902636        1.80715344699604        1.38033126188221
H            2.03262164296345        3.44823922019317       -0.33393663126447
H            3.62883857884594        2.79097405032573       -0.70332386286800
H            2.20884178305316        2.24327335778383       -1.60085991631067
H            1.02399983113169        0.15238743873494        1.35204287340726
H            0.07334826798991        1.56697444418503       -1.14028792600822
H           -0.54832919562944        2.22676719427445        0.37881800718421
H           -1.63913298031895       -2.16399466351735        0.39701715432104
H           -2.93914381134068       -4.53084705285069        0.93818701242698
H           -4.70989273689125       -4.42019422567799        1.02755142136335
H           -3.92802336011067       -4.78220280154036       -0.50732830155708
H           -7.57757153261539        0.12624969744949       -1.29871196548661
H           -6.75424948550327       -1.38749509068930       -1.70161323748382
H           -7.08157806928741       -0.99163587160120       -0.01959472384885
H           -6.38129851700550        1.94309742216873       -0.12000314302927
H           -4.64499230396261        1.85617956371793        0.16276880895909
H           -5.75018138329032        0.86413483020536        1.12859325875478
H           -4.95809954219535       -0.11464996594580       -2.97942837900370
H           -4.17197259745924        1.27792185131568       -2.21743821913997
H           -5.88151277814343        1.35211064363957       -2.63571146610289
53
 energy: -69.966261094407 gnorm: 0.001445074807 xtb: 6.7.1 (edcfbbe)
C            7.88542861504436       -0.81984890142399        1.74149178480313
C            6.81842539352155       -0.22401731859353        0.86852164312077
C            7.34745853241045        0.73570258156527       -0.15494071574389
C            5.54185937106593       -0.55091076298618        1.02863648805373
C            4.35607483744083       -0.03814701595576        0.27357612521367
C            3.56096597612962        0.96234396542323        1.13408069818974
C            2.35285797061615        1.45862253009127        0.39370256900901
C            2.57942160023112        2.54443713540796       -0.61809752251181
C            1.15309917760031        0.93257412788377        0.61339869892859
C           -0.10271055402079        1.33680938981481       -0.08705039706456
O           -1.03362965524881        0.26032421195475       -0.00146600298363
C           -2.29619109373490        0.53780214153765       -0.35497201062181
O           -2.64063466141121        1.64274541146449       -0.71554789571948
C           -3.12297284598483       -0.66081570129018       -0.23682474266850
C           -2.65061961352029       -1.91512450541899        0.14525122544834
C           -3.76228604757092       -2.75462715273962        0.11182881890979
C           -3.83805391809064       -4.20876191936901        0.41519683400999
N           -4.83120765270744       -2.06129360142486       -0.26177646364627
N           -4.45855160291249       -0.81414767552702       -0.47230786105440
C           -5.47001352018386        0.15392805212985       -0.89591868151216
C           -6.81144464395799       -0.57462979718073       -0.98165459976418
C           -5.56245144328795        1.27543612938995        0.14088663257377
C           -5.09745317292499        0.70187133677991       -2.27530190360223
H            8.63126346184888       -1.33075933860539        1.13253363037452
H            8.39776532163567       -0.03542551383708        2.29939516058776
H            7.46706473294632       -1.53098468958549        2.44842799732313
H            7.86597808110924        1.55578985002772        0.34190084644238
H            8.06931216336324        0.23176439981893       -0.79779625585783
H            6.56349274864750        1.15344751163144       -0.77807361958008
H            5.28885036315500       -1.24752314405862        1.81900453800296
H            3.69826334331954       -0.87471972023022        0.02590909931817
H            4.65118268985916        0.43967746149872       -0.66002270411834
H            3.25845811671265        0.46665976035685        2.05732408705521
H            4.21194117091189        1.79922540030345        1.39341085397793
H            2.03605544173139        3.44594188755553       -0.33554998738833
H            3.63558758605988        2.78888364202947       -0.69536862529842
H            2.22118664145297        2.24034376900591       -1.60169811429082
H            1.01847952769033        0.15436357023701        1.34982033941533
H            0.07539474067691        1.56968821763219       -1.14456331135671
H           -0.55013173354136        2.23036531591251        0.37287521020372
H           -1.64228805224460       -2.16223653656540        0.40452243113974
H           -2.94623672645700       -4.52757281527487        0.94825639689629
H           -4.71832957030963       -4.41984528198153        1.01778491995022
H           -3.91853031238237       -4.78126390644300       -0.50815436344496
H           -7.58035050507892        0.12548137472705       -1.29693815136975
H           -6.75806553155138       -1.38944183126790       -1.69732535843522
H           -7.08336584549583       -0.98957539614607       -0.01582801623521
H           -6.37696405650134        1.94572699841402       -0.11842426702638
H           -4.64192056704666        1.84941373178029        0.16814902614021
H           -5.75430579849277        0.85944000415074        1.12807198114641
H           -4.97011519559147       -0.11580521796471       -2.98160124182673
H           -4.17797456740491        1.27569365405812       -2.22398548262059
H           -5.88906871751576        1.35297418131279       -2.63533008808771
53
 energy: -69.966274153457 gnorm: 0.001434296964 xtb: 6.7.1 (edcfbbe)
C            7.89034523647892       -0.82078832412381        1.73734678286449
C            6.82146364565254       -0.22031581409480        0.86989761939261
C            7.34872332185050        0.74306943160660       -0.15111194923244
C            5.54535403389036       -0.54924251914008        1.03000810988163
C            4.35836055522381       -0.03850718415580        0.27529554893693
C            3.55797855677300        0.95607936144922        1.13791706186224
C            2.35278853700006        1.45531472327449        0.39454607617933
C            2.58461495961599        2.54089897151761       -0.61630739023324
C            1.15122743999640        0.93256182089714        0.61189351404868
C           -0.10297122615537        1.33779546063878       -0.09105758093524
O           -1.03454545440958        0.26172849552792       -0.00564111254480
C           -2.29735085110300        0.53860364698333       -0.35917092888147
O           -2.64186114463887        1.64283720012902       -0.72166800579624
C           -3.12415215746260       -0.65969103917616       -0.23752921975840
C           -2.65194073254998       -1.91340415822217        0.14656102499287
C           -3.76315013911735       -2.75359434571838        0.11174213965229
C           -3.83919047026536       -4.20765073153335        0.41543802361125
N           -4.83167933610600       -2.06114007861510       -0.26445187426015
N           -4.45933173703522       -0.81403375535162       -0.47550464115065
C           -5.47214740419224        0.15381751772218       -0.89662483665849
C           -6.81371944155688       -0.57492789047883       -0.97913230596834
C           -5.56224713717151        1.27461905962540        0.14106405628596
C           -5.10353518990049        0.70227369271779       -2.27686838450994
H            8.62971653870223       -1.33666838612056        1.12465102323591
H            8.41020900212027       -0.03853596805241        2.29092957523370
H            7.47235091744476       -1.52886059702229        2.44767161438762
H            7.86764666074173        1.56117126098125        0.34841610899575
H            8.06988803939645        0.24246277896130       -0.79734973834610
H            6.56360532707234        1.16326848919861       -0.77098701130027
H            5.29444367082601       -1.25084418371177        1.81668869332693
H            3.70427707196596       -0.87714578258571        0.02392516300839
H            4.65309138933126        0.44365781862756       -0.65620768994786
H            3.25138072947401        0.45496733118290        2.05712387212113
H            4.20672991968303        1.79260193284792        1.40506666155348
H            2.03909843225528        3.44200139917705       -0.33761489259319
H            3.64082463933349        2.78646601887668       -0.68717854837987
H            2.23256693905705        2.23640806466475       -1.60182721041962
H            1.01344786332081        0.15505078037622        1.34852376188172
H            0.07704753792588        1.56973321796520       -1.14839442258670
H           -0.55050497713756        2.23194996811036        0.36746365814145
H           -1.64419824709068       -2.16003566685756        0.40862752050794
H           -2.95243610085486       -4.52440441128444        0.95818011366135
H           -4.72549123562301       -4.41999284641745        1.00873616762924
H           -3.90860829396968       -4.78120267245469       -0.50835168934314
H           -7.58299926317789        0.12475653962364       -1.29447323396851
H           -6.76147755965890       -1.39100692666899       -1.69341974445765
H           -7.08436952988194       -0.98814454164433       -0.01218468380583
H           -6.37398733902230        1.94818340345924       -0.11875249810633
H           -4.63982191753563        1.84539401727009        0.17045890013036
H           -5.75706873167827        0.85809427581399        1.12739196312990
H           -4.97988160495976       -0.11514748538982       -2.98421634355491
H           -4.18300636676380        1.27478404371203       -2.22836006845274
H           -5.89550737610343        1.35473458590746       -2.63373909705657
53
 energy: -69.966291077510 gnorm: 0.000986185376 xtb: 6.7.1 (edcfbbe)
C            7.89716376296339       -0.82127476557560        1.73145562259058
C            6.82556684265574       -0.21718727193801        0.86990145757520
C            7.34950753254376        0.75431648097682       -0.14537651744016
C            5.55032246141043       -0.54953568807816        1.02981623948541
C            4.36205000324365       -0.03816653321030        0.27736190719599
C            3.55372085841054        0.94689428915490        1.14371227624374
C            2.35224600361447        1.44971120788988        0.39680125753180
C            2.59122821976057        2.53437997716304       -0.61336579352906
C            1.14852725631367        0.93054502901455        0.61023320613128
C           -0.10309643925986        1.33714369341468       -0.09679180621164
O           -1.03616017943813        0.26242385509995       -0.01132785919636
C           -2.29873963865884        0.53945565979191       -0.36452129052621
O           -2.64297100375751        1.64307954064659       -0.72927899828119
C           -3.12626051427038       -0.65818908761680       -0.23973060064033
C           -2.65352608714429       -1.91116083914023        0.14647537847604
C           -3.76409183571104       -2.75213222577604        0.11155498637285
C           -3.84019225817226       -4.20594905837385        0.41623116974945
N           -4.83271412882459       -2.06091239689505       -0.26674809893663
N           -4.46094302248649       -0.81376097940242       -0.47919013427097
C           -5.47510448331106        0.15383042846773       -0.89725167220414
C           -6.81690389544079       -0.57510374040452       -0.97534168664066
C           -5.56216714052993        1.27473466247328        0.14061718911694
C           -5.11140782714122        0.70340230996455       -2.27839198025686
H            8.62745370834572       -1.34447856511050        1.11425489351206
H            8.42693628883879       -0.04113311633150        2.27812163537405
H            7.47996471271060       -1.52452567902756        2.44724070080839
H            7.86868363506818        1.56944880160160        0.35876945243488
H            8.06975435409088        0.25902298076175       -0.79661898468615
H            6.56266650098109        1.17804902209334       -0.76046978494802
H            5.30122701211144       -1.25487245311557        1.81360275782575
H            3.71281086266322       -0.87838966946002        0.01845351864913
H            4.65665814939958        0.45206653473476       -0.64986583267045
H            3.24273084882422        0.43777033500841        2.05722340781065
H            4.19912081245511        1.78291360649895        1.42179716352389
H            2.04160783033547        3.43470755188967       -0.34077683326060
H            3.64751488649903        2.78198947062103       -0.67440023702649
H            2.24895527054586        2.22801290994016       -1.60155991288625
H            1.00634010105515        0.15380725538863        1.34694230482308
H            0.07974089156674        1.56716308878667       -1.15401233827300
H           -0.55024077883194        2.23260774702560        0.35950781281481
H           -1.64606676755867       -2.15658686639005        0.41067387870654
H           -2.96133544325623       -4.51929464180136        0.97391830138707
H           -4.73564521246051       -4.42030292486720        0.99498156653987
H           -3.89216728718433       -4.78131071439499       -0.50791062207657
H           -7.58697674243062        0.12394724915896       -1.29005034164971
H           -6.76630852843019       -1.39259858695983       -1.68809911968178
H           -7.08521117692943       -0.98652940129646       -0.00692750207054
H           -6.37095121755336        1.95149005246890       -0.12044170629693
H           -4.63775025174999        1.84215513884238        0.17094081419028
H           -5.75981082104740        0.85908090338370        1.12660047075114
H           -4.99246911459439       -0.11295298893885       -2.98781297841917
H           -4.18953977245079        1.27416903508398       -2.23293571206054
H           -5.90374723777285        1.35802937678422       -2.63055137307602
53
 energy: -69.966309374640 gnorm: 0.000948059911 xtb: 6.7.1 (edcfbbe)
C            7.90441623017764       -0.82074290131395        1.72460016141814
C            6.82940048111196       -0.21237570212318        0.87027397821873
C            7.34951536283705        0.76828656560089       -0.13841136761754
C            5.55525171737887       -0.54943677812473        1.02930962059852
C            4.36626040837090       -0.03723983638910        0.27851878083851
C            3.54919478387959        0.93539436121419        1.15111439818300
C            2.35150408473107        1.44093505242452        0.40048372343937
C            2.59739598204071        2.52482917635058       -0.60899083732009
C            1.14582719696566        0.92468408087912        0.60899815693630
C           -0.10237345068373        1.33363835358614       -0.10302087811191
O           -1.03819563122632        0.26154639416105       -0.01767609090152
C           -2.29980447763845        0.54009429085473       -0.37086137302175
O           -2.64324246371336        1.64369572428805       -0.73671784169149
C           -3.12897345819623       -0.65645583138886       -0.24399846301474
C           -2.65498326267595       -1.90877975506101        0.14343717159219
C           -3.76513954937306       -2.75015362746392        0.11118800175592
C           -3.84068609646338       -4.20364559109279        0.41745719721355
N           -4.83472245960599       -2.05990971477198       -0.26649432159252
N           -4.46358413368313       -0.81277917873282       -0.48158477178738
C           -5.47860143190179        0.15451812238836       -0.89728341917188
C           -6.82058928323222       -0.57463471424119       -0.97072400125584
C           -5.56254534684523        1.27683306115956        0.13949155296872
C           -5.11928719333073        0.70487645906860       -2.27931944377288
H            8.62447151666151       -1.35216434566799        1.10259509922428
H            8.44518478315270       -0.04263098614029        2.26278755193860
H            7.48863765744352       -1.51823568058409        2.44700599684631
H            7.86851388203468        1.58000035603045        0.37126005280770
H            8.06893709871286        0.27961878476467       -0.79537966342558
H            6.56091353734098        1.19601900730705       -0.74814815852720
H            5.30766974008292       -1.26067341587970        1.80814218567052
H            3.72286564713249       -0.87866315087370        0.00850277263052
H            4.66181781377618        0.46393427965213       -0.64248534660926
H            3.23431279540055        0.41649296825094        2.05800322695567
H            4.18972048257528        1.77154839273455        1.44129844031114
H            2.04142962309305        3.42353302447292       -0.34496433237809
H            3.65308746183337        2.77679612124893       -0.65836662166190
H            2.26777044935036        2.21517909644252       -1.60021289706904
H            0.99859315476734        0.14880270909530        1.34566285569451
H            0.08432578568419        1.56059564581166       -1.16018020283954
H           -0.54835515665423        2.23144069454022        0.34980241110657
H           -1.64696398861405       -2.15269286112125        0.40678993579904
H           -2.97206339244624       -4.51191758551020        0.99405132648350
H           -4.74716289034286       -4.42077175161798        0.97769583329353
H           -3.87006666089986       -4.78164986977489       -0.50641077505355
H           -7.59182390704834        0.12377368372968       -1.28381848902361
H           -6.77187222021552       -1.39306341595561       -1.68253861168206
H           -7.08574074596456       -0.98504037534168       -0.00095272015811
H           -6.36982093457704        1.95500106115835       -0.12282563361351
H           -4.63689234361840        1.84229272859902        0.16818740044299
H           -5.76080791638349        0.86364952844029        1.12620353516676
H           -5.00497903992466       -0.11015596307860       -2.99101365913841
H           -4.19604157551183        1.27378562381098       -2.23636151406045
H           -5.91169866575425        1.36201768420996       -2.62668028063037
53
 energy: -69.966326998291 gnorm: 0.001391377238 xtb: 6.7.1 (edcfbbe)
C            7.91099713513523       -0.81903363013610        1.71863805478877
C            6.83320255309452       -0.20762036782424        0.87013336242383
C            7.34953555519524        0.78242418859332       -0.13143222450670
C            5.56033785638737       -0.55019884950736        1.02727100062460
C            4.37064882635037       -0.03633047593855        0.27879190973011
C            3.54546174258525        0.92376329384800        1.15744954194662
C            2.35013545466255        1.43188728778421        0.40535030834984
C            2.60093010820725        2.51487376614944       -0.60383861272685
C            1.14316632598243        0.91707840913177        0.60899338466087
C           -0.10105998329815        1.32821442105577       -0.10875708095858
O           -1.04026430721529        0.25935867592002       -0.02372765683082
C           -2.30073772781013        0.54048408541194       -0.37692471038872
O           -2.64292149953010        1.64452029145643       -0.74286675001205
C           -3.13154107858897       -0.65508417349940       -0.24956551971434
C           -2.65614065908904       -1.90717136969649        0.13735161399725
C           -3.76660963406746       -2.74812805454281        0.11058711294196
C           -3.84107765269466       -4.20121771234781        0.41888917365460
N           -4.83758215179694       -2.05808076430026       -0.26370427589208
N           -4.46679852156655       -0.81112622356367       -0.48182563921158
C           -5.48206046341152        0.15606670828651       -0.89642575972565
C           -6.82435291771543       -0.57284932021513       -0.96621399592617
C           -5.56344760776466        1.28060452638690        0.13831139204036
C           -5.12523381289215        0.70584668557047       -2.27937341847225
H            8.62211832522647       -1.35756194110848        1.09266347781244
H            8.46115108509724       -0.04250080960098        2.24909405105299
H            7.49667880338414       -1.51134216150409        2.44684820956477
H            7.86760409474922        1.59100605420445        0.38407359530228
H            8.06881313275145        0.30062211150341       -0.79350143882067
H            6.55934061839168        1.21376321345364       -0.73642605308827
H            5.31415310725595       -1.26700298587272        1.80129989725007
H            3.73222500294142       -0.87792076371051       -0.00222298810784
H            4.66659664828095        0.47593010720242       -0.63583936864860
H            3.22856169541775        0.39484264232112        2.05783041976540
H            4.18133475847264        1.75969016415382        1.45862663598258
H            2.03639511263160        3.41071019340622       -0.34889742108217
H            3.65551591136255        2.77325062486171       -0.64147000750788
H            2.28492088855534        2.20026940897011       -1.59793338117174
H            0.99165660851452        0.14081732785376        1.34435718149913
H            0.09038684031001        1.55136380085677       -1.16589769610864
H           -0.54557751820428        2.22877899022100        0.33993141140697
H           -1.64688019976686       -2.15024053705489        0.39667387700901
H           -2.98348041727089       -4.50348206165063        1.01507108255990
H           -4.75853147475508       -4.42154900801795        0.95951113314756
H           -3.84638421085411       -4.78192012022965       -0.50394838757098
H           -7.59666919742008        0.12529412979842       -1.27711838992708
H           -6.77742972307316       -1.39138930268594       -1.67804343858277
H           -7.08649143008671       -0.98333040410387        0.00435737721091
H           -6.37135002827243        1.95813187405763       -0.12392530381969
H           -4.63764400777801        1.84607956266652        0.16302990480683
H           -5.75921057767569        0.87017156374746        1.12657423678957
H           -5.01443396876356       -0.10871248787409       -2.99208785183722
H           -4.20074661784177        1.27300540598237       -2.23832638629909
H           -5.91721080172857        1.36494401015615       -2.62397593697648
53
 energy: -69.966346412908 gnorm: 0.001469447126 xtb: 6.7.1 (edcfbbe)
C            7.91726866563603       -0.81609113336868        1.71342080962021
C            6.83715857385377       -0.20171633319362        0.87000524990328
C            7.35017757818703        0.79772316348724       -0.12381632932725
C            5.56560162281660       -0.55068773575711        1.02378311237743
C            4.37517023163806       -0.03579656038022        0.27741785422640
C            3.54281437965063        0.91145475500578        1.16309657567071
C            2.34899185107870        1.42094640780958        0.40996634743677
C            2.60192452907773        2.50499830354229       -0.59757916450455
C            1.14113771133647        0.90643700897447        0.60888077744816
C           -0.09899321061758        1.32094281089564       -0.11415880445205
O           -1.04222721873297        0.25591741857008       -0.02988575457301
C           -2.30168676402180        0.54050588243164       -0.38307576775758
O           -2.64211357691876        1.64540647282932       -0.74797712414466
C           -3.13397481309642       -0.65423682275780       -0.25629461217627
C           -2.65754108405701       -1.90661015975954        0.12845524549343
C           -3.76923070688229       -2.74610706659429        0.10958944323925
C           -3.84230376214785       -4.19875299223231        0.42016039410237
N           -4.84180884418072       -2.05506121315160       -0.25819217658648
N           -4.47075689512420       -0.80862890309515       -0.47982771025684
C           -5.48555244088771        0.15881694010880       -0.89463156054913
C           -6.82839114216466       -0.56925191224625       -0.96147275750171
C           -5.56435456145096        1.28593967419059        0.13759278895603
C           -5.12945081873084        0.70590405102087       -2.27884068656113
H            8.62098393223060       -1.36052204687430        1.08423100941509
H            8.47540729725154       -0.04115308668838        2.23756301703786
H            7.50426906701195       -1.50410453377673        2.44626823248441
H            7.86658634499276        1.60348060420891        0.39776968061332
H            8.07010398040141        0.32295579366033       -0.79017047732043
H            6.55863439924860        1.23199366668411       -0.72492628750775
H            5.32115444789276       -1.27385687259191        1.79238990471513
H            3.74196062458103       -0.87769318636702       -0.01396504763405
H            4.67120301552841        0.48675439192990       -0.63118866974843
H            3.22454360963401        0.37245379519646        2.05686147711992
H            4.17349213499970        1.74729512305707        1.47494290718115
H            2.02500106523053        3.39575717875901       -0.35237676599216
H            3.65441462876059        2.77362160109821       -0.62249188620547
H            2.30195245139904        2.18433941817232       -1.59493037211695
H            0.98570013099394        0.12951701866730        1.34263925575266
H            0.09788201112077        1.53946205647985       -1.17132236582802
H           -0.54176230745290        2.22483166173230        0.32956845994349
H           -1.64659090322704       -2.15020520492131        0.38067652205086
H           -2.99762213059899       -4.49393159869881        1.03813520089913
H           -4.77149681962104       -4.42290385092994        0.93847272556733
H           -3.82029745180208       -4.78216071381405       -0.50079645809691
H           -7.60130690044191        0.12935995818379       -1.26975569925808
H           -6.78366407108059       -1.38721558329837       -1.67417319189329
H           -7.08798100805200       -0.98052469143848        0.00942898834298
H           -6.37507024435317        1.96082198127244       -0.12271943848352
H           -4.63956116299946        1.85347601798040        0.15601118943142
H           -5.75437736891678        0.87815461285797        1.12812303761747
H           -5.02104772101176       -0.10961241660964       -2.99074299573055
H           -4.20385922940086        1.27136043008358       -2.23954389482791
H           -5.92051112656911        1.36619641968165       -2.62315455520784
53
 energy: -69.966365795162 gnorm: 0.001194927679 xtb: 6.7.1 (edcfbbe)
C            7.92298438289373       -0.81218912409912        1.71015843874689
C            6.84167900064547       -0.19551207563215        0.87000364799103
C            7.35206694407469        0.81234737047996       -0.11645484258453
C            5.57145404903931       -0.55122969659878        1.01913899049146
C            4.37985965967938       -0.03626601407369        0.27481054478015
C            3.54140518276158        0.89986338481568        1.16602877481483
C            2.34764612303093        1.41154981588384        0.41449607445761
C            2.60022573163811        2.49755516648980       -0.59107485014639
C            1.13958690092480        0.89590807209670        0.60910300085794
C           -0.09672532629460        1.31284730098433       -0.11914569679723
O           -1.04365531948478        0.25130904398708       -0.03585553995009
C           -2.30258203529805        0.53945697224611       -0.38878336796278
O           -2.64100259385623        1.64546751381819       -0.75181494328388
C           -3.13593072305767       -0.65463311878518       -0.26293882330475
C           -2.65949291870016       -1.90783858571238        0.11850254024784
C           -3.77330885480591       -2.74480522528868        0.10841916454992
C           -3.84554391392567       -4.19703695980448        0.42086399987535
N           -4.84700554674808       -2.05156754019618       -0.25152491547446
N           -4.47479431639795       -0.80599901959256       -0.47626049074901
C           -5.48844052575549        0.16234548036145       -0.89205029179765
C           -6.83243210674447       -0.56365930836125       -0.95677678077054
C           -5.56466201740735        1.29199526432833        0.13757103854122
C           -5.13154422407686        0.70495515736974       -2.27779374759365
H            8.62231943640693       -1.35976551593394        1.07875642848978
H            8.48592253630595       -0.03855885877842        2.23095089885629
H            7.51076170345349       -1.49805042821306        2.44525233415167
H            7.86557740584229        1.61611635989625        0.41102678457032
H            8.07397805834350        0.34450635128399       -0.78562652648300
H            6.55954203751570        1.24840238108986       -0.71509503980396
H            5.32924070575076       -1.28100849867181        1.78224405264820
H            3.75101480071184       -0.87854825316637       -0.02419936428667
H            4.67482089570665        0.49474098862166       -0.62911758553019
H            3.22294343734434        0.35164419946380        2.05385172793290
H            4.16778367849234        1.73514306791284        1.48685379195527
H            2.00831034316702        3.38099732891160       -0.35503622090288
H            3.64959186590959        2.77954136843141       -0.60295669886645
H            2.31755525292707        2.17107621200664       -1.59190594888421
H            0.98174549643527        0.11597131248420        1.33899884049396
H            0.10540007498532        1.52735393258045       -1.17623257594549
H           -0.53796045240126        2.21955436971760        0.32015522974972
H           -1.64703140725578       -2.15377632199574        0.36233738637271
H           -3.01516102919121       -4.48520829109628        1.06125885337110
H           -4.78649881293842       -4.42524834148827        0.91546527522348
H           -3.79504142185642       -4.78260152877097       -0.49756759987790
H           -7.60510379644494        0.13629489183743       -1.26271485817761
H           -6.79030760034064       -1.38077442787271       -1.67067175441591
H           -7.09046649141176       -0.97577783461103        0.01412990906087
H           -6.37966876037156        1.96327270958607       -0.11871830344231
H           -4.64161978945667        1.86274842923992        0.14860711349382
H           -5.74656031000956        0.88587538767555        1.13043770075159
H           -5.02418862730071       -0.11312366282060       -2.98690792873846
H           -4.20512978013863        1.26909555384737       -2.24027363795869
H           -5.92155700230363        1.36524324414257       -2.62448455634300
53
 energy: -69.966383816281 gnorm: 0.001125665112 xtb: 6.7.1 (edcfbbe)
C            7.92778202591647       -0.80805225403093        1.70880588489217
C            6.84612510213826       -0.18974944631018        0.87020883387909
C            7.35496450563461        0.82495679460260       -0.10982113255171
C            5.57693495326340       -0.55126329871025        1.01430446626000
C            4.38425427716203       -0.03731048026586        0.27110879980882
C            3.54130532253660        0.89052299010404        1.16658193438951
C            2.34744193088105        1.40315308217812        0.41568923013340
C            2.59783899105242        2.49412000301257       -0.58516424475630
C            1.13947272845229        0.88567456505241        0.60664707876981
C           -0.09482857186571        1.30552514392718       -0.12354812532155
O           -1.04423991510759        0.24632189741951       -0.04108203095185
C           -2.30335313645066        0.53726679534889       -0.39290735587186
O           -2.63990845452494        1.64417019482680       -0.75445382115683
C           -3.13747279741464       -0.65622287872130       -0.26753137421765
C           -2.66237622475131       -1.91060614264847        0.11080667301830
C           -3.77861191940170       -2.74463725863569        0.10723119515484
C           -3.85143495456022       -4.19659222260801        0.42057852998645
N           -4.85235543116325       -2.04854952393399       -0.24633351296815
N           -4.47816251140593       -0.80401900590148       -0.47305167740639
C           -5.49028914938549        0.16585342148743       -0.88954576861040
C           -6.83588022824127       -0.55733178936755       -0.95231625380777
C           -5.56332890328807        1.29707233956639        0.13848239769955
C           -5.13246677991194        0.70351933787755       -2.27695305969863
H            8.62626512436848       -1.35555957268044        1.07613172684259
H            8.49202253498807       -0.03551905537077        2.23001184845225
H            7.51576584366456       -1.49446038073351        2.44336663237844
H            7.86480239014998        1.62777125473251        0.42278195107150
H            8.07981106675758        0.36295597018562       -0.78001311010313
H            6.56186308380636        1.26127701354903       -0.70771051121339
H            5.33691763475181       -1.28667078740489        1.77275511757450
H            3.75923060697502       -0.88077634704273       -0.03241930660788
H            4.67794431198069        0.49903846798574       -0.63008901006509
H            3.22212350727765        0.33521464955289        2.04960810728295
H            4.16436319666653        1.72526534564169        1.49476266825482
H            1.99050357719891        3.36906493676807       -0.35601481150306
H            3.64360633310790        2.79020169365357       -0.58437301911978
H            2.33203017795047        2.16383470814502       -1.58967132487033
H            0.98024711995785        0.10321101013639        1.33343876324566
H            0.11050063887942        1.51753832307989       -1.18053616117189
H           -0.53475404125886        2.21410753890952        0.31318775220120
H           -1.64930980354096       -2.16012730630431        0.34826296741943
H           -3.03570243661960       -4.47942053134478        1.08211196747460
H           -4.80342205029554       -4.42829660023499        0.89200749592041
H           -3.77419146763958       -4.78339206341920       -0.49519144502219
H           -7.60740369147306        0.14452263058005       -1.25691632232454
H           -6.79677396381973       -1.37415913609718       -1.66675694295097
H           -7.09345525272746       -0.96920326911207        0.01877295213311
H           -6.38203439040428        1.96552731722882       -0.11315746672616
H           -4.64185448731353        1.87047116985772        0.14316453167662
H           -5.73776265169825        0.89161325070543        1.13308640269385
H           -5.02526737508552       -0.11768102596782       -2.98255753640706
H           -4.20565597432803        1.26698118754580       -2.24136292539492
H           -5.92182042182933        1.36284734321229       -2.62697800541021
53
 energy: -69.966407629584 gnorm: 0.001412948194 xtb: 6.7.1 (edcfbbe)
C            7.93199683653056       -0.80240485320184        1.70998137745915
C            6.85104898807188       -0.18380788656104        0.87065899822834
C            7.35914381987668        0.83707533102622       -0.10308531168626
C            5.58285160561424       -0.55138727229307        1.00827483980130
C            4.38917313001449       -0.03934599166476        0.26530495105235
C            3.54269821255710        0.88232191995835        1.16356684675100
C            2.34773294985633        1.39692880364641        0.41556016851615
C            2.59403807304075        2.49469711613009       -0.57907196318125
C            1.14082931825456        0.87536651488284        0.60254111606959
C           -0.09287755502363        1.29674617521257       -0.12799402285763
O           -1.04368320540009        0.23884011103585       -0.04633922293612
C           -2.30335688650548        0.53225876379544       -0.39662064177445
O           -2.63793982402760        1.64029155219146       -0.75600089330306
C           -3.13883683016734       -0.66000851164968       -0.27066522935280
C           -2.66683990887569       -1.91613307556403        0.10464021472383
C           -3.78634549431897       -2.74615088366199        0.10596326623785
C           -3.86199229165729       -4.19797513925148        0.41893072255943
N           -4.85899883695886       -2.04592755362653       -0.24181549319878
N           -4.48135364598405       -0.80278273033519       -0.46957162271621
C           -5.49097845455805        0.16979884549493       -0.88653316047210
C           -6.83911519489623       -0.54885068669417       -0.94715207471936
C           -5.55959523066778        1.30233988872253        0.14019550535344
C           -5.13195237890831        0.70181989984360       -2.27576972206639
H            8.63489222414658       -1.34439302494465        1.07735213522247
H            8.49169057408592       -0.03041533510908        2.23693064734262
H            7.51992382691033       -1.49370831692761        2.43984066281364
H            7.86292812079138        1.64029105445030        0.43467503806351
H            8.08914961793812        0.38123924990743       -0.77201478096334
H            6.56611695132737        1.27161666654344       -0.70248897513608
H            5.34486323151031       -1.29226306257831        1.76208850172262
H            3.76731362590894       -0.88423961794317       -0.04058640096719
H            4.68126927662628        0.50051257098288       -0.63437212889634
H            3.22375534034483        0.32161956126019        2.04297101332169
H            4.16338007541572        1.71630892256757        1.49702163721044
H            1.96941912085774        3.35871496402382       -0.35577360895739
H            3.63476079894639        2.80746438563097       -0.56409862300074
H            2.34706547606683        2.16288035608869       -1.58787709408837
H            0.98254006602877        0.08707746795900        1.32318382864721
H            0.11359410464310        1.50850230608316       -1.18482238058454
H           -0.53187342141346        2.20583873112888        0.30847734497039
H           -1.65393576324195       -2.17097244961931        0.33688818649522
H           -3.06440948985677       -4.47684046832647        1.10341323434819
H           -4.82559562295217       -4.43283032180639        0.86355480396799
H           -3.75563103845181       -4.78518942607292       -0.49305671769686
H           -7.60833381701134        0.15574646596410       -1.25143357680339
H           -6.80388403394152       -1.36612116980633       -1.66128112982187
H           -7.09724849171193       -0.95907948545622        0.02444522757243
H           -6.38185808081889        1.96847280233376       -0.10572945453551
H           -4.63952344882130        1.87792058096591        0.13829280887337
H           -5.72600836028630        0.89696170526126        1.13629814271695
H           -5.02366202205929       -0.12322199125499       -2.97682900882362
H           -4.20526524493848        1.26544349349997       -2.24217005072862
H           -5.92108079189827        1.35895304778527       -2.63045827836872
53
 energy: -69.966402366256 gnorm: 0.006458016820 xtb: 6.7.1 (edcfbbe)
C            7.94226924678967       -0.79301700881514        1.70932857628578
C            6.86115763561765       -0.17220843373019        0.87161349328306
C            7.36655978150942        0.86334284886509       -0.08854666017459
C            5.59502295667311       -0.55140798283736        0.99820329969783
C            4.39982290881975       -0.04157474102044        0.25595793049410
C            3.54309112946934        0.86467212011166        1.16120006823375
C            2.34881568127121        1.38329913601732        0.41447908042157
C            2.59271913567828        2.49354416149419       -0.56733098379043
C            1.14288547844279        0.85567348516536        0.59165553417302
C           -0.08962951737103        1.28084663844533       -0.13935735891565
O           -1.04312967416818        0.22538401142423       -0.05788752453084
C           -2.30367325675987        0.52305329131774       -0.40418148265374
O           -2.63461054475294        1.63211229253074       -0.76332702992982
C           -3.14260450522506       -0.66629159115395       -0.27517919008919
C           -2.67612806560886       -1.92488198246025        0.09752446790547
C           -3.80056320611541       -2.74881977162428        0.10388117693998
C           -3.88259381937011       -4.20044271604112        0.41606005795215
N           -4.87058374392462       -2.04265250110967       -0.23873924890399
N           -4.48717173967981       -0.80160431932718       -0.46769820743155
C           -5.49327929406835        0.17593542584204       -0.88226639174276
C           -6.84603488444643       -0.53484212989281       -0.93579645753696
C           -5.55158388479724        1.31037510792498        0.14300553976418
C           -5.13626761784551        0.70067253108648       -2.27477414110487
H            8.64952394156890       -1.32742401448148        1.07412231897155
H            8.49776961949526       -0.02281467802997        2.24433909250070
H            7.53061800249730       -1.49192624293053        2.43246405963220
H            7.85921900420737        1.66601789370669        0.46080849004529
H            8.10561418299932        0.42102153282764       -0.75729309944121
H            6.57321350877224        1.29644733849350       -0.68885970139778
H            5.36050878376599       -1.30368273732527        1.74231532250264
H            3.78580887576478       -0.88944419636352       -0.05922501371856
H            4.69030466096126        0.50910383008091       -0.63836756313969
H            3.22147517324245        0.29018884298177        2.03141761402303
H            4.15792754313458        1.69756421188285        1.50969065274348
H            1.93660310104102        3.33870800736135       -0.35705681876330
H            3.62509882646297        2.83513187073636       -0.52148000514371
H            2.38367182105417        2.15894805457701       -1.58549580649599
H            0.98427456439590        0.05883515950655        1.30290336916778
H            0.11848591989139        1.49213099755323       -1.19607904634589
H           -0.52661031683185        2.19114546322034        0.29689560487482
H           -1.66413352613786       -2.18731308074976        0.32511171664362
H           -3.12285917743595       -4.47083195968012        1.15242658334874
H           -4.87441445031334       -4.44108536581354        0.80238148453985
H           -3.71254608500738       -4.78942416701189       -0.49049487947822
H           -7.61178834424003        0.17376844643996       -1.23975024446382
H           -6.81852830110965       -1.35454685514819       -1.64749731205552
H           -7.10358307530744       -0.94009821200680        0.03807571205338
H           -6.37604866384770        1.97646690959722       -0.09527800297757
H           -4.63137263485851        1.88553418192438        0.13202534848320
H           -5.70858213891374        0.90591628072252        1.14108023607780
H           -5.02951857544544       -0.12900614079869       -2.97078602786227
H           -4.20901139648262        1.26365086236092       -2.24614337960986
H           -5.92561104344809        1.35584989418239       -2.63263560065707
53
 energy: -69.966460942210 gnorm: 0.002780213648 xtb: 6.7.1 (edcfbbe)
C            7.93981604303698       -0.79042367892258        1.71432061122954
C            6.86047717249411       -0.17317154388888        0.87181059047281
C            7.36740564888563        0.86007704911835       -0.08966041338069
C            5.59416722585332       -0.55174257587598        0.99688163659562
C            4.39982781595078       -0.04263909155166        0.25266754042305
C            3.54653352062426        0.86912065254437        1.15508843673567
C            2.35067944322734        1.38593646188429        0.40950519307295
C            2.59051914700028        2.50096227388305       -0.56783668280055
C            1.14660846581981        0.85412499769863        0.58679185122282
C           -0.08950385104209        1.27860579286197       -0.13838766187150
O           -1.04104277862372        0.22132020064120       -0.05612368515789
C           -2.30217758357432        0.51871575745987       -0.40073703066797
O           -2.63280105102272        1.62783895654361       -0.76014448925020
C           -3.14212801296058       -0.66976351604772       -0.27151491425053
C           -2.67821948423879       -1.92940606106943        0.10085536502558
C           -3.80382440817593       -2.75179703563119        0.10390977476750
C           -3.88977759297457       -4.20370776262212        0.41379220331205
N           -4.87196447611907       -2.04378578169374       -0.24055301294318
N           -4.48628414456776       -0.80318504619811       -0.46782695327596
C           -5.49080228938146        0.17618951495406       -0.88190199288847
C           -6.84476749822846       -0.53229505477010       -0.93557188261797
C           -5.54750347094755        1.30999645381861        0.14412946606768
C           -5.13326537487306        0.70078371725960       -2.27431543228425
H            8.65768893265172       -1.31387189930583        1.08179867709411
H            8.48334321283315       -0.01869129345745        2.25974684529426
H            7.52796796516172       -1.49793752990518        2.42924033478680
H            7.85615538444157        1.66553761635246        0.45891139266878
H            8.11007113789083        0.41715907418399       -0.75378691155283
H            6.57533048271599        1.28918973688187       -0.69449604488697
H            5.35855306321912       -1.30217427360560        1.74215208927302
H            3.78365466895683       -0.89026644363126       -0.05829714119284
H            4.69060272617089        0.50366072973797       -0.64405319014984
H            3.22651408071848        0.29912545071753        2.02849857666673
H            4.16370922217624        1.70218523057589        1.49821107003221
H            1.93412770344735        3.34349385906048       -0.35366362561831
H            3.62108501877012        2.84401443911446       -0.52246190552677
H            2.38078078174476        2.17100383298111       -1.58596034385498
H            0.99186305794032        0.05531829321393        1.29660466827891
H            0.11378855921536        1.49366513408134       -1.19521976235852
H           -0.52647053614187        2.18682403301808        0.30240613816886
H           -1.66748621632515       -2.19379297264483        0.33141111231604
H           -3.13232012323842       -4.47842612643820        1.14570366746795
H           -4.87802206714937       -4.44241293402156        0.80082192213801
H           -3.72446580313633       -4.79084318960819       -0.49041117219278
H           -7.60884417133543        0.17730355043326       -1.24141332166935
H           -6.81812898581895       -1.35324845216771       -1.64578360102461
H           -7.10405765685968       -0.93534198470760        0.03877962156246
H           -6.37090043467709        1.97744253885364       -0.09371009874742
H           -4.62664083835219        1.88384725974615        0.13373587554839
H           -5.70515660282869        0.90498943331052        1.14171493207567
H           -5.02435429946851       -0.12911017518003       -2.96969290243237
H           -4.20697686447565        1.26530539703965       -2.24507702096402
H           -5.92338386439644        1.35429698500374       -2.63344874633254
53
 energy: -69.966489436983 gnorm: 0.001887084672 xtb: 6.7.1 (edcfbbe)
C            7.94066170487161       -0.78565725805033        1.71735537047402
C            6.86229476219030       -0.17077813026899        0.87197461598369
C            7.36929133472473        0.86557110347544       -0.08609182710324
C            5.59651966787704       -0.55238247208775        0.99299614637416
C            4.40299242783294       -0.04306423643488        0.24758888528832
C            3.54896457074279        0.86741795428967        1.15072495910154
C            2.35211828141036        1.38435422440956        0.40695176038447
C            2.58916699515437        2.50467627923859       -0.56485798259994
C            1.15004633537770        0.84710827223109        0.58089838751553
C           -0.08807024740789        1.27106901382996       -0.14112072104230
O           -1.03933388835373        0.21352471207626       -0.05807150653388
C           -2.30018504318979        0.51198011751110       -0.40202666686063
O           -2.62964045153231        1.62167711053185       -0.76102352667562
C           -3.14312699267368       -0.67416171159097       -0.27040334884586
C           -2.68242575715781       -1.93497975458025        0.10224410074072
C           -3.80998848915615       -2.75481888011690        0.10342887091426
C           -3.90094225616855       -4.20686934829058        0.41131580234280
N           -4.87624620382531       -2.04413515585936       -0.24155386264845
N           -4.48743488747059       -0.80428930110131       -0.46791183408770
C           -5.48972100573287        0.17783836727883       -0.88050320870560
C           -6.84567957201003       -0.52699677361647       -0.93183208049540
C           -5.54187376459676        1.31200698468381        0.14541253332000
C           -5.13312031118341        0.70176016408159       -2.27346944178819
H            8.66804594772779       -1.29769952084016        1.08662077093232
H            8.47298936786647       -0.01347653049746        2.27299826364219
H            7.52968413862354       -1.50217648753605        2.42381785314735
H            7.85164570775492        1.67279101295680        0.46543048945709
H            8.11717175509595        0.42652701291600       -0.74672638637073
H            6.57835116602623        1.29140106366700       -0.69456614229625
H            5.36018269511648       -1.30439704796140        1.73629085419026
H            3.78730268956215       -0.89031388015394       -0.06515706781044
H            4.69458140932828        0.50464110528007       -0.64795369271057
H            3.23030463366022        0.29702245308670        2.02422528502066
H            4.16578602128628        1.70064814292400        1.49373072128356
H            1.92521527933359        3.34112561093554       -0.35233964266973
H            3.61620058701696        2.85537740830128       -0.51126565402667
H            2.38896905267610        2.17736400688311       -1.58525250097638
H            0.99848028065154        0.04353038474361        1.28605658069963
H            0.11214916003074        1.48824588242879       -1.19814905202058
H           -0.52435785724257        2.17840363331279        0.30233510365102
H           -1.67254174374862       -2.20167373920520        0.33412185783079
H           -3.15647110701747       -4.48255830953592        1.15451066251832
H           -4.89420897940460       -4.44523135482440        0.78190506982102
H           -3.72117224059456       -4.79370229411922       -0.48906483932134
H           -7.60796191602043        0.18403816106326       -1.23870869213078
H           -6.82177773767303       -1.34965829508363       -1.64011337806272
H           -7.10541890987784       -0.92705225502579        0.04365108291308
H           -6.36383690637770        1.98146245652137       -0.09181694623905
H           -4.61956083209376        1.88351931117116        0.13342672516401
H           -5.69921133614458        0.90781747599034        1.14333726727765
H           -5.02434495717612       -0.12826512918871       -2.96866726494056
H           -4.20688551145517        1.26647777088484       -2.24489955901400
H           -5.92357706664041        1.35496066929439       -2.63236354160771
53
 energy: -69.966546768823 gnorm: 0.002624080045 xtb: 6.7.1 (edcfbbe)
C            7.94718499017320       -0.76953012845781        1.72345453006502
C            6.87054862860433       -0.15968986711551        0.87249604001993
C            7.37574139929527        0.89229324446203       -0.06987066494770
C            5.60728196209274       -0.55411008254802        0.97911665288249
C            4.41613649045745       -0.04248372746536        0.23142776242236
C            3.55480728667082        0.85536680683749        1.14094058348104
C            2.35595361681394        1.37293879068431        0.40148796785171
C            2.58659288740436        2.51005707256680       -0.55207017653740
C            1.15976913125925        0.81847972865364        0.56137374810223
C           -0.08189594377922        1.24211463377853       -0.15456665596601
O           -1.03527093971619        0.18669506199001       -0.06689527793276
C           -2.29472370652113        0.49093088596635       -0.40729639087396
O           -2.61864285283360        1.60173758079251       -0.76906079879602
C           -3.14797730366816       -0.68744505501625       -0.26951210494478
C           -2.69683666741644       -1.95203783057426        0.10334960629140
C           -3.83070718211078       -2.76344224436310        0.10136892693021
C           -3.93755453807609       -4.21550724890003        0.40455254841865
N           -4.89126860799996       -2.04446566052333       -0.24462902014422
N           -4.49276399456087       -0.80712634635885       -0.46958009893865
C           -5.48830662779284        0.18401233754210       -0.87579084142779
C           -6.85095636415425       -0.50870639737883       -0.91701655006520
C           -5.52396304943128        1.32012423104274        0.14904451305763
C           -5.13684638976689        0.70631649589512       -2.27087237519756
H            8.69977469806408       -1.24830859236520        1.09578989538820
H            8.44875628865305        0.00248235766754        2.30810601783207
H            7.53987761486843       -1.51253298182852        2.40511480621942
H            7.83656457633709        1.70300607609517        0.49516177021568
H            8.14064583628059        0.47024156956223       -0.72208361386005
H            6.58783528432380        1.31006719569332       -0.68744448689414
H            5.36940807154807       -1.31563838057268        1.71221086746196
H            3.80506140490069       -0.88804818454947       -0.09474988787502
H            4.71072531863239        0.51739838300327       -0.65559962543616
H            3.23943697935048        0.27652050606806        2.01024284623357
H            4.16704502298731        1.68929643391823        1.49086508002317
H            1.89256931317953        3.32491891942327       -0.35061298030122
H            3.60137098267597        2.89012006740804       -0.46520847790445
H            2.42543476803294        2.18791238602146       -1.58133648344170
H            1.01577595647864        0.00040415709313        1.25165040015175
H            0.11157569202256        1.46164016834538       -1.21254037672369
H           -0.51433066892003        2.14937573780557        0.29327401011375
H           -1.68905639644708       -2.22497709959869        0.33784482873398
H           -3.24366548554322       -4.49027209093938        1.19825267068934
H           -4.95511824408181       -4.45451817867599        0.70719374621756
H           -3.69420189872842       -4.80312180893950       -0.48238612775691
H           -7.60830949279301        0.20690749162346       -1.22520804786565
H           -6.83728596343610       -1.33655678406975       -1.61951158893211
H           -7.10988584132243       -0.89970587633974        0.06245988159447
H           -6.34001131095667        1.99756742645207       -0.08680227593090
H           -4.59586674116590        1.88231604008408        0.13146025791190
H           -5.68102453284458        0.91999919331580        1.14853044896751
H           -5.03322814490412       -0.12346361460346       -2.96707871628349
H           -4.20887152840915        1.26870418548321       -2.24603048016076
H           -5.92730378371243        1.36174301593933       -2.62557662973451
53
 energy: -69.966569391344 gnorm: 0.001671313656 xtb: 6.7.1 (edcfbbe)
C            7.94850943249905       -0.76718642952127        1.72307662320362
C            6.87162328439100       -0.15762947489586        0.87230496630138
C            7.37564705218040        0.89848547915600       -0.06620444917925
C            5.60902566480248       -0.55407466059427        0.97716399549391
C            4.41903199481069       -0.03952480769682        0.22970405282408
C            3.55508610668728        0.85321549544409        1.14218461623404
C            2.35620371994034        1.36964836629932        0.40234282598268
C            2.58741785047083        2.50708830320631       -0.54990709960071
C            1.16127093951795        0.81207824197931        0.55863221397274
C           -0.07986700937193        1.23478569542860       -0.15848468695696
O           -1.03519420704537        0.18134092663513       -0.06751363111984
C           -2.29316783175963        0.48715420403822       -0.40897934660061
O           -2.61544661243124        1.59749684413397       -0.77418294555479
C           -3.14946712936658       -0.68905639851918       -0.26962292854468
C           -2.69935692968728       -1.95380626398654        0.10470171521689
C           -3.83344368966199       -2.76450681294489        0.10109569707818
C           -3.94305076753835       -4.21634899573092        0.40397838597683
N           -4.89310703140866       -2.04518177470619       -0.24719418842039
N           -4.49367532605380       -0.80797313573228       -0.47202456380519
C           -5.48861396420395        0.18450091521887       -0.87560252121901
C           -6.85189145910074       -0.50687474896583       -0.91422017976631
C           -5.52086655563181        1.32067912740556        0.14924794637236
C           -5.13998501066266        0.70956838825249       -2.27043555016015
H            8.70396173358085       -1.23968441887238        1.09583784438403
H            8.44503264444773        0.00350992547361        2.31196939070943
H            7.54330983194829       -1.51444073895621        2.40015844530662
H            7.83256878575730        1.70881041271393        0.50202165714526
H            8.14301542700903        0.48046371561153       -0.71757867215593
H            6.58862219689067        1.31611936777920       -0.68473485318061
H            5.37003198811062       -1.31777285001337        1.70768962634105
H            3.80912304559804       -0.88338891350169       -0.10326811320903
H            4.71555296663454        0.52615047685849       -0.65301929456856
H            3.24060888509478        0.27094773514975        2.01004404310571
H            4.16520478054579        1.68817343015238        1.49476478421183
H            1.89196022988867        3.32080040571706       -0.35120917809771
H            3.60066739878972        2.88818464214698       -0.45911482477037
H            2.43033965308158        2.18562064378851       -1.57958715519659
H            1.01807839588578       -0.00695445795275        1.24742168651674
H            0.11346231778274        1.45103895114400       -1.21719029498130
H           -0.51067744927756        2.14405681836541        0.28682279184060
H           -1.69158326607208       -2.22518686795507        0.34097413508058
H           -3.25732326999216       -4.49065007117538        1.20322624576420
H           -4.96224463733280       -4.45401698176085        0.69690486878040
H           -3.69191573697702       -4.80525482616618       -0.47929084106746
H           -7.60945521870172        0.20880946393071       -1.22142700585950
H           -6.83989928169344       -1.33519750602886       -1.61607315962555
H           -7.10906309389092       -0.89719610273858        0.06595222232458
H           -6.33200816439276        2.00294900526757       -0.09010757564252
H           -4.58944868794899        1.87746252710205        0.13402113241554
H           -5.68351152780545        0.92236788084435        1.14850662074589
H           -5.04234397884177       -0.11770296314729       -2.97050225364388
H           -4.20963582716939        1.26828764626583       -2.24656717257637
H           -5.92911266231160        1.36981516608424       -2.61926639542176
53
 energy: -69.966592327491 gnorm: 0.004365382530 xtb: 6.7.1 (edcfbbe)
C            7.95664874425329       -0.75614524991632        1.72329400223641
C            6.87984173253208       -0.14631068888517        0.87252731521551
C            7.38071999088684        0.92598595124440       -0.04977706999186
C            5.61971699409448       -0.55342003013174        0.96622426637302
C            4.43093227416805       -0.03441102084133        0.22007627235369
C            3.55745474272805        0.83978694926489        1.14186391503820
C            2.35755791513108        1.35349834688741        0.40222757211101
C            2.58501352689330        2.50130813309739       -0.53853149113137
C            1.16644648297010        0.78465850112684        0.54641878197768
C           -0.07286808101362        1.20824021394417       -0.17303078993051
O           -1.03465997285821        0.16143781066068       -0.07363168820541
C           -2.29000102256461        0.47359699327274       -0.41612225250930
O           -2.60587734339779        1.58369534670907       -0.78827341483120
C           -3.15429483633668       -0.69648397181543       -0.27275461514015
C           -2.70992314574753       -1.96361282981607        0.10115810033418
C           -3.84795690146230       -2.76847649743622        0.09864528927699
C           -3.96727465024581       -4.21960505071712        0.40112113055244
N           -4.90415831856358       -2.04383770776251       -0.24904185426972
N           -4.49892478367967       -0.80843391519611       -0.47453653888668
C           -5.49011183330526        0.18999973379323       -0.87215746461193
C           -6.85751664478018       -0.49362510935735       -0.90262974311076
C           -5.50963225654321        1.32687904667738        0.15226390207839
C           -5.14706380947846        0.71538126791157       -2.26839136679724
H            8.72415464409645       -1.20698962725657        1.09522179093413
H            8.43613614685008        0.01110652765220        2.33031766732414
H            7.55489098471513       -1.52036389322084        2.38320845728526
H            7.82170064384321        1.73590170135724        0.53187849528399
H            8.15985410061663        0.52407990302650       -0.69757921713838
H            6.59550197679430        1.34100820462707       -0.67233852203206
H            5.38075376754378       -1.32728692396086        1.68614681421269
H            3.82714061638969       -0.87587991548422       -0.13005287215085
H            4.72934984940199        0.54759241686436       -0.65138474783142
H            3.24501408621725        0.24424859128267        2.00223539338451
H            4.16017442863590        1.67601121150719        1.50616496041504
H            1.86761610439255        3.30012777364127       -0.35110080644545
H            3.58925009290050        2.90348334484348       -0.42469711297806
H            2.45644395776247        2.17992376605013       -1.57322264665644
H            1.02520108572891       -0.04040794845259        1.22789745060619
H            0.12173130800407        1.41406604312641       -1.23366652922694
H           -0.49806858942775        2.12417695634252        0.26419241765865
H           -1.70262908421916       -2.23744802334378        0.33661023904486
H           -3.31999874711563       -4.48948344809734        1.23598603605551
H           -5.00138657366525       -4.45755142444049        0.64391219681114
H           -3.67010501270913       -4.81117653397368       -0.46849314901653
H           -7.61301772158554        0.22563257363837       -1.20655988940044
H           -6.85379988171211       -1.32303767555334       -1.60330337278440
H           -7.11125835983196       -0.88131046620081        0.07948437071226
H           -6.31184791489591        2.01904861770126       -0.08945724335842
H           -4.57149187263350        1.87225357542339        0.13751081736970
H           -5.67868841619150        0.93219695110489        1.15185872645006
H           -5.06425148289697       -0.11005871914447       -2.97285752206024
H           -4.21046027036030        1.26418582671113       -2.24969159002033
H           -5.93197867031309        1.38584439154649       -2.60772321817542
53
 energy: -69.966621548769 gnorm: 0.002684725171 xtb: 6.7.1 (edcfbbe)
C            7.95943130634101       -0.75521697392984        1.72158879243680
C            6.88217206415534       -0.14302146328484        0.87283210907451
C            7.38228458323181        0.93291309036016       -0.04517975897655
C            5.62251304453264       -0.55165283216749        0.96465648212400
C            4.43331764567123       -0.03154439241646        0.22011356002772
C            3.55715227087582        0.83662980715936        1.14437764159632
C            2.35696106604400        1.34865158511249        0.40412663949971
C            2.58367033370608        2.49653616755873       -0.53676408706810
C            1.16618408062485        0.77897260407477        0.54655875186292
C           -0.07069250345153        1.20214686137573       -0.17730411821423
O           -1.03569389068495        0.15885503874022       -0.07338452746135
C           -2.28998419875512        0.47247062301109       -0.41863406895463
O           -2.60371851098830        1.58187051663659       -0.79442345571582
C           -3.15538117463843       -0.69655810850487       -0.27450617754930
C           -2.71152174058986       -1.96386868766618        0.09930212301657
C           -3.84981791440204       -2.76812888355110        0.09750005242233
C           -3.96976400213767       -4.21885938237554        0.40158132785216
N           -4.90566779444938       -2.04297373701423       -0.24987393768844
N           -4.50009169787748       -0.80782298314350       -0.47572557081210
C           -5.49135008486550        0.19124310441675       -0.87182214360567
C           -6.85898930918260       -0.49177535358170       -0.90123721064139
C           -5.50875988975254        1.32718363498369        0.15343834817964
C           -5.14986993642509        0.71750093147117       -2.26803611051831
H            8.72723309171412       -1.20250691854012        1.09150109658078
H            8.43777943283957        0.00992740952680        2.33202102245688
H            7.55789405691197       -1.52254835185006        2.37784707764977
H            7.82084987654215        1.74158895790722        0.53966006404684
H            8.16293981714179        0.53452158664212       -0.69302005611464
H            6.59717455561020        1.34853612694641       -0.66761184387895
H            5.38436662502381       -1.32793617065135        1.68194194802741
H            3.83148247956207       -0.87223275435024       -0.13419519986022
H            4.73124795600223        0.55466213802996       -0.64815837953722
H            3.24552370768071        0.23758748096957        2.00229601012023
H            4.15715056774869        1.67314305621234        1.51195270744275
H            1.86631986395285        3.29464308240288       -0.35041622714914
H            3.58679045326760        2.89930803284855       -0.42362038257727
H            2.45534561289417        2.17474774129611       -1.57042129728854
H            1.02382855449060       -0.04564901776231        1.22824078773567
H            0.12715204282976        1.39953757059123       -1.23903549486410
H           -0.49390763589673        2.12261499781430        0.25221683860273
H           -1.70402114017742       -2.23756560558606        0.33388284908718
H           -3.32716207287447       -4.48691396455439        1.23836762695218
H           -5.00328818963878       -4.45655980386675        0.63978946481071
H           -3.66989186348390       -4.81125898917456       -0.46431175395101
H           -7.61470960683626        0.22853350497487       -1.20229384038187
H           -6.85688382692723       -1.31958539308178       -1.60378803168925
H           -7.11118168930523       -0.88160506651203        0.08040171243672
H           -6.30665124260011        2.02352246946756       -0.09037554987891
H           -4.56803427051166        1.86796826350832        0.14238369170887
H           -5.68324802808264        0.93256661743158        1.15215261896937
H           -5.07554512485940       -0.10682181044063       -2.97482873132502
H           -4.20951843294567        1.25991837467945       -2.25158665442713
H           -5.93141931703941        1.39430526788817       -2.60273708218750
53
 energy: -69.966658148640 gnorm: 0.001642657784 xtb: 6.7.1 (edcfbbe)
C            7.96722032188467       -0.75076837380413        1.71905252978264
C            6.88957715143992       -0.13352028208668        0.87405824628489
C            7.38785296651500        0.95246988142119       -0.03261014388824
C            5.63127386417300       -0.54780382752499        0.95902518334099
C            4.44074029856407       -0.02747014379785        0.21701601592927
C            3.55720506482224        0.82670061604495        1.14686630118392
C            2.35608563154511        1.33798873788278        0.40760707739839
C            2.57925547923283        2.48889655601096       -0.53065081822527
C            1.16641656030891        0.76440901835261        0.54428953628409
C           -0.06611207780100        1.18657768895383       -0.18790788682780
O           -1.03717037861412        0.15006895767287       -0.07635158568900
C           -2.29013874796716        0.46707096285666       -0.42586814013519
O           -2.59909878712617        1.57599697596788       -0.80623608330573
C           -3.15839828064668       -0.69925098782633       -0.27907929921588
C           -2.71756546041560       -1.96790324701619        0.09308027734751
C           -3.85846298527257       -2.76865533439773        0.09465967313318
C           -3.98121309368572       -4.21867852037154        0.40110824544077
N           -4.91299546636494       -2.04007903005780       -0.24901360595206
N           -4.50433939149318       -0.80628666470015       -0.47595950189616
C           -5.49401253497736        0.19572223724105       -0.86954400982144
C           -6.86369885307927       -0.48325085983871       -0.89594513597167
C           -5.50484833837729        1.33054198591535        0.15681564854596
C           -5.15469073840340        0.72032494313479       -2.26668506679173
H            8.73899155506727       -1.18785402109185        1.08579892925779
H            8.44092154910534        0.00971113320306        2.33980653348793
H            7.56661925450788       -1.52725264748286        2.36553697533070
H            7.81870524900876        1.75909344242246        0.56076525744178
H            8.17420242393705        0.56389245033115       -0.67959683947741
H            6.60301863622355        1.36801615591088       -0.65574736493910
H            5.39606992627342       -1.33244111972563        1.66826626459606
H            3.84495413927608       -0.86852931141166       -0.14603801019433
H            4.73706935381169        0.56807189449837       -0.64509685059777
H            3.24667087474443        0.21829585024028        1.99805827278654
H            4.15066704565547        1.66322391990140        1.52376784106399
H            1.85405947539056        3.27999282847392       -0.34856719217386
H            3.57771471962191        2.89993225604702       -0.41085858482573
H            2.46099255762759        2.16688750835382       -1.56511661121724
H            1.02268854169774       -0.06386267410666        1.22177079739460
H            0.13775522461512        1.36922764447119       -1.25144198252766
H           -0.48559983399492        2.11498259152179        0.22787627157557
H           -1.71013558763155       -2.24535188777516        0.32365538461202
H           -3.35711189084345       -4.48145856584558        1.25276191266183
H           -5.01836877181660       -4.45801230358877        0.61778251059167
H           -3.66020164572490       -4.81330946345377       -0.45520843228250
H           -7.61818722414033        0.24074810339299       -1.19156107605486
H           -6.86685642139866       -1.30831127270356       -1.60182291189591
H           -7.11360647358628       -0.87608529804032        0.08508511097480
H           -6.29675971812556        2.03329805806948       -0.08716323885282
H           -4.56007686899772        1.86412233561582        0.14866126031444
H           -5.68450692487737        0.93556425126318        1.15455302433861
H           -5.09470337596096       -0.10397815295370       -2.97466723844662
H           -4.20796057099229        1.25141738207386       -2.25557707106705
H           -5.92990742271822        1.40686762238889       -2.59597074642281
53
 energy: -69.966682795628 gnorm: 0.003155376338 xtb: 6.7.1 (edcfbbe)
C            7.98379652615349       -0.74050219569205        1.71489015591179
C            6.90568714393136       -0.11421557905791        0.87717045743536
C            7.39964703625392        0.99313008850091       -0.00616016244156
C            5.65030669162388       -0.54050857977166        0.94792080904699
C            4.45741389786121       -0.02048243795404        0.20964635476780
C            3.55736426757528        0.80590996929890        1.14925171201899
C            2.35505599909962        1.31619602134868        0.41130906914737
C            2.57159671255887        2.47616733025805       -0.51783877773792
C            1.16799043394850        0.73339782711500        0.53485494283116
C           -0.05780307088041        1.15413948434664       -0.21011909535733
O           -1.03953064225862        0.12992776694221       -0.08536525713737
C           -2.29073724173065        0.45395024349660       -0.43970915311026
O           -2.59046595349319        1.56269399508102       -0.82705188851985
C           -3.16522028382260       -0.70675280774892       -0.28788557192573
C           -2.73126323068664       -1.97860781647109        0.08001864567509
C           -3.87835443872654       -2.77117236117020        0.08924402292509
C           -4.00752021392736       -4.21988203212146        0.39919952533650
N           -4.92996430709487       -2.03478203778177       -0.24612096638449
N           -4.51387083950967       -0.80402865750710       -0.47533630850372
C           -5.49892660398495        0.20506551399427       -0.86413374434863
C           -6.87393296707731       -0.46352277788930       -0.88394957659218
C           -5.49559482415380        1.33883054812428        0.16345736573905
C           -5.16343918084303        0.72511162723727       -2.26358976401727
H            8.76444388342429       -1.15681180030649        1.07709657470470
H            8.44736349244926        0.01065749953962        2.35579190759200
H            7.58633605335182       -1.53509874453435        2.34198237182981
H            7.81395559006110        1.79583057634000        0.60490462190340
H            8.19813997370896        0.62555879299576       -0.65145281888315
H            6.61545298077717        1.40836538356137       -0.63055190943852
H            5.42102832303447       -1.34241883818581        1.64029103923585
H            3.87414553083676       -0.86306361381792       -0.17105874367420
H            4.75090826643683        0.59380162002145       -0.64078499315227
H            3.24762786694693        0.17765389322127        1.98612215869576
H            4.13760050252403        1.64221902170961        1.54629656995335
H            1.82466103187518        3.24994537381601       -0.34467592142466
H            3.56006625819653        2.90845461297398       -0.37806446500894
H            2.47893574355267        2.15522211831114       -1.55651331609901
H            1.02219365844644       -0.10235756812031        1.20288453361217
H            0.15506569048120        1.31294049445181       -1.27628408749261
H           -0.46973757514804        2.09550914584716        0.18347163918329
H           -1.72459314495442       -2.26579783578553        0.30233700105600
H           -3.42388611210000       -4.47321401736333        1.28408903349830
H           -5.05435112085064       -4.46350484578893        0.56786774908083
H           -3.63992653695299       -4.81811104837811       -0.43675145362680
H           -7.62485171312882        0.26835792582567       -1.16962269462796
H           -6.88872292504387       -1.28397118538093       -1.59533590163908
H           -7.11991384260877       -0.86073769949594        0.09632278607439
H           -6.27858163062838        2.05214787950851       -0.07812752393924
H           -4.54405616320313        1.86054503728669        0.15632181322576
H           -5.67992256431151        0.94341643123073        1.16034849230226
H           -5.12744651543865       -0.09999723195508       -2.97212588709937
H           -4.20626311525264        1.23705764548646       -2.26232351724100
H           -5.92790679728063        1.42733784444144       -2.58471820095585
53
 energy: -69.966695851385 gnorm: 0.001473430480 xtb: 6.7.1 (edcfbbe)
C            7.98461372410401       -0.74152109298900        1.71435796195508
C            6.90618382110635       -0.11439019918326        0.87810236791244
C            7.39986905288567        0.99200356048314       -0.00591528207282
C            5.65063616525924       -0.53942395429084        0.95011730804080
C            4.45736804846385       -0.02068705357097        0.21144396075588
C            3.55650421090986        0.80641006426708        1.14902408438807
C            2.35478482268292        1.31685158844520        0.41014865044606
C            2.57210654212553        2.47617144951334       -0.51941552771517
C            1.16720687929157        0.73551456916943        0.53456158489266
C           -0.05890972553028        1.15590785037672       -0.21000219960206
O           -1.03988039783132        0.13127169457068       -0.08636434141852
C           -2.29168294687417        0.45472943926169       -0.43973468142113
O           -2.59196915161657        1.56374158702914       -0.82553348656460
C           -3.16543783595802       -0.70652289564533       -0.28820407274461
C           -2.73120817880926       -1.97825623381763        0.07934564633556
C           -3.87820557357859       -2.77100128123014        0.08918540305580
C           -4.00587824140790       -4.21974196003507        0.39932386903903
N           -4.93011842528127       -2.03483478175762       -0.24554229423010
N           -4.51424111837654       -0.80403078429186       -0.47472013268009
C           -5.49915299246200        0.20489407015087       -0.86415013340705
C           -6.87412585783421       -0.46363381926216       -0.88479061690585
C           -5.49672368920800        1.33859846606622        0.16350517985985
C           -5.16293437986752        0.72450721170543       -2.26358028852869
H            8.76257787285337       -1.16117280133475        1.07646146041157
H            8.45180760876436        0.00898617453716        2.35219389728295
H            7.58732411132895       -1.53339872745622        2.34374769971857
H            7.81619274487042        1.79377855882653        0.60427241310951
H            8.19659578017738        0.62348017028766       -0.65216236062440
H            6.61524456560824        1.40839717977107       -0.62887183969167
H            5.42202484127776       -1.34071567054341        1.64281087500313
H            3.87448447404568       -0.86404656968284       -0.16775784636736
H            4.75032579378607        0.59202871950245       -0.64016957420996
H            3.24587961741289        0.17852701347868        1.98543226029226
H            4.13646930232167        1.64231289328465        1.54642848251156
H            1.82873063872005        3.25185173089070       -0.34355576211681
H            3.56175754458931        2.90473888907102       -0.38276537829166
H            2.47467067756375        2.15689810919257       -1.55766398104492
H            1.02089015016830       -0.09933376369234        1.20322729741744
H            0.15348754798665        1.31608378580711       -1.27554114909574
H           -0.47112340566568        2.09612534229870        0.18450503317062
H           -1.72481565555216       -2.26655385336934        0.30107587877839
H           -3.41790416879926       -4.47300768811257        1.27922389248572
H           -5.04987015638004       -4.46417663630305        0.57466234958223
H           -3.64343181695231       -4.81771499726038       -0.43710457426644
H           -7.62482460472456        0.26849093329027       -1.16991901067002
H           -6.88885971855109       -1.28329299454479       -1.59695673754588
H           -7.12039122068400       -0.86181556134197        0.09499959770932
H           -6.28156331093453        2.05016715902493       -0.07658910523550
H           -4.54641208521253        1.86232458678011        0.15491102165618
H           -5.67847296753396        0.94254012709681        1.16059766859474
H           -5.12517950849770       -0.10078351878299       -2.97111293204278
H           -4.20680038777881        1.23743285074576       -2.26195098418713
H           -5.92761901638397        1.42529106360764       -2.58615189932036
53
 energy: -69.966712983344 gnorm: 0.002523430624 xtb: 6.7.1 (edcfbbe)
C            7.98915149806749       -0.73644592477490        1.71573343701108
C            6.91032842112074       -0.10985264121002        0.88031685640594
C            7.40228105151567        1.00198768948312        0.00242442207278
C            5.65562898390164       -0.53809653301405        0.94869454100928
C            4.46335850948034       -0.01926768589624        0.20830597606558
C            3.55709393629432        0.80217869546032        1.14524529188186
C            2.35586490707914        1.31157576365714        0.40482637534186
C            2.57239508535913        2.47684029514272       -0.51721038105048
C            1.17011920550770        0.72575619081355        0.52483659795782
C           -0.05820576110200        1.14559025542420       -0.21610378749062
O           -1.03907452339944        0.12125712651700       -0.09122217082714
C           -2.29081704214987        0.44676241280432       -0.44117693329526
O           -2.58947386791877        1.55648302122948       -0.82684554523678
C           -3.16835061502191       -0.71175536537534       -0.28819628758866
C           -2.73771332087804       -1.98470847594910        0.07948786029273
C           -3.88661483629584       -2.77453419888627        0.08793244683758
C           -4.01832379956154       -4.22316621943279        0.39682084250651
N           -4.93627723160639       -2.03567381995529       -0.24767463688076
N           -4.51707131644106       -0.80558215882384       -0.47557216547704
C           -5.49888576584651        0.20693943424004       -0.86255481361064
C           -6.87640737024288       -0.45650397307188       -0.88013219314361
C           -5.49070901133119        1.34106137939059        0.16487700630909
C           -5.16412442904617        0.72676764236666       -2.26245215423401
H            8.77188719348335       -1.14685823152891        1.07737286439699
H            8.44947187589937        0.01234950025479        2.36063813120207
H            7.59409757901340       -1.53546598014146        2.33773600436327
H            7.81297582487542        1.80273447027630        0.61761279129091
H            8.20266750144877        0.63959135803817       -0.64236759831571
H            6.61818921390283        1.41789387225491       -0.62133411221519
H            5.42686497114142       -1.34179930208791        1.63765104346815
H            3.88339519141877       -0.86228671855795       -0.17596897173867
H            4.75752414260255        0.59698022857447       -0.64033363344067
H            3.24636821959352        0.17089939294748        1.97878158162726
H            4.13361298361454        1.63826037367934        1.54680197355962
H            1.82944083356662        3.25007071507743       -0.33887708325054
H            3.55931106056741        2.90506562818010       -0.37761223444045
H            2.47636782745314        2.16549710235622       -1.55638301619217
H            1.02655851327468       -0.11272391985484        1.18918300453814
H            0.15035420900811        1.30794164674544       -1.28142213423467
H           -0.46877147074647        2.08457141164067        0.18142086352871
H           -1.73274210628497       -2.27635557997185        0.30221463651499
H           -3.44293146276760       -4.47562400212345        1.28604464336801
H           -5.06484196604489       -4.46804890509916        0.55817176307018
H           -3.64212837198154       -4.82148509545300       -0.43359236429393
H           -7.62494715514946        0.27794468320839       -1.16410177727800
H           -6.89565958576327       -1.27659329406787       -1.59148172885540
H           -7.12208878650791       -0.85305539702888        0.10043150449809
H           -6.27553836903668        2.05363740289159       -0.07316554446195
H           -4.53971811365465        1.86361618210714        0.15200350084175
H           -5.66914254966685        0.94618162288810        1.16300520428257
H           -5.12766750784597       -0.09779874706845       -2.97072718459726
H           -4.20799780823185        1.23921503535099       -2.26142608243589
H           -5.92908459464833        1.42803163640753       -2.58319697725328
53
 energy: -69.966737653028 gnorm: 0.001856663573 xtb: 6.7.1 (edcfbbe)
C            7.99694430376517       -0.72926358867575        1.71641490582721
C            6.91717144602518       -0.10185300809664        0.88325643377251
C            7.40617241617578        1.01997572884599        0.01602321302149
C            5.66395302445023       -0.53597276267166        0.94548471247406
C            4.47266285835017       -0.01658525028253        0.20371505941720
C            3.55696431750505        0.79326365997026        1.14222581079550
C            2.35669083121639        1.30146534628259        0.39935166841827
C            2.57229383422826        2.47466976250598       -0.51269469245158
C            1.17350094409123        0.70881573702009        0.51123618610697
C           -0.05631652557854        1.12936739142664       -0.22685682281176
O           -1.03855753026218        0.10667276900048       -0.09978117203473
C           -2.28994564651626        0.43609598566835       -0.44545067818954
O           -2.58591889641969        1.54703232156823       -0.83029797631486
C           -3.17272840814832       -0.71842068696344       -0.29021850452785
C           -2.74663454108749       -1.99325778177297        0.07633483369813
C           -3.89879113377465       -2.77843051216439        0.08602736629090
C           -4.03548631712086       -4.22675785154832        0.39409022015974
N           -4.94602534534027       -2.03523125847983       -0.24768897392575
N           -4.52193054031134       -0.80660082800731       -0.47586340993139
C           -5.49956759355410        0.21070978163317       -0.85976272152488
C           -6.88055184362419       -0.44576816738885       -0.87263524887967
C           -5.48278534957839        1.34569229959733        0.16689127186151
C           -5.16687493344373        0.72979463100017       -2.26068818541898
H            8.78381392169143       -1.12872096048009        1.07652901577680
H            8.45040238840343        0.01618623130167        2.36949956759917
H            7.60508203131248       -1.53666291437708        2.32952090997036
H            7.80889002513519        1.81836691273226        0.63964358088038
H            8.21170768888365        0.66786167635600       -0.62796618800693
H            6.62253823407979        1.43613328388728       -0.60788165017053
H            5.43567478930301       -1.34554179688388        1.62754197984164
H            3.89877048687950       -0.85966699034750       -0.19040284565149
H            4.76842257570493        0.60759347692301       -0.63892105045075
H            3.24547744806698        0.15423512684107        1.96992199716487
H            4.12679502792833        1.63007612683444        1.55269823831399
H            1.82088593069092        3.24142994205048       -0.33490549483967
H            3.55557566497812        2.91012316229360       -0.36057491102276
H            2.48716199908578        2.16981246795532       -1.55595922643706
H            1.03259816389978       -0.13502429110338        1.16932205746513
H            0.14937989825817        1.29236460438770       -1.29244546545653
H           -0.46419048644323        2.06856149430265        0.17258981894193
H           -1.74291523519385       -2.28966859757992        0.29807187234159
H           -3.47787432795078       -4.47730627027255        1.29459181944863
H           -5.08382290496806       -4.47249927759412        0.53616857133675
H           -3.64131244407721       -4.82593029665322       -0.42639462105552
H           -7.62630984040269        0.29229564927574       -1.15412478857821
H           -6.90645260516454       -1.26599930461880       -1.58353265618393
H           -7.12475292948366       -0.84071323921995        0.10895920956613
H           -6.26808583396527        2.05915362862687       -0.06756680342659
H           -4.53110371839685        1.86686722465350        0.14727692301883
H           -5.65564389784013        0.95265275108191        1.16666626051511
H           -5.13395108993265       -0.09450044078418       -2.96965195864587
H           -4.20959947610315        1.24024849513551       -2.26147184850383
H           -5.93140085540815        1.43285840684362       -2.57887595718011
53
 energy: -69.966754677606 gnorm: 0.004481954444 xtb: 6.7.1 (edcfbbe)
C            8.01823898066755       -0.71180361755213        1.71591661883162
C            6.93602855329479       -0.07829356741257        0.89008547604568
C            7.41737530434455        1.07064404684061        0.05248874242741
C            5.68728285852954       -0.52862607637851        0.93476302343241
C            4.49624586018385       -0.00984838998763        0.19193575522837
C            3.55673974157331        0.76637597133717        1.13716629387728
C            2.35727509910109        1.27283969664249        0.39153973317143
C            2.56760530317940        2.46380300448506       -0.49868719284974
C            1.17979713072928        0.66506323090707        0.48354046814200
C           -0.04934202981398        1.08750331428701       -0.25553181257567
O           -1.03856203839046        0.07216939721460       -0.12045178742432
C           -2.28874103424011        0.41224849000841       -0.45959029962743
O           -2.57672076942843        1.52563868484700       -0.84392873133458
C           -3.18278711582705       -0.73296089810922       -0.29863335135212
C           -2.76760260561414       -2.01247545807861        0.06384632560858
C           -3.92832163034451       -2.78569131767082        0.07988391777916
C           -4.07643927924345       -4.23276994804009        0.38882833173638
N           -4.97004537530121       -2.03126403771725       -0.24612945875702
N           -4.53429131918385       -0.80661156991840       -0.47564957342092
C           -5.50295717388720        0.22177822411239       -0.85223226145216
C           -6.89192444551580       -0.41827458051546       -0.85374715431191
C           -5.46523430776710        1.35776466489222        0.17310550583927
C           -5.17533539016470        0.73664659387251       -2.25612005238744
H            8.81316981535457       -1.08638920570615        1.07172888176403
H            8.45867673173369        0.02308324514570        2.38892377315026
H            7.63357737630192       -1.53815692755356        2.30783398315922
H            7.80059008509952        1.86163885347597        0.69851636884123
H            8.23578186678751        0.74557167941033       -0.59032928204087
H            6.63452838952495        1.48866942821098       -0.57098343709429
H            5.46313315992750       -1.35639785778273        1.59752925638218
H            3.93962418171957       -0.85359904236453       -0.22693676544578
H            4.79281164618945        0.63686529273707       -0.63414531771760
H            3.24471767487149        0.10514503769989        1.94817696304095
H            4.10846722205593        1.60419984561970        1.57208889837864
H            1.79734829729202        3.21438396261458       -0.32313285724263
H            3.54069233279955        2.91600352145394       -0.32098986423093
H            2.50726949674810        2.17252242157631       -1.54878843080464
H            1.04301921041404       -0.19212082873600        1.12577623581224
H            0.15599516621576        1.24250406011665       -1.32334577164395
H           -0.45063161539135        2.03278986460166        0.13861890503850
H           -1.76578884646340       -2.32106029297234        0.27890428807056
H           -3.56752322186503       -4.47580179803417        1.32337672358772
H           -5.13315706316587       -4.48154524700961        0.47510898514509
H           -3.63200567102898       -4.83514017843910       -0.40550995160528
H           -7.63149707961893        0.32949653385808       -1.12684369992079
H           -6.93432793629192       -1.23687749901484       -1.56606699044776
H           -7.13153503924782       -0.81204628805885        0.12954970217871
H           -6.25045612273772        2.07463317530055       -0.05098280392261
H           -4.51134023127749        1.87410513306628        0.13910587276375
H           -5.62560960891436        0.96726635811676        1.17590855897407
H           -5.15612076839199       -0.08853015825584       -2.96514648046425
H           -4.21242077189047        1.23745064221468       -2.26421982968797
H           -5.93527299361112        1.44748041068029       -2.56868477824012
53
 energy: -69.966778012246 gnorm: 0.002197779616 xtb: 6.7.1 (edcfbbe)
C            8.01834088871298       -0.71162628213544        1.71658642685922
C            6.93591477823064       -0.07757427220452        0.89095951349701
C            7.41718163010627        1.07042680384227        0.05325491074927
C            5.68746851739174       -0.52804388301408        0.93523706310047
C            4.49591225228799       -0.01083487007544        0.19210582167544
C            3.55680129470494        0.76572950639545        1.13610008802039
C            2.35702214297288        1.27245140149413        0.39095588998929
C            2.56652355623385        2.46312532205130       -0.49942204265622
C            1.17953522513437        0.66528863136625        0.48324132893904
C           -0.04950340043771        1.08854294918108       -0.25570394305925
O           -1.03849011965449        0.07256763694458       -0.12205606542040
C           -2.28921544700214        0.41307578589403       -0.45971991084570
O           -2.57774560691181        1.52685866881157       -0.84219645240764
C           -3.18228855478426       -0.73262334963674       -0.29936919368660
C           -2.76709446637006       -2.01222261031737        0.06236203844967
C           -3.92796015008132       -2.78520949640579        0.07936557667016
C           -4.07562270328643       -4.23222052078593        0.38887020038538
N           -4.96975176939403       -2.03048835546041       -0.24540075013804
N           -4.53405140155642       -0.80598954992771       -0.47494736429439
C           -5.50293090139163        0.22212152896045       -0.85191252967280
C           -6.89158626214095       -0.41815228220610       -0.85377942921179
C           -5.46573457813731        1.35783050833540        0.17337570463622
C           -5.17473945621346        0.73596198806247       -2.25591798592120
H            8.81182976810299       -1.08805479771989        1.07198899600263
H            8.46084587159097        0.02313774352590        2.38824158762980
H            7.63317050321100       -1.53644592217556        2.30981219741549
H            7.80207056495687        1.86045165272484        0.69863417795184
H            8.23427409087430        0.74460189328123       -0.59019041636776
H            6.63390516647655        1.48934614096463       -0.56923183000349
H            5.46412739647177       -1.35532205689390        1.59861400636943
H            3.94001818636947       -0.85496219743442       -0.22517965242097
H            4.79155459236650        0.63480499064504       -0.63435244362887
H            3.24502606829439        0.10540283346922        1.94725748713849
H            4.10837376025075        1.60322993544010        1.57022890509573
H            1.79862400667363        3.21525496739944       -0.32128601809327
H            3.54073122474939        2.91285567883378       -0.32453323578934
H            2.50238197305780        2.17246574711343       -1.54881266425350
H            1.04284274370048       -0.19189644809201        1.12531237868136
H            0.15616655904100        1.24503438649368       -1.32360413216893
H           -0.45170766605255        2.03340000652448        0.13950830099433
H           -1.76506699623620       -2.32109404810847        0.27616435539693
H           -3.56355158562680       -4.47553355659834        1.31916078455447
H           -5.13016075218473       -4.48047852265715        0.47984326620814
H           -3.63701144310998       -4.83444523286092       -0.40588770070249
H           -7.63115085255269        0.32965229878086       -1.12695267725707
H           -6.93371921877861       -1.23644916343338       -1.56632715335955
H           -7.13136234728315       -0.81219786372530        0.12936550731745
H           -6.25369043661453        2.07248299958238       -0.04774937763491
H           -4.51344362111960        1.87670855879380        0.13708586163211
H           -5.62198908881317        0.96610498051637        1.17634825497985
H           -5.15307566230044       -0.09036543428077       -2.96343136160093
H           -4.21263536034908        1.23841638105291       -2.26378781285651
H           -5.93536291355946        1.44489878970613       -2.57078883448403
53
 energy: -69.966789199320 gnorm: 0.000792912813 xtb: 6.7.1 (edcfbbe)
C            8.01764621865092       -0.71076981687389        1.71723524942563
C            6.93549523842035       -0.07700209783182        0.89092059776747
C            7.41670743264165        1.07075196660641        0.05377789956330
C            5.68769252936840       -0.52827231754721        0.93348330103914
C            4.49586542343759       -0.01089919574716        0.19093032796789
C            3.55724727857478        0.76420463468867        1.13566362511401
C            2.35691032518850        1.27180574778913        0.39198246589503
C            2.56591921377741        2.46234786552725       -0.49854337814893
C            1.17934793030175        0.66489376591483        0.48391318228280
C           -0.04878846722602        1.08864946816241       -0.25572168415059
O           -1.03810434993908        0.07285449172073       -0.12326153960315
C           -2.28891572570931        0.41374656117229       -0.46060810992256
O           -2.57748327141173        1.52747641554259       -0.84299738451817
C           -3.18158558492271       -0.73207608981010       -0.29965703276668
C           -2.76651128581779       -2.01161559793838        0.06238671889200
C           -3.92718703229046       -2.78459202635556        0.07943311529252
C           -4.07588211449864       -4.23139870983565        0.38914662256316
N           -4.96873725902896       -2.02990281276117       -0.24560134198468
N           -4.53329973653041       -0.80545546389296       -0.47502877336937
C           -5.50279445246311        0.22232043029150       -0.85185696073605
C           -6.89106772699731       -0.41859612846970       -0.85324741068461
C           -5.46559887257158        1.35768492241699        0.17365027481991
C           -5.17517071032438        0.73572737839051       -2.25599804924038
H            8.81161577381787       -1.08779434912958        1.07299738832245
H            8.46002198876267        0.02467474616279        2.38877984761910
H            7.63156368474460       -1.53522116180470        2.31062409013315
H            7.80148115415843        1.86041456061918        0.69941004253414
H            8.23382222694662        0.74496012538583       -0.58953221808986
H            6.63327266821129        1.48967899020850       -0.56869826301942
H            5.46489197668164       -1.35577430674529        1.59636395795733
H            3.94022524811105       -0.85424190312791       -0.22734876638271
H            4.79078757789511        0.63598894126479       -0.63431558545245
H            3.24628308609391        0.10318717321766        1.94610496592999
H            4.10913600955836        1.60074369008907        1.57038899037838
H            1.79950660643295        3.21493175140106       -0.31960804562544
H            3.54045453401271        2.91098706404371       -0.32566830113676
H            2.50056241373539        2.17204999730000       -1.54751068587481
H            1.04250101495640       -0.19279723570966        1.12491825738838
H            0.15750481555802        1.24553205434284       -1.32324234264803
H           -0.45140885206998        2.03315054288857        0.13923155415242
H           -1.76430818944397       -2.31968182522169        0.27591959397023
H           -3.56638117665334       -4.47484336285124        1.31993104290951
H           -5.12996803986817       -4.47841979786631        0.47775412659488
H           -3.63768250318116       -4.83467673723173       -0.40521633479823
H           -7.63097883888203        0.32855147642975       -1.12708638830373
H           -6.93280539406604       -1.23734036096720       -1.56519547741799
H           -7.13087050918348       -0.81205958858092        0.13006304933523
H           -6.25345125856120        2.07262131620529       -0.04674316399523
H           -4.51327683198593        1.87651048864591        0.13752740449885
H           -5.62174259871651        0.96518627742984        1.17634920393348
H           -5.15296321266784       -0.09089975236382       -2.96303296663065
H           -4.21345752624952        1.23858448623838       -2.26422807971280
H           -5.93604084875719        1.44411330860474       -2.57149895966311
53
 energy: -69.966797732087 gnorm: 0.001261282205 xtb: 6.7.1 (edcfbbe)
C            8.01548372030881       -0.70850927284029        1.71919116798183
C            6.93449696380046       -0.07562643563846        0.89050723097156
C            7.41585451132864        1.07262639217821        0.05523369509589
C            5.68776045420271       -0.52932776710928        0.92873540949470
C            4.49574653082456       -0.01138020922086        0.18697464825413
C            3.55822043882846        0.75991586873010        1.13484858045865
C            2.35718147702885        1.26911495354660        0.39348939180956
C            2.56522492810111        2.46035497027923       -0.49620531382333
C            1.17921642597300        0.66296425065817        0.48463518156059
C           -0.04708778491655        1.08894222000112       -0.25596376628500
O           -1.03718382287127        0.07351534108971       -0.12634585682602
C           -2.28826958111411        0.41542429710744       -0.46239458286063
O           -2.57695196901873        1.52913856747792       -0.84431693947884
C           -3.18001759418409       -0.73076587085230       -0.30043926108188
C           -2.76493724099966       -2.01024118851032        0.06204636269473
C           -3.92535575147717       -2.78318557014993        0.07931419126796
C           -4.07710064951460       -4.22947263793611        0.38975677796230
N           -4.96664977804401       -2.02849652433078       -0.24594238118912
N           -4.53165959212025       -0.80428493245154       -0.47554756208144
C           -5.50255311638155        0.22274175739358       -0.85183758967672
C           -6.88994754567903       -0.41976934128837       -0.85182836442687
C           -5.46500195567503        1.35730889816917        0.17426863503580
C           -5.17621874568073        0.73537310617323       -2.25628489467333
H            8.81051753743871       -1.08709615827320        1.07658164141224
H            8.45740821458185        0.02837329411248        2.39002433707864
H            7.62787547043698       -1.53170368488657        2.31350192395650
H            7.80052022429772        1.86158757646504        0.70147297309881
H            8.23295280985692        0.74737219526167       -0.58823025454230
H            6.63237669096173        1.49198903633893       -0.56713385316767
H            5.46573535697441       -1.35802701931846        1.58999212349032
H            3.94108497394744       -0.85348942342251       -0.23396517751880
H            4.78991724586989        0.63848017073175       -0.63571832062901
H            3.24823298141203        0.09670478133932        1.94342534921670
H            4.11024423183081        1.59493934792560        1.57147762388529
H            1.80190616222088        3.21417513543028       -0.31349151036651
H            3.54137094782048        2.90611261119455       -0.32761778559686
H            2.49515965433270        2.17110168264796       -1.54476278743942
H            1.04135752181466       -0.19533217709290        1.12419567659973
H            0.16106884517424        1.24672182890255       -1.32278023466203
H           -0.45020146124500        2.03294758690572        0.13891271330485
H           -1.76212732827210       -2.31630814031935        0.27510962799766
H           -3.57320635234922       -4.47297288243969        1.32243944908382
H           -5.13147010944427       -4.47354729501463        0.47243737760508
H           -3.63770182677350       -4.83459182311146       -0.40290462991983
H           -7.63071955418934        0.32584478690024       -1.12738044697715
H           -6.93063209139040       -1.23998295905163       -1.56204830231459
H           -7.12950507737432       -0.81146924212417        0.13218846036347
H           -6.25274031935181        2.07276313893069       -0.04462346009997
H           -4.51259252358657        1.87602847138489        0.13844878657609
H           -5.62080206601843        0.96336157313107        1.17649256981659
H           -5.15268475223844       -0.09210274627978       -2.96220788031143
H           -4.21541318997673        1.23966171013273       -2.26536121267369
H           -5.93818253946055        1.44209775116026       -2.57292988504703
53
 energy: -69.966803185543 gnorm: 0.000833389311 xtb: 6.7.1 (edcfbbe)
C            8.01452708698439       -0.70716383884143        1.72043730745355
C            6.93437397484240       -0.07498472294282        0.89023470804266
C            7.41568588564126        1.07451846582719        0.05636307384009
C            5.68808762340232       -0.53050886170782        0.92606059809924
C            4.49620612263239       -0.01209869726912        0.18447745783595
C            3.55841636008882        0.75709793155803        1.13403630109229
C            2.35735984656935        1.26745182287712        0.39374640960289
C            2.56549865307161        2.45944748618148       -0.49498729660273
C            1.17912823315696        0.66175614875932        0.48453278415408
C           -0.04655028771086        1.08895964101264       -0.25642541965724
O           -1.03685592212784        0.07359953220453       -0.12816762110014
C           -2.28805237883622        0.41590417767395       -0.46342589998872
O           -2.57689607756244        1.52986101799999       -0.84445172811331
C           -3.17958963440746       -0.73035774058505       -0.30109291138739
C           -2.76429692960953       -2.00980841142009        0.06155395566765
C           -3.92469558961097       -2.78272863294074        0.07921408798079
C           -4.07789168404941       -4.22882036652134        0.39001225735666
N           -4.96612993234393       -2.02805063867693       -0.24593999424969
N           -4.53123868676543       -0.80395759512219       -0.47593863476683
C           -5.50252492898229        0.22290584599170       -0.85176265145407
C           -6.88968170306689       -0.42010650796897       -0.85104966704260
C           -5.46469028605083        1.35733073530883        0.17447085211279
C           -5.17685472144477        0.73552618349883       -2.25636431001513
H            8.80996165888867       -1.08664465401243        1.07906873197341
H            8.45591388883966        0.03036301671860        2.39070825995579
H            7.62639633060005       -1.52950909474796        2.31546207997318
H            7.80028115863058        1.86298499959321        0.70332239510804
H            8.23283987463431        0.75004462012343       -0.58751817426664
H            6.63229225934491        1.49446382747745       -0.56569648383487
H            5.46605660030022       -1.36035322990680        1.58602863914602
H            3.94187011142763       -0.85373066896325       -0.23808791078686
H            4.79037129991753        0.63942670748212       -0.63707561268783
H            3.24858779024174        0.09204629946116        1.94133104523518
H            4.11028682573068        1.59152340776658        1.57228921616762
H            1.80401381791361        3.21454846034618       -0.30871086637513
H            3.54315271167062        2.90307101316431       -0.32841343261249
H            2.49141931476559        2.17163786979512       -1.54386467856062
H            1.04063968803522       -0.19703835129303        1.12339831087592
H            0.16264038258334        1.24744385331074       -1.32303057444919
H           -0.44959640345050        2.03285904280972        0.13894837504433
H           -1.76115383249286       -2.31513038230251        0.27439644574319
H           -3.57702821807075       -4.47212264350684        1.32462785538792
H           -5.13310449285583       -4.47195578604437        0.46944076621522
H           -3.63584985994993       -4.83447608973555       -0.40074682600555
H           -7.63081081324173        0.32484947410513       -1.12748871892922
H           -6.92992239936451       -1.24128909350419       -1.56021340708232
H           -7.12896296981358       -0.81069824815761        0.13349889709656
H           -6.25249964074516        2.07283129271397       -0.04407648838542
H           -4.51225487460870        1.87600158874535        0.13851575594140
H           -5.62018248286518        0.96321532010599        1.17668727351218
H           -5.15252920063226       -0.09224375475511       -2.96198402347145
H           -4.21650804108207        1.24084024364721       -2.26569549484688
H           -5.93965550815137        1.44126798470385       -2.57321536153826
53
 energy: -69.966812058176 gnorm: 0.000670232239 xtb: 6.7.1 (edcfbbe)
C            8.01294367554850       -0.70339262088398        1.72356500725886
C            6.93438322363320       -0.07285273517472        0.89026134435884
C            7.41523438363664        1.08037093667338        0.06060591421430
C            5.68956572650053       -0.53345214956785        0.91957911922354
C            4.49823636344453       -0.01451190254855        0.17774839784807
C            3.55876832357701        0.74902103203064        1.13101490096951
C            2.35820874912684        1.26223948739898        0.39251149474174
C            2.56683055863970        2.45732404199752       -0.49204012341417
C            1.17924952235048        0.65781274308199        0.48228353403205
C           -0.04571488308791        1.08851170607579       -0.25816062073130
O           -1.03637668615945        0.07335910436291       -0.13300672133986
C           -2.28798608843460        0.41675680598609       -0.46532677739265
O           -2.57722672387498        1.53140112509586       -0.84404049378501
C           -3.17931526085535       -0.72965282688696       -0.30284577179098
C           -2.76346225531256       -2.00907735883183        0.05995927233550
C           -3.92380777585293       -2.78190071483706        0.07912304044386
C           -4.07949155680433       -4.22755488733224        0.39086457579232
N           -4.96568580063656       -2.02730015429606       -0.24558677088804
N           -4.53098008843589       -0.80341721399820       -0.47681363112135
C           -5.50274075690773        0.22333497104178       -0.85140714893661
C           -6.88963733325123       -0.42033707677255       -0.84908520233000
C           -5.46414076860124        1.35774243556987        0.17484972087304
C           -5.17856339274963        0.73638437644750       -2.25628934326439
H            8.80930722751556       -1.08505038267331        1.08506074606844
H            8.45301361800268        0.03570789555635        2.39255706735879
H            7.62343397819252       -1.52378664271986        2.32025629033994
H            7.79957413956301        1.86685930072499        0.71025981981725
H            8.23258757414214        0.75837650088382       -0.58448267694176
H            6.63186716355386        1.50211412458321       -0.56016547234732
H            5.46760786791647       -1.36684235733511        1.57536995485504
H            3.94513389369312       -0.85505015590245       -0.24920366152748
H            4.79242277711143        0.64114662965797       -0.64083841475708
H            3.24895569544905        0.07885017088716        1.93443035985058
H            4.10979857514317        1.58162433887328        1.57444038487670
H            1.81150814358617        3.21667067113724       -0.29479928432870
H            3.54888924715131        2.89397577079116       -0.33124059704020
H            2.48097615055524        2.17553184509743       -1.54198808051518
H            1.03918759508178       -0.20212789582165        1.11948309165522
H            0.16500254247703        1.24954286674225       -1.32425698423327
H           -0.44816333708667        2.03196610760480        0.13928800046894
H           -1.75975448883862       -2.31332327780096        0.27209911045343
H           -3.58808815588528       -4.46947009079238        1.33162438151011
H           -5.13617359654757       -4.47005483523400        0.46074004556915
H           -3.62864771751348       -4.83457658716158       -0.39363812084229
H           -7.63127605221130        0.32328547188010       -1.12772111322795
H           -6.92916204834907       -1.24382553274863       -1.55566478036828
H           -7.12854512697905       -0.80812363208881        0.13672795382858
H           -6.25224045573043        2.07307432883554       -0.04328875524445
H           -4.51174655163022        1.87644039711129        0.13815226547581
H           -5.61878127087713        0.96379140928632        1.17726625075162
H           -5.15200292353089       -0.09167644320619       -2.96159493462823
H           -4.21949637721578        1.24439596020690       -2.26588109469247
H           -5.94347924221148        1.43974491903055       -2.57331581687818
53
 energy: -69.966817316110 gnorm: 0.000957312296 xtb: 6.7.1 (edcfbbe)
C            8.01278438451740       -0.70094097804139        1.72553203482897
C            6.93490489897715       -0.07146578117825        0.89056445611105
C            7.41498134990681        1.08499109976843        0.06471575015262
C            5.69124256504893       -0.53554886236317        0.91547698612507
C            4.50017485317412       -0.01647411920671        0.17339635845404
C            3.55880374326787        0.74320740324050        1.12818565985738
C            2.35867686079113        1.25886771021286        0.39090808869303
C            2.56804972626461        2.45616669812425       -0.49039818039036
C            1.17933733596846        0.65502761913519        0.47956704804963
C           -0.04561012359847        1.08782430127307       -0.25981466107959
O           -1.03630416056420        0.07261720407774       -0.13656954437716
C           -2.28810015545760        0.41661193100466       -0.46724163599690
O           -2.57767908135049        1.53198099726359       -0.84364006723091
C           -3.17969969928398       -0.72955657513423       -0.30418190558921
C           -2.76369543393559       -2.00892053031017        0.05880101100687
C           -3.92412571102161       -2.78157452875814        0.07913947592180
C           -4.08022255645903       -4.22695813535375        0.39180672499053
N           -4.96624158736293       -2.02691560330926       -0.24490932180688
N           -4.53151933098964       -0.80311521804301       -0.47682149783464
C           -5.50324036088371        0.22374376527679       -0.85087551492712
C           -6.89022053424537       -0.41981423630455       -0.84793532766450
C           -5.46418945291923        1.35832730345519        0.17520531671006
C           -5.17968259089260        0.73708995626505       -2.25586566474672
H            8.80964301954105       -1.08336594835200        1.08825885313821
H            8.45221649334257        0.03892068331769        2.39398568359234
H            7.62283533367706       -1.52063692294868        2.32286843590567
H            7.79889998245943        1.86970945225199        0.71677444609461
H            8.23253518502369        0.76540569205512       -0.58135410335214
H            6.63146903013554        1.50818494703165       -0.55481569386057
H            5.46948662620764       -1.37096020982981        1.56880476379222
H            3.94846287986127       -0.85657081603873       -0.25630146937558
H            4.79430477758995        0.64170495489334       -0.64325656142713
H            3.24859244230016        0.06974690977928        1.92876941615379
H            4.10896700951478        1.57444994869094        1.57535108432104
H            1.81779657001172        3.21860357230249       -0.28483762057902
H            3.55333871017363        2.88724848548717       -0.33386190490979
H            2.47365444985908        2.17951463500924       -1.54106145440802
H            1.03891822237714       -0.20665195563508        1.11441134790632
H            0.16513296152355        1.25128017797073       -1.32560340186620
H           -0.44758140374184        2.03058751959370        0.13985094140526
H           -1.75985698430782       -2.31332405411939        0.27020090102186
H           -3.59590495802635       -4.46674740018512        1.33706369535256
H           -5.13728175228445       -4.47071148184245        0.45414147345046
H           -3.62195887865841       -4.83458384419278       -0.38783312139219
H           -7.63182829593098        0.32339207381104       -1.12774438014706
H           -6.92960250793810       -1.24440386782395       -1.55324517494520
H           -7.12919795849566       -0.80611472666470        0.13846200257418
H           -6.25250582216145        2.07345641926244       -0.04284790494605
H           -4.51187624866958        1.87711362178116        0.13784991176907
H           -5.61825912604172        0.96469580204480        1.17782181157850
H           -5.15180276770598       -0.09093421260103       -2.96117866078746
H           -4.22135114630844        1.24656301833509       -2.26534269405345
H           -5.94567078225884        1.43925610555900       -2.57293655885921
53
 energy: -69.966827515708 gnorm: 0.001325510724 xtb: 6.7.1 (edcfbbe)
C            8.01384573163460       -0.69631515834518        1.72892233475711
C            6.93638340560855       -0.06771307662603        0.89276481603378
C            7.41451526510010        1.09515303395700        0.07462750661413
C            5.69513386692242       -0.53867713282280        0.90913007442015
C            4.50465667268386       -0.02083393008996        0.16518340486067
C            3.55872389330178        0.73116449872138        1.12180647575914
C            2.36002527406710        1.25103267974967        0.38524692142822
C            2.57065298356559        2.45426779734989       -0.48756442015734
C            1.18011378133008        0.64787864794518        0.47088966302387
C           -0.04576009026186        1.08570789187733       -0.26416395981863
O           -1.03665258967262        0.07054556929282       -0.14359228571092
C           -2.28910613355086        0.41634763145843       -0.46930693514746
O           -2.57895125666147        1.53283386594167       -0.84230626215198
C           -3.18129431478610       -0.72952497504458       -0.30644014292480
C           -2.76517895120857       -2.00894626775640        0.05605434802955
C           -3.92602827359576       -2.78101289019572        0.07929095733580
C           -4.08125484679234       -4.22596834988957        0.39420912382517
N           -4.96846693662832       -2.02605707476294       -0.24304892866238
N           -4.53347682511921       -0.80247410293855       -0.47646878269804
C           -5.50478178002044        0.22482470459964       -0.84973094482561
C           -6.89218305394363       -0.41794166552327       -0.84594716085887
C           -5.46480661085559        1.35974575330975        0.17604862922368
C           -5.18183280209024        0.73866212865702       -2.25478292247107
H            8.81135729274794       -1.07902990577001        1.09268201052041
H            8.45243490462711        0.04422334621396        2.39706499442113
H            7.62372545854638       -1.51570072872330        2.32655645808469
H            7.79724216234638        1.87593759747880        0.73206656660820
H            8.23257564986973        0.78121691792748       -0.57365387091996
H            6.63033959892413        1.52132471899922       -0.54196286623329
H            5.47457626080080       -1.37920972241327        1.55632515084847
H            3.95684361778796       -0.86078314548016       -0.26981694797218
H            4.79887873009656        0.64193506949005       -0.64774039546636
H            3.24692387921398        0.05155978800876        1.91661333325724
H            4.10643602939743        1.55995683641855        1.57664394888654
H            1.83134019830025        3.22287831896333       -0.26429719078892
H            3.56252513346196        2.87344476763818       -0.33983907539613
H            2.45880400887843        2.18932163447148       -1.53963408621973
H            1.03935547478920       -0.21714972341210        1.10116273477571
H            0.16301564238444        1.25480634957792       -1.32951317684493
H           -0.44608379172030        2.02677409124211        0.14127542105685
H           -1.76137488657984       -2.31468742250530        0.26570550795519
H           -3.61223442130174       -4.46004375002161        1.34897615036464
H           -5.13826100704186       -4.47438941400737        0.43985700589234
H           -3.60616810211939       -4.83437353238227       -0.37479704874585
H           -7.63330066330960        0.32514558503987       -1.12731410787550
H           -6.93186082688935       -1.24387916889369       -1.54963841415040
H           -7.13159554341518       -0.80215686710009        0.14117182095346
H           -6.25350842327335        2.07454038659506       -0.04175780512936
H           -4.51262976303948        1.87868668986136        0.13740157715091
H           -5.61778950834647        0.96675370447693        1.17905187126657
H           -5.15194637185191       -0.08920585139242       -2.96017079517944
H           -4.22460738366458        1.25023404145427       -2.26386866802466
H           -5.94928975862582        1.43916980941754       -2.57193196057568
53
 energy: -69.966836587545 gnorm: 0.001013387020 xtb: 6.7.1 (edcfbbe)
C            8.01645181424332       -0.69324596386313        1.73079265631405
C            6.93857281423842       -0.06494537889046        0.89485571120290
C            7.41413308444579        1.10429541004488        0.08445523524484
C            5.69938592342062       -0.54117370686104        0.90494884459463
C            4.50896364688157       -0.02454669272545        0.15982625911899
C            3.55853896798122        0.72178995978183        1.11618533955824
C            2.36093509929508        1.24485486931241        0.37977633719080
C            2.57244274126585        2.45300284476608       -0.48590924237542
C            1.18094371449983        0.64139135503802        0.46199549152446
C           -0.04613448366832        1.08316042365793       -0.26855144673683
O           -1.03740428991441        0.06809414597628       -0.14964069687064
C           -2.29014980360173        0.41533449343401       -0.47238245356348
O           -2.58013433011330        1.53307763218605       -0.84156899073373
C           -3.18321234171341       -0.72980299991125       -0.30840164466480
C           -2.76744331330395       -2.00923663456325        0.05383538082608
C           -3.92887778264755       -2.78056337538679        0.07955824548426
C           -4.08195303599922       -4.22528634169581        0.39649686822477
N           -4.97138327447365       -2.02506306346181       -0.24079297152878
N           -4.53592148855271       -0.80168539153263       -0.47518102302203
C           -5.50661745559687        0.22613899753427       -0.84838747896335
C           -6.89453490202303       -0.41553133627553       -0.84471497680942
C           -5.46596242202798        1.36125114299232        0.17719482968815
C           -5.18340881268673        0.73987524141103       -2.25345040555680
H            8.81441916156141       -1.07416671491284        1.09389070460389
H            8.45436667211069        0.04673563444106        2.40009702198002
H            7.62714977174058       -1.51408796172466        2.32699311085843
H            7.79524669453039        1.88159661282472        0.74692695147927
H            8.23283391222343        0.79620206324692       -0.56577808289990
H            6.62902017344821        1.53277264070663       -0.52935402688406
H            5.48023130607818       -1.38487848632023        1.54830624437660
H            3.96502733680983       -0.86495190034797       -0.27884762948944
H            4.80319163155328        0.64117119857098       -0.65055992908719
H            3.24501984502551        0.03816271212302        1.90669738906950
H            4.10375065367952        1.54894187113910        1.57678431593128
H            1.84218746921672        3.22579280677029       -0.24850763093743
H            3.56905044739666        2.86290410973734       -0.34548532932923
H            2.44712662372873        2.19807308439271       -1.53870084846036
H            1.04090858367264       -0.22748547154346        1.08712181760662
H            0.15966418473645        1.25710858814558       -1.33365945773827
H           -0.44471812761073        2.02264560243597        0.14214120202322
H           -1.76386034867224       -2.31692717881431        0.26151310578635
H           -3.62612245699740       -4.45371946012450        1.35888705315338
H           -5.13791385071515       -4.47934510071598        0.42764387942655
H           -3.59212976150756       -4.83371793551231       -0.36318244353283
H           -7.63494568911362        0.32823606331164       -1.12615400204552
H           -6.93498039656129       -1.24135550491974       -1.54846694575316
H           -7.13445103834260       -0.79950980917790        0.14234381029512
H           -6.25480189300759        2.07598355732582       -0.04030202356366
H           -4.51380106424881        1.88016288944615        0.13778623124194
H           -5.61833273649414        0.96847392679168        1.18035756943976
H           -5.15305047877442       -0.08792255541674       -2.95884860964708
H           -4.22638970131777        1.25173101626268       -2.26228342715445
H           -5.95092699407671        1.44018807092870       -2.57086023649212
53
 energy: -69.966843213700 gnorm: 0.000430340822 xtb: 6.7.1 (edcfbbe)
C            8.01946900280291       -0.69135603685021        1.73139326520997
C            6.94054749006086       -0.06181394384661        0.89765285162455
C            7.41369748689964        1.11226284876052        0.09328441914090
C            5.70298787290098       -0.54206456114367        0.90305066715415
C            4.51263497020583       -0.02726503220369        0.15627648389575
C            3.55860088812577        0.71472476318628        1.11186560232780
C            2.36178592990556        1.23936359829450        0.37491992378606
C            2.57302695399849        2.45179599374738       -0.48474603570742
C            1.18201025703004        0.63503955717663        0.45377284523359
C           -0.04586262786134        1.08013974768558       -0.27311246650105
O           -1.03813755020138        0.06587550961613       -0.15423676701000
C           -2.29134056271346        0.41509580403928       -0.47328280284672
O           -2.58079304742050        1.53333390797996       -0.84116908479402
C           -3.18481766062063       -0.72978658331100       -0.30950279088020
C           -2.76945001430387       -2.00942814853777        0.05194914414307
C           -3.93146634222887       -2.77994059270026        0.07988734084857
C           -4.08312741331555       -4.22443575856233        0.39850252017677
N           -4.97383249931617       -2.02388093913667       -0.23897258769041
N           -4.53787860344491       -0.80080904514958       -0.47424109150688
C           -5.50825800394569        0.22745128255984       -0.84742448361989
C           -6.89651416389441       -0.41340211704681       -0.84394840149476
C           -5.46711091104760        1.36230124017869        0.17842229892807
C           -5.18461909722628        0.74083802029513       -2.25243306411933
H            8.81801313052113       -1.06884973524519        1.09287243498651
H            8.45649952333664        0.04699798175703        2.40319948510178
H            7.63149542114830       -1.51499998021891        2.32468299862058
H            7.79278439659867        1.88674879298428        0.76006918698078
H            8.23329232351794        0.80969771484400       -0.55837898665188
H            6.62759140312442        1.54222471435957       -0.51825683113837
H            5.48579649286952       -1.38978804864174        1.54175864105083
H            3.97220228014000       -0.86833485571434       -0.28518429358191
H            4.80694410087506        0.64063051274208       -0.65217634077766
H            3.24382677455462        0.02851258728666        1.89946218273526
H            4.10139403217486        1.54110943695041        1.57643307017398
H            1.84953837136600        3.22698553551860       -0.23615420006315
H            3.57291086367953        2.85505792741418       -0.35028778393989
H            2.43744631847342        2.20463671705118       -1.53780304781647
H            1.04263796282320       -0.23681234023953        1.07476717724723
H            0.15704656001370        1.25721406010948       -1.33817216669641
H           -0.44241368152737        2.01866962574771        0.14145756256507
H           -1.76597772739141       -2.31839235791574        0.25799114557293
H           -3.63905859322717       -4.44836483084251        1.36711782277150
H           -5.13796345793058       -4.48284664757662        0.41690159841859
H           -3.58124754430082       -4.83267790567442       -0.35325665570633
H           -7.63649835595678        0.33123428903757       -1.12426712843315
H           -6.93781574873991       -1.23822653641234       -1.54881012866817
H           -7.13648952221008       -0.79846818336305        0.14264479664773
H           -6.25574805524186        2.07743172539595       -0.03846233503656
H           -4.51476731007830        1.88089366777611        0.13899669560482
H           -5.61937213712898        0.96913899257761        1.18145815413869
H           -5.15503504143959       -0.08710934059210       -2.95766397412337
H           -4.22717494541547        1.25177126249876       -2.26138344696878
H           -5.95141018899690        1.44187570339241       -2.57002376690856
53
 energy: -69.966847999095 gnorm: 0.000452789518 xtb: 6.7.1 (edcfbbe)
C            8.02241453000977       -0.69010213343803        1.73112792982422
C            6.94255099915542       -0.05960646536627        0.89927309249766
C            7.41314157929727        1.11985991335760        0.10153358061886
C            5.70639120085186       -0.54338022364652        0.90061938831467
C            4.51580794657815       -0.02920903765373        0.15359348050605
C            3.55903871793276        0.70924545970055        1.10878563773346
C            2.36260360244618        1.23427736088667        0.37121780747277
C            2.57266240938008        2.45047534268468       -0.48345775463773
C            1.18318895619945        0.62883140741000        0.44705266559681
C           -0.04497251836438        1.07673164901334       -0.27740960602831
O           -1.03860430042611        0.06366315347068       -0.15840698868857
C           -2.29194615803044        0.41459659231283       -0.47540221853517
O           -2.58091577092563        1.53356920478430       -0.84131283541240
C           -3.18598301486958       -0.72969905537270       -0.31057757291724
C           -2.77112721183773       -2.00946952624655        0.05077570200548
C           -3.93361143733698       -2.77921658118109        0.08026852308053
C           -4.08516894213482       -4.22347800028569        0.40007945929781
N           -4.97577698557507       -2.02257213826872       -0.23748329208080
N           -4.53936319621920       -0.79981957958142       -0.47336071935321
C           -5.50959288469060        0.22875676753022       -0.84653166666149
C           -6.89798310354696       -0.41171776832709       -0.84324344212449
C           -5.46787349481723        1.36315123592294        0.17973151629752
C           -5.18566623625006        0.74177108364205       -2.25151924284423
H            8.82219447153354       -1.06280305525145        1.09110985921440
H            8.45751226235856        0.04618420937458        2.40660824065998
H            7.63602387567412       -1.51748356008583        2.32032101943507
H            7.78967859155351        1.89189942970585        0.77260144931973
H            8.23397160245074        0.82289813606714       -0.55112205208909
H            6.62619629960434        1.55083232296597       -0.50827056786554
H            5.49084797643878       -1.39396035231431        1.53591880942549
H            3.97799013627209       -0.87060032371595       -0.29020612757990
H            4.81003037022974        0.64055402695981       -0.65328372857162
H            3.24367709341625        0.02102018561849        1.89431015696276
H            4.09972772606914        1.53537129707221        1.57617915613819
H            1.85446187798275        3.22731932416445       -0.22528733177560
H            3.57515344996366        2.84877836025496       -0.35447825950704
H            2.42814378565362        2.20955872999287       -1.53665894262666
H            1.04417046330691       -0.24530559167121        1.06477667850945
H            0.15628741903217        1.25489233643614       -1.34250728610108
H           -0.43950754861490        2.01525975230108        0.13886554490733
H           -1.76756513259503       -2.31897478306466        0.25536579731448
H           -3.65274923413726       -4.44391878134361        1.37464132679888
H           -5.13927076546788       -4.48465382450181        0.40619245428166
H           -3.57246014249933       -4.83188007304734       -0.34422186885605
H           -7.63784532501475        0.33371899312307       -1.12176912368440
H           -6.94012527080286       -1.23516365482837       -1.54967810367329
H           -7.13757394127842       -0.79854317206852        0.14273328653378
H           -6.25604576696785        2.07893099794193       -0.03664171427687
H           -4.51516861615716        1.88115029227935        0.14073197852580
H           -5.62049190846414        0.96935310717314        1.18248397569991
H           -5.15760486710523       -0.08629653104527       -2.95667161811414
H           -4.22746619067916        1.25120107198638       -2.26092823465082
H           -5.95140737856072        1.44400246821149       -2.56902856591283
53
 energy: -69.966854240009 gnorm: 0.000648820714 xtb: 6.7.1 (edcfbbe)
C            8.02628447807419       -0.68904680618606        1.72982534445062
C            6.94506260129272       -0.05659308073724        0.90121224992796
C            7.41219312580119        1.13012008299554        0.11228036653509
C            5.71063050422816       -0.54478752076933        0.89751644994685
C            4.51977123149025       -0.03097313488961        0.15049164244592
C            3.55988885475578        0.70330090329745        1.10557516550803
C            2.36336137837187        1.22854729322211        0.36814548330704
C            2.57151527567210        2.44854124916491       -0.48152983000415
C            1.18475826941655        0.62096796804910        0.43992493774607
C           -0.04300417523075        1.07109133909014       -0.28366503038572
O           -1.03879047324784        0.06022571716855       -0.16334647951880
C           -2.29231334665446        0.41371935485041       -0.47731186426523
O           -2.58027480225588        1.53341135551374       -0.84159414052790
C           -3.18726667071273       -0.72971608467469       -0.31160192553359
C           -2.77315424051619       -2.00978562416436        0.04959297430237
C           -3.93627272515985       -2.77842456886648        0.08078501724945
C           -4.08916079818871       -4.22225503774493        0.40194020008457
N           -4.97808943058325       -2.02093772016027       -0.23600101885967
N           -4.54091789160688       -0.79869815411706       -0.47273956518722
C           -5.51092917762116        0.23038402659217       -0.84557287759653
C           -6.89952818402676       -0.40955218344618       -0.84238097740877
C           -5.46842012515144        1.36407242567719        0.18137711813942
C           -5.18694096371380        0.74336829771794       -2.25044998409329
H            8.82850783999885       -1.05327879216423        1.08785497149483
H            8.45749181094137        0.04362171607301        2.41177339665981
H            7.64262938143155       -1.52281836092868        2.31185362784534
H            7.78439794426571        1.89904286009215        0.78934108100207
H            8.23534099541027        0.84123404176566       -0.54110290724856
H            6.62438399000541        1.56210450396503       -0.49570110430909
H            5.49740208488035       -1.40032499260819        1.52698416144154
H            3.98454932400551       -0.87247211145845       -0.29615420955212
H            4.81391486972155        0.64120629031635       -0.65444612084827
H            3.24452204952677        0.01278399636094        1.88907012552122
H            4.09808360699345        1.52945169062918        1.57574383631095
H            1.85922134619541        3.22682819587195       -0.21192565935298
H            3.57676898697021        2.84184443545192       -0.35954910952396
H            2.41590570413749        2.21478585168649       -1.53468851070603
H            1.04629314195419       -0.25649089217323        1.05305498622117
H            0.15736473063289        1.24869973429634       -1.34904520390228
H           -0.43490844502762        2.01051792477552        0.13288330080448
H           -1.76940286212555       -2.31952632373361        0.25282430133026
H           -3.67284189453509       -4.43886562042753        1.38435075108106
H           -5.14257626653678       -4.48600965755611        0.39133843583135
H           -3.56225453736368       -4.83117473951973       -0.33191783078664
H           -7.63948873063178        0.33700967938759       -1.11770815423641
H           -6.94290081612634       -1.23078977184501       -1.55134704349024
H           -7.13801327915903       -0.79938659928722        0.14266932180887
H           -6.25558907502006        2.08107175200627       -0.03461252907675
H           -4.51500432231161        1.88085762516769        0.14324869155476
H           -5.62197435184757        0.96955485396194        1.18372796055626
H           -5.16165256750881       -0.08453411545441       -2.95593986327449
H           -4.22745451850737        1.25035284060771       -2.26054824921790
H           -5.95111885478124        1.44772388719649       -2.56706605779657
53
 energy: -69.966861871466 gnorm: 0.000680025795 xtb: 6.7.1 (edcfbbe)
C            8.03085784440639       -0.68823443665473        1.72690615285515
C            6.94787691317871       -0.05308926187463        0.90269045190590
C            7.41048395356203        1.14366367236776        0.12610758608435
C            5.71555780073708       -0.54672224473792        0.89263792563982
C            4.52423635086575       -0.03217710615006        0.14672131370432
C            3.56155942544324        0.69743906241691        1.10264882499603
C            2.36465969545464        1.22138831142280        0.36486665226882
C            2.56941249347605        2.44632124801079       -0.47853397618597
C            1.18744263318359        0.61045378914297        0.43177734860055
C           -0.03966576386514        1.06232726550777       -0.29202418841251
O           -1.03840519919631        0.05481091271483       -0.16907491283880
C           -2.29198507389865        0.41157946115898       -0.47960158207699
O           -2.57853699493176        1.53224655209815       -0.84189044252672
C           -3.18868132564780       -0.73029217536111       -0.31249837453403
C           -2.77585868323151       -2.01085828302580        0.04881222561738
C           -3.93985522526851       -2.77791027249096        0.08143385568115
C           -4.09587096395196       -4.22107349366466        0.40399998062054
N           -4.98099550275674       -2.01915007659372       -0.23479914894357
N           -4.54255601141487       -0.79759966385979       -0.47235947695618
C           -5.51196559205162        0.23239264422482       -0.84444366316586
C           -6.90093427979856       -0.40675187853173       -0.84132733325810
C           -5.46811304811886        1.36519510287612        0.18339332746316
C           -5.18812421210108        0.74609780784005       -2.24903246692950
H            8.83750566378953       -1.03896622301002        1.08285507063775
H            8.45501376996151        0.03886262638714        2.41927049264563
H            7.65127353581996       -1.53187330332317        2.29746026970884
H            7.77588066933850        1.90860146517477        0.81147752390371
H            8.23748037950210        0.86585134230462       -0.52727999755570
H            6.62198284076962        1.57653451410923       -0.48029902004042
H            5.50507414114335       -1.40867331397970        1.51428464731839
H            3.99107842846605       -0.87322744760593       -0.30328132700703
H            4.81817041869801        0.64302901766109       -0.65587549642133
H            3.24698623484770        0.00419843715159        1.88414317475113
H            4.09706206835093        1.52395914435447        1.57538374713588
H            1.86327420177279        3.22575597052810       -0.19586160155695
H            3.57746138073469        2.83473710544884       -0.36450863271985
H            2.40118081361488        2.22065236702623       -1.53145121751065
H            1.04935732174079       -0.26980998984256        1.04082382749624
H            0.16098782319435        1.23630613729622       -1.35806045195882
H           -0.42831404999082        2.00430329090798        0.12183343546659
H           -1.77197699849898       -2.32087628046805        0.25102416268783
H           -3.70091099220822       -4.43346869835692        1.39635581194990
H           -5.14843700851155       -4.48699219610843        0.37186200913798
H           -3.55124847253507       -4.83110688083486       -0.31577000452991
H           -7.64102221137769        0.34137710215965       -1.11206596934635
H           -6.94613000718340       -1.22494473590394       -1.55375979584099
H           -7.13771651657236       -0.80075474084864        0.14247985813594
H           -6.25353857081243        2.08407704036787       -0.03270872295326
H           -4.51350151910338        1.87992018176457        0.14661447656077
H           -5.62350262896715        0.97011182479638        1.18525029016048
H           -5.16687796492740       -0.08098033253906       -2.95566812952486
H           -4.22685721118327        1.24973863894938       -2.25992903474743
H           -5.95027477392535        1.45360099963555       -2.56356982318827
53
 energy: -69.966868462984 gnorm: 0.000702161071 xtb: 6.7.1 (edcfbbe)
C            8.03398838778359       -0.68838951479157        1.72289818101801
C            6.94950824600666       -0.05049015014770        0.90286859742625
C            7.40832212892212        1.15465761085635        0.13706004263690
C            5.71877415616252       -0.54798279983163        0.88797685517892
C            4.52688683803202       -0.03160058837351        0.14419073612854
C            3.56341555255465        0.69532645387360        1.10165306761574
C            2.36540428301243        1.21754757359067        0.36453666725520
C            2.56695374465345        2.44501288750646       -0.47577161771306
C            1.18994596590746        0.60274666533400        0.42764086007694
C           -0.03599385765247        1.05321352721223       -0.29925065741442
O           -1.03716318202824        0.04878683247606       -0.17267622408269
C           -2.29063651375627        0.40830085212246       -0.48064061369979
O           -2.57572532976376        1.52961953574481       -0.84209768741085
C           -3.18942205746419       -0.73177321612580       -0.31240380223336
C           -2.77838577787188       -2.01294876688480        0.04925245027605
C           -3.94336640626306       -2.77830256142547        0.08196921818791
C           -4.10326412962607       -4.22084981160182        0.40531137237268
N           -4.98343389459158       -2.01808088009723       -0.23467773141039
N           -4.54333710630298       -0.79722116981038       -0.47250245897279
C           -5.51173792220479        0.23399536107321       -0.84370829624647
C           -6.90129987974431       -0.40393994388656       -0.84075136333454
C           -5.46646667406048        1.36595877754556        0.18499653561177
C           -5.18806409153112        0.74904641341336       -2.24784218960119
H            8.84568378741486       -1.02468482089041        1.07752137759884
H            8.45007067499012        0.03271171918280        2.42640521303973
H            7.65853920015164       -1.54218402917737        2.28103323412908
H            7.76649173616860        1.91646430757407        0.82972745475147
H            8.23958893874062        0.88665234603553       -0.51494847287341
H            6.61973799975224        1.58756047361595       -0.46916319371680
H            5.51051816152347       -1.41556664800308        1.50246103868464
H            3.99386805777465       -0.87160184070781       -0.30796070581334
H            4.82051843360464        0.64578300962861       -0.65676961084646
H            3.25063851366760        0.00066549979320        1.88263535588695
H            4.09756634704411        1.52244566780072        1.57482038930669
H            1.86339001241171        3.22387233467164       -0.18583051189043
H            3.57584379284889        2.83224165219765       -0.36633342037875
H            2.39183498911438        2.22376547887022       -1.52821386399437
H            1.05279900854009       -0.27980075119486        1.03363514006706
H            0.16648006289511        1.22109166128493       -1.36613067242402
H           -0.42269669136605        1.99842790809729        0.10900570577188
H           -1.77472362617798       -2.32363446608136        0.25161198089006
H           -3.72522388425835       -4.43058944993781        1.40458018381760
H           -5.15481900852764       -4.48738698876357        0.35678345681507
H           -3.54612795810245       -4.83213981508364       -0.30299280677023
H           -7.64126470905766        0.34572950181146       -1.10749942170715
H           -6.94826409950324       -1.21946061089497       -1.55615747858772
H           -7.13673903003238       -0.80151911968320        0.14193724065563
H           -6.24981369799701        2.08692432592913       -0.03175610065788
H           -4.51050514769040        1.87830200825433        0.14968140033569
H           -5.62414204291703        0.97070469078579        1.18642402905816
H           -5.17051256730764       -0.07672011657773       -2.95611731521916
H           -4.22522501281915        1.24969871474843       -2.25912023080256
H           -5.94841472103741        1.45961426898132       -2.55986168438735
53
 energy: -69.966872145165 gnorm: 0.001425894541 xtb: 6.7.1 (edcfbbe)
C            8.03611621186917       -0.68686958647678        1.71972874966094
C            6.95059644252635       -0.04656616096947        0.90305009721911
C            7.40506658568582        1.16916646111778        0.15107850650454
C            5.72237392191573       -0.55047143151534        0.87974022026660
C            4.53005844074583       -0.03186224605868        0.13821279962411
C            3.56558247296432        0.69000039345026        1.09892038667630
C            2.36668598337363        1.21173514544567        0.36306290051086
C            2.56517901660754        2.44370721768288       -0.47153066722762
C            1.19307318376540        0.59288532045025        0.42154870987839
C           -0.03185699379150        1.04246476187723       -0.30791354233637
O           -1.03522839258583        0.04089445087984       -0.17848295661304
C           -2.28882077844582        0.40376790822154       -0.48201598815072
O           -2.57256896058601        1.52608799568974       -0.84160706318884
C           -3.19015233700619       -0.73415494840386       -0.31256503941815
C           -2.78158459656267       -2.01605349471934        0.04962708673648
C           -3.94796875162697       -2.77917581145153        0.08238561395888
C           -4.11205124123213       -4.22092762890986        0.40724568323623
N           -4.98651701005451       -2.01707161910684       -0.23494247589354
N           -4.54415573192014       -0.79702862044376       -0.47285715955729
C           -5.51099765981179        0.23605758895441       -0.84258771462655
C           -6.90156881488708       -0.39978961245018       -0.83936659392774
C           -5.46340154607985        1.36715653686661        0.18701957197481
C           -5.18776963093227        0.75284357867980       -2.24622171525900
H            8.85398965152225       -1.00758835080705        1.07427401536584
H            8.44244003115649        0.02803030082705        2.43523295642555
H            7.66476089013410       -1.55116259138482        2.26427032022187
H            7.75459531422056        1.92661362351553        0.85307507853608
H            8.24142930998003        0.91318736673590       -0.49943938806461
H            6.61655687468557        1.60272486804092       -0.45479842277268
H            5.51674605894187       -1.42578312756478        1.48434854963244
H            3.99757989505485       -0.87012942615263       -0.31790330403514
H            4.82320630374968        0.64954112006166       -0.65963002862303
H            3.25455773554147       -0.00811768266201        1.87762913007479
H            4.09827820913276        1.51664799385198        1.57469475091787
H            1.86687046887669        3.22401063710523       -0.16937571537321
H            3.57697647319640        2.82630111789431       -0.36845665329653
H            2.37869613361607        2.23007293274180       -1.52438245983242
H            1.05709310489228       -0.29256105932847        1.02366768090963
H            0.17251934298937        1.20490845080666       -1.37549475052934
H           -0.41687385671130        1.99061077361112        0.09513188280865
H           -1.77850197690664       -2.32851413932283        0.25220831267888
H           -3.75718851013952       -4.42571120123789        1.41737617967555
H           -5.16284026456887       -4.48925508854281        0.33536213496983
H           -3.53605647316817       -4.83411105689001       -0.28569059193206
H           -7.64078980944518        0.35136913656396       -1.10379362021244
H           -6.95047215097945       -1.21387942779704       -1.55623082066422
H           -7.13638901770880       -0.79896215929638        0.14279197826802
H           -6.24441796015075        2.09051878483170       -0.03020599858005
H           -4.50590157098149        1.87669923053731        0.15273271451610
H           -5.62314181989357        0.97193958768962        1.18810622385205
H           -5.17245969035602       -0.07145071507201       -2.95619333268887
H           -4.22412260371170        1.25188321319267       -2.25750379662426
H           -5.94722990687767        1.46537068928094       -2.55589278326841
53
 energy: -69.966879229666 gnorm: 0.000668370087 xtb: 6.7.1 (edcfbbe)
C            8.03493967238552       -0.68768913161828        1.71634279035861
C            6.94917213732780       -0.04608281846561        0.90111636214919
C            7.40231427656190        1.17267599561728        0.15375282918742
C            5.72141889611991       -0.55067803825772        0.87623633172962
C            4.52869701533423       -0.02943036542808        0.13738765337440
C            3.56690214524418        0.69319095604997        1.10050158239268
C            2.36691424580557        1.21299171056854        0.36528842166852
C            2.56378208238840        2.44483490893826       -0.46973572459144
C            1.19482911755313        0.59122749542818        0.42290278962918
C           -0.02956929777824        1.03670886419534       -0.31019734641752
O           -1.03312307299936        0.03584341847758       -0.17814023952533
C           -2.28649437516921        0.39949485102700       -0.48103256091808
O           -2.56953893672968        1.52196412157375       -0.84091129629753
C           -3.18953884293932       -0.73697963831517       -0.31104846122109
C           -2.78314386192705       -2.01947371750008        0.05151553583773
C           -3.95063362962326       -2.78107541893782        0.08247272545937
C           -4.11743519414955       -4.22256337728009        0.40706908338935
N           -4.98774699914374       -2.01752822668282       -0.23622910650079
N           -4.54339456780323       -0.79800185666236       -0.47342069209343
C           -5.50858615109357        0.23671341758260       -0.84249799953741
C           -6.90012325570207       -0.39712630492843       -0.83953486608438
C           -5.45938370932296        1.36738431574665        0.18756929584997
C           -5.18513788223488        0.75470561490302       -2.24572539757224
H            8.85665028503739       -0.99911504712588        1.07183824148542
H            8.43495472532981        0.02333448661133        2.43883344951527
H            7.66596135976192       -1.55766957583568        2.25267689272810
H            7.74679474371026        1.92945624570520        0.85863482639795
H            8.24181435087972        0.92090659576361       -0.49400461637661
H            6.61472450799177        1.60509920027143       -0.45409735465172
H            5.51641099940628       -1.42819658941207        1.47745765433288
H            3.99371083934064       -0.86617067695303       -0.31858013933422
H            4.82144423552994        0.65239839431330       -0.66023065756949
H            3.25772540248426       -0.00452717033966        1.88028923260965
H            4.10076395337184        1.52015635938041        1.57437770881752
H            1.86154808455048        3.22252532883635       -0.17180714355142
H            3.57327468831002        2.83173363556885       -0.36314776760120
H            2.38263058004353        2.22931921168063       -1.52254113512513
H            1.06004112818182       -0.29347396238796        1.02618694099198
H            0.17723941267299        1.19320078007102       -1.37833967522526
H           -0.41553236481922        1.98710881974194        0.08668517926233
H           -1.78095744377931       -2.33381191411665        0.25580763249200
H           -3.76555196416651       -4.42759453710851        1.41678724420569
H           -5.16729974516182       -4.48988450762263        0.33320830035033
H           -3.54138859054235       -4.83644782430450       -0.28323151077049
H           -7.63817889925541        0.35499794216716       -1.10430597853297
H           -6.94996243400524       -1.21136609141640       -1.55611540974678
H           -7.13568298425263       -0.79565139219943        0.14268768560233
H           -6.23875138917161        2.09231334931803       -0.03035707568977
H           -4.50086167995174        1.87500848909394        0.15399653310586
H           -5.62068955955062        0.97249926556481        1.18850128298878
H           -5.17019560733679       -0.06860380643359       -2.95677347663450
H           -4.22134149857561        1.25347285648920       -2.25639575657236
H           -5.94441494811599        1.46787535868719       -2.55428316536666
53
 energy: -69.966883297886 gnorm: 0.000547909643 xtb: 6.7.1 (edcfbbe)
C            8.03444147974750       -0.68724327555556        1.71497170853019
C            6.94849469526345       -0.04484191277621        0.90054897534061
C            7.39993200449161        1.17777236330590        0.15834590880455
C            5.72177260546605       -0.55168253903267        0.87246674085426
C            4.52881244153448       -0.02919342327835        0.13493521030821
C            3.56759121159721        0.69237719499889        1.09942107707990
C            2.36715085293723        1.21246248814860        0.36517939614530
C            2.56328891893848        2.44543007142829       -0.46820548489143
C            1.19610512317147        0.58851043116292        0.42091135217481
C           -0.02830173710293        1.03255588697219       -0.31277692711990
O           -1.03188216515091        0.03172656071654       -0.17986907954420
C           -2.28535455271205        0.39640394711733       -0.48090535022931
O           -2.56788758396246        1.51925816333317       -0.84005767196556
C           -3.18946438100799       -0.73913834733407       -0.31046373079883
C           -2.78482157503355       -2.02209567799913        0.05209110756805
C           -3.95336516811293       -2.78228158828327        0.08255556773996
C           -4.12119907370890       -4.22357668008470        0.40754348633724
N           -4.98938915904167       -2.01745620940896       -0.23636954689277
N           -4.54339178406444       -0.79842180990523       -0.47326924052957
C           -5.50715231139526        0.23777026135903       -0.84196798211515
C           -6.89960624050282       -0.39405493405399       -0.83915355167748
C           -5.45639401830369        1.36792443670756        0.18861495302057
C           -5.18308083170678        0.75587449275530       -2.24503494630375
H            8.85897687438606       -0.99202886601595        1.07076495033711
H            8.42983035915372        0.02128493295947        2.44257717034210
H            7.66701916468090       -1.56162949138551        2.24543741216002
H            7.74034268815622        1.93336281771343        0.86655176316142
H            8.24180682575037        0.93055357426155       -0.48817880115649
H            6.61257952317458        1.60980055979983       -0.45011981234893
H            5.51770133453471       -1.43162894623737        1.47035514395181
H            3.99339495574396       -0.86511475996414       -0.32190216478170
H            4.82129353437334        0.65366046281235       -0.66187683380491
H            3.25901263236994       -0.00611132149655        1.87867804694906
H            4.10158854416045        1.51891264241050        1.57374016649180
H            1.85996163100025        3.22169110981818       -0.17008003709220
H            3.57207711249981        2.83345278782997       -0.36042630887467
H            2.38340514662440        2.23116678304592       -1.52129883342813
H            1.06274010260428       -0.29766929167628        1.02252554642323
H            0.17866278696471        1.18792662449504       -1.38099186757573
H           -0.41457660656259        1.98317948971960        0.08295104444170
H           -1.78333592500188       -2.33836883958804        0.25680392167035
H           -3.77551185425600       -4.42714468134929        1.41989755968308
H           -5.17047948890890       -4.49194629587747        0.32753513796146
H           -3.54022385947646       -4.83772713412741       -0.27859922047852
H           -7.63631394236189        0.35899639027246       -1.10519739480424
H           -6.95021455169753       -1.20896162909141       -1.55496226828166
H           -7.13644456541692       -0.79116677269616        0.14338312606530
H           -6.23476951124400        2.09398385387406       -0.02904917244327
H           -4.49720955469106        1.87428690498623        0.15527054944946
H           -5.61823149855116        0.97285582098823        1.18938941438862
H           -5.16767460056874       -0.06743261371964       -2.95609241049278
H           -4.21934407414833        1.25481075695064       -2.25525122657955
H           -5.94236193461087        1.46892523103445       -2.55390692076516
53
 energy: -69.966889629744 gnorm: 0.000407522749 xtb: 6.7.1 (edcfbbe)
C            8.03297741948673       -0.68548005699987        1.71402139588857
C            6.94699016792897       -0.04219320953836        0.90027987386297
C            7.39571290262559        1.18611597500996        0.16599343774100
C            5.72225964249793       -0.55337741385809        0.86590961791620
C            4.52915646120246       -0.02982062676673        0.12948214913608
C            3.56851508532951        0.68934071661602        1.09608504414690
C            2.36771509881958        1.21075798205333        0.36340005174760
C            2.56258349456238        2.44684598739477       -0.46564921882697
C            1.19816752630069        0.58383709697903        0.41616766127085
C           -0.02696729774077        1.02707202122644       -0.31612983216984
O           -1.02983634455607        0.02509214517079       -0.18363887380718
C           -2.28361206325462        0.39122059113970       -0.48139913335064
O           -2.56547338461721        1.51498218013188       -0.83831389259180
C           -3.18913986299931       -0.74297172792483       -0.30991859483368
C           -2.78751799718883       -2.02674892811545        0.05229901187806
C           -3.95804554146543       -2.78427092259019        0.08286075893245
C           -4.12698449740701       -4.22532470557874        0.40838267988747
N           -4.99225609638735       -2.01708800735014       -0.23557281055577
N           -4.54335676632538       -0.79903367693770       -0.47230000856895
C           -5.50450292060827        0.23981261435834       -0.84070741392651
C           -6.89866774414296       -0.38810047214294       -0.83828059691652
C           -5.45103918849567        1.36912943727164        0.19063042134878
C           -5.17899784201099        0.75691214351221       -2.24382260611947
H            8.86139739681328       -0.98181269945921        1.07094538826842
H            8.42206078319181        0.01955269522522        2.44830752921902
H            7.66746529284557       -1.56529894563243        2.23667950459513
H            7.72995205593044        1.93974389706968        0.87919137135217
H            8.24109952979722        0.94590884324173       -0.47861765264186
H            6.60860237035119        1.61751072444788       -0.44330694600099
H            5.51991377233312       -1.43778015944425        1.45788095327028
H            3.99370425230514       -0.86465124953305       -0.32908828308755
H            4.82122960544778        0.65502299581512       -0.66574320361918
H            3.26031482743561       -0.01091121258715        1.87379901773559
H            4.10263177595187        1.51470007091132        1.57210055929205
H            1.85649848048771        3.22054953856044       -0.16657956683535
H            3.57040270326553        2.83666730823307       -0.35403160799541
H            2.38598112265274        2.23543083853935       -1.52025144554959
H            1.06740477201500       -0.30506446213114        1.01444974926767
H            0.17871317766302        1.18401344725829       -1.38417433124829
H           -0.41417699896875        1.97647866262064        0.08113157762955
H           -1.78717283644606       -2.34660043240876        0.25689253536785
H           -3.78973239299368       -4.42690267360219        1.42413440161470
H           -5.17511409165743       -4.49574235946063        0.32003571748102
H           -3.53920037079280       -4.83958738285197       -0.27212691438018
H           -7.63257839064512        0.36611664359592       -1.10895991626075
H           -6.95015671264821       -1.20569303969134       -1.55095849038880
H           -7.13892892160912       -0.78047637393935        0.14537595261726
H           -6.22834852209799        2.09670605325089       -0.02564346067200
H           -4.49107952171240        1.87391931587683        0.15711990256488
H           -5.61269758302459        0.97326825548232        1.19113366052457
H           -5.16088868206878       -0.06740456298174       -2.95367789057629
H           -4.21608596329231        1.25739609565215       -2.25316573690279
H           -5.93889118206122        1.46823102492185       -2.55519184432640
53
 energy: -69.966893035660 gnorm: 0.000674506660 xtb: 6.7.1 (edcfbbe)
C            8.03261224792361       -0.68384387296353        1.71294991114473
C            6.94638498052290       -0.03998784892033        0.90004066060462
C            7.39185182934536        1.19494884473544        0.17461449377717
C            5.72369554467012       -0.55566741048445        0.85941166340720
C            4.53038081431956       -0.03096627704407        0.12413702435464
C            3.56977536271399        0.68573536511665        1.09252567140780
C            2.36845255511902        1.20762340979975        0.36105522774514
C            2.56112954581552        2.44743550177213       -0.46303808010743
C            1.20030681382434        0.57779472640652        0.41067984360027
C           -0.02553613305813        1.02166439980925       -0.31979925220473
O           -1.02829607471231        0.01936410295632       -0.18738971252208
C           -2.28241562411897        0.38724000288675       -0.48170135715539
O           -2.56341132500405        1.51174750492404       -0.83688990189524
C           -3.18908961208420       -0.74586679076971       -0.30976469926606
C           -2.78975871662449       -2.03040878332459        0.05205571607081
C           -3.96187061038441       -2.78559202690964        0.08348542148001
C           -4.13284706032692       -4.22636149548647        0.40930032992374
N           -4.99474421780246       -2.01638477297627       -0.23425938862089
N           -4.54354702599990       -0.79925614035767       -0.47120610152937
C           -5.50254928543496        0.24170170026029       -0.83942837675656
C           -6.89806335851646       -0.38311799099973       -0.83734319545208
C           -5.44674712583146        1.37037760497178        0.19247646697170
C           -5.17556226820562        0.75789124796224       -2.24252529554571
H            8.86496134601630       -0.97127536199081        1.07050718787566
H            8.41549387174611        0.01783308875598        2.45403602382778
H            7.66935814116536       -1.56949436463151        2.22778587268290
H            7.71971574101171        1.94630457368833        0.89335742777507
H            8.24085038372987        0.96262809051360       -0.46834827474921
H            6.60478255571566        1.62586334177179       -0.43509920843500
H            5.52310850211013       -1.44408452513597        1.44589997556174
H            3.99524596798521       -0.86492354673865       -0.33630607793457
H            4.82207892403807        0.65584870874129       -0.66956647895196
H            3.26212912260949       -0.01636764054158        1.86880888819560
H            4.10354580664026        1.51037766477205        1.57016614948613
H            1.85213401104161        3.21793579213892       -0.16310396873612
H            3.56744273492027        2.84001945009758       -0.34814250197354
H            2.38754583478277        2.23910846596322       -1.51865961041116
H            1.07130542273690       -0.31333290589024        1.00585098888368
H            0.17881571165272        1.18002324297945       -1.38794161989482
H           -0.41266500545726        1.97051310888441        0.07912083841862
H           -1.78998284465307       -2.35248966720665        0.25591827107954
H           -3.80495360715439       -4.42633778301524        1.42874947145229
H           -5.18016875456263       -4.49770435189661        0.31163511539346
H           -3.53795523147068       -4.84091090858130       -0.26509230890251
H           -7.62979705733289        0.37212877842511       -1.11102512206234
H           -6.95043815131049       -1.20237905889536       -1.54800058269525
H           -7.14072598945825       -0.77231890126040        0.14696785420715
H           -6.22315894542934        2.09924966183392       -0.02264994974266
H           -4.48606563629062        1.87380288299372        0.15884850620825
H           -5.60831383820595        0.97389659620837        1.19277238780678
H           -5.15595195362121       -0.06726151699105       -2.95140489723420
H           -4.21297401841315        1.25896523540998       -2.25124930428592
H           -5.93551430066990        1.46831084827376       -2.55578246987335
53
 energy: -69.966892772968 gnorm: 0.001318917143 xtb: 6.7.1 (edcfbbe)
C            8.03225887574031       -0.68232718576970        1.71195175215687
C            6.94581472820257       -0.03794471258305        0.89980498399579
C            7.38825772791031        1.20316948858737        0.18263003952363
C            5.72502248352249       -0.55780745078657        0.85335199465762
C            4.53150787899416       -0.03202557599099        0.11916678136772
C            3.57094446567984        0.68239138797418        1.08922043244349
C            2.36913875157895        1.20471503889481        0.35887106699954
C            2.55978396336245        2.44799602939472       -0.46060856469676
C            1.20229964459631        0.57217273974155        0.40556379085405
C           -0.02420352443231        1.01662811260753       -0.32322130248953
O           -1.02685985026706        0.01402404357065       -0.19087863763248
C           -2.28130416625002        0.38352885834632       -0.48196262774298
O           -2.56149286449747        1.50872402816435       -0.83556320507481
C           -3.18904188518454       -0.74857126101419       -0.30960904470498
C           -2.79185077923056       -2.03382518853348        0.05184400680526
C           -3.96544125419342       -2.78682969198685        0.08406472493398
C           -4.13830332580821       -4.22733494246522        0.41015511552609
N           -4.99706294399597       -2.01573819266137       -0.23305605951682
N           -4.54372166590244       -0.79947028281392       -0.47019535409134
C           -5.50072377125882        0.24346104114057       -0.83823955915003
C           -6.89749763525333       -0.37846990219426       -0.83647372011975
C           -5.44273497321506        1.37153355861443        0.19420033899402
C           -5.17235327648857        0.75880617969775       -2.24131675662697
H            8.86828136521928       -0.96145486056890        1.07009428419220
H            8.40934901757942        0.01622918930777        2.45938887390238
H            7.67109828638116       -1.57342576166262        2.21948875138546
H            7.71018740604993        1.95241774591965        0.90653419700751
H            8.24062112504313        0.97818701642559       -0.45880285359673
H            6.60122894696092        1.63363535613996       -0.42747245298759
H            5.52606636629443       -1.44994309408617        1.43475873754101
H            3.99666338017438       -0.86516515574525       -0.34302035130852
H            4.82285344199191        0.65662497697431       -0.67312034798927
H            3.26380815231499       -0.02143391923030        1.86416939875648
H            4.10439375413687        1.50636387590132        1.56837599839912
H            1.84809370982691        3.21552443382484       -0.15987930104477
H            3.56469752743469        2.84314082818496       -0.34267246304228
H            2.38900896528355        2.24254317222066       -1.51717553313560
H            1.07493858096231       -0.32101109176844        0.99785972526305
H            0.17890753235799        1.17629986109846       -1.39145670351746
H           -0.41126425349479        1.96495656390117        0.07724033189087
H           -1.79261091407994       -2.35799312143132        0.25503860264676
H           -3.81915669681591       -4.42580380842008        1.43308126554950
H           -5.18488170574258       -4.49955823285300        0.30376364549436
H           -3.53674106905501       -4.84214436493225       -0.25853135953000
H           -7.62719671896595        0.37773790565380       -1.11296690706816
H           -6.95069896762569       -1.19929291265296       -1.54523982661737
H           -7.14240916112623       -0.76469968007419        0.14844974162539
H           -6.21830731666369        2.10161912322955       -0.01984874234235
H           -4.48137778514936        1.87368310269861        0.16046746776455
H           -5.60421742600384        0.97446647432626        1.19429984686751
H           -5.15133464291632       -0.06712805524548       -2.94928454002840
H           -4.21007103196316        1.26043888893759       -2.24946192715930
H           -5.93236647199619        1.46837942403293       -2.55633810292561
53
 energy: -69.966896466119 gnorm: 0.000512799928 xtb: 6.7.1 (edcfbbe)
C            8.03224265475148       -0.68175549101704        1.71255226979613
C            6.94578422241381       -0.03775842823462        0.90019174523613
C            7.38807576111656        1.20258210241926        0.18232923833740
C            5.72516192402860       -0.55771921001871        0.85352962184929
C            4.53179653255983       -0.03272072792132        0.11853541696232
C            3.57103536299498        0.68154229453813        1.08850911695727
C            2.36909724136024        1.20444549656159        0.35885030148478
C            2.55949239190745        2.44761386635700       -0.46062628501647
C            1.20202662638427        0.57251771036305        0.40603439575472
C           -0.02463720057856        1.01772141246055       -0.32202853500732
O           -1.02706266560714        0.01489123746413       -0.19072451899955
C           -2.28139605609367        0.38409073101544       -0.48252927669951
O           -2.56168650099066        1.50946052736294       -0.83555443703139
C           -3.18893569546519       -0.74813138468553       -0.31013885548952
C           -2.79132808242972       -2.03334106991327        0.05122520377387
C           -3.96469453639424       -2.78648202252842        0.08417506285050
C           -4.13784256257416       -4.22702666852449        0.40996374932029
N           -4.99668624435447       -2.01546684072479       -0.23216740314387
N           -4.54367545401201       -0.79921318256733       -0.46970399759007
C           -5.50080932832722        0.24339119993263       -0.83815387159636
C           -6.89741804357824       -0.37887499363214       -0.83625839130185
C           -5.44313374959375        1.37179495356603        0.19391884763621
C           -5.17235285448650        0.75819818319721       -2.24142581151429
H            8.86728065398027       -0.96304528256803        1.07111526322848
H            8.41067160082451        0.01747014023366        2.45800065392496
H            7.67095725718768       -1.57106143913272        2.22206759838487
H            7.71033581661411        1.95174757418528        0.90579648573914
H            8.24008055568343        0.97720510552590       -0.45899798889994
H            6.60096692465305        1.63301553773159       -0.42767328670517
H            5.52636033193726       -1.45009337844361        1.43458944493557
H            3.99725866450059       -0.86609042045453       -0.34361958273677
H            4.82323095534289        0.65585031295768       -0.67377317579512
H            3.26401177081258       -0.02234330920972        1.86345603008661
H            4.10459141242404        1.50539508451005        1.56771519775432
H            1.84609797185830        3.21416572434085       -0.16086714909970
H            3.56382458916539        2.84406880545695       -0.34096749967347
H            2.39055100331901        2.24168709557361       -1.51751390362123
H            1.07456337324680       -0.32135628815865        0.99740903283936
H            0.17812422986075        1.17905587861812       -1.39003745644028
H           -0.41161329780387        1.96544299896362        0.07985971170864
H           -1.79174607309321       -2.35686729952393        0.25369041479808
H           -3.81619870515552       -4.42643686770788        1.43139857671642
H           -5.18449789686231       -4.49809471596140        0.30649267005930
H           -3.53916529823441       -4.84204732598221       -0.26037982309477
H           -7.62726452569027        0.37703715672976       -1.11307597718910
H           -6.95032984875746       -1.19994842117519       -1.54475706953346
H           -7.14225067143509       -0.76482258145838        0.14878439896230
H           -6.21915922749731        2.10135900921747       -0.02014986630561
H           -4.48207960859674        1.87444455200276        0.15966143850385
H           -5.60405856880164        0.97503409964865        1.19422874935121
H           -5.15108370881710       -0.06802240000580       -2.94905145163808
H           -4.21013117005150        1.25993924188340       -2.24960322628492
H           -5.93238225362311        1.46755171677344       -2.55686214413983
53
 energy: -69.966900576934 gnorm: 0.000370740408 xtb: 6.7.1 (edcfbbe)
C            8.03401262094375       -0.68061226130382        1.71187721254793
C            6.94675100368436       -0.03627891369855        0.90088470461764
C            7.38658785299546        1.20789742867950        0.18838028902769
C            5.72752150075916       -0.55909388946255        0.85058089058477
C            4.53406946975564       -0.03429180134626        0.11547629594438
C            3.57234860654244        0.67814674844607        1.08595377030205
C            2.36976065639762        1.20112841666066        0.35754824393794
C            2.55798577267048        2.44630282276771       -0.45923035978274
C            1.20314640142674        0.56834290063730        0.40362309078962
C           -0.02370735076067        1.01498249147855       -0.32342610394985
O           -1.02690283575316        0.01330487771038       -0.19216823314433
C           -2.28100737323213        0.38351065045148       -0.48357777290850
O           -2.56063992032666        1.50951126415734       -0.83523289012980
C           -3.18930412440246       -0.74805458198835       -0.31106201273984
C           -2.79179874497180       -2.03354560656415        0.05003808583520
C           -3.96532919151481       -2.78602483136118        0.08464399452323
C           -4.14063134121546       -4.22628990654010        0.41054043269774
N           -4.99745666719653       -2.01443383247944       -0.23044279143618
N           -4.54420862709494       -0.79849545115026       -0.46869512434596
C           -5.50104798774579        0.24413859370561       -0.83746153470209
C           -6.89773355594049       -0.37799240495966       -0.83558736878761
C           -5.44340965416922        1.37302019389811        0.19410442520555
C           -5.17254864735869        0.75862582916637       -2.24086560423401
H            8.87005024578370       -0.95803017200199        1.07024951668333
H            8.41038702064219        0.01699929998417        2.45973767831044
H            7.67452921099690       -1.57230712267100        2.21833644327852
H            7.70513385906871        1.95512856266425        0.91535459630514
H            8.24047144009516        0.98773660466355       -0.45209713515897
H            6.59929878494466        1.63827613259495       -0.42135777825939
H            5.53016616221413       -1.45453860624744        1.42751121787580
H            4.00030863782625       -0.86755253379270       -0.34777528774552
H            4.82536049660383        0.65538517550155       -0.67596128570054
H            3.26616557052429       -0.02678856637743        1.86028984187338
H            4.10528447675192        1.50198784756248        1.56586904645551
H            1.84212362882316        3.21033673986686       -0.15820216080190
H            3.56118168266678        2.84512370405828       -0.33748734028901
H            2.39036847025185        2.24224701813193       -1.51675958463328
H            1.07589508539979       -0.32737970767048        0.99225087160999
H            0.17862519607656        1.17685743901023       -1.39146132212625
H           -0.40918716344381        1.96299334403731        0.07919430635999
H           -1.79174547025682       -2.35660390449878        0.25103061333899
H           -3.82309045714967       -4.42558510938829        1.43295739820404
H           -5.18697673414464       -4.49617967997210        0.30362214250024
H           -3.54022012082497       -4.84230899311648       -0.25682875676466
H           -7.62783639518605        0.37816237920513       -1.11089627811715
H           -6.95106635252240       -1.19816838167564       -1.54508520331728
H           -7.14170633287656       -0.76528742963745        0.14907817895422
H           -6.21940883257306        2.10249549766665       -0.02038240694350
H           -4.48232617150112        1.87556230503238        0.15946521580943
H           -5.60427251170262        0.97684789394285        1.19464099248268
H           -5.15264263708400       -0.06741050963854       -2.94871042774096
H           -4.20966233194171        1.25906619721718       -2.24924257955893
H           -5.93166632093240        1.46913583868504       -2.55580250033277
53
 energy: -69.966905651794 gnorm: 0.000639228571 xtb: 6.7.1 (edcfbbe)
C            8.03683320267567       -0.67772813051413        1.71018685378178
C            6.94823984516954       -0.03296886613817        0.90139529972392
C            7.38235179371632        1.22101788790021        0.20256975360747
C            5.73239209555441       -0.56280545073009        0.84179983934735
C            4.53843466262168       -0.03743960075703        0.10769832140332
C            3.57521176544870        0.67047625243854        1.08021899672456
C            2.37130638324032        1.19397516856810        0.35443938357292
C            2.55547858154118        2.44423816936807       -0.45547629769173
C            1.20605606149694        0.55839488643590        0.39706494758757
C           -0.02153302949344        1.00797589220378       -0.32720142630458
O           -1.02617378642146        0.00813935784193       -0.19579929899468
C           -2.28017785113766        0.38105221383857       -0.48443164748048
O           -2.55828221789309        1.50806690486237       -0.83405895691900
C           -3.19011660479580       -0.74915566900354       -0.31228402433002
C           -2.79391023684603       -2.03545986189264        0.04805798010866
C           -3.96847388649177       -2.78584037091383        0.08539725534720
C           -4.14767970699666       -4.22546574777657        0.41197017748881
N           -5.00005075701998       -2.01242438287553       -0.22766320528870
N           -4.54534329511885       -0.79734422363283       -0.46695903229307
C           -5.50088554685325        0.24625224630415       -0.83601153191679
C           -6.89822558630409       -0.37450548099098       -0.83390933178925
C           -5.44201214307598        1.37564862833052        0.19495577055861
C           -5.17154978555230        0.75998789422723       -2.23950103258202
H            8.87599726216064       -0.94542266150048        1.06886359936148
H            8.40747674714870        0.01568424988957        2.46451713998397
H            7.68113050220169       -1.57521750739442        2.20852907213362
H            7.69172012350879        1.96385466259772        0.93798492558369
H            8.24101922743016        1.01311179913441       -0.43552706406009
H            6.59483340803157        1.65111432901455       -0.40704027664033
H            5.53824523027554       -1.46440464844234        1.40998316313237
H            4.00622806589522       -0.87002282917390       -0.35853338477591
H            4.82916739173985        0.65528367413914       -0.68138200827832
H            3.27055783638763       -0.03751733743611        1.85244619210258
H            4.10687819218802        1.49375358781314        1.56262045462155
H            1.83371243269892        3.20242366157580       -0.15359966705873
H            3.55583048579743        2.84867109552889       -0.32801256761838
H            2.39301674814869        2.24428639781978       -1.51456518917138
H            1.08004564039910       -0.34103604728000        0.98020523578325
H            0.17928602984360        1.17145964338316       -1.39535333767837
H           -0.40440523187034        1.95613063419597        0.07771451685264
H           -1.79355634196532       -2.35917497723888        0.24657214133860
H           -3.84087087222784       -4.42329676693943        1.43791880364233
H           -5.19321157082823       -4.49425712973411        0.29530436946908
H           -3.54114909342219       -4.84318729740590       -0.24799469934081
H           -7.62779603595630        0.38262483953088       -1.10787988185235
H           -6.95274925974136       -1.19381841326750       -1.54434137129720
H           -7.14186459320659       -0.76278148823542        0.15046695094925
H           -6.21757266650575        2.10552605968778       -0.01975498026346
H           -4.48052016796990        1.87741648226750        0.15965301044564
H           -5.60285245939904        0.98026212817283        1.19579377455618
H           -5.15354265557831       -0.06609634655373       -2.94733736132511
H           -4.20763835444853        1.25848796642137       -2.24810738711262
H           -5.92930597817705        1.47205452237732       -2.55416331474056
53
 energy: -69.966910208137 gnorm: 0.000938859405 xtb: 6.7.1 (edcfbbe)
C            8.04041626778196       -0.67413215317102        1.70683141364940
C            6.94980612145390       -0.02745065226463        0.90228545669626
C            7.37573307088888        1.24047126329707        0.22317428765824
C            5.73886638565953       -0.56722650334503        0.82931620487629
C            4.54411297237221       -0.04080310512720        0.09699096905473
C            3.57918386695818        0.66031106475399        1.07296505185118
C            2.37358109818722        1.18451539717465        0.35049869329650
C            2.55278272000706        2.44156627204817       -0.45009754380677
C            1.21049126547225        0.54451611110612        0.38786498573138
C           -0.01805272611352        0.99695252175617       -0.33322755994570
O           -1.02474236002501       -0.00053103023871       -0.20086343932851
C           -2.27847729299144        0.37611875195926       -0.48602169872308
O           -2.55453054261981        1.50464650111102       -0.83253095102909
C           -3.19122101695169       -0.75170630132371       -0.31328390571351
C           -2.79785734304328       -2.03916842552399        0.04644745941192
C           -3.97438372894366       -2.78620913738214        0.08629691719375
C           -4.15830539587289       -4.22495899496099        0.41409988943801
N           -5.00445763889642       -2.00984403887418       -0.22475790121307
N           -4.54691252875926       -0.79603578314242       -0.46489943810365
C           -5.50024910896994        0.24954663776410       -0.83401097470481
C           -6.89887458913352       -0.36839125094150       -0.83185537288004
C           -5.43906531095635        1.37920616729691        0.19656567841647
C           -5.16999199080084        0.76247400759891       -2.23757240510232
H            8.88513443959715       -0.92501268632270        1.06517871147929
H            8.40120921302435        0.01229050761149        2.47288756972523
H            7.69034715727057       -1.58229992474307        2.19085433166571
H            7.67115905929302        1.97709222415777        0.97091502572765
H            8.24182949159152        1.05052048579733       -0.41100111647218
H            6.58811557226315        1.66988218318335       -0.38677810106488
H            5.54979624710083       -1.47908185977437        1.38342210834757
H            4.01382765194131       -0.87207514207728       -0.37374704674590
H            4.83392761831047        0.65662864103279       -0.68843509264123
H            3.27662188950503       -0.05213575885370        1.84200550172213
H            4.10916579956598        1.48256041728771        1.55902891696872
H            1.82293918344754        3.19194105970082       -0.14803963377302
H            3.54905657801286        2.85343950639957       -0.31389660893984
H            2.39859395328997        2.24699220067913       -1.51142888876551
H            1.08691177041091       -0.35986843298044        0.96379501600644
H            0.18100531026527        1.16094737623693       -1.40172312238309
H           -0.39780757460888        1.94576123228687        0.07327325137653
H           -1.79778104342211       -2.36527612138055        0.24253043080500
H           -3.86753362518419       -4.41970326837237        1.44560204427333
H           -5.20233538184429       -4.49380988944638        0.28250161767562
H           -3.54134621512738       -4.84461232460973       -0.23456468338587
H           -7.62724971802895        0.39051553253207       -1.10414594865060
H           -6.95552525865892       -1.18661202555875       -1.54341699543171
H           -7.14244405948424       -0.75767979406049        0.15213938926742
H           -6.21332159683763        2.11043480661825       -0.01838233718871
H           -4.47658384245223        1.87909794534620        0.16081957606007
H           -5.60049125864300        0.98460294739345        1.19761035198075
H           -5.15462218264430       -0.06347623244396       -2.94564587070510
H           -4.20465831982084        1.25821909999598       -2.24637959699121
H           -5.92579305281294        1.47684997483540       -2.55175496426166
53
 energy: -69.966914978521 gnorm: 0.000869712987 xtb: 6.7.1 (edcfbbe)
C            8.04307931258595       -0.67080070793770        1.70405717715986
C            6.95099404221331       -0.02341714652988        0.90210159760651
C            7.37008583149154        1.25537946663466        0.23903946043098
C            5.74425709275626       -0.57092151058092        0.81838408696269
C            4.54849287278126       -0.04335258176518        0.08835281583218
C            3.58218273422220        0.65145296696598        1.06754076270716
C            2.37543271944010        1.17696977996579        0.34787663757900
C            2.55196610059333        2.43885630390550       -0.44568965935265
C            1.21368981058604        0.53425449423357        0.38135519435736
C           -0.01564135703386        0.98911466497073       -0.33694512537863
O           -1.02395106756078       -0.00672492761651       -0.20370071526055
C           -2.27751107531597        0.37276397347707       -0.48615783029064
O           -2.55189596848755        1.50191597765107       -0.83175421818248
C           -3.19218988038825       -0.75353716745206       -0.31368814179277
C           -2.80113290957075       -2.04184736557837        0.04541262555836
C           -3.97924126491433       -2.78639256155794        0.08673507585246
C           -4.16576111635328       -4.22452049977970        0.41571450284723
N           -5.00793656118354       -2.00789816858159       -0.22332910939255
N           -4.54814359587441       -0.79500776114070       -0.46394283491342
C           -5.49999734192615        0.25208801595970       -0.83287230710698
C           -6.89960995200529       -0.36363607714798       -0.83014746266782
C           -5.43678580393031        1.38202691799191        0.19729376733529
C           -5.16940724604171        0.76429633746001       -2.23657114201083
H            8.89119895825032       -0.91055829218646        1.06260521583887
H            8.39745133109024        0.01054744374558        2.47767681427373
H            7.69692241522263       -1.58558157525655        2.17835190612153
H            7.65465461867045        1.98689751100325        0.99598082120796
H            8.24162949173174        1.07929934471005       -0.39167633454485
H            6.58248613313241        1.68424118149819       -0.37133186071807
H            5.55930460686073       -1.48905925597615        1.36271628001108
H            4.01989971306061       -0.87338729932752       -0.38633915211482
H            4.83713752905198        0.65835960690023       -0.69378755446326
H            3.28104733768875       -0.06527324002909        1.83321432618489
H            4.11082365866969        1.47229606379255        1.55750356408514
H            1.81419552207863        3.18271031226491       -0.14701406487828
H            3.54412772116868        2.85739143895279       -0.29955797775445
H            2.40830600295215        2.24734765603842       -1.50914779928040
H            1.09191476163418       -0.37332410803431        0.95234958794931
H            0.18170613211037        1.15388108455016       -1.40567499612772
H           -0.39310145570140        1.93808740560518        0.07137676370417
H           -1.80159270630487       -2.37033261063923        0.24022801039162
H           -3.88427081784538       -4.41681823539513        1.45027880295131
H           -5.20867252599123       -4.49396628005659        0.27552365342986
H           -3.54274080510507       -4.84531051629576       -0.22611541112443
H           -7.62709006812682        0.39662581999014       -1.10113150634051
H           -6.95814123353441       -1.18114883377928       -1.54237950655140
H           -7.14299115204304       -0.75346393642805        0.15369062310823
H           -6.20997947562909        2.11440798760150       -0.01771379175049
H           -4.47349333089298        1.88037268966311        0.16112076923886
H           -5.59859112135550        0.98806042134091        1.19852035503594
H           -5.15631628329437       -0.06165012397210       -2.94470171017120
H           -4.20298943875582        1.25791093453306       -2.24591544091760
H           -5.92381089485356        1.48037498168130       -2.55027589227020
53
 energy: -69.966923326461 gnorm: 0.000634390901 xtb: 6.7.1 (edcfbbe)
C            8.04663660231085       -0.66610681217484        1.69977456660387
C            6.95233261913791       -0.01724591565149        0.90199405230155
C            7.36248240689657        1.27424071322937        0.25897148841756
C            5.75119800367561       -0.57443510571169        0.80450054104281
C            4.55388942140632       -0.04573661808221        0.07771647005322
C            3.58537875970603        0.63888039931303        1.06193811964542
C            2.37768813684605        1.16719271584675        0.34582895899913
C            2.55318192607380        2.43394107372537       -0.44002470317888
C            1.21696770899444        0.52234294781486        0.37476374658610
C           -0.01302984444273        0.98016464588088       -0.34054379080371
O           -1.02355080057376       -0.01366861560562       -0.20616423743876
C           -2.27657468384753        0.36879892746556       -0.48708686856060
O           -2.54909523866074        1.49846007509576       -0.83230658615506
C           -3.19373240510568       -0.75549808221866       -0.31393541554199
C           -2.80574553615223       -2.04455110162912        0.04513496393934
C           -3.98574560220934       -2.78636231859189        0.08686549217330
C           -4.17398417302415       -4.22381633048446        0.41768149603522
N           -5.01250593603876       -2.00554988738982       -0.22296143947741
N           -4.54993342236020       -0.79362908011020       -0.46373047557056
C           -5.50024565100012        0.25528135269851       -0.83204938443538
C           -6.90097793050851       -0.35789392248069       -0.82778345898437
C           -5.43391994041632        1.38539197148447        0.19771879568126
C           -5.16987753133348        0.76679824640345       -2.23599639849450
H            8.89778505617837       -0.89343379163900        1.05816955421821
H            8.39465295047189        0.00885513396858        2.48149652931158
H            7.70523814612440       -1.58796193566582        2.16303131445068
H            7.63322542771263        1.99889239507413        1.02720676101374
H            8.24060124622306        1.11558293705144       -0.36686053755254
H            6.57495138213289        1.70233178997328       -0.35209985906247
H            5.57242023132222       -1.50219376845764        1.33436812909221
H            4.02830624459565       -0.87393305499181       -0.40342684858625
H            4.84067877809159        0.66278322191842       -0.69904834004770
H            3.28570351600240       -0.08469623488344        1.82176782492951
H            4.11192574667387        1.45704339731580        1.55872767071123
H            1.80429539101694        3.16972313431568       -0.15022403390636
H            3.53921490427125        2.86109502524793       -0.27841309365367
H            2.42720488526413        2.24471461348067       -1.50618071471535
H            1.09710573611402       -0.38887573920748        0.94009061492116
H            0.18258827728720        1.14506641270713       -1.40955028291770
H           -0.38787455417718        1.92953012492885        0.06918828671207
H           -1.80732354633554       -2.37649524894051        0.23965553441804
H           -3.90084063402556       -4.41288966127869        1.45510251219840
H           -5.21549370402599       -4.49478891078234        0.27009159561114
H           -3.54535105605235       -4.84560191866514       -0.21762084411062
H           -7.62737502361097        0.40421749652924       -1.09654774853361
H           -6.96234111590552       -1.17425148461302       -1.54110846822489
H           -7.14369200342531       -0.74864279307998        0.15589256685584
H           -6.20535648773792        2.11959247657509       -0.01747338525181
H           -4.46939072984350        1.88138218506190        0.16124514875267
H           -5.59666381936126        0.99221324976029        1.19910121785657
H           -5.16054805821209       -0.05897031220048       -2.94439818147979
H           -4.20192238342804        1.25741213085842       -2.24669313964935
H           -5.92256169269107        1.48529985085427       -2.54835606379382
53
 energy: -69.966931080014 gnorm: 0.001426637546 xtb: 6.7.1 (edcfbbe)
C            8.05231618021302       -0.65977402460114        1.69181456998666
C            6.95427505833657       -0.00810491853086        0.90140536510744
C            7.35061250200274        1.30340629435115        0.28948894980380
C            5.76141416743430       -0.57959879242832        0.78351383652331
C            4.56161602796177       -0.04878667265258        0.06227609898177
C            3.58924525438185        0.61903203449200        1.05434250491240
C            2.38062202159069        1.15263201959488        0.34367405594344
C            2.55595955659105        2.42551980003187       -0.43218831733610
C            1.22082754166428        0.50592411052397        0.36648313734612
C           -0.00931957652189        0.96702946457594       -0.34638672290333
O           -1.02304514903209       -0.02361821025859       -0.20959039379899
C           -2.27517919521657        0.36285914950529       -0.48895267798559
O           -2.54473351455371        1.49302822366737       -0.83479229476881
C           -3.19606577608866       -0.75829071437580       -0.31385421907550
C           -2.81256574944472       -2.04829903951391        0.04571724127329
C           -3.99522681638905       -2.78628565695267        0.08750559188556
C           -4.18607450885119       -4.22286936040943        0.42069245739257
N           -5.01918806290957       -2.00233650317453       -0.22274042325458
N           -4.55248113166218       -0.79194416555322       -0.46411712470980
C           -5.50022389057546        0.25998412192000       -0.83108579958539
C           -6.90290137127756       -0.34865556213475       -0.82450647156813
C           -5.42891880586955        1.38975284360649        0.19870081629566
C           -5.17099374273781        0.77071095866991       -2.23555558646062
H            8.90859827342591       -0.86686576323486        1.04944268028648
H            8.38999601471400        0.00527240393051        2.48688210211206
H            7.71860314126439       -1.59354547186194        2.13740098203607
H            7.59955788149801        2.01741166063997        1.07575865583188
H            8.23922901248888        1.17229190229756       -0.32903603755013
H            6.56321319591424        1.73040601634470       -0.32260990741060
H            5.59172752531260       -1.52087499806260        1.29210969707851
H            4.04041106716895       -0.87350650082633       -0.42930600609395
H            4.84529355389795        0.67088420336423       -0.70546976967438
H            3.29155644473078       -0.11539795499375        1.80451532229291
H            4.11232834125187        1.43249927589135        1.56240691674839
H            1.79122958363614        3.15044884280075       -0.15511142560957
H            3.53331198810978        2.86405091510174       -0.24740877950347
H            2.45578155970615        2.23926334944930       -1.50224417509164
H            1.10300878426243       -0.41107983689529        0.92322630131992
H            0.18462147543752        1.13056872338680       -1.41583946598052
H           -0.38062642622180        1.91756269200424        0.06345845651354
H           -1.81584074812760       -2.38480752438462        0.24092202731911
H           -3.92411721550188       -4.40810227085176        1.46149904646345
H           -5.22534488217370       -4.49589420526474        0.26344349386819
H           -3.55007605823975       -4.84594226876483       -0.20550695176704
H           -7.62746474669440        0.41633886931193       -1.09009133981888
H           -6.96875489225144       -1.16349264903932       -1.53916203179975
H           -7.14447302407521       -0.74038142127900        0.15903386624167
H           -6.19698378296138        2.12746930379903       -0.01658066397211
H           -4.46221113431160        1.88142554175057        0.16214252552575
H           -5.59347656837546        0.99742772049245        1.20012490262743
H           -5.16719980020594       -0.05456611718924       -2.94458299065763
H           -4.20081262597690        1.25683189725102       -2.24818650665445
H           -5.92105695672401        1.49298826452295       -2.54563586628160
53
 energy: -69.966933294266 gnorm: 0.002305023762 xtb: 6.7.1 (edcfbbe)
C            8.05694567573365       -0.65615580396843        1.68523623343072
C            6.95586187471366       -0.00273221928697        0.90058620598156
C            7.34440092450761        1.31552664308435        0.30250801268506
C            5.76734336344569       -0.57905801357141        0.77486238121308
C            4.56535659781143       -0.04808273707429        0.05766470165461
C            3.58820902134998        0.60474681250417        1.05472867983202
C            2.38121955094178        1.14438109525483        0.34597437750729
C            2.56410225239230        2.41585785647087       -0.42980785954057
C            1.21893008602801        0.50261084128620        0.36821169180672
C           -0.00963471303469        0.96556556985258       -0.34602264456959
O           -1.02547833997446       -0.02299600374857       -0.20692107920447
C           -2.27647795902912        0.36336835469893       -0.49063950084203
O           -2.54484792386374        1.49207779823928       -0.84199517695240
C           -3.19825914978343       -0.75688707269600       -0.31300566296065
C           -2.81557165704790       -2.04614427281840        0.04884426468503
C           -3.99824391246142       -2.78467308801327        0.08741212408910
C           -4.18630377492344       -4.22127597602010        0.42194524355613
N           -5.02136487414090       -2.00163245627941       -0.22664107223415
N           -4.55425629481988       -0.79115980105041       -0.46775076413582
C           -5.50237163973733        0.26129515575182       -0.83265184597172
C           -6.90546022304878       -0.34614915746476       -0.82303732732230
C           -5.42817590449571        1.39050003234082        0.19746247490835
C           -5.17680085159679        0.77257644282755       -2.23774567758219
H            8.91100010580772       -0.86014348372952        1.04053045801401
H            8.39628290820330        0.00542326731830        2.48111528262807
H            7.72596176456893       -1.59107028713323        2.12780802993110
H            7.58505760182184        2.02314230504548        1.09494800088701
H            8.23549098011347        1.19568006837609       -0.31201106231841
H            6.55701444433639        1.74267714856816       -0.30952792741543
H            5.60330751301286       -1.52488338855373        1.27357355129184
H            4.04880193695041       -0.87033282280406       -0.44260188284757
H            4.84617744670741        0.68058163674954       -0.70236092557038
H            3.28973991144605       -0.13908067825012        1.79508815154720
H            4.10778779824032        1.41318306227869        1.57426708449885
H            1.79177244388366        3.13833774450848       -0.16916920359978
H            3.53576436475417        2.85771266372966       -0.22815180635725
H            2.48462215740596        2.22657169280702       -1.50097638932194
H            1.09861346784098       -0.41418811321019        0.92442631135657
H            0.18507401412530        1.12558956666428       -1.41574930284173
H           -0.37925243496110        1.91767524667582        0.06117457052334
H           -1.82005071911339       -2.38357648786843        0.24816234459061
H           -3.91786822704183       -4.40568242121278        1.46048961670775
H           -5.22546416955119       -4.49658164002707        0.27082642066870
H           -3.55332695366897       -4.84345032552357       -0.20728614767123
H           -7.63032032705209        0.42006338282895       -1.08429144143555
H           -6.97442353402120       -1.15920188067917       -1.53938815957127
H           -7.14392298712266       -0.74001092915927        0.16035873467353
H           -6.19357963077373        2.13089948286946       -0.01801058720625
H           -4.45996892778477        1.87907339262276        0.16150304586217
H           -5.59452370986669        0.99841677602296        1.19868458071578
H           -5.17838438038073       -0.05167217292642       -2.94795931087572
H           -4.20502822122950        1.25537858818258       -2.25311953814790
H           -5.92547676559240        1.49790860555412       -2.54413062634502
53
 energy: -69.966942572225 gnorm: 0.000886190577 xtb: 6.7.1 (edcfbbe)
C            8.05738206894309       -0.65635096084630        1.68482835433271
C            6.95598127348849       -0.00273670456674        0.90082956791671
C            7.34490321092011        1.31621314411609        0.30285872626092
C            5.76671440966799       -0.57931278095713        0.77590403183238
C            4.56512674074090       -0.04820547757254        0.05814501147326
C            3.58750048481577        0.60436198355931        1.05481856846461
C            2.38091260002996        1.14378531448132        0.34536247011930
C            2.56385443066647        2.41569071584976       -0.43031553714096
C            1.21837436306865        0.50215682064148        0.36788003103757
C           -0.01014673313294        0.96579104982895       -0.34620329810116
O           -1.02577426376152       -0.02270551510297       -0.20734767944083
C           -2.27676330869773        0.36339482148498       -0.49159432393048
O           -2.54502233904506        1.49224979972473       -0.84274361598925
C           -3.19847520512227       -0.75672403169970       -0.31338943095555
C           -2.81529320018001       -2.04591525522030        0.04884468733872
C           -3.99770690687063       -2.78463196813107        0.08801657808921
C           -4.18641206175607       -4.22134643600119        0.42188469058139
N           -5.02127090975910       -2.00177978501340       -0.22588789164606
N           -4.55450862155000       -0.79129070299597       -0.46733527087312
C           -5.50226145099636        0.26124407007309       -0.83241513344511
C           -6.90541282581698       -0.34619577597782       -0.82282430325203
C           -5.42760962254364        1.39053938532713        0.19759459254848
C           -5.17586809801275        0.77242389671562       -2.23741093074305
H            8.91140496051382       -0.85958845152243        1.03911959024466
H            8.39684208601608        0.00523232260632        2.48130502999236
H            7.72650555383830       -1.59209838964029        2.12699615926634
H            7.58483488693885        2.02402953224360        1.09620144338676
H            8.23655670391532        1.19742259126813       -0.31211638782592
H            6.55715030652436        1.74313703303865       -0.30886218004898
H            5.60259528704381       -1.52690914016094        1.27331657036714
H            4.04934305649298       -0.87053149286667       -0.44280821235702
H            4.84624429918952        0.68069212734007       -0.70145512161756
H            3.28861442896967       -0.13985126685792        1.79449202801913
H            4.10652017343860        1.41264932776543        1.57501527023362
H            1.79180218068229        3.13799885878515       -0.16908751836843
H            3.53556207126037        2.85829671029726       -0.22960036651145
H            2.48353035694610        2.22656717131340       -1.50106817859953
H            1.09700451139918       -0.41414395531395        0.92500534563595
H            0.18467875953891        1.12600354627878       -1.41595590079871
H           -0.37956801440572        1.91806902216083        0.06112971692264
H           -1.81926554710534       -2.38231216077867        0.24776665173440
H           -3.91736982273184       -4.40666652955334        1.46083800697399
H           -5.22641995096424       -4.49510569664211        0.27090131952230
H           -3.55390721917948       -4.84374336478126       -0.20853922006002
H           -7.62990611418875        0.41999201975435       -1.08502261880325
H           -6.97416763648245       -1.15970634246736       -1.53868399657969
H           -7.14452867470873       -0.73933641603974        0.16073036491507
H           -6.19320185883461        2.13077010620775       -0.01765021380356
H           -4.45944353710026        1.87925505609139        0.16141082369311
H           -5.59364704631123        0.99837162740008        1.19883333829476
H           -5.17697585622169       -0.05206118916445       -2.94731257859853
H           -4.20425264301257        1.25562859355250       -2.25273021540711
H           -5.92475973653259        1.49728314201227       -2.54422919189529
53
 energy: -69.966946283393 gnorm: 0.000721960930 xtb: 6.7.1 (edcfbbe)
C            8.05838453362781       -0.65693666536097        1.68355374604679
C            6.95645685346455       -0.00301842507390        0.90068083340377
C            7.34467311011585        1.31735989668377        0.30413143951998
C            5.76675246321288       -0.57962461973782        0.77655383416792
C            4.56528831653062       -0.04805054313326        0.05888096601328
C            3.58628746919202        0.60342176160241        1.05489339733480
C            2.38020208716924        1.14309790859533        0.34485954159025
C            2.56305615541713        2.41492297390761       -0.43146543424923
C            1.21734009782516        0.50203492611867        0.36775674685552
C           -0.01091613695309        0.96626765167004       -0.34662289336907
O           -1.02610299824968       -0.02217216809786       -0.20799443279200
C           -2.27716906803419        0.36370671969134       -0.49232943127081
O           -2.54498690849371        1.49258610611039       -0.84394210259709
C           -3.19863220890082       -0.75635627850139       -0.31385173502644
C           -2.81462633380393       -2.04553999187475        0.04858464451287
C           -3.99657411617865       -2.78450057337861        0.08901151666006
C           -4.18666310024037       -4.22131031254722        0.42177472410866
N           -5.02085451560159       -2.00190417198412       -0.22437950920692
N           -4.55465632531225       -0.79150521281500       -0.46662997833218
C           -5.50183414562422        0.26118016220793       -0.83199949818881
C           -6.90520658220869       -0.34580755934626       -0.82269505081707
C           -5.42686929123133        1.39053647779768        0.19797749961211
C           -5.17477313499211        0.77186689804335       -2.23706540405668
H            8.91258418824012       -0.85842353914366        1.03700731493956
H            8.39776111343179        0.00379202336432        2.48125587307900
H            7.72841536514551       -1.59399724245896        2.12452069283051
H            7.58337401912652        2.02474422088990        1.09893182157761
H            8.23723974512613        1.20035742470142       -0.31056982024052
H            6.55682210087796        1.74417842684195       -0.30748729212207
H            5.60216329062567       -1.52816412427342        1.27369068433551
H            4.05034328053031       -0.87024887554025       -0.44319202114123
H            4.84676565284658        0.68146261110365       -0.69990820134156
H            3.28662893119447       -0.14153944106376        1.79341821009898
H            4.10439032763792        1.41135638345575        1.57635420860072
H            1.79183220610509        3.13744378449324       -0.16878628366682
H            3.53522594083187        2.85754296985712       -0.23220428231144
H            2.48103410513464        2.22578925794573       -1.50176283733974
H            1.09452222509176       -0.41388510001865        0.92538417564394
H            0.18406971614592        1.12717662092790       -1.41632831094582
H           -0.38020214503865        1.91855159672408        0.06115000302935
H           -1.81777510357557       -2.38010539583946        0.24672264885855
H           -3.91628009689053       -4.40873631244187        1.46055264659195
H           -5.22772044725065       -4.49263241702106        0.27183101629966
H           -3.55595781655657       -4.84428186118756       -0.21055257891634
H           -7.62927759818987        0.42011115648167       -1.08679766662380
H           -6.97341427590795       -1.16047783236720       -1.53729800702785
H           -7.14528142405279       -0.73732911933983        0.16128542374439
H           -6.19284515580591        2.13049769602105       -0.01670743039501
H           -4.45887424693728        1.87954874300313        0.16110280070110
H           -5.59199418919699        0.99830243442031        1.19935138136035
H           -5.17448718727219       -0.05308674390319       -2.94641372052471
H           -4.20360208754025        1.25593830834409       -2.25188976004168
H           -5.92403665458260        1.49585938549041       -2.54490445656749
53
 energy: -69.966948566001 gnorm: 0.000466654700 xtb: 6.7.1 (edcfbbe)
C            8.05917813001220       -0.65736547977727        1.68235275460126
C            6.95660087637429       -0.00281173219097        0.90102119367593
C            7.34417627137083        1.31810318655234        0.30554472293424
C            5.76696660414483       -0.57919011042999        0.77698053994701
C            4.56553111754551       -0.04765738973216        0.05918690470598
C            3.58567103522156        0.60270476559580        1.05507067892170
C            2.37990621106003        1.14246610437463        0.34455480759744
C            2.56272289651018        2.41401435116824       -0.43216888699722
C            1.21679176408055        0.50200271237368        0.36771384644023
C           -0.01131861081935        0.96659792635403       -0.34668169643553
O           -1.02627420462436       -0.02192296513806       -0.20849948346035
C           -2.27736266998723        0.36382990779701       -0.49300220435721
O           -2.54497338418490        1.49279720990485       -0.84453158110523
C           -3.19867819686460       -0.75617645432400       -0.31420878370056
C           -2.81431693005731       -2.04537748258225        0.04820257191926
C           -3.99605906345507       -2.78437655053880        0.08939507966823
C           -4.18692318020084       -4.22115358961689        0.42171262793653
N           -5.02066621327646       -2.00181404798290       -0.22346743824362
N           -4.55471828380365       -0.79151429426199       -0.46612280130080
C           -5.50164912878495        0.26121547771252       -0.83171582646971
C           -6.90510986067530       -0.34554962019619       -0.82251670996602
C           -5.42649518590669        1.39065588966850        0.19815888623135
C           -5.17428370433232        0.77146353572637       -2.23687899201582
H            8.91336746008093       -0.85729123334180        1.03542186257601
H            8.39842354346326        0.00209465682284        2.48104035480294
H            7.73004986594886       -1.59529200451512        2.12184406590227
H            7.58175117299035        2.02485889387615        1.10107809935303
H            8.23727239675209        1.20228038819367       -0.30837912917867
H            6.55654843903546        1.74489349731206       -0.30630600100223
H            5.60260010300354       -1.52798993557135        1.27331545818751
H            4.05119130450059       -0.86972869945023       -0.44378177860207
H            4.84715631055501        0.68252178544776       -0.69891170878704
H            3.28553056254271       -0.14289862814138        1.79278043301377
H            4.10306409963903        1.41045263076992        1.57757233838224
H            1.79230998686625        3.13710493516194       -0.16847811381840
H            3.53546786911286        2.85581298034035       -0.23403939160850
H            2.47920196985718        2.22478639848904       -1.50236511041186
H            1.09326357062119       -0.41369889202937        0.92545551182110
H            0.18381007607086        1.12806522918362       -1.41626672231897
H           -0.38063302555343        1.91875284559432        0.06140201855903
H           -1.81706940895326       -2.37910100009581        0.24570737011358
H           -3.91512943641886       -4.40980017328189        1.45976041715920
H           -5.22841845340403       -4.49120306955654        0.27325751587413
H           -3.55807275726970       -4.84447333036231       -0.21194360425623
H           -7.62892839476030        0.42007523378224       -1.08813370117877
H           -6.97289290813491       -1.16117424491672       -1.53607388585129
H           -7.14586585587364       -0.73571407364086        0.16184026363382
H           -6.19287338596101        2.13033864734571       -0.01602573249802
H           -4.45868806564376        1.87999921412659        0.16069896800320
H           -5.59082043795776        0.99833598021145        1.19963252247898
H           -5.17288643905629       -0.05391224948781       -2.94573943180781
H           -4.20349893081907        1.25629709196501       -2.25144338816874
H           -5.92394752055599        1.49466577535625       -2.54558005849443
53
 energy: -69.966951132667 gnorm: 0.000453821818 xtb: 6.7.1 (edcfbbe)
C            8.06078061453621       -0.65819309633336        1.68008422524600
C            6.95732756656231       -0.00254371723344        0.90097795448678
C            7.34357749967253        1.32001226957196        0.30883645310340
C            5.76785770939517       -0.57878769481599        0.77661480986977
C            4.56615444648782       -0.04671276846271        0.05963744770807
C            3.58469628303180        0.60118479468591        1.05544492340630
C            2.37937073556279        1.14123548647372        0.34442002490770
C            2.56274595060355        2.41199567276327       -0.43327773079269
C            1.21575036519122        0.50185193863664        0.36800790970711
C           -0.01191537748254        0.96702968183466       -0.34663340544646
O           -1.02660680834455       -0.02169530148913       -0.20929775306405
C           -2.27777369326809        0.36411286329857       -0.49351975312365
O           -2.54508199449220        1.49311751264961       -0.84516460276881
C           -3.19879990554475       -0.75599082917963       -0.31481296197160
C           -2.81408619592971       -2.04531626468686        0.04718388427667
C           -3.99571925575262       -2.78416545248922        0.08965882105340
C           -4.18751107307826       -4.22086094079004        0.42164079249203
N           -5.02065055882870       -2.00145938206285       -0.22220625217779
N           -4.55488466307531       -0.79137808822151       -0.46545998083364
C           -5.50155574666466        0.26141123585367       -0.83134988488531
C           -6.90509695792774       -0.34508967800432       -0.82208583728505
C           -5.42614772345885        1.39104418925458        0.19829166760757
C           -5.17384342669094        0.77076942656817       -2.23674883092119
H            8.91494596111979       -0.85456641126933        1.03228027786499
H            8.39933311822667       -0.00128937021974        2.48097613216571
H            7.73310869857230       -1.59806968521355        2.11607966817530
H            7.57818882536656        2.02559237721287        1.10600603834192
H            8.23790128179350        1.20692999707073       -0.30337076966032
H            6.55644069658573        1.74658240338605       -0.30377097584601
H            5.60394552970242       -1.52783239351473        1.27177703377508
H            4.05289889922938       -0.86836662501084       -0.44509837042243
H            4.84765464809771        0.68496574016375       -0.69707957280193
H            3.28403518380674       -0.14581114591723        1.79156581479227
H            4.10075581400311        1.40852497158959        1.57998266677424
H            1.79441024344214        3.13674523747969       -0.16781123938418
H            3.53688842578864        2.85175545075330       -0.23796930559648
H            2.47576257402356        2.22253949650514       -1.50329882577962
H            1.09122142391282       -0.41343228902279        0.92610061840164
H            0.18348916075196        1.12958173299851       -1.41598574280141
H           -0.38141431140605        1.91877966305404        0.06219992658837
H           -1.81638216770248       -2.37827765155354        0.24357976778287
H           -3.91189749331137       -4.41107891685576        1.45811484596710
H           -5.22997974051138       -4.48877143503362        0.27706705037990
H           -3.56262904380521       -4.84469444072454       -0.21516761524367
H           -7.62854922353539        0.41985866058839       -1.09063288303119
H           -6.97208304775693       -1.16265964968928       -1.53348773407631
H           -7.14702096795883       -0.73252297364429        0.16306908353508
H           -6.19345087044024        2.13006217753123       -0.01487984252560
H           -4.45879453409431        1.88119145937848        0.15958482472019
H           -5.58877918935585        0.99861553096696        1.20000920670046
H           -5.17026402853942       -0.05545389743967       -2.94464115048334
H           -4.20387766685015        1.25723065312949       -2.25092649556286
H           -5.92444598963473        1.49229947552324       -2.54707470093951
53
 energy: -69.966950871458 gnorm: 0.000977826330 xtb: 6.7.1 (edcfbbe)
C            8.06237305076918       -0.65901534429282        1.67783024841448
C            6.95804997748755       -0.00227930481173        0.90093358182023
C            7.34298153090249        1.32190712062425        0.31210629464573
C            5.76874359905851       -0.57838839367737        0.77625142954319
C            4.56677356771506       -0.04577421928455        0.06008650643236
C            3.58372641380992        0.59967507869270        1.05581671458137
C            2.37883747830159        1.14001346854368        0.34428587493396
C            2.56276679375241        2.40999008395530       -0.43438028519461
C            1.21471459250389        0.50170308791318        0.36829935711197
C           -0.01250894733878        0.96745939114652       -0.34658675125561
O           -1.02693724834912       -0.02146827317056       -0.21009102268503
C           -2.27818239892978        0.36439503886408       -0.49403241397250
O           -2.54518927819666        1.49343622469302       -0.84579464833904
C           -3.19892047082017       -0.75580568996851       -0.31541270401549
C           -2.81385554293822       -2.04525486377726        0.04617174371418
C           -3.99537947139276       -2.78395555900057        0.08992188432035
C           -4.18809499750214       -4.22056984811021        0.42156932787668
N           -5.02063356291663       -2.00110721930572       -0.22095192607963
N           -4.55504933174644       -0.79124320850866       -0.46480093741147
C           -5.50146186887788        0.26160538710779       -0.83098595629960
C           -6.90508318944920       -0.34463254854966       -0.82165810980621
C           -5.42580143649039        1.39142914566913        0.19842452588241
C           -5.17340428688098        0.77007919595497       -2.23661905927657
H            8.91651381519542       -0.85185990549569        1.02915902358973
H            8.40023784876562       -0.00465124011053        2.48091113600773
H            7.73614866296875       -1.60082864358417        2.11035307902026
H            7.57464997762913        2.02631874221909        1.11090051637336
H            8.23852352552075        1.21154682076037       -0.29839593461738
H            6.55633230995354        1.74825889959822       -0.30125201561898
H            5.60528117840689       -1.52767183191184        1.27025376879122
H            4.05459530018281       -0.86701348509709       -0.44640461331092
H            4.84814941863563        0.68739357431603       -0.69525831065779
H            3.28254712738641       -0.14870434763916        1.79035882252829
H            4.09846083868498        1.40661017258936        1.58237781485572
H            1.79649362227153        3.13638709166466       -0.16715012810784
H            3.53829724949914        2.84772452630491       -0.24187397936329
H            2.47234403753372        2.22030663381078       -1.50422773826235
H            1.08919070541486       -0.41316695314237        0.92673943187183
H            0.18316933488450        1.13108995244686       -1.41570782641467
H           -0.38219093316589        1.91880681505253        0.06299194517012
H           -1.81569704850009       -2.37745630284914        0.24146545878368
H           -3.90868976662355       -4.41235072409171        1.45647959737697
H           -5.23153021652464       -4.48635379109343        0.28084884827854
H           -3.56715525284605       -4.84491399278205       -0.21836927048808
H           -7.62817128076719        0.41964354656533       -1.09311744769157
H           -6.97127684460277       -1.16413581603119       -1.53091817369029
H           -7.14816847661405       -0.72935159945269        0.16428972904345
H           -6.19402338681117        2.12978702863157       -0.01373978207325
H           -4.45889917204065        1.88237498471713        0.15847882412345
H           -5.58674974549356        0.99889201435168        1.20038429191022
H           -5.16765580391153       -0.05698643429883       -2.94354929066295
H           -4.20425248383711        1.25815796189232       -2.25041173540513
H           -5.92493951364167        1.48994755199633       -2.54856006389649
53
 energy: -69.966952951654 gnorm: 0.000533593781 xtb: 6.7.1 (edcfbbe)
C            8.06220346501684       -0.65897480197371        1.67795433477830
C            6.95784737239384       -0.00171122258765        0.90140634904368
C            7.34320340247070        1.32228811387461        0.31211918298372
C            5.76859570778944       -0.57815662788953        0.77627766368707
C            4.56681959321505       -0.04580471859141        0.05961814468634
C            3.58421934369753        0.59964757458686        1.05580956488690
C            2.37923518355102        1.13992207256850        0.34438585430425
C            2.56332546267377        2.41004018622470       -0.43408406794767
C            1.21511254443767        0.50150779441957        0.36852278844695
C           -0.01226409864649        0.96722494036140       -0.34618396697738
O           -1.02690148307306       -0.02173184397176       -0.20998109900228
C           -2.27803381626642        0.36407966814699       -0.49441931476617
O           -2.54534201309122        1.49327675050144       -0.84540297077872
C           -3.19898288670374       -0.75601538984017       -0.31550591201524
C           -2.81427802864711       -2.04541944648731        0.04624869653752
C           -3.99602982876560       -2.78400615061913        0.08957938855169
C           -4.18810822685909       -4.22067228358650        0.42159239327238
N           -5.02102082392640       -2.00103518678100       -0.22142122336078
N           -4.55518042947152       -0.79109646413346       -0.46498702522132
C           -5.50177369890582        0.26169975897259       -0.83111159342420
C           -6.90534963750610       -0.34467933956741       -0.82159897574295
C           -5.42616053131547        1.39164237611207        0.19815114514090
C           -5.17398512122724        0.77028591911782       -2.23677331732749
H            8.91657555393780       -0.85181550880583        1.02941389778668
H            8.39988852810059       -0.00462878993109        2.48119683037755
H            7.73578288853108       -1.60083499732243        2.11044983608765
H            7.57463950502135        2.02682434585873        1.11103830078350
H            8.23907885388853        1.21193325978650       -0.29820026605932
H            6.55666790714456        1.74855879087795       -0.30153468146668
H            5.60563938472971       -1.52857579228278        1.26888004289404
H            4.05453161678028       -0.86701676753282       -0.44687701884365
H            4.84825632795741        0.68738436569679       -0.69568558592868
H            3.28334976246012       -0.14866806607061        1.79052750099755
H            4.09911427709408        1.40662678990985        1.58211155424337
H            1.79730053923349        3.13661884025768       -0.16678234190918
H            3.53894133109237        2.84764305921271       -0.24157153573253
H            2.47291810536726        2.22048881588245       -1.50387784514976
H            1.08992100935492       -0.41327972621863        0.92724713167611
H            0.18349373933796        1.13057836905283       -1.41532537030397
H           -0.38202719334044        1.91864272221481        0.06317325734932
H           -1.81644110259407       -2.37849265770771        0.24173623916741
H           -3.90793851640546       -4.41189162548678        1.45655208298209
H           -5.23155931033342       -4.48707264278813        0.28156656448421
H           -3.56712459796109       -4.84491438920803       -0.21854844130720
H           -7.62856663354428        0.41964544800436       -1.09253602730920
H           -6.97176096524449       -1.16392710165938       -1.53111245831848
H           -7.14809322501936       -0.72976638049118        0.16427123797853
H           -6.19437132479072        2.12994002131795       -0.01424431361119
H           -4.45926225869187        1.88259392687926        0.15826945998233
H           -5.58728164010698        0.99923926988680        1.20012583563454
H           -5.16864515927351       -0.05664759585149       -2.94383521112575
H           -4.20472534358955        1.25815167566600       -2.25078918955608
H           -5.92545350995163        1.49035066203896       -2.54839587315395
53
 energy: -69.966955119948 gnorm: 0.000191336010 xtb: 6.7.1 (edcfbbe)
C            8.06253926710419       -0.65908256865170        1.67738846369955
C            6.95829618082912       -0.00122298198622        0.90109186685330
C            7.34330828489640        1.32396833892725        0.31387417826165
C            5.76940159833940       -0.57844233104668        0.77461368361106
C            4.56741609621572       -0.04561540209526        0.05870714507977
C            3.58495218419081        0.59893955892316        1.05565753755794
C            2.37973293806145        1.13930599526756        0.34464637959065
C            2.56440590714060        2.40936166063177       -0.43389378554308
C            1.21543707382374        0.50107781520571        0.36918113969256
C           -0.01202014546436        0.96681611026952       -0.34545344494276
O           -1.02702069500886       -0.02213677002100       -0.20971713394458
C           -2.27807506928461        0.36386370386977       -0.49412221371769
O           -2.54569157222872        1.49307517886523       -0.84475064236808
C           -3.19926907459346       -0.75629323555115       -0.31566929759873
C           -2.81509439190230       -2.04572631110344        0.04596321063318
C           -3.99725642011407       -2.78401298177531        0.08905997513870
C           -4.18839912553583       -4.22071573729086        0.42165587127709
N           -5.02185263559826       -2.00080904744497       -0.22198471664298
N           -4.55556282565649       -0.79082507217507       -0.46538428802317
C           -5.50239919516949        0.26191782895657       -0.83140162175587
C           -6.90593715072265       -0.34461500739920       -0.82132325434182
C           -5.42677205871933        1.39217651209473        0.19750307986170
C           -5.17500601980074        0.77048749466467       -2.23716983209598
H            8.91758547224272       -0.85041368180165        1.02914305189951
H            8.39921724371625       -0.00573278189692        2.48200082624727
H            7.73626519123973       -1.60186626712699        2.10822813502779
H            7.57267239005329        2.02809336348352        1.11399595121845
H            8.24047967702039        1.21522492595813       -0.29513206759297
H            6.55732578064114        1.74998670552477       -0.30072582970760
H            5.60698655916484       -1.53012132649989        1.26562669672384
H            4.05507712173411       -0.86639803555859       -0.44844060818329
H            4.84869624696049        0.68824953598184       -0.69597527332144
H            3.28462260457415       -0.14991080761182        1.79000953077715
H            4.09977336514840        1.40573861153854        1.58226185518676
H            1.79979007205846        3.13695013163219       -0.16549977994093
H            3.54082532982253        2.84579189037707       -0.24254177332075
H            2.47248523422553        2.22007264159795       -1.50349836685691
H            1.09051620068898       -0.41341729813387        0.92853517956083
H            0.18393401882805        1.13012644638320       -1.41456457725472
H           -0.38190646575587        1.91817279193364        0.06392511979133
H           -1.81775064473773       -2.38020355682986        0.24162664890081
H           -3.90471515717879       -4.41160385145957        1.45590139716578
H           -5.23229136177959       -4.48748949203099        0.28501496634707
H           -3.56923620383055       -4.84494925597444       -0.22043778480357
H           -7.62924518644758        0.41965120095340       -1.09212619058868
H           -6.97260837795258       -1.16396414593397       -1.53066313411297
H           -7.14836968251347       -0.72953634870185        0.16467926448345
H           -6.19526112704844        2.13014772338092       -0.01502286402598
H           -4.46002494035569        1.88339981746674        0.15730256842806
H           -5.58765708854692        1.00008175878828        1.19962569399735
H           -5.16988180181537       -0.05644701945949       -2.94420238594178
H           -4.20577315240370        1.25843136868025       -2.25152462330222
H           -5.92666446852975        1.49044220424870       -2.54855427467928
53
 energy: -69.966957291648 gnorm: 0.000412088157 xtb: 6.7.1 (edcfbbe)
C            8.06405221140150       -0.65964730769450        1.67520455163789
C            6.95931743806548       -0.00027212303432        0.90085957036174
C            7.34287779471682        1.32772574350471        0.31886876545627
C            5.77113975516055       -0.57863329942851        0.77191920312055
C            4.56883181421645       -0.04489000739001        0.05725487835798
C            3.58550863612222        0.59667195858974        1.05531586860424
C            2.38013209048007        1.13745832186184        0.34484411771452
C            2.56579911724540        2.40701703932500       -0.43436554293456
C            1.21523898930327        0.50026988021931        0.37040087807289
C           -0.01209299693244        0.96650139416023       -0.34419238365614
O           -1.02738890423824       -0.02253465317902       -0.20961455584684
C           -2.27830832073684        0.36366575596172       -0.49424808341239
O           -2.54607282620730        1.49295676439350       -0.84443232648434
C           -3.19977452184347       -0.75649467215153       -0.31619110801915
C           -2.81606656477338       -2.04599087108402        0.04526439421010
C           -3.99864337769170       -2.78384668783180        0.08872603965719
C           -4.18919513613871       -4.22054331547663        0.42170669818088
N           -5.02294317473201       -2.00028941254106       -0.22188548467797
N           -4.55621720726069       -0.79037248708633       -0.46541005011034
C           -5.50315195379335        0.26233180297738       -0.83153877537593
C           -6.90673731028316       -0.34411939639738       -0.82075443758935
C           -5.42742747913519        1.39319031216411        0.19669412927132
C           -5.17619315289860        0.77024016036736       -2.23766389261005
H            8.92013448796952       -0.84630846472429        1.02687050497010
H            8.39863934405162       -0.00933807076083        2.48323502759814
H            7.73906828604100       -1.60510583971881        2.10132505938020
H            7.56680373301880        2.03039107562659        1.12194697445166
H            8.24292556374552        1.22344647070483       -0.28681446670657
H            6.55810242433667        1.75310329045473       -0.29775011129224
H            5.60998584884757       -1.53258589376064        1.25916330927207
H            4.05717046146254       -0.86480660588521       -0.45196500894023
H            4.84983836109730        0.69093969248354       -0.69563374713976
H            3.28566324279850       -0.15386522097521        1.78812718936956
H            4.09939940555210        1.40294493644446        1.58364158729661
H            1.80453071753501        3.13698946194442       -0.16293312617186
H            3.54427994388677        2.84049329816847       -0.24666125890608
H            2.46918542834116        2.21819151742826       -1.50361436058388
H            1.09002649444457       -0.41371735074929        0.93056474755000
H            0.18427677552723        1.13048851024083       -1.41311828372776
H           -0.38215601092546        1.91753740599909        0.06573590188721
H           -1.81906886543259       -2.38171000488851        0.24058420635473
H           -3.89747965859899       -4.41234985336861        1.45365585434398
H           -5.23448706017960       -4.48610435732385        0.29290160357348
H           -3.57574889946871       -4.84508514566483       -0.22576809662483
H           -7.62997962320622        0.41975507717499       -1.09288217340846
H           -6.97338235291843       -1.16464049734223       -1.52873309293471
H           -7.14932176156360       -0.72738730696754        0.16585856839268
H           -6.19674312968216        2.13038866222780       -0.01557268190628
H           -4.46111496018641        1.88515828007220        0.15530001909003
H           -5.58708319155013        1.00158006339966        1.19920400449043
H           -5.17031734929661       -0.05712385128171       -2.94419924364653
H           -4.20735844567594        1.25899010476960       -2.25223132317800
H           -5.92847412999232        1.48933571608667       -2.54956038437745
53
 energy: -69.966959244323 gnorm: 0.000503881766 xtb: 6.7.1 (edcfbbe)
C            8.06557362875544       -0.66008949046083        1.67303595099364
C            6.96036784000557        0.00049414054830        0.90040938971976
C            7.34193838468595        1.33182393735074        0.32466220508808
C            5.77316540928959       -0.57924294471263        0.76843130158877
C            4.57046956385580       -0.04444605622392        0.05520385359239
C            3.58622986068270        0.59402577667326        1.05437637941046
C            2.38060348057498        1.13521938172060        0.34458646245953
C            2.56679025448524        2.40458531093515       -0.43485697622023
C            1.21511844374733        0.49912080404778        0.37126913730068
C           -0.01226653262910        0.96618363377424       -0.34278607729292
O           -1.02785548468986       -0.02276424109155       -0.20903581357170
C           -2.27864181664182        0.36367550274652       -0.49387609125435
O           -2.54630486622215        1.49288114262765       -0.84438043128286
C           -3.20036009079760       -0.75647189171114       -0.31638650747415
C           -2.81694638386328       -2.04602412781348        0.04493289332469
C           -3.99978016379379       -2.78357740770881        0.08874257130230
C           -4.19005553768875       -4.22027878176500        0.42180174853902
N           -5.02389288999243       -1.99980060311065       -0.22166481229231
N           -4.55687427493646       -0.78996579270970       -0.46542206724144
C           -5.50380545665985        0.26269656399657       -0.83173581244255
C           -6.90747540131203       -0.34360967171292       -0.82018693401498
C           -5.42779202326417        1.39418423137104        0.19578680848909
C           -5.17706802305475        0.76997182590200       -2.23815070482650
H            8.92286435725042       -0.84169434947401        1.02486025231639
H            8.39772879161839       -0.01295490766231        2.48464210445030
H            7.74217635157353       -1.60833983881902        2.09416589248787
H            7.55957383688968        2.03274259432668        1.13105802792658
H            8.24519782196812        1.23270511360892       -0.27709924441566
H            6.55856072803575        1.75641342901943       -0.29428394187988
H            5.61319870767470       -1.53525943112262        1.25197611547767
H            4.05954642978869       -0.86343438241160       -0.45621372378205
H            4.85117723967620        0.69344285228798       -0.69578561094751
H            3.28689354024850       -0.15835856022016        1.78548918515468
H            4.09915771150525        1.39970030280678        1.58458687720667
H            1.80886143096823        3.13671074952909       -0.15985881854228
H            3.54729583577857        2.83511060479278       -0.25098491193208
H            2.46512066263757        2.21659487599950       -1.50376765080857
H            1.08947007327770       -0.41440903960106        0.93209181953661
H            0.18418070409617        1.13105357345716       -1.41155632410855
H           -0.38217567972046        1.91690966417330        0.06797321491697
H           -1.82015551984784       -2.38244388502711        0.24009569901008
H           -3.88953954118523       -4.41372712986654        1.45092313614239
H           -5.23685225515166       -4.48403856475243        0.30161809843566
H           -3.58336864902083       -4.84519497335729       -0.23177304593752
H           -7.63059783898395        0.42005419712672       -1.09321427684873
H           -6.97428550915686       -1.16496051755674       -1.52717227915789
H           -7.15014641140982       -0.72563472984575        0.16689455478368
H           -6.19770104427356        2.13081115160749       -0.01633655397285
H           -4.46177215995758        1.88664928864423        0.15337914152179
H           -5.58649995719502        1.00310744468777        1.19864678474579
H           -5.17101593459336       -0.05777997036946       -2.94422217991786
H           -4.20837551795935        1.25902662691034       -2.25307586291146
H           -5.92965612504298        1.48860656847911       -2.55037330043995
53
 energy: -69.966961945800 gnorm: 0.000501935153 xtb: 6.7.1 (edcfbbe)
C            8.06726897552219       -0.66039313802214        1.67060005496622
C            6.96145066288467        0.00142032932266        0.89998259831862
C            7.34011490852633        1.33716178725591        0.33259427977046
C            5.77577982855177       -0.58037705333533        0.76348565511370
C            4.57269567616611       -0.04432803926434        0.05179762001721
C            3.58730956951882        0.59026246777143        1.05234131449556
C            2.38118497637267        1.13226087917383        0.34399610179519
C            2.56746613866576        2.40167601036882       -0.43537733935138
C            1.21506087386284        0.49740561159143        0.37208412125426
C           -0.01254997336970        0.96578420080972       -0.34081054161820
O           -1.02841974930869       -0.02294833744398       -0.20775942401389
C           -2.27892006294161        0.36364882362947       -0.49359464246941
O           -2.54615256685667        1.49272671625740       -0.84484466179478
C           -3.20102050873267       -0.75626176136206       -0.31628633885519
C           -2.81784368775718       -2.04581455365330        0.04523251447066
C           -4.00080604225902       -2.78315696474529        0.08921450231257
C           -4.19118532175134       -4.21987860782641        0.42196843861755
N           -5.02478638597017       -1.99924128293581       -0.22124088497286
N           -4.55755412268916       -0.78951106975954       -0.46525667135498
C           -5.50432630414718        0.26315410512387       -0.83191389342925
C           -6.90816704536250       -0.34275446829182       -0.81961640612076
C           -5.42793544667275        1.39538237100262        0.19477938469531
C           -5.17790420517480        0.76943410013105       -2.23876934983061
H            8.92615078017821       -0.83551106989092        1.02277880894207
H            8.39613090971897       -0.01715082768345        2.48663592981406
H            7.74602991426926       -1.61213443373127        2.08543448504238
H            7.54896976817174        2.03566633042227        1.14341324081270
H            8.24771333235387        1.24517110380448       -0.26367897084091
H            6.55863734952152        1.76055499120344       -0.28955285791343
H            5.61745651116260       -1.53917746728719        1.24183439255439
H            4.06269898268165       -0.86215770235153       -0.46233041235969
H            4.85309539144462        0.69609224653723       -0.69683491987874
H            3.28863854640691       -0.16442897406068        1.78134513909195
H            4.09917649163505        1.39509996494959        1.58486738636217
H            1.81340281308912        3.13596639267844       -0.15549195056344
H            3.55028988210810        2.82885530864954       -0.25626037391970
H            2.45935829928802        2.21520022710755       -1.50393543434654
H            1.08902833901849       -0.41610603786730        0.93282328276981
H            0.18351109343670        1.13204267961027       -1.40944319251000
H           -0.38189790369471        1.91610439703208        0.07136663943637
H           -1.82113964050347       -2.38243322957406        0.24046654681112
H           -3.87908255492872       -4.41609636428003        1.44706823272164
H           -5.23999105396219       -4.48063461745153        0.31315468607442
H           -3.59392324992399       -4.84528348720686       -0.23990802415807
H           -7.63119308811975        0.42089221058516       -1.09299760198858
H           -6.97539095457313       -1.16463172318718       -1.52595302098216
H           -7.15064067957335       -0.72396607750055        0.16783082073116
H           -6.19811434405176        2.13170090533739       -0.01746230139789
H           -4.46204368773078        1.88798755592081        0.15135407901762
H           -5.58594269398322        1.00508555078004        1.19805482217270
H           -5.17242818724690       -0.05866793715922       -2.94445272496236
H           -4.20899356752284        1.25804000543369       -2.25418367206358
H           -5.93026698572202        1.48826795342612       -2.55110981408079
53
 energy: -69.966966387995 gnorm: 0.000554347921 xtb: 6.7.1 (edcfbbe)
C            8.06920317303241       -0.66045265336534        1.66747593235804
C            6.96250305825344        0.00291374682757        0.89955809409841
C            7.33621715813170        1.34570043102800        0.34562459389580
C            5.77970230915417       -0.58272869074874        0.75485800754899
C            4.57619072980144       -0.04500661947404        0.04502060358047
C            3.58956634420697        0.58407656669836        1.04785225257888
C            2.38251742702331        1.12727298994560        0.34199274655141
C            2.56781772288278        2.39784157552903       -0.43572303061319
C            1.21565858272220        0.49387650991645        0.37204319666614
C           -0.01292679168000        0.96499985334709       -0.33749137435597
O           -1.02931759142421       -0.02308462976562       -0.20457712025062
C           -2.27931459965497        0.36374086681696       -0.49234725505679
O           -2.54547373793934        1.49231941276483       -0.84604855806046
C           -3.20201043452277       -0.75571630029907       -0.31530397295192
C           -2.81912320727619       -2.04524770398837        0.04674675651984
C           -4.00213003617316       -2.78242769070938        0.09044659676412
C           -4.19304595410320       -4.21922742906773        0.42238399097573
N           -5.02590559753913       -1.99847563863764       -0.22076670175729
N           -4.55843410776313       -0.78891746014860       -0.46507672197276
C           -5.50482279825394        0.26381911435717       -0.83232478638879
C           -6.90896621811249       -0.34140095982671       -0.81884337265158
C           -5.42748762755897        1.39711842646025        0.19312687585860
C           -5.17852795447412        0.76873293487037       -2.23969335049774
H            8.93074084616423       -0.82577680083913        1.02063630782226
H            8.39268887728653       -0.02285667541962        2.49005388488754
H            7.75135614461045       -1.61731857655743        2.07298364959249
H            7.53052765068059        2.04025230886864        1.16350224453763
H            8.25088815121814        1.26537965694203       -0.24143759481519
H            6.55791722302694        1.76699182524048       -0.28192789336220
H            5.62419832902320       -1.54620431828664        1.22441627950543
H            4.06750691645398       -0.86112706177392       -0.47303947814492
H            4.85621847659235        0.69905562521247       -0.70017696199985
H            3.29198602837112       -0.17401809197066        1.77378308523560
H            4.10013208002629        1.38758908861610        1.58369901174141
H            1.81884032827316        3.13438103081216       -0.14799389751463
H            3.55362906332370        2.82070623424970       -0.26321831863475
H            2.45041707099219        2.21455556644072       -1.50386849540825
H            1.08933760621876       -0.41999748708963        0.93208627577222
H            0.18134756961167        1.13365493131956       -1.40608249832646
H           -0.38059285883501        1.91475649088627        0.07750816651640
H           -1.82246425536999       -2.38154617642568        0.24273958592061
H           -3.86262491012070       -4.42040054723220        1.44073770639765
H           -5.24491471552758       -4.47476221867255        0.33163015903182
H           -3.61125779384474       -4.84535255971543       -0.25275918007640
H           -7.63184509888763        0.42270953914446       -1.09132323103816
H           -6.97730848232763       -1.16302783990906       -1.52536718310476
H           -7.15072931744867       -0.72277413689126        0.16872644099847
H           -6.19731651638624        2.13362848666967       -0.01973308859177
H           -4.46134728196248        1.88917071145632        0.14889654447516
H           -5.58547193116916        1.00803708893808        1.19686651928624
H           -5.17555304790826       -0.05972227780219       -2.94497714515855
H           -4.20855005925686        1.25523121009238       -2.25622543568152
H           -5.92964594153521        1.48905832121057       -2.55162921029821
53
 energy: -69.966971656788 gnorm: 0.000589132414 xtb: 6.7.1 (edcfbbe)
C            8.07039034442026       -0.65993372629220        1.66479712395372
C            6.96298553142034        0.00458105786324        0.89899895138843
C            7.33017419850387        1.35600922172951        0.36181013912513
C            5.78431199784109       -0.58652551283281        0.74291340836056
C            4.58035889238428       -0.04690755534737        0.03506859866625
C            3.59303189831053        0.57650784615384        1.04073737656043
C            2.38439001597847        1.12171748243095        0.33919624401316
C            2.56758374514453        2.39452094994194       -0.43535655676982
C            1.21715222242010        0.48914804338942        0.37106725022470
C           -0.01315759141004        0.96376447955525       -0.33315447476124
O           -1.03016267525529       -0.02341133610680       -0.19947888062894
C           -2.27926585145648        0.36332815532832       -0.49132373318330
O           -2.54381584740231        1.49129782823991       -0.84822015852766
C           -3.20291244109341       -0.75513268234821       -0.31337983509129
C           -2.82060837673358       -2.04451858667582        0.05007237952083
C           -4.00361631713869       -2.78160300574467        0.09238353256661
C           -4.19547605154434       -4.21853053570867        0.42311034645836
N           -5.02696963223237       -1.99766447242656       -0.22055197686768
N           -4.55912144900504       -0.78828852719490       -0.46475043717391
C           -5.50485842503849        0.26471493587847       -0.83277980863668
C           -6.90942844362018       -0.33944064283208       -0.81828804874254
C           -5.42638492910465        1.39904582673710        0.19143806949844
C           -5.17871484994534        0.76793587332797       -2.24077186441663
H            8.93525202750264       -0.81436595771042        1.01974055272265
H            8.38723208391827       -0.02837339640900        2.49457845691172
H            7.75634156814806       -1.62232681655648        2.05997347651388
H            7.50622000503517        2.04553434944327        1.18817410833611
H            8.25344750877273        1.29025894703952       -0.21354234762526
H            6.55590661588505        1.77461937908188       -0.27252865773687
H            5.63246618829100       -1.55584386931465        1.20141080590903
H            4.07270726270115       -0.86104298181673       -0.48697592783844
H            4.85994895613667        0.70094198121352       -0.70654213546512
H            3.29702998428884       -0.18518890366110        1.76353329718033
H            4.10289290897452        1.37829789058892        1.57980666142383
H            1.82331126430987        3.13221344496047       -0.13848382849515
H            3.55599498390341        2.81367644149173       -0.26934477735109
H            2.44060840265534        2.21595688022948       -1.50319556542796
H            1.09161597996425       -0.42651446792539        0.92831845479051
H            0.17766040884705        1.13549347470200       -1.40190689953263
H           -0.37807291351239        1.91285716608280        0.08583118004308
H           -1.82406226166229       -2.38016464682254        0.24773718231387
H           -3.84361845375180       -4.42593955889451        1.43292572102377
H           -5.25052325290833       -4.46769809574306        0.35378899812897
H           -3.63255150301483       -4.84535153816682       -0.26744379677060
H           -7.63224467789812        0.42574834598753       -1.08795434489053
H           -6.97957440218753       -1.15957358827500       -1.52639937401397
H           -7.14974201978615       -0.72271865750004        0.16889535847851
H           -6.19477209090753        2.13664735134823       -0.02286253045905
H           -4.45942790323979        1.88945284267558        0.14716303849344
H           -5.58568773139320        1.01148186091678        1.19556027742102
H           -5.18037496889328       -0.06054412730015       -2.94606039099117
H           -4.20668794480897        1.25029867033290       -2.25876728246240
H           -5.92718199078686        1.49155246298024       -2.55152770376281
53
 energy: -69.966975982824 gnorm: 0.000357583199 xtb: 6.7.1 (edcfbbe)
C            8.06996908677259       -0.65905544036215        1.66364305353497
C            6.96204214490026        0.00603565523004        0.89909995745740
C            7.32383813528376        1.36363880493242        0.37441266177089
C            5.78716386678315       -0.58983258013946        0.73309256325284
C            4.58320133051977       -0.04935128245445        0.02579526034904
C            3.59634536153732        0.57092069994096        1.03379756381254
C            2.38641666651973        1.11766647847326        0.33575093512156
C            2.56679590680990        2.39366425634768       -0.43416451218791
C            1.21943869987771        0.48466067794300        0.36820033045888
C           -0.01303517265551        0.96243496623675       -0.32997441919427
O           -1.03055784529848       -0.02376058434895       -0.19402144171515
C           -2.27896883126717        0.36289469136033       -0.48906685208556
O           -2.54181558202545        1.48991031764892       -0.85027545473194
C           -3.20329012791573       -0.75483667236692       -0.31081955163057
C           -2.82161774103661       -2.04419732591624        0.05369348431915
C           -4.00465582826722       -2.78116030177951        0.09430133125284
C           -4.19765078271181       -4.21817399005715        0.42400800215816
N           -5.02749152471805       -1.99723422579825       -0.22068399144164
N           -4.55917406085674       -0.78808597228887       -0.46468166748494
C           -5.50416524557846        0.26538948317284       -0.83325568023071
C           -6.90916722430402       -0.33768883081438       -0.81824801428111
C           -5.42455013481535        1.40014879549519        0.19038238763081
C           -5.17770918572826        0.76766677825041       -2.24146487118157
H            8.93725187126274       -0.80628183324836        1.02025695394467
H            8.38195433160303       -0.03131777945804        2.49801772110918
H            7.75856727580833       -1.62492199727872        2.05211002511811
H            7.48574176741048        2.04896347907664        1.20688599485544
H            8.25333306550249        1.30910474649068       -0.19164098868225
H            6.55276183024990        1.78022412702530       -0.26510586923217
H            5.63870028751569       -1.56411605460874        1.18203007684406
H            4.07590692645935       -0.86224882214440       -0.49843634059248
H            4.86262610557050        0.70063461577226       -0.71376012145458
H            3.30146722499947       -0.19291319381788        1.75479467412449
H            4.10641079991809        1.37142157595176        1.57458951606616
H            1.82416480467650        3.13036934969578       -0.13097105065589
H            3.55600373178635        2.81176124954041       -0.27089146502525
H            2.43491364801877        2.21958855674556       -1.50204588088215
H            1.09533622457333       -0.43308034792953        0.92235509607402
H            0.17332040734165        1.13665512565272       -1.39913007144046
H           -0.37485862214373        1.91106823908442        0.09281172563496
H           -1.82523317436908       -2.37912161962301        0.25339849520421
H           -3.83102659558544       -4.43033885527226        1.42710668170244
H           -5.25440139212936       -4.46251552021344        0.36987723752397
H           -3.64875502793408       -4.84529874877994       -0.27704156015195
H           -7.63180261519676        0.42879756901903       -1.08472674545322
H           -6.98100099044139       -1.15581605645125       -1.52854216057918
H           -7.14827143655464       -0.72356091474390        0.16823165991493
H           -6.19096364206598        2.13939472839094       -0.02534559948835
H           -4.45647343452490        1.88844963583097        0.14709932811087
H           -5.58606475165271        1.01352208248381        1.19451817861556
H           -5.18398529945033       -0.06059288739869       -2.94698063915327
H           -4.20360133832109        1.24578947762543       -2.26061778118169
H           -5.92338389412610        1.49472567392197       -2.55092851341931
53
 energy: -69.966976553943 gnorm: 0.000668594320 xtb: 6.7.1 (edcfbbe)
C            8.06954782912493       -0.65817715443211        1.66248898311621
C            6.96109875838019        0.00749025259685        0.89920096352638
C            7.31750207206365        1.37126838813534        0.38701518441666
C            5.79001573572522       -0.59313964744611        0.72327171814512
C            4.58604376865525       -0.05179500956153        0.01652192203183
C            3.59965882476410        0.56533355372808        1.02685775106465
C            2.38844331706099        1.11361547451557        0.33230562622995
C            2.56600806847526        2.39280756275343       -0.43297246760600
C            1.22172517733533        0.48017331249657        0.36533341069305
C           -0.01291275390097        0.96110545291824       -0.32679436362731
O           -1.03095301534168       -0.02410983259110       -0.18856400280137
C           -2.27867181107787        0.36246122739234       -0.48680997098782
O           -2.53981531664858        1.48852280705792       -0.85233075093622
C           -3.20366781473806       -0.75454066238563       -0.30825926816985
C           -2.82262710533964       -2.04387606515667        0.05731458911746
C           -4.00569533939574       -2.78071759781435        0.09621912993908
C           -4.19982551387928       -4.21781744440563        0.42490565785795
N           -5.02801341720373       -1.99680397916995       -0.22081600601560
N           -4.55922667270843       -0.78788341738285       -0.46461289779598
C           -5.50347206611844        0.26606403046720       -0.83373155182473
C           -6.90890600498785       -0.33593701879667       -0.81820797981968
C           -5.42271534052606        1.40125176425328        0.18932670576317
C           -5.17670352151119        0.76739768317286       -2.24215787794650
H            8.93925171502284       -0.79819770878631        1.02077335516668
H            8.37667657928778       -0.03426216250708        2.50145698530664
H            7.76079298346860       -1.62751717800096        2.04424657372235
H            7.46526352978578        2.05239260871001        1.22559788137476
H            8.25321862223225        1.32795054594183       -0.16973962973924
H            6.54961704461474        1.78582887496872       -0.25768308072747
H            5.64493438674039       -1.57238823990283        1.16264934777909
H            4.07910659021756       -0.86345466247208       -0.50989675334653
H            4.86530325500433        0.70032725033099       -0.72097810744404
H            3.30590446571010       -0.20063748397466        1.74605605106864
H            4.10992869086166        1.36454526131460        1.56937237070850
H            1.82501834504313        3.12852525443109       -0.12345827281663
H            3.55601247966929        2.80984605758908       -0.27243815269941
H            2.42921889338221        2.22322023326164       -1.50089619633633
H            1.09905646918241       -0.43964622793368        0.91639173735754
H            0.16898040583626        1.13781677660344       -1.39635324334829
H           -0.37164433077508        1.90927931208605        0.09979227122684
H           -1.82640408707587       -2.37807859242347        0.25905980809455
H           -3.81843473741909       -4.43473815165000        1.42128764238112
H           -5.25827953135038       -4.45733294468382        0.38596547691897
H           -3.66495855285334       -4.84524595939306       -0.28663932353331
H           -7.63136055249539        0.43184679205052       -1.08149914601592
H           -6.98242757869525       -1.15205852462749       -1.53068494714438
H           -7.14680085332314       -0.72440317198776        0.16756796135136
H           -6.18715519322444        2.14214210543365       -0.02782866851765
H           -4.45351896581000        1.88744642898636        0.14703561772829
H           -5.58644177191221        1.01556230405083        1.19347607981010
H           -5.18759563000738       -0.06064164749723       -2.94790088731537
H           -4.20051473183321        1.24128028491796       -2.26246827990099
H           -5.91958579746535        1.49789888486370       -2.55032932307582
