31
 energy: -46.048651054564 gnorm: 0.066719612855 xtb: 6.7.1 (edcfbbe)
C           -4.14005290181600       -1.09006485876100       -1.17663093259300
C           -3.64409870441300       -0.62785817911700        0.18412345169100
C           -2.14548502388800       -0.34057700889800        0.16482839627600
C           -1.64477878968900        0.12105835445500        1.53014820115400
O           -0.22491794746400        0.32810693764700        1.48490588510500
C            0.18624376064000        1.55213270561800        1.05274572184500
O           -0.55430362672300        2.49072416959000        0.77151977211100
C            1.71801876107500        1.65963205375500        1.01515649734900
O            2.13697454880500        2.93185881974100        0.50853965637900
C            2.35952604825100        0.56989953046000        0.18238785880100
C            2.94360414088600       -0.54586557139000        0.80213498600700
C            3.50731741954200       -1.56916403584700        0.03747475239700
C            3.49196761037800       -1.49160943815200       -1.35365079613000
C            2.91362784204200       -0.39133319766400       -1.98266367839600
C            2.34897013892800        0.63243708523500       -1.22033507946000
H           -5.21544219521600       -1.29034582124900       -1.14016571035400
H           -3.96260668728100       -0.32519887419900       -1.93942763001200
H           -3.63353047176500       -2.00948100752400       -1.48722243547700
H           -3.86582762693600       -1.40078212567500        0.92914337769500
H           -4.19221953035300        0.27442601387300        0.47926402381800
H           -1.91878715756600        0.42195545804600       -0.59018143556400
H           -1.59013633771800       -1.23662150705600       -0.13952556188900
H           -1.82723561374100       -0.65662727547700        2.27975277061000
H           -2.16469909915800        1.02369744950600        1.87249417542200
H            2.07187875662900        1.61444298939700        2.05149623042600
H            1.37986982477000        3.53575063876400        0.63555821265200
H            2.96176515901800       -0.62800669989200        1.88668101694400
H            3.95913170302300       -2.42760315892900        0.52773550965300
H            3.93318282355500       -2.28735075115600       -1.94791938784800
H            2.90486196487800       -0.32702236542500       -3.06758373416700
H            1.90718121130400        1.48938967032200       -1.72579118446700
31
 energy: -46.053723095862 gnorm: 0.023708695412 xtb: 6.7.1 (edcfbbe)
C           -4.14373290268740       -1.09122140231978       -1.17774836134776
C           -3.64252979620994       -0.62766301404806        0.18260322198013
C           -2.14509214101520       -0.33800205687003        0.16031581979746
C           -1.62651825944429        0.12372755985224        1.51773268552685
O           -0.21238109878990        0.34595268362025        1.47757685512670
C            0.20258601598544        1.54772433878500        1.04935000529093
O           -0.52004058939644        2.47392943799154        0.77419799057156
C            1.72653146354059        1.65312013030491        1.01291720572661
O            2.10540674977876        2.92414794646180        0.50520521645899
C            2.34226000009106        0.54963217734908        0.18303289478781
C            2.93054192440085       -0.55100592670215        0.79744475682868
C            3.49790584947296       -1.56124420951888        0.03673063800400
C            3.48585032724862       -1.48140218951757       -1.34633521598744
C            2.90933914641816       -0.38438679765894       -1.96610342704040
C            2.33725851138147        0.62437268395357       -1.20654475535663
H           -5.21381068079387       -1.29145647236188       -1.14370619048485
H           -3.96321771146628       -0.32908508316565       -1.93454501030969
H           -3.63515230789051       -2.00404962070040       -1.48551675880262
H           -3.85419924622112       -1.39799095180157        0.92956736332652
H           -4.18184445950904        0.27576478564913        0.47964324917172
H           -1.92986799949765        0.43477598977031       -0.58349689296058
H           -1.59404606494449       -1.23662026114352       -0.13368462614753
H           -1.78671996748969       -0.65173026054735        2.27393597491452
H           -2.13643289327918        1.03887853033753        1.83889830604102
H            2.07235616834823        1.57870987929489        2.05533241636919
H            1.34095164829618        3.51385962880894        0.60998357367526
H            2.95327384810703       -0.62233161517192        1.87676407826839
H            3.95242420031127       -2.41256763091410        0.52519650450550
H            3.92663425139754       -2.27173450142158       -1.93971160809878
H            2.89977909770782       -0.31641834513162       -3.04562583402212
H            1.90248691614597        1.48431456681380       -1.69841714583545
31
 energy: -46.054686556773 gnorm: 0.013032766955 xtb: 6.7.1 (edcfbbe)
C           -4.14170181420997       -1.09019133619026       -1.17473865248476
C           -3.63606338137383       -0.62600434648777        0.18546299773358
C           -2.13776191004928       -0.33762343010788        0.15042343352447
C           -1.61429576188509        0.12404768175091        1.50684603215290
O           -0.20282114063117        0.35063620761407        1.46471209897465
C            0.20993420498465        1.54273781898016        1.04949391661292
O           -0.50611997678355        2.46568482732395        0.76593148958460
C            1.73223248253450        1.65225779280448        1.01707813509126
O            2.09119501010489        2.91617495060644        0.51238178244304
C            2.33974059185683        0.54471695037374        0.18905225150553
C            2.92237941474711       -0.55413802895943        0.80134288066588
C            3.48538057747015       -1.56101301635829        0.03914285886312
C            3.47451910848840       -1.47678198097652       -1.34183788994573
C            2.89638156274047       -0.38010437579696       -1.95641569674148
C            2.32908701240460        0.62583014229143       -1.19555914165934
H           -5.20937759849445       -1.28973389736067       -1.13734421172567
H           -3.96161120391319       -0.32830432195330       -1.92884666231208
H           -3.63298792815272       -2.00092661293103       -1.48117637867373
H           -3.84128226103876       -1.39587531121364        0.93285164324092
H           -4.17139099305359        0.27779597040220        0.48372283827965
H           -1.93263451768147        0.44176745176383       -0.58688980842447
H           -1.59157514285127       -1.23643745488363       -0.14524537104062
H           -1.75848571562633       -0.64857803878226        2.26676702883761
H           -2.11633595961089        1.04694545187639        1.81791112434786
H            2.07506546635937        1.55662844816536        2.06219235293152
H            1.30798124662222        3.48870987834429        0.56902138603255
H            2.94086438345022       -0.62209650903527        1.87869677464781
H            3.94425674171011       -2.40858485775573        0.52567830414243
H            3.92209111658244       -2.25959684509246       -1.93620234372241
H            2.89194061561748       -0.30523651120364       -3.03354310584930
H            1.89139576967905        1.48729330278951       -1.67591713705470
31
 energy: -46.055026185601 gnorm: 0.008934012701 xtb: 6.7.1 (edcfbbe)
C           -4.14104287585764       -1.08976101353984       -1.17216566612608
C           -3.62940755327561       -0.62560202616234        0.18659278318395
C           -2.13080819292881       -0.33734710278605        0.14375047566289
C           -1.60536133404439        0.12230112706560        1.50031223612717
O           -0.19387154715921        0.34938866752605        1.45728945530326
C            0.21622976519388        1.53762285868110        1.04880472284374
O           -0.49700256829578        2.46247447731605        0.75446180415667
C            1.73884462725833        1.65668862240539        1.02465552058684
O            2.08922149800072        2.91650542871199        0.52542255563326
C            2.33951662763592        0.54496271293040        0.19668209586915
C            2.91635604288540       -0.55737073350599        0.80747703834184
C            3.47726818155154       -1.56254791880837        0.04165300907377
C            3.46732682600752       -1.47271522902505       -1.33933105313409
C            2.88860708440209       -0.37455487713219       -1.95117226029937
C            2.32332636562740        0.62993177785935       -1.18748220532354
H           -5.20827664298280       -1.28878501280721       -1.13074807551658
H           -3.96224591928172       -0.32718568021432       -1.92543345560468
H           -3.63258213928444       -2.00008605353145       -1.47904805025381
H           -3.82992024456639       -1.39526787199729        0.93474689289468
H           -4.16211646646223        0.27846838405180        0.48700302620018
H           -1.93104995115569        0.44549027848220       -0.59034026843278
H           -1.58696067923065       -1.23491503785530       -0.15675615714931
H           -1.74529934208217       -0.64865187938125        2.26051809785331
H           -2.10452919461674        1.04795707177892        1.80640343096398
H            2.07837744395768        1.55105307220141        2.07119167341839
H            1.28253214153164        3.46815722735978        0.52418121012536
H            2.93227571510876       -0.62510995093500        1.88467452349942
H            3.93301093814451       -2.41302342296318        0.52557189559481
H            3.91313223737601       -2.25411487871130       -1.93583322439957
H            2.88058718473056       -0.29824840576245       -3.02793289334261
H            1.88386197180920        1.49428538874658       -1.66015620777221
31
 energy: -46.055220971549 gnorm: 0.011793328047 xtb: 6.7.1 (edcfbbe)
C           -4.14001837695275       -1.09003115322166       -1.16978302655271
C           -3.62140926011329       -0.62622597590424        0.18656317480792
C           -2.12289045397092       -0.33700005933501        0.13735169766821
C           -1.59821121232329        0.11986024420788        1.49508064471535
O           -0.18556997120887        0.34720894758608        1.45579025391988
C            0.22266515811726        1.53394875461325        1.05163568047046
O           -0.48829269019974        2.45859605005050        0.73760571370377
C            1.74613272134505        1.66397235719038        1.03356379345599
O            2.08900378148666        2.92304927603548        0.54005397544137
C            2.34234489581865        0.54883213026903        0.20473261850370
C            2.91247214110059       -0.55908638187229        0.81392740296636
C            3.46708822712057       -1.56577531436222        0.04412260768979
C            3.45586568298323       -1.47139551255714       -1.33719432550093
C            2.87926995035710       -0.37035894909582       -1.94722866463180
C            2.32030450025306        0.63571618428844       -1.18026058497128
H           -5.20741206019609       -1.28853027482579       -1.12265932633904
H           -3.96453207976465       -0.32683653547911       -1.92367424070889
H           -3.63315820324214       -2.00080456548865       -1.47900075552738
H           -3.81765258125714       -1.39606708349634        0.93559262396129
H           -4.15266971211452        0.27772768908418        0.48990715468610
H           -1.92650043408308        0.44834009906822       -0.59477309273523
H           -1.57927690457895       -1.23255532844699       -0.16902561132818
H           -1.73980549566818       -0.65093496185520        2.25368883202455
H           -2.09721853894696        1.04546898117083        1.79967039461284
H            2.08544732421395        1.55592454715261        2.07946296323213
H            1.26145399150354        3.44839560830720        0.48111224302194
H            2.92592118841410       -0.62872056516535        1.89149956164859
H            3.91816473752931       -2.42099524403444        0.52509569811158
H            3.89999067894102       -2.25214016023632       -1.93613122713358
H            2.86794121324613       -0.29302783347485       -3.02425641963185
H            1.88055178218715        1.50344502982544       -1.64747682960290
31
 energy: -46.055362854814 gnorm: 0.009927841004 xtb: 6.7.1 (edcfbbe)
C           -4.13838581773680       -1.09110526269767       -1.16871587257785
C           -3.61468665044282       -0.62771789382855        0.18541797294367
C           -2.11662429815261       -0.33651826194614        0.13390242390699
C           -1.59473252558708        0.11824362571545        1.49326452070224
O           -0.18095455229156        0.34624903522828        1.45982231764988
C            0.22608842034799        1.53182988542644        1.05190117042524
O           -0.48425250472670        2.45438881735945        0.72369492489134
C            1.75019408693162        1.67003361145582        1.03912136080228
O            2.08823208558225        2.93089882133515        0.54760777567474
C            2.34447399507809        0.55343790618138        0.20905690200394
C            2.90941761369190       -0.55866631777589        0.81758773615159
C            3.45824294421316       -1.56807485843479        0.04593886579731
C            3.44570947189536       -1.47212753886156       -1.33562836399563
C            2.87320006660281       -0.36825053208476       -1.94536177460215
C            2.32028009169075        0.64055823138352       -1.17673748507468
H           -5.20606500631523       -1.28949604055142       -1.11682161505379
H           -3.96654062648009       -0.32765249157551       -1.92381479015302
H           -3.63332208475602       -2.00241915935006       -1.48071859244887
H           -3.80829829559544       -1.39809101643000        0.93487490200194
H           -4.14611238957662        0.27562966535406        0.49114377670337
H           -1.92139195037584        0.44988370510633       -0.59773628498092
H           -1.57146127551782       -1.23026684192079       -0.17607229612942
H           -1.74057394480864       -0.65361399053827        2.24998778418106
H           -2.09565241523586        1.04232776709105        1.79851002035833
H            2.09303956482915        1.56480548713854        2.08295952104937
H            1.25644438819098        3.43888108698995        0.46204744732166
H            2.92299905739620       -0.62962808656873        1.89559930330674
H            3.90417934175612       -2.42751137853109        0.52531825847241
H            3.88504491475939       -2.25518070111638       -1.93583095364929
H            2.85874662330913       -0.29167366001066       -3.02278354832295
H            1.88276167132093        1.51082638645498       -1.64254247737748
31
 energy: -46.055528088215 gnorm: 0.008397483939 xtb: 6.7.1 (edcfbbe)
C           -4.13392847967200       -1.09279669109740       -1.16811292061443
C           -3.60369819524268       -0.63067667718396        0.18316060712669
C           -2.10661128928861       -0.33518839648575        0.13020187773826
C           -1.58958684481889        0.11621085735047        1.49229741589939
O           -0.17488710216640        0.34706807592813        1.47023576805321
C            0.23070543787841        1.52976424428374        1.05102027405484
O           -0.47996436250777        2.44487172958445        0.70285974824866
C            1.75519946240281        1.67774749835657        1.04810585566497
O            2.08804456564567        2.94378755823703        0.56141359134500
C            2.34937310835755        0.56188729099127        0.21487122688787
C            2.90468255955673       -0.55651903625649        0.82155729800074
C            3.44157477823380       -1.57137018724524        0.04804014915708
C            3.42594510123868       -1.47501600955731       -1.33339677304750
C            2.86385309395017       -0.36502561526580       -1.94199829198861
C            2.32391934945002        0.64955265285521       -1.17123025831661
H           -5.20159900771249       -1.29153986394705       -1.10950652295537
H           -3.96797904214368       -0.32890818161880       -1.92452394993979
H           -3.63146814003381       -2.00423771787310       -1.48491945057727
H           -3.79341051328600       -1.40264051580465        0.93240940329579
H           -4.13631645118235        0.27102182677052        0.49282118808151
H           -1.91299983656506        0.45332724668165       -0.60017581050004
H           -1.55789919939390       -1.22618720768118       -0.18315164175757
H           -1.74102164620822       -0.65876752083965        2.24571719409894
H           -2.09429563048582        1.03749073569468        1.79975373478683
H            2.10127858140407        1.57669880741215        2.08959551744689
H            1.24850773105520        3.42432087247646        0.42436120686464
H            2.91958566766828       -0.62969780588710        1.89967251556036
H            3.87925324245093       -2.43659252866000        0.52530633548929
H            3.85495382548595       -2.26324453170058       -1.93520143053298
H            2.84609950334409       -0.28902945988838       -3.01961372674659
H            1.89268973258191        1.52368855036829       -1.63657720084608
31
 energy: -46.055673209930 gnorm: 0.005146236647 xtb: 6.7.1 (edcfbbe)
C           -4.12524076790616       -1.09478187783841       -1.16893516698908
C           -3.59122076643612       -0.63470096386616        0.18095248180310
C           -2.09533481674124       -0.33307670717614        0.12892850618029
C           -1.58481819919147        0.11516452003444        1.49442925732802
O           -0.17063692544400        0.35181954338151        1.48649423324610
C            0.23375974154175        1.53100760202596        1.05163809675597
O           -0.47903930949173        2.43272026237187        0.67599996109329
C            1.75738493756038        1.68406105215932        1.05555980786386
O            2.08669620637125        2.95554320543106        0.57246804425780
C            2.35073189423643        0.56939469522452        0.21904269286257
C            2.89675741173019       -0.55406902064356        0.82409904122486
C            3.42116891846566       -1.57466151501205        0.04986660818643
C            3.40243081628969       -1.47939719975723       -1.33135557402499
C            2.85456259900597       -0.36163693732840       -1.93857206840349
C            2.32759622530778        0.65875836702796       -1.16661838669416
H           -5.19240383980808       -1.29515256380866       -1.10546149880548
H           -3.96473857105548       -0.32963663679654       -1.92522148742141
H           -3.62379080659109       -2.00514224016463       -1.49037551820122
H           -3.77709008935060       -1.40942936514836        0.92859184086806
H           -4.12647596864725        0.26425832395179        0.49467251576764
H           -1.90389262670372        0.45824018910085       -0.59929331643926
H           -1.54193807968826       -1.22102166798541       -0.18591392148376
H           -1.73930245851142       -0.66432154309406        2.24370493850147
H           -2.09506050810172        1.03278437501584        1.80468938296011
H            2.10683740610738        1.58641325784635        2.09464591268347
H            1.24780891969178        3.41216519412535        0.38645447498510
H            2.91437076726507       -0.62848468413576        1.90198064835312
H            3.84966716160793       -2.44498695132126        0.52595646842812
H            3.81725982334165       -2.27477626951352       -1.93417864680784
H            2.83586934092209       -0.28517716160800       -3.01600018652784
H            1.90808156421979        1.53812271749960       -1.63325621157269
31
 energy: -46.055724365484 gnorm: 0.011269922632 xtb: 6.7.1 (edcfbbe)
C           -4.10990720702564       -1.09664392175284       -1.17042226488819
C           -3.57458542603390       -0.64020284632465        0.18005678990785
C           -2.08019763785172       -0.32999757092243        0.12990454011263
C           -1.57777692536291        0.11499816277527        1.49965196184166
O           -0.16544921736240        0.36006224760102        1.50569546738637
C            0.23776405073599        1.53121778239618        1.04540441274027
O           -0.47670170755277        2.41564781025998        0.63561823289941
C            1.75950457483486        1.69167443465692        1.06569011401003
O            2.08738698261052        2.96873812196824        0.59268588168032
C            2.35094848812450        0.57825848138086        0.22525655872480
C            2.88270508412606       -0.55292786504939        0.82774816256380
C            3.39123759810258       -1.57989333316512        0.05186949872739
C            3.37018288175288       -1.48405172495410       -1.32910805791408
C            2.84192624343487       -0.35534992046163       -1.93346814701675
C            2.33188750874216        0.67204112063660       -1.15958877087164
H           -5.17604170055839       -1.30043512876050       -1.10392805198009
H           -3.95457077875313       -0.32836012161305       -1.92425777196649
H           -3.60712425908978       -2.00418859352058       -1.49695956963417
H           -3.75546375324284       -1.41939726923470        0.92428848802220
H           -4.11378363586789        0.25461093402016        0.49879752275704
H           -1.89280330703843        0.46573946767341       -0.59431552521357
H           -1.52102776645276       -1.21364414544215       -0.18677503402814
H           -1.73193825191022       -0.66932921093791        2.24435080262844
H           -2.09514684892623        1.02855242245132        1.81121918759352
H            2.10745090380007        1.59198042472070        2.10391426914700
H            1.24308809347824        3.39174358647202        0.32059709092013
H            2.90159801104312       -0.62924284463506        1.90514001869510
H            3.80824578271806       -2.45637551507549        0.52636136650396
H            3.76797383427843       -2.28686943703833       -1.93351187587090
H            2.82402521041217       -0.27626096618695       -3.01045146885616
H            1.92659317483070        1.55790541806057       -1.62647089864351
31
 energy: -46.055859714653 gnorm: 0.004424184406 xtb: 6.7.1 (edcfbbe)
C           -4.09760428219827       -1.09773875688767       -1.17334836752580
C           -3.56938724012559       -0.64369298922583        0.18107426836515
C           -2.07578285122975       -0.32834975759284        0.13662451753309
C           -1.57798552935526        0.11757748250602        1.50805903646911
O           -0.16825995345037        0.36833487222825        1.51741124083457
C            0.23516628507760        1.53438160936997        1.03911020798271
O           -0.48126822941730        2.40829502354668        0.61691847998271
C            1.75475048869066        1.69248813877832        1.06341616977489
O            2.08795363914069        2.96942137960638        0.59140734898678
C            2.34532048878271        0.57939927043426        0.22294012896810
C            2.87244375495890       -0.55296443257526        0.82613501263287
C            3.37725529218442       -1.58203468715551        0.05176132689627
C            3.35792367967082       -1.48726603975956       -1.32928439045820
C            2.83918507344631       -0.35459914833602       -1.93367856101931
C            2.33270061898985        0.67507685421316       -1.16124980659062
H           -5.16292857896515       -1.30531603533485       -1.11186349774545
H           -3.94140493153332       -0.32652824105410       -1.92352002511376
H           -3.59020746089036       -2.00223398183440       -1.50024499956968
H           -3.75014409375639       -1.42597136274934        0.92183686938659
H           -4.11251648273757        0.24826283129911        0.50043321683840
H           -1.88944826437180        0.46878826158516       -0.58574228762165
H           -1.51307916889556       -1.21018169053789       -0.17782617458063
H           -1.72824070589304       -0.66843414045799        2.25151079270397
H           -2.10030049178130        1.02880364646950        1.81917136315525
H            2.10116989920481        1.59015151511124        2.10194790402902
H            1.26091796276028        3.39490775102232        0.31463300484121
H            2.89055237784781       -0.62887423894102        1.90324018988567
H            3.79093833063043       -2.45859270274223        0.52784793619017
H            3.75048022863568       -2.29246710289799       -1.93269694221522
H            2.82662522297476       -0.27324102818236       -3.01032349885060
H            1.93517492160136        1.56259770009291       -1.63070753418732
31
 energy: -46.055925654260 gnorm: 0.004278198229 xtb: 6.7.1 (edcfbbe)
C           -4.08282381490491       -1.09890111518132       -1.17565209444935
C           -3.56055697586556       -0.64812372963037        0.18251248784823
C           -2.06802161649516       -0.32638269054423        0.14240801816237
C           -1.57569096148560        0.12049952620564        1.51570774783701
O           -0.16786199573212        0.37794538576089        1.53225596085542
C            0.23556041450844        1.53722545509582        1.03686808676175
O           -0.48129223738077        2.39777671341764        0.58334202953643
C            1.75370217522244        1.69665566928178        1.06595309960321
O            2.08872751763634        2.97356637655032        0.59811612286277
C            2.34139764140594        0.58205318712635        0.22445684529333
C            2.85948055820333       -0.55502156419515        0.82685106837433
C            3.35804105485286       -1.58642035193380        0.05167998235269
C            3.34196181046087       -1.48902467276298       -1.32937143114899
C            2.83311964352858       -0.35149921026082       -1.93264061484990
C            2.33216181765843        0.68038545502221       -1.15956067573282
H           -5.14745321261057       -1.31103246198882       -1.11860334647209
H           -3.92682826440360       -0.32371165603965       -1.92169445856027
H           -3.57024345117689       -1.99981647638930       -1.50423766340753
H           -3.73984438267826       -1.43399107441189        0.91967341885927
H           -4.10802512892393        0.24038151662729        0.50371080837802
H           -1.88385418886877        0.47293551217924       -0.57767675269891
H           -1.50090728368824       -1.20530630217937       -0.17170216022436
H           -1.72387627041971       -0.66655937808899        2.25783747300403
H           -2.10388097985171        1.02886608111302        1.82522418426226
H            2.09746049877074        1.59163119239898        2.10465644092267
H            1.26757936916711        3.38809471998269        0.28471347012122
H            2.87404972104522       -0.63247947698822        1.90382561574341
H            3.76376715798104       -2.46699237614985        0.52746878931691
H            3.72797484210779       -2.29656417892390       -1.93335022403084
H            2.82358800552458       -0.26774270124184       -3.00916327236346
H            1.94258853640806        1.57155262614710       -1.62861602617851
31
 energy: -46.055990541730 gnorm: 0.006672890000 xtb: 6.7.1 (edcfbbe)
C           -4.05508549020815       -1.10122893451984       -1.17999364718224
C           -3.54775874059324       -0.65621003430968        0.18640080295863
C           -2.05741998223815       -0.32289272186325        0.15570547078627
C           -1.57483600644404        0.12875714117113        1.53124134561786
O           -0.16993314663394        0.39598251232270        1.55466697238370
C            0.23482757014918        1.54081777638326        1.02679704025251
O           -0.47900169925943        2.38340920889999        0.53548152005553
C            1.75112651697238        1.70314600728774        1.06749151357048
O            2.09154839152011        2.97958993308544        0.60941810703284
C            2.33406673860226        0.58553581130171        0.22467632966772
C            2.83524673942750       -0.56015490230915        0.82657049872577
C            3.32638092090028       -1.59448187909694        0.05049516494198
C            3.31968130114888       -1.49130433362453       -1.33062509574994
C            2.82610357014727       -0.34682653783073       -1.93301621314800
C            2.33159467162626        0.68806942132178       -1.15935695704980
H           -5.11854529825881       -1.32285434334404       -1.13472393648353
H           -3.89788444260475       -0.31829648791661       -1.91789481594436
H           -3.53096057065183       -1.99499673337305       -1.51052039151508
H           -3.72585294409462       -1.44844984502596        0.91684071716166
H           -4.10415913095507        0.22594751614679        0.50942796162998
H           -1.87617203711528        0.47851894378444       -0.56214505222392
H           -1.48207355784442       -1.19706190918369       -0.15625145855229
H           -1.71937538338041       -0.65788280967479        2.27349939174834
H           -2.11234122114127        1.03303975603257        1.83627480234982
H            2.08823644089885        1.59128064767207        2.10726305226598
H            1.28082583521959        3.37833372129223        0.23959048826359
H            2.84020389088773       -0.64083420992238        1.90356694186666
H            3.71792493209195       -2.48208096598479        0.52614567579023
H            3.69907021428179       -2.30108601229501       -1.93512546136313
H            2.82225472443387       -0.25978884552106       -3.00952006109178
H            1.95230719311126        1.58400310909224       -1.62738777678710
31
 energy: -46.056043249674 gnorm: 0.003575636427 xtb: 6.7.1 (edcfbbe)
C           -4.04272123901711       -1.10263162376008       -1.18238239671448
C           -3.54696267902623       -0.65937087185961        0.18913172406172
C           -2.05777766049445       -0.32152653325813        0.16472151183671
C           -1.57877722998789        0.13654473356325        1.53932258492071
O           -0.17436020238397        0.40556135546905        1.56120009600769
C            0.23267451630823        1.54365457268938        1.02456532547199
O           -0.47691685769945        2.38362585879628        0.52574756786276
C            1.74951467062396        1.70346190236864        1.06433609395119
O            2.09277635128975        2.97744338700753        0.60753597303099
C            2.32941638682795        0.58324443279835        0.22173037804349
C            2.82507683747579       -0.56491577244344        0.82410303152068
C            3.31889889559836       -1.59807628153624        0.04804441622826
C            3.32038698002715       -1.49100644704175       -1.33304647261786
C            2.82753561734862       -0.34702669424645       -1.93608688726455
C            2.32936483324276        0.68651985145323       -1.16264174447079
H           -5.10565600460594       -1.32978664878735       -1.14716371571609
H           -3.88275238106957       -0.31610547247183       -1.91612257827534
H           -3.51080618423739       -1.99250909009127       -1.51156610703295
H           -3.72659252085581       -1.45368507446103        0.91682066817750
H           -4.10832672714180        0.22014801714113        0.51058412606600
H           -1.87640660645254        0.47820918062629       -0.55483412433549
H           -1.47885342550630       -1.19467295840569       -0.14340487753027
H           -1.72243003655949       -0.64647065713408        2.28508185648077
H           -2.11853767978218        1.04073723842656        1.83959970370115
H            2.08409342335691        1.58875991343938        2.10475404852047
H            1.28788205073109        3.37955300638248        0.23943352966009
H            2.82244734744480       -0.64719904083371        1.90126181919754
H            3.70626912192617       -2.48753725684652        0.52384516254355
H            3.70505135492306       -2.29827114557727       -1.93733940215167
H            2.82695160153126       -0.25926751755099       -3.01274472607197
H            1.94953744615996        1.58259563614250       -1.62949365512342
31
 energy: -46.056089042240 gnorm: 0.003128402033 xtb: 6.7.1 (edcfbbe)
C           -4.02368160006046       -1.10562093078085       -1.18588107068533
C           -3.54101671668679       -0.66494467828625        0.19093950609020
C           -2.05392258998477       -0.31864785554953        0.17648929450052
C           -1.58425008712371        0.14783001553505        1.55148639196332
O           -0.18003140941578        0.41964512242915        1.57887973945141
C            0.23004536962044        1.54652386751406        1.01983755751152
O           -0.47495852957247        2.37897414771959        0.50241500281298
C            1.74801947187034        1.70415222767669        1.06438026386796
O            2.09413633478346        2.97784889577214        0.60899460821542
C            2.32365688593128        0.58249911777484        0.21967869003956
C            2.80911324219973       -0.57050734611286        0.82117090357653
C            3.30167663581340       -1.60411667763605        0.04481762981708
C            3.31152934255730       -1.49313600448420       -1.33586835648930
C            2.82654590855228       -0.34516508652251       -1.93848319437344
C            2.32962516737625        0.68903426406707       -1.16454367656436
H           -5.08529549174844       -1.34037277548876       -1.16069858891882
H           -3.86343709993952       -0.31467928472530       -1.91485863996587
H           -3.48295060115613       -1.99018435770873       -1.51514724403135
H           -3.72129497758260       -1.46292142714384        0.91457611264793
H           -4.11005745631579        0.21008772707840        0.51168128162756
H           -1.87242817612961        0.47889133722787       -0.54573402897247
H           -1.46805573594376       -1.18988726100910       -0.12479703185874
H           -1.73006376400286       -0.63134113541265        2.30133546951989
H           -2.12784072940936        1.05222757387731        1.84476462263749
H            2.08317818220013        1.58839670129846        2.10390371707291
H            1.29581036293973        3.37486732807527        0.22425953880186
H            2.79979035102583       -0.65562884177511        1.89807716457818
H            3.68221532312141       -2.49672250342573        0.51975054577126
H            3.69854233592145       -2.29968634743781       -1.94048221839040
H            2.83104227116648       -0.25507503424307       -3.01497869807060
H            1.95435777998812        1.58765922169510       -1.63097236220450
31
 energy: -46.056143725984 gnorm: 0.002124079517 xtb: 6.7.1 (edcfbbe)
C           -3.99699282620572       -1.11147283002264       -1.19087695930025
C           -3.53231101236310       -0.67307456511068        0.19226312383029
C           -2.04848958175698       -0.31419061393050        0.19245214970552
C           -1.59485753790117        0.16713167508391        1.56749699513621
O           -0.18994350989375        0.44014320972621        1.60507015404203
C            0.22635411215180        1.55104773510423        1.01989526972170
O           -0.47111245254349        2.37392348776793        0.47940170557053
C            1.74627904424182        1.70377011468215        1.06478415705346
O            2.09623952286844        2.97727737855022        0.60879396983815
C            2.31424456639101        0.58005462012047        0.21654271760427
C            2.78622640917785       -0.57914665079317        0.81626563043983
C            3.27834609754286       -1.61257201967379        0.03941505529175
C            3.30042393407244       -1.49571570357088       -1.34039118923108
C            2.82571545609221       -0.34238734148387       -1.94186745383728
C            2.32986034586944        0.69180209319178       -1.16713240968719
H           -5.05618775978121       -1.35732761836032       -1.17790255870697
H           -3.83819357973701       -0.31522949005520       -1.91430577168772
H           -3.44408366843549       -1.98853582631341       -1.51981555651091
H           -3.71304065360052       -1.47559538226621        0.91096808498712
H           -4.11236353861433        0.19565757399064        0.51124828833969
H           -1.86579787547398        0.47837576204534       -0.53548358291095
H           -1.45183249386545       -1.18329503862236       -0.09539421056420
H           -1.74741376476542       -0.60468776653421        2.32465013601499
H           -2.14163038010645        1.07402536110260        1.84795841548785
H            2.08672547162562        1.58810914162010        2.10149767274850
H            1.30467477198791        3.36594564524820        0.20111395646094
H            2.76844016172673       -0.66897546549700        1.89255425782717
H            3.64919460673676       -2.50988927545331        0.51252981049241
H            3.68997222333252       -2.30164008875869       -1.94562656580426
H            2.83846101349281       -0.24826836835469       -3.01787125398152
H            1.96309289772929        1.59474024656586       -1.63324110839164
31
 energy: -46.056176421368 gnorm: 0.002271602071 xtb: 6.7.1 (edcfbbe)
C           -3.97395651797159       -1.11809700521136       -1.19497624037544
C           -3.52390698468117       -0.68013733382315        0.19287806265338
C           -2.04289445835725       -0.31047049766185        0.20584261699158
C           -1.60488855892476        0.18648301784425        1.58020048391955
O           -0.19912920568229        0.45871028445185        1.62854421159319
C            0.22373666578502        1.55564473445949        1.02317121962477
O           -0.46801869993664        2.36949793731023        0.46048601245387
C            1.74496864686628        1.70273790985521        1.06567882157263
O            2.09747122338637        2.97551785924991        0.60680940085969
C            2.30565918946712        0.57723893108376        0.21457493937785
C            2.76593104605319       -0.58777436052422        0.81200651619486
C            3.25733246619989       -1.62076480150141        0.03398840336822
C            3.29008557021052       -1.49777093275878       -1.34496668082745
C            2.82516597879875       -0.33919584316227       -1.94442930100086
C            2.33058083312871        0.69447841820828       -1.16844710711164
H           -5.03075631180902       -1.37393545258990       -1.19083579768942
H           -3.81747443756859       -0.31800398942069       -1.91458586424996
H           -3.41042982956214       -1.98869695695051       -1.52296546216961
H           -3.70463488116231       -1.48571666747912        0.90816565178433
H           -4.11292798418852        0.18352892579104        0.50933798131352
H           -1.85843403298518        0.47635980739948       -0.52808626713232
H           -1.43691445248543       -1.17807937972809       -0.06767508861392
H           -1.76601213281387       -0.57656080226041        2.34497844269398
H           -2.15297556678063        1.09748402152615        1.84525150693299
H            2.09169347961003        1.58821466464595        2.09976376619725
H            1.31087093998114        3.35643491012160        0.18237510155875
H            2.74100116391864       -0.68275092333742        1.88763088566895
H            3.62025746407181       -2.52226181824643        0.50516643909727
H            3.68043517630112       -2.30284296424252       -1.95106384790918
H            2.84591446300648       -0.24039412663160       -3.01983725985993
H            1.97224974811969        1.60112243358129       -1.63398861693843
31
 energy: -46.056195963728 gnorm: 0.003779238506 xtb: 6.7.1 (edcfbbe)
C           -3.96194453989832       -1.12420863493372       -1.19664792872541
C           -3.51958921675377       -0.68381043022621        0.19266267134897
C           -2.04017935273024       -0.30886977498045        0.21252833658219
C           -1.61239335656182        0.20115242750525        1.58497963546662
O           -0.20561268927968        0.46915637009694        1.63913330645350
C            0.22270095351240        1.55874705576055        1.02753311625749
O           -0.46590172158363        2.37044435885838        0.46148382456959
C            1.74446788997526        1.70084174244070        1.06586989448505
O            2.09856185263911        2.97272089610133        0.60340205438368
C            2.30068149434345        0.57439820684217        0.21359500525769
C            2.75480320729534       -0.59387843647933        0.80901546864461
C            3.24654603312531       -1.62592989174802        0.02982335119668
C            3.28548512359869       -1.49890947422532       -1.34846084029824
C            2.82625481346020       -0.33715417853267       -1.94589528179949
C            2.33194189863135        0.69556385582624       -1.16878473476054
H           -5.01694757236471       -1.38602597680767       -1.19581016749473
H           -3.80792885962248       -0.32343040161424       -1.91583344460618
H           -3.39241702502497       -1.99141708997553       -1.52252377515953
H           -3.70037127394607       -1.48952353976736        0.90757183648578
H           -4.11294240976721        0.17787541107321        0.50560449047311
H           -1.85330563394603        0.47215600024495       -0.52700464926104
H           -1.42937033819014       -1.17657804141603       -0.04896099623264
H           -1.78189274512764       -0.55320019965384        2.35659046827682
H           -2.15823960826878        1.11738810821409        1.83607418305957
H            2.09595224283515        1.58760141609929        2.09847258803169
H            1.31234317486472        3.35051136048270        0.17657316541030
H            2.72589238989883       -0.69272270170884        1.88408609328884
H            3.60555990511760       -2.52968338081148        0.49960519102018
H            3.67574503549360       -2.30317117863349       -1.95530847342853
H            2.85248356651649       -0.23468794701653       -3.02073112891149
H            1.97961676175327        1.60464406898372       -1.63365033003607
31
 energy: -46.056214790267 gnorm: 0.001514345159 xtb: 6.7.1 (edcfbbe)
C           -3.95148145035261       -1.12935774871836       -1.19756374497865
C           -3.51422741234823       -0.68703985629483        0.19309118131107
C           -2.03575911498224       -0.30821628144787        0.21713988772714
C           -1.61580234391678        0.21163291271539        1.58835289390186
O           -0.20906949308406        0.47771863542535        1.64869793796696
C            0.22321742807009        1.56115253671174        1.02818498534705
O           -0.46409140058463        2.36806325591535        0.45107782242144
C            1.74425966795030        1.70115391494180        1.06715214052098
O            2.10005153919266        2.97199486423101        0.60349475396586
C            2.29747933606544        0.57354423260624        0.21454450892146
C            2.74487599657025       -0.59863162139325        0.80794437406440
C            3.23417331501855       -1.63062840042363        0.02704773000865
C            3.27710841538732       -1.49992546159352       -1.35088960750374
C            2.82509972705062       -0.33435580628492       -1.94600852329726
C            2.33349505690312        0.69843256181080       -1.16735977471441
H           -5.00526352196350       -1.39622388592270       -1.19871550977248
H           -3.79957158246037       -0.32755765022667       -1.91615403538338
H           -3.37695484253087       -1.99372930950422       -1.52232749839800
H           -3.69471276668722       -1.49296072501915        0.90767720239511
H           -4.11056930374000        0.17323826928865        0.50367885762282
H           -1.84758731862318        0.46903898046087       -0.52572243871275
H           -1.42158701671102       -1.17555738650325       -0.03615910040923
H           -1.79128356653100       -0.53590285690465        2.36459128699409
H           -2.16115985726908        1.13109582297579        1.82772951139627
H            2.09606436436774        1.58788436320125        2.09972918678885
H            1.31571401395710        3.34555740541197        0.16758870431132
H            2.71268880256248       -0.70068393616654        1.88267019842201
H            3.58821608681215       -2.53727052259875        0.49570117852164
H            3.66385144823550       -2.30443288134630       -1.95886869328794
H            2.85507558224312       -0.22847190617144       -3.02040055674744
H            1.98775021139357        1.61043848082267       -1.63093192942518
31
 energy: -46.056236034750 gnorm: 0.001950767549 xtb: 6.7.1 (edcfbbe)
C           -3.94691651239600       -1.13662272542095       -1.19645831148628
C           -3.51074465667384       -0.68863634405170        0.19309993388976
C           -2.03221449941562       -0.31012002069525        0.21729822456936
C           -1.61701141460166        0.22117618340724        1.58560051283547
O           -0.21041023602204        0.48256418269919        1.64996728729803
C            0.22593836629813        1.56398925262560        1.02806673656062
O           -0.46132337749232        2.37046192191694        0.44881866862148
C            1.74558223311909        1.70194890714534        1.06882616482963
O            2.10382610156374        2.97102830726154        0.60384480507289
C            2.29746278640315        0.57305847102539        0.21705185965746
C            2.73920140917349       -0.60260878020860        0.80799918441491
C            3.22432868454497       -1.63477679336746        0.02464478739849
C            3.26861987500103       -1.50116189020483       -1.35308073306096
C            2.82419766070493       -0.33157800593097       -1.94529757865657
C            2.33672868483044        0.70158853768870       -1.16436683273808
H           -4.99985665820538       -1.40671528269543       -1.19645333047430
H           -3.79736869254268       -0.33641376256349       -1.91734386075443
H           -3.36955787538339       -2.00004058588495       -1.51840249561517
H           -3.69184726408723       -1.49166024226472        0.91057046299738
H           -4.10708686858721        0.17297482589139        0.49929381179072
H           -1.84180243719536        0.46153651422026       -0.53051686503294
H           -1.41764826346186       -1.17899019839775       -0.02721345027532
H           -1.79981500247332       -0.51730199592216        2.36780959365688
H           -2.15973431815855        1.14502299808834        1.81118355947288
H            2.09418962664853        1.58815004788817        2.10283030341446
H            1.31977336672772        3.34580094090641        0.17028482518232
H            2.70527445229298       -0.70718855842680        1.88242765133484
H            3.57448018889464       -2.54370670107176        0.49200010802222
H            3.65052908070983       -2.30612780859109       -1.96283684929985
H            2.85604810871503       -0.22241726128805       -3.01922760631973
H            1.99715745106395        1.61676586622031       -1.62542763732758
31
 energy: -46.056255607073 gnorm: 0.001668625209 xtb: 6.7.1 (edcfbbe)
C           -3.94482510656326       -1.14394570190496       -1.19506219954108
C           -3.50848224728760       -0.69000533101379        0.19268093763202
C           -2.02945791394792       -0.31300641173685        0.21568613916508
C           -1.61616732230877        0.22776158342386        1.58119872289554
O           -0.20970847168018        0.48575212534357        1.64706813550167
C            0.22937097123929        1.56751697105845        1.02651960032646
O           -0.45658807460961        2.37596580401196        0.44942007606487
C            1.74832686705067        1.70401192910504        1.07099132261058
O            2.10973762834589        2.97231138420549        0.60778360241938
C            2.29930479289851        0.57411073338403        0.21927817558373
C            2.73503711358009       -0.60458036047798        0.80875735541616
C            3.21482773190541       -1.63783895968808        0.02363587910251
C            3.25960851813650       -1.50245028898431       -1.35403199394827
C            2.82233749904923       -0.32939570539532       -1.94455294066828
C            2.34011009059746        0.70504167522364       -1.16191598663695
H           -4.99742755841969       -1.41587829913771       -1.19356184920098
H           -3.79694854291320       -0.34591180300230       -1.91876350523783
H           -3.36596417871628       -2.00747474730121       -1.51422649191019
H           -3.69081769191009       -1.48943844401532        0.91393255985262
H           -4.10401496242618        0.17379038833038        0.49483684430639
H           -1.83716724677154        0.45331220214342       -0.53726206682079
H           -1.41527193147863       -1.18422696390968       -0.02197193168149
H           -1.80379138876601       -0.50393417617504        2.36858812635729
H           -2.15734716659618        1.15453432541367        1.79724849679513
H            2.09292646338561        1.58809274585696        2.10624138677811
H            1.32584561628017        3.34983885890761        0.17386900434655
H            2.69980868612311       -0.71048310198143        1.88308608283185
H            3.55972890820915       -2.54952953570184        0.48978291952228
H            3.63657220116201       -2.30883709872534       -1.96524217353285
H            2.85473766138876       -0.21838482449064       -3.01830964512934
H            2.00569905503839        1.62328102723262       -1.62071165322156
31
 energy: -46.056282334817 gnorm: 0.001780900892 xtb: 6.7.1 (edcfbbe)
C           -3.94418958327543       -1.15460500267932       -1.19298517671494
C           -3.50715647002629       -0.69115493686867        0.19121356376638
C           -2.02717808218899       -0.31786167900842        0.21251399540432
C           -1.61502242585938        0.23580286588059        1.57353514934519
O           -0.20815682391832        0.48921307686716        1.63996270575980
C            0.23399498586788        1.57379021733676        1.02620180306265
O           -0.44917189913646        2.38737649058910        0.45287312591660
C            1.75348663870898        1.70651942670579        1.07404502363836
O            2.11952586530463        2.97420969019484        0.61323221202495
C            2.30224101842013        0.57563889303451        0.22142405234155
C            2.73068374570881       -0.60604880781788        0.80947056544888
C            3.20367701857534       -1.64103061704809        0.02265594342132
C            3.24896191235822       -1.50415634053929       -1.35479373172473
C            2.81959396942858       -0.32757379026168       -1.94389489875512
C            2.34400926982213        0.70859694511533       -1.15955541061693
H           -4.99652581464936       -1.42742400923414       -1.18899451862079
H           -3.79785515435159       -0.36129748425899       -1.92213143271382
H           -3.36498875917757       -2.01974346914749       -1.50698546298116
H           -3.69234549668530       -1.48426770819815        0.91897602076768
H           -4.10062201114393        0.17675177986903        0.48658924454033
H           -1.83113398414372        0.43998456769831       -0.54856296459563
H           -1.41474610277497       -1.19351156058877       -0.01533271173498
H           -1.80837239558808       -0.48725968641626        2.36822563632875
H           -2.15377033877229        1.16658871165221        1.77856615280475
H            2.09501936955917        1.58775587004870        2.10999185895693
H            1.33571549061106        3.36017151048425        0.18898349959225
H            2.69474688772073       -0.71274078539012        1.88364568348137
H            3.54219106004154       -2.55575770998715        0.48695301376372
H            3.62070437072452       -2.31243538076187       -1.96741786037028
H            2.85198608194462       -0.21547140032725       -3.01754889749615
H            2.01469765689040        1.62994032305590       -1.61586325406260
31
 energy: -46.056293988576 gnorm: 0.000641135937 xtb: 6.7.1 (edcfbbe)
C           -3.94304150539789       -1.15778517103652       -1.19269820356172
C           -3.50701437753659       -0.69104547416739        0.19049353190425
C           -2.02712885199159       -0.31735227346695        0.21251022983427
C           -1.61517024464332        0.23706978485005        1.57281830874166
O           -0.20795655356052        0.49121524854140        1.63912712078348
C            0.23429245596094        1.57660441216401        1.02698657474430
O           -0.44734551136293        2.39099654981040        0.45330632773164
C            1.75477253376507        1.70668281033932        1.07406534996473
O            2.12271542580032        2.97486038782451        0.61522341635209
C            2.30109348312828        0.57619946926838        0.22032015085234
C            2.72707137238290       -0.60615692357133        0.80879052168357
C            3.19964211593225       -1.64187276398813        0.02271335798521
C            3.24710566951068       -1.50467327053157       -1.35453677284394
C            2.81961608084231       -0.32746339769377       -1.94418707445614
C            2.34456108390759        0.70929003492191       -1.16057371896664
H           -4.99546922957605       -1.43025479225984       -1.18853634973736
H           -3.79592565882652       -0.36654063715723       -1.92394359595030
H           -3.36408899253605       -2.02412346233012       -1.50410121237207
H           -3.69243898981834       -1.48277155246104        0.91961329312917
H           -4.10094603382435        0.17712461672571        0.48362784042272
H           -1.83033738050702        0.43949329057840       -0.54905443540771
H           -1.41478352540880       -1.19315129199515       -0.01388741100349
H           -1.80710910914694       -0.48645978144337        2.36728076741235
H           -2.15433877826408        1.16763168114790        1.77913609481210
H            2.09819928097490        1.58610047909327        2.10897301871172
H            1.33830069162102        3.36451882576913        0.19356782403797
H            2.69005771590951       -0.71306376464051        1.88290431118964
H            3.53598869419915       -2.55725148135444        0.48706272427933
H            3.61863182322852       -2.31330701948712       -1.96646076097562
H            2.85401980860023       -0.21545115386526       -3.01780942334091
H            2.01702650663242        1.63093662041421       -1.61773887597800
31
 energy: -46.056306546736 gnorm: 0.001052173165 xtb: 6.7.1 (edcfbbe)
C           -3.93992643634144       -1.16418931225497       -1.19186325499393
C           -3.50613365169887       -0.69029036021223        0.18955820552486
C           -2.02619274936235       -0.31631080534308        0.21221234506433
C           -1.61506625890669        0.23930894687699        1.57194540643136
O           -0.20732409614559        0.49471905662204        1.63709197186345
C            0.23523514376502        1.58056142069651        1.02644591908367
O           -0.44420579742578        2.39840071123479        0.45551469246285
C            1.75680686876118        1.70763724385642        1.07434637001894
O            2.12758751290261        2.97666426584272        0.61901261480585
C            2.29978100637410        0.57777090250349        0.21851785913775
C            2.72009902212612       -0.60641726280611        0.80745085094234
C            3.19073648634153       -1.64388934472552        0.02251331937794
C            3.24236789526861       -1.50613247185247       -1.35448794065859
C            2.82007360128750       -0.32719012783379       -1.94478298553606
C            2.34645090077677        0.71098982593456       -1.16225169258396
H           -4.99267165070381       -1.43554123205094       -1.18797215644684
H           -3.79074907076442       -0.37751328939249       -1.92765023729954
H           -3.36159391291135       -2.03311857724135       -1.49745226732203
H           -3.69232999970517       -1.47871195167974        0.92209425783601
H           -4.10091750307163        0.17893831441603        0.47758546008616
H           -1.82855128354299        0.43894646729302       -0.55063913422558
H           -1.41409475524217       -1.19276631202601       -0.01203363067264
H           -1.80484720056563       -0.48427209701959        2.36689570365310
H           -2.15477986220229        1.16946506364438        1.77911357171844
H            2.10113588816216        1.58380647810577        2.10843616289111
H            1.34297797498200        3.37139313930061        0.20124030489078
H            2.68002278519771       -0.71385981438642        1.88140785992127
H            3.52280692266475       -2.56058506360150        0.48720657208377
H            3.61336017458580       -2.31557004867163       -1.96550028907613
H            2.85756591327265       -0.21558107607196       -3.01836486587846
H            2.02237613211679        1.63333731084125       -1.62059806312161
31
 energy: -46.056317618653 gnorm: 0.001351298039 xtb: 6.7.1 (edcfbbe)
C           -3.93615114075657       -1.17111229651725       -1.19097073048521
C           -3.50461371109667       -0.68931794627056        0.18845889428131
C           -2.02456324977422       -0.31546800126525        0.21177719205769
C           -1.61404631359557        0.24169251836161        1.57092301398526
O           -0.20624604304971        0.49853767347128        1.63619978983342
C            0.23617270637102        1.58556564682254        1.02814165144445
O           -0.44198165115390        2.40517039401404        0.45838273857931
C            1.75841879355205        1.70927389213942        1.07428891841383
O            2.13152521174891        2.97828240070940        0.62071605020304
C            2.29874886494868        0.57907630884677        0.21736411417839
C            2.71295680461063       -0.60733581601272        0.80635780599558
C            3.18122696827951       -1.64632505856031        0.02209952695378
C            3.23671514825414       -1.50780553736507       -1.35470940417418
C            2.82001532632095       -0.32694927172274       -1.94515683570062
C            2.34857539617835        0.71275294257526       -1.16320997155552
H           -4.98935020029013       -1.44080918776766       -1.18772518000811
H           -3.78410027885351       -0.38928886564271       -1.93136654510376
H           -3.35846606051964       -2.04286846621954       -1.48978848774055
H           -3.69212161453897       -1.47365950302415        0.92508190375322
H           -4.09984398031630        0.18154874380894        0.47063494852015
H           -1.82613939818319        0.43876298421201       -0.55191526099483
H           -1.41258302014524       -1.19245320578980       -0.01093720770954
H           -1.80271975657820       -0.48166957911598        2.36632979955852
H           -2.15456562031283        1.17134394227261        1.77780649697290
H            2.10259639218209        1.58334316075863        2.10812750738052
H            1.34678354326650        3.37663460387579        0.20690466657685
H            2.66987660409887       -0.71522056514741        1.88015704945744
H            3.50810245886673       -2.56476943654425        0.48705440297535
H            3.60601821461145       -2.31830935172216       -1.96538571556357
H            2.86055182656797       -0.21516157831399       -3.01862285938055
H            2.02920777930193        1.63653845513193       -1.62202534272604
31
 energy: -46.056333524162 gnorm: 0.001231888908 xtb: 6.7.1 (edcfbbe)
C           -3.93037627875061       -1.17988909961819       -1.18964788405440
C           -3.50203398933016       -0.68761123457377        0.18713979494722
C           -2.02185877348525       -0.31440980500971        0.21127138441386
C           -1.61246597287240        0.24475246799515        1.56997188619838
O           -0.20477621426894        0.50217853739045        1.63495165463991
C            0.23751056160309        1.59011651343721        1.02888580513552
O           -0.44038462728923        2.41251500937259        0.46279642876514
C            1.76004646760709        1.71174332204617        1.07407716396727
O            2.13524745742777        2.98012919705086        0.62104580952049
C            2.29778208012662        0.58054375640890        0.21677258019094
C            2.70386242707352       -0.60896426031042        0.80547726692235
C            3.16846651395198       -1.64965782149074        0.02147593124366
C            3.22834308948834       -1.50992718336445       -1.35509036181448
C            2.81980054600655       -0.32612112663710       -1.94520512976072
C            2.35202568650131        0.71550322101104       -1.16343029669244
H           -4.98423526053334       -1.44698313220940       -1.18747186059869
H           -3.77404951539414       -0.40457705222150       -1.93602769031365
H           -3.35380839833594       -2.05550866007824       -1.47925768497035
H           -3.69180982180194       -1.46617900631599        0.92934908967593
H           -4.09743557670968        0.18578903393166        0.46117466543906
H           -1.82222918165751        0.43862806179860       -0.55334779351428
H           -1.41010111851116       -1.19202376965440       -0.00972510844196
H           -1.80083633323878       -0.47787854807393        2.36611939529090
H           -2.15361774922057        1.17425925673477        1.77534847920472
H            2.10374829092910        1.58410525995129        2.10800433228484
H            1.35028291837809        3.38139434416291        0.21119084139658
H            2.65711738379464       -0.71752667598048        1.87905771395825
H            3.48869255263023       -2.57045002745053        0.48649586150470
H            3.59460069091015       -2.32185881924602       -1.96580059163219
H            2.86360484280181       -0.21357175760959       -3.01847209428344
H            2.03888730216454        1.64147999855136       -1.62213665864466
31
 energy: -46.056360468664 gnorm: 0.000921563865 xtb: 6.7.1 (edcfbbe)
C           -3.91967982837752       -1.19451296764371       -1.18744526903435
C           -3.49700092364776       -0.68424457857091        0.18472538100638
C           -2.01656095814837       -0.31263313198522        0.21051942008949
C           -1.60943062525141        0.25000383395597        1.56872498781924
O           -0.20220589329821        0.50742879881796        1.63432935290421
C            0.24007753393049        1.59706905832790        1.03139263869950
O           -0.43838477665176        2.42244490472037        0.47025094629124
C            1.76264110380303        1.71619954108664        1.07370212065087
O            2.13974296502260        2.98284362760350        0.61866034435719
C            2.29627726245552        0.58248574322767        0.21675172676645
C            2.68855202992192       -0.61223883309195        0.80458622322535
C            3.14599009601284       -1.65567585298793        0.02015063525561
C            3.21277402123775       -1.51358225868444       -1.35596366733918
C            2.81908167523942       -0.32427415676418       -1.94499029861158
C            2.35808987344030        0.72022950571470       -1.16277944036554
H           -4.97465485377221       -1.45709189612494       -1.18748432011376
H           -3.75572949983707       -0.43063108320316       -1.94405679527955
H           -3.34514799465481       -2.07668241511996       -1.46107185773301
H           -3.69111918602458       -1.45262688268214        0.93653842452474
H           -4.09249806747773        0.19361664606630        0.44445545685962
H           -1.81453482949357        0.43809233999507       -0.55593515228796
H           -1.40515534409252       -1.19150197512284       -0.00679906129627
H           -1.79920855175294       -0.47050200921123        2.36650260390591
H           -2.15106657072901        1.17992299408470        1.77032434436313
H            2.10631585118773        1.58822525207550        2.10785369815360
H            1.35368270008172        3.38730400055793        0.21489145088629
H            2.63557030122237       -0.72244175983397        1.87773089483839
H            3.45529039557307       -2.58053397840595        0.48469946182570
H            3.57325537756144       -2.32784849012391       -1.96714597404845
H            2.86850348812448       -0.20948330553663       -3.01779344618868
H            2.05653322839000        1.65063932885714       -1.62033190014624
31
 energy: -46.056394659681 gnorm: 0.001102116183 xtb: 6.7.1 (edcfbbe)
C           -3.90246253724421       -1.21674025634610       -1.18424871241387
C           -3.48894187898551       -0.67936700854972        0.18064348658232
C           -2.00807658295953       -0.31037798471745        0.21040608820663
C           -1.60520316993818        0.25911542949341        1.56731866370443
O           -0.19847783623720        0.51525678603870        1.63480429087977
C            0.24441941533043        1.60675352546263        1.03527249762591
O           -0.43506713803643        2.43604201485708        0.48095513102037
C            1.76692002677299        1.72296043689358        1.07322849223772
O            2.14558613133034        2.98706803652261        0.61365489996048
C            2.29389400495198        0.58524419033194        0.21704042493228
C            2.66395535669698       -0.61758765627994        0.80330429048103
C            3.11082590562329       -1.66480400188407        0.01782986380838
C            3.18864975059933       -1.51875898413764       -1.35740367895936
C            2.81799934821007       -0.32104407660354       -1.94455255892993
C            2.36806322792554        0.72767308575746       -1.16136004178816
H           -4.95905384347524       -1.47272545809185       -1.18822298296163
H           -3.72670076887705       -0.47031805556221       -1.95585808913208
H           -3.33082930181751       -2.10835869706327       -1.43332345547859
H           -3.69040009386534       -1.43215685599788        0.94648513621600
H           -4.08447550786773        0.20501080579860        0.41827347120587
H           -1.80136547043942        0.43603376587991       -0.55913038695465
H           -1.39722624008122       -1.19142513798636        0.00001045893924
H           -1.79852559955968       -0.45751991868981        2.36776172072099
H           -2.14706899140033        1.19032238090491        1.76220423990990
H            2.11231946681453        1.59598780669589        2.10721585745453
H            1.35724875824463        3.39531175458626        0.21857904930448
H            2.60182564866372       -0.73067689574391        1.87567712138575
H            3.40230696070100       -2.59638939349519        0.48101381107019
H            3.53915759153537       -2.33689573476114       -1.96942430033647
H            2.87625510314213       -0.20256865494615       -3.01653664549185
H            2.08444826423754        1.66493475163111       -1.61662521322155
31
 energy: -46.056423554700 gnorm: 0.001387505945 xtb: 6.7.1 (edcfbbe)
C           -3.88302151794434       -1.23958656481889       -1.18074573786514
C           -3.47993383580871       -0.67489306584320        0.17634913633307
C           -1.99867660686879       -0.30836582435856        0.21108264916017
C           -1.60175619357955        0.26951178801393        1.56648740928737
O           -0.19540402363256        0.52420586705794        1.63709236700944
C            0.24887787844550        1.61680509603951        1.04006285175150
O           -0.43096340386899        2.44896686968268        0.49049264529327
C            1.77146574240913        1.72972246719950        1.07282519137679
O            2.15126016866427        2.99136421006308        0.60803766410680
C            2.29115941602498        0.58804392279215        0.21718824872956
C            2.63709717039001       -0.62298367859741        0.80156849487469
C            3.07172883563670       -1.67444641415051        0.01480565544530
C            3.16202221972442       -1.52420235660814       -1.35927484214504
C            2.81719445447165       -0.31754668114932       -1.94418540627186
C            2.37889416836317        0.73525782022866       -1.15987389430194
H           -4.94091934260863       -1.48975496972597       -1.18958331390503
H           -3.69545773223270       -0.51124346628615       -1.96679113188374
H           -3.31410711183554       -2.13962686615307       -1.40475777734936
H           -3.68954930465243       -1.41156819851751        0.95569613626008
H           -4.07564497189330        0.21538408915256        0.39089243148738
H           -1.78616038110336        0.43207181762859       -0.56283649971034
H           -1.38827366836373       -1.19205683422776        0.01036602188317
H           -1.79976613183477       -0.44160379408292        2.37081957353015
H           -2.14342413312236        1.20265616891751        1.75253778581190
H            2.12003715014806        1.60452640546294        2.10612659263012
H            1.36050505147794        3.40286122700055        0.22114715495973
H            2.56407170650791       -0.73974570424303        1.87291270467636
H            3.34463520896036       -2.61263493491733        0.47617197103587
H            3.50324362568513       -2.34568476037966       -1.97204754518408
H            2.88575555875801       -0.19514778533502       -3.01515569821692
H            2.11511000367791        1.67971415015231       -1.61241790883135
31
 energy: -46.056448884367 gnorm: 0.001317463184 xtb: 6.7.1 (edcfbbe)
C           -3.86408627577667       -1.25986551106699       -1.17771941297820
C           -3.47130194683551       -0.67215093846011        0.17234436850387
C           -1.98976536932284       -0.30767222379074        0.21360705422571
C           -1.59972475237059        0.28090622526230        1.56651685399917
O           -0.19347158398936        0.53405083169106        1.64110202426258
C            0.25290888678775        1.62598097690172        1.04412266985879
O           -0.42634564091510        2.46013976879603        0.49680330994511
C            1.77567977920348        1.73545299862118        1.07265778943092
O            2.15642668444483        2.99520038846310        0.60361207654640
C            2.28776024466220        0.59028365813847        0.21696876024631
C            2.61022317686052       -0.62814468812492        0.79923838823016
C            3.03512978900401       -1.68265792661373        0.01132510216243
C            3.13839083819829       -1.52833400290207       -1.36141073064651
C            2.81719210687147       -0.31421503300254       -1.94400120788248
C            2.38931465279920        0.74197019379793       -1.15864233347071
H           -4.92280591443889       -1.50625248566654       -1.19202460056096
H           -3.66630248125115       -0.54702115914399       -1.97496782128555
H           -3.29668839363030       -2.16576192982197       -1.37969917728992
H           -3.68861754889917       -1.39474388193695        0.96239762119973
H           -4.06715013847239        0.22246902394079        0.36646603806461
H           -1.77104344796095        0.42600486561060       -0.56503020782292
H           -1.37942666193384       -1.19391320416937        0.02390524840239
H           -1.80292979670371       -0.42381623880982        2.37516525084024
H           -2.14119885235494        1.21619108586997        1.74252723588463
H            2.12773511731323        1.61164367412343        2.10498516261859
H            1.36412296244215        3.40883990172487        0.22204548892930
H            2.52711233454724       -0.74818118964349        1.86943994837011
H            3.28894597967512       -2.62729991712357        0.47063924397411
H            3.46980226565711       -2.35322936351394       -1.97503248852184
H            2.89591286296122       -0.18848135132707       -3.01386099594058
H            2.14420112342306        1.69260745217341       -1.60848772931781
31
 energy: -46.056478089439 gnorm: 0.001214116475 xtb: 6.7.1 (edcfbbe)
C           -3.84056185914292       -1.28198032552011       -1.17444185193059
C           -3.46123108867486       -0.67025635714008        0.16863420155815
C           -1.97936884507014       -0.30788491799336        0.21830366007372
C           -1.59924090092523        0.29531150761115        1.56765114803726
O           -0.19300858187140        0.54732192575213        1.64776469473958
C            0.25659363129324        1.63671207848559        1.04843277152251
O           -0.42055842573538        2.47173849210394        0.49986020531216
C            1.77991751618005        1.74127432537424        1.07256770222929
O            2.16280669816387        2.99922903829583        0.60042916889812
C            2.28347143883548        0.59295829546821        0.21603484495593
C            2.57826072284942       -0.63380240787427        0.79556371267428
C            2.99095851266941       -1.69231860560077        0.00639014853294
C            3.11016394498380       -1.53332629728348       -1.36454776597464
C            2.81783641944090       -0.31030968898565       -1.94414665970751
C            2.40161077954438        0.74962992965004       -1.15763118365961
H           -4.89990328594964       -1.52533130686470       -1.19582578960123
H           -3.63167387186151       -0.58542666296241       -1.98297376611632
H           -3.27421777284784       -2.19338606809845       -1.35257067535474
H           -3.68814837216490       -1.37784134968289        0.96936993796975
H           -4.05701505856186        0.22886061508746        0.34010241783246
H           -1.75214625087663        0.41597302073619       -0.56723867553550
H           -1.36906077940187       -1.19750426056460        0.04450421445784
H           -1.80886873817186       -0.40017631857221        2.38272328688694
H           -2.14046919579654        1.23336734948106        1.72960679255610
H            2.13615656381071        1.61778227088017        2.10337220945141
H            1.37007133956038        3.41478678338602        0.22147370878290
H            2.48184778326204       -0.75794319170332        1.86423252319883
H            3.22410932060587       -2.64319440543896        0.46319746721300
H            3.43346435861990       -2.36064800706252       -1.97885556208016
H            2.90988816381710       -0.18059875197030       -3.01253100357226
H            2.17831583341163        1.70698329100258       -1.60445895337317
31
 energy: -46.056518488138 gnorm: 0.001226770787 xtb: 6.7.1 (edcfbbe)
C           -3.81015286973406       -1.30807211961525       -1.17073277758675
C           -3.44824046719337       -0.66992535639916        0.16452332670902
C           -1.96623049778880       -0.30988667121870        0.22759604000441
C           -1.60059356378372        0.31584559149665        1.57079198233891
O           -0.19439407327850        0.56706252086307        1.65910326769241
C            0.26043036342809        1.65007821666619        1.05227418047518
O           -0.41246097789477        2.48444726709775        0.49745989808637
C            1.78450996980687        1.74747837030877        1.07300224300818
O            2.17158578753127        3.00360480539915        0.59934033787254
C            2.27627706734250        0.59552979417875        0.21423701933710
C            2.53623544006106       -0.64105474787495        0.78956469842639
C            2.93665520225385       -1.70297312823004       -0.00110158489022
C            3.07799441149818       -1.53762837946626       -1.36931601927547
C            2.82027980890133       -0.30500343559210       -1.94453579620225
C            2.41667864021836        0.75857231746614       -1.15660258061776
H           -4.86965259202167       -1.54988743257200       -1.20262762845344
H           -3.58812619779708       -0.62897504093397       -1.98996694735671
H           -3.24343419078199       -2.22366261665622       -1.32195534420031
H           -3.68772859296472       -1.36069165851274        0.97583427938770
H           -4.04420823445121        0.23340209031872        0.30954338008754
H           -1.72717217731932        0.39939768218196       -0.56788536597398
H           -1.35576930239490       -1.20388144506512        0.07711246302166
H           -1.81919200497759       -0.36560465886901        2.39546258839536
H           -2.14187354148104        1.25748907779964        1.71160716260523
H            2.14487234355838        1.62257685076177        2.10196134969455
H            1.38065472542776        3.42016341933718        0.21748038862085
H            2.42236924038568       -0.77019544312648        1.85595804587333
H            3.14072795841105       -2.66260055104507        0.45215834960245
H            3.38923954104032       -2.36867315505201       -1.98496917660485
H            2.92936047469289       -0.17078653511058       -3.01074230359205
H            2.22135830930092        1.72385437145983       -1.59958254650826
31
 energy: -46.056570023760 gnorm: 0.002213924614 xtb: 6.7.1 (edcfbbe)
C           -3.76595919315430       -1.34283704253924       -1.16577783618191
C           -3.43025860052802       -0.67116158848571        0.16024908592849
C           -1.94835868074954       -0.31436190485731        0.24359878879770
C           -1.60476913866739        0.34687412688468        1.57601055608089
O           -0.19894414270140        0.59800540003468        1.67715251597908
C            0.26454985946123        1.66890833175767        1.05540817146137
O           -0.40060421305720        2.49977448970312        0.48585354012835
C            1.78969625612893        1.75482021246186        1.07449730391529
O            2.18551558636474        3.00857508317161        0.60210200847307
C            2.26568534920534        0.59885316281126        0.21156837592694
C            2.47598554499364       -0.65144722436056        0.77970371802636
C            2.85893441869250       -1.71796806332455       -0.01348541351325
C            3.03217314448808       -1.54370886893952       -1.37723004688939
C            2.82432732199049       -0.29745627333707       -1.94509221402043
C            2.43833412960739        0.77105739193153       -1.15461039757963
H           -4.82526821150151       -1.58352354755979       -1.21311532686894
H           -3.52548349633169       -0.68589362948281       -1.99830211106442
H           -3.19805090653426       -2.26353096862285       -1.28101946107373
H           -3.68854450096508       -1.33991959645463        0.98453531333404
H           -4.02599183052184        0.23774886005346        0.26936099144699
H           -1.69090632255511        0.37246354444090       -0.56627650451181
H           -1.33794258126398       -1.21433719524142        0.12895310429531
H           -1.83662485693044       -0.31265261242790        2.41509425846658
H           -2.14657487242993        1.29301419393896        1.68414415491829
H            2.15358523497732        1.62521297536579        2.10119126997927
H            1.40026682333452        3.42523487317415        0.20826927977744
H            2.33743564400869       -0.78708886837321        1.84246614088326
H            3.02664830904048       -2.68692513641698        0.43411675680650
H            3.33138740742263       -2.37745325422966       -1.99477772381558
H            2.95937727333631       -0.15615552755626       -3.00776753508191
H            2.28037924483544        1.74587865647485       -1.59182783404752
31
 energy: -46.056616291702 gnorm: 0.002578303709 xtb: 6.7.1 (edcfbbe)
C           -3.73265505872537       -1.36521156983942       -1.16184510381110
C           -3.41680362556425       -0.67539035260318        0.15870054740974
C           -1.93597273174009       -0.31884699463582        0.25906396505793
C           -1.61159765802596        0.37290616834618        1.58104404514430
O           -0.20642262661070        0.62472540830206        1.69392394937960
C            0.26602857229500        1.68183929679525        1.05489362981420
O           -0.39071909473885        2.50638054709626        0.46607097705688
C            1.79185553079978        1.75761916593278        1.07701543926151
O            2.19746151563382        3.00984235348681        0.60914100081807
C            2.25628646498511        0.59975470226564        0.20967874251518
C            2.43206716484934       -0.65833175533853        0.77058371486977
C            2.80439702934322       -1.72639289962237       -0.02517584651688
C            3.00241315548023       -1.54552430113809       -1.38460568481967
C            2.82892576295448       -0.29173812226389       -1.94513398579836
C            2.45306439474212        0.77829762649115       -1.15204800111615
H           -4.79050965428863       -1.60908654756555       -1.22159126934751
H           -3.48141020144301       -0.71936560879869       -1.99828487654286
H           -3.16189310644049       -2.28494497448126       -1.25692216405168
H           -3.68895314145555       -1.33166322827624        0.98744807135752
H           -4.01247467928895        0.23481330331005        0.24553967105001
H           -1.66342115526571        0.34834702079206       -0.56248537706399
H           -1.32550720755105       -1.22247714656232        0.17532979433059
H           -1.85513435529940       -0.26669100939072        2.43247093379620
H           -2.15365806454469        1.32210912951986        1.66000034219412
H            2.15608021918010        1.62195371324076        2.10232947460667
H            1.42063273286379        3.42431588148798        0.19579521024331
H            2.27286899179792       -0.79921233333804        1.82986828758682
H            2.94424043799275       -2.70177037173187        0.41690838138242
H            3.29428129630703       -2.37991825451778       -2.00430111836341
H            2.98396545035178       -0.14528991490138       -3.00435268309130
H            2.32256364140241        1.75895106793270       -1.58406713737555
31
 energy: -46.056643648357 gnorm: 0.003621567936 xtb: 6.7.1 (edcfbbe)
C           -3.69357752537200       -1.39382046518787       -1.15695457968139
C           -3.40169507425182       -0.67759372490430        0.15678238575847
C           -1.92197549759160       -0.32239075459264        0.27605365597071
C           -1.61779381748468        0.40163545795057        1.58564965935258
O           -0.21379114431664        0.65488133042695        1.71070924851244
C            0.26817880600044        1.69705968645561        1.05374530074018
O           -0.37977027118478        2.51407156535229        0.44480517948238
C            1.79451604144848        1.76175584615636        1.08004643563168
O            2.21175212567658        3.01201210093207        0.61754850659948
C            2.24568828849691        0.60144568815270        0.20791630450490
C            2.38048435731200       -0.66658711917998        0.76034161184296
C            2.74080492499944       -1.73648355516456       -0.03842224790069
C            2.96747603483020       -1.54772732368078       -1.39278714232425
C            2.83473112708993       -0.28425303642031       -1.94473068057833
C            2.47060622340374        0.78780629881645       -1.14864601658107
H           -4.75058898576219       -1.63832979018215       -1.23079693594699
H           -3.42657794628669       -0.76437664479506       -2.00307195574152
H           -3.12085902471241       -2.31698980013227       -1.22293586350320
H           -3.69024670227613       -1.31699892060275        0.99443652888898
H           -3.99724539817809        0.23647242448733        0.21405404645025
H           -1.63255236391198        0.32308920349994       -0.55737363935135
H           -1.31230389191849       -1.22937172620330        0.22590922948839
H           -1.87387571299763       -0.21649051745486        2.44934285877420
H           -2.16004955213610        1.35298491965390        1.63344879340079
H            2.15807038627420        1.61889506672432        2.10421140214728
H            1.44479053988771        3.42440781766349        0.18267047079935
H            2.19859006473836       -0.81308568633138        1.81548534836933
H            2.84561146928546       -2.72108070049234        0.39716178048226
H            3.24759543870629       -2.38474390880025       -2.01520107504790
H            3.01090985977665       -0.13236194803976       -2.99984236511570
H            2.37309722045123        1.77616821588621       -1.57456331544819
31
 energy: -46.056667323288 gnorm: 0.003010358995 xtb: 6.7.1 (edcfbbe)
C           -3.68216351742749       -1.39899366920487       -1.15497397341532
C           -3.39821547394602       -0.68074204883436        0.15860764885532
C           -1.92017576534503       -0.32367264368159        0.28536390802647
C           -1.62323494708849        0.41291226565920        1.58687654935630
O           -0.22048384483350        0.66836146756534        1.71718685305934
C            0.26698197623321        1.70000473465199        1.04824765998098
O           -0.37546142260327        2.50878405329474        0.42352565620390
C            1.79298343896898        1.75983825728304        1.08327306733571
O            2.21855508925445        3.00990791235781        0.62840698496958
C            2.24127126699678        0.60049873021873        0.20809179698709
C            2.36526670442216       -0.66882533691647        0.75508800315528
C            2.72561944579304       -1.73678353102892       -0.04565403255445
C            2.96203145599897       -1.54557685191619       -1.39692783396372
C            2.83911104317452       -0.28129427025692       -1.94362518834003
C            2.47528896679459        0.78925819134798       -1.14554554106717
H           -4.73780935399581       -1.64673948059805       -1.23351142213750
H           -3.41202687930277       -0.76934158848824       -2.00016660342352
H           -3.10707791423540       -2.32072702072646       -1.21698528201134
H           -3.69098043770552       -1.31910292150995        0.99484921296685
H           -3.99405009682696        0.23240600874015        0.21086406399613
H           -1.62508975458694        0.31297606229749       -0.55036588348352
H           -1.31140708655653       -1.22906509712849        0.24793680006938
H           -1.88422487291626       -0.19596680523574        2.45357597250841
H           -2.16532430474416        1.36259397489115        1.62225464989408
H            2.15135714855969        1.61069641106969        2.10810007447330
H            1.46131290511736        3.41853506773274        0.17244164357399
H            2.17779716436778       -0.81588364069814        1.80776632400265
H            2.82289401880389       -2.72164900958771        0.38598255395385
H            3.24085061091433       -2.38191672975191       -2.02108235864942
H            3.02147302022426       -0.12796660477941       -2.99629400845903
H            2.38493141648656        1.77747411322679       -1.56831436588761
31
 energy: -46.056685749518 gnorm: 0.002513385077 xtb: 6.7.1 (edcfbbe)
C           -3.66276163924861       -1.41373679077348       -1.15126414474312
C           -3.38913381102751       -0.68364545179962        0.15788715486360
C           -1.91194425314032       -0.32635628224247        0.29402388104307
C           -1.62696100302140        0.42929726658274        1.58851705212204
O           -0.22501573194427        0.68535001110041        1.72601499151602
C            0.26812495255305        1.70768743681943        1.04648427228242
O           -0.36968329151151        2.51077683608252        0.40969099936549
C            1.79408879607088        1.76191659056768        1.08516464777730
O            2.22607678137553        3.01070778835983        0.63335298122402
C            2.23654023471850        0.60147770878588        0.20780253746330
C            2.33754013659263       -0.67381450854200        0.74973614365085
C            2.69024211483691       -1.74307049504632       -0.05317554549940
C            2.94207091402522       -1.54720372310056       -1.40153755577869
C            2.84244783843997       -0.27687437560404       -1.94313983390359
C            2.48609674932417        0.79509796360806       -1.14291902730925
H           -4.71736890370761       -1.66327080739855       -1.23654922249560
H           -3.38715172867215       -0.78998123484573       -1.99796068956463
H           -3.08611826177179       -2.33414178846621       -1.20283835684253
H           -3.68951122725530       -1.31409783755786        0.99753977286272
H           -3.98552898839458        0.23002359107470        0.19652725285509
H           -1.60814108951887        0.29821782443335       -0.54862419593019
H           -1.30371616899304       -1.23381410336548        0.27557421814087
H           -1.89536892649700       -0.16695957536256        2.46263285521364
H           -2.16920123061329        1.38049927631481        1.60515143175885
H            2.15063666705595        1.60925310135218        2.10988901764381
H            1.47564368908171        3.41741594991502        0.16492666813135
H            2.13712056451033       -0.82450964041937        1.80016721834817
H            2.77132397197892       -2.73157924764676        0.37444900622351
H            3.21703634433411       -2.38351531547686       -2.02717348544669
H            3.03896830229977       -0.11882126952952       -2.99354471473353
H            2.41364819811612        1.78767110217378       -1.56181240026309
31
 energy: -46.056693049877 gnorm: 0.001243367323 xtb: 6.7.1 (edcfbbe)
C           -3.65900147547370       -1.41722848627307       -1.14973474511953
C           -3.38730676377379       -0.68401747847005        0.15805767702496
C           -1.91013033737153       -0.32707529846940        0.29520737209431
C           -1.62824290443455        0.43352124930377        1.58767212740990
O           -0.22664729318081        0.68940376439309        1.72740700658262
C            0.26845702202812        1.70884868799702        1.04553819292314
O           -0.36823337092793        2.50967914816950        0.40559272541837
C            1.79418641559882        1.76187663848938        1.08607344447192
O            2.22804764263331        3.01007997144464        0.63495366690734
C            2.23591560519496        0.60133924584866        0.20834905206898
C            2.33274134217074       -0.67464235976512        0.74847020880408
C            2.68343885614717       -1.74391115993868       -0.05549255498102
C            2.93861323258055       -1.54667898667179       -1.40292482873149
C            2.84337212642672       -0.27555341295707       -1.94265441204232
C            2.48865486196073        0.79622705985300       -1.14143449469397
H           -4.71350205684458       -1.66651164167916       -1.23579517327965
H           -3.38217869124671       -0.79539051045469       -1.99775030883224
H           -3.08235622503498       -2.33805258233813       -1.19831834208838
H           -3.68926107350464       -1.31209049765164        0.99926619687702
H           -3.98365009239154        0.22999978651022        0.19336544216285
H           -1.60381966778763        0.29410395458667       -0.54947422127619
H           -1.30244930132520       -1.23528810176432        0.28206211690238
H           -1.89912576405711       -0.15903473573073        2.46378495412757
H           -2.17012223063187        1.38518840052194        1.59876172732007
H            2.14940324493254        1.60873123743749        2.11113906921364
H            1.48041591995782        3.41661457092522        0.16438070783618
H            2.12766988046815       -0.82714969739074        1.79821805938428
H            2.75934664294706       -2.73406432729337        0.37055364066935
H            3.21258393217573       -2.38263304423838       -2.02927763413855
H            3.04301824391745       -0.11605463291379       -2.99227897434660
H            2.42016227884326        1.78976323851244       -1.55872476869322
31
 energy: -46.056700573075 gnorm: 0.001455513531 xtb: 6.7.1 (edcfbbe)
C           -3.65315626868751       -1.42407375950537       -1.14636271833006
C           -3.38448775034502       -0.68568652211394        0.15884332362280
C           -1.90768131739162       -0.32832589378328        0.29809268567794
C           -1.63131896799217        0.44233753260940        1.58556963395588
O           -0.23062980217988        0.69829727081950        1.73034016445950
C            0.26916618182581        1.71099670541019        1.04243635443736
O           -0.36450348239149        2.50681380601327        0.39376425749210
C            1.79431061759995        1.76126174732049        1.08868733531200
O            2.23342332170675        3.00838734143337        0.64019171020100
C            2.23466704105307        0.60049278388012        0.21007155360531
C            2.32104953424892       -0.67789038282681        0.74570881437959
C            2.66930262076595       -1.74593444819572       -0.06079304413455
C            2.93287510817913       -1.54503969976293       -1.40615053891104
C            2.84818138915676       -0.27150162892619       -1.94133978403054
C            2.49536673512184        0.79886999338790       -1.13770663531740
H           -4.70732075452239       -1.67390083034411       -1.23365304243334
H           -3.37493283201520       -0.80536682762254       -1.99642823601889
H           -3.07594525242786       -2.34490232641991       -1.19007137006234
H           -3.68812836192654       -1.30993929868863        1.00209313634621
H           -3.98072412786428        0.22827122685379        0.18921773204112
H           -1.59755620404939        0.28616056370784       -0.54998125297991
H           -1.30060600997383       -1.23666103751856        0.29450310683614
H           -1.90748701816834       -0.14242306098925        2.46517115208356
H           -2.17228346415798        1.39425149920125        1.58524286098691
H            2.14513855664769        1.60624834612641        2.11495246574041
H            1.49287272777799        3.41492807052793        0.16215489846696
H            2.11071884691929       -0.83247443780709        1.79365654743322
H            2.73818388156280       -2.73745853780263        0.36175365896888
H            3.20475570361936       -2.38017524895800       -2.03449080046847
H            3.05236350778343       -0.10961030342689       -2.98916823631895
H            2.43438584012137        1.79404735739313       -1.55131280306568
31
 energy: -46.056705750280 gnorm: 0.000954761787 xtb: 6.7.1 (edcfbbe)
C           -3.64731198809228       -1.43136736682295       -1.14361401807249
C           -3.38234541900186       -0.68742784494884        0.15941731518095
C           -1.90590739927881       -0.32949647308128        0.30170589897998
C           -1.63420880000529        0.45080817236022        1.58435903015529
O           -0.23406155173992        0.70653269752201        1.73347239701541
C            0.27006184459659        1.71346583057222        1.03954921589935
O           -0.36009846937602        2.50617853771135        0.38290397246135
C            1.79493070532940        1.76083348913980        1.09125782260569
O            2.23906123749069        3.00758801556693        0.64659008652662
C            2.23406289986077        0.60038596040608        0.21126829751725
C            2.31023844773639       -0.68032624869128        0.74280206083799
C            2.65636267778420       -1.74735327576037       -0.06583668601734
C            2.92663367966939       -1.54387484670863       -1.40923906798314
C            2.85204536264903       -0.26819298266477       -1.94033065775707
C            2.50216798544166        0.80168505174958       -1.13458335736886
H           -4.70123863730122       -1.68211904958430       -1.23256957715893
H           -3.36720995959745       -0.81606186277081       -1.99569173926316
H           -3.06945366319440       -2.35217189869381       -1.18193866134760
H           -3.68838962785078       -1.30788633625892        1.00464708886523
H           -3.97842742543375        0.22709679345308        0.18393475513720
H           -1.59270378325444        0.27879224438149       -0.54947924517066
H           -1.29881352112643       -1.23767268126525        0.30667967267387
H           -1.91507091615149       -0.12695364361940        2.46690049915929
H           -2.17422831375140        1.40292492229946        1.57415272485522
H            2.14219775048843        1.60293779247671        2.11828912269917
H            1.50422179581955        3.41396382372755        0.15866966974154
H            2.09302134359290       -0.83749377074739        1.78916110535380
H            2.71582106916292       -2.74147432502432        0.35354813107710
H            3.19625413047343       -2.37855340664960       -2.03935425682895
H            3.06304162357499       -0.10350360776399       -2.98672795625155
H            2.44934692148180        1.79873628968199       -1.54495071354683
31
 energy: -46.056711335738 gnorm: 0.000706444540 xtb: 6.7.1 (edcfbbe)
C           -3.64495693375206       -1.43903855904949       -1.14028360840379
C           -3.38143038270224       -0.68910062250048        0.15983106241684
C           -1.90527618613717       -0.33004889459824        0.30302808947210
C           -1.63666707703459        0.45846816340271        1.58131101535978
O           -0.23670727197039        0.71265882220453        1.73395680370431
C            0.27158829770691        1.71574747911107        1.03724869891505
O           -0.35491461467661        2.50717642903959        0.37578258354653
C            1.79627000920831        1.76019538474999        1.09403122075992
O            2.24484716048464        3.00691031453988        0.65384740363248
C            2.23452330179777        0.60024235924887        0.21270305622004
C            2.30112731834697       -0.68276471975458        0.74029568093700
C            2.64462390959450       -1.74913416829019       -0.07046963661790
C            2.92210394289521       -1.54252618134806       -1.41209265146668
C            2.85767040192207       -0.26437769024714       -1.93910683605258
C            2.51006392187164        0.80465055934504       -1.13127287210306
H           -4.69875596493740       -1.69076416810041       -1.22895866908356
H           -3.36443306056368       -0.82735647595169       -1.99457360811251
H           -3.06681018264894       -2.35966562394201       -1.17420036344022
H           -3.68880673094346       -1.30586541554074        1.00727223012559
H           -3.97752906916312        0.22573187031951        0.17948641307311
H           -1.59039965914118        0.27286962104989       -0.55131343386882
H           -1.29791838645881       -1.23808391463719        0.31495403527370
H           -1.92217183441161       -0.11291045172578        2.46639029121195
H           -2.17490785409651        1.41128431404255        1.56258688212054
H            2.14019401684559        1.59930171922211        2.12168103218036
H            1.51468316380971        3.41376628270703        0.15833378183679
H            2.07861495756852       -0.84213650180901        1.78514988489421
H            2.69773678960606       -2.74446905748652        0.34591503404747
H            3.18904575755263       -2.37685113979320       -2.04402896578415
H            3.07382509292410       -0.09740122188046       -2.98411502186113
H            2.46476716649974        1.80349148766482       -1.53839660295772
31
 energy: -46.056722500449 gnorm: 0.001088332096 xtb: 6.7.1 (edcfbbe)
C           -3.64437484894963       -1.45557320338741       -1.13200825560565
C           -3.38151790802706       -0.69231139526808        0.16076809410535
C           -1.90581458837245       -0.33050111429969        0.30248589082124
C           -1.64179667090691        0.47379052107732        1.57197487543643
O           -0.24176698949341        0.72273944220691        1.73151337265618
C            0.27565630971742        1.72029780092044        1.03340636191200
O           -0.34268459165783        2.51116530111046        0.36403073512731
C            1.80020396515010        1.75804365241785        1.10068668405928
O            2.25737506063914        3.00478258766625        0.66987066454443
C            2.23709199502781        0.59982812304573        0.21611459046003
C            2.28486042409850       -0.68760995799729        0.73521464998890
C            2.62401456088277       -1.75183478354628       -0.08018766850254
C            2.91502165998829       -1.53894229966275       -1.41795990976087
C            2.87070393828880       -0.25619586184665       -1.93617970871506
C            2.52818283693831        0.81097352155141       -1.12375562385568
H           -4.69816574971825       -1.70888680854558       -1.21762174072463
H           -3.36412736533868       -0.85298673105319       -1.99278025526910
H           -3.06598166284031       -2.37649123493222       -1.15602277924306
H           -3.68966662551047       -1.30095643882556        1.01364768766565
H           -3.97804522670543        0.22240987370362        0.17124670185828
H           -1.58929655915996        0.26200644402747       -0.55851490411504
H           -1.29773150761230       -1.23785827578163        0.32683876241141
H           -1.93731019211933       -0.08418780794196        2.46242958112242
H           -2.17476588050740        1.42912539655192        1.53630917314450
H            2.13747438850985        1.59091126540521        2.12946687504615
H            1.53563795194554        3.41363742479528        0.16332836782053
H            2.05154085665019       -0.85191722200969        1.77682792149139
H            2.66201662527571       -2.75090459634487        0.32955646909345
H            3.17731398060332       -2.37166665969890       -2.05375511690597
H            3.09812270888339       -0.08408744878188       -2.97816481359980
H            2.49782910431684        1.81320048543584       -1.52377375249190
31
 energy: -46.056733139368 gnorm: 0.001391471120 xtb: 6.7.1 (edcfbbe)
C           -3.64756379576363       -1.47498388182991       -1.12152780314799
C           -3.38425121368962       -0.69532120834377        0.16176147914770
C           -1.90890725164696       -0.32986403991198        0.29893352647225
C           -1.64731630868313        0.49001082004523        1.55896489361158
O           -0.24654825303057        0.73068849168675        1.72523961823269
C            0.28113327510886        1.72523278466076        1.03056623324154
O           -0.32766149744782        2.51888529865099        0.35579702399064
C            1.80577196961389        1.75474613887902        1.10862101641467
O            2.27199457617625        3.00168652924960        0.68802992579424
C            2.24083513485116        0.59917047318729        0.21968137333893
C            2.26926103617956       -0.69253269852986        0.72939759536440
C            2.60375074274492       -1.75450624774683       -0.09097778913013
C            2.91067525946316       -1.53421383914454       -1.42433063108122
C            2.88675351710754       -0.24719885993722       -1.93265414062984
C            2.54814536954886        0.81718182720665       -1.11529668817032
H           -4.70142684688021       -1.73008575376263       -1.20248726972901
H           -3.36916457827902       -0.88322461016302       -1.99024085043827
H           -3.06845829152144       -2.39564630713211       -1.13484630373946
H           -3.69115393716714       -1.29398044357756        1.02257022794662
H           -3.98232267198559        0.21905170624140        0.16117154210069
H           -1.59229146839046        0.25210840892826       -0.56939726229236
H           -1.29962170772820       -1.23624643085395        0.33533545231427
H           -1.95332065913365       -0.05398281090397        2.45450306347046
H           -2.17279709802721        1.44876408093286        1.50720206540279
H            2.13614565024491        1.58014905454552        2.13830113040307
H            1.55754382082820        3.41433482183684        0.17469577018737
H            2.02324302313019       -0.86260410392912        1.76751554925328
H            2.62742704328619       -2.75641499518035        0.31129701029366
H            3.16819075777273       -2.36508353803805       -2.06440437190465
H            3.12662110312645       -0.06963574416851       -2.97096760256511
H            2.53531330018831        1.82351507709397       -1.50746085417685
31
 energy: -46.056740243812 gnorm: 0.001665851260 xtb: 6.7.1 (edcfbbe)
C           -3.65464981564816       -1.48948600910050       -1.11229117016587
C           -3.38893795107774       -0.69744192299236        0.16235946792850
C           -1.91397102965279       -0.32782792899215        0.29278724979899
C           -1.65102179714662        0.50063614122362        1.54650346858176
O           -0.24905487628314        0.73289857069073        1.71621681477305
C            0.28594077379877        1.72869890129710        1.02953925147755
O           -0.31563508079750        2.52844376348953        0.35600600540916
C            1.81065222861010        1.75157034012995        1.11466996058031
O            2.28324858587414        2.99897357823890        0.70238956178795
C            2.24548961702833        0.59907888324999        0.22210973812398
C            2.26056664582612       -0.69564370715829        0.72479085081534
C            2.59319440846887       -1.75556320028138       -0.09883713029369
C            2.91077464470134       -1.53061545348843       -1.42864593906497
C            2.90201232357700       -0.24019114256603       -1.92970624950863
C            2.56597684154478        0.82250026200280       -1.10890162713890
H           -4.70831045940145       -1.74686907089846       -1.18783832928944
H           -3.37952472297738       -0.90592453293823       -1.98728569996966
H           -3.07434733859690       -2.40925518229518       -1.11826687088230
H           -3.69192359181167       -1.28914263442351        1.02887465845824
H           -3.98907519569403        0.21468863420317        0.15581949625589
H           -1.59983132693959        0.24803470766093       -0.58030256449925
H           -1.30347082505331       -1.23279328696222        0.33489378507440
H           -1.96401019293959       -0.03393222866354        2.44513660797811
H           -2.16923560674963        1.46266239923581        1.48557624848090
H            2.13564665439758        1.57062093531317        2.14479320416599
H            1.57220653799620        3.41631808879570        0.18870113641450
H            2.00615215049243       -0.86935435973901        1.76007014137707
H            2.60410375464386       -2.76083008247381        0.29777812446068
H            3.16610628619752       -2.35992135669118       -2.07144558808166
H            3.15022161095611       -0.05933749933542       -2.96499454847049
H            2.56070674665278        1.82900439345985       -1.49550712460177
31
 energy: -46.056746499982 gnorm: 0.000454277937 xtb: 6.7.1 (edcfbbe)
C           -3.65427825123713       -1.48933646295586       -1.11124406726543
C           -3.39009397755691       -0.69613118779477        0.16249089368928
C           -1.91490182205139       -0.32741275302901        0.29267173818169
C           -1.65132051499285        0.50014907619468        1.54725570331981
O           -0.24915802594872        0.73203111737496        1.71595553689906
C            0.28520965289766        1.72862208403664        1.02980967203735
O           -0.31730839702875        2.52998770152087        0.35825854615678
C            1.80982273302263        1.75082320668633        1.11384749005739
O            2.28277932092138        2.99795241021940        0.70133053068406
C            2.24386061632333        0.59827363456535        0.22101429167861
C            2.25918990372949       -0.69622878525134        0.72346316861840
C            2.59328982172017       -1.75581404681854       -0.09991616437377
C            2.91361107691047       -1.53061426467657       -1.42878094748648
C            2.90298776283723       -0.24077621565707       -1.92983125462479
C            2.56444333650653        0.82166726351015       -1.10969115688252
H           -4.70764980276679       -1.74696247319713       -1.18753835358430
H           -3.37860359636946       -0.90615067259933       -1.98663508579824
H           -3.07367961476665       -2.40897477620337       -1.11584551744161
H           -3.69347486971124       -1.28656803305401        1.02982828223005
H           -3.98996844652909        0.21612723432525        0.15404037991282
H           -1.60061567335330        0.24862088368885       -0.58038394281313
H           -1.30497775020756       -1.23291276088615        0.33431094821279
H           -1.96324782979134       -0.03538583400243        2.44598729407944
H           -2.16966323577216        1.46246357336158        1.48754338217363
H            2.13495142818647        1.56951170551771        2.14389972238263
H            1.57100174845196        3.41656634387759        0.18958419158852
H            2.00367147514387       -0.86978938348246        1.75835574703408
H            2.60467234241812       -2.76050808707071        0.29638409160242
H            3.17153853982495       -2.35959130992149       -2.07109398250442
H            3.15500716607959       -0.05937270922774       -2.96417770140644
H            2.56290488310596        1.82973352094021       -1.49590050638196
31
 energy: -46.056751140410 gnorm: 0.000818920471 xtb: 6.7.1 (edcfbbe)
C           -3.65460607474224       -1.48961778051695       -1.11017344710951
C           -3.39170629341664       -0.69430918192526        0.16229328031518
C           -1.91638646315883       -0.32653376950875        0.29319677718317
C           -1.65165083931028        0.49955667077795        1.54855993311895
O           -0.24930743248196        0.73116995794883        1.71583981338232
C            0.28423400376585        1.72884820861906        1.03061939316687
O           -0.31923965278223        2.53183345986239        0.36174832032997
C            1.80874643501198        1.75005764371836        1.11247630769087
O            2.28220579254630        2.99685755507953        0.69970172602014
C            2.24255886746706        0.59745210676783        0.21954025644817
C            2.25714631122278       -0.69720846173533        0.72156877521938
C            2.59382525302499       -1.75640169532172       -0.10124924701419
C            2.91744547371145       -1.53063194911715       -1.42924698111179
C            2.90705721633800       -0.24082752422118       -1.92992871133025
C            2.56588425008052        0.82122752335955       -1.11029884926782
H           -4.70772782935118       -1.74767180129693       -1.18773458757498
H           -3.37779455913889       -0.90762894733931       -1.98612864392680
H           -3.07362883269243       -2.40902891417263       -1.11272774867289
H           -3.69621164355013       -1.28276166138168        1.03060441010143
H           -3.99091793477517        0.21832078545549        0.15153222204468
H           -1.60161668934362        0.25010251208228       -0.57929064932223
H           -1.30720548000594       -1.23259780263348        0.33393781941926
H           -1.96245974787572       -0.03734377438938        2.44693527342139
H           -2.17021866148683        1.46191418980308        1.49064460021992
H            2.13420867390053        1.56831373373769        2.14239311984610
H            1.56926219184121        3.41722604913650        0.19094425171053
H            1.99973990965234       -0.87086246712918        1.75593802283660
H            2.60538633703933       -2.76094779170743        0.29485172580418
H            3.17855732600570       -2.35920784063981       -2.07087283296361
H            3.16071381515892       -0.05894351130071       -2.96384171440301
H            2.56370627734163        1.82964447797992       -1.49683968560627
31
 energy: -46.056759376002 gnorm: 0.000820866654 xtb: 6.7.1 (edcfbbe)
C           -3.65575690906029       -1.49056114144239       -1.10740706723186
C           -3.39592345224758       -0.68907359788367        0.16173888593739
C           -1.92010327397981       -0.32412323052702        0.29445943879446
C           -1.65287191774204        0.49768737197990        1.55203232966461
O           -0.25003548209553        0.72849816577391        1.71538437310712
C            0.28156906324397        1.72891545185577        1.03254931847111
O           -0.32415155598300        2.53624328891343        0.37106690569447
C            1.80609140328652        1.74810120134703        1.10895121607160
O            2.27988361721649        2.99443931514914        0.69525031704527
C            2.24025784943223        0.59564635548016        0.21576879076755
C            2.25288063880005       -0.69961162475867        0.71677002986460
C            2.59612952538267       -1.75778165856230       -0.10460730149541
C            2.92816044167294       -1.53046554342696       -1.43047192834698
C            2.91771726896114       -0.24048654164799       -1.93064505825808
C            2.57002877602543        0.82052463723194       -1.11219741114946
H           -4.70858360498941       -1.74905358708753       -1.18716057974452
H           -3.37609614410228       -0.91300255062380       -1.98548434915047
H           -3.07471711221296       -2.40998322753511       -1.10384590840619
H           -3.70416025408982       -1.27223046438745        1.03236709270808
H           -3.99323662834429        0.22472111207826        0.14453309444045
H           -1.60393078793654        0.25438177851266       -0.57628280883437
H           -1.31281196354941       -1.23157803789806        0.33262460782620
H           -1.96090299199179       -0.04253091152726        2.44934977780023
H           -2.17177433008578        1.46009659219861        1.49909886494425
H            2.13338355634977        1.56560297915342        2.13837139240271
H            1.56345062579047        3.41897880652912        0.19476309619843
H            1.98862759416150       -0.87416807788739        1.74931502993614
H            2.60595990325524       -2.76272300737807        0.29067824768739
H            3.19574152609383       -2.35818239097917       -2.07061036801720
H            3.17720606361813       -0.05725150041844       -2.96291621315706
H            2.56796855511670        1.82897003775956       -1.49845088559461
31
 energy: -46.056763211203 gnorm: 0.000438324757 xtb: 6.7.1 (edcfbbe)
C           -3.65774741044548       -1.49129070121890       -1.10556409558961
C           -3.39894521958176       -0.68539818806665        0.16115391093782
C           -1.92275463526741       -0.32277357505520        0.29539501707984
C           -1.65375521199449        0.49610992978054        1.55437077160689
O           -0.25052547231256        0.72621906864411        1.71536774218054
C            0.27989959882713        1.72819554301250        1.03387433835828
O           -0.32707968740001        2.53786347062589        0.37656688769024
C            1.80465271892670        1.74673782531181        1.10671995974727
O            2.27724939782598        2.99332218782761        0.69202311957824
C            2.23979062575425        0.59461456161600        0.21348585823517
C            2.25014915168536       -0.70114181373887        0.71334731171171
C            2.59701753058611       -1.75851894430290       -0.10745725994672
C            2.93518734952863       -1.53004096488838       -1.43155263580629
C            2.92645301339057       -0.23961466306076       -1.93079629595634
C            2.57481070890710        0.82064309712030       -1.11302959024933
H           -4.71079923051154       -1.74880255422895       -1.18595395733619
H           -3.37578516117888       -0.91754673263983       -1.98529265866025
H           -3.07787216773098       -2.41142679986018       -1.09723148598013
H           -3.71011426037429       -1.26492518431963        1.03312329224595
H           -3.99455705364835        0.22940839393527        0.13937945953952
H           -1.60555351657269        0.25695446191034       -0.57414935795053
H           -1.31684106560493       -1.23119484556272        0.33183229367961
H           -1.96023120703628       -0.04603066516247        2.45098920534712
H           -2.17266057250452        1.45864202767519        1.50465810799281
H            2.13360780944360        1.56453545558384        2.13578167176615
H            1.55808892161075        3.41964297856085        0.19702236091864
H            1.98207885037592       -0.87670528059299        1.74474243887330
H            2.60628938799874       -2.76384295894494        0.28730953373071
H            3.20661326882624       -2.35709440220316       -2.07086357152275
H            3.18979929158926       -0.05558021997750       -2.96188937787498
H            2.57353424688442        1.82903949221147       -1.49837006437074
31
 energy: -46.056766188345 gnorm: 0.000286573759 xtb: 6.7.1 (edcfbbe)
C           -3.66030873586255       -1.49179982842120       -1.10391846379370
C           -3.40134533629614       -0.68264166500571        0.16089723990305
C           -1.92466121488385       -0.32238803128748        0.29577351774555
C           -1.65430849096317        0.49444512951319        1.55570489964748
O           -0.25072960934735        0.72382286141453        1.71526936411968
C            0.27892926693801        1.72656186993088        1.03442767937582
O           -0.32883302837320        2.53739461623750        0.37943071946842
C            1.80393137863702        1.74592929060915        1.10534069828575
O            2.27458638879169        2.99307434947039        0.68968174735715
C            2.24046080893816        0.59425930757630        0.21224576845306
C            2.24883774266936       -0.70190468415550        0.71108025475978
C            2.59807317881512       -1.75868619333448       -0.10954910858775
C            2.94012270219254       -1.52929424573689       -1.43243245758395
C            2.93356166739628       -0.23830221655252       -1.93060316253174
C            2.58004084107547        0.82140027507297       -1.11301434175470
H           -4.71388642860734       -1.74718727854295       -1.18454204952004
H           -3.37608516098000       -0.92157211901280       -1.98508137146930
H           -3.08262122998652       -2.41324382389357       -1.09198272631098
H           -3.71476159014526       -1.25927605933831        1.03393414612207
H           -3.99519067322699        0.23320685857336        0.13584719471170
H           -1.60653191055323        0.25803782487014       -0.57297022580903
H           -1.32002053075243       -1.23168314902942        0.33108877958188
H           -1.95995744525520       -0.04887263997649        2.45184216587931
H           -2.17290494675599        1.45721820511702        1.50812562551790
H            2.13418400119521        1.56457169969078        2.13418775215579
H            1.55332006595906        3.41951212829300        0.19793557466562
H            1.97727075017699       -0.87856051536089        1.74138661671358
H            2.60500771134316       -2.76455473561382        0.28424525782406
H            3.21290169982591       -2.35589651733659       -2.07165711546476
H            3.20046898340656       -0.05358736913663       -2.96064104254266
H            2.58044914462528        1.83001665535779       -1.49706000694303
31
 energy: -46.056769801509 gnorm: 0.000521427117 xtb: 6.7.1 (edcfbbe)
C           -3.66430286541811       -1.49218699321361       -1.10197058696013
C           -3.40376869456759       -0.68015729423337        0.16082480920295
C           -1.92632886426866       -0.32304121124742        0.29575791407044
C           -1.65436438216725        0.49215451722503        1.55634980788515
O           -0.25046109883625        0.72091808041774        1.71498466244478
C            0.27843335903036        1.72415419351287        1.03452233550220
O           -0.33003155150261        2.53498062226121        0.38018306046152
C            1.80369922385065        1.74551947641338        1.10447787588732
O            2.27138795185001        2.99354397797489        0.68779265131864
C            2.24239260338925        0.59448363400943        0.21170818966904
C            2.24761340233674       -0.70222950084241        0.70905162742209
C            2.59770784240411       -1.75851682513066       -0.11193324873097
C            2.94422031115877       -1.52799894789811       -1.43340376663384
C            2.94153619033101       -0.23618794963755       -1.92988353738875
C            2.58694606007905        0.82292701301653       -1.11214846817872
H           -4.71884289786686       -1.74372752654615       -1.18270563744471
H           -3.37699920764969       -0.92588987925492       -1.98458461905361
H           -3.09027981810431       -2.41585349199378       -1.08642261636137
H           -3.71925301916016       -1.25379803025947        1.03504776403544
H           -3.99533311090956        0.23706200086012        0.13291958407254
H           -1.60724177872332        0.25758131516993       -0.57249423382889
H           -1.32338383455204       -1.23347657285981        0.33019502766795
H           -1.95949718899920       -0.05195051246736        2.45214069859850
H           -2.17247503115894        1.45523647486341        1.51040731863427
H            2.13502450825863        1.56559595340110        2.13325057163449
H            1.54815563739006        3.41865479262453        0.19781947587058
H            1.97291910098415       -0.88008180726237        1.73831153948415
H            2.60247792257600       -2.76490915512076        0.28082723287323
H            3.21724248161206       -2.35417243975498       -2.07302681895401
H            3.21224352666902       -0.05070962557919       -2.95877357219013
H            2.59056322196133        1.83207571154354       -1.49423211103405
31
 energy: -46.056773846440 gnorm: 0.000569656055 xtb: 6.7.1 (edcfbbe)
C           -3.66965441684264       -1.49241751274117       -1.09947846295412
C           -3.40646446630120       -0.67791268782178        0.16119473820569
C           -1.92798040152128       -0.32475078573203        0.29543174099521
C           -1.65398202812693        0.48924875292906        1.55635159072732
O           -0.24977346390247        0.71751113138756        1.71402863438921
C            0.27833204788366        1.72102012208168        1.03362766652271
O           -0.33088192987954        2.53122556688190        0.37906611355450
C            1.80371422794345        1.74546203465995        1.10400518310385
O            2.26822285493117        2.99452237525578        0.68676000075318
C            2.24489712710489        0.59518008117420        0.21156958730025
C            2.24611328232983       -0.70223092094313        0.70699188288569
C            2.59712941416118       -1.75790674219547       -0.11448880436349
C            2.94821519440306       -1.52605438048512       -1.43445227463918
C            2.95066228488885       -0.23332125922341       -1.92866031286402
C            2.59556958412100        0.82518394645243       -1.11046128105558
H           -4.72544486354103       -1.73864154050935       -1.18052099124031
H           -3.37849282169836       -0.93033621937127       -1.98351090118252
H           -3.10057287374408       -2.41907765078468       -1.08048650659285
H           -3.72373323492032       -1.24838835015130        1.03684247621244
H           -3.99521623026138        0.24103662113721        0.13092365358693
H           -1.60789090896935        0.25549720909099       -0.57269460617453
H           -1.32729510051153       -1.23669398466568        0.32920821204474
H           -1.95851886028575       -0.05538558842998        2.45202687874083
H           -2.17162053509071        1.45265124797955        1.51163391944748
H            2.13541195940701        1.56691685262025        2.13290648350801
H            1.54359840777628        3.41741215183967        0.19680710523152
H            1.96750987553003       -0.88134185865414        1.73499341974808
H            2.59794051958044       -2.76497883007122        0.27658399880038
H            3.22096483940044       -2.35178756873015       -2.07477255963842
H            3.22593266572823       -0.04682049502714       -2.95616246961740
H            2.60330785040372        1.83517828203862       -1.49027118545942
31
 energy: -46.056777925281 gnorm: 0.000458048533 xtb: 6.7.1 (edcfbbe)
C           -3.67595598986464       -1.49245546758645       -1.09658739825976
C           -3.40940701163751       -0.67602263768723        0.16204145258450
C           -1.92967803793376       -0.32734296442378        0.29505221607556
C           -1.65330508195234        0.48602043403858        1.55587474700742
O           -0.24895019552821        0.71428589394172        1.71257927222574
C            0.27830605316986        1.71823049317081        1.03233591619617
O           -0.33161560562602        2.52700452191956        0.37655059426264
C            1.80364452033429        1.74554758533634        1.10370246376082
O            2.26565894192708        2.99551792979917        0.68667290588360
C            2.24756113304558        0.59613570294672        0.21149671111027
C            2.24387563029913       -0.70215044654278        0.70460432264809
C            2.59552360304786       -1.75715388600161       -0.11747908245641
C            2.95278963869710       -1.52362523010930       -1.43552937731162
C            2.96091653320255       -0.22994324246031       -1.92712831422688
C            2.60487097691956        0.82784429013317       -1.10842428800658
H           -4.73308991321099       -1.73267302460065       -1.17814687291308
H           -3.38057242099902       -0.93450868974823       -1.98188095269706
H           -3.11239477546240       -2.42241742190591       -1.07450283705408
H           -3.72823710273641       -1.24335145668878        1.03919372063442
H           -3.99506111800107        0.24484401079013        0.12991301316184
H           -1.60850487735375        0.25199837580559       -0.57327329256247
H           -1.33164031442694       -1.24102942449718        0.32850427897802
H           -1.95697420719309       -0.05890045391551        2.45168985500079
H           -2.17073450607334        1.44959495964163        1.51208776094576
H            2.13502598569326        1.56787398978204        2.13283946453589
H            1.54054657471875        3.41615892340291        0.19534158648812
H            1.96057701100838       -0.88245657773721        1.73111825359541
H            2.59240514281720       -2.76487016461435        0.27174655092883
H            3.22561736919423       -2.34885748765848       -2.07650763626114
H            3.24140062625745       -0.04210922508652       -2.95300593009113
H            2.61740141766396        1.83881069054780       -1.48588617420737
31
 energy: -46.056782098346 gnorm: 0.000364868932 xtb: 6.7.1 (edcfbbe)
C           -3.68327865081246       -1.49227003824849       -1.09331648150690
C           -3.41266923496839       -0.67437367437214        0.16335395334974
C           -1.93154079667777       -0.33093194477694        0.29507557864033
C           -1.65259936973305        0.48258073668878        1.55526016880304
O           -0.24815804708459        0.71113330428056        1.71043196531402
C            0.27823795616142        1.71526746866989        1.02978977403431
O           -0.33247283104011        2.52276813609531        0.37301900322317
C            1.80336319654578        1.74563396675632        1.10345963352268
O            2.26361723792263        2.99660576715566        0.68779580974224
C            2.25011400518425        0.59730511783306        0.21120832078030
C            2.24054837408328       -0.70205324861116        0.70151105145623
C            2.59364147669607       -1.75615795613344       -0.12102154424689
C            2.95834135601662       -1.52065275581197       -1.43672598749297
C            2.97299366153758       -0.22596156481173       -1.92525753471345
C            2.61541367248890        0.83100497672546       -1.10608105393126
H           -4.74188602920829       -1.72570881696396       -1.17544544714566
H           -3.38333362505351       -0.93842298514247       -1.97970748306508
H           -3.12587732560752       -2.42587685311952       -1.06836027896998
H           -3.73314354159079       -1.23853608338853        1.04197568028605
H           -3.99472858658423        0.24872983503516        0.12968125737084
H           -1.60896699863247        0.24667923452511       -0.57387248389482
H           -1.33669525048098       -1.24667739489689        0.32881083726600
H           -1.95508460769152       -0.06216102064665        2.45162150995429
H           -2.17008388676107        1.44616311083705        1.51184806937805
H            2.13365353117935        1.56800729370613        2.13296745551787
H            1.53921745747921        3.41507190826062        0.19348165484513
H            1.95145077035523       -0.88360398444939        1.72618557505188
H            2.58555523286059       -2.76468136061960        0.26586700340523
H            3.23202207444654       -2.34527625575675       -2.07816303110924
H            3.25952258561452       -0.03649842696119       -2.94917403362395
H            2.63282619335159        1.84289350813365       -1.48122601226477
31
 energy: -46.056785834037 gnorm: 0.000281230233 xtb: 6.7.1 (edcfbbe)
C           -3.69026388594676       -1.49192277249754       -1.09020442600530
C           -3.41594491548081       -0.67312738979452        0.16498224014865
C           -1.93348811644086       -0.33479077676553        0.29564703527546
C           -1.65227929658797        0.47975692400711        1.55465969528137
O           -0.24792952236701        0.70903894933510        1.70861168192684
C            0.27776026315597        1.71357561165284        1.02783791095857
O           -0.33341345357061        2.51924113159287        0.36933506914380
C            1.80266112268310        1.74540650086390        1.10305400715499
O            2.26242451815451        2.99714258419278        0.68944089877190
C            2.25189218132560        0.59821006014591        0.21047330191596
C            2.23671415132284       -0.70221636680617        0.69793738011587
C            2.59194755736195       -1.75530750992852       -0.12485834156949
C            2.96473755090284       -1.51772858485899       -1.43799949832868
C            2.98516234950982       -0.22211503914984       -1.92355369657688
C            2.62521901982227        0.83393948096469       -1.10409317268570
H           -4.75011654243382       -1.71932913864091       -1.17278441177201
H           -3.38646197280118       -0.94151402279768       -1.97744586227118
H           -3.13836650028498       -2.42870745038293       -1.06310446749246
H           -3.73811714327259       -1.23456783499017        1.04475595922277
H           -3.99451907843888        0.25213444599227        0.13011875663708
H           -1.60913469915110        0.24056403603314       -0.57414252795845
H           -1.34180316234716       -1.25252152862119        0.33055649815984
H           -1.95363006727598       -0.06431628670041        2.45183350521774
H           -2.17007593852938        1.44318595257332        1.51103639753312
H            2.13162247220486        1.56718220079551        2.13285844336633
H            1.53951874053231        3.41437189790020        0.19188759540251
H            1.94125276670816       -0.88502827782187        1.72058386372835
H            2.57898053179172       -2.76464942283987        0.25961200919654
H            3.24020296450883       -2.34164534572469       -2.07960648567677
H            3.27818062036165       -0.03090210358272       -2.94533659977061
H            2.64726748457951        1.84664007584593       -1.47709982907362
31
 energy: -46.056789375728 gnorm: 0.000313759832 xtb: 6.7.1 (edcfbbe)
C           -3.69678570458051       -1.49143962720596       -1.08727230998884
C           -3.41927997078902       -0.67214252891808        0.16683604658443
C           -1.93569409791087       -0.33857874843385        0.29707441857078
C           -1.65279708566309        0.47792312918838        1.55446120585278
O           -0.24845091677415        0.70754961151846        1.70683633555554
C            0.27694181769172        1.71176146774782        1.02507535079424
O           -0.33452382046266        2.51665493212669        0.36596357810499
C            1.80160503921120        1.74467719735136        1.10254357642732
O            2.26166201939151        2.99720351898247        0.69168407604802
C            2.25315135294277        0.59878522174371        0.20934707545099
C            2.23243606409810       -0.70276864978704        0.69378233127706
C            2.59042059249860       -1.75471079826807       -0.12917204901243
C            2.97207417017755       -1.51485863398137       -1.43943989102057
C            2.99781392789066       -0.21828175470143       -1.92194972077879
C            2.63464574002670        0.83669473264746       -1.10237845172128
H           -4.75762803236820       -1.71393718508787       -1.17015191656841
H           -3.38994182536921       -0.94368835550753       -1.97510320814271
H           -3.14934501887236       -2.43074324423184       -1.05860271032941
H           -3.74324023127164       -1.23133973852649        1.04738505417129
H           -3.99464694829014        0.25507493721143        0.13094943634137
H           -1.60923580654429        0.23387328681627       -0.57385217192071
H           -1.34708176052015       -1.25818174541825        0.33404651910647
H           -1.95327691627727       -0.06470356484255        2.45283431336593
H           -2.17075044712818        1.44123323593046        1.50968845208352
H            2.12908719533345        1.56514736210479        2.13259921241441
H            1.54093036202794        3.41372454451545        0.19049123835778
H            1.93045341498802       -0.88700562447125        1.71425153354724
H            2.57341681094547       -2.76482964683793        0.25295679460607
H            3.25021667225911       -2.33791222472757       -2.08101499138799
H            3.29723510626350       -0.02525433286828       -2.94152247702424
H            2.66058829707232        1.85007322592271       -1.47335372078821
31
 energy: -46.056792854107 gnorm: 0.000314756753 xtb: 6.7.1 (edcfbbe)
C           -3.70259934523456       -1.49097556201153       -1.08458158730505
C           -3.42281721432048       -0.67133612747742        0.16878556269621
C           -1.93831376058786       -0.34200682013695        0.29922602636481
C           -1.65412328897640        0.47726574089655        1.55451731433173
O           -0.24976536260267        0.70694407492664        1.70585333844855
C            0.27572574743700        1.71067870823864        1.02319721181861
O           -0.33560145582940        2.51459830621395        0.36290021577089
C            1.80024955210826        1.74332102517762        1.10185504107733
O            2.26101646099513        2.99653495147426        0.69377110391517
C            2.25376157688595        0.59876873767110        0.20782044093260
C            2.22817761071334       -0.70389312488226        0.68912201317913
C            2.58999752660951       -1.75444243985843       -0.13386172095977
C            2.98018021089385       -1.51218841538789       -1.44115412889880
C            3.01037406497758       -0.21464821706692       -1.92062817058052
C            2.64343809485585        0.83904693511023       -1.10100438717691
H           -4.76413863775392       -1.71000290023157       -1.16754647941533
H           -3.39368472033193       -0.94506749588710       -1.97282169640043
H           -3.15828072047121       -2.43203674673111       -1.05478836453262
H           -3.74868737718454       -1.22867337092153        1.04980958021573
H           -3.99534735476131        0.25759598886590        0.13184511430810
H           -1.60947634772515        0.22711535247318       -0.57299448766182
H           -1.35250352257129       -1.26325532723222        0.33913954172706
H           -1.95436700410514       -0.06316509671350        2.45430084914697
H           -2.17190316482695        1.44058747855753        1.50776969561144
H            2.12645333245827        1.56235393499671        2.13205283910828
H            1.54240010529472        3.41290161197652        0.18956765224197
H            1.91956045472109       -0.88984361166954        1.70728086231726
H            2.56893509731120       -2.76544163554939        0.24576637794508
H            3.26181532822038       -2.33416773604847       -2.08257815158344
H            3.31655760771122       -0.01968351917117       -2.93782773854200
H            2.67296650608638        1.85311530039033       -1.46980093812345
31
 energy: -46.056796510439 gnorm: 0.000308870679 xtb: 6.7.1 (edcfbbe)
C           -3.70818932429770       -1.49057594161097       -1.08177870374297
C           -3.42683789634032       -0.67057291317823        0.17105533179736
C           -1.94153503060790       -0.34508775931951        0.30191859415414
C           -1.65648957821103        0.47774799970577        1.55467975792738
O           -0.25192680076475        0.70651745754919        1.70513538384774
C            0.27429372650266        1.70907970287803        1.02114436442491
O           -0.33645378819153        2.51248691330890        0.35982228250886
C            1.79873788548811        1.74131508977076        1.10116099577483
O            2.26028587708581        2.99525771530478        0.69592077743904
C            2.25440797717183        0.59829283717810        0.20617989277637
C            2.22406309881101       -0.70558254216131        0.68396716776313
C            2.59000945363857       -1.75451818046804       -0.13923981108929
C            2.98943227903392       -1.50942959947663       -1.44322867317867
C            3.02382991148878       -0.21073574530257       -1.91934542786217
C            2.65256246210864        0.84134118269478       -1.09957412742482
H           -4.77015573378266       -1.70749406520867       -1.16457559516632
H           -3.39820224596906       -0.94597712912308       -1.97042042590511
H           -3.16582929444501       -2.43271603028217       -1.05135156259736
H           -3.75473711563824       -1.22622315256369        1.05239120254941
H           -3.99681503223724        0.25987523481092        0.13294082684866
H           -1.61010093798873        0.22017860101836       -0.57184852570903
H           -1.35838660748688       -1.26784300827598        0.34558700866911
H           -1.95727188753713       -0.05952147733564        2.45619013934239
H           -2.17333139154270        1.44143871574925        1.50492565961123
H            2.12375245062694        1.55879170673549        2.13144960755879
H            1.54366433334456        3.41155356834230        0.18896351656470
H            1.90863713619020       -0.89369561923452        1.69963194991637
H            2.56558889983850       -2.76641255154408        0.23779503437062
H            3.27483053275614       -2.33008056764438       -2.08466293839161
H            3.33670489822588       -0.01361134906856       -2.93405466986577
H            2.68546174272633        1.85620090674364       -1.46578610293500
31
 energy: -46.056800370892 gnorm: 0.000268294068 xtb: 6.7.1 (edcfbbe)
C           -3.71412702436072       -1.49039646100386       -1.07870498886055
C           -3.43168972499946       -0.66982224632083        0.17353906558083
C           -1.94574643790998       -0.34782047530822        0.30529140939967
C           -1.65975738834354        0.47941465426359        1.55490396921505
O           -0.25478015716792        0.70626691612794        1.70478839764084
C            0.27275928390958        1.70704490460752        1.01915776465916
O           -0.33697024624790        2.50996543738779        0.35631958745919
C            1.79716511175605        1.73853655662494        1.10051383424844
O            2.25915861241249        2.99330904958472        0.69807468388004
C            2.25524840204740        0.59726806589722        0.20443249021279
C            2.22005527877658       -0.70799458232761        0.67806527447448
C            2.59101197874623       -1.75488195473541       -0.14556023934260
C            2.99998551935019       -1.50641572189602       -1.44587880062687
C            3.03862373126170       -0.20636587893745       -1.91805319723310
C            2.66259237160570        0.84366555739207       -1.09788223308653
H           -4.77631271349813       -1.70649054188867       -1.16109690833020
H           -3.40383964233208       -0.94656882528589       -1.96770256339028
H           -3.17247787237270       -2.43293679576473       -1.04772050130668
H           -3.76163623583232       -1.22378309839856        1.05514336225858
H           -3.99938731724685        0.26194762228186        0.13399021982378
H           -1.61168308190766        0.21301225375939       -0.57032059265635
H           -1.36516267419409       -1.27194923194565        0.35340330372797
H           -1.96198858908042       -0.05359073891258        2.45845929715519
H           -2.17478081788449        1.44386436554493        1.50103959673515
H            2.12102867402040        1.55451013630666        2.13089755337181
H            1.54416608972552        3.40939601539627        0.18874980139356
H            1.89725430023773       -0.89886074966763        1.69090140837136
H            2.56297439369921       -2.76788421055287        0.22837293008987
H            3.28985095953483       -2.32537094498078       -2.08747339337515
H            3.35923847251873       -0.00659209444890       -2.92986347109608
H            2.69922674377298        1.85952301719308       -1.46079413041631
31
 energy: -46.056803573779 gnorm: 0.000244692807 xtb: 6.7.1 (edcfbbe)
C           -3.72036376092222       -1.49038718350458       -1.07504339614640
C           -3.43735767068324       -0.66892824812138        0.17655969126175
C           -1.95068734072580       -0.35035676269906        0.30861019235146
C           -1.66378046836938        0.48167628844935        1.55478696056091
O           -0.25820683962136        0.70563719786160        1.70428696419286
C            0.27121332832776        1.70418911485697        1.01693621247830
O           -0.33704675225173        2.50647227516108        0.35198375137032
C            1.79558491045588        1.73527144011450        1.09999698476777
O            2.25771766784004        2.99097014480548        0.70032239141565
C            2.25657458663785        0.59595123685813        0.20282557161102
C            2.21616598652181       -0.71087358580628        0.67169437359565
C            2.59227179636662       -1.75540175580362       -0.15267226156335
C            3.01170546809710       -1.50299926912398       -1.44891412821649
C            3.05519671220485       -0.20135747405523       -1.91645917037056
C            2.67403609912580        0.84625705174059       -1.09563308170227
H           -4.78263784435923       -1.70631463781744       -1.15676520187069
H           -3.41041372139555       -0.94731334737868       -1.96463221760705
H           -3.17894033375600       -2.43307964709059       -1.04368514541651
H           -3.76938416972736       -1.22101101694350        1.05858183446252
H           -4.00284806860165        0.26413236501939        0.13528495111481
H           -1.61401932910823        0.20573356172719       -0.56906152397244
H           -1.37267251143795       -1.27584004691801        0.36155165718425
H           -1.96806291788353       -0.04629143731455        2.46062845603457
H           -2.17609188976897        1.44731189388207        1.49617867490792
H            2.11812208811484        1.54986019927875        2.13054365545724
H            1.54405246972876        3.40657775027310        0.18875352154844
H            1.88572294596082       -0.90492439366768        1.68146627455212
H            2.56043735577521       -2.76963542730599        0.21769831280663
H            3.30562238202483       -2.32004521295453       -2.09105149744501
H            3.38338630531821        0.00139546937254       -2.92517706275375
H            2.71470351610891        1.86332345709674       -1.45460281463243
31
 energy: -46.056805231417 gnorm: 0.000186023394 xtb: 6.7.1 (edcfbbe)
C           -3.72572550179137       -1.49080153074588       -1.07218793659255
C           -3.44172539863592       -0.66845813727473        0.17861647137553
C           -1.95467414306226       -0.35191570331364        0.31087841372093
C           -1.66659659038151        0.48360423528521        1.55436723078555
O           -0.26050547931968        0.70504317129079        1.70377203143306
C            0.27049912073433        1.70169661148927        1.01504910429795
O           -0.33653372143791        2.50336698524545        0.34815915836614
C            1.79481520302956        1.73282471062351        1.09990842451293
O            2.25661116411695        2.98929525814701        0.70217394141599
C            2.25830583921682        0.59502422563294        0.20203250434614
C            2.21390904501582       -0.71300440862175        0.66711123236438
C            2.59328796074424       -1.75572434036117       -0.15806943710587
C            3.01981654494356       -1.50033407529897       -1.45130391448048
C            3.06716997710589       -0.19746197062732       -1.91510149505432
C            2.68297130409749        0.84832167411335       -1.09346525678643
H           -4.78803063983113       -1.70699347089028       -1.15322954470384
H           -3.41626283162237       -0.94821082962320       -1.96222693950073
H           -3.18404307623044       -2.43333283262000       -1.04049299930966
H           -3.77478430268906       -1.21908688449997        1.06110517360703
H           -4.00586243874100        0.26533962206002        0.13620777122558
H           -1.61664876476214        0.20078272694847       -0.56836390533608
H           -1.37833460446422       -1.27821328369332        0.36700433310728
H           -1.97268908872394       -0.04049627867265        2.46181488728295
H           -2.17661235184540        1.45020877584305        1.49209162129085
H            2.11623361354164        1.54656909173204        2.13065568159685
H            1.54367866382154        3.40421368791551        0.18898682844536
H            1.87771056108846       -0.90954530089771        1.67451307287374
H            2.55851597284816       -2.77092558001949        0.20940369657217
H            3.31668552343020       -2.31590710024035       -2.09397332755692
H            3.40173436901376        0.00774722792382       -2.92131095726950
H            2.72708407078708        1.86637372314244       -1.44913293494667
31
 energy: -46.056806069689 gnorm: 0.000133414664 xtb: 6.7.1 (edcfbbe)
C           -3.72915835870159       -1.49127631881124       -1.07010300570409
C           -3.44448415493120       -0.66812097705802        0.18000764239065
C           -1.95709131386026       -0.35267762199022        0.31141260972916
C           -1.66818491869447        0.48454035483283        1.55354369812243
O           -0.26178269311043        0.70435828460111        1.70297140590467
C            0.27027583958041        1.70005171235200        1.01378425724080
O           -0.33589588741135        2.50126319890285        0.34548733274518
C            1.79453267380687        1.73141342221139        1.10011459003519
O            2.25606476620662        2.98837412188989        0.70359874280001
C            2.25954158663045        0.59454710566528        0.20182134745954
C            2.21258775730686       -0.71420915444760        0.66453000788969
C            2.59383065681213       -1.75581429317018       -0.16124847470921
C            3.02470865663333       -1.49857721744654       -1.45267998388366
C            3.07480249987476       -0.19495186358441       -1.91402710081617
C            2.68880898328576        0.84971323216734       -1.09181221796248
H           -4.79153019236598       -1.70748387842981       -1.15024041564181
H           -3.42031607440322       -0.94927664404165       -1.96075076850875
H           -3.18750170667301       -2.43385597066442       -1.03813434438307
H           -3.77776252244131       -1.21777170574442        1.06304219472336
H           -4.00796275242728        0.26606122575851        0.13688605550123
H           -1.61872524068879        0.19833071355679       -0.56875171932108
H           -1.38156858538405       -1.27938779262855        0.36897726175194
H           -1.97525220035816       -0.03748109378649        2.46184928738398
H           -2.17670371982718        1.45180274753765        1.48947209129063
H            2.11502753576849        1.54469231885168        2.13107009352567
H            1.54354543593418        3.40283986835803        0.18943123914374
H            1.87338508754129       -0.91217051950724        1.67059085227937
H            2.55693477528075       -2.77163463004008        0.20431850549580
H            3.32242354853821       -2.31333608545709       -2.09594995509675
H            3.41235147294188        0.01165082272334       -2.91883775823972
H            2.73509904513347        1.86838663739176       -1.44538054116881
