34
 energy: -39.943747301332 gnorm: 0.029185396717 xtb: 6.7.1 (edcfbbe)
C           -3.34254812443400        2.61956123487100       -0.20902558818600
C           -3.66512849565800        1.46677639633300        0.72907896474400
C           -3.26725317569700        0.09738420758700        0.17404841910000
C           -1.75494009390000       -0.07303814882600        0.00659726629400
C           -1.40667036445900       -1.49482216208400       -0.44283290283900
C            0.08342538568400       -1.68795319132000       -0.74369320419500
C            0.97295432745100       -1.54751010903000        0.49574046252000
C            2.43340821647500       -1.93690385456900        0.25670021590300
S            3.31426451396300       -0.98540541322000       -1.03160155211700
C            3.14939194047300        0.72689123443000       -0.39860029315300
C            3.86613563297200        0.93939612129600        0.93201737490300
O            5.25480964693500        0.64295156991200        0.82428259977900
H           -3.73722830053900        3.55615060011400        0.19790278216100
H           -3.79236562673400        2.46238295449400       -1.19440417650300
H           -2.26320367879700        2.74361908842400       -0.33619764013700
H           -4.74526207152300        1.46382970055300        0.91825035962900
H           -3.17509388509200        1.63473608466400        1.69516244120800
H           -3.64073486675800       -0.67222540326100        0.86098318076700
H           -3.76746571071900       -0.06816222422800       -0.78795378112500
H           -1.26185878697600        0.15089608165300        0.95891380431200
H           -1.37695846121100        0.64015056639100       -0.73428094563900
H           -1.97202429188100       -1.73117754035400       -1.35293524241700
H           -1.72430384948100       -2.21430311305300        0.32161375102300
H            0.21863535326600       -2.69004846880400       -1.16913950318300
H            0.38568432168600       -0.97116766392500       -1.51546989554500
H            0.92022735117400       -0.52856639750700        0.89223844897500
H            0.57999886101300       -2.19965416060200        1.28629861328800
H            2.99695380209500       -1.86536498225200        1.19225351104600
H            2.47718210428300       -2.98914643689800       -0.04619229228100
H            3.60670213882100        1.37136934307500       -1.15698709461300
H            2.09360429386700        1.00206540226900       -0.32937153082100
H            3.43863749352900        0.32960632445000        1.73305159775500
H            3.77544958237200        1.98687966336600        1.23662190580300
H            5.32557481779900       -0.17919730395100        0.30227766494000
34
 energy: -39.945502268009 gnorm: 0.012724855307 xtb: 6.7.1 (edcfbbe)
C           -3.34292724369481        2.62234425704489       -0.20820577729045
C           -3.66706467737046        1.46675732834546        0.72832963108524
C           -3.26501964333825        0.09918414469115        0.17523586756666
C           -1.75692564191703       -0.07564980259882        0.00561740101331
C           -1.39888810151274       -1.49126989220039       -0.44451676324946
C            0.08958217059612       -1.68828270734359       -0.74154977258587
C            0.96331594128791       -1.54919800646794        0.50335314390113
C            2.41652255858914       -1.94278288832427        0.26899557140046
S            3.27467315871410       -0.97837520047393       -1.01898480334064
C            3.14098961807247        0.73305012649693       -0.39115433445315
C            3.87268639657920        0.93517357138557        0.92927909042073
O            5.25189400496987        0.64772511799706        0.82169704070975
H           -3.73492590582058        3.55625523970031        0.19399568282532
H           -3.79040361641045        2.45972951393394       -1.18795298332996
H           -2.26830762222922        2.73960430377276       -0.33687325289271
H           -4.74473536895988        1.45977738796577        0.91793613355055
H           -3.16948968635835        1.62828013761139        1.68885974845926
H           -3.63167672935554       -0.67357311729407        0.85813429258337
H           -3.75770704019771       -0.05824583112355       -0.78843848335917
H           -1.26934492037515        0.14578738985907        0.95821378882744
H           -1.38428025637619        0.63507734343926       -0.73570217457557
H           -1.96400841252847       -1.72206107621975       -1.35240769566405
H           -1.71339573771293       -2.20489175119130        0.32279755247077
H            0.23394874018492       -2.68846585692027       -1.16122251892612
H            0.40535374293841       -0.96843960433039       -1.50135076793446
H            0.91670521864116       -0.52652233352044        0.88530479384264
H            0.57503291819179       -2.20663244589389        1.28826738667298
H            2.99357223083170       -1.86045073293499        1.19328611659997
H            2.48236822310002       -2.97675160796698       -0.08031161088122
H            3.60363688723984        1.34793622932045       -1.16631014379206
H            2.08646659015771        0.99894133814626       -0.31342720891592
H            3.42699887236732        0.32060876401976        1.72268640935522
H            3.79510407098403        1.98440121420564        1.22851963597286
H            5.33024926071106       -0.16904055313311        0.30324672532911
34
 energy: -39.945772960207 gnorm: 0.004121988663 xtb: 6.7.1 (edcfbbe)
C           -3.34209107825271        2.62038662924537       -0.20895195617900
C           -3.66326901709259        1.46337645880138        0.72916761234508
C           -3.26155161158535        0.09799913718820        0.17017483391275
C           -1.75294692417256       -0.07282252429365        0.00382404876188
C           -1.39802960210046       -1.48885754465863       -0.44634521985001
C            0.09064653215834       -1.68625509303760       -0.73512956181037
C            0.95721467090024       -1.55263232715688        0.51391457567280
C            2.40711736884565       -1.94265721310117        0.27374903379837
S            3.25730229034604       -0.97327805960311       -1.01765571969735
C            3.13385139982618        0.73741094681462       -0.38755058449385
C            3.87851067991136        0.93491701004588        0.92555939850983
O            5.24865429574199        0.64860341374439        0.81148166746771
H           -3.73374484115646        3.55164995597289        0.19361887372821
H           -3.79087034490856        2.45484039950097       -1.18566884224030
H           -2.26933739508528        2.73493517502265       -0.33800235671279
H           -4.73935691147109        1.45399070046000        0.91923797902761
H           -3.16198658415150        1.62310644288342        1.68697730503444
H           -3.62716049021176       -0.67582675535996        0.85036664402525
H           -3.75145414222754       -0.05390636688327       -0.79453934455164
H           -1.26906505004992        0.14673377545442        0.95772899985583
H           -1.38156494631364        0.63732546204505       -0.73697185295673
H           -1.96027372873726       -1.71713179290157       -1.35500559233777
H           -1.71113761255387       -2.20118967437125        0.32112560858528
H            0.23716683526655       -2.68413645122829       -1.15565279071136
H            0.41610335187935       -0.96423808765699       -1.48726605269476
H            0.91498403022589       -0.52942479675186        0.89093070431184
H            0.56689290181454       -2.20970777391020        1.29627578420100
H            2.98914589045346       -1.86432657675332        1.19322598102719
H            2.47770288543269       -2.96666190562278       -0.09666349396134
H            3.59365935811035        1.33928063482980       -1.17169133009989
H            2.08225331601838        1.00460600431395       -0.29613687287867
H            3.42342105357813        0.31760952314441        1.71511762494532
H            3.80759659448248        1.98344050700317        1.22847164002551
H            5.33161682507795       -0.16715923318206        0.29763097733595
34
 energy: -39.945827238694 gnorm: 0.001608708200 xtb: 6.7.1 (edcfbbe)
C           -3.34212152112951        2.61970549700059       -0.20923602823693
C           -3.66204305611447        1.46212051569777        0.72966978364200
C           -3.26022094559179        0.09821827257074        0.16681999529758
C           -1.75120704654844       -0.07187633397078        0.00222196998079
C           -1.39689584009325       -1.48818208619035       -0.44757467075622
C            0.09198058138465       -1.68640663682012       -0.73169476696161
C            0.95568616700122       -1.55533457517528        0.52005334556661
C            2.40416546468922       -1.94611423455979        0.27653318359645
S            3.24812863599634       -0.96872554653919       -1.01557687891759
C            3.12807486572232        0.74299792910441       -0.38619775199761
C            3.88321482452454        0.93583211905647        0.92257712260265
O            5.24910334549828        0.64881240926192        0.80057632170968
H           -3.73331792669336        3.55056737908714        0.19414973444893
H           -3.79275144426364        2.45283041783217       -1.18485715002486
H           -2.26945619577761        2.73319649333553       -0.33952814722641
H           -4.73741624787093        1.45238297552410        0.92210239328820
H           -3.15778158598899        1.62065217982879        1.68584384836071
H           -3.62646189358821       -0.67791073787961        0.84369222098175
H           -3.74828838863354       -0.05009702905008       -0.79912296937954
H           -1.26868675487064        0.14703770514786        0.95674337678231
H           -1.37859376742592        0.63809129683468       -0.73785385313978
H           -1.95691389283283       -1.71504538402381       -1.35758317588910
H           -1.71253544550772       -2.20008177632895        0.31902396688423
H            0.23926544048701       -2.68313227359736       -1.15444664624825
H            0.42127636890124       -0.96239574287776       -1.47997200846972
H            0.91386453495848       -0.53288340813156        0.89885984924649
H            0.56361436318790       -2.21249278783702        1.30104260376237
H            2.98917833798957       -1.87146141998665        1.19376445335929
H            2.47315034797760       -2.96702414239057       -0.09959961911812
H            3.58173193273087        1.34372142725536       -1.17391697034317
H            2.07788781606357        1.01122856949471       -0.28446109118853
H            3.42749658818565        0.31762760289224        1.71234420655462
H            3.81382515865476        1.98323588712570        1.23017063339991
H            5.33304717897668       -0.16909456169332        0.29078043982890
34
 energy: -39.945866842327 gnorm: 0.002736577891 xtb: 6.7.1 (edcfbbe)
C           -3.34339613906425        2.61966981153840       -0.20956560598512
C           -3.65970686788841        1.46075560972817        0.72968264419863
C           -3.25906221335300        0.09920657186821        0.16044973339639
C           -1.74952837093618       -0.07127530072277       -0.00028163562551
C           -1.39573191958634       -1.48803818068939       -0.44919773231572
C            0.09377415807135       -1.68678345010755       -0.72554803966096
C            0.95435585198804       -1.56086642037583        0.52985152299659
C            2.40252939417010       -1.94847603279086        0.28033714169850
S            3.23666984847630       -0.96214376178332       -1.01560077640273
C            3.11576859713766        0.74825399588708       -0.38011666691954
C            3.89212908264115        0.93805936984921        0.91877924214406
O            5.25317012489708        0.65144082334428        0.77599772285849
H           -3.73312831981921        3.55066930009741        0.19570445017354
H           -3.79778045231660        2.45243184899108       -1.18381078599145
H           -2.27072368602021        2.73253741047730       -0.34354991230322
H           -4.73406927657141        1.45091129542144        0.92750973322387
H           -3.15047614175361        1.61718663806958        1.68354683910609
H           -3.62797793635852       -0.68142861718535        0.83083161465046
H           -3.74403052520429       -0.04262828938825       -0.80811725871813
H           -1.26875287805100        0.14722747646977        0.95529754279157
H           -1.37365586647389        0.63839133120900       -0.73922228648682
H           -1.95104422870200       -1.71307164140317       -1.36262491067939
H           -1.71760645274569       -2.19993596335436        0.31504863587122
H            0.24302573403311       -2.68181959031351       -1.15216998798446
H            0.42742949908494       -0.95966061315662       -1.46885619283745
H            0.91088480786468       -0.54048326259654        0.91471793408901
H            0.56098068797947       -2.22087674087181        1.30808225805508
H            2.99335853979675       -1.88031717302456        1.19420506816136
H            2.46879566160754       -2.96630961657329       -0.10236020621789
H            3.55425268522696        1.35234222307781       -1.17360257793502
H            2.06701389421675        1.01582570298716       -0.26023172142860
H            3.44378465665677        0.31801291629748        1.71224473235415
H            3.82461377080697        1.98406910844590        1.23309709632832
H            5.33413428018810       -0.17287677942420        0.27482010679075
34
 energy: -39.945887908053 gnorm: 0.002151925721 xtb: 6.7.1 (edcfbbe)
C           -3.34454774461963        2.62042169515376       -0.20962903236771
C           -3.65892954771203        1.46087607018335        0.72910995401593
C           -3.25916416398812        0.10000472587722        0.15807539375820
C           -1.74962492267236       -0.07158421064788       -0.00095005918164
C           -1.39566255213769       -1.48844486507110       -0.44935026673600
C            0.09407654963670       -1.68741732504326       -0.72375566928197
C            0.95432244344842       -1.56356458283177        0.53206895288166
C            2.40285869001700       -1.94913318741029        0.28118722664762
S            3.23441265106876       -0.95995136406712       -1.01427219103461
C            3.11152864881329        0.74917789495031       -0.37642431816747
C            3.89546665366116        0.93893200048404        0.91798520908247
O            5.25635168574953        0.65419516229780        0.76522057036022
H           -3.73346117228633        3.55133646912444        0.19694915907583
H           -3.80069503394211        2.45433440939982       -1.18333769711631
H           -2.27208355262896        2.73373126140920       -0.34576995932747
H           -4.73300801310880        1.45093171937626        0.92909737719047
H           -3.14815869665395        1.61663793251143        1.68237105946621
H           -3.62987103305783       -0.68161277120105        0.82645372005001
H           -3.74319108193274       -0.03973414469565       -0.81138492076655
H           -1.26948758092492        0.14693402912989        0.95507634302453
H           -1.37247046847904        0.63797297568633       -0.73955393163061
H           -1.94935286871323       -1.71319596748882       -1.36402531606937
H           -1.71956096867589       -2.20061323931178        0.31393138831677
H            0.24373731963862       -2.68202282013412       -1.15143546969672
H            0.42828043719761       -0.95954631291684       -1.46614223122614
H            0.90942433571548       -0.54429232205571        0.92014461019329
H            0.56202196671395       -2.22643194962804        1.30862027192096
H            2.99480394201574       -1.88041854026956        1.19432875757950
H            2.47003304711144       -2.96715464157861       -0.10167422223123
H            3.54285231020391        1.35708495740772       -1.17131245519962
H            2.06247377639097        1.01264774050823       -0.25001480815792
H            3.45400299586239        0.31747797207690        1.71406520022136
H            3.82886343358371        1.98470188664598        1.23314373283198
H            5.33375851470409       -0.17228065787320        0.26655134297042
34
 energy: -39.945935911022 gnorm: 0.001533855736 xtb: 6.7.1 (edcfbbe)
C           -3.34855352547594        2.62337513366416       -0.21001784801056
C           -3.65684134176272        1.46171546575300        0.72709790910724
C           -3.25948225322727        0.10243709210269        0.15148648914526
C           -1.75005092711928       -0.07281545365206       -0.00287881295445
C           -1.39568377215442       -1.48995954485679       -0.44962896316204
C            0.09465988134698       -1.69029874598980       -0.71952417195813
C            0.95342954151074       -1.57233227608316        0.53759616216851
C            2.40398543258499       -1.94885242337434        0.28366844017304
S            3.22740695489681       -0.95435151911012       -1.01199796900340
C            3.09939266819865        0.74984269790707       -0.36419149045713
C            3.90618201612791        0.94166408670383        0.91564470175471
O            5.26705694035454        0.66352388976756        0.73415539586805
H           -3.73445767855566        3.55365954778862        0.20135543693987
H           -3.81103401350053        2.46098866773415       -1.18146880266977
H           -2.27698735150737        2.73755748399011       -0.35359087013750
H           -4.72996354418062        1.45109936479711        0.93353889197907
H           -3.14121614347526        1.61561572217936        1.67829061160907
H           -3.63534731728142       -0.68135581034893        0.81464596453602
H           -3.74071840193916       -0.03145690943895       -0.82037370109678
H           -1.27211053436767        0.14561546870875        0.95449361758934
H           -1.36944076500967        0.63625543272741       -0.74056484270078
H           -1.94561253449017       -1.71412877115443       -1.36706235325109
H           -1.72421847725156       -2.20231003901517        0.31168646987210
H            0.24473006119896       -2.68374038176174       -1.14997939358776
H            0.43074498120041       -0.96047097001095       -1.45929927737789
H            0.90343577320879       -0.55665773627690        0.93510080941121
H            0.56511994036749       -2.24454471131270        1.30850061433262
H            2.99762924017448       -1.87661739416981        1.19556212295260
H            2.47636719164571       -2.96735983690583       -0.09890205354547
H            3.50930940842015        1.36849062128878       -1.16321813202995
H            2.04952892219688        1.00028221986431       -0.21795824529679
H            3.48617118243656        0.31586316735549        1.71961922332204
H            3.84242864351888        1.98668899151698        1.23286011066997
H            5.33413980190899       -0.16742253038986        0.24070167720492
34
 energy: -39.945972321502 gnorm: 0.003386837303 xtb: 6.7.1 (edcfbbe)
C           -3.35445450368482        2.62806329383696       -0.21111874809914
C           -3.65380109504633        1.46295372166641        0.72402869222618
C           -3.25920844931289        0.10581192939501        0.14167294050372
C           -1.74964455732372       -0.07412168640842       -0.00550007316664
C           -1.39637629238825       -1.49212080992473       -0.45016406931858
C            0.09471327567327       -1.69578627852415       -0.71410999619514
C            0.95035393026671       -1.58758162772984        0.54565056909024
C            2.40443442901983       -1.94934178938846        0.28855288329447
S            3.21418628767129       -0.94527206272445       -1.00694301421993
C            3.08230926618534        0.75251289307042       -0.34565415441212
C            3.92381674324722        0.94581753140719        0.91156834322039
O            5.28316045878510        0.67849765539790        0.68854117711571
H           -3.73501684336608        3.55699572588614        0.20830835896764
H           -3.82744622350534        2.47096197778321       -1.17839769644321
H           -2.28444951372213        2.74208224692195       -0.36613682828535
H           -4.72537061816295        1.45067820422899        0.93880965491112
H           -3.13130770292313        1.61431368237351        1.67200785378947
H           -3.64187801383190       -0.68063714640840        0.79780998894778
H           -3.73599593011975       -0.01988042722066       -0.83354583489236
H           -1.27564268622191        0.14331742613423        0.95415704805212
H           -1.36391066853044        0.63417308468185       -0.74143602357789
H           -1.94224615106156       -1.71517464014599       -1.37039185974024
H           -1.73008632833034       -2.20382572185060        0.30946382600416
H            0.24396648526279       -2.68734771337959       -1.14898723670807
H            0.43542944525473       -0.96305839413253       -1.44903445883032
H            0.89199821778159       -0.57758263879100        0.95669357749711
H            0.56732948109055       -2.27350335894428        1.30724964158080
H            2.99915420234858       -1.87034230556761        1.19923196893890
H            2.48688239036431       -2.96747826389143       -0.09433815508043
H            3.46000593399186        1.38428379565854       -1.15155116707726
H            2.03255808772655        0.98478542337156       -0.16711780299941
H            3.53454059291108        0.31270815953409        1.72570686858998
H            3.86333725147890        1.98904667248224        1.23385567761575
H            5.33865909847117       -0.15394855880034        0.19646577009675
34
 energy: -39.945996415243 gnorm: 0.002593606079 xtb: 6.7.1 (edcfbbe)
C           -3.35604962346487        2.62973289603938       -0.21177011898074
C           -3.65333287874157        1.46354959007485        0.72288301819644
C           -3.25877782696994        0.10690936631921        0.13898453866792
C           -1.74909727915129       -0.07449700756994       -0.00590261296644
C           -1.39703051593734       -1.49299470304399       -0.45014699285752
C            0.09401935186830       -1.69873889306385       -0.71325620714175
C            0.94823418625016       -1.59380754355584        0.54767354155728
C            2.40389883700009       -1.94957948237920        0.29045527662522
S            3.20902401319613       -0.94235701121046       -1.00493783822125
C            3.07832176678025        0.75369030120238       -0.33908644932278
C            3.93030322489060        0.94746597276883        0.91021566635244
O            5.28791647735397        0.68447785120828        0.67516182940747
H           -3.73408773785476        3.55824914998370        0.21058854152375
H           -3.83291207638706        2.47441982414530       -1.17731344508353
H           -2.28661210332442        2.74264251190476       -0.37057630081890
H           -4.72446481633321        1.45049123199313        0.93911240251889
H           -3.12939006871653        1.61439673317425        1.67000590900670
H           -3.64309778929398       -0.67997079032517        0.79342833719429
H           -3.73396106708758       -0.01687857311411       -0.83710586358747
H           -1.27664187304366        0.14206040352780        0.95462881865465
H           -1.36144697125467        0.63353831703149       -0.74094561475248
H           -1.94276457736601       -1.71551940263266       -1.37040565028610
H           -1.73157882727994       -2.20398299251110        0.30963694866503
H            0.24208958388591       -2.68966586747394       -1.14982599016002
H            0.43674026696336       -0.96512821532043       -1.44627517559780
H            0.88648472156467       -0.58590891649489        0.96290591651065
H            0.56669387005215       -2.28409141554692        1.30576256707548
H            2.99790970496440       -1.86779587657573        1.20132856422695
H            2.49079650351066       -2.96713550356544       -0.09253729889350
H            3.44619722916484        1.38785376046075       -1.14660021412296
H            2.03019281475237        0.98201379244019       -0.14997522670982
H            3.55028354932976        0.31136722892936        1.72592436373225
H            3.86984068552192        1.98972765448281        1.23536977593187
H            5.34229924515668       -0.14453439130511        0.17794270505204
34
 energy: -39.946041541514 gnorm: 0.001489034302 xtb: 6.7.1 (edcfbbe)
C           -3.35973127247396        2.63387662757867       -0.21438848166704
C           -3.65221512252397        1.46518811432218        0.71939074043208
C           -3.25756321435649        0.10969785521481        0.13184604603387
C           -1.74745968528090       -0.07565280306245       -0.00650115680361
C           -1.39966891947102       -1.49576580097115       -0.44989437742136
C            0.09111256994774       -1.70756220544418       -0.71103171637688
C            0.94137427113177       -1.61180797621022        0.55333780909341
C            2.40166891079819       -1.95017458411088        0.29607780132362
S            3.19374625907696       -0.93289988691809       -0.99865642615741
C            3.06627439632739        0.75847355191618       -0.31923212983424
C            3.95134989660368        0.95138099903177        0.90686114281657
O            5.30393225137334        0.70431583602254        0.63414437186174
H           -3.72943077828506        3.56184421196029        0.21616853328346
H           -3.84806587788925        2.48378505088348       -1.17488777350931
H           -2.29167610090464        2.74221185349717       -0.38412378978243
H           -4.72238887282970        1.45017455603837        0.93859324686448
H           -3.12508848845782        1.61498907413816        1.66459029485041
H           -3.64627404743332       -0.67830505125599        0.78194083277402
H           -3.72820784683070       -0.00928898317646       -0.84671283662050
H           -1.27929553202713        0.13810456970278        0.95656082959467
H           -1.35388885459151        0.63157847030469       -0.73887719890485
H           -1.94568775668260       -1.71663638938461       -1.36997494176589
H           -1.73662890315847       -2.20454814702296        0.31061779055114
H            0.23548492197039       -2.69681147730966       -1.15238911502205
H            0.43963826280754       -0.97166845931485       -1.43876302368919
H            0.86939235769364       -0.60982177204528        0.98042660555090
H            0.56373538185889       -2.31449641919954        1.30138110216999
H            2.99345461194732       -1.86144454244727        1.20771676276472
H            2.50120470611006       -2.96570374237802       -0.08779610741433
H            3.40474241595320        1.39889720536963       -1.13343768493692
H            2.02261634140886        0.97589222141808       -0.09741784042567
H            3.59900483049288        0.30597873908712        1.72773068831120
H            3.88845467974533        1.99048400339528        1.24192134284441
H            5.35608420794889       -0.11428469963199        0.12012638060730
34
 energy: -39.946063490404 gnorm: 0.001358815552 xtb: 6.7.1 (edcfbbe)
C           -3.36089492355546        2.63645626912152       -0.21763019400943
C           -3.65201318378623        1.46690272632510        0.71585872131468
C           -3.25742254225793        0.11169589220965        0.12713861736442
C           -1.74715591263081       -0.07760544571230       -0.00575415767501
C           -1.40348736583907       -1.49906087048880       -0.44891910846259
C            0.08672409912663       -1.71601403894033       -0.70952909236184
C            0.93466929413210       -1.62721747348431        0.55696224746057
C            2.39864841498868       -1.95096749725119        0.30020179091798
S            3.18106848964867       -0.92421871305158       -0.99246542576975
C            3.05764482377475        0.76302197927050       -0.29994412969858
C            3.97224232322999        0.95539461124289        0.90466534369654
O            5.31963097447293        0.72697802834841        0.59548180682288
H           -3.72125788640274        3.56528410199989        0.21899741639154
H           -3.85896236054342        2.49160647737455       -1.17389552329877
H           -2.29376639588267        2.73860273457430       -0.39663856786679
H           -4.72196467941197        1.45137171057816        0.93562479710149
H           -3.12410670476920        1.61638791098750        1.66056188814903
H           -3.64981241204766       -0.67664939697489        0.77453494858526
H           -3.72447961839196       -0.00461324645191       -0.85334293134336
H           -1.28226185713189        0.13355164597889        0.95940057995114
H           -1.34803652360741        0.62887399774679       -0.73576288241505
H           -1.95055848037061       -1.71831986056620       -1.36865689874674
H           -1.74260080329115       -2.20618470469883        0.31216946705636
H            0.22783979049959       -2.70417268864519       -1.15438098600909
H            0.43929672213428       -0.97878800918148       -1.43372335121462
H            0.85347281704337       -0.63023334179732        0.99380257552342
H            0.56083148764201       -2.34017781360968        1.29693278031763
H            2.98830274551826       -1.85694800836100        1.21272156961083
H            2.50872767858142       -2.96474232250292       -0.08454269826046
H            3.36981202564020        1.41062170226391       -1.11867397528725
H            2.01874213765931        0.97122513160876       -0.04947351480529
H            3.64731183450190        0.29822582357925        1.72830768353118
H            3.90443053294706        1.99078019338810        1.25161397379651
H            5.36938545837872       -0.08106750488275        0.06370495102958
34
 energy: -39.946052028697 gnorm: 0.002950390903 xtb: 6.7.1 (edcfbbe)
C           -3.36205645236544        2.63903835682722       -0.22087896581673
C           -3.65181106980220        1.46862062578062        0.71231959655179
C           -3.25728502974286        0.11369646635333        0.12242413247347
C           -1.74685566717375       -0.07956449344281       -0.00500448803509
C           -1.40731484959850       -1.50236391284314       -0.44794089979637
C            0.08232575007514       -1.72448048562882       -0.70802184660131
C            0.92795235732241       -1.64265126701829        0.56059325470944
C            2.39562099164459       -1.95176040438964        0.30433064223256
S            3.16836936029201       -0.91551875838583       -0.98626293207570
C            3.04900011405322        0.76757905392874       -0.28061797662052
C            3.99317558881784        0.95941492578001        0.90246514686837
O            5.33536031636955        0.74968958933861        0.55674134249835
H           -3.71306379232309        3.56873001502712        0.22182734449723
H           -3.86987235031029        2.49944081336283       -1.17290359578870
H           -2.29585593727564        2.73498252756607       -0.40917585817114
H           -4.72154051276252        1.45257479748344        0.93264953341474
H           -3.12312458267030        1.61778906693548        1.65652666980778
H           -3.65336243705120       -0.67499069941922        0.76711775087792
H           -3.72074884867085        0.00006941959452       -0.85998345929901
H           -1.28523688363490        0.12898840722377        0.96224646872672
H           -1.34217787250684        0.62616165098048       -0.73264209314251
H           -1.95543809867703       -1.72000829977269       -1.36733699215702
H           -1.74858694321366       -2.20782806291119        0.31372306490375
H            0.22018117181874       -2.71154699221781       -1.15637289318694
H            0.43894994309102       -0.98592027872063       -1.42867472239074
H            0.83752638070335       -0.65067756574749        1.00720122738935
H            0.55792437642547       -2.36590086321338        1.29247879904047
H            2.98314233016524       -1.85244560881340        1.21773165435295
H            2.51626010827663       -2.96377766016184       -0.08128884054435
H            3.33481619941222        1.42237244436973       -1.10387773962209
H            2.01486167277864        0.96654548537882       -0.00143858136856
H            3.69571863487088        0.29045352737388        1.72888346945958
H            3.92043713349437        1.99107424974866        1.26132728385587
H            5.38270889816760       -0.04778607036978        0.00718222435297
34
 energy: -39.946074785542 gnorm: 0.001689334778 xtb: 6.7.1 (edcfbbe)
C           -3.35921240582697        2.63699209569279       -0.22062609148300
C           -3.65259988771453        1.46822791411768        0.71318337107062
C           -3.25839532217312        0.11233126068855        0.12578807628752
C           -1.74821717875461       -0.07988599693581       -0.00400033037549
C           -1.40742103459145       -1.50207256966893       -0.44752543719346
C            0.08217215199954       -1.72199133643189       -0.70894278964888
C            0.92964371155947       -1.63619858402480        0.55807877628602
C            2.39556313774220       -1.95113932514534        0.30180517215906
S            3.17357697366485       -0.91780868597687       -0.98816515669144
C            3.05414118114851        0.76643726021779       -0.28622770971297
C            3.98746002370225        0.95783881467528        0.90362982126908
O            5.33050329263290        0.74623030327801        0.56948772086160
H           -3.71193155718269        3.56752373127514        0.21856837752627
H           -3.86274049220377        2.49589291657846       -1.17446239966352
H           -2.29243032042178        2.73302020869581       -0.40469463759132
H           -4.72295655526943        1.45372612757688        0.93116653882808
H           -3.12614021679539        1.61794640514686        1.65867621097989
H           -3.65300179513401       -0.67530451790494        0.77274023913877
H           -3.72360412453095       -0.00378302838250       -0.85557759720331
H           -1.28502369586262        0.12947307113972        0.96235845609864
H           -1.34547999347013        0.62607546909687       -0.73249899756754
H           -1.95584003594422       -1.72013788001759       -1.36680144273216
H           -1.74759020223932       -2.20843977693965        0.31387051159680
H            0.22121494017806       -2.70980155522203       -1.15527305823565
H            0.43634448135224       -0.98450401395931       -1.43191534883191
H            0.84277943483702       -0.64210416922019        0.99992868834135
H            0.55859662868314       -2.35469168559005        1.29385417295120
H            2.98368659944566       -1.85502317319068        1.21508147738581
H            2.51183789698894       -2.96351335074982       -0.08432711275994
H            3.34983533934945        1.41912342449628       -1.10641838224430
H            2.01929347571824        0.96912674104447       -0.01789664681701
H            3.68262195962766        0.29035754455930        1.72686659249266
H            3.91419792191243        1.98968533479121        1.26106020880799
H            5.37911566757222       -0.05360897371331        0.02455644806703
34
 energy: -39.946093334175 gnorm: 0.001444070904 xtb: 6.7.1 (edcfbbe)
C           -3.35404220845257        2.63336799356810       -0.22116481761722
C           -3.65317877190776        1.46764724919106        0.71379089247197
C           -3.26161250109467        0.11013379009815        0.12952022990188
C           -1.75199111877040       -0.08162065237448       -0.00299865366553
C           -1.40773608401743       -1.50249929675870       -0.44673374383875
C            0.08231727673895       -1.71789631838525       -0.70762418258150
C            0.93241769755139       -1.62572487445480        0.55717356812538
C            2.39515755746834       -1.94930916808744        0.29749040709122
S            3.17822990989075       -0.91763263540796       -0.99188209317762
C            3.05619244663234        0.76540542081618       -0.29043640894752
C            3.98303291748327        0.95506181775790        0.90444170557325
O            5.32759119237815        0.74598025179428        0.57451552112056
H           -3.70888784895821        3.56556606318893        0.21243860228152
H           -3.85133422143148        2.49021458862359       -1.17789915387886
H           -2.28627500265053        2.72916018635320       -0.39932610171118
H           -4.72426883459692        1.45702618731320        0.93022144859973
H           -3.12851415602028        1.61727897807760        1.66068848873592
H           -3.65584470551843       -0.67602152283092        0.77882179202309
H           -3.72920151980996       -0.00823700822551       -0.85076320465190
H           -1.28674597454720        0.12955554646479        0.96214787725975
H           -1.35199713779979        0.62456709894519       -0.73299323712858
H           -1.95398096615537       -1.72104715272352       -1.36752353641382
H           -1.74795398526629       -2.21107217055248        0.31273811707049
H            0.22478738036992       -2.70668465176197       -1.15082739566223
H            0.43255157201190       -0.98141585704165       -1.43398528879868
H            0.85145147798403       -0.62836299037601        0.99280590197124
H            0.56093181539827       -2.33790825062826        1.29920041604523
H            2.98673719446505       -1.86006364597527        1.20915219332396
H            2.50376639929598       -2.96182501945630       -0.09195132832288
H            3.35856975820439        1.41960630806080       -1.10803475350196
H            2.01899647152810        0.96777376679478       -0.02992510179510
H            3.67714179158770        0.28626316053906        1.72488284997755
H            3.90923822586860        1.98570574515319        1.26287761240839
H            5.37445395213996       -0.06299293770208        0.04650909910867
34
 energy: -39.946111914975 gnorm: 0.001311803545 xtb: 6.7.1 (edcfbbe)
C           -3.34943571299964        2.63214277142200       -0.22439753411239
C           -3.65410293217253        1.46861613250001        0.71156038689543
C           -3.26416413729462        0.10910780243515        0.13073941770200
C           -1.75471834555995       -0.08458134929587       -0.00062181170057
C           -1.41199283617752       -1.50571002362130       -0.44477371436362
C            0.07785214110767       -1.72137837350750       -0.70681580543477
C            0.92924700985779       -1.62801790104439        0.55692985643810
C            2.39244877254275       -1.94844767727224        0.29640116072353
S            3.17289102064343       -0.91157114791152       -0.99043631346692
C            3.05504270611680        0.76861232775236       -0.28100049048845
C            3.99325048708318        0.95578533728996        0.90455556054053
O            5.33497179575898        0.76115003491200        0.55650424744092
H           -3.69960685287588        3.56646196309167        0.20844965704071
H           -3.84750271139236        2.49039705359483       -1.18086113995970
H           -2.28125636602342        2.72248730386070       -0.40265410101540
H           -4.72584401652532        1.46091953948872        0.92471555011911
H           -3.13197717031924        1.61864009752890        1.65977491529547
H           -3.65959796054134       -0.67491848136221        0.78180077067978
H           -3.73144907717967       -0.01101709526644       -0.84942609595940
H           -1.29000557132463        0.12577074275170        0.96495900786179
H           -1.35323599513065        0.62117891330209       -0.73016225270368
H           -1.95911366564279       -1.72387764795299       -1.36511653859852
H           -1.75177527498453       -2.21417393617381        0.31494593422499
H            0.21997310512206       -2.71054223520781       -1.14917883417261
H            0.42760521652364       -0.98560866770915       -1.43406310696623
H            0.84635783164583       -0.63100954447201        0.99257927203612
H            0.55978554035623       -2.34078152940083        1.29913567179973
H            2.98412872579846       -1.85994601323333        1.20810707098378
H            2.50285969206072       -2.95970592870401       -0.09549816162709
H            3.34813165343345        1.42680189252018       -1.09769893480454
H            2.02088532689970        0.96785543582656       -0.00978354948823
H            3.70277318513488        0.27620543219217        1.72150753050315
H            3.91413921233946        1.98259817109800        1.27382585484456
H            5.38343520371897       -0.04344339943425        0.02134424112892
34
 energy: -39.946125169220 gnorm: 0.004948086392 xtb: 6.7.1 (edcfbbe)
C           -3.33168008806657        2.62799026135679       -0.23885097952838
C           -3.65736984281870        1.47314625452675        0.70147992693238
C           -3.27520319809126        0.10594740223586        0.13271721662124
C           -1.76642929585745       -0.09781661424659        0.00812267410453
C           -1.42926992092506       -1.52036496391524       -0.43585738415028
C            0.05983238678236       -1.73819082251205       -0.70124407199586
C            0.91467941648303       -1.64093333920755        0.55982756313640
C            2.38080696037968       -1.94312946771742        0.29181668334253
S            3.14379794891620       -0.88170755896062       -0.98599467143590
C            3.04259554328739        0.78347691549162       -0.23629284596982
C            4.04282872369613        0.95783983984033        0.90277737135130
O            5.37227027276816        0.82891867379028        0.46721079860125
H           -3.66335861103322        3.57033094890642        0.19174861152160
H           -3.83368559147607        2.49221980639150       -1.19410810172240
H           -2.26198217096367        2.69720814146711       -0.41844764197433
H           -4.73117749930752        1.47768523573816        0.90399829896230
H           -3.14278088139726        1.62371075994032        1.65363697682281
H           -3.67779299594273       -0.66992581008602        0.78905757914419
H           -3.73986726167411       -0.01891160890768       -0.84798267109771
H           -1.30525730344135        0.10921186232126        0.97607220246223
H           -1.35717992166385        0.60562610566036       -0.71925596019123
H           -1.97848475195096       -1.73717086766538       -1.35508172239666
H           -1.76883304353580       -2.22779254121052        0.32475264182446
H            0.20056138638909       -2.72842792104233       -1.14151451537896
H            0.40830150998489       -1.00410087068748       -1.43069350763430
H            0.82210326023589       -0.64630640012743        0.99897576244522
H            0.55551508781079       -2.35975744894625        1.30115146516480
H            2.97454354968852       -1.85690601857144        1.20247600378556
H            2.50101583584610       -2.94863532536998       -0.11127846788450
H            3.28348174842606        1.46353903533296       -1.05387171328879
H            2.02032594840838        0.96358226099978        0.09499767468645
H            3.82664484063010        0.23234632185198        1.70916075263553
H            3.94451329316766        1.96710718451400        1.31933748421691
H            5.42653466524549        0.04019056880546       -0.09349571171583
34
 energy: -39.946159444644 gnorm: 0.001284353712 xtb: 6.7.1 (edcfbbe)
C           -3.33319068848015        2.62739203027812       -0.23614098523810
C           -3.65727695161622        1.47201552201143        0.70395333670473
C           -3.27401957473112        0.10549654307273        0.13450289102102
C           -1.76517651371094       -0.09567294293956        0.00704779518937
C           -1.42609573170894       -1.51774363596899       -0.43683311444277
C            0.06318768889287       -1.73361458210359       -0.70280590459895
C            0.91854143351789       -1.63369018316261        0.55784120890190
C            2.38319980731665       -1.94295102872029        0.29025072108386
S            3.15110010746552       -0.88799547554870       -0.98968816615880
C            3.04816295593250        0.78059023914966       -0.24932532472415
C            4.03002428182726        0.95620161058695        0.90356521587837
O            5.36209107610342        0.81076645389564        0.49535462543085
H           -3.67142107210637        3.56830066415629        0.19213993894361
H           -3.83028516723318        2.48847990236164       -1.19363190092362
H           -2.26314682299673        2.70175152702200       -0.41107650256461
H           -4.73094638064933        1.47532220988289        0.90702000024377
H           -3.14233950205582        1.62276497031426        1.65589474844201
H           -3.67421147427126       -0.67102734365086        0.79158081325457
H           -3.74037822372834       -0.02013375953565       -0.84536665418254
H           -1.30241145270020        0.11265022124951        0.97395606409246
H           -1.35875482848042        0.60819339787821       -0.72150221760341
H           -1.97538874469634       -1.73560235607666       -1.35578384905416
H           -1.76436125762805       -2.22554752097775        0.32405144709924
H            0.20497004820891       -2.72427841209285       -1.14191198893233
H            0.41011226522116       -0.99991183812909       -1.43350998021488
H            0.83023108792198       -0.63662073824403        0.99282444099711
H            0.55688340241397       -2.34816379708822        1.30248095391970
H            2.97749312060650       -1.85810735223215        1.20070588724943
H            2.49867124858682       -2.94977722676598       -0.11110064148104
H            3.30502319471840        1.45499314092003       -1.06586878044996
H            2.02268942755743        0.96719853816903        0.06509090805926
H            3.79203798218734        0.24273357768098        1.70965878624411
H            3.93774133342133        1.96871642839115        1.30951529126406
H            5.41724392489366        0.01727121621352       -0.05754134205346
34
 energy: -39.946172542346 gnorm: 0.000645152808 xtb: 6.7.1 (edcfbbe)
C           -3.32759339579610        2.62529143709794       -0.23956271873330
C           -3.65853199794175        1.47293001944873        0.70184902582387
C           -3.27768675865931        0.10395667870061        0.13668238916138
C           -1.76912937946751       -0.09935940465385        0.00968148744905
C           -1.43072722584696       -1.52185768428707       -0.43323281776183
C            0.05828485595403       -1.73691611978509       -0.70161273421428
C            0.91646049413756       -1.63249537407052        0.55678615986173
C            2.38115266551208       -1.93949467787461        0.28629404541100
S            3.14612099443798       -0.88032319080511       -0.99159349791108
C            3.04845450047666        0.78442794308643       -0.24253828973973
C            4.03909199474690        0.95513295851757        0.90350484833802
O            5.36813341809051        0.82140799116898        0.48312553664140
H           -3.66637602560094        3.56780945494805        0.18451776519847
H           -3.81981316836289        2.48495420209411       -1.19943589475911
H           -2.25657170434730        2.69741814360160       -0.40908779482063
H           -4.73285619652648        1.48008377549173        0.90137818130421
H           -3.14620968675347        1.62410552158218        1.65514983144489
H           -3.67907834950895       -0.66994207417096        0.79627730874256
H           -3.74441468863004       -0.02399686534756       -0.84279613817167
H           -1.30643969964177        0.10923981825520        0.97656529339800
H           -1.36182040141866        0.60351475190959       -0.71932813631619
H           -1.98142978598735       -1.74086842606819       -1.35109666152044
H           -1.76746020739841       -2.22911026610776        0.32888421316092
H            0.20025705477118       -2.72859987663331       -1.13841202186535
H            0.40284784847689       -1.00461137964197       -1.43492172978698
H            0.82758934846309       -0.63430108705105        0.98955588472306
H            0.55765741958032       -2.34565203369649        1.30438261419991
H            2.97672607938222       -1.85648361432970        1.19605595800763
H            2.49669588113799       -2.94530217431870       -0.11773117595971
H            3.29851716121295        1.46336573720183       -1.05758303492376
H            2.02549387620613        0.96904827165383        0.08036074510174
H            3.81178415850502        0.23434784215121        1.70514502538704
H            3.94640474922709        1.96318578198047        1.31840472677011
H            5.42446617156962        0.02909391994882       -0.07032067224425
34
 energy: -39.946196074847 gnorm: 0.001959101282 xtb: 6.7.1 (edcfbbe)
C           -3.31429145396454        2.62104610988948       -0.24977584843499
C           -3.66171613203167        1.47605660555072        0.69472529812934
C           -3.28705121601152        0.10121282801449        0.13968701661424
C           -1.77924486321514       -0.10963195478003        0.01669785276114
C           -1.44375158324261       -1.53426522389128       -0.42156617726596
C            0.04405411555576       -1.74959590091769       -0.69698848360378
C            0.90909016888573       -1.63499377163177        0.55576237064591
C            2.37503216780275       -1.92950395758469        0.27674975053099
S            3.12647056848750       -0.85465897031108       -0.99547036509908
C            3.04624861991990        0.79786498354111       -0.21772489603490
C            4.07068649467945        0.95390122179541        0.90195846143504
O            5.38878264695640        0.85313701302685        0.43584409561379
H           -3.65462953757125        3.56745250100737        0.16406167835138
H           -3.79470179659208        2.47684902747764       -1.21520176365739
H           -2.24094862810863        2.68805748257219       -0.40617968374618
H           -4.73746361181781        1.49254580895354        0.88595339668648
H           -3.15548026731927        1.62826897090838        1.65112740958748
H           -3.69351960949306       -0.66610936991920        0.80405807394256
H           -3.75289199182454       -0.03123291783749       -0.83970638736488
H           -1.31820749636861        0.09994629901105        0.98413827015742
H           -1.36753092338192        0.58953493098824       -0.71336549744363
H           -1.99887193152389       -1.75713269373870       -1.33589100753023
H           -1.77683692059698       -2.23848265356787        0.34504527300252
H            0.18497347951865       -2.74389076698203       -1.12820967038338
H            0.38347467169985       -1.02125959585876       -1.43671669941986
H            0.81446136572288       -0.63610822405633        0.98623351285113
H            0.56090779853159       -2.34892397430047        1.30803901821472
H            2.97339835716298       -1.84822397921822        1.18474160919316
H            2.49601193451757       -2.93200188191986       -0.13432368865840
H            3.26937222474683        1.49192881664538       -1.02902740018471
H            2.03177787493379        0.97316998671457        0.13920372195571
H            3.88082026190217        0.20797674959999        1.69139384507461
H            3.97685294778429        1.94891844720399        1.34667381968357
H            5.44472226425604        0.06814805361170       -0.12659918420705
34
 energy: -39.946219119469 gnorm: 0.001900997234 xtb: 6.7.1 (edcfbbe)
C           -3.30704818728490        2.61855693803336       -0.25648697027509
C           -3.66408831033943        1.47802317894388        0.68958496284965
C           -3.29287740758229        0.09984467427372        0.14071871602640
C           -1.78553189907110       -0.11592621743320        0.02121013196456
C           -1.45238357005156       -1.54317335412584       -0.41061155072146
C            0.03412387466550       -1.75961094525182       -0.69277564435970
C            0.90533962724893       -1.63605597922360        0.55472089651876
C            2.37224770847605       -1.91968330695446        0.26871804848592
S            3.11150708818141       -0.83387482342606       -1.00069665157525
C            3.04634435896254        0.80920795846068       -0.20218122817479
C            4.09123539028522        0.95141334387493        0.90070251178521
O            5.40054697855792        0.86474061804692        0.40801026153569
H           -3.65584486667758        3.56628667157639        0.14743430116290
H           -3.77381828351332        2.46753758482026       -1.22782657186749
H           -2.23173632469960        2.68792428969093       -0.39856086817193
H           -4.74053153229461        1.49961005615707        0.87566112719567
H           -3.16172980671360        1.63119223351150        1.64784470051813
H           -3.70319358894596       -0.66348418985113        0.80728608863954
H           -3.75738455486981       -0.03486443460195       -0.83899156574574
H           -1.32583438917734        0.09640747960909        0.98868119291943
H           -1.37085165755134        0.57924987022085       -0.71094623491900
H           -2.01228150295791       -1.77147269253844       -1.32074977507296
H           -1.78128290995272       -2.24315028234509        0.36175941625126
H            0.17330288812191       -2.75648690929424       -1.11858781681703
H            0.36922775330615       -1.03553363786700       -1.43867442773073
H            0.80549298946154       -0.63681495563135        0.98310108993035
H            0.56660232651045       -2.35076650544822        1.31056870013674
H            2.97305536071397       -1.83785347832649        1.17500763667423
H            2.49841157535096       -2.91992569188316       -0.14642379581255
H            3.25550590601165        1.51290360496844       -1.00837598744572
H            2.03871528412151        0.98032275127159        0.17448751121074
H            3.92002621511089        0.19178023144255        1.68061690907069
H            4.00241483892726        1.93805850137305        1.36360739472455
H            5.45231862767001        0.08561741792323       -0.16248478751424
34
 energy: -39.946251049054 gnorm: 0.001689037151 xtb: 6.7.1 (edcfbbe)
C           -3.30092617867784        2.61607367992018       -0.26482264529775
C           -3.66756151216170        1.47985036747357        0.68268974862112
C           -3.29887435836031        0.09875139253632        0.13973063667893
C           -1.79188348512559       -0.12206193263776        0.02595189289237
C           -1.46247353829266       -1.55405236620255       -0.39350816734498
C            0.02185236697714       -1.77366980591089       -0.68500595280510
C            0.90222733143973       -1.63813926031895        0.55464063032741
C            2.36993298304785       -1.90549001808805        0.25776058780186
S            3.08832080095180       -0.80373463944548       -1.00976960829039
C            3.04745340138547        0.82595152726392       -0.18221233804208
C            4.11793012082196        0.94695393947382        0.89755921350221
O            5.41364216210991        0.86889681379831        0.37336801579650
H           -3.66651152295403        3.56417618546666        0.12406386227423
H           -3.74632122425584        2.45308416649757       -1.24443641004094
H           -2.22326321496283        2.69408518122602       -0.38524507407526
H           -4.74479552435200        1.50572238087890        0.86279012223995
H           -3.16992514636994        1.63413792230514        1.64320376002735
H           -3.71422562091286       -0.66113703106687        0.80683131957221
H           -3.76007180552800       -0.03710435797409       -0.84130998247983
H           -1.33408819605485        0.09673758666680        0.99290343366723
H           -1.37357857350140        0.56611137149176       -0.71070265756282
H           -2.02980068677685       -1.79207305351646       -1.29660327222051
H           -1.78511502700139       -2.24567642267345        0.38905380366129
H            0.15751968955578       -2.77462434242354       -1.10229344459673
H            0.35181411679010       -1.05679256019079       -1.44008232062601
H            0.79411826896461       -0.63924959709578        0.98106838120874
H            0.57777381063360       -2.35493005916523        1.31430597945945
H            2.97583357574945       -1.82106354302371        1.16050285553956
H            2.50394953585066       -2.90215113616920       -0.16292898238378
H            3.23871176045792        1.54378323370243       -0.98011956765480
H            2.04976098292244        0.99195520380245        0.22231015647308
H            3.96435374242906        0.17275479480714        1.66497040303362
H            4.04151901811908        1.92423802710577        1.38160366055656
H            5.45270194708252        0.09868635148206       -0.21092031851592
34
 energy: -39.946260933440 gnorm: 0.000413788459 xtb: 6.7.1 (edcfbbe)
C           -3.30192706117148        2.61576368937423       -0.26523296175563
C           -3.66869178484483        1.47932243736994        0.68224317558379
C           -3.29845542235494        0.09852864735073        0.13933232087996
C           -1.79128309296106       -0.12107823857277        0.02539531823351
C           -1.46139220163820       -1.55324089928152       -0.39256776555399
C            0.02274219862052       -1.77342624745642       -0.68372712105278
C            0.90305472382309       -1.63771078569977        0.55591075892493
C            2.37000215677322       -1.90543059353689        0.25736047042844
S            3.08630073810266       -0.80141992754052       -1.00938022465881
C            3.04612148140915        0.82653671493220       -0.17949600128605
C            4.11915022433417        0.94599079057304        0.89646814947889
O            5.41412314179146        0.86556451210904        0.36955766282846
H           -3.66652600352787        3.56384858309504        0.12366881896703
H           -3.74777330896690        2.45318219885836       -1.24406619064592
H           -2.22463211889677        2.69326435774709       -0.38624412207103
H           -4.74624741409882        1.50449428317447        0.86145673058274
H           -3.17202208921231        1.63377520925343        1.64326771479739
H           -3.71302076385609       -0.66181365153456        0.80641453599619
H           -3.75943800848892       -0.03782780444754       -0.84170943735494
H           -1.33305837810997        0.09922175518228        0.99181020331655
H           -1.37377726421151        0.56653614684765       -0.71220030679077
H           -2.02837189531185       -1.79177142694781       -1.29552526063325
H           -1.78426073259418       -2.24411629183498        0.39026975009730
H            0.15837581344904       -2.77455308041115       -1.10053736431724
H            0.35281616624330       -1.05694371627870       -1.43902953529746
H            0.79542808018966       -0.63883328917090        0.98232625498528
H            0.57893133358514       -2.35437874480499        1.31561783490154
H            2.97738374171755       -1.82202298873373        1.15910986697497
H            2.50333569757667       -2.90126116351631       -0.16519939569235
H            3.23538673190727        1.54520768096186       -0.97608781951023
H            2.05046860067451        0.99129825180672        0.22722010566780
H            3.96463537604283        0.17252393282896        1.66573222213777
H            4.04376952391255        1.92466126354476        1.37911708885396
H            5.44885181009396        0.09610839475474       -0.21592775561927
34
 energy: -39.946269671874 gnorm: 0.000905638386 xtb: 6.7.1 (edcfbbe)
C           -3.30385793197251        2.61528359824100       -0.26607760491956
C           -3.67048246839078        1.47851515179687        0.68119062300452
C           -3.29790435750357        0.09822018445278        0.13863800368822
C           -1.79045537626932       -0.11940612903996        0.02435762474702
C           -1.46035385708925       -1.55226293642680       -0.39080782388934
C            0.02365290665469       -1.77308477438754       -0.68127830981567
C            0.90469723882262       -1.63737693328187        0.55783880206377
C            2.37090557067234       -1.90470159618292        0.25643088319861
S            3.08339628690443       -0.79790294636892       -1.01026900320991
C            3.04436859542625        0.82748447037109       -0.17574823869179
C            4.12149959811701        0.94532479391769        0.89562149133312
O            5.41413058461183        0.85940093646849        0.36352169232526
H           -3.66724447848926        3.56332951607357        0.12376371750480
H           -3.75084898116097        2.45325620678216       -1.24423369389185
H           -2.22668622411263        2.69173390143928       -0.38786474383622
H           -4.74840575661005        1.50234630146248        0.85880867876020
H           -3.17545918385162        1.63351937957249        1.64297610526470
H           -3.71115295292386       -0.66265159385200        0.80594014634160
H           -3.75869661441598       -0.03914579870433       -0.84233908131462
H           -1.33158125004241        0.10368761684710        0.98985882465145
H           -1.37424828493942        0.56695682370626       -0.71515656173960
H           -2.02697754114775       -1.79216133830827       -1.29355705802078
H           -1.78344941484775       -2.24165178563875        0.39311181593009
H            0.15905348699701       -2.77451639029884       -1.09736963425119
H            0.35414851881369       -1.05727029311697       -1.43699295933966
H            0.79738801589962       -0.63856877227560        0.98439879281973
H            0.58128001245532       -2.35396942415900        1.31780740976917
H            2.98075270989744       -1.82328555668725        1.15667431672692
H            2.50306819414294       -2.89944553167181       -0.16882269759902
H            3.22909639806958        1.54837848605470       -0.97111171319417
H            2.05093534438541        0.98966183820380        0.23597199734546
H            3.96781891051710        0.17353365451801        1.66742210203603
H            4.05088204982766        1.92511153619030        1.37747053764804
H            5.44073025155334        0.09165740429865       -0.22482672004854
34
 energy: -39.946279812498 gnorm: 0.001013600701 xtb: 6.7.1 (edcfbbe)
C           -3.30758359154733        2.61465974840217       -0.26763308111991
C           -3.67395861970411        1.47742774732312        0.67918943088708
C           -3.29757881012040        0.09787714793092        0.13765168222836
C           -1.78975476183877       -0.11697746921522        0.02252056894533
C           -1.45866425821651       -1.55118841815138       -0.38709287689911
C            0.02496056629768       -1.77346038244493       -0.67744730200343
C            0.90735172120616       -1.63762592329992        0.56075968541045
C            2.37269774736192       -1.90375983945184        0.25465567082517
S            3.07926202629653       -0.79096290581412       -1.01037523159997
C            3.04165901901153        0.83093538395520       -0.16914940622556
C            4.12705195466835        0.94463605776471        0.89425544238591
O            5.41534392426709        0.84804272074418        0.35317430076418
H           -3.66915089313145        3.56275810833085        0.12384042532245
H           -3.75652707777773        2.45393856476071       -1.24515242387599
H           -2.23048012694200        2.68969743456872       -0.39111480238305
H           -4.75232781643385        1.49900580854478        0.85444430932573
H           -3.18134411918276        1.63360847451042        1.64198680999807
H           -3.70858348935222       -0.66356243789862        0.80568143517936
H           -3.75835823432248       -0.04150845575740       -0.84304999374991
H           -1.32965213412081        0.11108854015985        0.98629379469188
H           -1.37567725440198        0.56676205588056       -0.72064846690387
H           -2.02525805655790       -1.79425136055745       -1.28902666864220
H           -1.78186587207651       -2.23768747240330        0.39932207701716
H            0.15951794291551       -2.77535600939963       -1.09277548921128
H            0.35576760036478       -1.05846723927493       -1.43382073073514
H            0.79998790011445       -0.63915204337972        0.98822578490829
H            0.58603469042239       -2.35480432273883        1.32103772496524
H            2.98601809782854       -1.82482301470556        1.15268172847446
H            2.50383136017337       -2.89697649578219       -0.17460749878213
H            3.21839126903831        1.55615473256408       -0.96263561296832
H            2.05084546182163        0.98834790279490        0.25125841263757
H            3.97398764833037        0.17584025625803        1.66927029889121
H            4.06612166687054        1.92590503181915        1.37450382548396
H            5.42793451873910        0.08387807395851       -0.24087610184523
34
 energy: -39.946285876870 gnorm: 0.000612358976 xtb: 6.7.1 (edcfbbe)
C           -3.31085840509788        2.61430745973287       -0.26920400275378
C           -3.67631709840928        1.47673522495247        0.67739812455137
C           -3.29787936925682        0.09738335098726        0.13692452297320
C           -1.78982497570458       -0.11577468686655        0.02103819684132
C           -1.45849227662134       -1.55145807017268       -0.38354674486095
C            0.02489104440942       -1.77437415431902       -0.67449070591629
C            0.90896718759808       -1.63857578917533        0.56250373768851
C            2.37437767496460       -1.90113297148925        0.25318920584495
S            3.07561897805470       -0.78477294289659       -1.01179379874925
C            3.04077583058504        0.83378330582819       -0.16359161244163
C            4.13300809152618        0.94451094145923        0.89357456766540
O            5.41710181741590        0.83936238282320        0.34443906964121
H           -3.67146884917975        3.56239506219067        0.12339773905173
H           -3.76124033760530        2.45463082148191       -1.24641565317086
H           -2.23384316899940        2.68890485322710       -0.39421428346571
H           -4.75485315165491        1.49682068988659        0.85151292652369
H           -3.18495497263207        1.63404475428743        1.64064769098737
H           -3.70739876555961       -0.66394520106677        0.80600910134838
H           -3.75906658763664       -0.04375768997799       -0.84336659200763
H           -1.32873206891746        0.11647185949362        0.98335784907693
H           -1.37733834671362        0.56547115547454       -0.72532938245480
H           -2.02587811919757       -1.79810425470687       -1.28411251380844
H           -1.78076951635437       -2.23519971140194        0.40574371672477
H            0.15862945714143       -2.77653297395330       -1.08942312629860
H            0.35555713344721       -1.05995502189653       -1.43150696091999
H            0.80041136230576       -0.64078582311092        0.99127833562014
H            0.59035361022786       -2.35719391617975        1.32263081506956
H            2.98962541617385       -1.82363310142959        1.15003061698151
H            2.50606640449553       -2.89307345952933       -0.17884319899033
H            3.21083671055796        1.56243752922646       -0.95552474136662
H            2.05221642864333        0.98837051444490        0.26396714726345
H            3.98039440214075        0.17778351514318        1.67033677257473
H            4.08068773611911        1.92687403819010        1.37225640906837
H            5.41939672373560        0.07798230933838       -0.25352550689500
34
 energy: -39.946291170586 gnorm: 0.000365505421 xtb: 6.7.1 (edcfbbe)
C           -3.31351968764260        2.61399133031631       -0.27094804552870
C           -3.67792946942296        1.47656821229447        0.67604908401697
C           -3.29877804354007        0.09703380041376        0.13657370088648
C           -1.79070886130154       -0.11576635479981        0.01988302063119
C           -1.45905290758729       -1.55275969255575       -0.38004872387409
C            0.02400411598249       -1.77615524602285       -0.67263326444144
C            0.90942242690058       -1.63992308423032        0.56330386848317
C            2.37517957621223       -1.89874853358308        0.25173589100177
S            3.07174391175985       -0.77845278887847       -1.01214302254264
C            3.04119550314394        0.83793481152984       -0.15951611823718
C            4.13919209038915        0.94453305595291        0.89264991120151
O            5.41980489891886        0.83319713917321        0.33734271805085
H           -3.67391223425824        3.56202298823390        0.12226418064721
H           -3.76501081697561        2.45453917345441       -1.24787106856775
H           -2.23656578198926        2.68875732971234       -0.39716865413895
H           -4.75641749583849        1.49594942719395        0.85034214673391
H           -3.18650316613002        1.63476268018145        1.63911729218495
H           -3.70746845618328       -0.66372423748226        0.80681685698194
H           -3.76058744891148       -0.04549575711777       -0.84323101175481
H           -1.32876508272332        0.11991584867059        0.98093415441875
H           -1.37928067914534        0.56312386591728       -0.72919013594445
H           -2.02784687280039       -1.80303757760610       -1.27877671342192
H           -1.77974540028493       -2.23381932372573        0.41229056171434
H            0.15702999140852       -2.77850766495056       -1.08737321473890
H            0.35398431471474       -1.06203187888223       -1.43025585427932
H            0.79890532733878       -0.64296175303077        0.99361864876241
H            0.59379313249183       -2.36049224725305        1.32287342695610
H            2.99119356454757       -1.82053431482747        1.14793360728552
H            2.50887521636295       -2.88997777899894       -0.18145146822143
H            3.20664939261398        1.56924311444154       -0.95011915163911
H            2.05467473856025        0.99068526677766        0.27398394720162
H            3.98721148680016        0.17918391036625        1.67049872834519
H            4.09394115272290        1.92728175360426        1.37063994706762
H            5.41529156386796        0.07366452570662       -0.26277752384414
34
 energy: -39.946297313850 gnorm: 0.000647658357 xtb: 6.7.1 (edcfbbe)
C           -3.31615367496493        2.61329627625333       -0.27345516236063
C           -3.67902597857854        1.47658493856988        0.67490098138610
C           -3.30054059723019        0.09635570413759        0.13664234426557
C           -1.79258227701371       -0.11682998188789        0.01887753074474
C           -1.46084319139856       -1.55534247864281       -0.37574288784798
C            0.02177261039591       -1.77887374153491       -0.67109237074609
C            0.90885584487361       -1.64138513483335        0.56349323287831
C            2.37545013558243       -1.89419081421407        0.24991563569249
S            3.06706006681381       -0.77074253169790       -1.01356593154261
C            3.04281872312003        0.84269817660139       -0.15486607298628
C            4.14739890873893        0.94466925612518        0.89131904541148
O            5.42442606056524        0.82818615069693        0.32949407085897
H           -3.67675470110122        3.56146932598013        0.11942592502062
H           -3.76859628200505        2.45300217228213       -1.24989709375880
H           -2.23934319620510        2.68868671654739       -0.40096801536045
H           -4.75724072353366        1.49597440473574        0.85076034438075
H           -3.18622240645122        1.63581477071165        1.63710182122483
H           -3.70876754052325       -0.66337359352516        0.80834684100934
H           -3.76335704983599       -0.04740119566541       -0.84250116808978
H           -1.32958022102740        0.12253837431461        0.97849104394213
H           -1.38209851488950        0.55925783025231       -0.73322341072149
H           -2.03189896743884       -1.81011883159418       -1.27178747795953
H           -1.77885762612531       -2.23319688208330        0.42048496195553
H            0.15421365819234       -2.78146244340006       -1.08548535837877
H            0.35026143650382       -1.06510792336876       -1.42970959504969
H            0.79531976110491       -0.64547964983694        0.99550244901362
H            0.59712351569903       -2.36448609164038        1.32234045439749
H            2.99171430000407       -1.81403817291484        1.14577932934443
H            2.51257597460384       -2.88480415943903       -0.18367056121129
H            3.20481085150970        1.57639628065379       -0.94396640505737
H            2.05873784424838        0.99511439721513        0.28478013877294
H            3.99609863892456        0.17984088038236        1.66953769471117
H            4.10888614228878        1.92736517503760        1.36957662973762
H            5.41433847515531        0.06958279577729       -0.27149124228075
34
 energy: -39.946303445439 gnorm: 0.000697426025 xtb: 6.7.1 (edcfbbe)
C           -3.31865322541975        2.61173628492211       -0.27679194008880
C           -3.67972357885172        1.47658188973519        0.67414235336463
C           -3.30288361873191        0.09530488898390        0.13725568775023
C           -1.79511928286484       -0.11856985650840        0.01808955192900
C           -1.46359151638572       -1.55866972776711       -0.37102486377880
C            0.01857788800634       -1.78182132068050       -0.66949943220887
C            0.90778877379801       -1.64201573355762        0.56328364876041
C            2.37509847546778       -1.88894024774284        0.24795017975036
S            3.06095674192298       -0.76177853693607       -1.01507695559554
C            3.04582594959834        0.84853888882407       -0.15018981658612
C            4.15683057058698        0.94431979129975        0.88991957810883
O            5.43005287560922        0.82460729567650        0.32050571592516
H           -3.67953706913096        3.56038488825632        0.11466397387618
H           -3.77196632693888        2.44937322930610       -1.25245151289344
H           -2.24205362323794        2.68770377657280       -0.40556925295576
H           -4.75752164282483        1.49670327373036        0.85251938266922
H           -3.18459084799104        1.63715887169724        1.63495140719508
H           -3.71074781079113       -0.66315248835800        0.81062453842445
H           -3.76703935677993       -0.04959825496690       -0.84107740061767
H           -1.33081309249014        0.12475649928493        0.97609454843751
H           -1.38574823808610        0.55454597923335       -0.73727512970595
H           -2.03726871406601       -1.81823709260028       -1.26399977719193
H           -1.77835903295125       -2.23312093797208        0.42938408835700
H            0.15071184197130       -2.78488684915744       -1.08279160021441
H            0.34509764876438       -1.06888280966394       -1.42973375701755
H            0.79094165619335       -0.64694679849371        0.99628811544180
H            0.60022979381641       -2.36719184316873        1.32183899719308
H            2.99166055924157       -1.80619509006084        1.14340068694640
H            2.51589394554222       -2.87899089242535       -0.18577048711263
H            3.20444888857951        1.58485853646326       -0.93755028284339
H            2.06489957850985        1.00113475310901        0.29622012969801
H            4.00724358306071        0.17865676526124        1.66779370076335
H            4.12442738773213        1.92642605488176        1.36989790480239
H            5.41493081914364        0.06620681281721       -0.28067425918565
34
 energy: -39.946309719183 gnorm: 0.000489542084 xtb: 6.7.1 (edcfbbe)
C           -3.32097927884605        2.60939871726576       -0.28068731422143
C           -3.68049457375050        1.47655175178877        0.67367250790045
C           -3.30550397262587        0.09404528896495        0.13861522268201
C           -1.79799148752787       -0.12052754941368        0.01760342835677
C           -1.46621942171271       -1.56193755287239       -0.36628093309696
C            0.01542318004148       -1.78482426042773       -0.66776761194706
C            0.90640415183258       -1.64115555261254        0.56332847969790
C            2.37403529350712       -1.88302697872917        0.24563206079976
S            3.05508486129865       -0.75265668425593       -1.01706305935242
C            3.04876451929948        0.85393752680244       -0.14512391418703
C            4.16659136456937        0.94324887646813        0.88814153309410
O            5.43625069069710        0.82243334383204        0.31099860799543
H           -3.68198611932616        3.55887761778780        0.10855633531366
H           -3.77522972367659        2.44400883686671       -1.25532847697838
H           -2.24456721715368        2.68555519218298       -0.41075070930588
H           -4.75781416787220        1.49773434914390        0.85492853934873
H           -3.18266078782145        1.63877808361497        1.63281463723871
H           -3.71277791542355       -0.66308139028499        0.81383038457986
H           -3.77118133133647       -0.05217222625538       -0.83877979948255
H           -1.33215859338624        0.12666425764292        0.97386984305320
H           -1.38993555831627        0.54973081544552       -0.74099101987550
H           -2.04212902011006       -1.82582255514422       -1.25646903091937
H           -1.77809585872427       -2.23324291399094        0.43784651895628
H            0.14764097904812       -2.78869226517977       -1.07911374997174
H            0.33970560713142       -1.07317721275348       -1.43015137176889
H            0.78693766908470       -0.64620469657994        0.99583244029377
H            0.60258933527592       -2.36705283404018        1.32269549829860
H            2.99125285373047       -1.79845223271404        1.14043722254025
H            2.51772333864696       -2.87244211185371       -0.18849932119870
H            3.20450940274938        1.59296380637635       -0.93041796688973
H            2.07111221682007        1.00699006955661        0.30804655712483
H            4.01977578440888        0.17545311156483        1.66461331817421
H            4.13934598279597        1.92382706783486        1.37175384451814
H            5.41657779667520        0.06427030396367       -0.29044497937456
34
 energy: -39.946318264833 gnorm: 0.000298216282 xtb: 6.7.1 (edcfbbe)
C           -3.32372195835494        2.60583371354247       -0.28584815329203
C           -3.68130246306702        1.47628013633502        0.67328619182145
C           -3.30871059595778        0.09204101417908        0.14101814534538
C           -1.80146331079298       -0.12280973254980        0.01740444126684
C           -1.46988775758718       -1.56563538944467       -0.36104859349236
C            0.01130927726487       -1.78778730628662       -0.66524477115586
C            0.90501555762755       -1.63831285590979        0.56323806251762
C            2.37258946693521       -1.87636276914033        0.24306043987674
S            3.04813314648802       -0.74212854775626       -1.01916385096524
C            3.05278503902560        0.85995621809638       -0.13903238754990
C            4.17829443014202        0.94117321712449        0.88622205090383
O            5.44365960544250        0.82177345172903        0.29912557767529
H           -3.68462854874423        3.55666069310940        0.10002685476434
H           -3.77907930744368        2.43625665187031       -1.25914502228900
H           -2.24756208239078        2.68192170373678       -0.41754400719298
H           -4.75803581714668        1.49888162861614        0.85787954718531
H           -3.18035089490627        1.64103626737587        1.63039356143029
H           -3.71486968624445       -0.66325395612447        0.81895753755353
H           -3.77657452491271       -0.05628553629642       -0.83501957086108
H           -1.33355974046078        0.12876238478839        0.97153749619809
H           -1.39534977897057        0.54432072854241       -0.74498480541392
H           -2.04799507566611       -1.83406708484428       -1.24839894734476
H           -1.77867358532303       -2.23364326546518        0.44694474816428
H            0.14393493193588       -2.79302686370150       -1.07304838961102
H            0.33300661683730       -1.07859312583515       -1.43099085196011
H            0.78345086195897       -0.64260922944803        0.99330445298511
H            0.60503138129534       -2.36315281058913        1.32506743674380
H            2.99124304576313       -1.79068519003362        1.13676228266292
H            2.51807306828147       -2.86495259116275       -0.19221264383449
H            3.20494115619226        1.60258780758568       -0.92154814396875
H            2.07913810877604        1.01327753424886        0.32223058738206
H            4.03590899501571        0.16905557822054        1.65952842013502
H            4.15596302215614        1.91906075322028        1.37583109569595
H            5.41928741683458        0.06442677226178       -0.30324106997991
34
 energy: -39.946331803873 gnorm: 0.000593930159 xtb: 6.7.1 (edcfbbe)
C           -3.32815344791766        2.60006566300816       -0.29389719809631
C           -3.68330086456335        1.47596352971556        0.67267809720236
C           -3.31336057560266        0.08908192084018        0.14549799491350
C           -1.80655809236279       -0.12599626073243        0.01748156430837
C           -1.47451874308196       -1.57054394033270       -0.35353719476631
C            0.00598458672007       -1.79209915460480       -0.66126017821151
C            0.90306364392371       -1.63242317555371        0.56357170556131
C            2.37000549117595       -1.86693278226873        0.23888757217204
S            3.03888560455971       -0.72736720301817       -1.02231613939183
C            3.05882662508261        0.86774663255424       -0.12978770339065
C            4.19556251874901        0.93724501852739        0.88366157049658
O            5.45442781175404        0.82255566420598        0.28119727343185
H           -3.68861582366472        3.55304927512664        0.08684581647927
H           -3.78533546868133        2.42419219585117       -1.26512845144797
H           -2.25231898974253        2.67569408985106       -0.42813636624480
H           -4.75927237682665        1.50049340829399        0.86153084707878
H           -3.17828484980272        1.64504112569443        1.62691646618312
H           -3.71713549365484       -0.66318381411479        0.82821946341044
H           -3.78472924293169       -0.06351046115693       -0.82820724680157
H           -1.33542530980342        0.13169922911236        0.96839035798258
H           -1.40369541181796        0.53691704725611       -0.75029150876717
H           -2.05507036874507       -1.84480217897067       -1.23743078837831
H           -1.77979218983866       -2.23425116530233        0.45926097829599
H            0.13937044801633       -2.79983465953687       -1.06269507649206
H            0.32392747387169       -1.08726940947252       -1.43262981358891
H            0.77974402182631       -0.63449027178698        0.98795131906973
H            0.60792713945715       -2.35369287342358        1.33068382367106
H            2.99115132544943       -1.78147879902437        1.13082543011719
H            2.51641666647840       -2.85424649573740       -0.19879892248555
H            3.20496923240350        1.61606144654665       -0.90800126397394
H            2.09105406645479        1.02078962757446        0.34353782952619
H            4.06109825549291        0.15741559917353        1.65105127944327
H            4.17956060681687        1.91028909054603        1.38357272590755
H            5.42359173080960        0.06782208115361       -0.32429654181800
34
 energy: -39.946351138933 gnorm: 0.001102148705 xtb: 6.7.1 (edcfbbe)
C           -3.33565557660218        2.59149521055213       -0.30621011125443
C           -3.68691101685905        1.47536630173006        0.67114529288311
C           -3.32005474283107        0.08429576564493        0.15290977951145
C           -1.81378367001521       -0.13003387171808        0.01799314693811
C           -1.48161078191385       -1.57707897653469       -0.34273327167544
C           -0.00196853241292       -1.79797385835125       -0.65467711371451
C            0.90089522015336       -1.62280046564028        0.56389763769881
C            2.36669110119770       -1.85415215125914        0.23287655067941
S            3.02661190721196       -0.70633355761035       -1.02580116635984
C            3.06775060556652        0.87836453886530       -0.11535675543525
C            4.22168774295239        0.93105682536841        0.87968186832353
O            5.47064538438369        0.82497702651220        0.25441416820076
H           -3.69529301881905        3.54765820023542        0.06722733125102
H           -3.79583038479162        2.40662960055907       -1.27433771931470
H           -2.26029967833276        2.66631414761496       -0.44449720360635
H           -4.76190398619442        1.50201834311554        0.86513766244079
H           -3.17710474746457        1.65167968707309        1.62156739285589
H           -3.71948764947692       -0.66293745935411        0.84378424852114
H           -3.79698671014102       -0.07600805260054       -0.81691061580714
H           -1.33763802474912        0.13651667632136        0.96402245375027
H           -1.41612084526221        0.52680668218092       -0.75774232286664
H           -2.06539784728759       -1.85953208699175       -1.22197099243548
H           -1.78212337561318       -2.23473666366596        0.47676367975769
H            0.13233541928672       -2.80969046176785       -1.04579322208120
H            0.31085091618133       -1.10052897642661       -1.43490611198878
H            0.77596287105374       -0.62094945785283        0.97857212599388
H            0.61232977146725       -2.33726545255119        1.33989593740502
H            2.99198139081801       -1.77062779227138        1.12205029443300
H            2.51283191250013       -2.83941678738039       -0.20938672454087
H            3.20427280648252        1.63554687384639       -0.88675989163306
H            2.10858781008250        1.02972232344615        0.37604879493525
H            4.09967719162709        0.13917671514431        1.63713646397269
H            4.21471248696520        1.89614792199695        1.39553205190596
H            5.43034605084181        0.07629323176330       -0.35822593734802
34
 energy: -39.946373268324 gnorm: 0.001754496297 xtb: 6.7.1 (edcfbbe)
C           -3.34748912170983        2.57949095990239       -0.32385909869984
C           -3.69351875980171        1.47489178270519        0.66855088525272
C           -3.32922212486713        0.07812468438628        0.16390722864242
C           -1.82380434007743       -0.13530642730673        0.01921163739685
C           -1.49061214462773       -1.58554059091579       -0.32726162484247
C           -0.01232432616791       -1.80630640637964       -0.64546309600431
C            0.89799006459400       -1.60955541429023        0.56445363355509
C            2.36207136899120       -1.83716666074158        0.22420920104805
S            3.01069099970259       -0.67783141749545       -1.03004649975642
C            3.08161625336543        0.89177208901486       -0.09454901894519
C            4.25892407986530        0.92240591255302        0.87427294945136
O            5.49290614363345        0.83019245457838        0.21647600685528
H           -3.70584619198052        3.53990868407993        0.03980009208164
H           -3.81208366687239        2.38273737635149       -1.28761057737075
H           -2.27282643316423        2.65324062749549       -0.46811153712337
H           -4.76735902819389        1.50385800717666        0.86846553496587
H           -3.17811751843583        1.66206357327250        1.61395852908867
H           -3.72180225964315       -0.66140815390768        0.86707033576478
H           -3.81401132546038       -0.09458540836932       -0.80001591279770
H           -1.34077729421888        0.14330472113859        0.95830766660227
H           -1.43364518017033        0.51325339021422       -0.76729449818491
H           -2.07867435520808       -1.87887986413497       -1.20014563141275
H           -1.78517522416240       -2.23491078813111        0.50107164644321
H            0.12272606909048       -2.82359589699824       -1.02195838987311
H            0.29351225798816       -1.11954314356682       -1.43808495935098
H            0.77128743198378       -0.60216650548038        0.96525327095290
H            0.61847119322447       -2.31404242756243        1.35301472726220
H            2.99287090809231       -1.75771149624002        1.10980601017848
H            2.50707040195468       -2.81939967769131       -0.22510194945009
H            3.20298708205078        1.66194092254375       -0.85595318671388
H            2.13497604749847        1.03906772048056        0.42271095167837
H            4.15526902759198        0.11353360002961        1.61690606062913
H            4.26457051900890        1.87600305016674        1.41169287776112
H            5.43934944613252        0.09216072311539       -0.40833554368883
34
 energy: -39.946392411336 gnorm: 0.001723875881 xtb: 6.7.1 (edcfbbe)
C           -3.35916021669543        2.56929289176743       -0.33928986848059
C           -3.70038810529143        1.47446268454863        0.66539913048780
C           -3.33694925205046        0.07273973815851        0.17403406115450
C           -1.83215638313091       -0.13898601181325        0.02109370210342
C           -1.49816824609387       -1.59162373340650       -0.31409966601689
C           -0.02095727528907       -1.81259044306483       -0.63710041089038
C            0.89586973361259       -1.59852405455105        0.56480253220348
C            2.35851576963252       -1.82393666468483        0.21715314659791
S            2.99967050966574       -0.65456094423715       -1.03153007542471
C            3.09436007915388        0.90160441370597       -0.07598529216866
C            4.29162244286605        0.91503936902741        0.86855012580520
O            5.51198711450622        0.83674275756904        0.18401709942674
H           -3.71641784829542        3.53316845494294        0.01635102515152
H           -3.82774849673789        2.36274082970537       -1.29913800090142
H           -2.28509896942733        2.64195209046721       -0.48877168008246
H           -4.77343521957549        1.50459195100645        0.86897151168881
H           -3.18165944152886        1.67179144797236        1.60689014356639
H           -3.72309598889306       -0.65961118348413        0.88828744989594
H           -3.82828970718874       -0.11172757943981       -0.78441153377358
H           -1.34348969578394        0.14945088110190        0.95422596206113
H           -1.44855132959099        0.50275536797515       -0.77410386801295
H           -2.08964395562999       -1.89376128973046       -1.18172690920924
H           -1.78777577851324       -2.23427443714619        0.52121595401552
H            0.11445830147006       -2.83426254529259       -1.00137137518499
H            0.27929808531070       -1.13512340539727       -1.43976984361857
H            0.76782494695534       -0.58673587042995        0.95395873346832
H            0.62348283331726       -2.29431126209069        1.36347742139099
H            2.99365461905517       -1.74933661787348        1.09999288261257
H            2.50176432346415       -2.80332805970404       -0.23892906219467
H            3.20209288666652        1.68280695646703       -0.82817631682320
H            2.15882015876245        1.04339443633135        0.46297810334773
H            4.20424197126322        0.09214049578088        1.59748788194634
H            4.30810342368899        1.85808696023853        1.42370016944039
H            5.44721871033333        0.10993237557278       -0.45283541218683
34
 energy: -39.946411970188 gnorm: 0.000822605259 xtb: 6.7.1 (edcfbbe)
C           -3.37101265480120        2.56133486099957       -0.35185897275505
C           -3.70814920199361        1.47416521421628        0.66208555192243
C           -3.34260422891215        0.06915814168175        0.18208709164622
C           -1.83816325301588       -0.14048090710080        0.02344388826565
C           -1.50273249118503       -1.59465169491213       -0.30338120375067
C           -0.02637720584721       -1.81615166218862       -0.63046169549786
C            0.89484255282168       -1.59098167720304        0.56547786778302
C            2.35649226062284       -1.81526090440297        0.21253360726165
S            2.99256466531519       -0.63813981104769       -1.03108631992226
C            3.10547179030725        0.90681462270197       -0.06062972325116
C            4.31836355979520        0.90942626866280        0.86281819587222
O            5.52632690234037        0.84329899502057        0.15699213392839
H           -3.72755583759781        3.52742873450734       -0.00173579596586
H           -3.84297539463723        2.34806269020127       -1.30851789953295
H           -2.29754387595978        2.63366411272855       -0.50582269977226
H           -4.78096705123282        1.50354130470100        0.86681554741629
H           -3.18857202589028        1.68042717231278        1.60105569425024
H           -3.72291379370744       -0.65699727489553        0.90546972106557
H           -3.83839921269654       -0.12615058975802       -0.77173246348081
H           -1.34578448968034        0.15528194917048        0.95207213242578
H           -1.45981480857146        0.49634803753147       -0.77789427715913
H           -2.09673025583521       -1.90322546475700       -1.16693985674489
H           -1.78861860242345       -2.23231783957889        0.53697042391571
H            0.10857437745983       -2.84058145861027       -0.98645004416254
H            0.26987320004766       -1.14536255305016       -1.43986828178769
H            0.76589340930367       -0.57666216080009        0.94713586168462
H            0.62791903869904       -2.28103173235253        1.37055083904131
H            2.99452714288682       -1.74536650353721        1.09362790834317
H            2.49786705032936       -2.79227153554757       -0.24919998569563
H            3.20039507319373        1.69713934267515       -0.80476291014318
H            2.17964653560751        1.04180957793032        0.49605769272251
H            4.24428619366082        0.07645747892385        1.58045435148362
H            4.34399407349193        1.84412038813455        1.43020637719274
H            5.45187655811375        0.12715487763503       -0.49016503520384
34
 energy: -39.946412857811 gnorm: 0.003843424692 xtb: 6.7.1 (edcfbbe)
C           -3.39922018976336        2.54427917420505       -0.38063594569988
C           -3.72520719565504        1.47301845579670        0.65405106700123
C           -3.35528259221056        0.06052351769803        0.19875621247709
C           -1.85120973875336       -0.14319003311476        0.02742777354679
C           -1.51289536436477       -1.60196909421838       -0.27755472019430
C           -0.03865458993007       -1.82441383902820       -0.61493298807189
C            0.89306391101533       -1.57642918537398        0.56847389478435
C            2.35308324099656       -1.79336905867124        0.20207898728289
S            2.97279402719454       -0.59719091363396       -1.03176960991327
C            3.12754838836206        0.92203080109391       -0.02420639888896
C            4.38094578743429        0.89615853047020        0.84928868280586
O            5.55946854913955        0.85165785477790        0.08960164897216
H           -3.75477379284715        3.51539914696901       -0.04292739434954
H           -3.87907319992726        2.31474793773648       -1.32999734690426
H           -2.32721540432123        2.61668970534704       -0.54509831368206
H           -4.79736427129262        1.49998851522422        0.86309395386947
H           -3.20257445499389        1.69937905996661        1.58704198743804
H           -3.72278798533409       -0.65280302859481        0.94190675925686
H           -3.86061917687479       -0.15804273104313       -0.74539286614162
H           -1.35022569634018        0.17162025086933        0.94568655414545
H           -1.48480587857249        0.48127276848611       -0.78962860890493
H           -2.11400014768304       -1.92794239467811       -1.13045816593231
H           -1.78833493419768       -2.22660339350070        0.57672730228488
H            0.09490088398538       -2.85474357093666       -0.95449933326473
H            0.24821065779179       -1.16666539427888       -1.43864952480727
H            0.76028768140613       -0.55764466067911        0.93680019157811
H            0.64012518155723       -2.25750216187045        1.38584521600511
H            2.99795903018305       -1.73067409875849        1.07876086805125
H            2.49352851880274       -2.76522094350312       -0.27090715430638
H            3.19096113672565        1.73366855889715       -0.75059117121513
H            2.22470352378005        1.04207494560420        0.57646954890911
H            4.33781428607935        0.04105997264459        1.54461610411733
H            4.43069462238252        1.81361693385031        1.44471514493041
H            5.45815518623713        0.15721837223816       -0.57874463378496
34
 energy: -39.946439627828 gnorm: 0.001432020990 xtb: 6.7.1 (edcfbbe)
C           -3.39707249544941        2.54776541784494       -0.37577358859737
C           -3.72411434691743        1.47304677680497        0.65446516751019
C           -3.35279460736110        0.06230507131957        0.19561157671658
C           -1.84838414821651       -0.14135182796065        0.02764313957509
C           -1.51002550386367       -1.59889059967029       -0.28202135603916
C           -0.03536025127437       -1.82108439408382       -0.61752524984369
C            0.89401213457204       -1.58080488863065        0.56886777725629
C            2.35465250104193       -1.79853550253712        0.20532418623942
S            2.97843262694794       -0.60643566901501       -1.02984479273226
C            3.12449429872375        0.91741254504999       -0.03063744371262
C            4.37060309673000        0.89857016596165        0.85000147430888
O            5.55274809305536        0.85095848692011        0.09970217524786
H           -3.75343382001739        3.51760944403137       -0.03533696538124
H           -3.87550089520145        2.32128286165993       -1.32642326404393
H           -2.32487397308402        2.62073342689883       -0.53841977277538
H           -4.79663411539396        1.49890969241423        0.86173523090275
H           -3.20334597883807        1.69664495523810        1.58888394309044
H           -3.72242988125169       -0.65328915727705        0.93492608465939
H           -3.85527053528472       -0.15273059531771       -0.75037252638083
H           -1.34988430141662        0.16952629307988        0.94816768058583
H           -1.47944386028176        0.48585963045191       -0.78568551229115
H           -2.10987690502688       -1.92143457120320       -1.13672367054877
H           -1.78702619362819       -2.22620476350527        0.56937245197562
H            0.09809641325701       -2.84937648996506       -0.96263409199708
H            0.25363549269321       -1.15915011533602       -1.43671165366290
H            0.76177885637155       -0.56394367832763        0.94235038651055
H            0.63800640749795       -2.26573744151860        1.38172767004258
H            2.99764868473159       -1.73392641677556        1.08313684684064
H            2.49572524056198       -2.77151670885510       -0.26487955812103
H            3.19242349003232        1.72499632008255       -0.75946096213879
H            2.21840305188610        1.03835004333702        0.56192831397229
H            4.32283920000677        0.04799400077105        1.54903310927216
H            4.41655984615702        1.81919183120691        1.43904565700046
H            5.45541237825210        0.15325585689689       -0.56412474204587
34
 energy: -39.946459231241 gnorm: 0.001329372797 xtb: 6.7.1 (edcfbbe)
C           -3.41059770786857        2.54327822186246       -0.38450180666347
C           -3.73257839097837        1.47240991586106        0.65106706661563
C           -3.35590525005161        0.06106411917258        0.19909582148153
C           -1.85119181799672       -0.13971089586466        0.03058279396787
C           -1.51031252091628       -1.59739101857717       -0.27471758117242
C           -0.03613264174943       -1.81891376047659       -0.61296800722539
C            0.89483891228156       -1.58045533479306        0.57222162300437
C            2.35537586424883       -1.79523111830707        0.20616715277480
S            2.97447282147109       -0.59952664417430       -1.02718962132001
C            3.13245974297275        0.91752037668307       -0.02064060835706
C            4.38919358316773        0.89498628547149        0.84239447010877
O            5.55999260106050        0.85510364751707        0.07655287768625
H           -3.76858218563242        3.51349506495852       -0.04679478273152
H           -3.89097087028219        2.31217170610785       -1.33304048362289
H           -2.33899354585139        2.61818968357267       -0.55015757098471
H           -4.80515987913191        1.49482415079281        0.85867358119116
H           -3.21240716053705        1.70275258609895        1.58402532334428
H           -3.72223927852377       -0.65143126892116        0.94256149831488
H           -3.85851591962470       -0.16091815914415       -0.74488267611034
H           -1.35249145060773        0.17506945535346        0.94927518904142
H           -1.48437980366639        0.48545355309271       -0.78479162666164
H           -2.11174167308697       -1.92362497036188       -1.12647492081015
H           -1.78425317432205       -2.22201852768462        0.57922940539974
H            0.09695647128449       -2.84655645095362       -0.95981942527686
H            0.25154322538200       -1.15579392569384       -1.43136355099572
H            0.76134414989202       -0.56488522712019        0.94873618406253
H            0.64124784141577       -2.26816477979024        1.38331136949844
H            2.99955773032682       -1.73018263712001        1.08306615935073
H            2.49738039404618       -2.76732280443065       -0.26543401206243
H            3.19014406468950        1.73078343612687       -0.74281984103708
H            2.23473883626574        1.03173386025595        0.58398076561117
H            4.35158370603741        0.03876896281656        1.53424099547462
H            4.44227554565589        1.81073715291251        1.43708803156750
H            5.45334778064149        0.16378534474740       -0.59132607206920
34
 energy: -39.946489712971 gnorm: 0.001570045557 xtb: 6.7.1 (edcfbbe)
C           -3.44084944892020        2.53005604244430       -0.40782708585665
C           -3.75033626841339        1.47068363110312        0.64355416295892
C           -3.36532497372412        0.05577499155843        0.20971183743975
C           -1.86020874314113       -0.13838055236781        0.03625201360136
C           -1.51425984873944       -1.59788407973890       -0.25486928298482
C           -0.04140328911602       -1.81730149190689       -0.60040326622702
C            0.89502527321142       -1.57478238400415        0.57962877315010
C            2.35460325226678       -1.78179583991194        0.20472609543965
S            2.96012894135690       -0.57419808372601       -1.02344176001058
C            3.15163529320789        0.92360899518094        0.00718164108456
C            4.43912612539234        0.88388812508034        0.82523919199627
O            5.58243917434919        0.86454947088740        0.01621532230531
H           -3.80179692985637        3.50257241917746       -0.07971945676152
H           -3.92640167414112        2.28484552716961       -1.35035697623757
H           -2.37078010839633        2.60864455569443       -0.58157348971280
H           -4.82233352533020        1.48774801566574        0.85502866592984
H           -3.22831365669510        1.71787228285582        1.57133564963698
H           -3.72306962446228       -0.64841897386859        0.96530348500878
H           -3.87117924379252       -0.18331397491259       -0.72847360836112
H           -1.35833055627990        0.18912332806506        0.94879874549637
H           -1.50073747262586        0.47960425337598       -0.78782008306263
H           -2.11991009044133       -1.93603626693477       -1.09892614005964
H           -1.77991452754905       -2.21421061330775        0.60769138504467
H            0.09171946152666       -2.84551743995496       -0.94551360560722
H            0.24105921150233       -1.15556719143791       -1.42171798600058
H            0.75837797546013       -0.55993228474487        0.95716082368510
H            0.64946836457645       -2.26432053228282        1.39170243371634
H            3.00332946688107       -1.71794223739405        1.07840357793654
H            2.49816138237406       -2.75088976900352       -0.27252457796654
H            3.18274630960807        1.75257636925687       -0.69936359347954
H            2.27507257368841        1.02293667115682        0.64621052796780
H            4.42839392790960        0.01112302684751        1.49842102093093
H            4.51110124045594        1.78582701541415        1.43936300334326
H            5.45276200787154        0.18905699455332       -0.66404972294991
34
 energy: -39.946490283864 gnorm: 0.004220628700 xtb: 6.7.1 (edcfbbe)
C           -3.48143961449605        2.51309940499984       -0.43678627313663
C           -3.77254827479012        1.46775259706441        0.63467816613136
C           -3.37697867120356        0.04951602502815        0.22097451494878
C           -1.87085464997057       -0.13506979961408        0.04377290509360
C           -1.51717717868271       -1.59629343322604       -0.23129686410787
C           -0.04544362659700       -1.81021950819264       -0.58455617175725
C            0.89573231110481       -1.56979933329974        0.59289154935193
C            2.35390313998555       -1.76655138028827        0.20729459027187
S            2.94014262678037       -0.54549898851796       -1.01744214546750
C            3.17507326976062        0.92933316234238        0.04055647390077
C            4.50008807960505        0.86906433313493        0.80022555398010
O            5.60799859474122        0.87582847439940       -0.06105406624885
H           -3.84882072980964        3.48759195227310       -0.12174965543400
H           -3.97235759188229        2.24796190034858       -1.37132310925482
H           -2.41363618200055        2.59902673661437       -0.62055794568973
H           -4.84320410856704        1.47748809992038        0.85385667913750
H           -3.24612260165387        1.73549550749422        1.55463004919558
H           -3.72585801919212       -0.64638338190107        0.98889084475325
H           -3.88468824481492       -0.20824397753014       -0.71175414753696
H           -1.36656316909545        0.20762440112550        0.95008015055075
H           -1.51961678218379        0.47549623795094       -0.79002938059366
H           -2.12653403809803       -1.94896825117441       -1.06709982498761
H           -1.77268142326152       -2.20374079941986        0.64099972415133
H            0.08917249687283       -2.83703940699579       -0.93420494615341
H            0.23151935828706       -1.14436675819252       -1.40501362657923
H            0.75570175277153       -0.55785543663871        0.97796784345195
H            0.65850632259601       -2.26660179641568        1.40184522890122
H            3.00870079255783       -1.70206501796337        1.07661191428891
H            2.50024166138566       -2.73265449895014       -0.27535388344268
H            3.17326159897781        1.77627300950616       -0.64685960447442
H            2.32662339094435        1.01092897294600        0.72189585921185
H            4.52221917805783       -0.02323360915433        1.44963434064505
H            4.59646699198983        1.75390777871939        1.43827472255493
H            5.44917333989801        0.21819678359543       -0.75465174426227
34
 energy: -39.946521283882 gnorm: 0.001471068447 xtb: 6.7.1 (edcfbbe)
C           -3.47465139759858        2.51734812182356       -0.42922083385881
C           -3.76755191050683        1.46780329298757        0.63719679968790
C           -3.37369797023299        0.05176434715791        0.21576390027161
C           -1.86731522043783       -0.13402037100343        0.04255092317317
C           -1.51400255481882       -1.59407025806398       -0.23835784614577
C           -0.04150907754057       -1.80656533905422       -0.58852216234888
C            0.89627588562322       -1.57425225078442        0.59355019883351
C            2.35481916090226       -1.77220221890067        0.21135855681613
S            2.94389743673370       -0.55638331053352       -1.01732033182962
C            3.16843624478406        0.92561733457337        0.03067553389797
C            4.48335122574885        0.87197282772198        0.80285829893007
O            5.59890004346047        0.87232928644560       -0.04462952184129
H           -3.84326967777540        3.49023196692884       -0.11150150272632
H           -3.96312033529967        2.25542811541109       -1.36541643289591
H           -2.40662660816572        2.60434962355289       -0.61033884259264
H           -4.83804335267434        1.47829768219043        0.85680803543126
H           -3.24060660693802        1.72991884042075        1.55804565568235
H           -3.72665286013700       -0.64846033270684        0.97753027656711
H           -3.87839520821392       -0.19867128424756       -0.72027376271733
H           -1.36559992970697        0.20377528178843        0.95202237616382
H           -1.51275324183470        0.48017873128463       -0.78712690847037
H           -2.12095089837104       -1.94238492810984       -1.07746850272831
H           -1.77232241031535       -2.20529574082540        0.63023042566944
H            0.09407996058154       -2.83119428038006       -0.94460895554533
H            0.23824304906609       -1.13536816154177       -1.40388726771101
H            0.75728252227078       -0.56416940588871        0.98414905844346
H            0.65506710225301       -2.27508473180866        1.39796052868803
H            3.00810131406875       -1.70507269911918        1.08163141268226
H            2.50190957957220       -2.73985872030965       -0.26790220650525
H            3.17462609726839        1.76654717135503       -0.66217001171456
H            2.31443276097890        1.01189228245238        0.70122993116585
H            4.49691173699024       -0.01383390521791        1.45886999513728
H            4.57378996234540        1.76172883323322        1.43341693135583
H            5.44694517793635        0.20770419915690       -0.73175602757165
34
 energy: -39.946528783499 gnorm: 0.001436567107 xtb: 6.7.1 (edcfbbe)
C           -3.48060798580481        2.51539311680213       -0.43199539997611
C           -3.76912448576219        1.46765129880085        0.63721869872875
C           -3.37529842432311        0.05144434796406        0.21617358468897
C           -1.86886371322021       -0.13381195768971        0.04454507168143
C           -1.51345615319446       -1.59235946753676       -0.23877559282826
C           -0.04024651252390       -1.80216554581693       -0.58668231026577
C            0.89618871362859       -1.57531453032540        0.59739291467174
C            2.35489047897381       -1.77220556112420        0.21577982057844
S            2.94400843799611       -0.55749154224937       -1.01365487492513
C            3.17086755249229        0.92430201798641        0.03199548552763
C            4.48785480240382        0.87057172522897        0.79791029272116
O            5.59917558163240        0.87636710944783       -0.05443537643706
H           -3.85256480907359        3.48802308876017       -0.11721388773150
H           -3.96857244213358        2.24811488964364       -1.36701153848240
H           -2.41293275798399        2.60521838467250       -0.61383850199137
H           -4.83879436016085        1.47800720265374        0.86053976584990
H           -3.23910730367999        1.73146066389401        1.55575899223951
H           -3.72920903984864       -0.64981782471607        0.97655696714288
H           -3.87846647545184       -0.19808011549543       -0.72090602198106
H           -1.36863131529289        0.20214053677837        0.95493790222646
H           -1.51313866018542        0.48206926842490       -0.78278283762760
H           -2.11892984838020       -1.93934715356646       -1.07906880733573
H           -1.77235353115109       -2.20537793107441        0.62788030455495
H            0.09770775047604       -2.82433822064386       -0.94863106722610
H            0.24052700560080       -1.12583425707600       -1.39714566826526
H            0.75695723414249       -0.56682844512846        0.99192705433022
H            0.65296896968602       -2.27935908177885        1.39811189160353
H            3.00829132878544       -1.70323008131184        1.08561503679239
H            2.50265741925068       -2.74026429353571       -0.26222014044601
H            3.17467177983972        1.76538539451952       -0.65989437610211
H            2.32035212738555        1.00963164555648        0.70526963397189
H            4.50588671292439       -0.01865669378635        1.45003991247540
H            4.57925425252068        1.75829307831029        1.43085783916868
H            5.44803767044868        0.21040893340055       -0.73890704593855
34
 energy: -39.946533822972 gnorm: 0.000627298257 xtb: 6.7.1 (edcfbbe)
C           -3.48924948929047        2.51165119214521       -0.43731464688125
C           -3.77267059952520        1.46696476533042        0.63613550675148
C           -3.37742890758508        0.05031291469444        0.21785499960674
C           -1.87079423952180       -0.13323406273382        0.04636549523066
C           -1.51369465840557       -1.59162854275764       -0.23589462866070
C           -0.04011446880980       -1.79924905789894       -0.58340991564337
C            0.89598309367035       -1.57460030479634        0.60125712175544
C            2.35455000803738       -1.77018106170418        0.21819314553037
S            2.93965945037843       -0.55357524599618       -1.01148325151148
C            3.17525623338198        0.92473376148197        0.03768373437791
C            4.49918918421934        0.86877695141497        0.79188362821496
O            5.60356970574341        0.87704753758988       -0.06845707802466
H           -3.86369700791478        3.48418627422824       -0.12556866861622
H           -3.97795593943681        2.23934342325460       -1.37035611391259
H           -2.42214975831679        2.60405034624104       -0.62138983796471
H           -4.84166037768352        1.47628258134924        0.86270405477729
H           -3.24019830199019        1.73431616047697        1.55220607110385
H           -3.73054973995283       -0.65019501482346        0.97932322098979
H           -3.88056853602147       -0.20119997817174       -0.71879365907544
H           -1.37060563338684        0.20431449940980        0.95635501662295
H           -1.51615950256068        0.48247725999640       -0.78169922635617
H           -2.11840731837544       -1.93999940068906       -1.07628956866462
H           -1.77203960145664       -2.20459012274296        0.63107421392382
H            0.09906391436873       -2.82021960488853       -0.94798985422238
H            0.24043261539266       -1.12053314064810       -1.39187653863631
H            0.75625319030513       -0.56709469874894        0.99781904548820
H            0.65348059929720       -2.28054836554326        1.40037252071287
H            3.00924886037319       -1.70068629064200        1.08697501218581
H            2.50267154606440       -2.73782147711618       -0.26052203551478
H            3.17270669666051        1.76855856800298       -0.65112815226348
H            2.33071367497003        1.00754112142975        0.71915427329481
H            4.52154406035888       -0.02230361720977        1.43991842704459
H            4.59676188705089        1.75388346295023        1.42736384323091
H            5.44685935997866        0.21321916710333       -0.75511843350048
34
 energy: -39.946536323209 gnorm: 0.000200427778 xtb: 6.7.1 (edcfbbe)
C           -3.48969357189219        2.51123450135916       -0.43726624293638
C           -3.77240714992169        1.46692750946544        0.63654066582390
C           -3.37740177407367        0.05025234182493        0.21826694834808
C           -1.87081124539974       -0.13347166497334        0.04650417339989
C           -1.51399452677792       -1.59189949823494       -0.23681480257925
C           -0.04022500805688       -1.79961592499875       -0.58391887832865
C            0.89552476658417       -1.57366259925982        0.60073367539775
C            2.35432471866501       -1.76981340097044        0.21829596314542
S            2.94051243211472       -0.55327464567002       -1.01096243804048
C            3.17562593709183        0.92485171608659        0.03853166223941
C            4.49994439187423        0.86900710900462        0.79226609901741
O            5.60280525451172        0.87808605850321       -0.07003764158070
H           -3.86427090762317        3.48368669259308       -0.12546815566370
H           -3.97870186585894        2.23894492836933       -1.37011405848548
H           -2.42272498814382        2.60402455084292       -0.62192686589150
H           -4.84120542270619        1.47613216481282        0.86369715172843
H           -3.23949733806110        1.73456539097966        1.55216534395322
H           -3.73038243143238       -0.64983601568824        0.98009993603093
H           -3.88091952888619       -0.20149851239971       -0.71809560566571
H           -1.37056747556903        0.20333715240440        0.95685890744160
H           -1.51618981428587        0.48281695912759       -0.78128104911371
H           -2.11816157759783       -1.93934854437539       -1.07825499627199
H           -1.77328370535254       -2.20584337660633        0.62948506648633
H            0.09878514720688       -2.82096288743203       -0.94731916398643
H            0.24019466396192       -1.12183871748223       -1.39322333704834
H            0.75601829214394       -0.56569904813507        0.99605444111466
H            0.65320253502496       -2.27856182533577        1.40081627519202
H            3.00852833932175       -1.70106709823985        1.08753202414005
H            2.50207489682496       -2.73745606407183       -0.26059057489210
H            3.17213352813673        1.76882879851819       -0.65011226620488
H            2.33122842828492        1.00683247570688        0.72020132339765
H            4.52393801578191       -0.02216209848905        1.44028718220466
H            4.59822540851080        1.75402358055466        1.42736599192952
H            5.44737157561599        0.21245999219769       -0.75496903290781
34
 energy: -39.946539358808 gnorm: 0.000465941152 xtb: 6.7.1 (edcfbbe)
C           -3.49091603344719        2.51060961406821       -0.43716775875947
C           -3.77181796611839        1.46681070956892        0.63742921143742
C           -3.37748084529903        0.04980672901877        0.21957205583660
C           -1.87107187402468       -0.13430571262101        0.04682804944258
C           -1.51479431316753       -1.59234654833722       -0.23947834120672
C           -0.04060473359783       -1.80072932696094       -0.58489806335174
C            0.89438905696996       -1.57154717529442        0.59956115021523
C            2.35355010580961       -1.76925246733510        0.21856612540025
S            2.94161763456005       -0.55260399891006       -1.00958597978245
C            3.17628587783230        0.92484890061393        0.04098102483994
C            4.50224722365795        0.86997698486004        0.79206377230176
O            5.60297335542817        0.88059050773518       -0.07309800706310
H           -3.86557278909414        3.48308791694678       -0.12544313465321
H           -3.98086784815475        2.23777743213138       -1.36934826883653
H           -2.42422150669364        2.60391353677041       -0.62325931799578
H           -4.84022853596442        1.47599395012028        0.86621534165447
H           -3.23756657634190        1.73500580664083        1.55202478167957
H           -3.73000818679867       -0.64977351424607        0.98203771818400
H           -3.88176866872307       -0.20224505359676       -0.71625860471064
H           -1.37050473840604        0.20046466481556        0.95780918271832
H           -1.51631257049659        0.48339004846728       -0.77992125936860
H           -2.11791594691852       -1.93740256518055       -1.08287094385129
H           -1.77611463940783       -2.20829652463887        0.62497521646754
H            0.09844892645212       -2.82302272701026       -0.94550163005190
H            0.24006333336855       -1.12504283241180       -1.39585038131036
H            0.75514810571524       -0.56231103652943        0.99159282499442
H            0.65160104074621       -2.27386744463312        1.40174170527335
H            3.00685451444874       -1.70161076671888        1.08857086449026
H            2.50066404372216       -2.73684188839996       -0.26067518653169
H            3.17114466462079        1.76954443442128       -0.64671875425697
H            2.33250656628738        1.00510872094121        0.72362819094261
H            4.52851704237351       -0.02159567120754        1.43945664587098
H            4.60170377941320        1.75461119797775        1.42712691310197
H            5.45005250126556        0.21125409892258       -0.75475742172701
34
 energy: -39.946541203369 gnorm: 0.000352287939 xtb: 6.7.1 (edcfbbe)
C           -3.49226048644429        2.50971076907849       -0.43713798580431
C           -3.77121642142172        1.46650547407090        0.63861692794725
C           -3.37749116873858        0.04928610182871        0.22070278084122
C           -1.87125128297245       -0.13521159847787        0.04708057086057
C           -1.51574349772298       -1.59277122222074       -0.24224645885018
C           -0.04124065615006       -1.80161223225605       -0.58598138735362
C            0.89289142565461       -1.56954156860378        0.59858749310934
C            2.35223226520338       -1.76840671641729        0.21892820668590
S            2.94210679868772       -0.55179114474475       -1.00835078485737
C            3.17760663953645        0.92497454938674        0.04303483509385
C            4.50506382772919        0.87045510044837        0.79157764142149
O            5.60423811650800        0.88318469795180       -0.07546423045441
H           -3.86684841636060        3.48222591028790       -0.12542503130152
H           -3.98352704418342        2.23608079170210       -1.36842710953338
H           -2.42587137377289        2.60338009064562       -0.62486098974592
H           -4.83927008977279        1.47578623687425        0.86925042807050
H           -3.23535496018146        1.73520944563433        1.55218891644226
H           -3.72958032156218       -0.64998768363389        0.98367697318460
H           -3.88259370807772       -0.20295727358356       -0.71465297329970
H           -1.37043506261445        0.19735564821442        0.95866902677819
H           -1.51637385499121        0.48412097074765       -0.77833379759363
H           -2.11772759819445       -1.93527310547997       -1.08739519379245
H           -1.77888045455414       -2.21062016808564        0.62019597708803
H            0.09807275998407       -2.82483273417107       -0.94395463487347
H            0.24013214853196       -1.12789890878944       -1.39836395355874
H            0.75385281307908       -0.55900728967009        0.98734040748318
H            0.64907852510808       -2.26928671295224        1.40271428977975
H            3.00484859668292       -1.70142545122026        1.08948739938568
H            2.49898827908867       -2.73599182059216       -0.26037640749434
H            3.17003674692432        1.77056920820636       -0.64356542438330
H            2.33533346319872        1.00340317166262        0.72773363087493
H            4.53329299928978       -0.02170293792117        1.43801297725719
H            4.60496819490370        1.75473982243176        1.42715129655562
H            5.45292279762208        0.21133057963634       -0.75506569456939
34
 energy: -39.946542269025 gnorm: 0.000147113988 xtb: 6.7.1 (edcfbbe)
C           -3.49350601004845        2.50898562733339       -0.43704963586010
C           -3.77086246582558        1.46608222285459        0.63949668692766
C           -3.37770195771732        0.04873069874343        0.22153419016012
C           -1.87156872687298       -0.13587515178422        0.04728026355100
C           -1.51646331063208       -1.59300429331346       -0.24434620364389
C           -0.04176383621388       -1.80196590446732       -0.58691502515442
C            0.89173940643251       -1.56797139435016        0.59785931661873
C            2.35119294695532       -1.76756557929065        0.21943161317412
S            2.94210402280894       -0.55114558063646       -1.00759483901032
C            3.17899272429911        0.92485529485478        0.04460306041238
C            4.50762272738668        0.87042020885340        0.79107258704403
O            5.60601275219274        0.88484536185601       -0.07685532610351
H           -3.86782448033235        3.48159909060554       -0.12535511073831
H           -3.98600118488543        2.23465836224014       -1.36747291594580
H           -2.42739415931836        2.60264184548595       -0.62624773810486
H           -4.83857232341200        1.47549338174964        0.87172313938719
H           -3.23364135195471        1.73509400965308        1.55220161387504
H           -3.72953982379079       -0.65060273506109        0.98460977704077
H           -3.88324627487062       -0.20335169046205       -0.71362137707337
H           -1.37067524262600        0.19510529109785        0.95936387469644
H           -1.51656654348482        0.48465993684076       -0.77713694278411
H           -2.11774234104155       -1.93376623848646       -1.09061507080937
H           -1.78060916213250       -2.21211676592208        0.61678110612769
H            0.09799992000385       -2.82567006305700       -0.94343345576685
H            0.24007250002661       -1.12930479941960       -1.39999594608117
H            0.75256497523088       -0.55670521789806        0.98470138596119
H            0.64709882499371       -2.26620826016781        1.40301354402180
H            3.00332669007514       -1.70057493498599        1.09035927462706
H            2.49802315474130       -2.73523215436766       -0.25967049758394
H            3.16973026462089        1.77106759037133       -0.64116125848685
H            2.33805680638977        1.00229025832680        0.73109842790702
H            4.53687705161072       -0.02245113604947        1.43638129823136
H            4.60750475068757        1.75407921940156        1.42771766125714
H            5.45475967672104        0.21290349943971       -0.75640975648002
34
 energy: -39.946543104929 gnorm: 0.000145706393 xtb: 6.7.1 (edcfbbe)
C           -3.49488334092323        2.50818294605324       -0.43696068289282
C           -3.77076006698052        1.46563358361080        0.64038863449021
C           -3.37808077926114        0.04828692970501        0.22198979439205
C           -1.87202137133295       -0.13645143011602        0.04738513439119
C           -1.51696413239513       -1.59317951492722       -0.24598639947274
C           -0.04210018848984       -1.80183880045715       -0.58780962999145
C            0.89074738513814       -1.56688892259648        0.59734632963855
C            2.35032191399579       -1.76681807758341        0.21999403576322
S            2.94220392073314       -0.55049258783295       -1.00675328091659
C            3.18057754241784        0.92493131971376        0.04592213528804
C            4.51009703998623        0.86986373841341        0.79072214662354
O            5.60786485639488        0.88598741129406       -0.07788903572820
H           -3.86869001573597        3.48090913818781       -0.12506374065876
H           -3.98875394541624        2.23346280894035       -1.36655134529765
H           -2.42903946200359        2.60168465160494       -0.62771110952667
H           -4.83814495042029        1.47519109353508        0.87415465696284
H           -3.23216547204313        1.73483778092149        1.55226436023691
H           -3.72974732545317       -0.65122020216501        0.98499589468815
H           -3.88393315234848       -0.20353697161509       -0.71307793590544
H           -1.37113088838014        0.19331428767771        0.95986396437209
H           -1.51690950643989        0.48508211573408       -0.77618374584285
H           -2.11775727608827       -1.93268812709358       -1.09301737893769
H           -1.78172281689826       -2.21333950287859        0.61411614036169
H            0.09821466005522       -2.82572735262755       -0.94361878553940
H            0.24001333119354       -1.12956434298677       -1.40111676125232
H            0.75135820862625       -0.55518486986084        0.98297862082484
H            0.64529819688159       -2.26427463158034        1.40299942703999
H            3.00193150758536       -1.69930131458879        1.09126085657389
H            2.49750849791372       -2.73469707977946       -0.25855125557174
H            3.17026417288398        1.77173244000308       -0.63908243026909
H            2.34073104685360        1.00172330291937        0.73384447342852
H            4.54013882718277       -0.02397488033681        1.43464576735868
H            4.60994921901667        1.75263316537713        1.42876122637308
H            5.45558436376891        0.21572189532316       -0.75891235961021
