74
 energy: -94.770491902238 gnorm: 0.107785697827 xtb: 6.7.1 (edcfbbe)
C           -0.47897280322700       -2.75902829381400        2.35222222402000
C           -0.06247808713200       -1.62312754812300        1.76809683060300
C           -1.04932768081000       -0.57581811104800        1.30588091764700
C           -1.32971102807700       -0.62936685914700       -0.20477375146100
C           -0.10181513353900       -0.31989508910400       -1.07166513488600
C           -0.67960529700300        0.01126775744300       -2.43739220288300
C           -1.92332987533800        0.76048365140500       -2.04809891425700
N           -2.45110134824800        1.60171737578300       -2.87814717396900
O           -3.55357698097200        2.26101524573400       -2.31402881659400
C           -4.14162758077500        3.08773331140500       -3.23445974814100
O           -3.81008751940500        3.28778372054800       -4.39381408111400
C           -5.30225493108500        3.79093213630200       -2.63165649053400
C           -6.48713278523000        3.01042868813200       -2.10749730501400
C           -6.62818580668500        3.83066209979900       -3.35569600445100
C           -2.38031902839900        0.42767239126500       -0.63649940972100
C           -3.82615324068700       -0.07176010235900       -0.50002418349000
C           -4.24879325757100       -1.14098408113000       -1.51517085104500
C           -5.70566093756100       -1.55849014444000       -1.29650338984900
C           -6.14002226893800       -2.61487403977000       -2.31212197339200
C           -7.58898204023100       -3.02420283542900       -2.10531524655600
O            1.24699867193900       -1.25458292180900        1.55674415571900
C            2.28438826046300       -2.14435294075500        1.97298071273100
C            3.58700876839900       -1.51810881523600        1.56804366194000
C            4.69563384066600       -1.32971391406200        2.31289563963100
C            4.85775353230200       -1.77686504717200        3.74024881239900
C            5.91030467415100       -0.64386909448000        1.71268770885500
C            6.04912868708400        0.81045353497100        2.17744109564100
C            7.25283102598400        1.47029269728800        1.55813186240300
C            8.39339797105400        1.84968339078600        2.16673561280900
C            8.70908077013900        1.64207549362900        3.62232853218500
C            9.48220036210700        2.54194999100700        1.38833631281300
H           -1.53800317600100       -2.95757217778700        2.48853206666200
H            0.19559119382000       -3.52574775588500        2.71116169723500
H           -0.67216626025000        0.41609690934800        1.58595086765500
H           -1.99426889439400       -0.69651035781000        1.85142660326600
H           -1.67757573349400       -1.63756643950200       -0.46338510474600
H            0.59258409890400       -1.16378011038100       -1.12938201724700
H            0.44451973771200        0.54515111227200       -0.67486817112400
H           -0.00497570086800        0.62314584384000       -3.04082212330400
H           -0.96565506401300       -0.88944954385300       -2.98907626424100
H           -5.02251157085600        4.69090908665700       -2.09384083579800
H           -6.96975817622500        3.36853806458800       -1.20522762827800
H           -6.48677733039000        1.93099450808400       -2.21242127397700
H           -7.20505224985900        4.74734587358700       -3.30523099870800
H           -6.70581011841900        3.31200108001700       -4.30575579229000
H           -2.25694337352900        1.33862179598600       -0.03654230085800
H           -3.97380276449900       -0.46323071912400        0.51447878771400
H           -4.51051217395800        0.78055869597900       -0.58822426780000
H           -3.60727745112600       -2.02406812725100       -1.43023525960900
H           -4.13860441264000       -0.75629624836100       -2.53522453435000
H           -6.35635460017800       -0.67986177197300       -1.38026724773500
H           -5.82549165210900       -1.95414962691600       -0.28086548760500
H           -5.49909973995100       -3.49954183438400       -2.22638417940800
H           -6.01960465117400       -2.22459565386200       -3.32877345183800
H           -8.25811319340800       -2.16692961852100       -2.22314373310800
H           -7.73873872437900       -3.44452434740100       -1.10611445585100
H           -7.87786109706500       -3.78278295309400       -2.83981077033800
H            2.18278948622500       -3.10261906631200        1.45152777832600
H            2.21696559392300       -2.29520886086200        3.05255264735100
H            3.59124313590600       -1.16475059126800        0.53747298272900
H            4.05006084431500       -2.42693425149800        4.08204559075100
H            4.89857952524500       -0.91297020191300        4.40909536446600
H            5.78576134016500       -2.34657964525100        3.85325935856300
H            6.81169451390600       -1.21364639017400        1.97567895339800
H            5.85447052649000       -0.67025852615200        0.61623548542500
H            5.16115799376400        1.37941271917900        1.87446948529100
H            6.07692893161200        0.86490727745600        3.26910357515200
H            7.14643035423000        1.66742285844500        0.49106675402600
H            9.69793388963100        1.18408965639500        3.73286314134500
H            8.00118651359300        0.98220464599000        4.12959440663200
H            8.71399392834600        2.60192363866200        4.14731844911500
H            9.66952908990200        3.53775947565900        1.80398304118600
H            9.22351701617100        2.66624040642500        0.33234900803300
H           10.41043146155900        1.96313952333600        1.43586530706100
74
 energy: -94.780292203386 gnorm: 0.031853789069 xtb: 6.7.1 (edcfbbe)
C           -0.46700509197683       -2.75622269520997        2.34953450080266
C           -0.06000629244443       -1.62452738227245        1.78048915138820
C           -1.03665617834079       -0.57401319029374        1.31352911078278
C           -1.31425029222084       -0.63267484070320       -0.19218261119422
C           -0.09208690056223       -0.33386342349481       -1.06469241071799
C           -0.69033278196752        0.01763893462906       -2.42383308650902
C           -1.93993606302788        0.75447972556033       -2.05569299110557
N           -2.44667724839693        1.59825248804158       -2.85859729156879
O           -3.57520165080259        2.27009509775963       -2.34669055417008
C           -4.15509593907138        3.09634464168536       -3.25082120166516
O           -3.80406188353247        3.27284244248610       -4.38558774343187
C           -5.31944519646602        3.79523305958385       -2.62877001240914
C           -6.49474754424289        3.01405584822489       -2.10732212861337
C           -6.63360601289094        3.83284335473649       -3.35483102134250
C           -2.36616876034051        0.40584724340711       -0.64794890007697
C           -3.82027584638610       -0.06648065226543       -0.50618581403350
C           -4.24473587369566       -1.13358176190736       -1.51534331576505
C           -5.69763442303633       -1.55836996238564       -1.30176836026571
C           -6.14236313609157       -2.61376524979487       -2.31123368786544
C           -7.59270253651068       -3.02740820743286       -2.10730444702072
O            1.23778128733412       -1.25273254722801        1.56008093354693
C            2.28319626837863       -2.12977877908329        1.97175422058972
C            3.58887288030367       -1.50396221409937        1.57315948413339
C            4.68812153043502       -1.32901430403348        2.30684778630779
C            4.85246122048992       -1.77517273867245        3.73067110989455
C            5.90196107024014       -0.64759470772699        1.71365362294775
C            6.05053428929982        0.80839444944218        2.18014777854602
C            7.25179386568166        1.46934475787469        1.56641259587358
C            8.38343932131638        1.83945987649327        2.16260614181984
C            8.70340678464648        1.63900044773690        3.61497905893770
C            9.47301566468662        2.53341999093138        1.39189701265182
H           -1.51755768489656       -2.95199581851414        2.48186171314367
H            0.20262093675082       -3.52337723785778        2.69786063710123
H           -0.64484421292590        0.41507482929202        1.57138099938916
H           -1.97944424746718       -0.70822789726898        1.85150063938919
H           -1.67873316042297       -1.63402607087405       -0.44175132531436
H            0.60106664172599       -1.17347285550741       -1.11304790494063
H            0.44576599184107        0.52878346174844       -0.66453801137337
H           -0.03161899477861        0.62361473041255       -3.04424790063055
H           -0.96300303300142       -0.88177622677835       -2.97997146868828
H           -5.03213853363074        4.68520749214371       -2.08038987695043
H           -6.97113675825596        3.36263685254201       -1.20243704515348
H           -6.47379345540492        1.93836969574358       -2.20687491106562
H           -7.20407313029258        4.74856558145633       -3.31140109484887
H           -6.69803671671848        3.31927162017457       -4.30286674251318
H           -2.25261601463164        1.31705228635885       -0.04709005706430
H           -3.95276345800218       -0.46287144657861        0.50614350796596
H           -4.49487288989171        0.78962493147221       -0.60167946103864
H           -3.60544654854079       -2.01555724905180       -1.42728546175384
H           -4.13203486071440       -0.74587589536423       -2.53124869449908
H           -6.34867880453258       -0.68342444474745       -1.38627102483338
H           -5.81754845715762       -1.95494241898471       -0.28919049408668
H           -5.49881814266932       -3.49334430763817       -2.22167472360956
H           -6.01785597355018       -2.21969302943940       -3.32351792271074
H           -8.25634437405170       -2.17109543591313       -2.22103046117100
H           -7.73896754724299       -3.44202755225477       -1.11045977031515
H           -7.88315171496837       -3.78270182719717       -2.83697715250826
H            2.17202278903836       -3.09518480035978        1.45731211177041
H            2.21543975360790       -2.29174985858090        3.05140378677671
H            3.59062012080105       -1.15436749047585        0.54746893999595
H            4.03994327857173       -2.41555555343375        4.06657682045430
H            4.90162328349281       -0.91249380100970        4.39573044592275
H            5.78308645738834       -2.33405493103436        3.84203465506294
H            6.80450518125576       -1.20278828250271        1.99142699822554
H            5.83825024017522       -0.66216552735436        0.62140377167371
H            5.15848291166033        1.36460699630603        1.87137955413923
H            6.09305702563917        0.85076927248913        3.26942897750949
H            7.14948214478981        1.65949992418465        0.50315525203218
H            9.69414625030907        1.19339009364682        3.72125060900783
H            7.99052240389737        0.98714877438793        4.11508354664319
H            8.71496108262124        2.59815139857249        4.13529807755998
H            9.66588996547835        3.52178877244594        1.81280844237729
H            9.20826356767403        2.65748463443934        0.34265349363363
H           10.40213415623147        1.96363890890500        1.44417645003533
74
 energy: -94.781863387779 gnorm: 0.007552828495 xtb: 6.7.1 (edcfbbe)
C           -0.45300379030041       -2.75681223757781        2.34093626753815
C           -0.05341757162656       -1.62149652869352        1.78108969779197
C           -1.02649640650059       -0.56779510000424        1.31674581096911
C           -1.30881549849688       -0.64192528927424       -0.18582163992359
C           -0.08954929997541       -0.34102916005556       -1.06069737745296
C           -0.69574562976462        0.01839857439621       -2.41651378656361
C           -1.94295823421598        0.75470161137776       -2.04638788348491
N           -2.44353837933922        1.59312311108741       -2.84115774747657
O           -3.58865256009767        2.27655851587090       -2.36457394051812
C           -4.16273504885813        3.09790291715543       -3.26521603578267
O           -3.80052021032447        3.25430299238100       -4.39274910698561
C           -5.32668194135578        3.79753737040785       -2.62564755210025
C           -6.49658233969676        3.01338402277347       -2.10816959745104
C           -6.63627956317109        3.83656675755362       -3.35140300799664
C           -2.35720528649025        0.39468790603522       -0.64166514642381
C           -3.81390867981908       -0.07150245889648       -0.50182731295252
C           -4.23928854432409       -1.13138336777078       -1.51660167977789
C           -5.69197594594450       -1.55522352417635       -1.30444253770040
C           -6.13740069303847       -2.61106350574572       -2.31369882731381
C           -7.58925651791214       -3.02406076403447       -2.10640217879148
O            1.23525114737532       -1.24162488722122        1.55836746498740
C            2.28073466475596       -2.11245260973311        1.96982255663372
C            3.58514682022119       -1.48613914402720        1.57172946594622
C            4.68294702520182       -1.32408818491392        2.30103383676984
C            4.84668644757335       -1.77072385988180        3.72328625629034
C            5.89793463773179       -0.65121563912561        1.71110695039086
C            6.04370680046812        0.80610986625518        2.18496781272640
C            7.24248068997344        1.46368852858098        1.56952618765171
C            8.37289104404918        1.82912420295170        2.16020865326553
C            8.69591914252352        1.63465044373683        3.61195633349374
C            9.46267219997069        2.52275534219482        1.39270484250782
H           -1.49993609076284       -2.95126018623302        2.47595306289670
H            0.21658544576163       -3.52317202157859        2.68418990072774
H           -0.61886716272473        0.41673647372026        1.55966971221158
H           -1.96399123388097       -0.70220326443827        1.85821343288032
H           -1.67733371011850       -1.64437710021998       -0.42422939743790
H            0.59934983677388       -1.18038945540353       -1.11431938984801
H            0.45022700410474        0.51672447201540       -0.65675524362405
H           -0.04543115779285        0.61851925664318       -3.05007673646882
H           -0.96712503106871       -0.88338754711387       -2.96975928484993
H           -5.02906830204498        4.67937869888692       -2.07015350560704
H           -6.97478510607367        3.35299962140818       -1.20221919667158
H           -6.46760888678914        1.93949421198628       -2.21038741690923
H           -7.21146064577831        4.74793026864918       -3.30863130516619
H           -6.69496824977304        3.32568269441148       -4.29937506000851
H           -2.24796124684660        1.30688614393988       -0.04036560069908
H           -3.94635198415846       -0.46727634789449        0.50890266023622
H           -4.47332998646930        0.79278048991933       -0.60549368071994
H           -3.59976768523763       -2.01248214011414       -1.42986194982491
H           -4.12397770466710       -0.73728421190866       -2.52903226855077
H           -6.34220464659723       -0.68066657553914       -1.38861088524338
H           -5.80917959642736       -1.95286324178487       -0.29297609709766
H           -5.49482626941713       -3.49008976044164       -2.22228332798207
H           -6.01397399497479       -2.21627591209964       -3.32482544954894
H           -8.25095361633431       -2.16805052160004       -2.21860140415931
H           -7.73238573672804       -3.43714056700452       -1.11030328303795
H           -7.87952412434552       -3.77795851085302       -2.83413807524634
H            2.16691227223653       -3.08221978998194        1.45873593233932
H            2.21245725515703       -2.28052335294576        3.05029300719994
H            3.58041135080408       -1.13136040798750        0.54995650418355
H            4.02961272505908       -2.40336409319986        4.05512210792431
H            4.90189178556562       -0.90683681791997        4.38491297077074
H            5.77654778181921       -2.32772338255357        3.83183929201966
H            6.79837444905592       -1.20130456893212        1.99710255488170
H            5.83087671636317       -0.65750613792492        0.62155730264290
H            5.14956318798750        1.35720116364444        1.87902617312119
H            6.09817866587192        0.83758946243201        3.27262241361861
H            7.14036343865473        1.65039903874899        0.50744882324051
H            9.68764511573392        1.19511570314338        3.71406670483278
H            7.98175139494338        0.98793206298315        4.11091942298636
H            8.71045769299442        2.59632828601305        4.12565063354290
H            9.65623062032144        3.50643174380192        1.82070499001468
H            9.19437275014512        2.64810375997427        0.34709646202119
H           10.39084420107448        1.95452646171423        1.44825257134953
74
 energy: -94.782175877848 gnorm: 0.004877915105 xtb: 6.7.1 (edcfbbe)
C           -0.44344938274711       -2.75719999772379        2.33623651152290
C           -0.04777651249672       -1.61599744010380        1.78423011421754
C           -1.02036572521869       -0.56182919280342        1.32120770352462
C           -1.30609593273952       -0.64492416537460       -0.18031456518379
C           -0.08855413189376       -0.34812283693279       -1.05975384893791
C           -0.69861434296196        0.01618947861678       -2.41274905940712
C           -1.94449131666901        0.75395059670659       -2.03866215149522
N           -2.44380098110359        1.59240843345556       -2.83422902797705
O           -3.59218106897226        2.28060904454103       -2.36703455833577
C           -4.16547561820345        3.09641482695014       -3.27148725733617
O           -3.80431800347016        3.24115793998583       -4.40170946774470
C           -5.32771093183408        3.79802768650312       -2.62549861597973
C           -6.49476160443679        3.00886118850747       -2.11120742177807
C           -6.63808712889289        3.83961442966191       -3.34901772302029
C           -2.35423915819789        0.39033715572221       -0.63385327533252
C           -3.81217472557656       -0.07270163540719       -0.49694674312923
C           -4.23396397557369       -1.12932577261900       -1.51643592195815
C           -5.68651857371414       -1.55339597293990       -1.30611298668703
C           -6.13263243456869       -2.60858069959280       -2.31582970097666
C           -7.58493910544061       -3.02079356546619       -2.10624255089942
O            1.23679525973646       -1.23091780446023        1.55933750219052
C            2.28031774116587       -2.10084452649180        1.96824376276123
C            3.58247152128642       -1.47533772709477        1.56753095138828
C            4.68224407914822       -1.32319515880213        2.29592390600674
C            4.84286468528273       -1.76975685886578        3.71843288101769
C            5.89645713280441       -0.65150913188494        1.70817576594903
C            6.03743307408896        0.80490684668742        2.18900541049832
C            7.23217915130396        1.46388382120492        1.57056150234499
C            8.36489328543264        1.82563895934840        2.15982926768346
C            8.68891990413448        1.63176887604374        3.61174937644924
C            9.45603080271633        2.51468536709730        1.39119971004053
H           -1.49020101492293       -2.95504677594789        2.46826442247496
H            0.22800489749428       -3.52629312054127        2.66994884804455
H           -0.60279858848827        0.42033814195273        1.55377043961849
H           -1.95520064698900       -0.68763829120467        1.86797541643228
H           -1.67461813222629       -1.64933136967511       -0.40982982731195
H            0.59700830175207       -1.18992540934799       -1.11947993195907
H            0.45570656439055        0.50575104071177       -0.65389703975508
H           -0.05049551938228        0.61336729850700       -3.05111470384268
H           -0.97528433375686       -0.88603701207736       -2.96326781476536
H           -5.02333729286122        4.67462780222219       -2.06569269556553
H           -6.97330985311396        3.34178020387763       -1.20265716102440
H           -6.46401477653193        1.93544014224593       -2.21886449059543
H           -7.21836550519938        4.74785329128483       -3.30214037709904
H           -6.69484441644115        3.33303581304360       -4.29967029022082
H           -2.24350486325889        1.30062298866319       -0.03000194292324
H           -3.94787365353898       -0.47032715476976        0.51191762589947
H           -4.46627909416662        0.79461202213363       -0.60298870862595
H           -3.59382070035849       -2.01031447321484       -1.43291218926336
H           -4.11754041596636       -0.72996105904650       -2.52659152127388
H           -6.33598906097562       -0.67850287168780       -1.39029524626234
H           -5.80342762213016       -1.95163336522725       -0.29501953013467
H           -5.49068396842589       -3.48780365378556       -2.22449591531388
H           -6.01033453451014       -2.21349792065001       -3.32675536101135
H           -8.24558903087299       -2.16384012737567       -2.21707357861857
H           -7.72554289267774       -3.43325309481227       -1.10955090838264
H           -7.87684269374201       -3.77455433877775       -2.83336597327792
H            2.16591550876147       -3.07160332036303        1.45787821718291
H            2.21274970649076       -2.26974414301426        3.04911478340122
H            3.57281285213419       -1.11347327165355        0.54818376153107
H            4.02235772063852       -2.39722574652651        4.04992167058032
H            4.90081258953010       -0.90389681752685        4.37741243900788
H            5.77052338448841       -2.32946706093834        3.82749964695418
H            6.79646121575342       -1.19995327085692        1.99522377955832
H            5.83020614275004       -0.65290083244194        0.61921036264206
H            5.14013587795167        1.35297545057176        1.88951480811863
H            6.09756952772716        0.82898986658390        3.27607831121666
H            7.12941393220623        1.64718023147126        0.50786679428215
H            9.68037208079407        1.19206217618107        3.71207146426429
H            7.97469112012847        0.98719447249792        4.11249981503950
H            8.70480821387372        2.59511340690710        4.12225195780346
H            9.65164049064209        3.49668742417051        1.82185972335564
H            9.18629069689247        2.64157453551515        0.34654016165533
H           10.38196180375730        1.94299602844134        1.44642612395503
74
 energy: -94.782409795093 gnorm: 0.003880655223 xtb: 6.7.1 (edcfbbe)
C           -0.43337782164818       -2.75852772833039        2.32425730785243
C           -0.04166319831747       -1.60906459553938        1.78512925857594
C           -1.01228953928379       -0.55135010291623        1.32815088987136
C           -1.30569811048673       -0.64684715766817       -0.17171662157652
C           -0.08983041978807       -0.35893006582457       -1.05804074694068
C           -0.70321328080122        0.01122672619198       -2.40754042133586
C           -1.94444253654930        0.75556090094307       -2.02770277645051
N           -2.44275752581484        1.59277780828323       -2.82692789153944
O           -3.59040539817788        2.28672566917407       -2.36499269996668
C           -4.16916809298629        3.08970000960921       -3.27771702888559
O           -3.81703500900726        3.21874000503215       -4.41356395207947
C           -5.32719415235307        3.79570244290264       -2.62569131984296
C           -6.49149621394521        2.99911705925168       -2.11717567638267
C           -6.63963159982454        3.84370875003482       -3.34531937712589
C           -2.35148038799277        0.38969422519407       -0.62294960127197
C           -3.80967114985216       -0.07252740436103       -0.48991864801143
C           -4.22689755834974       -1.12493098840886       -1.51565475304343
C           -5.67895360887056       -1.55090187750429       -1.30843606051272
C           -6.12474825230805       -2.60479301452008       -2.31942572191443
C           -7.57720977198866       -3.01567422900325       -2.10664830474840
O            1.23938454598795       -1.21657423565530        1.56201077619225
C            2.28088952985695       -2.08612566980970        1.96587923449231
C            3.58007600961806       -1.46129967621904        1.56181701855181
C            4.68251946479798       -1.32230930525336        2.28920225407822
C            4.83924210050302       -1.77181615275193        3.71120489045031
C            5.89548054585617       -0.65001080617835        1.70491643229075
C            6.02873400789247        0.80451165946224        2.19486454752456
C            7.21770085169385        1.46635245887537        1.57211257978659
C            8.35400895358586        1.82207539816510        2.15954088552173
C            8.67836073011982        1.62867726362578        3.61189455397568
C            9.44733288564240        2.50378309010386        1.38818562609825
H           -1.48008290992571       -2.95896671100861        2.45618968734329
H            0.24078680170266       -3.52836037555725        2.65113003824773
H           -0.58119794789370        0.42771020563757        1.54775138037192
H           -1.94392835424537       -0.66196980833918        1.88333676556234
H           -1.67528905367016       -1.65369257646819       -0.38899803272414
H            0.58808489859262       -1.20706676374836       -1.12563629513881
H            0.46520625172417        0.48842384638428       -0.65244214139188
H           -0.05511253308063        0.60304609587217       -3.05036567699964
H           -0.99117238785984       -0.89029606403135       -2.95435223885642
H           -5.01396718789146        4.66408289077513       -2.05838122634333
H           -6.96885945202528        3.32194164794144       -1.20378142753401
H           -6.46008069230143        1.92648543200971       -2.23525264600096
H           -7.22500976656243        4.74859495533313       -3.28894086598519
H           -6.69529438725796        3.34641325993426       -4.30158509758397
H           -2.23811783919639        1.29701858692717       -0.01526092121976
H           -3.95088289507837       -0.47323179851162        0.51666272900533
H           -4.46062541632040        0.79636727981742       -0.59725962051101
H           -3.58474232720246       -2.00496981780016       -1.43665426514494
H           -4.10947280752103       -0.71905422107676       -2.52311331305412
H           -6.32798844848357       -0.67569861571552       -1.39225935603763
H           -5.79623967819160       -1.95028241933638       -0.29784750461380
H           -5.48316565018587       -3.48434767657437       -2.22945817697448
H           -6.00396710139224       -2.20874986092792       -3.33009118823219
H           -8.23680653538861       -2.15741516726056       -2.21535483613191
H           -7.71493779395561       -3.42792140328896       -1.10924948717917
H           -7.87206918060040       -3.76906509394025       -2.83322601421190
H            2.16619783948824       -3.05728666485125        1.45573707455278
H            2.21492636945470       -2.25564611706186        3.04696172783621
H            3.56578287811747       -1.09177330027978        0.54504815064288
H            4.01438385265723       -2.39316344784933        4.04262779475113
H            4.90039787553822       -0.90427419182921        4.36800308316960
H            5.76334680495508       -2.33670456018261        3.82182790772337
H            6.79636147636000       -1.19648189546566        1.99097311000880
H            5.83118747275685       -0.64554275985239        0.61608764145145
H            5.12588012201952        1.34834570012689        1.90579105358031
H            6.09574617831513        0.81968498469598        3.28129652790608
H            7.11163952331195        1.64894230844792        0.50946366948440
H            9.66878135015203        1.18670521680267        3.71125415238335
H            7.96380965261915        0.98648717017239        4.11529867331431
H            8.69596647651467        2.59339005295591        4.11990808342911
H            9.64966171053374        3.48410528790299        1.81976392789984
H            9.17536511197450        2.63279656536849        0.34437911769067
H           10.36893170224250        1.92474936693512        1.44061823708788
74
 energy: -94.782542689424 gnorm: 0.004119861996 xtb: 6.7.1 (edcfbbe)
C           -0.42940709030210       -2.75709537895690        2.31568763318628
C           -0.03877287096568       -1.60195986579074        1.78798475456435
C           -1.00654059861706       -0.54127727416586        1.33389081112378
C           -1.30755939494931       -0.64541011193498       -0.16422742564155
C           -0.09252865215653       -0.36949619405741       -1.05648722106128
C           -0.70732804327029        0.00517300879451       -2.40355965635047
C           -1.94307095399390        0.75775404320741       -2.02056666830944
N           -2.43964864748264        1.59414864579058       -2.82261700956580
O           -3.58330724353326        2.29282626187620       -2.36025778300251
C           -4.17205131375533        3.08152914416561       -3.28030855443185
O           -3.83341139627973        3.19579927120828       -4.42214858103802
C           -5.32621301893063        3.79057938171925       -2.62472332935532
C           -6.49030885161174        2.98894520655997       -2.12283555545175
C           -6.63961595784003        3.84648245835327       -3.34196545433756
C           -2.35056933174377        0.39334354132455       -0.61590349234410
C           -3.80854432443782       -0.06915892924956       -0.48563709667791
C           -4.22202536530634       -1.11952711931351       -1.51508555290565
C           -5.67326665819993       -1.54832798041609       -1.31002997030592
C           -6.11784354289155       -2.60098158484878       -2.32251924910450
C           -7.56995012988667       -3.01170657888080       -2.10812991471629
O            1.24148807919182       -1.20645879726188        1.56688145718816
C            2.28215634319386       -2.07777725416901        1.96416062213547
C            3.58010264192110       -1.45360259048914        1.55817566933825
C            4.68402328068478       -1.32294212813763        2.28472521405256
C            4.83902531939488       -1.77679656710159        3.70549116567260
C            5.89562963439495       -0.64731921298617        1.70378023450515
C            6.02212980843911        0.80578637144986        2.19934029016324
C            7.20666232502557        1.47171580065809        1.57423763051488
C            8.34578365754972        1.82204158264259        2.15980912797030
C            8.67083506819288        1.62723936301108        3.61191789138008
C            9.44136412669918        2.49639689888526        1.38536316044112
H           -1.47626892564434       -2.96106625566567        2.44259033775500
H            0.24584440579848       -3.52991287838551        2.63385137605459
H           -0.56595044642057        0.43554043826963        1.54399344497272
H           -1.93583355621679       -0.63927222556255        1.89571226519201
H           -1.68097018975782       -1.65283488862343       -0.37194215586152
H            0.57661513249409       -1.22482217947737       -1.12773277375592
H            0.47360799737601        0.47197446113649       -0.65349091467540
H           -0.05695649683677        0.59168635338041       -3.04850860895417
H           -1.00559002902340       -0.89448834170545       -2.94832930090962
H           -5.00758217685713        4.65129318012879       -2.04911332764911
H           -6.96643587059659        3.30303489112186       -1.20552195028531
H           -6.45937685072379        1.91733760895355       -2.25142714962298
H           -7.22584607634655        4.75023092916160       -3.27546864011076
H           -6.69561104845183        3.35923428103210       -4.30374724480775
H           -2.23599617472669        1.29912697009370       -0.00631737940878
H           -3.95230713119099       -0.47254793649169        0.51965417891850
H           -4.46026534425956        0.79924708877178       -0.59204163019469
H           -3.57766881079285       -1.99829371631439       -1.43889783019444
H           -4.10461857931504       -0.70996281953691       -2.52105244351084
H           -6.32309526320282       -0.67354958698247       -1.39305783904696
H           -5.79096540140822       -1.94918749736582       -0.29999034156335
H           -5.47583668458196       -3.48048139885830       -2.23437877887347
H           -5.99802778653686       -2.20363929890426       -3.33285107481955
H           -8.22917815512639       -2.15278256510021       -2.21497795736010
H           -7.70604998160653       -3.42445591343878       -1.11058284929787
H           -7.86684427295473       -3.76447782338359       -2.83467853207972
H            2.16598549866409       -3.04798820710654        1.45268001238883
H            2.21891934803809       -2.24901692268937        3.04513979458341
H            3.56342664144165       -1.07805888106117        0.54360468461350
H            4.01176532684271       -2.39523854060608        4.03630169724265
H            4.90276991762648       -0.90991944645801        4.36309351115892
H            5.76059879371132       -2.34579269996649        3.81602754675239
H            6.79836172716350       -1.19164474942878        1.98841859829920
H            5.83312968122468       -0.63935213921848        0.61473098079705
H            5.11480707699435        1.34586566413980        1.91715223694717
H            6.09299454614409        0.81618247457612        3.28537699026295
H            7.09750445933681        1.65491926935843        0.51197909675717
H            9.66021232228219        1.18271307338606        3.71113794702265
H            7.95555799380945        0.98644551120549        4.11654531858861
H            8.68994127008922        2.59195790552381        4.11984055854837
H            9.65278680669394        3.47530785295577        1.81593748505859
H            9.16680127844446        2.62722061145106        0.34225089077352
H           10.35840812987750        1.90954493578655        1.43399147786499
74
 energy: -94.782740655236 gnorm: 0.005613127712 xtb: 6.7.1 (edcfbbe)
C           -0.42818017390602       -2.75424203698364        2.29912113406361
C           -0.03639798790594       -1.59122915836827        1.79047688427450
C           -0.99848201938800       -0.52377405910354        1.34288403980481
C           -1.31215815070359       -0.64055027462764       -0.15189458588696
C           -0.09818400374801       -0.38796880952623       -1.05364111610466
C           -0.71339678444933       -0.00666776745284       -2.39787458273575
C           -1.93889497710538        0.76144907790136       -2.01185270725545
N           -2.43098249643006        1.59837257550850       -2.81683678648119
O           -3.56671043730503        2.30433359472311       -2.35091508054842
C           -4.17796880988455        3.06528267310674       -3.28226881552247
O           -3.86596221390163        3.15268254114978       -4.43469557012734
C           -5.32518328709450        3.77869768347012       -2.62086785789509
C           -6.49217029214816        2.97121957538162       -2.13272798554916
C           -6.63848327121501        3.85132171548861       -3.33626738915743
C           -2.34935968352994        0.40279548484616       -0.60705572235556
C           -3.80703039095266       -0.06053439489005       -0.48083932824680
C           -4.21577362519588       -1.10869303686135       -1.51456942671985
C           -5.66528858268364       -1.54323456879390       -1.31219055371376
C           -6.10710970335227       -2.59384585268427       -2.32755061012090
C           -7.55824292464650       -3.00599759003684       -2.11215410094799
O            1.24476116840617       -1.19256389550062        1.57752733027765
C            2.28441554139088       -2.06938438942603        1.96230422266264
C            3.58148401540775       -1.44508033401912        1.55512028046086
C            4.68717219331984       -1.32428510820070        2.28021056515332
C            4.84274704866528       -1.78856419282254        3.69743471463363
C            5.89648795201333       -0.64170654415513        1.70405880388992
C            6.01208642359285        0.80981550211631        2.20562663298698
C            7.19128989158217        1.48187370607276        1.57815960154480
C            8.33467137376422        1.82371125447961        2.16036063133685
C            8.66130726226019        1.62601869002814        3.61163246670539
C            9.43320812784166        2.48730989350822        1.38085600217268
H           -1.47528100244128       -2.96048412317784        2.42081672214782
H            0.24728419363708       -3.52981374167430        2.60962481331042
H           -0.54447544378322        0.44961673757111        1.53979308520832
H           -1.92390023514535       -0.60422127598554        1.91465818388281
H           -1.69548132552635       -1.64711173826949       -0.34505101872866
H            0.55467412156386       -1.25627225815076       -1.12703926648185
H            0.48692988217151        0.44381214434742       -0.65682101660239
H           -0.05757198502723        0.57075921218585       -3.04511590793800
H           -1.02754562486567       -0.90233053335481       -2.94065362955700
H           -4.99981585766725        4.62546696346889       -2.02857668811161
H           -6.96658343098984        3.27063206958415       -1.20951097448900
H           -6.46349174958499        1.90175414006182       -2.28039165901642
H           -7.22200882092633        4.75539037760934       -3.25183573031322
H           -6.69589346288825        3.38247543843480       -4.30748739939213
H           -2.23449076214849        1.30787168715915        0.00317811481260
H           -3.95276700417599       -0.46774857209992        0.52302334686197
H           -4.46176803402568        0.80625432296296       -0.58478976622312
H           -3.56779459487294       -1.98514212583613       -1.44162581226822
H           -4.09918174749523       -0.69510450305615       -2.51896807950513
H           -6.31762365786471       -0.66994679477919       -1.39304524375545
H           -5.78295239423228       -1.94724462504844       -0.30325884111812
H           -5.46351035233317       -3.47266432206054       -2.24261591693245
H           -5.98841325636955       -2.19376397733111       -3.33707535224312
H           -8.21769315176124       -2.14673984614013       -2.21597855220032
H           -7.69248009228291       -3.42049890387109       -1.11497452206935
H           -7.85698214993575       -3.75741569748417       -2.83941588212155
H            2.16457525529582       -3.03590411653496        1.44525484995193
H            2.22611938078002       -2.24689517064009        3.04254005807126
H            3.56264657193154       -1.06115387272897        0.54379622646242
H            4.01330990164773       -2.40512003297463        4.02645910650770
H            4.91119521320386       -0.92553597689354        4.35973356468546
H            5.76137005777555       -2.36319130513659        3.80410718419210
H            6.80269456174816       -1.18183395201966        1.98719769913081
H            5.83669777225223       -0.63009908097204        0.61455399808396
H            5.09894410834732        1.34390487733769        1.93036367750717
H            6.08656331756410        0.81602958690319        3.29124066160958
H            7.07680348936622        1.66855602402234        0.51712728484166
H            9.64918644105554        1.17778127437374        3.71049828488457
H            7.94473154234627        0.98676540243644        4.11708257873374
H            8.68289224568318        2.58995377104214        4.12091440503608
H            9.66143669525438        3.46324691864741        1.80992508741631
H            9.15353164678403        2.62216178124069        0.33924076413205
H           10.34244855524513        1.88724186249023        1.42187532620376
74
 energy: -94.783001320275 gnorm: 0.009154254331 xtb: 6.7.1 (edcfbbe)
C           -0.43114029077532       -2.74755305062338        2.28068213219342
C           -0.03471501203989       -1.57620461115257        1.79617852629790
C           -0.98940141707642       -0.50102326233381        1.35351826074422
C           -1.31915841194389       -0.63264803365223       -0.13654853034884
C           -0.10635732147834       -0.41267202537909       -1.04962946802313
C           -0.72000348322596       -0.02396260472361       -2.39173554176419
C           -1.93164501902505        0.76516207091264       -2.00449426010875
N           -2.41622741328867        1.60516855016984       -2.81111535245255
O           -3.54094821744442        2.32090197811492       -2.33868125409416
C           -4.18704245561952        3.04216182179678       -3.28194432913147
O           -3.91307056870845        3.09163386407484       -4.44751242967391
C           -5.32509870255903        3.75978637146038       -2.61248314636299
C           -6.49996866147512        2.94756219095064       -2.14687324693001
C           -6.63595606724834        3.85904603200342       -3.32863083081704
C           -2.34770158534524        0.41693763068425       -0.59907847249787
C           -3.80563054568707       -0.04644928338064       -0.47708951251012
C           -4.20997153850910       -1.09264841067462       -1.51457357332774
C           -5.65698280806650       -1.53515695875460       -1.31419189492725
C           -6.09418961817938       -2.58321765233063       -2.33386916775401
C           -7.54371132986955       -2.99967156231984       -2.11920584452759
O            1.24928006837504       -1.17688424752095        1.59549729349380
C            2.28730128021699       -2.06446264534433        1.96117404420301
C            3.58436113944024       -1.43899805019449        1.55472762629702
C            4.69194246215029       -1.32692884296846        2.27775200701657
C            4.85210642797964       -1.80754394046035        3.68895187304939
C            5.89782531507576       -0.63368969281526        1.70681745643645
C            5.99988347379706        0.81708919992219        2.21213022607658
C            7.17457822320768        1.49602640086996        1.58345967256171
C            8.32306381729282        1.82767069572501        2.16105793739963
C            8.65285974469976        1.62518769895944        3.61071312359204
C            9.42439715877244        2.47938703599462        1.37542115881482
H           -1.47903427793033       -2.95629418075463        2.39118812964037
H            0.24248317705483       -3.52903194356277        2.58036586040065
H           -0.52132017328847        0.46853793732317        1.53518119205427
H           -1.90969596387772       -0.56279953700979        1.93659955338886
H           -1.71807458250038       -1.63651757102712       -0.31173911177061
H            0.52439139901862       -1.29791872034774       -1.12213905447714
H            0.50269841989217        0.40674075617533       -0.66203144797364
H           -0.05588459514405        0.54149034945198       -3.04112055064155
H           -1.05238578582937       -0.91404249944696       -2.93298987095556
H           -4.99324931864706        4.58621708233217       -1.99472303888040
H           -6.97330921172820        3.22709451837241       -1.21687118407255
H           -6.47664494398155        1.88158066919749       -2.32174657675005
H           -7.21229113032295        4.76541455741630       -3.22017266670348
H           -6.69503312058121        3.41604613861075       -4.31227020265670
H           -2.23378131453210        1.32332765086652        0.00888434928852
H           -3.95220915956567       -0.45732434448157        0.52562513830370
H           -4.46401357555368        0.81858035510163       -0.57801549620307
H           -3.55756983986282       -1.96612327505643       -1.44477426247422
H           -4.09528359041283       -0.67549687489692       -2.51771285953059
H           -6.31366974258931       -0.66457071364111       -1.39116701697806
H           -5.77328583745527       -1.94408196570550       -0.30693175002885
H           -5.44750470231795       -3.46035858987629       -2.25291709226251
H           -5.97650677577330       -2.17891980498660       -3.34200462303952
H           -8.20484402116774       -2.14120498206951       -2.21929923345464
H           -7.67633274698189       -3.41772695265159       -1.12325239745896
H           -7.84223256372665       -3.74908553063200       -2.84852927816921
H            2.16041908689007       -3.02336835155579        1.43231409257178
H            2.23583070872313       -2.25498958271668        3.03961146126010
H            3.56340842387267       -1.04404219060965        0.54774616561977
H            4.02170850805997       -2.42439644675304        4.01528057185258
H            4.92759080319942       -0.95221172002855        4.36059677217130
H            5.76833734429910       -2.38807250732820        3.78576485084287
H            6.80852409267009       -1.16737623343858        1.98964072133931
H            5.84120379453398       -0.61978602183299        0.61682454008365
H            5.08153815502162        1.34384317055723        1.93994712092289
H            6.07546934772708        0.82198103237476        3.29752879813897
H            7.05419064172051        1.68816137188329        0.52414548453077
H            9.63931724277036        1.17324905195989        3.70806289261106
H            7.93498599577381        0.98705210505179        4.11630103866924
H            8.67771960060944        2.58755693653730        4.12284815302457
H            9.67452563077057        3.45018777181521        1.80435231465422
H            9.13742432349243        2.62167559199848        0.33639599808298
H           10.32371163423578        1.86299682636110        1.40512288730942
74
 energy: -94.783363517957 gnorm: 0.011257023559 xtb: 6.7.1 (edcfbbe)
C           -0.43873875824609       -2.73848163471219        2.26140729935749
C           -0.03390199868142       -1.56050938155407        1.80191637068782
C           -0.98093484011525       -0.47702688708465        1.36349116436198
C           -1.32711136714921       -0.62310744697500       -0.12108995638995
C           -0.11586587639895       -0.43984893295665       -1.04500048681359
C           -0.72571152586073       -0.04472644678748       -2.38660022816774
C           -1.92204264491315        0.76715498239633       -2.00093818152612
N           -2.39682160766621        1.61308235227526       -2.80700551179428
O           -3.51058771890253        2.33844240948501       -2.32676891110735
C           -4.19848436832479        3.01475903430012       -3.27713530886822
O           -3.96590251386916        3.02323011072754       -4.45282164835796
C           -5.32680288838653        3.73472057749552       -2.59844694442080
C           -6.51586761956014        2.92106790477965       -2.16513850941942
C           -6.63151219029308        3.87004803172730       -3.32010474802041
C           -2.34526707311325        0.43306236276382       -0.59414125458512
C           -3.80469325559604       -0.02796147480297       -0.47568849943442
C           -4.20661533819157       -1.07280941688593       -1.51528070034135
C           -5.65062699042081       -1.52441580615279       -1.31529414590827
C           -6.08160445186254       -2.56979206746010       -2.34035602041021
C           -7.52892484949536       -2.99430078457632       -2.12905724782826
O            1.25458907376752       -1.16258736548480        1.61931877266188
C            2.29021987748647       -2.06526131279657        1.96147839757137
C            3.58820726190374       -1.43700805655538        1.55893384756623
C            4.69760611345136       -1.33023562521168        2.27942827158726
C            4.86717933983636       -1.83205893094761        3.68221449604836
C            5.89932969246691       -0.62457408619412        1.71261525268581
C            5.98766800658138        0.82711302399249        2.21704441801834
C            7.16043968502130        1.51133949966627        1.58893358681947
C            8.31387287813030        1.83316589182562        2.16140422688604
C            8.64833851374834        1.62463590287208        3.60885183841683
C            9.41659700807825        2.47561592723013        1.37013267592712
H           -1.48785680895310       -2.94629082342927        2.36006116048185
H            0.23049329729569       -3.52533171777201        2.55549563189194
H           -0.50118940628097        0.48895197578755        1.53092105850586
H           -1.89545177130892       -0.52351420150632        1.95702585388447
H           -1.74480125087690       -1.62240727676125       -0.27792202293891
H            0.49059533479871       -1.34248701338432       -1.11300332860995
H            0.51718885441861        0.36633768982913       -0.66803988699922
H           -0.05177541467572        0.50757349594002       -3.03766983358314
H           -1.07469661291586       -0.92870899416092       -2.92691012831962
H           -4.99062613016503        4.53500424133707       -1.94771449761014
H           -6.99008650859386        3.17747617051892       -1.22912714647879
H           -6.50183996985920        1.86020057618930       -2.37305764164603
H           -7.19619203818854        4.78048384615551       -3.18508841955941
H           -6.69058535098659        3.45794434268671       -4.31735937298990
H           -2.23291651124785        1.34327459488746        0.00790023108953
H           -3.95119593030412       -0.44090169176602        0.52650455622354
H           -4.46533856195332        0.83628505995864       -0.57429806200004
H           -3.54983908614538       -1.94323027022385       -1.44828568479018
H           -4.09512166827684       -0.65322659841827       -2.51776916446431
H           -6.31308049611430       -0.65757474544108       -1.38688183922873
H           -5.76381595330159       -1.93955599793168       -0.31012184656562
H           -5.43024910423619       -3.44401262140484       -2.26339041524331
H           -5.96459915202035       -2.16006581848551       -3.34650798678505
H           -8.19383396386021       -2.13836700060440       -2.22534130733346
H           -7.66054616793943       -3.41782917537916       -1.13532372408634
H           -7.82367780311209       -3.74135878811634       -2.86211315959061
H            2.15358184214720       -3.01227320125814        1.41394983294279
H            2.24567466651715       -2.27640329085081        3.03661605323457
H            3.56558289093489       -1.03006371426010        0.55681492351721
H            4.03746426586562       -2.45163843128402        4.00557175168601
H            4.95193696566085       -0.98797732389340        4.36718678855145
H            5.78214575058042       -2.41776337320682        3.76260318682800
H            6.81459879763420       -1.15015972664158        1.99722083971596
H            5.84563515240549       -0.61111537564713        0.62226466814710
H            5.06653062294973        1.34667385588652        1.94124182514241
H            6.06024635440934        0.83526677879465        3.30268040562209
H            7.03494216077364        1.71059540306132        0.53162428014679
H            9.63394275194834        1.17012114018037        3.70293005677644
H            7.92979255849128        0.98666847396020        4.11384911010072
H            8.67680345592423        2.58486231399646        4.12499401709249
H            9.68908426479616        3.43903307409692        1.80196773710443
H            9.12129500885912        2.62923058896006        0.33479751964936
H           10.30575109148762        1.84354119518757        1.38574652048988
74
 energy: -94.783847442354 gnorm: 0.009551430755 xtb: 6.7.1 (edcfbbe)
C           -0.44957390283460       -2.72736231624089        2.24899158452354
C           -0.03346215598246       -1.54708700351087        1.80856700948670
C           -0.97499433048882       -0.45816002601722        1.36966762660919
C           -1.33370500822904       -0.61484646165226       -0.10989324323279
C           -0.12456060098152       -0.46287942512010       -1.04054903961943
C           -0.72898850363842       -0.06470193211895       -2.38409978667127
C           -1.91245497489043        0.76530880460030       -2.00353403594049
N           -2.37783921554619        1.61838506151219       -2.80656882643441
O           -3.48174745004915        2.35403706461050       -2.31814227118752
C           -4.20925206848421        2.98935056758435       -3.26569270233740
O           -4.01369668146199        2.95758822771075       -4.44555605666090
C           -5.33066365523728        3.70756582856387       -2.57917199627333
C           -6.53958409235725        2.89851209517379       -2.18501286797613
C           -6.62470041037717        3.88323808123328       -3.31193433158184
C           -2.34196457523831        0.44618642738547       -0.59457102938557
C           -3.80457396961172       -0.00851224858274       -0.47764345791142
C           -4.20793730592927       -1.05266691305170       -1.51688336258105
C           -5.64907622044484       -1.51241419412069       -1.31481809379416
C           -6.07316975200579       -2.55543568926555       -2.34552200312693
C           -7.51795439033361       -2.99173763801124       -2.14060064208191
O            1.25994217515249       -1.15364579720635        1.64578641080093
C            2.29239517604186       -2.07309848175319        1.96397235925124
C            3.59220204880798       -1.44082884213488        1.56891528448571
C            4.70313145316344       -1.33380541510409        2.28679659493370
C            4.88623189777544       -1.85776692572435        3.67979689662925
C            5.90066649832128       -0.61704395476218        1.72131862615562
C            5.97869730782491        0.83801095612801        2.21793545697587
C            7.15367385461013        1.52358484733196        1.59259068068918
C            8.31038344334454        1.83899615280418        2.16075131712123
C            8.65054984685580        1.62383364015338        3.60569018352773
C            9.41192542091452        2.47962051082560        1.36677471433845
H           -1.50048357470079       -2.93126956984412        2.33366486475485
H            0.21258687782560       -3.52003696366486        2.54233514968072
H           -0.48973168154289        0.50580641342957        1.52708127055815
H           -1.88435263345741       -0.49774038459695        1.96997308646130
H           -1.76859481099394       -1.60832718699067       -0.25236298276437
H            0.46157799273354       -1.37806384298817       -1.10092782058015
H            0.52547559221384        0.33235784124985       -0.67283789693709
H           -0.04633145206732        0.47619842333787       -3.03624980935238
H           -1.08751187235179       -0.94405108222296       -2.92395715430861
H           -4.99543970702114        4.47972637632593       -1.89484400201665
H           -7.01894612193954        3.13304747034978       -1.24678209260704
H           -6.53845915856898        1.84452608389605       -2.42570141490534
H           -7.17479619419535        4.79855735181461       -3.15486868138957
H           -6.67891817407529        3.50137611278647       -4.32051495674696
H           -2.23057174762570        1.36265757196510       -0.00214025262197
H           -3.95087062123416       -0.42032793615687        0.52496788727692
H           -4.46322834463151        0.85749337767233       -0.57652184233908
H           -3.54801002329646       -1.92080092460011       -1.45227830186939
H           -4.10084803003457       -0.63214811244150       -2.51949810852273
H           -6.31752558250909       -0.64973156442757       -1.38017970039092
H           -5.75728052276386       -1.93405869256796       -0.31185533127087
H           -5.41598197181554       -3.42556584999400       -2.27155399250436
H           -5.95639865507313       -2.13971927602981       -3.34922446136398
H           -8.18904258167683       -2.14047888545869       -2.23386191425947
H           -7.64953589969124       -3.42234689839136       -1.15004907629315
H           -7.80434987178859       -3.73651679157116       -2.87906507522651
H            2.14448888351939       -3.00487182137394        1.39304407160546
H            2.25273783048799       -2.31057187614638        3.03403606916699
H            3.56834191855770       -1.02277937501159        0.57147109254530
H            4.05862554462423       -2.48158765037793        4.00101170823855
H            4.98215566625942       -1.02687761115226        4.37944324866466
H            5.80120033536494       -2.44686454075433        3.73858707871619
H            6.81917747480280       -1.13407206561709        2.01069073887725
H            5.84881705406782       -0.60807042522621        0.63092848413195
H            5.05890939211493        1.35252156728876        1.92966556327534
H            6.04301525462563        0.85510791685166        3.30449530852712
H            7.02600020255922        1.73009347756230        0.53704875739007
H            9.63643846523084        1.16916435702028        3.69426810317218
H            7.93258918915407        0.98446952128268        4.10921493829539
H            8.68215718562066        2.58165978333740        4.12635760659118
H            9.70025224872062        3.43393824862136        1.80646744642565
H            9.10914971225965        2.64820008154313        0.33603462712236
H           10.29361255362845        1.83775235001626        1.36747162326515
74
 energy: -94.784260837383 gnorm: 0.020660808410 xtb: 6.7.1 (edcfbbe)
C           -0.45616219675044       -2.71657934003732        2.23340762248283
C           -0.02884420180789       -1.53108836160039        1.81662840279413
C           -0.96484469193858       -0.43567947893038        1.37821124176290
C           -1.33854629866814       -0.60880533864256       -0.09594525335791
C           -0.13249025573140       -0.49164418395017       -1.03545300868767
C           -0.73394883290622       -0.08837717301826       -2.37991219079622
C           -1.90151814214796        0.76338229044152       -2.00175640670073
N           -2.35700292405589        1.62322179385956       -2.80258339515428
O           -3.44532690133922        2.38122610384333       -2.30557470620935
C           -4.22572297274662        2.95426015676759       -3.25443404619456
O           -4.08487000719705        2.85154646300428       -4.44648518448561
C           -5.33615098976841        3.67588931514310       -2.55576855004854
C           -6.56772048551985        2.87355631061905       -2.21001557631046
C           -6.61740604636785        3.90320343027369       -3.29916630059081
C           -2.33524607800252        0.45724960793339       -0.59073503843473
C           -3.80300455056861        0.01368873149131       -0.47767072967611
C           -4.20819454173279       -1.02752814654010       -1.51893339049685
C           -5.64616191849161       -1.49669509769761       -1.31499511351557
C           -6.06268768814098       -2.53635796026201       -2.35274153783394
C           -7.50442986262608       -2.98755728686538       -2.15491571952294
O            1.26705789034011       -1.13917682490897        1.67687018784739
C            2.29446575906573       -2.07562271172313        1.96718606940755
C            3.59489056241986       -1.43929223631160        1.58046155659169
C            4.70917629281715       -1.33773088829233        2.29479344045978
C            4.90650156431506       -1.88700095172622        3.67604654148309
C            5.90156903196342       -0.61048977924695        1.73079639746602
C            5.96651221936052        0.84912278600952        2.21899007407289
C            7.14248649884620        1.53581464206826        1.59533715542395
C            8.30339357222554        1.84358988841114        2.15895420565225
C            8.65082246954102        1.61985577623735        3.60099700524932
C            9.40357302561485        2.48444383394727        1.36364301524160
H           -1.50922438694953       -2.91525230042824        2.30196295884380
H            0.19798447313927       -3.51593920121845        2.52651017460749
H           -0.46775537106559        0.52552185418191        1.51929309460247
H           -1.86777603795266       -0.46296913653633        1.98916741422702
H           -1.79140325870393       -1.59714192103981       -0.21824839921205
H            0.43004009144575       -1.42158169484613       -1.09222940018493
H            0.53865182232491        0.28980885708359       -0.67670342423756
H           -0.04283453957712        0.43743408146613       -3.03641285746818
H           -1.10651952954146       -0.96402875301469       -2.91650104550290
H           -4.99799302218527        4.41185823669085       -1.83329536446267
H           -7.05435865209209        3.07955852958354       -1.26851078684234
H           -6.58334992513460        1.82903326922011       -2.49250002974136
H           -7.15176710984048        4.82323499158750       -3.11611350389670
H           -6.66094901311675        3.55980456775437       -4.32250041758753
H           -2.22117950838632        1.37895264068476       -0.00731373035809
H           -3.95367793920122       -0.39679706890309        0.52436768182454
H           -4.45359517374166        0.88492416381445       -0.57990501466506
H           -3.54451640156909       -1.89332551441095       -1.46048492684547
H           -4.10644051330064       -0.60234113941078       -2.52028994762062
H           -6.32071295817822       -0.63850869896428       -1.37292053658822
H           -5.74820606186220       -1.92625578809799       -0.31488951500746
H           -5.39862013564723       -3.40143827267161       -2.28260851728944
H           -5.94725443956307       -2.11291604275916       -3.35321215209052
H           -8.18350752577767       -2.14232004233225       -2.24400895396637
H           -7.63471859234426       -3.42712207138203       -1.16821881452577
H           -7.78030319396838       -3.72951868138810       -2.90022382265457
H            2.13449955674451       -2.98940144024261        1.36972153688148
H            2.25884839588922       -2.34467974065144        3.03028848007831
H            3.56674667826129       -1.00480598640965        0.58966112972864
H            4.07835977681997       -2.51074847074700        3.99607160993295
H            5.01939580329059       -1.07016092195712        4.38976055750925
H            5.81880811634963       -2.48296899966720        3.70971554523089
H            6.82319082774115       -1.11658272044250        2.02704429187189
H            5.85240137327447       -0.60600385143557        0.64062678892136
H            5.04713104088450        1.35689292879426        1.91816466131882
H            6.02272829036881        0.87427201748622        3.30646886473485
H            7.01305568062664        1.74898656695672        0.54132926437143
H            9.63719242786397        1.16513805815392        3.68092986211969
H            7.93424413274790        0.97892088247647        4.10354021435077
H            8.68653890665135        2.57534035263783        4.12594148321758
H            9.70809401700104        3.42663298541700        1.81779384116744
H            9.09154303168460        2.67436504288944        0.33940985042882
H           10.27703954659449        1.83170306176573        1.34442994206212
74
 energy: -94.784745615433 gnorm: 0.011517100913 xtb: 6.7.1 (edcfbbe)
C           -0.45901825077790       -2.71076313332165        2.23785826364456
C           -0.02308776343315       -1.52866721493248        1.82136130279503
C           -0.96157989429685       -0.43497089760272        1.37614539090829
C           -1.33566482443524       -0.61187646987392       -0.09698834953063
C           -0.13206530956587       -0.50015037762228       -1.03393922441723
C           -0.73224625536294       -0.09844282173420       -2.38184071046934
C           -1.89409785687735        0.75827313996691       -2.00645547015391
N           -2.34396849495073        1.62430724353792       -2.80271621039225
O           -3.43251739503419        2.39171955329839       -2.30674914558598
C           -4.24314091294139        2.92458934893805       -3.23932762393471
O           -4.11645827991196        2.78747852513452       -4.41966208795219
C           -5.34610423729232        3.65047816840680       -2.53315771578798
C           -6.60178818043824        2.86951784689481       -2.23168825384895
C           -6.61024104034851        3.92430729859443       -3.29083913894687
C           -2.32716426120406        0.45370028084986       -0.59434161441266
C           -3.80204255611086        0.02687454949657       -0.48219759646219
C           -4.21578259127618       -1.01247293728386       -1.52203396742379
C           -5.65266664065106       -1.48457946247952       -1.31276193941040
C           -6.06484729168341       -2.52238980018360       -2.35502924185934
C           -7.50408752508407       -2.98904350211748       -2.16571648086436
O            1.27124359156957       -1.13920754203260        1.69616035200672
C            2.29386327160927       -2.08242371032004        1.97362902000162
C            3.59489234325704       -1.44332399931482        1.59689951799078
C            4.71187432617981       -1.34036218272925        2.30884882873035
C            4.92129015568792       -1.90255108280626        3.68141599286251
C            5.90173848277601       -0.61337307169740        1.74014609514222
C            5.96565183291805        0.85386227746326        2.21112697971620
C            7.14762851723393        1.53431235302480        1.59091881724821
C            8.30753200856049        1.84518166555516        2.15502936685211
C            8.66091802561248        1.61385047959689        3.59496733769216
C            9.40279938099820        2.50298990850612        1.36681990820268
H           -1.51410874151048       -2.89977989069044        2.29581215556799
H            0.18617527177940       -3.51317027947090        2.54294213958221
H           -0.46509388239151        0.52725725753388        1.51361138003395
H           -1.86254584990906       -0.46666937958900        1.98814273234721
H           -1.79208542097015       -1.59700260340033       -0.21425378931640
H            0.42608654164366       -1.42917327501575       -1.08950948402062
H            0.53879533520092        0.27789424701103       -0.67544707417808
H           -0.03990342040745        0.42070587973982       -3.04200755839418
H           -1.10342568924008       -0.97658049035637       -2.91481583918845
H           -5.00900060583735        4.35581176504295       -1.78626633571569
H           -7.09886744753865        3.06046856379879       -1.29362769535596
H           -6.63538411716079        1.83568989069243       -2.53962449529027
H           -7.12992403075031        4.84867634768441       -3.10108457671336
H           -6.63369931134877        3.60425613619269       -4.31948963016889
H           -2.20577355422671        1.37885243444601       -0.01788737379379
H           -3.96004108919719       -0.37703728489219        0.52021467959321
H           -4.43530972664531        0.90841281367975       -0.59343533110344
H           -3.55222691992167       -1.87877269865403       -1.46972188634346
H           -4.11987530471648       -0.58430454708903       -2.52286528254624
H           -6.32975130176077       -0.62904085281355       -1.36533519074533
H           -5.74803241824011       -1.91883327490143       -0.31457409416245
H           -5.39517583089796       -3.38259152657491       -2.28595941712216
H           -5.95092931780443       -2.09316053786047       -3.35264429731429
H           -8.19256870873770       -2.15154183987297       -2.25351037926618
H           -7.63418524538318       -3.43702871741099       -1.18300238825765
H           -7.76552961017163       -3.72936236577039       -2.91817585501787
H            2.12772634887660       -2.98141196998416        1.35749866885273
H            2.25427922665177       -2.37627843016357        3.02846092135035
H            3.56306648033889       -0.99978852084132        0.61009518331438
H            4.09160081626788       -2.52237943846858        4.00450833696604
H            5.05158479221294       -1.09479049906339        4.40051692674588
H            5.83026884798436       -2.50309819997289        3.69404072088663
H            6.82186797703179       -1.11217015828195        2.04664126582161
H            5.85312483787347       -0.61875484418754        0.65078267366232
H            5.05275627642357        1.36131048489971        1.89025361267627
H            6.00934561766532        0.89171900743876        3.29999039282872
H            7.02344266340508        1.74989056708995        0.53673147839372
H            9.64946982683904        1.16287442020332        3.66407263846088
H            7.94795605446122        0.96887488953476        4.09571571291001
H            8.69851165089213        2.56752600227910        4.12305900306455
H            9.70145549657111        3.43440117735761        1.84345089363922
H            9.08724767397537        2.71518529669640        0.34905890709176
H           10.27781343395238        1.85607001077746        1.33210000308678
74
 energy: -94.785185265142 gnorm: 0.015023083542 xtb: 6.7.1 (edcfbbe)
C           -0.45822593957276       -2.70350095200787        2.22865516854888
C           -0.01711323028953       -1.51539223413258        1.83091461465236
C           -0.95131120192815       -0.41834659193183        1.38403945006355
C           -1.33905134040727       -0.60950459411252       -0.08515566782078
C           -0.13680564571097       -0.52540381482707       -1.03117494538120
C           -0.73591497569314       -0.11599442347443       -2.37741553376760
C           -1.88317539615699        0.76136632796369       -1.99919156748146
N           -2.32294455283537        1.63352679797229       -2.79597753051243
O           -3.40287852650761        2.41137995644235       -2.29503727058720
C           -4.26494155675225        2.88000813793570       -3.23054587596425
O           -4.18115889362940        2.69272595823354       -4.41281209510976
C           -5.35286870219016        3.61619954199063       -2.51405026102804
C           -6.63055515954880        2.84590349411930       -2.26084130780969
C           -6.60406090160203        3.94663829139305       -3.27991406159706
C           -2.32065487905829        0.46295185403710       -0.58679438478860
C           -3.79901239590797        0.04538558208746       -0.48031723284951
C           -4.21341474280945       -0.99016835922940       -1.52418729470479
C           -5.64790596006850       -1.47022106381414       -1.31407402805987
C           -6.05470446963708       -2.50433267702177       -2.36250731787780
C           -7.49081874843880       -2.98200680712369       -2.17641960976895
O            1.27720895789104       -1.12339985627845        1.72111881653680
C            2.29677384835008       -2.07642033112409        1.97633968477055
C            3.59710626411843       -1.43531436254430        1.60360976769539
C            4.71770188262617       -1.34418951127199        2.31200379368141
C            4.93363973305352       -1.92516151683503        3.67621481567253
C            5.90439921361766       -0.61066056785542        1.74550537641919
C            5.95605743188595        0.85930156789811        2.21138809479570
C            7.13498953274649        1.54389098404284        1.59074558726194
C            8.29798844082164        1.84866104439106        2.15300162240679
C            8.65642182387882        1.60709601050527        3.59040337423079
C            9.39292278363385        2.50809220161008        1.36511173858077
H           -1.51495177312044       -2.89324569532392        2.26910538072164
H            0.18229011288888       -3.51226967998905        2.52849279239287
H           -0.44418815539746        0.54054831761700        1.50723648124534
H           -1.84782837436103       -0.43286137431103        2.00490897200624
H           -1.80709405190171       -1.59259181025805       -0.18491132290688
H            0.40201766089394       -1.46855862875975       -1.08917792280536
H            0.55492828678978        0.24087198290931       -0.67971972465931
H           -0.03647706096541        0.38900488875407       -3.04183574466685
H           -1.12598704637471       -0.99064387023614       -2.90541173274082
H           -5.00390948715880        4.28222074324525       -1.72853555707578
H           -7.13172860056872        3.01074653292036       -1.31774964307313
H           -6.68277882571550        1.82178489712084       -2.61074210945012
H           -7.10775229144702        4.87686126880237       -3.06200542544451
H           -6.61770897807181        3.66556310303018       -4.32457337106045
H           -2.19385498565984        1.38727318298490       -0.01054211364888
H           -3.96451023816896       -0.35861731856470        0.52085634203183
H           -4.42600191052460        0.93086752891323       -0.59321371479117
H           -3.54580200156030       -1.85408883440324       -1.47970485332211
H           -4.12277162392652       -0.55587691318678       -2.52299156643317
H           -6.32938951558870       -0.61766804933754       -1.36072843715812
H           -5.73950577095536       -1.91092905628352       -0.31820874295121
H           -5.37972982259880       -3.36100693354069       -2.29923472080039
H           -5.94397456452452       -2.06811424267175       -3.35755620036742
H           -8.18557592763651       -2.14906283120132       -2.25971853084890
H           -7.61852136137846       -3.43761645808982       -1.19670531001864
H           -7.74613321798565       -3.71947107929460       -2.93400213669111
H            2.12457310454768       -2.96338867750463        1.34383925234235
H            2.26156686206897       -2.39043237536383        3.02590182735323
H            3.56095886322684       -0.97699528945735        0.62310855783182
H            4.09890143157312       -2.53732358202105        4.00126008505051
H            5.08318180838363       -1.12662795915558        4.40329139609731
H            5.83437305261255       -2.53923216851835        3.67264755547879
H            6.82775485223107       -1.10062226517340        2.05676699816833
H            5.86045920150324       -0.61989790401236        0.65591921421852
H            5.04010398099228        1.35904099274734        1.88743864030653
H            5.99631810392665        0.90132259051246        3.29999260844841
H            7.00745944225873        1.76578519037046        0.53791220403808
H            9.64438260414269        1.15347938275329        3.65238849714153
H            7.94465330998183        0.95991182992121        4.09022953552870
H            8.69757320840983        2.55749544153069        4.12427626191606
H            9.70608365298421        3.42921536194522        1.85575777927022
H            9.06942051300549        2.74079562782570        0.35348310894777
H           10.26148283929530        1.85124404570138        1.31016432537200
74
 energy: -94.785574381268 gnorm: 0.022000188641 xtb: 6.7.1 (edcfbbe)
C           -0.44983106673720       -2.70604526972723        2.23394929787013
C           -0.01410597757761       -1.51646522081951        1.83451026436083
C           -0.94848352785186       -0.42206144487748        1.38469339189728
C           -1.33859439665966       -0.61393842072918       -0.08475129714454
C           -0.13558595359485       -0.52895844984194       -1.03375909107950
C           -0.73678489579873       -0.11426411324580       -2.37640287489378
C           -1.88219937260221        0.76607968748889       -1.99235898091363
N           -2.32037464480829        1.63742102226665       -2.79267381426631
O           -3.39191423251691        2.42203351329280       -2.28686681641813
C           -4.27126354020618        2.86027805467335       -3.22121425165184
O           -4.21681940755745        2.63699180694539       -4.40583890618369
C           -5.35635661330775        3.60182895632495       -2.51101451652151
C           -6.64013307807092        2.84562072836530       -2.27143759947259
C           -6.59880919407739        3.94862918058893       -3.27624865525090
C           -2.31874705296877        0.46364941609509       -0.58086608765797
C           -3.79647166721943        0.04934632333346       -0.47752766547553
C           -4.21094570038090       -0.98286144863934       -1.52551893923637
C           -5.64528195308982       -1.46432007428466       -1.31614447844209
C           -6.05213099877457       -2.49600786462062       -2.36659031371820
C           -7.48620915631342       -2.97540444653939       -2.17792667268595
O            1.27770314561443       -1.11823811292753        1.72393361922780
C            2.29916753989115       -2.06573949122906        1.97765249068773
C            3.59823823024012       -1.42563278468228        1.60245077000582
C            4.72040462524929       -1.34631048472570        2.30903956845946
C            4.93033646370750       -1.92770200330038        3.67340225221638
C            5.90896777416290       -0.61574521214988        1.74388790130942
C            5.95732466134668        0.85375682787280        2.20861478458274
C            7.13087354647830        1.54361729712758        1.58599169089105
C            8.29253620984137        1.84959624407373        2.15158900637371
C            8.65040971080296        1.59992070463947        3.58781513129909
C            9.38727485527047        2.51555187496798        1.36769721265269
H           -1.50591904473360       -2.90102138257583        2.26959498530900
H            0.19272889541584       -3.51363755473114        2.53221706865601
H           -0.44079048908154        0.53530349917551        1.50694649098153
H           -1.84614247566462       -0.42700160697790        2.00477353921909
H           -1.80298868050272       -1.59928507385908       -0.18356463777924
H            0.40340758633938       -1.47415619125847       -1.09842024380526
H            0.56025025159696        0.23613398497237       -0.68177837098616
H           -0.03750925881928        0.38719474111683       -3.04235332295733
H           -1.13768584206823       -0.98769691657947       -2.90036326287493
H           -5.00200231018759        4.25518641754383       -1.72629110812001
H           -7.14814060202260        3.01015897658046       -1.33346209750730
H           -6.70050730306420        1.82793094518381       -2.62917886877595
H           -7.09721895603416        4.88035525188829       -3.05333625574477
H           -6.60576566974203        3.67538234909081       -4.32088511002322
H           -2.18588681913165        1.38114541272298        0.00471449508815
H           -3.96831014249554       -0.35579046515966        0.52262458450452
H           -4.42232596178730        0.93541992989878       -0.58897748867478
H           -3.54166942719918       -1.84581165537378       -1.48648964466166
H           -4.12283424158819       -0.54430796690281       -2.52255219942416
H           -6.32663179590465       -0.61126154202370       -1.36170398029810
H           -5.73795491511549       -1.90637266318625       -0.32082733241333
H           -5.37584112604011       -3.35227822759508       -2.30879925156484
H           -5.94519407590932       -2.05687113197327       -3.36098782844919
H           -8.18247415390361       -2.14350347196627       -2.25857581163151
H           -7.61139126617514       -3.43334985412504       -1.19889290637250
H           -7.74318535214109       -3.71136696394480       -2.93605595326214
H            2.13222658141755       -2.95459203718655        1.35026262426634
H            2.26577002456205       -2.37474220957877        3.02673526365642
H            3.56135002157852       -0.96424232016340        0.62416507724620
H            4.08724552429416       -2.52561277546942        4.00459896301896
H            5.09356038791015       -1.12796007243964        4.39618951924154
H            5.81935052065312       -2.55734805546888        3.67245210905004
H            6.83328111624419       -1.10472224759358        2.05602619203555
H            5.86978245844275       -0.62809214894212        0.65364390645425
H            5.03664461870181        1.34897396384160        1.89242915664531
H            6.00058901341168        0.89507254177845        3.29577120009736
H            7.00029883529570        1.76899600157697        0.53387260338654
H            9.63693496474783        1.14231203371846        3.64784152177803
H            7.93903555051643        0.94991017155662        4.08605299456556
H            8.69248258382695        2.54670795962678        4.12776244660109
H            9.70166564000544        3.43385249169257        1.86459379349823
H            9.06276972017425        2.75690590190036        0.35897553273885
H           10.25680128169055        1.85945516547774        1.30351004166746
74
 energy: -94.786007789298 gnorm: 0.009305610384 xtb: 6.7.1 (edcfbbe)
C           -0.43952385532844       -2.71170588483947        2.23927841498173
C           -0.01254979734865       -1.51965360383704        1.83628581647129
C           -0.94744676482185       -0.42825465829607        1.38514056072180
C           -1.33647838060040       -0.62037343804139       -0.08542810600649
C           -0.13265420802276       -0.52859022943411       -1.03637636093567
C           -0.73605467563612       -0.10966624382853       -2.37505690357114
C           -1.88165812659703        0.77014335889600       -1.98494264157965
N           -2.32001302510341        1.63886298621829       -2.78878246630204
O           -3.39549409305765        2.41350165799772       -2.28485078552431
C           -4.27935388393580        2.83637620664114       -3.20908183950630
O           -4.23406435199305        2.60555440603305       -4.38324206399805
C           -5.36187373245279        3.58156813310862       -2.50262243114060
C           -6.65907162463207        2.83875303881807       -2.29370821334286
C           -6.58955924774852        3.96087876975239       -3.27607194499963
C           -2.31696952800933        0.46197450500698       -0.57511926496969
C           -3.79337005828002        0.05070851438224       -0.47391381411162
C           -4.20770274527005       -0.97708087593223       -1.52673979022643
C           -5.64195942933229       -1.45868758333758       -1.31874984957257
C           -6.05028911921635       -2.48735572627365       -2.37080378881053
C           -7.48228862264265       -2.96712138396654       -2.17701411355975
O            1.27696258239496       -1.11228609695797        1.72402377409445
C            2.30200396160954       -2.05258060428578        1.97856010270608
C            3.59990274414292       -1.41303679369675        1.59927954492531
C            4.72386688195399       -1.34843286956472        2.30368065732786
C            4.92533239602351       -1.92775876323832        3.66994597256001
C            5.91614153807344       -0.62290632889225        1.74079735723804
C            5.96064000290142        0.84540849013451        2.20552276165560
C            7.12723179975596        1.54288886837334        1.58033897326624
C            8.28678424810776        1.85082321191613        2.14998725789943
C            8.64296205668824        1.59122856062460        3.58464613396175
C            9.38073834009066        2.52475409212728        1.37092378137829
H           -1.49382732712623       -2.91258396526661        2.27714170910732
H            0.20815348878898       -3.51337846084470        2.54038778480812
H           -0.43829519418970        0.52849176040776        1.50652623949307
H           -1.84726774522867       -0.42527990976306        2.00297368691604
H           -1.79619742168541       -1.60829073429991       -0.18685450977558
H            0.41107469321072       -1.47232324279896       -1.10695240047440
H            0.56195578585175        0.23758366806520       -0.68165746711536
H           -0.03919572245774        0.39069466986218       -3.04235921042828
H           -1.14628608441430       -0.98098108583415       -2.89596262255771
H           -4.99899683798346        4.21195952695649       -1.69977917077023
H           -7.17447555956818        2.99512834735288       -1.35636420119912
H           -6.72961923294670        1.82812197538664       -2.67144684807665
H           -7.07780121648458        4.89646181021809       -3.04049134613945
H           -6.58814214255271        3.70682771388353       -4.32803376408224
H           -2.17881175000348        1.37226305011078        0.02087983654205
H           -3.97014960774991       -0.35715135808150        0.52495513833130
H           -4.42013648992481        0.93671218199539       -0.58181716517331
H           -3.53729032442318       -1.83919546709954       -1.49287355105609
H           -4.12141823236065       -0.53380164875708       -2.52166734909209
H           -6.32223297997470       -0.60430464284768       -1.36360394256209
H           -5.73656506437964       -1.90172793936509       -0.32384460790195
H           -5.37266223073665       -3.34333365597413       -2.31958286329293
H           -5.94773968458230       -2.04513213959146       -3.36459108490266
H           -8.17892156761962       -2.13513224778647       -2.25364002876211
H           -7.60354231590090       -3.42632886692561       -1.19800833411857
H           -7.74378552676381       -3.70173453446089       -2.93461796215969
H            2.14140759417220       -2.94605517560910        1.35771545672172
H            2.27205409725363       -2.35400845436608        3.02939656295543
H            3.56290830297184       -0.94881044697926        0.62296782500092
H            4.07061662763939       -2.50554200127173        4.00952260768106
H            5.10604870805706       -1.12530299270300        4.38610775260903
H            5.79936167123991       -2.57823638336812        3.67375576107322
H            6.84053901014485       -1.11296085046718        2.05409714864685
H            5.88216680978459       -0.63831168431506        0.64972096760282
H            5.03362352485774        1.33521305197568        1.89922236973955
H            6.00944915839413        0.88481764659559        3.29144136936122
H            6.99268198783335        1.77210985572473        0.52943013512200
H            9.62764693045239        1.12878248179928        3.64338777166774
H            7.93090090820072        0.93829880276144        4.07985706235850
H            8.68619008816318        2.53337660815246        4.13224905977380
H            9.69511534177219        3.44080724443243        1.87284918624995
H            9.05527018176188        2.77335875915741        0.36482254640184
H           10.25200406679805        1.87096501831525        1.29917857564722
74
 energy: -94.786531156734 gnorm: 0.014414840145 xtb: 6.7.1 (edcfbbe)
C           -0.43533901110308       -2.71093419377162        2.24406075497258
C           -0.01004459575607       -1.51977893822007        1.84042109005315
C           -0.94585520819153       -0.43126931710179        1.38495491782202
C           -1.33339281817877       -0.62479955109295       -0.08460742675389
C           -0.13153559800023       -0.53361335350182       -1.03418325160312
C           -0.73324174182928       -0.11423679700930       -2.37310340116133
C           -1.87270314423493        0.77076993775121       -1.98266195324318
N           -2.30722979576489        1.64190838193535       -2.78452899511011
O           -3.37620518566523        2.42581321268328       -2.27740159893045
C           -4.30224819762441        2.78818494825259       -3.18803672000169
O           -4.29829613005650        2.49825169379994       -4.35510334036330
C           -5.37371540143653        3.54368868412609       -2.47755825421978
C           -6.70309506441173        2.82927248235596       -2.32896453139592
C           -6.57367261402751        3.98635867130253       -3.26991728199514
C           -2.30973511344046        0.46169892272106       -0.57421994347873
C           -3.78963052038519        0.06246504052105       -0.47439385782597
C           -4.20954700019683       -0.95920151816438       -1.53053492722024
C           -5.64228892838819       -1.44344923847932       -1.32077383487805
C           -6.04876842734906       -2.46714789306743       -2.37822746192406
C           -7.47715095732930       -2.95863455537448       -2.18471642080133
O            1.27933714139150       -1.10794813514097        1.73863782990594
C            2.30537266979901       -2.04963672012083        1.98365935085571
C            3.60407600789945       -1.40781628654044        1.60765596598302
C            4.73096343596368       -1.35361536096065        2.30787021713125
C            4.93571513075895       -1.94267974087089        3.66921571982775
C            5.92533103738852       -0.63024388336857        1.74565752893090
C            5.96214192590878        0.84203339760494        2.19867603415790
C            7.12693847752430        1.54475732656608        1.57496709008190
C            8.28435827101496        1.85476137512631        2.14676363598817
C            8.64334225802062        1.57916937840334        3.57763056986603
C            9.37273367465001        2.54634846220282        1.37529987275322
H           -1.48909909651010       -2.91155761918338        2.27876072244668
H            0.21258814385354       -3.50759295975464        2.55648354433647
H           -0.43637346391355        0.52589580026995        1.50272688520851
H           -1.84520059819511       -0.42876482091514        2.00078304683466
H           -1.79612902500870       -1.60951210189692       -0.18723427475136
H            0.41200757773361       -1.47413213755575       -1.10275522646763
H            0.55906701489356        0.23047095224452       -0.67771517276472
H           -0.03687745812418        0.38096834960534       -3.04329523142135
H           -1.14855979128690       -0.98225770258262       -2.89192657643946
H           -5.00868616204159        4.13206252775732       -1.64113998829017
H           -7.23433082502574        2.96656033304760       -1.39670664535089
H           -6.79463371927997        1.83353479353315       -2.74409654178552
H           -7.03804929815697        4.92867694652030       -3.01757686369922
H           -6.55340003236826        3.76717628547818       -4.33001152857675
H           -2.16610419246455        1.37115623294584        0.02216495107050
H           -3.97069903810872       -0.34643749811595        0.52327785619439
H           -4.40960950780889        0.95401390461143       -0.58128840588996
H           -3.53846096057885       -1.82072937769816       -1.50391682596980
H           -4.12809177309911       -0.51011413373742       -2.52331610660720
H           -6.32407957517445       -0.59008420821817       -1.35995570475362
H           -5.73356571713492       -1.89213050552147       -0.32806354608022
H           -5.36501005928354       -3.31879095736653       -2.33450743093387
H           -5.95086908180986       -2.01704159201588       -3.36900845163668
H           -8.18015815046204       -2.13111834054980       -2.25448212526042
H           -7.59354936315519       -3.42487570794454       -1.20835623899432
H           -7.73417480115012       -3.69074373391895       -2.94679951584493
H            2.14194166874036       -2.93705278368068        1.35273274455143
H            2.27849712486533       -2.36330121873598        3.03216425088754
H            3.56607570080901       -0.93451172857564        0.63586296599308
H            4.06918879102649       -2.49792893960863        4.01874930145957
H            5.14772603847164       -1.14676167573799        4.38567103802367
H            5.79332626310475       -2.61713638011689        3.65902050913867
H            6.84826491148838       -1.11657925308381        2.06897688238322
H            5.89655365547989       -0.65520228149157        0.65433562163437
H            5.03394408541777        1.32523513530290        1.88364893094835
H            6.00655821860820        0.88999232693334        3.28554685102369
H            6.99093674509590        1.78178532139319        0.52634658266761
H            9.62791087486877        1.11519605744992        3.62801422636731
H            7.93168110282277        0.92118047641089        4.06677469024021
H            8.68961396792151        2.51485821033280        4.13602084001088
H            9.68630299287048        3.45189687780159        1.89486975583789
H            9.04241011866689        2.81603207584743        0.37569133650240
H           10.24450211645610        1.89718861793836        1.28733634553386
74
 energy: -94.787015704436 gnorm: 0.013651712343 xtb: 6.7.1 (edcfbbe)
C           -0.42986723043824       -2.71530408958102        2.25984530449850
C           -0.01195761015627       -1.52819497912290        1.84120425468921
C           -0.95302839401540       -0.44722561155847        1.38003864885802
C           -1.32610088533734       -0.62928880425360       -0.09211265227959
C           -0.12344731240425       -0.51934259461197       -1.03159645255696
C           -0.72433810531012       -0.10620887126502       -2.37247943303660
C           -1.86465891329552        0.77410165024885       -1.98401770463736
N           -2.30086575832839        1.64646698670207       -2.78111092387657
O           -3.36916493794891        2.43625817052464       -2.27661288214468
C           -4.32697357204048        2.74840129016494       -3.17629800808989
O           -4.34390272704512        2.41640166646780       -4.33055134208522
C           -5.38911969652905        3.51992211297531       -2.46594085158912
C           -6.73764298737123        2.84028969335198       -2.34856502255509
C           -6.56281150346408        3.99694803557149       -3.26919125060899
C           -2.30410333217457        0.45748172368785       -0.57890397122459
C           -3.78532219986071        0.06229555367668       -0.47602103834078
C           -4.21232784553624       -0.95284002622578       -1.53447168579249
C           -5.64518957509940       -1.43357188951953       -1.32410928377539
C           -6.05475531122577       -2.45317104218556       -2.38393755501839
C           -7.48124471435499       -2.95068479598976       -2.18607504072549
O            1.27795294008351       -1.11534294050922        1.73393749681878
C            2.30785833045412       -2.05193946539959        1.98741294348225
C            3.60863099742550       -1.40997298748833        1.61124480177465
C            4.73609422096612       -1.35879633882411        2.30911492716030
C            4.94068349820430       -1.94482082864481        3.67164068991690
C            5.93596560847877       -0.64235612025776        1.74716847754731
C            5.97045649805333        0.83243693618820        2.19068565137470
C            7.13508038700008        1.54100705690272        1.57044841495253
C            8.28836322027304        1.85726689462362        2.14531528190191
C            8.64806123665992        1.56776704513310        3.57245432221369
C            9.36874216292827        2.57045954037133        1.38338215977106
H           -1.48224429369205       -2.92135270004420        2.30024701182189
H            0.22450428280013       -3.50366570535731        2.58239784151692
H           -0.45185496773842        0.51388309264242        1.50559332246850
H           -1.85537348491775       -0.46350256229857        1.98686577619417
H           -1.78842590368762       -1.61068610316960       -0.21173214260678
H            0.43246446663425       -1.44830419683558       -1.09475913190638
H            0.54876536383215        0.25222902261919       -0.66865940875435
H           -0.03199940172332        0.39243927180861       -3.04407858562576
H           -1.13170144599117       -0.97244412132525       -2.89364200208829
H           -5.03405000188741        4.08713911370499       -1.62186627644973
H           -7.28456562469769        2.97754533245536       -1.42878003170231
H           -6.83714406467590        1.85734997016008       -2.77515844936642
H           -7.00692403429784        4.94355766771582       -3.01753470522475
H           -6.52510889738000        3.78969355102282       -4.32391201754509
H           -2.15971974145113        1.36755648185748        0.01667880700388
H           -3.96170151462649       -0.35178305250873        0.52002008769913
H           -4.40355929464941        0.95705452677961       -0.57629337765981
H           -3.54471982993627       -1.81643411092269       -1.51100279335920
H           -4.13130033970247       -0.50031906067435       -2.52560498482353
H           -6.32506637852015       -0.57883963956589       -1.35978351198902
H           -5.73515692618526       -1.88542758726700       -0.33280224482450
H           -5.36752418386175       -3.30202144228428       -2.34600561066619
H           -5.96124542333825       -1.99800868926994       -3.37258145640553
H           -8.18677780013907       -2.12455969847816       -2.24861084251953
H           -7.59122157930220       -3.41976736045141       -1.21040212813324
H           -7.73930666572425       -3.68172957591125       -2.94943746759528
H            2.14372222741805       -2.94420012935866        1.35907362010590
H            2.28212284953949       -2.36208987276171        3.03915668248191
H            3.57295764525587       -0.93645003764775        0.63973029209965
H            4.06366769732944       -2.47381139791427        4.03430923905748
H            5.18060605064218       -1.15101421787323        4.38074769745630
H            5.78188627212455       -2.63981614555944        3.65562526005255
H            6.85334064090457       -1.13110591448823        2.08168901731317
H            5.91096081536092       -0.67516802749611        0.65607491981403
H            5.04351729526690        1.31252051016591        1.86525224849311
H            6.01137930412437        0.88726885672433        3.27951296188106
H            6.99910948876445        1.78440632940319        0.52441941915437
H            9.63291672287612        1.10409920530788        3.61676297068167
H            7.93504632735300        0.90586689849973        4.05318249882246
H            8.69649951626116        2.49730189843610        4.14058975588486
H            9.67060937290233        3.47023293962361        1.91526454468440
H            9.03575879017163        2.85014521718172        0.38749197260811
H           10.24579017997652        1.93376849218579        1.29040780052765
74
 energy: -94.787493572758 gnorm: 0.015804727404 xtb: 6.7.1 (edcfbbe)
C           -0.42253501709050       -2.71782219557693        2.26790723919882
C           -0.00975035217966       -1.52936815540295        1.84507432675905
C           -0.95328697699294       -0.45138645857215        1.38195293095258
C           -1.32350316799463       -0.62892412002399       -0.09188629894233
C           -0.11752302168572       -0.51931502528316       -1.02956029844126
C           -0.71895986934581       -0.10573402338508       -2.37018181358384
C           -1.85777526038356        0.77746423758521       -1.98241944394902
N           -2.29155635812785        1.65356783351032       -2.77726012519091
O           -3.36302816350140        2.44058559503193       -2.27562481299487
C           -4.35057325674970        2.70541480599657       -3.15828437986359
O           -4.39776784219344        2.32460595727569       -4.30016270766140
C           -5.40528218144629        3.48495238644870       -2.44934645751825
C           -6.77586927935207        2.83505882567525       -2.38288679060099
C           -6.55078190635160        4.01807853874898       -3.26494424222203
C           -2.29872892110059        0.46153383869711       -0.57730919671908
C           -3.77979710028784        0.06661270241589       -0.47416696926002
C           -4.21060235475705       -0.94070361352667       -1.53878574594737
C           -5.64339222739291       -1.42119654319784       -1.32834463143748
C           -6.05534619663222       -2.43567044288204       -2.39232186899315
C           -7.47919931927545       -2.93835900837695       -2.18880848631456
O            1.28004224575094       -1.11515614185499        1.73244543735484
C            2.31187792239357       -2.04811044544408        1.99093554989944
C            3.61329202023221       -1.40866298732152        1.61292456613284
C            4.74253452161021       -1.36478717937526        2.30853154119251
C            4.94795979490863       -1.95422567735225        3.66989582510473
C            5.94490291771808       -0.64991984952982        1.74825804100539
C            5.97156800710023        0.82651766680771        2.18518970658632
C            7.13294786498848        1.54394122870268        1.56787856905180
C            8.28559097339662        1.86089951966451        2.14439095676283
C            8.64903863712643        1.55561671895667        3.56734270853988
C            9.36048025984845        2.58990642751002        1.38979028172759
H           -1.47419732265221       -2.93197571693247        2.30727131502314
H            0.23654312190991       -3.50357813437348        2.58955044304168
H           -0.45523563603620        0.51077446784742        1.51159668402973
H           -1.85720735809887       -0.47274276505243        1.98786766917296
H           -1.79040801300537       -1.60929084530882       -0.21617166759654
H            0.43759186239932       -1.45158849684774       -1.09293474196507
H            0.55738858196598        0.25435553143634       -0.66712746677183
H           -0.02419354313563        0.39011723006181       -3.04334826001546
H           -1.12994072277369       -0.97164260608840       -2.89030982751149
H           -5.05398678845273        4.01571953489380       -1.57535400772641
H           -7.33809400980520        2.95740485553963       -1.46901598619118
H           -6.89193814177430        1.86617197130736       -2.84728567103164
H           -6.97206805619886        4.97221701059086       -2.98960027583613
H           -6.49254289651795        3.84633204963739       -4.33039775542135
H           -2.15210633916293        1.37079162789555        0.01906727046686
H           -3.95312807049681       -0.35431281447445        0.51950316385845
H           -4.39768068464080        0.96251866137033       -0.56573546533711
H           -3.54403860936479       -1.80556220996101       -1.52226080023415
H           -4.13088718368606       -0.48211326485757       -2.52736468281498
H           -6.32283450910515       -0.56579269574628       -1.35852352403266
H           -5.73198335098964       -1.87808896993399       -0.33909451252553
H           -5.36545222303107       -3.28273744265756       -2.36311201313611
H           -5.96883104985284       -1.97425916800352       -3.37871936012990
H           -8.18740448919458       -2.11399236075575       -2.24332875277214
H           -7.58164391849362       -3.41229638471856       -1.21452400794035
H           -7.73970313566111       -3.66658618234759       -2.95380587275654
H            2.14879702670674       -2.94520166339119        1.36985446430473
H            2.28685542231800       -2.35111151013119        3.04402045915725
H            3.57822474621552       -0.93324692899040        0.64242148785107
H            4.06165312030855       -2.45823007698739        4.04500572474977
H            5.21842832001107       -1.16487274646092        4.37368414507801
H            5.77057193814270       -2.67132518398774        3.64587517071275
H            6.86060117067589       -1.13563150432830        2.09181051794855
H            5.92691779321861       -0.68856228552447        0.65737321577449
H            5.04297709306593        1.29995877731818        1.85575466391037
H            6.00852714005070        0.88529338000664        3.27394083980534
H            6.99344099148183        1.79728027031845        0.52464260874270
H            9.63328186226926        1.08982382837384        3.60398429505446
H            7.93605334788830        0.88959792262940        4.04166740825619
H            8.70062520638603        2.47861341383907        4.14609422179005
H            9.66210667495312        3.48228567188696        1.93599545217571
H            9.02046642776018        2.88398896686985        0.39967942220096
H           10.23947781217259        1.95608237010083        1.28147545321249
74
 energy: -94.787804939176 gnorm: 0.014225210711 xtb: 6.7.1 (edcfbbe)
C           -0.41328562305089       -2.72550715191394        2.27621960408026
C           -0.00814605983259       -1.53735884743543        1.84015163471130
C           -0.95686775682150       -0.46023630672754        1.38473831139600
C           -1.31994907834831       -0.62375515365050       -0.09424866571024
C           -0.10729389517364       -0.50597146199867       -1.02798931899577
C           -0.70952376031495       -0.09493253345580       -2.36964291839502
C           -1.85852962615582        0.77875331618567       -1.98575825629915
N           -2.29658250812318        1.65512628272503       -2.77926731363781
O           -3.37748350310120        2.42970593421471       -2.28190821636573
C           -4.36542433841012        2.68250469629579       -3.14590715037047
O           -4.41817096192322        2.28114237472900       -4.27202348058616
C           -5.42052438809561        3.46411272803096       -2.44612773413893
C           -6.79824429106948        2.83996480683517       -2.40850438613319
C           -6.54317022155389        4.03162875544666       -3.26748793818440
C           -2.29747911516999        0.46570906916689       -0.57770800648204
C           -3.77452683387282        0.05758712752994       -0.47031417956449
C           -4.20573148746827       -0.94170430936338       -1.54266387498268
C           -5.64085670949297       -1.41654678163408       -1.33367466325056
C           -6.06092125509058       -2.42700296529965       -2.39871153214315
C           -7.48439660865692       -2.92482508299420       -2.18348011562005
O            1.28168792404245       -1.12458112501845        1.70559882044257
C            2.31591663514667       -2.04764596754385        1.99172542233627
C            3.61710792431416       -1.41436336677217        1.60641596432859
C            4.74583929765916       -1.36893208432719        2.30345516073843
C            4.94971218774234       -1.95216798979073        3.66890342876786
C            5.95046565721552       -0.65554265420161        1.74456153045061
C            5.97272474243274        0.81964056209898        2.18265682775160
C            7.13141385458444        1.54566953071592        1.56984014940204
C            8.28474433822951        1.86224384482924        2.14694181006911
C            8.65228416881451        1.54645992454187        3.56641710958031
C            9.35481312973182        2.60139173854261        1.39701922055423
H           -1.46304102849551       -2.94812474126172        2.33192612321364
H            0.25442233563185       -3.50703907527982        2.59118642884657
H           -0.46924899313560        0.50462042996000        1.53162090821252
H           -1.86542650508096       -0.49637842863116        1.98861426228900
H           -1.78442122200988       -1.60653221322723       -0.23097559406708
H            0.45537295578853       -1.43900948429201       -1.09125882545930
H            0.56586399370451        0.27682506320886       -0.66435165193108
H           -0.01294107884426        0.40715666228738       -3.03968467513772
H           -1.11344562212242       -0.96594784719452       -2.89174554635600
H           -5.07867938972340        3.97784477510725       -1.55598069426774
H           -7.37175529887291        2.95781092989646       -1.50052400168983
H           -6.92165517086850        1.88035043429609       -2.89774755258165
H           -6.94861043994476        4.99086759251190       -2.97046039726330
H           -6.47569013399052        3.87920594376709       -4.33748336327259
H           -2.15484432977829        1.37599456927560        0.01763402697560
H           -3.93557404089429       -0.37585533735681        0.52025426552674
H           -4.40090293825100        0.94860623022193       -0.54593394197983
H           -3.54279761190205       -1.81027961830422       -1.53015736209079
H           -4.12217834225866       -0.47878069139645       -2.52896673551208
H           -6.31664348177026       -0.55798042189214       -1.36050355538990
H           -5.73096517068895       -1.87581746366406       -0.34557869830159
H           -5.37392637147410       -3.27633467205792       -2.37725393953132
H           -5.98203228604024       -1.96333426132634       -3.38443002105602
H           -8.18969869622126       -2.09812610896563       -2.23059365788952
H           -7.57854805308389       -3.39967510324585       -1.20882716776686
H           -7.75533674876392       -3.65061226933446       -2.94637866650084
H            2.16084395928885       -2.96282442644844        1.39713796326074
H            2.28563276187284       -2.32025082774469        3.05177973100280
H            3.58446501695219       -0.94794942927911        0.63120816024942
H            4.06014115323300       -2.43532544996083        4.05545809100426
H            5.24202659050950       -1.16424133428807        4.36224556934189
H            5.75586483146659       -2.68367088746378        3.64474499598497
H            6.86476413780293       -1.14012890419839        2.09230069388595
H            5.93834770168827       -0.69420242094892        0.65445881951412
H            5.04341572991106        1.28942805343392        1.85436057660487
H            6.00620386629699        0.87625750266876        3.27023240547327
H            6.98750489616139        1.80917736646057        0.52925019042892
H            9.63596719949321        1.07939635254729        3.59772382215841
H            7.93981751697531        0.87814655303438        4.03671014292696
H            8.70600630354193        2.46491627132324        4.15184148462027
H            9.65258557278030        3.49368390344875        1.94687165528276
H            9.01032893152389        2.89511189600893        0.40923454075747
H           10.23918566140695        1.97245397852692        1.28315880193425
74
 energy: -94.788212875717 gnorm: 0.011940991243 xtb: 6.7.1 (edcfbbe)
C           -0.40367873081849       -2.73092971233475        2.28166554415670
C           -0.00325936549892       -1.54401732447018        1.83695069371898
C           -0.95583444753944       -0.46771104303146        1.38737112140643
C           -1.31423112229244       -0.62280061409477       -0.09441881297448
C           -0.09951388337207       -0.49881893907112       -1.02583971362256
C           -0.70025124322341       -0.08729774024750       -2.36803751867832
C           -1.85169920750188        0.78423775983857       -1.98366275575503
N           -2.28963504623105        1.66119655369311       -2.77715125831753
O           -3.36454185497612        2.44159857115639       -2.27484864527986
C           -4.39454892239167        2.62952541926952       -3.13150435695845
O           -4.47608584836825        2.18064693070312       -4.24271440542098
C           -5.43768791393978        3.42819495102469       -2.43610882686631
C           -6.83542345682823        2.84323613199153       -2.43893657023260
C           -6.53336204988096        4.04782847083810       -3.26604057228726
C           -2.29138434480320        0.46801872403877       -0.57557606351875
C           -3.76810438556033        0.05805498451684       -0.46801895806453
C           -4.20181204881702       -0.93263313991375       -1.54769690656216
C           -5.63799252730380       -1.40522885236882       -1.33889913669234
C           -6.06351484228265       -2.40998646849140       -2.40734565607642
C           -7.48495396953602       -2.90977468434413       -2.18438979986974
O            1.28542731249499       -1.12885298205244        1.69377273107797
C            2.32103161758021       -2.04544069253484        1.99469602262856
C            3.62144645002113       -1.41417199766921        1.60609728629420
C            4.75157800806148       -1.37369889392852        2.30215850130068
C            4.95526139413851       -1.95857809933723        3.66722166052296
C            5.95753673844014       -0.66176492473544        1.74428641021896
C            5.97187461944955        0.81471828822622        2.17883176714145
C            7.12726497102225        1.54802017469307        1.56904125656845
C            8.28046301800972        1.86393741879858        2.14756008145839
C            8.65255629723822        1.53325347300767        3.56303059671438
C            9.34577269853616        2.61640661513443        1.40330479902978
H           -1.45177196934372       -2.95458717749045        2.35044443156410
H            0.26800213489162       -3.50845903960078        2.59661129837112
H           -0.47472910048574        0.49895172683720        1.54411915413677
H           -1.86727168649444       -0.51113409513198        1.98848409352988
H           -1.77406800871022       -1.60676708275625       -0.23866353988957
H            0.46950595903342       -1.42821524598218       -1.08993732340026
H            0.56871132395461        0.28704499604985       -0.65849968363079
H           -0.00361943382397        0.41667119640285       -3.03609271575493
H           -1.10335145537503       -0.96014922787279       -2.89026069467287
H           -5.09408700727481        3.91553174593140       -1.53236479804402
H           -7.42138462546278        2.95587147697408       -1.53913690080048
H           -6.97182791157694        1.89820246609293       -2.94982840314209
H           -6.91719927922144        5.01203639496206       -2.95417254575266
H           -6.45636563341552        3.91469856785341       -4.33489113841693
H           -2.14846831552026        1.37655674776565        0.02218931903084
H           -3.92601307730081       -0.38473113062013        0.51927701337404
H           -4.39692623575729        0.94806399669966       -0.53285873024510
H           -3.54046892379388       -1.80300997521958       -1.54241612823417
H           -4.11891681221511       -0.46320414362091       -2.53102417772016
H           -6.31158080613510       -0.54473473618363       -1.36099656400374
H           -5.72772958273673       -1.86867925252695       -0.35260931747462
H           -5.37599717891890       -3.25930917409136       -2.39562810983598
H           -5.99208914496991       -1.94063827595687       -3.39105445754772
H           -8.19133042311667       -2.08353214623053       -2.22277163856252
H           -7.57179947681336       -3.38958666800402       -1.21131964491068
H           -7.76095436241164       -3.63196361289610       -2.94874750326597
H            2.17253868580191       -2.96925644382024        1.41224524719505
H            2.28703801026799       -2.30351221353268        3.05841888424160
H            3.58833812204622       -0.94812319042406        0.63029649747020
H            4.05447940207033       -2.41422317382525        4.06662350060514
H            5.28200505554963       -1.17515295613103        4.35428913439137
H            5.73965847786661       -2.71694483168204        3.63355897634355
H            6.87192294719729       -1.14226886130660        2.09735619503019
H            5.95122058952157       -0.70466760755418        0.65431680531063
H            5.04031720873340        1.27826725986456        1.84878075658739
H            6.00142030600387        0.87316135073627        3.26575376871955
H            6.97985823872569        1.82181253593464        0.53108917105219
H            9.63570663515266        1.06406825908130        3.58581975403491
H            7.94171979656406        0.86047862309811        4.02976496242948
H            8.70957354667822        2.44582479041457        4.15761016222488
H            9.64086049122942        3.50415142162194        1.96258004185882
H            8.99841785819440        2.92049154957775        0.42003959613472
H           10.23395774756575        1.99379679824072        1.27915159180782
74
 energy: -94.788454225743 gnorm: 0.014202042041 xtb: 6.7.1 (edcfbbe)
C           -0.39897696550369       -2.73277199463885        2.28934540018874
C            0.00044418003165       -1.55137220464564        1.83279645276786
C           -0.95582424571972       -0.47728109659731        1.38566714583791
C           -1.30732948828875       -0.62338441942875       -0.09818965814555
C           -0.09319525060965       -0.48360273740972       -1.02432080271351
C           -0.69353860822095       -0.07635007447482       -2.36808081221849
C           -1.85186880307536        0.78539857191881       -1.98404186875470
N           -2.29480689311866        1.65916088680643       -2.77715886921334
O           -3.37066935301637        2.43814778739843       -2.27333259743206
C           -4.40393204714671        2.61358596402147       -3.12170094999268
O           -4.49442272715685        2.14034216443072       -4.22697613199196
C           -5.44552490268422        3.41891378269979       -2.43167018246975
C           -6.84928700343953        2.85103123947501       -2.44824241672940
C           -6.52652891546890        4.05050618069291       -3.26858009380676
C           -2.28866343811498        0.46393136349322       -0.57623955007796
C           -3.76524191997952        0.05198831554030       -0.46739023034532
C           -4.20091515172397       -0.93441290669919       -1.54966834882016
C           -5.63852626100086       -1.40262679784975       -1.34112814411679
C           -6.06947849024120       -2.40426971022695       -2.41009624060100
C           -7.49106549000370       -2.90233675969173       -2.18267063073511
O            1.28803252035406       -1.13942988362391        1.67744935157741
C            2.32448903496299       -2.04978935834752        1.99548562828593
C            3.62496400948574       -1.41972482656571        1.60503996983855
C            4.75408133912250       -1.37464321592978        2.30188385493850
C            4.95754948677984       -1.95689516097745        3.66769493731857
C            5.95931898477845       -0.66291703133980        1.74343479981427
C            5.97158883175250        0.81453761913345        2.17775897852321
C            7.12706445695613        1.54842493275636        1.56997944690485
C            8.28015531191162        1.86294601367999        2.14852287870609
C            8.65447448766706        1.52711749567441        3.56224938658586
C            9.34308598408554        2.62095776835200        1.40619743766700
H           -1.44687304765076       -2.95315646130066        2.36852601683905
H            0.27320256423423       -3.51106498064346        2.60062714698006
H           -0.48274370973940        0.49230206275819        1.55177989212923
H           -1.86944539219532       -0.53184899566470        1.98115413484537
H           -1.75889853595547       -1.60861898189842       -0.25065811347838
H            0.48682580331553       -1.40301519033079       -1.08766589227265
H            0.56189812678022        0.30668581711663       -0.65159513427810
H           -0.00133503512601        0.43534630991220       -3.03268559327475
H           -1.08482483531292       -0.95198885700211       -2.89307225473757
H           -5.10509516463423        3.90530121810417       -1.53159204114913
H           -7.44481123197960        2.96579659868038       -1.55505146749557
H           -6.98809627415882        1.91181112182630       -2.96005851351157
H           -6.90401898753571        5.01281969261368       -2.96073992521560
H           -6.43978921951524        3.92080365000063       -4.33640996432221
H           -2.14748455407912        1.37263974585535        0.02163890741949
H           -3.92026203387318       -0.39600154087041        0.51790379185514
H           -4.39603155027967        0.94111842293516       -0.52670431288868
H           -3.54181024898824       -1.80621641445062       -1.54602918036718
H           -4.11722578044485       -0.46298952290599       -2.53173181415582
H           -6.30867851487557       -0.53964408824627       -1.36193731124191
H           -5.72858387914679       -1.86678765332547       -0.35530782229667
H           -5.38334503669436       -3.25470932504712       -2.40240547423800
H           -6.00032573858965       -1.93287209419514       -3.39285965023866
H           -8.19618427025606       -2.07467204286745       -2.21604382699270
H           -7.57518811051949       -3.38414775671777       -1.21046706458165
H           -7.77109753968602       -3.62248683496952       -2.94775706896690
H            2.18115992445767       -2.98149734517073        1.42352273885268
H            2.28463540622682       -2.29414759916160        3.06328470982086
H            3.59116099392310       -0.95732719165045        0.62730121941746
H            4.05365078560545       -2.40136243254798        4.07250828972992
H            5.29599313877584       -1.17641668775249        4.35067683008855
H            5.73252366022069       -2.72402872708800        3.63160426618470
H            6.87421202985915       -1.14200329522619        2.09675165410792
H            5.95234378662699       -0.70657892757249        0.65348223525881
H            5.03994385825808        1.27687163996604        1.84472986120251
H            5.99923514019038        0.87326664705532        3.26513452334234
H            6.98011734352587        1.82497859788341        0.53307966467454
H            9.63781040097441        1.05817082955288        3.58081074554013
H            7.94481718524106        0.85244777765949        4.02863101845222
H            8.71304466019584        2.43772894170193        4.15942004484213
H            9.63235606467973        3.50911711940042        1.96710089748648
H            8.99734562429211        2.92650766020865        0.42295071177118
H           10.23441952047943        2.00468718573170        1.28447983927234
74
 energy: -94.788618303603 gnorm: 0.003066622313 xtb: 6.7.1 (edcfbbe)
C           -0.39973886992369       -2.73205430203756        2.28859757025359
C            0.00211321790283       -1.55174175713088        1.83202176477029
C           -0.95359132248700       -0.47725185163682        1.38488036323786
C           -1.30491475648497       -0.62296416573170       -0.09862513455688
C           -0.09074201132060       -0.48114302610544       -1.02368329857633
C           -0.69124861208184       -0.07360636066465       -2.36728527018050
C           -1.85090152526735        0.78633732129912       -1.98290402888217
N           -2.29543989552405        1.65877814605746       -2.77686403366356
O           -3.37288773730314        2.43596905495867       -2.27336771360912
C           -4.40838317761569        2.60543594478646       -3.11760529629706
O           -4.50122685378187        2.12543133448125       -4.21392047827399
C           -5.44825872320837        3.41508452381561       -2.43076256800746
C           -6.85236339747987        2.85239456446479       -2.45028453679225
C           -6.52361853657117        4.04960836994579       -3.26966819919564
C           -2.28767374995917        0.46319857431597       -0.57580209388526
C           -3.76418029514054        0.05065415660656       -0.46737319672283
C           -4.20027769006171       -0.93540527622300       -1.54966944809062
C           -5.63809715484084       -1.40295500230173       -1.34089897329769
C           -6.07044905833460       -2.40325825417940       -2.41029649969071
C           -7.49265845148591       -2.90019121890145       -2.18347268941093
O            1.28957809080050       -1.14196010565712        1.67505423280471
C            2.32555733340575       -2.05221978017656        1.99502133384841
C            3.62571231488384       -1.42059012191249        1.60574955610122
C            4.75481306572850       -1.37338736497770        2.30278852738400
C            4.95934021700769       -1.95770741601487        3.66708252433930
C            5.95794654409585       -0.65954816001867        1.74374497395179
C            5.96951906570674        0.81776425826669        2.17957414832005
C            7.12496541333962        1.55112371110704        1.57151644231492
C            8.27899604671011        1.86276500886626        2.14900913770980
C            8.65384298393112        1.52696260706576        3.56237454364327
C            9.34299519829667        2.61783685810851        1.40563493044960
H           -1.44845703479504       -2.94872338621142        2.36849666279533
H            0.27029468928472       -3.51262794678520        2.59803911775537
H           -0.48024550402754        0.49218479243992        1.55080609454895
H           -1.86640574083142       -0.53181518752787        1.97991964550486
H           -1.75605982578519       -1.60815495741546       -0.25010443012093
H            0.48855728755138       -1.40043058628871       -1.08786192678074
H            0.56411892816794        0.30806482827374       -0.65061902320343
H            0.00016268146196        0.44001217621913       -3.03125077072086
H           -1.08038927392007       -0.94919243873785       -2.89360607564334
H           -5.10523307001373        3.90952549458141       -1.53353903494788
H           -7.44876490804510        2.97034034941764       -1.55832857351545
H           -6.99410856468853        1.91341383641665       -2.96301254134929
H           -6.89635567618445        5.01424097142671       -2.96239667295066
H           -6.43642658147654        3.91784769793316       -4.33708464609658
H           -2.14692902122414        1.37151169139702        0.02286668949487
H           -3.91983538655685       -0.39746729251369        0.51754730168010
H           -4.39463414699136        0.93998293670597       -0.52678036524641
H           -3.54130744798639       -1.80702992252399       -1.54644348603601
H           -4.11718284806330       -0.46367300147032       -2.53150415769747
H           -6.30733061763828       -0.53925885228950       -1.36111669649315
H           -5.72825747174506       -1.86752800372458       -0.35528925288396
H           -5.38517222078771       -3.25439056784608       -2.40334833257607
H           -6.00062771451623       -1.93104511518637       -3.39255124237175
H           -8.19689426420584       -2.07171176741002       -2.21551487752164
H           -7.57736901721084       -3.38325017730193       -1.21203642828157
H           -7.77356730241898       -3.61909751473187       -2.94948682840081
H            2.18294249727465       -2.98384483824834        1.42303408792884
H            2.28377316515673       -2.29596808172920        3.06304936320244
H            3.59077316792626       -0.95807108735616        0.62827243536506
H            4.05554579421668       -2.40022977435855        4.07274208210283
H            5.30200075871777       -1.18151089937777        4.35100861181561
H            5.73060329077559       -2.72690068956113        3.62788840143076
H            6.87432360238981       -1.13774485105670        2.09464218615607
H            5.94846385778559       -0.70144025382470        0.65350785677192
H            5.03766689979814        1.28029414806581        1.84666856648908
H            5.99761690911904        0.87560087835837        3.26730272691005
H            6.97821373434721        1.82789227553222        0.53474860322129
H            9.63692846954641        1.05773108939031        3.58033203978533
H            7.94407114081031        0.85255620408202        4.02937805941468
H            8.71307493337437        2.43758859972877        4.15929906091003
H            9.63220050731366        3.50716135459395        1.96483811256938
H            8.99808817147620        2.92164482179898        0.42110235487334
H           10.23340547968194        2.00015277662282        1.28616356731559
74
 energy: -94.788724784232 gnorm: 0.004471852260 xtb: 6.7.1 (edcfbbe)
C           -0.40100818066981       -2.73168607571720        2.28727871160293
C            0.00462191193396       -1.55284454742874        1.83040964308785
C           -0.95004877301106       -0.47690084614959        1.38436228324867
C           -1.30091606756419       -0.62253209592528       -0.09905068271369
C           -0.08669957743338       -0.47766114323859       -1.02297337316724
C           -0.68674391131615       -0.06837001014075       -2.36625865437253
C           -1.84942813572710        0.78743794062387       -1.98139739461330
N           -2.29624152079101        1.65819868204825       -2.77601940055523
O           -3.37558587767876        2.43334882174463       -2.27252394229370
C           -4.41605834126031        2.59052289223170       -3.11134228433310
O           -4.51415038444638        2.09601680765293       -4.19783847711385
C           -5.45265458877970        3.40885418214546       -2.42890009999781
C           -6.85877371728732        2.85660344563645       -2.45211933243316
C           -6.51907468145443        4.04906295223473       -3.27295893907552
C           -2.28576025639409        0.46205825288540       -0.57512191698608
C           -3.76202679291787        0.04829919981258       -0.46699122382074
C           -4.19872507652872       -0.93718735354415       -1.54960385052638
C           -5.63705854376130       -1.40336165146804       -1.34032627354967
C           -6.07181737101077       -2.40122002285770       -2.41086891882924
C           -7.49515393212802       -2.89563217975880       -2.18483612869643
O            1.29203621431566       -1.14634240418582        1.67098626886934
C            2.32731734386574       -2.05644655516917        1.99426477332368
C            3.62680475416380       -1.42245442872111        1.60661313724437
C            4.75570995849203       -1.37170008501194        2.30385846912838
C            4.96248725495104       -1.95971654220753        3.66582310433903
C            5.95529660335511       -0.65348407853183        1.74417566379530
C            5.96550894799175        0.82332595424915        2.18282787968418
C            7.12100968190440        1.55584014037698        1.57433445292777
C            8.27712898821566        1.86250551450065        2.14994285829063
C            8.65286880300379        1.52651529313012        3.56285233773947
C            9.34313239795753        2.61262645562114        1.40465565401997
H           -1.45089570067869       -2.94255006893018        2.36872199304796
H            0.26573383449895       -3.51542988530070        2.59525058388171
H           -0.47585422535717        0.49217604446774        1.55022478152486
H           -1.86214649616243       -0.53129018040907        1.97914574136512
H           -1.75047384231485       -1.60819025905642       -0.25032866057224
H            0.49252090781487       -1.39656883066108       -1.08879041536397
H            0.56738398818937        0.31055929976187       -0.64839656144121
H            0.00370846085536        0.44923204260130       -3.02825235828662
H           -1.07217782507181       -0.94365191369777       -2.89547947571291
H           -5.10693107661741        3.91107851939050       -1.53499233645695
H           -7.45799653573052        2.98038300916743       -1.56292979588082
H           -7.00468338557792        1.91747574198227       -2.96435465988419
H           -6.88494095383136        5.01740842215575       -2.96837604697959
H           -6.43091552009334        3.91365808133913       -4.33984642314798
H           -2.14609674372811        1.36988550141353        0.02470717457701
H           -3.91793346866651       -0.40016338108773        0.51756892098099
H           -4.39228526568533        0.93778360373323       -0.52608137376135
H           -3.54018416351670       -1.80892056326116       -1.54710679030899
H           -4.11632231169562       -0.46505489266130       -2.53120807194154
H           -6.30478924090963       -0.53844380140243       -1.35906438369061
H           -5.72734723134642       -1.86895703598899       -0.35520649001371
H           -5.38840020635782       -3.25388049550086       -2.40540373885043
H           -6.00114245714966       -1.92761090053663       -3.39234822247773
H           -8.19764097029432       -2.06555619858249       -2.21454222365930
H           -7.58082875364204       -3.38107450704844       -1.21472384732007
H           -7.77779604205781       -3.61200273183583       -2.95266363388219
H            2.18641689318520       -2.98826678620070        1.42249020356438
H            2.28282110711146       -2.29936656726430        3.06252445182645
H            3.58994546037762       -0.95892855458138        0.62980180126055
H            4.05766329221075       -2.39768125317525        4.07346170997249
H            5.31329857179175       -1.18903978367107        4.35065611764489
H            5.72776114953725       -2.73377174761822        3.62073333681489
H            6.87414723174388       -1.13002621028885        2.09098334408304
H            5.94239192421728       -0.69220390162324        0.65367385526875
H            5.03328699396698        1.28599996110314        1.85075382909469
H            5.99422916895456        0.87963644540999        3.27082317742824
H            6.97398774988282        1.83351402020564        0.53792918636611
H            9.63552157460874        1.05658287180128        3.58005874370630
H            7.94287137799174        0.85273594021989        4.03075031242227
H            8.71317359846636        2.43715786455418        4.15953449866005
H            9.63279431609571        3.50410791926828        1.96025639081799
H            8.99987055922370        2.91286040948508        0.41809734756621
H           10.23225712577163        1.99271823746910        1.28903851873305
74
 energy: -94.788891222109 gnorm: 0.007306598567 xtb: 6.7.1 (edcfbbe)
C           -0.40320245150904       -2.73198786979501        2.28583735368953
C            0.00905661571425       -1.55570453661910        1.82825695035083
C           -0.94324733408910       -0.47675903485229        1.38373326851288
C           -1.29313634314920       -0.62167121815101       -0.09988118464481
C           -0.07852263684160       -0.47076800676323       -1.02185114768553
C           -0.67734754218394       -0.05745157960605       -2.36450679399110
C           -1.84611930960622        0.79005523693455       -1.97883321249763
N           -2.29700825733177        1.65806919613983       -2.77420732987338
O           -3.37914477043527        2.43071739063808       -2.27104197348138
C           -4.43202636734347        2.55936496951986       -3.09833852288859
O           -4.54409548185512        2.02998121101890       -4.16621491812657
C           -5.46135119136884        3.39651140378292       -2.42576743410823
C           -6.87362207448476        2.86687594185384       -2.45480430710917
C           -6.51081351890636        4.04830968208539       -3.28156431097553
C           -2.28159677981236        0.46029963812044       -0.57401638532561
C           -3.75718241860938        0.04360047429879       -0.46586341019074
C           -4.19501724799075       -0.94070666003942       -1.54921636824346
C           -5.63440366979049       -1.40407111227678       -1.33912750589698
C           -6.07429128588241       -2.39654719493475       -2.41243311639964
C           -7.50000802418525       -2.88523145336446       -2.18782693242945
O            1.29653807416577       -1.15530148001388        1.66364649094548
C            2.33078428033413       -2.06497711270854        1.99264028979485
C            3.62860339917962       -1.42598522753177        1.60784045843200
C            4.75713127500578       -1.36851091217300        2.30522603988101
C            4.96895983778833       -1.96418913357655        3.66271802201285
C            5.95006798326456       -0.64116018017671        1.74485976119130
C            5.95726827865996        0.83432724357193        2.18963867253180
C            7.11283199898929        1.56560962804526        1.58039020480682
C            8.27348194657198        1.86215601618322        2.15202122847025
C            8.65088260184138        1.52518334880138        3.56409697897485
C            9.34347301494351        2.60243778691668        1.40269858915494
H           -1.45499892981440       -2.93293578831313        2.36963029163658
H            0.25778760688165       -3.52164390340119        2.59061852531307
H           -0.46716955739075        0.49143632309808        1.54977465150759
H           -1.85478056077644       -0.53017961717246        1.97809116931613
H           -1.73926612461998       -1.60850871397272       -0.25197641522860
H            0.50144813397206       -1.38872852779454       -1.09103515931798
H            0.57404587342730        0.31612483823909       -0.64355084023896
H            0.01173917133315        0.46854070453072       -3.02154269102226
H           -1.05540542392046       -0.93178962985827       -2.90032193095751
H           -5.11084591539626        3.90872002908334       -1.53754763666942
H           -7.47911152218002        3.00409431958618       -1.57171774841203
H           -7.02852648061432        1.92687061599518       -2.96384807391709
H           -6.86253661334138        5.02455094824367       -2.98425471298132
H           -6.42022496472051        3.90486927467556       -4.34724644684397
H           -2.14410304613855        1.36716598544766        0.02803299825977
H           -3.91244152488028       -0.40607558676329        0.51809390711724
H           -4.38798382217867        0.93282437597644       -0.52345157061437
H           -3.53751818967272       -1.81302382897857       -1.54801955726164
H           -4.11350916076380       -0.46785605183651       -2.53044038970752
H           -6.29920150983475       -0.53675746936928       -1.35431317472011
H           -5.72483782377655       -1.87231539297847       -0.35526012354300
H           -5.39494299455516       -3.25251961667608       -2.41019788954586
H           -6.00190334193438       -1.91984060846570       -3.39225069582346
H           -8.19850780140281       -2.05156250678621       -2.21249438527976
H           -7.58758787631011       -3.37570774192224       -1.22043003224874
H           -7.78668983033584       -3.59599642120062       -2.95949623275270
H            2.19340511247767       -2.99745443598870        1.42145965074481
H            2.28186398479345       -2.30653599344526        3.06117861237999
H            3.58792031359814       -0.95954419228189        0.63264180084139
H            4.06132443583415       -2.39092698122791        4.07599237486902
H            5.33842445611400       -1.20361195347361        4.34834847462880
H            5.72145987218935       -2.74981661637705        3.60544292313681
H            6.87348422113225       -1.11458527821071        2.08399562562096
H            5.93133521863778       -0.67351381861489        0.65402962289447
H            5.02430190019450        1.29718066216519        1.85969165906393
H            5.98715720012195        0.88742599236358        3.27792799604612
H            6.96468748169525        1.84552157856561        0.54482224874995
H            9.63264988354323        1.05362513165315        3.58002484538876
H            7.94024203800470        0.85283034318815        4.03342290851401
H            8.71340499800362        2.43580862242315        4.16051915108146
H            9.63449430614664        3.49830944744131        1.95062082154709
H            9.00362069224934        2.89485351585286        0.41222849269261
H           10.23035351312530        1.97820151123477        1.29504235605358
74
 energy: -94.789098204026 gnorm: 0.007094523318 xtb: 6.7.1 (edcfbbe)
C           -0.40624726730065       -2.73476565698616        2.28415608749598
C            0.01552124935591       -1.56240324035879        1.82487616905500
C           -0.93212686849579       -0.47779483427411        1.38289594581327
C           -1.27978873884513       -0.61995573455613       -0.10165568407132
C           -0.06422795612568       -0.45843890822844       -1.02060126960787
C           -0.66063422061025       -0.03729529418448       -2.36202684566067
C           -1.83986148458699        0.79585488832550       -1.97505440158931
N           -2.29700063664494        1.66023643120315       -2.77080425877986
O           -3.38300369823207        2.43029198837323       -2.26945581661967
C           -4.46251832569036        2.50026761108352       -3.07245671177017
O           -4.60403424103260        1.90111999973370       -4.10485322667820
C           -5.47720905688911        3.37384445497555       -2.42115279230925
C           -6.90350095766179        2.88775326047430       -2.45947783145044
C           -6.49672447520961        4.04653900380738       -3.30007198157835
C           -2.27376555822969        0.45831959272467       -0.57239168115824
C           -3.74780580273234        0.03559292239189       -0.46336779762759
C           -4.18744128277702       -0.94659525814744       -1.54817608718102
C           -5.62864578419004       -1.40494409261548       -1.33693390083090
C           -6.07794805109334       -2.38697050673986       -2.41597386511530
C           -7.50805270176821       -2.86448012917311       -2.19366399926116
O            1.30337166051705       -1.17119485565410        1.65214039300956
C            2.33668541573904       -2.07949778619686        1.98960033377232
C            3.63105002982865       -1.43124165559913        1.60916957722056
C            4.75906201508102       -1.36314315958175        2.30629538835481
C            4.98039473859506       -1.97243202572672        3.65610269129571
C            5.94128866443873       -0.61969349790308        1.74586867895267
C            5.94296737131901        0.85300723275987        2.20190981305692
C            7.09855679014815        1.58293613182008        1.59158371625589
C            8.26735222962494        1.86162628501192        2.15598569617920
C            8.64738998830942        1.52190334071921        3.56664999662006
C            9.34389746302898        2.58529896337175        1.39960555377952
H           -1.46048907713905       -2.92128694991052        2.37263830803453
H            0.24650251624575       -3.53257653013693        2.58524270056743
H           -0.45251848361638        0.48851951823577        1.55041213439460
H           -1.84391959554440       -0.52900527989224        1.97633085469988
H           -1.71987415504223       -1.60889261562029       -0.25725278207058
H            0.51825144315339       -1.37437067002510       -1.09563768206701
H            0.58565177422517        0.32689417782200       -0.63494642388457
H            0.02682268421058        0.50362786658862       -3.00912371129427
H           -1.02589116714529       -0.90940190720954       -2.91030032499319
H           -5.11890066493935        3.89672040669609       -1.54171709938807
H           -7.51940875843626        3.05253112058212       -1.58759373843734
H           -7.07620257477222        1.94536271321659       -2.95949066094838
H           -6.82146037137705        5.03775067653772       -3.01852697699078
H           -6.40106038469705        3.88691903129723       -4.36313455508859
H           -2.13986109010803        1.36343505508791        0.03348002377367
H           -3.89994765885205       -0.41712746424090        0.51965271635781
H           -4.38116782023253        0.92337239075272       -0.51675368587083
H           -3.53202911844463       -1.82040640245799       -1.54884781203586
H           -4.10672623656000       -0.47266967818150       -2.52883228444146
H           -6.28840117157613       -0.53353686345586       -1.34485087915348
H           -5.71912857862100       -1.87897160728074       -0.35577266826755
H           -5.40632180732664       -3.24914146295935       -2.41999408094793
H           -6.00240758664851       -1.90414249740032       -3.39253985593578
H           -8.19872931783763       -2.02388574653487       -2.20874931945038
H           -7.59903533453716       -3.36425318387066       -1.23124140987852
H           -7.80280170635089       -3.56450702795225       -2.97237000346138
H            2.20569896298312       -3.01331255208030        1.41940049955255
H            2.28180352726740       -2.31944525559027        3.05833541361343
H            3.58377324970291       -0.95835871419689        0.63728302192049
H            4.06709966804840       -2.37507790253715        4.08283837232902
H            5.38744034601522       -1.22917368573767        4.34079288106646
H            5.70767388868713       -2.78153513994284        3.57699541777783
H            6.87172260731271       -1.08821959785486        2.07285036968974
H            5.91411714794203       -0.64113121087459        0.65476852992005
H            5.00870518242136        1.31608117581301        1.87618610396692
H            5.97481677595552        0.90014785036927        3.29045403030032
H            6.94754582245864        1.86761915932612        0.55774749641953
H            9.62752380605356        1.04714510912016        3.58059671405157
H            7.93525493361077        0.85221319875423        4.03772724273163
H            8.71393372790878        2.43228745162041        4.16310876507294
H            9.63758415451798        3.48882252554242        1.93370581391773
H            9.00993067226634        2.86321619284718        0.40263615936939
H           10.22742926094787        1.95401885486662        1.30611535070551
74
 energy: -94.789195491371 gnorm: 0.005429256818 xtb: 6.7.1 (edcfbbe)
C           -0.40612616651936       -2.73773617609400        2.28515352220012
C            0.01635447568829       -1.56610038832590        1.82467770470821
C           -0.92931681631267       -0.47972230509620        1.38266979604442
C           -1.27545384864018       -0.61957096734742       -0.10275774238685
C           -0.05948638819274       -0.45400576685121       -1.02105611870205
C           -0.65502766988835       -0.02960774723655       -2.36189729712819
C           -1.83786646180093        0.79826472724106       -1.97447936927693
N           -2.29670967802109        1.66314489646673       -2.76848351302351
O           -3.38582593366222        2.42934733115491       -2.26816637553391
C           -4.47487934365129        2.47811125271053       -3.06020857841498
O           -4.62276042257961        1.86263682807334       -4.08190074008294
C           -5.48480516984661        3.36288746074558       -2.41914711991923
C           -6.91824816643234        2.89590680366765       -2.46351612929368
C           -6.49185417680101        4.04462105005854       -3.30888823527349
C           -2.27072241559531        0.45812656468481       -0.57202556278132
C           -3.74387906935101        0.03279410832047       -0.46168552001775
C           -4.18390202876692       -0.94846181574704       -1.54724361087020
C           -5.62569274576680       -1.40484567687820       -1.33588399937413
C           -6.07856070253826       -2.38212171586974       -2.41782865411443
C           -7.51032224114582       -2.85468746412678       -2.19608491715128
O            1.30455327297849       -1.17629280490833        1.65019435073978
C            2.33855926092180       -2.08346436503620        1.98845131249949
C            3.63124493658480       -1.43176904029858        1.60866633791067
C            4.75926434063644       -1.36168375782515        2.30518622320404
C            4.98411383526893       -1.97534307768446        3.65263073042991
C            5.93895446258603       -0.61306754798680        1.74596806894548
C            5.93873643957720        0.85824471401007        2.20610916954917
C            7.09423148773659        1.58857972798220        1.59572620851507
C            8.26561722925095        1.86155667899419        2.15762358462793
C            8.64632444455023        1.51967596985078        3.56777157843502
C            9.34375402702079        2.58055039232587        1.39908106720319
H           -1.46015497497614       -2.92334487681921        2.37480081358074
H            0.24609087713832       -3.53599747741753        2.58619247149936
H           -0.44854751323831        0.48572302855142        1.55196189546136
H           -1.84245944015996       -0.52991000403480        1.97533490638097
H           -1.71349432125658       -1.60915082573936       -0.26160657470651
H            0.52519968049062       -1.36869467043902       -1.09800515282965
H            0.58912951429526        0.33170841134914       -0.63225278389576
H            0.03227458245722        0.51654597626722       -3.00466178071933
H           -1.01605565458536       -0.90043031650285       -2.91496503297060
H           -5.12609875537010        3.88102469906998       -1.53967503747366
H           -7.53704335239799        3.07289524278025       -1.59619798100788
H           -7.09867452043451        1.95295667678427       -2.95871143632489
H           -6.80536529754268        5.04111476369658       -3.03459172882435
H           -6.39262954200293        3.87892943138969       -4.37058448798315
H           -2.13765403382382        1.36270221843764        0.03486967918170
H           -3.89307748000242       -0.42178970764200        0.52112196244665
H           -4.37951101148966        0.91922473134994       -0.51213423699088
H           -3.52947841221177       -1.82322220042831       -1.54818022621240
H           -4.10272546759274       -0.47428359363962       -2.52775448627572
H           -6.28372429838032       -0.53211905378414       -1.34030276916450
H           -5.71605142997176       -1.88197727011488       -0.35617809668167
H           -5.41014284001201       -3.24673070940606       -2.42466081374803
H           -6.00173444121784       -1.89640377274325       -3.39285554516770
H           -8.19748031420790       -2.01118645405322       -2.20722475008380
H           -7.60257051047954       -3.35795613731378       -1.23555988617252
H           -7.80871898224457       -3.55018693454726       -2.97736902743034
H            2.20976134819222       -3.01781774157437        1.41845532002800
H            2.28386031004425       -2.32370556652456        3.05699008707980
H            3.58193424343481       -0.95554622956965        0.63837389089011
H            4.06891344850483       -2.36607328818154        4.08734023412257
H            5.40723395056926       -1.23753962992496        4.33417732886492
H            5.70025851141318       -2.79433800434778        3.56672529932033
H            6.87056930922795       -1.08057377878082        2.07044645083796
H            5.91087426247071       -0.63128899166528        0.65509877890028
H            5.00407761951214        1.32137923286237        1.88224747875079
H            5.97117109370273        0.90310949061527        3.29450486186961
H            6.94146170880605        1.87571061364806        0.56275031072732
H            9.62575629885713        1.04336511609172        3.58112869094461
H            7.93330639922319        0.85101488176872        4.03865820341511
H            8.71452163421869        2.42963834917094        4.16486556251561
H            9.63857934457433        3.48631279195270        1.92849688904563
H            9.01141871533085        2.85323037851625        0.40055200302040
H           10.22673097384763        1.94771331190033        1.31006739931097
74
 energy: -94.789299403260 gnorm: 0.003496555802 xtb: 6.7.1 (edcfbbe)
C           -0.40335099609137       -2.74378146575176        2.28811991491269
C            0.01467264604589       -1.57149491762134        1.82569673463196
C           -0.92932928700258       -0.48468756985931        1.38215375780405
C           -1.27257856083196       -0.61933615476279       -0.10467476431074
C           -0.05611249002639       -0.44895513780548       -1.02234679902770
C           -0.65171483402315       -0.02211778574773       -2.36235771213600
C           -1.83764464734307        0.80094187894237       -1.97483727076962
N           -2.29835275035689        1.66726952237012       -2.76600992339085
O           -3.38983200603130        2.43034536502264       -2.26769964796258
C           -4.48563947772820        2.46212538416210       -3.04806724749642
O           -4.63749975615434        1.83383811214397       -4.05962452383934
C           -5.49380790768354        3.35084923665984       -2.41711143057729
C           -6.93457074861248        2.90161255321581       -2.47002441889630
C           -6.48841600859370        4.03886232808574       -3.31853468441771
C           -2.26847415687863        0.45874869433861       -0.57160359889538
C           -3.74007550193105        0.03011877639401       -0.45812654254239
C           -4.17977494342437       -0.94974079550409       -1.54489430166610
C           -5.62195462466309       -1.40415973742836       -1.33453699599534
C           -6.07817831342799       -2.37530086810999       -2.42057955030597
C           -7.51157071146908       -2.84220704934884       -2.19930803515362
O            1.30335332300180       -1.17901397340126        1.65256720164132
C            2.33974759501942       -2.08406866755685        1.98734238451145
C            3.63032066036167       -1.42912792052955        1.60660698830727
C            4.75885917052964       -1.36092262300465        2.30192087661844
C            4.98637961502923       -1.97712474611363        3.64800778626659
C            5.93902988752567       -0.61018248113117        1.74552232380144
C            5.93723907807759        0.85953504386119        2.20889244410251
C            7.09239846991226        1.59178229830779        1.59917832457129
C            8.26504646442498        1.86156946429767        2.15950466639730
C            8.64596148657868        1.51568394266383        3.56896325224009
C            9.34293080672766        2.57966025233362        1.40027407298120
H           -1.45563168616332       -2.93616330955145        2.37854833350817
H            0.25321525480575       -3.53769655585326        2.59144279881254
H           -0.44843421636473        0.47989192900760        1.55557934489353
H           -1.84535720917456       -0.53473384375150        1.97265814026690
H           -1.70909932814020       -1.60905751928918       -0.26927170160259
H            0.53224721697000       -1.36158248033025       -1.10063183907290
H            0.59059133097254        0.33841916511283       -0.63077079606599
H            0.03552819197899        0.52783887549205       -3.00133223204446
H           -1.00959488683294       -0.89164389540519       -2.91914189372661
H           -5.13808381383405        3.85972011111967       -1.53461966078668
H           -7.55469713655963        3.09351054795317       -1.60776246732654
H           -7.12500649551888        1.95886413334696       -2.95963622593851
H           -6.78951884783603        5.04027246184110       -3.05311742445427
H           -6.38190825601758        3.86667790119593       -4.37819438756724
H           -2.13510407377912        1.36324871513852        0.03513771825622
H           -3.88420335170972       -0.42760144304963        0.52432780559783
H           -4.37951060638427        0.91417701287243       -0.50377015772747
H           -3.52651082016975       -1.82571464224024       -1.54552062031115
H           -4.09673543431203       -0.47533707042741       -2.52518333360089
H           -6.27846003908645       -0.53039311977514       -1.33429298979916
H           -5.71211971435024       -1.88584258834358       -0.35702819518930
H           -5.41314304375083       -3.24229020836986       -2.43101953146911
H           -5.99971156797808       -1.88562996238803       -3.39346727150742
H           -8.19444259268936       -1.99537928497483       -2.20597664890266
H           -7.60495474614288       -3.34877178881444       -1.24065209646686
H           -7.81437094248756       -3.53274229956579       -2.98293267882582
H            2.21229884187525       -3.01859826693692        1.41684794549770
H            2.28924331920204       -2.32617958574653        3.05543745823411
H            3.57991476562878       -0.94890529457178        0.63821437037496
H            4.07001152473235       -2.35223787235156        4.09400101916069
H            5.42728993220846       -1.24360137709301        4.32244530798497
H            5.68877481289437       -2.80698746612488        3.55813196164113
H            6.86942414048826       -1.07833687924681        2.07134868588082
H            5.91343885661166       -0.62694011067220        0.65508808346400
H            5.00233486265258        1.32277684854718        1.88675460954999
H            5.97005007822322        0.90226347114902        3.29701966675285
H            6.93733067967257        1.88197610021465        0.56728886496832
H            9.62451072755013        1.03733809609358        3.58152965750627
H            7.93160036720448        0.84782872310493        4.03831916767864
H            8.71612477718454        2.42449468799465        4.16782668171913
H            9.63803790107779        3.48644796102696        1.92706519588195
H            9.01093135848297        2.84855166878876        0.40154561224416
H           10.22663838790480        1.94734749573298        1.31369529630548
74
 energy: -94.789344207647 gnorm: 0.008462095347 xtb: 6.7.1 (edcfbbe)
C           -0.40057972736276       -2.74988682965948        2.28976173044134
C            0.01477303065986       -1.57750349152456        1.82552595753443
C           -0.92778376261588       -0.49010803479732        1.38134514873373
C           -1.26701374630495       -0.61853003415473       -0.10688759944518
C           -0.05004587120341       -0.44050933586984       -1.02261469342275
C           -0.64574968939136       -0.01095253097596       -2.36173418856442
C           -1.83599691261709        0.80553281553797       -1.97327619174080
N           -2.30045852488496        1.67089260440329       -2.76332958280877
O           -3.39372325613632        2.43253887570899       -2.26736025716333
C           -4.50296549227060        2.43177427149674       -3.03141643076948
O           -4.66746354259783        1.76843591417072       -4.02285088001706
C           -5.50520079323450        3.33667618506532       -2.41480786526839
C           -6.95377600651416        2.91055872776667       -2.47635333637766
C           -6.48208701334481        4.03269580667880       -3.33110301464310
C           -2.26504890647600        0.45905147431206       -0.57013411261532
C           -3.73491442454024        0.02614570894488       -0.45401176312985
C           -4.17479508109251       -0.95190990153243       -1.54215913325248
C           -5.61772325678518       -1.40360618396133       -1.33283638268207
C           -6.07888517448226       -2.36649892287035       -2.42414529646669
C           -7.51477362233623       -2.82623724021693       -2.20440512603376
O            1.30363898995685       -1.18361965538461        1.65281015676638
C            2.34201950861237       -2.08650193090372        1.98576487910671
C            3.63016548298524       -1.42690579301663        1.60511650207778
C            4.75926481285246       -1.35901924298533        2.29944428395241
C            4.99034644380143       -1.98001157995618        3.64281117421567
C            5.93810311646331       -0.60447473124323        1.74508595539143
C            5.93381728256707        0.86359206734459        2.21312489113883
C            7.08854287729819        1.59739311793457        1.60409319761248
C            8.26355181890047        1.86137461228041        2.16221264966128
C            8.64540291068039        1.51100056449938        3.57044593277867
C            9.34223500258825        2.57669366177332        1.40176897128703
H           -1.45204261083133       -2.94618854140927        2.38152616995888
H            0.25900910935027       -3.54114473968423        2.59399250609267
H           -0.44711212070884        0.47367557157415        1.55968011763986
H           -1.84604477025629       -0.54142900350224        1.96879614158929
H           -1.70091289412144       -1.60850210507804       -0.27747229634148
H            0.54172092930119       -1.35072836116027       -1.10343635298840
H            0.59379451437031        0.34780722230080       -0.62758097372433
H            0.04038459947144        0.54498005980780       -2.99674798130438
H           -0.99850749309067       -0.87946816321227       -2.92332905336304
H           -5.14955686343093        3.84836801864603       -1.53389705723191
H           -7.57695687419348        3.12265071740845       -1.62063113071377
H           -7.15689671578314        1.96642092980143       -2.95831141763019
H           -6.76700501577065        5.04254224256826       -3.07821729854366
H           -6.36730505666311        3.84892227415837       -4.38816051200041
H           -2.13190290002244        1.36288021405381        0.03764990677225
H           -3.87465215010175       -0.43513432645087        0.52754399969309
H           -4.37779118916702        0.90802825736811       -0.49468245622056
H           -3.52293413216819       -1.82900518553283       -1.54306863881523
H           -4.09032176567823       -0.47684535454646       -2.52194368911822
H           -6.27157127372549       -0.52784406588641       -1.32667848593377
H           -5.70797441981310       -1.89084209934991       -0.35802645344643
H           -5.41844539856841       -3.23694336818487       -2.43956470898954
H           -5.99801629889470       -1.87150265099807       -3.39415017711234
H           -8.19216798165700       -1.97488753107688       -2.20483226811411
H           -7.61002656604319       -3.33800341807520       -1.24862913991897
H           -7.82307751755734       -3.50998746637162       -2.99187170695047
H            2.21673898701600       -3.02099066790592        1.41451189016572
H            2.29410689076081       -2.33022550956323        3.05365920600903
H            3.57757798956322       -0.94255283436454        0.63887021899196
H            4.07126025020440       -2.33490499779313        4.10094788132847
H            5.45626259904688       -1.25530580299993        4.31112119009273
H            5.67348015443913       -2.82577171240757        3.54419906376561
H            6.86893449393408       -1.07244642954940        2.06993291161368
H            5.91280174659242       -0.61787327247397        0.65463871982084
H            4.99836631554877        1.32690802640312        1.89287470360209
H            5.96726886359482        0.90330946519626        3.30133591766722
H            6.93141483855710        1.89109622385561        0.57347969697972
H            9.62268787300774        1.03004030141717        3.58119209846339
H            7.92957561198328        0.84416064762258        4.03883780992212
H            8.71846995815623        2.41836644848904        4.17124779113467
H            9.63673284408950        3.48591727076236        1.92466186942221
H            9.01155333408123        2.84044895174403        0.40136575274080
H           10.22620363200380        1.94392379551619        1.31962551389665
74
 energy: -94.789407615572 gnorm: 0.004455901488 xtb: 6.7.1 (edcfbbe)
C           -0.39619974597546       -2.75400308290451        2.29092177383610
C            0.01310401249028       -1.57968189878381        1.82632564218540
C           -0.93121661657994       -0.49474679480035        1.38130009590485
C           -1.26699647675085       -0.61875344572309       -0.10783457593956
C           -0.05012522366379       -0.43720605354885       -1.02255443672745
C           -0.64718033228400       -0.00905169773551       -2.36154863942263
C           -1.83702768199611        0.80724729189481       -1.97220306943650
N           -2.30271650561499        1.67261267836299       -2.76146100097771
O           -3.39705522725437        2.43241833777981       -2.26608855183255
C           -4.50695822995882        2.42607929054191       -3.02641027683822
O           -4.66864303554959        1.76185129070349       -4.01537217681723
C           -5.50956282588471        3.33347760998809       -2.41445657025659
C           -6.95790488945030        2.90947788584387       -2.48053885344480
C           -6.48181829494686        4.02800732090690       -3.33514858947214
C           -2.26521743070216        0.45958046136946       -0.56864247096897
C           -3.73434776941385        0.02575682360039       -0.45108592591114
C           -4.17392340100515       -0.95148930573702       -1.53989012137902
C           -5.61692978488547       -1.40264427178074       -1.33201090845892
C           -6.07866624597032       -2.36188745514478       -2.42607677556302
C           -7.51511736350170       -2.81996376942839       -2.20740566129676
O            1.30162385966744       -1.18044560827626        1.65754035673549
C            2.34189289060543       -2.08221217086801        1.98569141932221
C            3.62961038979780       -1.42278137754544        1.60342449731549
C            4.75940632282890       -1.35952840555401        2.29723285450929
C            4.98901148254107       -1.97937534686319        3.64131780107732
C            5.94127231697467       -0.60871378601257        1.74403564619063
C            5.93714159142019        0.85933731632891        2.21121362155893
C            7.09142670206533        1.59493467423124        1.60344625465816
C            8.26503942157080        1.86137506228221        2.16310794403558
C            8.64691293346294        1.50793218021088        3.57056150997687
C            9.34175171183883        2.58204985115926        1.40514844986632
H           -1.44631693384727       -2.95922951408749        2.38154784858019
H            0.26935562731617       -3.53989193437442        2.59698653898781
H           -0.45326511875471        0.46959161723267        1.56389854572483
H           -1.85096823177864       -0.54991030018903        1.96590990130347
H           -1.70054661203326       -1.60809733737551       -0.28244600208426
H            0.54373726096133       -1.34586177196613       -1.10350744625427
H            0.59144692338428        0.35267363347599       -0.62752546474410
H            0.03792309040207        0.54628303226426       -2.99804826913967
H           -1.00054408313382       -0.87812123459716       -2.92174425614282
H           -5.15716829831903        3.84768624291324       -1.53239517817442
H           -7.58025307306708        3.12750758680451       -1.62623769106349
H           -7.16343633906046        1.96445841121868       -2.95912362026823
H           -6.76546359940529        5.03895291348575       -3.08757588449484
H           -6.36181497590868        3.83947436556431       -4.39088228017888
H           -2.13073348753090        1.36320063099273        0.03914188104093
H           -3.87236917847926       -0.43718819923820        0.52986785830914
H           -4.37847032595038        0.90675515318693       -0.48952992970011
H           -3.52248731477997       -1.82885737702707       -1.54056205814242
H           -4.08817786042401       -0.47608585816292       -2.51935008179004
H           -6.27012944358603       -0.52648743338469       -1.32342148230036
H           -5.70758575502130       -1.89261697162650       -0.35861930666936
H           -5.41925273114275       -3.23300425967057       -2.44377827899370
H           -5.99672704667400       -1.86421149235882       -3.39459183314400
H           -8.19090977003242       -1.96744767725242       -2.20610516184185
H           -7.61099665603956       -3.33305275775070       -1.25242544612217
H           -7.82468540307526       -3.50180303403342       -2.99586513521502
H            2.21571671761336       -3.01587067694776        1.41319349267572
H            2.29815221100707       -2.32797106628555        3.05345035646784
H            3.57778870986657       -0.93808777493212        0.63748076175126
H            4.06946706502709       -2.32586753455093        4.10339125987944
H            5.46179741326266       -1.25666867466192        4.30554092089964
H            5.66463558909252       -2.83014350794469        3.54344277893441
H            6.87009271846580       -1.07838866180417        2.07255968881005
H            5.91917022033115       -0.62360662212610        0.65344702216252
H            5.00165503497291        1.32241558071996        1.89055813467081
H            5.97013252555675        0.89896350640010        3.29954026939320
H            6.93420560679458        1.88972291289583        0.57321644564443
H            9.62360393865174        1.02575580616277        3.57984084846076
H            7.93049713914787        0.84079549532061        4.03763918368751
H            8.72129892641697        2.41384070388288        4.17331263229013
H            9.63354825574745        3.49031649076495        1.93117313663402
H            9.00994609440816        2.84826767765499        0.40574459497800
H           10.22754461574312        1.95215630689073        1.32065629794712
74
 energy: -94.789464112449 gnorm: 0.003223525495 xtb: 6.7.1 (edcfbbe)
C           -0.39003163858399       -2.75936604957490        2.29055774342173
C            0.01315155767626       -1.58261359105331        1.82671396600170
C           -0.93463613277086       -0.50105764447552        1.38195912573689
C           -1.26529444492428       -0.61919099320917       -0.10852094963462
C           -0.04820574704285       -0.43072651595622       -1.02073144907334
C           -0.64713039066110       -0.00419736992015       -2.35955320747905
C           -1.83872767728875        0.80917902263342       -1.96933237901188
N           -2.30618354655252        1.67377187266128       -2.75825956790009
O           -3.40123333859278        2.43287846721355       -2.26349906733382
C           -4.51398898905917        2.41417114398332       -3.01711016014524
O           -4.67815348422317        1.73528089004613       -3.99533488699772
C           -5.51717655365195        3.32662126977491       -2.41295748380502
C           -6.96604955740289        2.90984880651740       -2.48571663070091
C           -6.47893675876183        4.02040076733375       -3.34400322981081
C           -2.26506504435295        0.45923109464489       -0.56569475272154
C           -3.73336430545644        0.02435520802484       -0.44669054924237
C           -4.17281647969107       -0.95154871168556       -1.53670044324546
C           -5.61633315566246       -1.40125787974329       -1.33042950408897
C           -6.07978680843790       -2.35392492628462       -2.42928481859136
C           -7.51754588766472       -2.80904148376506       -2.21322123786124
O            1.30069825536532       -1.17724982431180        1.66187344501275
C            2.34293715655934       -2.07782468266432        1.98527813376343
C            3.63023434268793       -1.41839932976574        1.60168774357488
C            4.76075039388700       -1.35983411624726        2.29497967308424
C            4.98840580559659       -1.98027084741227        3.63906355816745
C            5.94490666382686       -0.61240131452138        1.74241311971859
C            5.94079465478930        0.85576747095614        2.20903541101619
C            7.09453334582493        1.59333654871183        1.60310350504289
C            8.26688987630826        1.86135688489142        2.16473145510173
C            8.64935317548005        1.50323844169969        3.57070509836961
C            9.34168428898401        2.58875470442941        1.41036327326713
H           -1.43887063816702       -2.97326463181793        2.37925716833437
H            0.28134440136371       -3.54018067605963        2.59748437369440
H           -0.46160115960214        0.46462160052016        1.57074915646933
H           -1.85598972251953       -0.56336735455208        1.96244472913453
H           -1.69673220778010       -1.60825820156836       -0.28886710237427
H            0.54952094662711       -1.33655989823081       -1.10267974413182
H            0.58882833044740        0.36164547222327       -0.62473708187669
H            0.03578010010917        0.55228323114646       -2.99768129509699
H           -0.99935325499927       -0.87446625528798       -2.91870554923957
H           -5.16765725475102        3.84907625812763       -1.53277080054240
H           -7.59130947687910        3.13867372024405       -1.63608636978531
H           -7.17512366443650        1.96269740728769       -2.95839344269683
H           -6.75997104879517        5.03439009662868       -3.10646464462884
H           -6.35253685301118        3.82241670826470       -4.39751380169313
H           -2.12931344725558        1.36202752850351        0.04320226336202
H           -3.86987643277750       -0.44042845547300        0.53344604541222
H           -4.37827660275295        0.90479247976398       -0.48272836252613
H           -3.52216598030260       -1.82935680376540       -1.53760265877426
H           -4.08608667504140       -0.47548318846212       -2.51565795633706
H           -6.26785924088209       -0.52388774690542       -1.31762256644596
H           -5.70780088965843       -1.89566924814348       -0.35934377978911
H           -5.42257455722008       -3.22665506458334       -2.45111609840551
H           -5.99595235798137       -1.85151141359536       -3.39517697782831
H           -8.19076663284132       -1.95453107573959       -2.20857202921615
H           -7.61515245399278       -3.32569321972642       -1.26030080975461
H           -7.82884166093253       -3.48679886693546       -3.00449750973790
H            2.21607800861660       -3.01037767275214        1.41125051721305
H            2.30272644875140       -2.32589541667146        3.05285540071465
H            3.57871544954170       -0.93330995037412        0.63614268550837
H            4.06642379911105       -2.31106432201924        4.10716059561795
H            5.47637739690469       -1.26405148680484        4.29873024980803
H            5.64946947803605       -2.84194054981520        3.53889199747862
H            6.87239693901661       -1.08340080544171        2.07350273343565
H            5.92521197225168       -0.62835074984669        0.65156628506317
H            5.00510491063544        1.31825730626534        1.88781329324885
H            5.97284795322246        0.89499904994115        3.29759838691756
H            6.93754726268522        1.89041835857701        0.57358379373951
H            9.62490291615318        1.01875412746788        3.57711233695260
H            7.93208603716005        0.83600932080294        4.03658921269409
H            8.72651853076299        2.40690896341268        4.17630293092433
H            9.62910990295886        3.49616434587281        1.94051534486655
H            9.00928777908587        2.85841631543934        0.41171426577289
H           10.22985407293519        1.96266345113186        1.32352473608081
74
 energy: -94.789518680416 gnorm: 0.003031069528 xtb: 6.7.1 (edcfbbe)
C           -0.38235998021338       -2.76587600155142        2.28764822348995
C            0.01537848069375       -1.58606905189953        1.82670643766549
C           -0.93793149073916       -0.50862183182621        1.38411937213207
C           -1.26268258020167       -0.61967596720423       -0.10805001521451
C           -0.04501387703189       -0.42143444393841       -1.01664376607881
C           -0.64585829637508        0.00283517814091       -2.35550970116193
C           -1.84001281622479        0.81220167921751       -1.96417672826485
N           -2.30920414871268        1.67586747150347       -2.75300263767910
O           -3.40593777894246        2.43379982745263       -2.25886320402600
C           -4.52425752346369        2.39563839955034       -3.00328133676976
O           -4.69282743868956        1.69595249228730       -3.96594337368185
C           -5.52741196422385        3.31753880213930       -2.41116680102571
C           -6.97709296128998        2.91090095849324       -2.49233613852617
C           -6.47492084968074        4.01037012704687       -3.35737592597967
C           -2.26474946366519        0.45834748483439       -0.56132833340773
C           -3.73240892276087        0.02232393979529       -0.44127560305135
C           -4.17241736293253       -0.95187748179799       -1.53263166462484
C           -5.61687855339973       -1.39942351617878       -1.32825874583754
C           -6.08284148402016       -2.34312562938070       -2.43362415225299
C           -7.52239762413507       -2.79476434699564       -2.22194023648878
O            1.30121345471766       -1.17413024799201        1.66530390638811
C            2.34532811127691       -2.07373875773887        1.98443041718134
C            3.63247637123778       -1.41456528318525        1.59999868794381
C            4.76363583089270       -1.36024755567262        2.29282166372766
C            4.98860221020173       -1.98289849848251        3.63632128116222
C            5.94946342321499       -0.61602950415534        1.74021201472695
C            5.94548547244108        0.85254954229305        2.20602898085602
C            7.09871948191397        1.59231145114444        1.60258572749859
C            8.26962119756994        1.86161472660926        2.16683962952149
C            8.65309572165402        1.49711203578307        3.57068811946428
C            9.34233624641752        2.59773928859683        1.41761812123114
H           -1.43006614911915       -2.98645272695109        2.37401043183139
H            0.29344097708382       -3.54299277585431        2.59405343568393
H           -0.47235060477364        0.45932315332921        1.58050033297713
H           -1.86079688807033       -0.58133481377267        1.96005702864201
H           -1.69035990442651       -1.60894613383817       -0.29542276462959
H            0.55846359814932       -1.32321355519100       -1.09985905245727
H            0.58557714406090        0.37447169251436       -0.61867879364698
H            0.03413065118623        0.56123716975457       -2.99536315116895
H           -0.99586131521844       -0.86928552190169       -2.91343006355152
H           -5.18017426132313        3.85094228281582       -1.53535566318955
H           -7.60846740517520        3.15247664026418       -1.65028950547153
H           -7.18919085419089        1.96059174300118       -2.95763268180886
H           -6.75253205107767        5.02865207357813       -3.13300055080414
H           -6.34173063286493        3.80002307822018       -4.40782735416598
H           -2.12824182588007        1.35957542878423        0.04995822108093
H           -3.86830103321166       -0.44409089373912        0.53802408042932
H           -4.37749800778077        0.90267066766264       -0.47537936883660
H           -3.52288878660372       -1.83035091183020       -1.53424595106346
H           -4.08503513360605       -0.47480961666635       -2.51092148844621
H           -6.26590037672040       -0.52021813984317       -1.30982624775889
H           -5.70954857442861       -1.89967761011298       -0.36025637201528
H           -5.42854899421813       -3.21798706085644       -2.46106027220647
H           -5.99645623048695       -1.83416574594898       -3.39587255052351
H           -8.19267551688404       -1.93794175720395       -2.21280816227796
H           -7.62280760952491       -3.31695316923534       -1.27227077929466
H           -7.83510472895104       -3.46667218932186       -3.01775148366777
H            2.21785423503226       -3.00507726318505        1.40879854748883
H            2.30739468338483       -2.32413188142124        3.05167982257403
H            3.58095781677550       -0.92904373856656        0.63481843776426
H            4.06268548798722       -2.29208462391225        4.11193697804722
H            5.49791806052456       -1.27709993694292        4.29125349891987
H            5.62929316474852       -2.85984972796704        3.53216309315212
H            6.87619829247829       -1.08791126348712        2.07265231174709
H            5.93098078051960       -0.63303781906147        0.64917098200357
H            5.00963651477815        1.31422211110152        1.88376746064386
H            5.97590192124744        0.89148841137703        3.29483488229892
H            6.94239862351317        1.89301442702596        0.57407497888957
H            9.62697240592543        1.00918176853488        3.57298306901072
H            7.93462970168382        0.83015252037078        4.03544316152526
H            8.73460115045628        2.39786775335883        4.17990620447337
H            9.62414049394866        3.50359608039136        1.95378456371509
H            9.00972773746430        2.87266272861660        0.42003903125484
H           10.23348255805947        1.97655385920125        1.32777233911250
74
 energy: -94.789563643526 gnorm: 0.002959028377 xtb: 6.7.1 (edcfbbe)
C           -0.37521025059151       -2.77188110326143        2.28244100158697
C            0.01902256238909       -1.58889774956548        1.82634350091872
C           -0.94064690908357       -0.51517057716481        1.38776596929202
C           -1.26131779135190       -0.62000515886959       -0.10574530974692
C           -0.04286214370438       -0.41271562467874       -1.01085760734451
C           -0.64522927885789        0.00874978540964       -2.34997942853554
C           -1.84183068214958        0.81467119941556       -1.95811645655211
N           -2.31127752886059        1.67817508064951       -2.74692485492525
O           -3.40960721737072        2.43592482214733       -2.25397622935596
C           -4.53146994421263        2.38269008881909       -2.99175807173552
O           -4.70387267991858        1.66466801355633       -3.94001329751836
C           -5.53572476568526        3.31131220092187       -2.41087076797499
C           -6.98487734371798        2.90966152040031       -2.49867939253912
C           -6.47301714997082        3.99980406491583       -3.37040391114490
C           -2.26559299832010        0.45730712616326       -0.55633888357858
C           -3.73315574926688        0.02083979868146       -0.43629913175641
C           -4.17381795391518       -0.95204640932119       -1.52867428354756
C           -5.61937923550346       -1.39743608656980       -1.32620787707801
C           -6.08715856178536       -2.33275072230488       -2.43785237319637
C           -7.52820371414859       -2.78216077366832       -2.23122567342827
O            1.30288734564618       -1.17143210731824        1.66704752333445
C            2.34835914043183       -2.07071048636097        1.98331403401039
C            3.63590298496674       -1.41257982355642        1.59857083686373
C            4.76750023913871       -1.36125317906656        2.29106431652319
C            4.98931106292188       -1.98613358258314        3.63410643042284
C            5.95462697785065       -0.61996029773272        1.73780725266233
C            5.95119779193840        0.84931759856846        2.20209643978697
C            7.10418938414679        1.59124869006873        1.60136370107327
C            8.27327038777526        1.86244215976912        2.16867999640597
C            8.65766138772654        1.49127713983273        3.57035944120500
C            9.34379561465029        2.60825866680437        1.42547758217015
H           -1.42226834230907       -2.99539359592569        2.36641133803936
H            0.30228778133413       -3.54805546498928        2.58671749356457
H           -0.48316002427864        0.45530588601935        1.59088556276462
H           -1.86421287575798       -0.59871283079141        1.96072029075511
H           -1.68498392143837       -1.60980227403105       -0.29913276396461
H            0.56699183454196       -1.31018067290530       -1.09444023730213
H            0.58112915896954        0.38720932651319       -0.61085034164920
H            0.03229401527973        0.56830553310679       -2.99148983260580
H           -0.99321510560358       -0.86551883923125       -2.90600452519742
H           -5.19028287011679        3.85333585653980       -1.53984390950463
H           -7.62323193001646        3.15942342198276       -1.66445499519755
H           -7.19635421784912        1.95633135381156       -2.95825641235620
H           -6.74939351696442        5.02070895834979       -3.15665696750989
H           -6.33506356899098        3.77975609313928       -4.41798549552404
H           -2.12911524696273        1.35696980201626        0.05742805631215
H           -3.86948328791963       -0.44612927540409        0.54261111264287
H           -4.37765808394995        0.90168698609162       -0.46985482283858
H           -3.52544295682432       -1.83129151161715       -1.53092629262450
H           -4.08585314335932       -0.47412795170910       -2.50641191530399
H           -6.26608640935711       -0.51660573896825       -1.30274037306716
H           -5.71349483490571       -1.90311014980507       -0.36117307403282
H           -5.43517151755005       -3.20917726367084       -2.47046892767708
H           -5.99838897931566       -1.81750344559823       -3.39652457850435
H           -8.19662919476539       -1.92395133459942       -2.21838124185101
H           -7.63173222656317       -3.30987562345095       -1.28494245645537
H           -7.84079644104128       -3.44861873073095       -3.03172783561365
H            2.22020736786838       -3.00106378433784        1.40642582424690
H            2.31105344765821       -2.32283018753401        3.05014885459611
H            3.58453005694394       -0.92687655621442        0.63348206610536
H            4.06033589296667       -2.27617625471891        4.11563810536368
H            5.51640434198312       -1.29062427833323        4.28536063558887
H            5.61146128569342       -2.87581668287628        3.52748295642036
H            6.88086268014649       -1.09234990183694        2.07086633926096
H            5.93630604632817       -0.63843714951613        0.64675756704233
H            5.01549397643689        1.31026936239591        1.87820194402432
H            5.97951872522418        0.88854437065559        3.29102502700344
H            6.94880732383824        1.89595174588172        0.57388682733208
H            9.62967711601296        0.99947346626217        3.56845480865074
H            7.93776212241376        0.82501903564665        4.03408328220131
H            8.74412334069350        2.38914875013687        4.18306946678733
H            9.62055730861199        3.51130157081301        1.96925080972655
H            9.01088781626804        2.89017851436811        0.42974023431067
H           10.23785407546034        1.99209519094347        1.33144877494050
74
 energy: -94.789597688307 gnorm: 0.002510768821 xtb: 6.7.1 (edcfbbe)
C           -0.36981256969867       -2.77775718234887        2.27638846959594
C            0.02270794240135       -1.59208785232285        1.82556424595099
C           -0.94195362662354       -0.52032653465028        1.39208436716468
C           -1.26082826891682       -0.61973367061923       -0.10227774431182
C           -0.04156833770585       -0.40490106709331       -1.00459617095155
C           -0.64435759580508        0.01453797957299       -2.34399694345957
C           -1.84308812805582        0.81747869644915       -1.95185499658801
N           -2.31194487481378        1.68165018909077       -2.74023152348424
O           -3.41258326463940        2.43869946209043       -2.24974643805118
C           -4.53827330561725        2.37015094616927       -2.98128720050979
O           -4.71325153798372        1.63661929012431       -3.91692502196486
C           -5.54251880499094        3.30637520886032       -2.41229108314515
C           -6.99208433086643        2.90820135383251       -2.50497839695450
C           -6.47261281906785        3.98987759936080       -3.38308890132426
C           -2.26698679774985        0.45670401853130       -0.55119996306822
C           -3.73457769374152        0.01934195077694       -0.43187414122069
C           -4.17570613518076       -0.95252039012691       -1.52501387360144
C           -5.62242833317057       -1.39566951887050       -1.32461987516141
C           -6.09190536311955       -2.32339703648066       -2.44196989922500
C           -7.53426646890556       -2.77083912626390       -2.24005764320498
O            1.30502159061178       -1.17103335053954        1.66679958381000
C            2.35177777269050       -2.06995785000765        1.98154331337287
C            3.63937041251828       -1.41172900513950        1.59726367997420
C            4.77144235321221       -1.36216566733245        2.28918098004342
C            4.99144345079066       -1.98942504550424        3.63153905507343
C            5.95933528430196       -0.62236850423798        1.73547142066036
C            5.95622061519767        0.84722641306975        2.19913219676301
C            7.10918723310824        1.59145442909508        1.60100067897188
C            8.27693079461153        1.86373691020566        2.17060481572453
C            8.66204856171205        1.48613565242814        3.57032859159304
C            9.34556976754219        2.61756190755238        1.43265989089197
H           -1.41677683547681       -3.00118036290508        2.35896268120101
H            0.30733493795116       -3.55531154397677        2.57742202205816
H           -0.49053125883877        0.45174580579695        1.60051365008696
H           -1.86547364926121       -0.61219792034174        1.96403952525790
H           -1.68105075629207       -1.61010232403311       -0.30049906053902
H            0.57409672273082       -1.29845911572802       -1.08787775565814
H            0.57686592479263        0.39852905295402       -0.60233249411416
H            0.03169766975971        0.57540033460420       -2.98571840013293
H           -0.99027086709738       -0.86115556582432       -2.89910179190590
H           -5.19820182084843        3.85385517891786       -1.54531702348704
H           -7.63642138251623        3.16458716198808       -1.67761268441137
H           -7.20163594877678        1.95163291943869       -2.95920753187077
H           -6.74652595893005        5.01333408082136       -3.17788371262024
H           -6.33043194627473        3.76233242706803       -4.42825045037153
H           -2.13155926884130        1.35516013282797        0.06460835440367
H           -3.87131947403770       -0.44790280971677        0.54691259413636
H           -4.37893245528218        0.90044509389356       -0.46519997516537
H           -3.52864655497935       -1.83276256465266       -1.52739868636290
H           -4.08660775546758       -0.47405973752483       -2.50234847287686
H           -6.26700314616068       -0.51340561381775       -1.29664270851237
H           -5.71801042686016       -1.90632974012763       -0.36236835035578
H           -5.44200529008802       -3.20116027836477       -2.47925309729408
H           -6.00101530275251       -1.80242538926555       -3.39732835980853
H           -8.20112352426018       -1.91143540413649       -2.22362771608554
H           -7.64068100944000       -3.30382320574607       -1.29707725678295
H           -7.84665364256441       -3.43207972172079       -3.04502396280274
H            2.22377958653676       -2.99963610052967        1.40353521215832
H            2.31429694988168       -2.32357234194060        3.04791117357084
H            3.58794914255366       -0.92524924799064        0.63246791407891
H            4.05992872609218       -2.26156924514814        4.11943743765228
H            5.53585374669134       -1.30327612985002        4.27895150848256
H            5.59603035726541       -2.89111308078543        3.52176392782170
H            6.88523153480740       -1.09511327803593        2.06854285643360
H            5.94052596165554       -0.64154102566628        0.64454553938641
H            5.02088274969875        1.30791307128610        1.87382247489388
H            5.98266250302272        0.88645975389683        3.28808192916604
H            6.95412337547348        1.90042739218066        0.57469773988308
H            9.63208666849448        0.99027284065628        3.56476407580202
H            7.94034845408589        0.82115336859970        4.03299116984049
H            8.75361600448402        2.38146112226135        4.18602960290528
H            9.61903557199792        3.51764063738944        1.98299203991811
H            9.01236119989007        2.90540581620270        0.43884727728861
H           10.24186296513697        2.00526535135208        1.33502216656586
74
 energy: -94.789621317646 gnorm: 0.002330080315 xtb: 6.7.1 (edcfbbe)
C           -0.36658046778459       -2.78242013579690        2.26952077855790
C            0.02598798323302       -1.59450783272480        1.82449640800959
C           -0.94227033350619       -0.52297153047218        1.39709286495097
C           -1.26255870664606       -0.61903635162890       -0.09724191475055
C           -0.04275412465711       -0.40017717370976       -0.99796053388235
C           -0.64522609284964        0.01757837908121       -2.33767888483842
C           -1.84496200130258        0.81928798719743       -1.94581342522827
N           -2.31168072527070        1.68483331817643       -2.73386649051173
O           -3.41377513463351        2.44245483982405       -2.24690880935628
C           -4.53942346991517        2.36732534357905       -2.97690531830853
O           -4.71417108174707        1.62555808763115       -3.90514758172964
C           -5.54481314620036        3.30635924073057       -2.41625663370994
C           -6.99335502898260        2.90363987105971       -2.50938380170878
C           -6.47545072806146        3.98119930798567       -3.39242935364781
C           -2.26992002182225        0.45653748460259       -0.54595236049762
C           -3.73784824762027        0.01865873342694       -0.42838627967322
C           -4.17882514787337       -0.95286961045330       -1.52190043211679
C           -5.62667330781076       -1.39411060559025       -1.32391046487659
C           -6.09658111936359       -2.31668093824685       -2.44537294189460
C           -7.53962528602835       -2.76369476188202       -2.24739815201934
O            1.30731218654092       -1.17190469193814        1.66502166498462
C            2.35501446479864       -2.07075155915549        1.97937835461489
C            3.64276222328445       -1.41237891141223        1.59590344193857
C            4.77519475855360       -1.36332677697673        2.28731640101528
C            4.99413453919270       -1.99197036880019        3.62936432511665
C            5.96361469454687       -0.62423737887618        1.73316344362164
C            5.96105206556755        0.84547132937628        2.19646587755229
C            7.11423401480152        1.59178403017162        1.60071144418085
C            8.28072692540484        1.86547642191341        2.17226146363305
C            8.66627024993799        1.48259664821774        3.57044497553838
C            9.34773219802620        2.62592345720779        1.43882494468595
H           -1.41403306151442       -3.00322553595233        2.35132462148859
H            0.30839561209102       -3.56346123879289        2.56609070656825
H           -0.49409790761364        0.44971960050015        1.60824377916689
H           -1.86450562070233       -0.61985815591508        1.97056812521486
H           -1.68076405497020       -1.60980529023587       -0.29771063517322
H            0.57688111511946       -1.29105899274141       -1.07996569816429
H            0.57201897322054        0.40575866215234       -0.59430991832737
H            0.03041124223820        0.57868443247015       -2.97934293116699
H           -0.99023477364134       -0.85898858528027       -2.89185375238895
H           -5.20148817386725        3.85755802702034       -1.55250287295041
H           -7.64141754403401        3.16098237760298       -1.68606331243576
H           -7.19717048584246        1.94397205065184       -2.95996161765929
H           -6.75082030688983        5.00469641238639       -3.19130542861301
H           -6.33174424959653        3.75027916431040       -4.43620615888485
H           -2.13623974635660        1.35444324599703        0.07098622648266
H           -3.87575979621067       -0.44803048448395        0.55059125786399
H           -4.38182627028085        0.90013533156637       -0.46268099178407
H           -3.53299968838880       -1.83408753807711       -1.52359660871808
H           -4.08798284714817       -0.47441974726697       -2.49908886506043
H           -6.26977167953917       -0.51094566220457       -1.29332407533191
H           -5.72402899284636       -1.90811744860890       -0.36370121066337
H           -5.44765602590514       -3.19490592101696       -2.48574831737559
H           -6.00420775793297       -1.79170536456228       -3.39830016110484
H           -8.20616077314568       -1.90411634881115       -2.22880527807774
H           -7.64827960986727       -3.30049752533846       -1.30695630152937
H           -7.85081308523755       -3.42138620262879       -3.05566587532047
H            2.22749291083847       -2.99996489696618        1.40046716159849
H            2.31658745858602       -2.32543659455840        3.04532226382394
H            3.59149490929060       -0.92531601475684        0.63126066724434
H            4.06246667350325       -2.25387209825597        4.12084996894077
H            5.54720885684159       -1.31199265084525        4.27417269166594
H            5.58797740153946       -2.89922756925497        3.51881043350957
H            6.88914477844435       -1.09743004499019        2.06611332123631
H            5.94420481002747       -0.64392260958819        0.64240067763462
H            5.02629581934931        1.30630892433699        1.86981135585094
H            5.98585604999347        0.88467128603536        3.28538678541252
H            6.95931984720798        1.90427380525540        0.57541372923417
H            9.63432976287116        0.98278470716430        3.56197330645239
H            7.94261052677084        0.81937033534974        4.03232416697276
H            8.76271317019251        2.37593321164346        4.18827068774163
H            9.61988029541345        3.52251609292842        1.99534852076094
H            9.01381878653764        2.91984909146126        0.44728813915671
H           10.24535131964346        2.01618990976054        1.33696326225578
74
 energy: -94.789635344253 gnorm: 0.002829620220 xtb: 6.7.1 (edcfbbe)
C           -0.36323709973796       -2.78925100907394        2.26353037745046
C            0.02820089610558       -1.59913125594275        1.82338153861275
C           -0.94188927399825       -0.52666895763926        1.40177242257172
C           -1.26306076125819       -0.61785441475559       -0.09276936719047
C           -0.04273207101038       -0.39383870245491       -0.99178873094554
C           -0.64465660153684        0.02400667729987       -2.33133543103905
C           -1.84631084408483        0.82281898249978       -1.93928688028438
N           -2.31181537881520        1.68970695489667       -2.72642465601510
O           -3.41589803626013        2.44716189165078       -2.24438262012701
C           -4.54552312547646        2.35509700052550       -2.96779207100079
O           -4.72236388995696        1.59590865228573       -3.88345494314895
C           -5.54985292651211        3.30247294715734       -2.42033521302579
C           -7.00010052413568        2.90205035616689       -2.51507971081908
C           -6.47670817166613        3.97070188124484       -3.40580034387806
C           -2.27209292652190        0.45687455192994       -0.54002804180882
C           -3.73961111498204        0.01667777931016       -0.42360289693941
C           -4.17992804185199       -0.95413112666744       -1.51797699488100
C           -5.62911155762988       -1.39261909345168       -1.32308112315267
C           -6.10092307758219       -2.30791569703328       -2.44996281409681
C           -7.54532795329952       -2.75216378800372       -2.25561823421582
O            1.30904577344721       -1.17487311431060        1.66346333821517
C            2.35868285463882       -2.07257378221996        1.97620589032569
C            3.64528570480368       -1.41140715404938        1.59369867981162
C            4.77848565779499       -1.36351718002245        2.28397697879006
C            4.99836908834172       -1.99492622689955        3.62478029708769
C            5.96713158707723       -0.62365541581628        1.73051866816624
C            5.96429843324792        0.84520245290257        2.19603279881619
C            7.11752058486069        1.59421174095847        1.60283871368698
C            8.28377703997287        1.86708706455176        2.17517660076352
C            8.66998536832607        1.47797926637855        3.57159582340325
C            9.34950707561395        2.63219709957408        1.44507196052886
H           -1.41088726509312       -3.00965326436904        2.34555177003797
H            0.31126548017397       -3.57249682822490        2.55576005274688
H           -0.49483192984016        0.44563283438897        1.61642929209629
H           -1.86336293612926       -0.62686696759881        1.97644187580530
H           -1.67927700736333       -1.60886562304598       -0.29680438822665
H            0.58063203716943       -1.28211780526380       -1.07352290581075
H            0.56858244949889        0.41403784312054       -0.58591099900335
H            0.03055094974121        0.58746425435372       -2.97120536374163
H           -0.98744105998789       -0.85242466648501       -2.88691783976601
H           -5.20795564873710        3.85927201863938       -1.56002448217861
H           -7.65114459316743        3.16776072257028       -1.69650115992491
H           -7.20241870106143        1.93831880777545       -2.95820997727572
H           -6.74898084471950        4.99698894742336       -3.21323103518823
H           -6.32904427239079        3.73201338935259       -4.44762461728587
H           -2.14034790555326        1.35425604251810        0.07805555632292
H           -3.87698791307101       -0.45091025766089        0.55514631831306
H           -4.38487303738345        0.89740221495132       -0.45701618000402
H           -3.53583607071730       -1.83670549320992       -1.51844665294469
H           -4.08626703504130       -0.47576445901259       -2.49494519088603
H           -6.26996788408153       -0.50794724830605       -1.28841458613245
H           -5.72843676620703       -1.91143626972694       -0.36560224565025
H           -5.45437092060930       -3.18769350079066       -2.49479602478782
H           -6.00654566759984       -1.77765041528654       -3.39980265749481
H           -8.20965067573681       -1.89085243875774       -2.23266203992515
H           -7.65626592402358       -3.29414352609579       -1.31838267518663
H           -7.85768321464627       -3.40432409909364       -3.06800183211335
H            2.23288400998128       -3.00110226820248        1.39566375327262
H            2.32086982773626       -2.32950126676996        3.04161678297502
H            3.59336155468255       -0.92212053390504        0.63013196993994
H            4.06500006114519       -2.23857213189180        4.12516359937294
H            5.57077318871493       -1.32345775173264        4.26402291312532
H            5.57429939486241       -2.91470944753793        3.50931437718560
H            6.89225664177768       -1.09767307774225        2.06315646083020
H            5.94765371082544       -0.64204039349299        0.63984696150158
H            5.02989411077126        1.30652134580125        1.86922938937756
H            5.98803699164809        0.88271197336263        3.28499305454347
H            6.96174981265105        1.91111278143783        0.57897258761135
H            9.63560500877846        0.97336634973176        3.55992432797285
H            7.94379272979970        0.81703932316619        4.03250323634937
H            8.77212595031933        2.36904536818316        4.19187952950776
H            9.62077603256397        3.52652454064894        2.00543822582962
H            9.01513728072468        2.92963885393755        0.45507048984492
H           10.24818336168267        2.02429374182572        1.34073116849984
74
 energy: -94.789651492845 gnorm: 0.001403924459 xtb: 6.7.1 (edcfbbe)
C           -0.36345982480165       -2.79073977585273        2.26128597790550
C            0.02827971951271       -1.60006265080505        1.82312267629221
C           -0.94108794270712       -0.52602824931138        1.40373861689766
C           -1.26474950846965       -0.61737552615888       -0.09019969757834
C           -0.04461576432479       -0.39473119483128       -0.98974664327691
C           -0.64605790483509        0.02384165828706       -2.32911114084602
C           -1.84703054880869        0.82342824646084       -1.93695978240842
N           -2.31106617977395        1.69113707807606       -2.72397212112591
O           -3.41524616719315        2.44899776645838       -2.24408601860001
C           -4.54310736205421        2.35800349309270       -2.96929118794825
O           -4.71691339087760        1.60110280061718       -3.88599442050700
C           -5.54854124191336        3.30423369529347       -2.42334259433789
C           -6.99806359020010        2.89856961841920       -2.51490410474238
C           -6.47960894301336        3.96753204912937       -3.40794057021130
C           -2.27374898682268        0.45729965711718       -0.53769751182549
C           -3.74125795099765        0.01662107898098       -0.42235401072265
C           -4.18072814367460       -0.95442630873563       -1.51686118806035
C           -5.63041184520434       -1.39205088184030       -1.32362791909412
C           -6.10191428680224       -2.30666431454875       -2.45114606483532
C           -7.54641032024389       -2.75086503053682       -2.25735899643909
O            1.30946588113961       -1.17640700594758        1.66277038101896
C            2.35958907224987       -2.07387968116944        1.97476620347922
C            3.64569068868369       -1.41140060047753        1.59261021095462
C            4.77913988234603       -1.36339476559079        2.28249844907362
C            5.00004817897326       -1.99515981639417        3.62303345383831
C            5.96761232457059       -0.62270749522718        1.72939909573242
C            5.96490251169079        0.84553612445738        2.19655851715907
C            7.11818641549443        1.59514718956049        1.60401364726212
C            8.28457558695299        1.86766513972822        2.17629021142553
C            8.67095036147876        1.47760646996321        3.57238716015224
C            9.35025145926938        2.63289697276113        1.44639846060291
H           -1.41133629233558       -3.01056848467412        2.34389112480091
H            0.31060240331077       -3.57521274045350        2.55128505610883
H           -0.49160382821151        0.44536701824178        1.61731974058112
H           -1.86145612582342       -0.62433739848396        1.98043229457164
H           -1.68177310899453       -1.60819180432015       -0.29321358176657
H            0.57760204973362       -1.28369028101574       -1.07129733876666
H            0.56761795270431        0.41240172424427       -0.58405822424419
H            0.02959995699620        0.58729425442743       -2.96854860795704
H           -0.98938134571997       -0.85194288907805       -2.88530356426891
H           -5.20751225443968        3.86383203356309       -1.56403718500895
H           -7.64802720670360        3.16366385493837       -1.69533858014835
H           -7.19751385427332        1.93325776035770       -2.95581026543620
H           -6.75496484273212        4.99316400531421       -3.21622007565284
H           -6.33276771416129        3.72800235233144       -4.44977396073906
H           -2.14284782303850        1.35484536226440        0.08030231447121
H           -3.87919080241828       -0.45087985306828        0.55635227567740
H           -4.38676037022818        0.89714132154454       -0.45631936703340
H           -3.53721713693913       -1.83741323158378       -1.51606939458862
H           -4.08542708055048       -0.47652972923178       -2.49391060773567
H           -6.27081014050734       -0.50707495614204       -1.28921237587280
H           -5.73099837012656       -1.91114947081254       -0.36647638190816
H           -5.45544016966083       -3.18645003536284       -2.49630837277504
H           -6.00721946299337       -1.77594666838341       -3.40064436138281
H           -8.21064764539514       -1.88951427157239       -2.23381022690482
H           -7.65753872738559       -3.29350211876434       -1.32057477085676
H           -7.85879068518152       -3.40235270670391       -3.07020691142817
H            2.23451132976144       -3.00200761133959        1.39341607695212
H            2.32210222930799       -2.33176720598557        3.03999228297203
H            3.59346315569874       -0.92149110516629        0.62939603958573
H            4.06762355127026       -2.23817047260565        4.12435249687509
H            5.57328066219408       -1.32434616692465        4.26137802337572
H            5.57492552292546       -2.91487290354532        3.50703304318665
H            6.89270721302892       -1.09727069270243        2.06155076625572
H            5.94812391546932       -0.63998911434777        0.63867209181508
H            5.03058504192224        1.30743150816973        1.87031179241284
H            5.98878479475532        0.88185331401555        3.28558018877301
H            6.96209007547461        1.91276827254168        0.58045957755685
H            9.63561404300002        0.97127140515176        3.56001885442077
H            7.94379245199713        0.81794026603501        4.03353946537611
H            8.77506922759675        2.36832260990871        4.19275368830373
H            9.62271753136921        3.52635203292686        2.00752586813416
H            9.01536004205478        2.93168024736393        0.45696991941569
H           10.24837965760663        2.02435682792976        1.34066693881450
74
 energy: -94.789674039154 gnorm: 0.002433690836 xtb: 6.7.1 (edcfbbe)
C           -0.36268911168746       -2.79637336164541        2.25517601027679
C            0.02842130591585       -1.60354287179776        1.82285837675925
C           -0.93874648260363       -0.52524448255700        1.40935797403361
C           -1.26854892427832       -0.61614149438018       -0.08317064140503
C           -0.04912580549207       -0.39670327373271       -0.98423964494188
C           -0.64987095775125        0.02548196065075       -2.32245391676108
C           -1.84927383469006        0.82653871338855       -1.92924554634316
N           -2.30942110298458        1.69629959308719       -2.71606960597322
O           -3.41307591899135        2.45691344960336       -2.24296888993494
C           -4.53781380522062        2.36263845470323       -2.97088519253938
O           -4.70660491430088        1.60051043086628       -3.88438811559223
C           -5.54670928049390        3.30782579672954       -2.43229070953203
C           -6.99360958286450        2.88881952867498       -2.51397426718764
C           -6.48801255073349        3.95484024506061       -3.41732536180290
C           -2.27770620591799        0.45877343616045       -0.53008886779165
C           -3.74475834833356        0.01610023048964       -0.41743175843595
C           -4.18145882809900       -0.95549369715441       -1.51267006432333
C           -5.63289516138042       -1.38973888122578       -1.32494020989306
C           -6.10433711491253       -2.30043742349818       -2.45555217178065
C           -7.54966434509881       -2.74286193576143       -2.26370607080120
O            1.31051560774060       -1.18050737399258        1.66237393447884
C            2.36242106414710       -2.07719503997932        1.96979298776900
C            3.64656726030389       -1.41026764299911        1.58810914241061
C            4.78078464116405       -1.36227041342382        2.27677377881588
C            5.00503391025286       -1.99685196560204        3.61553554307413
C            5.96805484181235       -0.61809311466125        1.72534398661183
C            5.96566445609147        0.84766162693827        2.19958855082574
C            7.11887109270932        1.59916360454636        1.60917190918316
C            8.28621295998180        1.86889370036199        2.18088592547590
C            8.67363615485138        1.47504976796108        3.57558546069716
C            9.35220234571937        2.63367200178500        1.45113196294784
H           -1.41050391567208       -3.01751746280586        2.33927459611058
H            0.31234076844678       -3.58229910655601        2.53897223664264
H           -0.48215797386422        0.44363974501897        1.62042229703906
H           -1.85647103785623       -0.61838327046948        1.99094273625865
H           -1.68770891894926       -1.60636537362193       -0.28410377395232
H            0.56924727311275       -1.28804500917181       -1.06694256240786
H            0.56620797508213        0.40758235499510       -0.57853854620745
H            0.02662833495443        0.58982513255384       -2.96041374878890
H           -0.99439581652167       -0.84799877185369       -2.88136568178676
H           -5.20888463999329        3.87931835904767       -1.57795952633693
H           -7.63991573008542        3.15656845192773       -1.69245978063101
H           -7.18776574563259        1.91842063826485       -2.94532715536523
H           -6.77211216506728        4.97930143423997       -3.23265042683831
H           -6.34391081475563        3.70797567817485       -4.45807062447753
H           -2.14871718963786        1.35619619759962        0.08850267767343
H           -3.88374904516464       -0.45184917804893        0.56085034302545
H           -4.39141709054156        0.89569200377282       -0.45229462884692
H           -3.54000164172127       -1.83989308436727       -1.50779261599186
H           -4.08073597701745       -0.47905342240180       -2.48988360540677
H           -6.27108962443249       -0.50319575387284       -1.29031870074021
H           -5.73779009382935       -1.91067122555627       -0.36928220201147
H           -5.45917386612297       -3.18105745737717       -2.50275942293467
H           -6.00802813520168       -1.76727724201404       -3.40345336062082
H           -8.21229628762931       -1.88042039247346       -2.23682508347264
H           -7.66178628170184       -3.28874730710118       -1.32893957495962
H           -7.86341569564653       -3.39069344635246       -3.07884384000951
H            2.23927084998044       -3.00350799080908        1.38520256892627
H            2.32749799940433       -2.33923843052646        3.03426454689558
H            3.59241838824992       -0.91725160940787        0.62669807416694
H            4.07545256611223       -2.23427648463145        4.12183080976629
H            5.58488709459972       -1.33086036492204        4.25018285591484
H            5.57294085874046       -2.91870528759054        3.49669318907130
H            6.89346772699178       -1.09440402979018        2.05485629178987
H            5.94828073781756       -0.63044285001161        0.63438840132381
H            5.03119317388521        1.31141889231895        1.87634227129743
H            5.99054079467562        0.87869989231262        3.28887613046559
H            6.96182034297285        1.91953433514497        0.58671550791395
H            9.63485285161252        0.96237481507174        3.56025728098226
H            7.94322310223735        0.81979457346340        4.03794841456451
H            8.78510779205319        2.36437301518869        4.19654054182163
H            9.62803396823149        3.52520392135660        2.01374087875897
H            9.01603025608268        2.93578326298137        0.46292434258737
H           10.24852146694753        2.02299227968028        1.34185821566657
74
 energy: -94.789688032744 gnorm: 0.002586721739 xtb: 6.7.1 (edcfbbe)
C           -0.36085186433411       -2.79945607113412        2.25225505810384
C            0.02913436008945       -1.60510108025788        1.82315433773662
C           -0.93813575420845       -0.52606384379834        1.41190808253323
C           -1.26930281302232       -0.61613601136477       -0.08038204232826
C           -0.05009489777305       -0.39689045357386       -0.98180547312181
C           -0.65090997266366        0.02735842649554       -2.31929715691791
C           -1.84992735189830        0.82853085813337       -1.92499421695657
N           -2.30861021235976        1.69930469167672       -2.71148479036778
O           -3.41310150869187        2.45994991154236       -2.24077574587837
C           -4.53734436215577        2.36128259620365       -2.96878416676638
O           -4.70380949061084        1.59569566086636       -3.87913775516281
C           -5.54835846296103        3.30702849748966       -2.43519867623333
C           -6.99427535243928        2.88448877679956       -2.51374034893380
C           -6.49131831645983        3.94665275699681       -3.42366802741046
C           -2.27865196032468        0.45910482868296       -0.52631070713760
C           -3.74552966705772        0.01582385891791       -0.41460186464890
C           -4.18121512306995       -0.95581674809606       -1.51027737987504
C           -5.63359262117957       -1.38805757219098       -1.32509795186973
C           -6.10547122816994       -2.29565432911078       -2.45803517773690
C           -7.55152676315960       -2.73655378169991       -2.26787592401763
O            1.31109057016773       -1.18095433230532        1.66362275833153
C            2.36384372435310       -2.07758809997407        1.96746337928598
C            3.64697167978444       -1.40848855739832        1.58593306984259
C            4.78172642786549       -1.36138800457320        2.27376578719550
C            5.00703517025284       -1.99838900891129        3.61123284375375
C            5.96823880464876       -0.61582916722894        1.72290163031124
C            5.96613955656294        0.84869249558965        2.20114423526773
C            7.11911546131319        1.60128994343673        1.61196064535830
C            8.28690348424265        1.86925866529850        2.18361098622979
C            8.67513809467050        1.47277044974004        3.57730403403106
C            9.35308016543926        2.63444155846458        1.45436367177738
H           -1.40826435202560       -3.02241979709526        2.33628848178775
H            0.31557093523898       -3.58503881730727        2.53362385431718
H           -0.48032355402823        0.44238622137672        1.62283665382941
H           -1.85512793223396       -0.61884946608929        1.99458878985807
H           -1.68885633477135       -1.60619166461662       -0.28125649020297
H            0.56704699798682       -1.28900574327410       -1.06590191547083
H            0.56632873727580        0.40617155563386       -0.57553995929332
H            0.02560746624231        0.59233346963709       -2.95674597705394
H           -0.99593065532377       -0.84517483050296       -2.87939711011030
H           -5.21211257718101        3.88469381201372       -1.58423477503150
H           -7.64049835683590        3.15593343870312       -1.69306802070811
H           -7.18704548094736        1.91123815449150       -2.93921019979915
H           -6.77819350498008        4.97166654198871       -3.24518767949076
H           -6.34745327830699        3.69374947532585       -4.46308120656664
H           -2.15011140709678        1.35584197674697        0.09341139968260
H           -3.88507014501780       -0.45231840821727        0.56348753562702
H           -4.39247900837112        0.89519010645704       -0.44984555948478
H           -3.54087360956850       -1.84097630052968       -1.50372742454608
H           -4.07812105623687       -0.47988613944675       -2.48746981162232
H           -6.27026003166682       -0.50040343258361       -1.28958920359128
H           -5.74061260408970       -1.91058243049668       -0.37051486351340
H           -5.46147284404870       -3.17706567253243       -2.50692386614980
H           -6.00793361958068       -1.76044146483784       -3.40469264499477
H           -8.21284483058609       -1.87317131951707       -2.23864683310070
H           -7.66465146139962       -3.28494767487800       -1.33463305218218
H           -7.86611977919083       -3.38162800059496       -3.08493185457310
H            2.24100816735308       -3.00251517779197        1.38063098426800
H            2.33066075545267       -2.34252493751941        3.03132946855667
H            3.59155363181040       -0.91384043229407        0.62547699946866
H            4.07659928826159       -2.22695333211831        4.12216630776785
H            5.59757989084752       -1.33749010494067        4.24344871495042
H            5.56596389922406       -2.92683315211699        3.48837652297473
H            6.89413001398199       -1.09291023392961        2.05016426935118
H            5.94739732315515       -0.62520075207991        0.63188018406800
H            5.03143679811335        1.31336605672340        1.87978893429669
H            5.99162496368204        0.87673491622457        3.29054472884614
H            6.96180095331493        1.92372794493845        0.59017606843811
H            9.63437994970352        0.95638893364480        3.55989150617236
H            7.94302961080889        0.81988358497651        4.04045401354798
H            8.79107638022380        2.36112268675569        4.19887031671849
H            9.62985028579162        3.52502916563999        2.01813730444350
H            9.01652317504540        2.93841549869520        0.46670993901016
H           10.24879742312532        2.02318883059750        1.34350721030618
74
 energy: -94.789711293619 gnorm: 0.002177223838 xtb: 6.7.1 (edcfbbe)
C           -0.35737940590971       -2.80349121821397        2.24835898329720
C            0.03063440227652       -1.60672040805071        1.82417851841806
C           -0.93719851983320       -0.52741289462292        1.41534446549369
C           -1.26981506122384       -0.61676625422945       -0.07676338913796
C           -0.05100682099772       -0.39860276754110       -0.97914797282610
C           -0.65212734794885        0.03026232427028       -2.31509100691504
C           -1.85006142013889        0.83220152477234       -1.91836173229543
N           -2.30667192957472        1.70442385911983       -2.70440831037912
O           -3.41254335418392        2.46531671217779       -2.23651517487902
C           -4.53696767653290        2.35778738324404       -2.96472194571503
O           -4.70095987328759        1.58428001604374       -3.86918860805242
C           -5.55156553322065        3.30527224955059       -2.43915049701244
C           -6.99552446130730        2.87716251185661       -2.51110238424751
C           -6.49732007761809        3.93175362623353       -3.43358107687291
C           -2.27886004912479        0.45970637317812       -0.52083457140034
C           -3.74565607614943        0.01623735580763       -0.41045174689125
C           -4.18001601455689       -0.95555132554161       -1.50664817940041
C           -5.63387984332237       -1.38440014425727       -1.32529453987206
C           -6.10643674766692       -2.28724253305503       -2.46173128698970
C           -7.55376197593819       -2.72538163984479       -2.27446606330020
O            1.31204924201467       -1.18025894860222        1.66702564976844
C            2.36573898731872       -2.07765721721876        1.96356853897464
C            3.64732359069644       -1.40570059981498        1.58180573381621
C            4.78273208918193       -1.35938503455828        2.26855132299377
C            5.00955822267636       -2.00159530280448        3.60321680539728
C            5.96714293771345       -0.61065775716029        1.71858513091308
C            5.96588234958126        0.85145922268900        2.20475954309594
C            7.11844201221250        1.60541349421554        1.61733243568729
C            8.28734840694859        1.86940158780278        2.18850096797720
C            8.67716922113300        1.46869195465492        3.58045808147206
C            9.35431678613813        2.63408069245058        1.45952380175923
H           -1.40386669296545       -3.03009292686807        2.33154811560173
H            0.32193893105672       -3.58753194232780        2.52692406298608
H           -0.47860818477202        0.44084876676896        1.62592803306859
H           -1.85342186114585       -0.62022752487907        1.99900843644323
H           -1.69030648221022       -1.60650722395795       -0.27727114210863
H            0.56308923060856       -1.29269921560444       -1.06658197051989
H            0.56853426709625        0.40143692082470       -0.57175232597710
H            0.02460046717361        0.59582196035919       -2.95180235356315
H           -0.99882607690800       -0.84037092927276       -2.87716772382932
H           -5.21702537068942        3.89342237341951       -1.59503638694309
H           -7.64172155051485        3.15531626926117       -1.69214123081165
H           -7.18683503149503        1.89900706485552       -2.92591743977092
H           -6.78848333427602        4.95790446997974       -3.26676492950843
H           -6.35434915101968        3.66725828087129       -4.47028402208145
H           -2.15036757619465        1.35477424003810        0.10136692798360
H           -3.88641394276212       -0.45181622002468        0.56748407335781
H           -4.39255975637594        0.89560837346576       -0.44671031246878
H           -3.54149371865946       -1.84194157195970       -1.49753645556340
H           -4.07332235562233       -0.48045337406539       -2.48381058572654
H           -6.26793833185694       -0.49484425208385       -1.28858822828792
H           -5.74432423336316       -1.90914815183090       -0.37227903493720
H           -5.46444250411042       -3.17001509761119       -2.51296685875269
H           -6.00668687174911       -1.74900932207534       -3.40651760368446
H           -8.21278248500063       -1.86038796966884       -2.24144140062579
H           -7.66871953138609       -3.27787615335112       -1.34377013617988
H           -7.86966497229812       -3.36586259564221       -3.09470788267450
H            2.24217367570686       -2.99979903268509        1.37257166041231
H            2.33600172924283       -2.34798991803716        3.02623018477573
H            3.58915905687299       -0.90781499339075        0.62322691402678
H            4.07901056557571       -2.21869770962662        4.12033009377527
H            5.61399226266918       -1.34970985059645        4.23273426193720
H            5.55563139800178       -2.93798433389150        3.47447764759759
H            6.89442833411818       -1.08880976442329        2.04041651889920
H            5.94319968262935       -0.61390243631091        0.62754082774810
H            5.03060605562393        1.31789794804574        1.88751546534269
H            5.99305783414271        0.87357684023141        3.29428712915910
H            6.96086440165481        1.93129236653522        0.59662161870552
H            9.63295241092681        0.94592005305213        3.55947856857368
H            7.94230245143353        0.82009269699739        4.04548357357486
H            8.80095634472406        2.35556259627482        4.20270430282856
H            9.63305326711585        3.52338293906387        2.02444428865395
H            9.01736371215785        2.94038444812744        0.47257820203764
H           10.24865787749057        2.02135705943742        1.34674047884487
74
 energy: -94.789733397814 gnorm: 0.002137191730 xtb: 6.7.1 (edcfbbe)
C           -0.35352760105835       -2.80696497619305        2.24442022741733
C            0.03243472747430       -1.60754310152200        1.82572883720352
C           -0.93662867444602       -0.52871106976531        1.41889693875149
C           -1.27074280092164       -0.61804592145219       -0.07304284422778
C           -0.05230204054719       -0.40251924729968       -0.97686814904496
C           -0.65351118984201        0.03219122213134       -2.31094859898687
C           -1.84979390827337        0.83577626086423       -1.91158189716968
N           -2.30424800541827        1.70960928467193       -2.69707740205976
O           -3.41178987964720        2.47063107286118       -2.23144193634695
C           -4.53496912638496        2.35665507320444       -2.96160937874018
O           -4.69610187355289        1.57616845204580       -3.86104763295792
C           -5.55419662909510        3.30394018311358       -2.44325544129190
C           -6.99539282322135        2.86663660338541       -2.50595740573308
C           -6.50593156369536        3.91306616241309       -3.44283250784126
C           -2.27853437005770        0.46045316330149       -0.51538384659212
C           -3.74566236695203        0.01803281885454       -0.40645237808999
C           -4.17881271746875       -0.95406374758123       -1.50289481861652
C           -5.63425526440925       -1.37911337141680       -1.32558540946211
C           -6.10695817729202       -2.27742134397953       -2.46548289724180
C           -7.55559681770773       -2.71277500603434       -2.28184250823169
O            1.31297673359001       -1.17799560232025        1.67200597840431
C            2.36746038442091       -2.07714121105632        1.95908379694256
C            3.64739086567199       -1.40246732135582        1.57686948716639
C            4.78356455401112       -1.35690381471206        2.26232295988244
C            5.01205479219885       -2.00548129755439        3.59358265295867
C            5.96527140643210       -0.60415698677125        1.71324487344698
C            5.96548143401140        0.85486486195695        2.20942606818512
C            7.11761890354820        1.61037325985558        1.62394973563021
C            8.28793763714896        1.86956553332992        2.19435195669395
C            8.67953423045176        1.46393493165244        3.58430214661545
C            9.35592586014391        2.63322836720125        1.46553997306859
H           -1.39906737693185       -3.03735114858169        2.32566145667302
H            0.32867020264162       -3.58927350904765        2.52085727381980
H           -0.47837106944100        0.43980084637512        1.62901549434767
H           -1.85223528868103       -0.62221931013526        2.00340998209727
H           -1.69297339397684       -1.60726112156289       -0.27257616690027
H            0.55753481578235       -1.29938941839057       -1.06812751145499
H            0.57190532859076        0.39341622516834       -0.56824457827009
H            0.02405085932746        0.59752643744536       -2.94686428648731
H           -1.00323656109864       -0.83603477196418       -2.87497435376562
H           -5.22058131028993        3.90311234458243       -1.60738675364540
H           -7.64135581794775        3.15047657220338       -1.68878740293002
H           -7.18364020501342        1.88287251159325       -2.90879112022895
H           -6.80305448434650        4.93941520241708       -3.28860535163986
H           -6.36470178432576        3.63592721836200       -4.47629781911868
H           -2.14954130364809        1.35359141675008        0.10947859145463
H           -3.88832523421719       -0.44909387916539        0.57166386684605
H           -4.39173220942549        0.89797090926759       -0.44458940766714
H           -3.54235318952868       -1.84188522491719       -1.49101555027079
H           -4.06817131757667       -0.48000904889329       -2.48010483378697
H           -6.26558887498184       -0.48762295650137       -1.28810642182005
H           -5.74845533893515       -1.90577059910403       -0.37405970589893
H           -5.46690984494326       -3.16146882393206       -2.51848555302676
H           -6.00447199674391       -1.73641035181060       -3.40842644770572
H           -8.21237219999912       -1.84626769257371       -2.24527938599995
H           -7.67292856830990       -3.26945811544826       -1.35392550659199
H           -7.87223764397440       -3.34847018843869       -3.10550109279047
H            2.24178725507499       -2.99555666570197        1.36272494393685
H            2.34195449303057       -2.35432366824591        3.02009761852508
H            3.58604379457203       -0.90079701372092        0.62047158393167
H            4.08210353656150       -2.21238115825470        4.11646414521224
H            5.62912490467986       -1.36341633042145        4.22097790660804
H            5.54540875343504       -2.94859610040180        3.45842109486909
H            6.89434190121547       -1.08367208781236        2.02770525237213
H            5.93665371114684       -0.59957787447008        0.62231933284158
H            5.02963545414893        1.32377985460572        1.89747143364310
H            5.99507948689544        0.86960201859053        3.29899030405395
H            6.95963194292080        1.94031482683692        0.60454185358893
H            9.63105141820396        0.93343341789101        3.55921199547837
H            7.94129224144416        0.82076273455649        4.05167610264443
H            8.81284779111639        2.34915027011935        4.20703568089568
H            9.63760661039182        3.52074053932141        2.03177091311829
H            9.01846192034143        2.94220637752920        0.47962422337718
H           10.24842289370512        2.01838410402663        1.35048247512890
74
 energy: -94.789751775052 gnorm: 0.001991791794 xtb: 6.7.1 (edcfbbe)
C           -0.35066697295261       -2.80938229997552        2.24135466595703
C            0.03374569825269       -1.60789055636859        1.82712554685773
C           -0.93692339189793       -0.53000203973632        1.42170840691183
C           -1.27200554364589       -0.61925745172678       -0.07014192807333
C           -0.05359880860592       -0.40670633791535       -0.97501614948660
C           -0.65419547812745        0.03299615422766       -2.30770416480897
C           -1.84895184369905        0.83833843942074       -1.90669022448151
N           -2.30222990624992        1.71312845409177       -2.69177969054699
O           -3.41130074773896        2.47381671394217       -2.22742214440857
C           -4.53337878585332        2.35529823254149       -2.95934730822381
O           -4.69184708398375        1.57106355296464       -3.85600255417323
C           -5.55574691053527        3.30258701132351       -2.44649754275734
C           -6.99473287973043        2.85615419853952       -2.49983685552460
C           -6.51438730272377        3.89527367359955       -3.44939447465319
C           -2.27798103456196        0.46134814368035       -0.51147536669777
C           -3.74573668469707        0.02071940558335       -0.40362203982013
C           -4.17829108915548       -0.95161336623602       -1.49997987138677
C           -5.63493075764203       -1.37359425730507       -1.32582700536190
C           -6.10731300803618       -2.26850818487660       -2.46846986780183
C           -7.55702437960492       -2.70167115934560       -2.28845568885071
O            1.31340914896582       -1.17535813311735        1.67669348884476
C            2.36867958178890       -2.07640060825409        1.95498468301502
C            3.64718804265735       -1.39956013425721        1.57242919093465
C            4.78412496279452       -1.35462927776444        2.25663593552547
C            5.01439150851075       -2.00902392684870        3.58478817349456
C            5.96358077647482       -0.59823820763162        1.70834278480865
C            5.96552162271159        0.85773376381288        2.21376532202872
C            7.11744702235678        1.61481453864601        1.63010979949600
C            8.28906267029553        1.86988501248983        2.19966623735758
C            8.68205558030879        1.45958046121126        3.58781461366589
C            9.35774918626566        2.63286358345763        1.47116857308693
H           -1.39572022112524       -3.04217234929326        2.32007971362911
H            0.33301844743041       -3.59079691930371        2.51676948117478
H           -0.47999574086883        0.43900966148194        1.63195033764367
H           -1.85222008615468       -0.62495051761331        2.00665290504979
H           -1.69622372314953       -1.60779136808335       -0.26886238182009
H            0.55239593396478       -1.30599937393362       -1.06898545058242
H            0.57480470113732        0.38558027519021       -0.56531842410743
H            0.02466915458943        0.59762441963629       -2.94273232776806
H           -1.00696017612014       -0.83304774887062       -2.87331066336691
H           -5.22189168346053        3.91110440215235       -1.61803339354560
H           -7.64033282441799        3.14435574770019       -1.68408408805564
H           -7.17866728907935        1.86707113428139       -2.89182792101154
H           -6.81667389122215        4.92141185535515       -3.30560619306740
H           -6.37440372489911        3.60750107695290       -4.47998864594554
H           -2.14817336485259        1.35312670129310        0.11508941918638
H           -3.89026998222189       -0.44509877537417        0.57487960646351
H           -4.39055730311572        0.90152700886647       -0.44360999987152
H           -3.54361701879427       -1.84069844230730       -1.48603989680625
H           -4.06450658710550       -0.47848298294869       -2.47728414939222
H           -6.26421936501656       -0.48070971247088       -1.28784770328298
H           -5.75205844857127       -1.90167033765707       -0.37546958582217
H           -5.46872037688263       -3.15350528142128       -2.52237173274937
H           -6.00215152531525       -1.72544485752193       -3.40993192192205
H           -8.21211326365999       -1.83401904783697       -2.24950153177439
H           -7.67677948665366       -3.26163575244103       -1.36288247005214
H           -7.87367830208183       -3.33351197945279       -3.11500077083469
H            2.24039150832531       -2.99119398475764        1.35358409569216
H            2.34689596484442       -2.35995037333197        3.01434293599119
H            3.58334281039464       -0.89444107707294        0.61799470891037
H            4.08575478466390       -2.20914877086405        4.11201189147384
H            5.64007952247039       -1.37501100461338        4.21077289880918
H            5.53793375178540       -2.95616773688063        3.44426603231722
H            6.89402569854787       -1.07929973672229        2.01600208926052
H            5.93047451816544       -0.58647814973230        0.61766508236232
H            5.02941274853959        1.32921097511164        1.90656464890516
H            5.99737910808315        0.86570633703099        3.30326416271028
H            6.95871556382170        1.94861142381924        0.61204246499822
H            9.62951309513528        0.92196269875711        3.55910756376702
H            7.94057437910160        0.82155909536371        4.05707424525505
H            8.82409925409103        2.34318055677056        4.21093167923421
H            9.64230830511090        3.51851038977579        2.03876144221473
H            9.01977633862631        2.94430877913816        0.48635396198212
H           10.24865560400123        2.01609834362889        1.35394819501650
74
 energy: -94.789775408006 gnorm: 0.001691634213 xtb: 6.7.1 (edcfbbe)
C           -0.34667675231377       -2.81375119908035        2.23635952369087
C            0.03499241062074       -1.60902740499685        1.82894576640374
C           -0.93929833685410       -0.53329460481074        1.42625437067940
C           -1.27485968294652       -0.62083187004001       -0.06566107553951
C           -0.05584916169628       -0.41212347119434       -0.97091575956432
C           -0.65437458928794        0.03382445894821       -2.30223710889691
C           -1.84756205115952        0.84121505116976       -1.90038657126914
N           -2.30022360849753        1.71655440121408       -2.68512369799670
O           -3.41146341700738        2.47638183768401       -2.22272669155711
C           -4.53170730215446        2.35186487170843       -2.95583704815908
O           -4.68687831374380        1.56182416150979       -3.84817990828406
C           -5.55764462907311        3.29913274509905       -2.45147470530083
C           -6.99347575493552        2.83788186747553       -2.48924516974069
C           -6.52820310742157        3.86421673787633       -3.45889151060063
C           -2.27749108070087        0.46312859457720       -0.50597988084850
C           -3.74649636407651        0.02607178617115       -0.39933091974276
C           -4.17883532740613       -0.94634080671799       -1.49537161596759
C           -5.63717165117887       -1.36384856847718       -1.32588545613863
C           -6.10868718547191       -2.25298588689816       -2.47339654860017
C           -7.56018672501609       -2.68262961756775       -2.30028445502786
O            1.31312371271957       -1.17090757725754        1.68385998167084
C            2.37048105263468       -2.07450454428841        1.94805015590622
C            3.64662153873097       -1.39392802232094        1.56526817106361
C            4.78519884406311       -1.35102176676223        2.24696842949439
C            5.01886718348633       -2.01473101491522        3.57012995468775
C            5.96207953735746       -0.58963306336814        1.70009532388422
C            5.96744871373887        0.86112242867893        2.22019896147923
C            7.11923785309824        1.62154922902226        1.64015045904879
C            8.29259934443935        1.87092239873600        2.20860114448971
C            8.68769494760868        1.45157533747185        3.59352115960921
C            9.36155213822769        2.63499143895353        1.48188339659459
H           -1.39151064172409       -3.04925635808357        2.31033117850827
H            0.33784310955552       -3.59485255026929        2.51081315792033
H           -0.48606266389074        0.43677615344083        1.63866197667663
H           -1.85439079258424       -0.63263638523680        2.01120003517905
H           -1.70218539380456       -1.60798568609066       -0.26454184411896
H            0.54553649202945       -1.31418003752679       -1.06742031576674
H            0.57725794325451        0.37567912299877       -0.55933569774079
H            0.02697128536074        0.59739017454849       -2.93541873788605
H           -1.01082651469535       -0.82925003749152       -2.87026062172914
H           -5.22279562835624        3.92251885151269       -1.63474586113165
H           -7.63808800318008        3.13337862151920       -1.67590221489194
H           -7.16877804909455        1.84004204800392       -2.86328320313991
H           -6.83840681699685        4.88960012968768       -3.33129514347067
H           -6.38948941501258        3.55973563943330       -4.48476724081634
H           -2.14587331845454        1.35364757854867        0.12185553481478
H           -3.89365936246580       -0.43762756196815        0.57984390983592
H           -4.38902398781542        0.90849573331453       -0.44169425517085
H           -3.54699142466235       -1.83744708780094       -1.47880019924795
H           -4.06051127167252       -0.47463246231524       -2.47285336392823
H           -6.26364938409915       -0.46913529457754       -1.28643510498980
H           -5.75843843386738       -1.89478305632344       -0.37768188705216
H           -5.47237711244062       -3.13949774261155       -2.52858127371202
H           -5.99857497202261       -1.70634866097616       -3.41220124201540
H           -8.21271970622212       -1.81318781464476       -2.25818144435959
H           -7.68461879564582       -3.24775403043455       -1.37858765045199
H           -7.87610675659705       -3.30831245439217       -3.13167052471104
H            2.23796011902676       -2.98326774928564        1.33838555051517
H            2.35463405675286       -2.36845389833983        3.00456092533835
H            3.57959681651070       -0.88310403398198        0.61405377361138
H            4.09249293081654       -2.20219931310087        4.10569716785125
H            5.66032439634772       -1.39401576612277        4.19278528302619
H            5.52450943550098       -2.96946355475766        3.42033662928471
H            6.89381823654287       -1.07415786582037        1.99771911835149
H            5.92247899605728       -0.56674206403454        0.60995938350960
H            5.03140711870989        1.33718664115395        1.92017995427872
H            6.00248872348571        0.85824900071349        3.30950863471079
H            6.95867954940373        1.96238601914000        0.62468858786197
H            9.62799712809307        0.90172010701788        3.55846746663652
H            7.94042143713245        0.82222432026987        4.06503434740651
H            8.84462626116246        2.33177325821613        4.21794528129042
H            9.65001548993326        3.51696578019225        2.05306081659195
H            9.02254928582092        2.95159801016698        0.49933508193025
H           10.25065739802651        2.01622634868052        1.36022021092955
74
 energy: -94.789791699744 gnorm: 0.001145381787 xtb: 6.7.1 (edcfbbe)
C           -0.34514902564126       -2.81717723064134        2.23368958487358
C            0.03438336984626       -1.61076277462796        1.82950062652001
C           -0.94231176520894       -0.53642197869446        1.42876053465041
C           -1.27664974353623       -0.62113535715093       -0.06348286726384
C           -0.05648135330254       -0.41287726798168       -0.96715094061013
C           -0.65289027299288        0.03442543338113       -2.29882774762977
C           -1.84631971192742        0.84181313858618       -1.89835103173017
N           -2.29959380603015        1.71619369249479       -2.68374668619115
O           -3.41144458553380        2.47550461883037       -2.22282584606541
C           -4.53264254932789        2.34540288073545       -2.95349098084192
O           -4.68676665543112        1.55244103791609       -3.84336751154589
C           -5.55901753173819        3.29410692472699       -2.45399958601953
C           -6.99353873367986        2.82705682468924       -2.48237049410862
C           -6.53503126482785        3.84486872772031       -3.46355956870922
C           -2.27743819584856        0.46443771903638       -0.50366065995321
C           -3.74709818337638        0.02954227118970       -0.39695809857793
C           -4.18017727081873       -0.94236954719954       -1.49302589248750
C           -5.63931531034789       -1.35776196804764       -1.32571659554546
C           -6.11051913834806       -2.24295699893753       -2.47647990609486
C           -7.56326528328533       -2.67004041740029       -2.30795511616804
O            1.31171175107471       -1.16921021712467        1.68674936514587
C            2.37114861126835       -2.07284984961940        1.94381716455195
C            3.64577296656943       -1.38951700820283        1.56106593176990
C            4.78563431559905       -1.34870169404514        2.24087335155784
C            5.02178385309359       -2.01775548628557        3.56102369917264
C            5.96196602578764       -0.58531492712038        1.69513616478666
C            5.97004561139876        0.86222081395123        2.22341291725334
C            7.12193657504403        1.62485217494456        1.64601506952892
C            8.29600562606194        1.87156278904141        2.21418615798536
C            8.69243636886281        1.44580036636475        3.59679629613145
C            9.36439952084838        2.63833684260069        1.48962139813829
H           -1.39009294577992       -3.05387861788964        2.30535503473209
H            0.33927559365868       -3.59858627974166        2.50746140119276
H           -0.49152802849368        0.43415950549991        1.64408332039785
H           -1.85749209232161       -0.63947917730367        2.01284648908824
H           -1.70521923149726       -1.60734791346279       -0.26428039931275
H            0.54408628221305       -1.31539299712107       -1.06348097696344
H            0.57659339290875        0.37410368196208       -0.55430866284368
H            0.02977058136681        0.59827311292673       -2.93046648272961
H           -1.00888328450328       -0.82777094366860       -2.86852445278871
H           -5.22381228848842        3.92653604061342       -1.64394772341156
H           -7.63665803300065        3.12871134703340       -1.66995194679122
H           -7.16481299183427        1.82462156544737       -2.84539837419508
H           -6.84920462962420        4.87022354253713       -3.34544819667260
H           -6.39696617215446        3.53047252870652       -4.48661414215414
H           -2.14421139333405        1.35509510993495        0.12366903231961
H           -3.89497540329056       -0.43383068026026        0.58223648623684
H           -4.38846232128292        0.91278498030648       -0.43928771327296
H           -3.54984455113803       -1.83450664260113       -1.47570904030779
H           -4.06002214965712       -0.47121818968877       -2.47051998494415
H           -6.26447892222582       -0.46218729779073       -1.28454430779020
H           -5.76247449859975       -1.89103685221957       -0.37907085898465
H           -5.47585083772530       -3.13066053529544       -2.53259464053157
H           -5.99704455558406       -1.69398135632854       -3.41351075966430
H           -8.21410704163317       -1.79932761081965       -2.26453520322769
H           -7.69097694011301       -3.23789624957458       -1.38841781408918
H           -7.87863137801598       -3.29230723525182       -3.14211644754180
H            2.23733197059807       -2.97850477926957        1.33005998903333
H            2.35866284044909       -2.37200654292026        2.99878567485440
H            3.57727601133890       -0.87502392408383        0.61195456831119
H            4.09726111454388       -2.19671256218002        4.10253500348916
H            5.67354402386585       -1.40507170381090        4.18052335302210
H            5.51586392454100       -2.97728960405335        3.40578595861955
H            6.89367589605947       -1.07274630258357        1.98806832616157
H            5.91997952055172       -0.55645376397548        0.60529636117575
H            5.03430621167969        1.34128412862790        1.92733651131282
H            6.00651538685287        0.85302453780270        3.31261750331387
H            6.96008363481624        1.97029442788850        0.63236088905864
H            9.62815280216412        0.88864512747721        3.55734750313805
H            7.94175298050125        0.82137991297298        4.06919029248105
H            8.85837692394270        2.32312396955612        4.22271605542033
H            9.65364198558412        3.51806578458766        2.06388173359558
H            9.02470797581762        2.95886456595053        0.50852840381460
H           10.25331642259505        2.01984035890510        1.36475436012097
74
 energy: -94.789799325342 gnorm: 0.000419569966 xtb: 6.7.1 (edcfbbe)
C           -0.34597183374205       -2.81755969892390        2.23371401034688
C            0.03343035036564       -1.61121259922958        1.82923606416495
C           -0.94306896899140       -0.53660745510262        1.42881936673904
C           -1.27658401013098       -0.62080166777120       -0.06355082651702
C           -0.05588808732925       -0.41166031483345       -0.96603962909426
C           -0.65162715096470        0.03422617645003       -2.29861154251300
C           -1.84605037302510        0.84065602040386       -1.89954226018174
N           -2.29922583310804        1.71438695287700       -2.68577898291501
O           -3.41076465260039        2.47391609325585       -2.22564512908102
C           -4.53209986863732        2.34462307057816       -2.95551651463009
O           -4.68636285723706        1.55265722662185       -3.84647545462131
C           -5.55874360925939        3.29192925019054       -2.45376255315898
C           -6.99308064043569        2.82554434500605       -2.48103773267907
C           -6.53526816003566        3.84398810261875       -3.46193820016149
C           -2.27751504141503        0.46443451921843       -0.50437185127729
C           -3.74713741644545        0.02968548952058       -0.39735030927290
C           -4.18080767904225       -0.94187629197378       -1.49363557020620
C           -5.63995392906466       -1.35735012923213       -1.32593566412705
C           -6.11140271832090       -2.24240344069847       -2.47664160084828
C           -7.56428174942107       -2.66897143948360       -2.30819762473511
O            1.31082816284663       -1.16989508971030        1.68555459747377
C            2.37066088732231       -2.07248799302030        1.94382662889036
C            3.64503705614777       -1.38835051784378        1.56128780298612
C            4.78522392782290       -1.34821918415082        2.24054196269494
C            5.02176723574609       -2.01749763923851        3.56043614148202
C            5.96183668875695       -0.58521536187595        1.69481454980977
C            5.97066219606900        0.86213923946373        2.22348527355033
C            7.12257639899266        1.62476348936984        1.64634595595673
C            8.29657440030928        1.87150167647454        2.21468441242921
C            8.69338243025552        1.44509270273524        3.59686106032121
C            9.36479700847308        2.63896845091636        1.49055570551374
H           -1.39092863741665       -3.05400296349075        2.30639579808829
H            0.33841951688299       -3.59911624725517        2.50689619704963
H           -0.49186622547466        0.43373836334937        1.64452062966089
H           -1.85825859101418       -0.63968690700850        2.01258338310777
H           -1.70461213691960       -1.60703331735971       -0.26512133872781
H            0.54573448986601       -1.31363047844873       -1.06124098252194
H            0.57559941539419        0.37631149918765       -0.55303013996076
H            0.03088499278130        0.59892200671823       -2.92969174616654
H           -1.00534412696310       -0.82857246484665       -2.86861828694880
H           -5.22364572255752        3.92398342545157       -1.64345783663196
H           -7.63458822162113        3.12706725255667       -1.66729203345259
H           -7.16572165014301        1.82378616133805       -2.84428730386890
H           -6.84975036875203        4.86920038974079       -3.34277690175151
H           -6.39904955008499        3.53025781413839       -4.48538082429351
H           -2.14398953368150        1.35567255067315        0.12220862334832
H           -3.89459570503776       -0.43431969834411        0.58156114398443
H           -4.38851493618556        0.91291989840058       -0.43886980815438
H           -3.55042130321351       -1.83395486193843       -1.47676137278877
H           -4.06111682357594       -0.47055419906587       -2.47108071571267
H           -6.26518949191601       -0.46181733692013       -1.28455537990172
H           -5.76296394172311       -1.89070443377676       -0.37934387739839
H           -5.47707142459685       -3.13034451596551       -2.53264323519234
H           -5.99763576559799       -1.69364187948930       -3.41373036374514
H           -8.21496637133968       -1.79809746769258       -2.26551297178915
H           -7.69236492937695       -3.23620756947572       -1.38829140461895
H           -7.87956856937471       -3.29179167809431       -3.14203627618987
H            2.23828744384000       -2.97867754700919        1.33060676207345
H            2.35795811500073       -2.37089585199817        2.99904942059166
H            3.57626235618690       -0.87351342687699        0.61245174663615
H            4.09773734574444       -2.19535732198658        4.10293484229751
H            5.67524179817670       -1.40581224620759        4.17887896859444
H            5.51472818884132       -2.97759081936232        3.40463999015203
H            6.89333569477730       -1.07325805583677        1.98777768962008
H            5.92020592831607       -0.55616183489384        0.60489194892429
H            5.03499812092380        1.34165177021997        1.92782217417920
H            6.00722898610919        0.85254837646374        3.31269871678925
H            6.96080680263587        1.97047526859511        0.63281977798586
H            9.62861764614155        0.88748808970990        3.55649784891204
H            7.94267851229616        0.82075612680234        4.06942239785808
H            8.86012350029184        2.32182050625898        4.22312365883668
H            9.65319155853540        3.51878966948761        2.06512027854427
H            9.02509510504174        2.95978092265560        0.50945265960003
H           10.25408634488481        2.02116904895520        1.36558091183919
74
 energy: -94.789812684441 gnorm: 0.001095993044 xtb: 6.7.1 (edcfbbe)
C           -0.34818057363631       -2.81837314238908        2.23438122589437
C            0.03055661453977       -1.61224821581478        1.82873047395980
C           -0.94583318988916       -0.53733561008595        1.42880008040514
C           -1.27612989412272       -0.61992406263138       -0.06431682324240
C           -0.05346756912229       -0.40765071955328       -0.96309354469282
C           -0.64682231875573        0.03373180476306       -2.29838973506797
C           -1.84444650773214        0.83726413108219       -1.90356086207627
N           -2.29803556801139        1.70866263598294       -2.69225522895412
O           -3.40936002457214        2.46792400973475       -2.23359091669182
C           -4.53142936462721        2.34053961566738       -2.96125918759220
O           -4.68655866733348        1.55256195771225       -3.85584840225934
C           -5.55771351913793        3.28506216044820       -2.45345343979843
C           -6.99197075800957        2.81964075478628       -2.47631678960176
C           -6.53750289048305        3.84099898201409       -3.45606450048898
C           -2.27727328991480        0.46421169584862       -0.50745876664769
C           -3.74690756399441        0.03008593115229       -0.39908700178486
C           -4.18269713961324       -0.94015645297957       -1.49593994024894
C           -5.64181613989736       -1.35553398642132       -1.32678911568121
C           -6.11442532620890       -2.24030825967465       -2.47722229195325
C           -7.56789912193196       -2.66490787543825       -2.30898685554122
O            1.30795585837266       -1.17127415043508        1.68206564065134
C            2.36907409481660       -2.07062251677326        1.94441379712503
C            3.64282170752327       -1.38475512362253        1.56180356477838
C            4.78413542247578       -1.34686970638188        2.23923912188616
C            5.02183333719833       -2.01758511361825        3.55818693827750
C            5.96127178319951       -0.58456437075057        1.69353579744021
C            5.97272493281860        0.86201263605347        2.22404571320747
C            7.12484678808128        1.62462401286916        1.64753027700524
C            8.29868500443686        1.87123014606727        2.21629559040255
C            8.69669104796224        1.44217156460915        3.59721088103639
C            9.36604795667538        2.64143265974480        1.49368759465194
H           -1.39310179190477       -3.05456031769671        2.30935730417338
H            0.33651419702290       -3.60017725244924        2.50594739575156
H           -0.49458423137460        0.43266001655408        1.64623132771124
H           -1.86159976985404       -0.64112371876423        2.01120332102971
H           -1.70234918183918       -1.60639725189708       -0.26852767644106
H            0.55204732934748       -1.30737753146425       -1.05462525282247
H            0.57320128808876        0.38371530013887       -0.54955460101040
H            0.03554540065914        0.60082508980331       -2.92764813239308
H           -0.99419681999110       -0.83119788445092       -2.86884585372200
H           -5.22121824423898        3.91529944159067       -1.64225904581711
H           -7.62879250741423        3.12023830027166       -1.65837676402038
H           -7.16876819895432        1.81945323764497       -2.84125549830227
H           -6.85126225786378        4.86603574555876       -3.33295896446114
H           -6.40603462552484        3.52999395020922       -4.48090741508273
H           -2.14303322405332        1.35711539856250        0.11673153818042
H           -3.89319647963026       -0.43556030457406        0.57920261553235
H           -4.38815549823619        0.91349993557600       -0.43830406110347
H           -3.55243417789877       -1.83231419674546       -1.48069549391332
H           -4.06435613554642       -0.46816312579348       -2.47317404703672
H           -6.26696401232493       -0.45994593064619       -1.28451909551927
H           -5.76398845762174       -1.88912731810136       -0.38024985350361
H           -5.48135690157441       -3.12918937462693       -2.53284983597980
H           -5.99978069173910       -1.69215126084627       -3.41454478638769
H           -8.21784082820980       -1.79335491910419       -2.26895084481642
H           -7.69741674363472       -3.22988523162753       -1.38784970667359
H           -7.88312972698679       -3.28945120406339       -3.14160622946345
H            2.24067343202610       -2.97894999129894        1.33348778904187
H            2.35555427922248       -2.36635649609302        3.00046775409242
H            3.57279363643338       -0.86832822968781        0.61397554311341
H            4.09890658445952       -2.19117665721033        4.10373505375681
H            5.68060261632050       -1.40918176910696        4.17415528152082
H            5.50985658708876       -2.98006218302670        3.40054238652080
H            6.89211834552084       -1.07460747526064        1.98566548137859
H            5.91966283698172       -0.55441403770621        0.60358653503805
H            5.03732898791785        1.34313547948849        1.92994479703276
H            6.01007357977076        0.85067778327794        3.31326901285359
H            6.96307760433707        1.97180608555221        0.63453661783038
H            9.63055412556910        0.88257906790720        3.55415955373236
H            7.94550128982352        0.81855324575916        4.07016171900579
H            8.86635598991338        2.31737318129340        4.22461176633142
H            9.65187905071583        3.52133938220718        2.06946686655147
H            9.02642717849170        2.96288146770744        0.51264641626388
H           10.25671104560241        2.02582616114393        1.36866864282650
74
 energy: -94.789821228668 gnorm: 0.001256615245 xtb: 6.7.1 (edcfbbe)
C           -0.34934518206551       -2.81865119177050        2.23525331346767
C            0.02857811878077       -1.61273105955598        1.82830227434521
C           -0.94828958265684       -0.53829913877292        1.42820853030861
C           -1.27523208959513       -0.61951247809133       -0.06569260170260
C           -0.05084270509587       -0.40446028671939       -0.96131952592816
C           -0.64239392153158        0.03349588642108       -2.29856605282580
C           -1.84286015539550        0.83447474020492       -1.90715103658900
N           -2.29734710921905        1.70389337444194       -2.69759716076461
O           -3.40911521515662        2.46241680096974       -2.23930980350674
C           -4.53130643708888        2.33740189136476       -2.96690783649081
O           -4.68783280507785        1.55211136668308       -3.86361800923353
C           -5.55702679851221        3.27942558592062       -2.45326022344951
C           -6.99134436293675        2.81395073227319       -2.47184775454226
C           -6.54066309851664        3.83801114582046       -3.45054574271140
C           -2.27642114027089        0.46379462626090       -0.51055504713487
C           -3.74619858572957        0.03038741819352       -0.40125488200981
C           -4.18390511923429       -0.93885668930744       -1.49827894608773
C           -5.64308378156101       -1.35362048613569       -1.32769829758984
C           -6.11715832295168       -2.23806282757806       -2.47780751737828
C           -7.57126624520706       -2.66053113743140       -2.30954546886394
O            1.30571413900197       -1.17139485375939        1.67984428242032
C            2.36779271433267       -2.06835385312021        1.94556562780176
C            3.64096585841245       -1.38148221140913        1.56247294924158
C            4.78332391018324       -1.34554833285983        2.23822010030605
C            5.02177259487443       -2.01852785969868        3.55593558712968
C            5.96069551572350       -0.58379592709493        1.69207516065858
C            5.97453837818807        0.86185103792992        2.22497754395225
C            7.12670472692229        1.62489377924843        1.64907255318314
C            8.30060884521816        1.87107082062957        2.21791927624698
C            8.69966024239758        1.43921796886628        3.59765642030396
C            9.36721458986097        2.64354444444996        1.49656373966396
H           -1.39411397875185       -3.05499776715878        2.31196047705016
H            0.33590652951804       -3.59996583867228        2.50683077193966
H           -0.49852075959297        0.43192735271381        1.64770244132998
H           -1.86502816788166       -0.64380080730462        2.00877497304318
H           -1.69966621819101       -1.60630364453813       -0.27226090911975
H            0.55814197982813       -1.30209587124956       -1.04994383812840
H            0.57178198814137        0.38970151261585       -0.54693083630925
H            0.03986768021421        0.60205140088523       -2.92664891186620
H           -0.98557134627855       -0.83305147382566       -2.86900040862789
H           -5.21828537589466        3.90738576849442       -1.64116002200060
H           -7.62464556200142        3.11265988409019       -1.65043883032207
H           -7.17025772680464        1.81488972492169       -2.83867343322129
H           -6.85387625037314        4.86271022322458       -3.32360083151731
H           -6.41304189912063        3.52958697024332       -4.47668721789664
H           -2.14167250569815        1.35784822683109        0.11192909768337
H           -3.89152851611127       -0.43612035722406        0.57675812576464
H           -4.38713625182457        0.91411436905371       -0.43877989258031
H           -3.55399078858851       -1.83129138217707       -1.48442682130838
H           -4.06648099341474       -0.46640201133814       -2.47537860545363
H           -6.26789174281941       -0.45782694189997       -1.28470564671695
H           -5.76456888446092       -1.88729231651000       -0.38111043023611
H           -5.48538356424518       -3.12787681473022       -2.53306772526314
H           -6.00170852983692       -1.69045470857953       -3.41536138682877
H           -8.22024533932624       -1.78814668478769       -2.27182739184925
H           -7.70207443236333       -3.22342216516027       -1.38730824594296
H           -7.88662593585693       -3.28647694142586       -3.14107537112355
H            2.24180929481684       -2.97865176408910        1.33693020857472
H            2.35364402174118       -2.36140736378993        3.00239911810867
H            3.56967718462593       -0.86375158748076        0.61546179472061
H            4.09953139118799       -2.18788612174417        4.10408357211202
H            5.68531932396297       -1.41377132400807        4.17035856169393
H            5.50450467104929       -2.98333148951878        3.39633756817562
H            6.89124193804791       -1.07551491219523        1.98239270781758
H            5.91782181784279       -0.55191483607278        0.60222082086679
H            5.03940024063921        1.34460313333806        1.93269252555471
H            6.01294137626601        0.84854626331931        3.31414432838648
H            6.96456048282633        1.97381186155166        0.63672959595021
H            9.63213997064148        0.87745805092536        3.55232321089208
H            7.94780887122471        0.81664952146376        4.07090757230611
H            8.87248444265992        2.31309229645824        4.22603380819525
H            9.65094552724366        3.52348977417142        2.07334942437868
H            9.02767455308646        2.96532544233369        0.51562550919582
H           10.25917450778259        2.02979006244258        1.37167394555000
74
 energy: -94.789833805819 gnorm: 0.000958729645 xtb: 6.7.1 (edcfbbe)
C           -0.35037722374732       -2.81831936554583        2.23814740189249
C            0.02576229283958       -1.61281554159094        1.82834152995965
C           -0.95266008711566       -0.54051112610247        1.42642366457942
C           -1.27317367148650       -0.61930987670179       -0.06899448714242
C           -0.04615948609539       -0.39920115326711       -0.95972010511266
C           -0.63492866455779        0.03353232488974       -2.29987464925229
C           -1.83950292456579        0.83084874567687       -1.91326815965816
N           -2.29670271481816        1.69659189976067       -2.70634891196488
O           -3.40994525128350        2.45261091139808       -2.24719043388186
C           -4.53273128803166        2.33056510566104       -2.97457204351295
O           -4.69056053136860        1.55152987581574       -3.87632543750487
C           -5.55655252797196        3.27032146206622       -2.45278775995510
C           -6.99072724139875        2.80368279905019       -2.46453315996247
C           -6.54703181320810        3.83283233700144       -3.44106050927702
C           -2.27418638823506        0.46288781501382       -0.51633991235643
C           -3.74425525181810        0.03062816236473       -0.40537721793808
C           -4.18513796755324       -0.93704716713996       -1.50247061360363
C           -5.64458414793090       -1.34998808315325       -1.32954313803120
C           -6.12170570243456       -2.23382173042423       -2.47893246940952
C           -7.57706879507557       -2.65192971665257       -2.31025848947351
O            1.30216511183993       -1.17019861063511        1.67752761873189
C            2.36574381702815       -2.06366381987655        1.94834235025822
C            3.63804814764547       -1.37611985519886        1.56354400514986
C            4.78233057227364       -1.34360545362056        2.23621836619066
C            5.02192687700461       -2.02094341554461        3.55159394877814
C            5.95946595043918       -0.58194211690685        1.68933874542977
C            5.97749466420362        0.86172292423959        2.22746046031377
C            7.12967356889021        1.62564234243909        1.65249904650978
C            8.30399641587421        1.87053049332376        2.22107581001393
C            8.70485015959264        1.43366151921631        3.59873762783637
C            9.36922870250959        2.64683992327983        1.50177734122812
H           -1.39473445765413       -3.05603287533021        2.31580644833368
H            0.33617694024065       -3.59833489961382        2.51027533937413
H           -0.50696680110508        0.43068710163348        1.64991861631180
H           -1.87147646870906       -0.65010255828421        2.00307003368106
H           -1.69468877796329       -1.60656797950583       -0.27967752694619
H            0.56836440034846       -1.29337453238005       -1.04424519442429
H            0.57019889124170        0.39921374928266       -0.54384688381483
H            0.04711458286752        0.60368170456180       -2.92672368685583
H           -0.97257340679256       -0.83563837836870       -2.86959358794594
H           -5.21348543751877        3.89413412285249       -1.63922759286765
H           -7.61860843685771        3.09780400211679       -1.63730394493957
H           -7.17122327164300        1.80616005027928       -2.83488635007372
H           -6.86009784910652        4.85668035434593       -3.30729736654377
H           -6.42555137416552        3.52913934450705       -4.46940007789808
H           -2.13878093898056        1.35825650701395        0.10412089519080
H           -3.88842570616478       -0.43680500415832        0.57238101662071
H           -4.38440838036835        0.91500985588783       -0.44078694977093
H           -3.55625811264478       -1.83026628823709       -1.49057041978832
H           -4.06892002168864       -0.46417334744168       -2.47950044531689
H           -6.26822300573036       -0.45343460086816       -1.28535275168000
H           -5.76511321990435       -1.88360122243010       -0.38279403762207
H           -5.49257301269806       -3.12552731479672       -2.53371895918261
H           -6.00490252210255       -1.68718697177424       -3.41689903619268
H           -8.22391977832035       -1.77780361260491       -2.27621647484912
H           -7.71008530601631       -3.21122605443726       -1.38616260604475
H           -7.89327690061303       -3.28001002487494       -3.13985106922185
H            2.24249150153607       -2.97720544172470        1.34387403167296
H            2.35089047262889       -2.35196767672634        3.00652082153495
H            3.56418294902305       -0.85558950425281        0.61826077944021
H            4.10074512047441       -2.18238543728528        4.10421261682413
H            5.69421822440908       -1.42346129921641        4.16374688098102
H            5.49433741621123       -2.99016317981997        3.38806327442161
H            6.88985633310157       -1.07652274791799        1.97514172925631
H            5.91320482745694       -0.54618354515872        0.59976213052452
H            5.04269981769081        1.34735905205873        1.93881455465711
H            6.01804247602464        0.84417289882368        3.31649275240167
H            6.96644217178486        1.97807376187968        0.64150967294904
H            9.63458035615912        0.86752314033335        3.54941322589670
H            7.95144874498680        0.81355354414955        4.07265575042323
H            8.88380258377112        2.30526514524714        4.22863883697700
H            9.64960998205977        3.52691790612498        2.08006362875151
H            9.02989890756516        2.96889177758413        0.52091751837088
H           10.26329188572528        2.03602886965949        1.37730884374935
74
 energy: -94.789844308084 gnorm: 0.000564716211 xtb: 6.7.1 (edcfbbe)
C           -0.35028999391596       -2.81751863423927        2.24131567890611
C            0.02378667348943       -1.61252877423212        1.82803614963977
C           -0.95668782527738       -0.54309833840692        1.42361209037973
C           -1.27073274503666       -0.61975982814915       -0.07329161646486
C           -0.04157409799711       -0.39516858799257       -0.95991271056347
C           -0.62868246664029        0.03394367263659       -2.30190393370396
C           -1.83660742048948        0.82809886779024       -1.91888782904666
N           -2.29670980057057        1.69066298722414       -2.71384136117401
O           -3.41127890335144        2.44461946209238       -2.25329250930636
C           -4.53381704599375        2.32676773017523       -2.98243447995978
O           -4.69302324450357        1.55213503032073       -3.88729237681699
C           -5.55706408457477        3.26250008969880       -2.45191753535629
C           -6.99061314558379        2.79236728328693       -2.45729887305297
C           -6.55463495411253        3.82673767146080       -3.43177221490120
C           -2.27162017881872        0.46181794326248       -0.52185887147375
C           -3.74198150497857        0.03078737403918       -0.40974384278210
C           -4.18524235874124       -0.93604003417205       -1.50649046331796
C           -5.64521173636048       -1.34625726367891       -1.33170429073446
C           -6.12577900778007       -2.22926900080767       -2.48032528996043
C           -7.58250645476484       -2.64233804340751       -2.31067126139661
O            1.29924929607972       -1.16765853436623        1.67706447852182
C            2.36409472084958       -2.05845556724543        1.95179249169990
C            3.63547975516245       -1.37069200906272        1.56479333855458
C            4.78170748941712       -1.34143230457759        2.23434613196214
C            5.02277856607518       -2.02409650621344        3.54681433189394
C            5.95809012631000       -0.57940610071504        1.68648241978303
C            5.97996750705549        0.86180866178166        2.23105292007193
C            7.13185862237877        1.62699481046201        1.65700899012534
C            8.30698444182362        1.86990089980507        2.22478886550265
C            8.70987793125656        1.42773520467090        3.60023411510811
C            9.37102651107620        2.64919826774755        1.50700274945188
H           -1.39416667836457       -3.05700861292355        2.31950957152051
H            0.33775475897582       -3.59502909076043        2.51704774968444
H           -0.51620676981895        0.42953670712873        1.65127817402491
H           -1.87780308047226       -0.65762686408499        1.99583559097025
H           -1.68973538519868       -1.60734345214405       -0.28777220956957
H            0.57752279931662       -1.28634239962669       -1.04193090444727
H            0.56976442925772        0.40651471904685       -0.54269686652907
H            0.05311624709341        0.60485552201032       -2.92829220295173
H           -0.96287678648231       -0.83724335087127       -2.87064922081023
H           -5.20997405267296        3.88306616808668       -1.63756475056528
H           -7.61503228002313        3.08092437725033       -1.62554305796765
H           -7.17043741136479        1.79598535318449       -2.83163733650836
H           -6.86833570613855        4.84946416927138       -3.29141457501021
H           -6.43791669085184        3.52808331609021       -4.46214953002016
H           -2.13552600704523        1.35777639506641        0.09758051887730
H           -3.88537726897247       -0.43687531702995        0.56801098697785
H           -4.38130878461463        0.91580164790518       -0.44399686956646
H           -3.55782799493873       -1.83032718114857       -1.49547458888121
H           -4.06927351304898       -0.46341778977499       -2.48366818804667
H           -6.26700955298466       -0.44846202431623       -1.28666500929860
H           -5.76539625381387       -1.87951176472972       -0.38469678941285
H           -5.49964335048975       -3.12309936733831       -2.53475027331235
H           -6.00765136596316       -1.68363670495108       -3.41873623463362
H           -8.22664514879461       -1.76611382235617       -2.27940778814960
H           -7.71747873965636       -3.19843361837975       -1.38495754413831
H           -7.90048708510989       -3.27186283166774       -3.13844664826876
H            2.24204865921534       -2.97475267642995        1.35123224045734
H            2.34907145078598       -2.34238200236113        3.01116924981886
H            3.55907012169567       -0.84768989214370        0.62106653845457
H            4.10287996158540       -2.17749388277806        4.10413951585079
H            5.70419449662771       -1.43470201006890        4.15684269741566
H            5.48409210277507       -2.99786267071573        3.37867428289700
H            6.88876203070969       -1.07665508102088        1.96649118414074
H            5.90742602468503       -0.53874234175371        0.59729410976572
H            5.04531780491483        1.35026054917556        1.94668560793466
H            6.02295465941366        0.83913062316783        3.31989291147888
H            6.96720343233490        1.98302642597250        0.64746470389863
H            9.63649476820087        0.85662011666676        3.54681732075538
H            7.95460925373308        0.81069680009072        4.07511329011467
H            8.89558339227487        2.29709331395471        4.23143760638040
H            9.64872078510483        3.52948072687252        2.08630218641538
H            9.03188421681505        2.97121488837326        0.52613501513904
H           10.26679383982567        2.04072650084199        1.38306909872799
74
 energy: -94.789853081841 gnorm: 0.000670847180 xtb: 6.7.1 (edcfbbe)
C           -0.34949406916582       -2.81621340515933        2.24529292973681
C            0.02280002845694       -1.61178427728872        1.82873352769544
C           -0.95938665765941       -0.54544573736117        1.42057372817769
C           -1.26864082676195       -0.62052583675018       -0.07738763695705
C           -0.03857123664117       -0.39289560313768       -0.96184671507222
C           -0.62503419755442        0.03472832019398       -2.30468815773766
C           -1.83446749300732        0.82729124674513       -1.92307025846883
N           -2.29704810684019        1.68797977838456       -2.71865183477549
O           -3.41273841714199        2.43958695998357       -2.25611459541963
C           -4.53534587711781        2.32386875052874       -2.98604776733586
O           -4.69384283575284        1.55417586458506       -3.89509198874619
C           -5.55852858456046        3.25702840507377       -2.45069579702314
C           -6.99074036987777        2.78242095013068       -2.45246969118402
C           -6.56135434116340        3.82132126473689       -3.42498474172454
C           -2.26925233858191        0.46110129221007       -0.52613515513665
C           -3.73972068594631        0.03079168595771       -0.41338573785281
C           -4.18441289147323       -0.93601519715320       -1.50944982586563
C           -5.64510936802034       -1.34315723764151       -1.33386600114951
C           -6.12879018542079       -2.22529213349537       -2.48180262470310
C           -7.58672485242061       -2.63359032331891       -2.31093946229553
O            1.29747636333966       -1.16481403629870        1.67841066002672
C            2.36318924878241       -2.05411508655477        1.95493645493226
C            3.63378229526204       -1.36647057726071        1.56571687752741
C            4.78165800056761       -1.33980428078550        2.23255631153380
C            5.02442479079955       -2.02713523495125        3.54233497568288
C            5.95686241611332       -0.57662298860875        1.68405415793601
C            5.98153590510779        0.86208603467566        2.23514376833465
C            7.13291386132835        1.62862022627017        1.66190128394916
C            8.30908193947886        1.86916206360203        2.22852123106862
C            8.71389559718325        1.42258068182682        3.60199945309760
C            9.37234440006996        2.65009728427096        1.51142258189850
H           -1.39294448956977       -3.05794611625462        2.32180274311880
H            0.33976938375614       -3.59158887985516        2.52407440395161
H           -0.52337031542529        0.42848071114746        1.65113880849152
H           -1.88235482978883       -0.66378332111705        1.98907761417198
H           -1.68611971021308       -1.60818094974073       -0.29454549632335
H            0.58294526534540       -1.28238291666572       -1.04312995303537
H            0.57010307245877        0.41027656745877       -0.54358572643611
H            0.05655248241813        0.60572950224748       -2.93118265814972
H           -0.95802706888401       -0.83745074042942       -2.87271897588726
H           -5.20967494045624        3.87550678303249       -1.63554417790757
H           -7.61346668891348        3.06557702472696       -1.61770162363487
H           -7.16784672488582        1.78654101364815       -2.82977211249903
H           -6.87767491667526        4.84253748941864       -3.27968689183967
H           -6.44775016072535        3.52674381183697       -4.45685215848421
H           -2.13257400232795        1.35689807983561        0.09338756162140
H           -3.88302704080851       -0.43641096940440        0.56459259227908
H           -4.37845071000642        0.91619311625121       -0.44764734934235
H           -3.55858206249726       -1.83140818197246       -1.49788596182618
H           -4.06763502255759       -0.46431320149596       -2.48698374064947
H           -6.26481919290775       -0.44393422308277       -1.28854686685863
H           -5.76577903332079       -1.87588917768541       -0.38662332918664
H           -5.50542188414398       -3.12105248399194       -2.53603124646593
H           -6.00951193740696       -1.68052832323570       -3.42058370783274
H           -8.22804593338220       -1.75526476226251       -2.28085368913892
H           -7.72297903507014       -3.18763091751032       -1.38421025844615
H           -7.90705917805077       -3.26348881010916       -3.13748980427948
H            2.24101149830189       -2.97218638646452        1.35719133191209
H            2.34890640817242       -2.33488684640365        3.01516937338462
H            3.55505125461631       -0.84094731299549        0.62359224076178
H            4.10611803250482       -2.17381283901191        4.10423485251717
H            5.71403845792965       -1.44506006213860        4.15011198065116
H            5.47605874171026       -3.00457441134069        3.36975215352590
H            6.88812929694882       -1.07579064321792        1.95844766575210
H            5.90217129362647       -0.53089002404855        0.59527858486489
H            5.04677468892584        1.35280219035164        1.95507740755042
H            6.02687879952764        0.83432708216362        3.32374925502856
H            6.96671307629195        1.98797029866567        0.65376749150112
H            9.63746934812371        0.84682532161052        3.54489830681780
H            7.95694523898992        0.80860165446372        4.07811160055537
H            8.90594464655662        2.28996009762361        4.23407132001327
H            9.64850252178748        3.53064399246793        2.09105247828331
H            9.03319439975419        2.97187244182237        0.53051506459338
H           10.26907545889294        2.04295646821979        1.38785580193035
74
 energy: -94.789862267610 gnorm: 0.000831011713 xtb: 6.7.1 (edcfbbe)
C           -0.34836158834219       -2.81475653144150        2.24871458121157
C            0.02238716956481       -1.61103414817209        1.82867173697563
C           -0.96105515142643       -0.54735115924653        1.41697802922422
C           -1.26694107758286       -0.62163978761907       -0.08168706390569
C           -0.03665938812756       -0.39222420549167       -0.96533598293827
C           -0.62340534082883        0.03581686107029       -2.30807206282459
C           -1.83310289410467        0.82780518145811       -1.92616898762391
N           -2.29739357011294        1.68795973211070       -2.72136299529952
O           -3.41370472900555        2.43785023618106       -2.25712770363655
C           -4.53581762423177        2.32403603577281       -2.98841928893280
O           -4.69257092171868        1.55813926062732       -3.90080479299799
C           -5.56104270546344        3.25273032030024       -2.44899673286385
C           -6.99111621819667        2.77141057911111       -2.44872888043375
C           -6.56859344772340        3.81485626072305       -3.41937813674406
C           -2.26746799286459        0.46042753938913       -0.52951120677311
C           -3.73791596386282        0.03067166752418       -0.41637960809287
C           -4.18290870128433       -0.93682511903897       -1.51166093358227
C           -5.64464053719450       -1.34008223240379       -1.33633876310429
C           -6.13130340763773       -2.22125218752610       -2.48368107129763
C           -7.59049875012698       -2.62437711948215       -2.31139310316521
O            1.29645347562705       -1.16183192138998        1.68056718794085
C            2.36289072528815       -2.05011414197823        1.95794221944381
C            3.63266851748608       -1.36258651322166        1.56641293087990
C            4.78219693756443       -1.33836331655952        2.23049998317131
C            5.02748616676155       -2.03054007226398        3.53727836742664
C            5.95566881155080       -0.57296887625651        1.68185407389897
C            5.98256212853435        0.86277534475253        2.24058976232582
C            7.13318819332019        1.63082199569301        1.66806263997866
C            8.31080248526480        1.86819045117867        2.23298738430307
C            8.71784039655418        1.41725466100356        3.60436338534123
C            9.37346575762929        2.64990427760892        1.51590205790662
H           -1.39145354928707       -3.05845398382148        2.32376404558027
H            0.34187193856792       -3.58745222805875        2.53255780543977
H           -0.52842327968608        0.42761675387637        1.64941225415504
H           -1.88542521756755       -0.66847247076645        1.98254861424841
H           -1.68389635602121       -1.60911809566759       -0.30054716855443
H            0.58559413551977       -1.28111599449474       -1.04754842946192
H            0.57130135942584        0.41115229812465       -0.54652750236457
H            0.05802236767037        0.60668096133528       -2.93485273196883
H           -0.95663541871923       -0.83645207635859       -2.87595536067337
H           -5.21263425306056        3.87054207797086       -1.63321826965745
H           -7.61382359807835        3.04889290731066       -1.61210623689775
H           -7.16372820442291        1.77566249898097       -2.82866792783937
H           -6.88932201224204        4.83415702778610       -3.27008558023346
H           -6.45616072761818        3.52414001059042       -4.45239252923278
H           -2.13025839701547        1.35554969637922        0.09085088058074
H           -3.88168099187603       -0.43553493472810        0.56201085795491
H           -4.37621616026782        0.91630524067797       -0.45168579482099
H           -3.55907120768220       -1.83358010081774       -1.49805207767516
H           -4.06411286352111       -0.46685965921156       -2.48983000202867
H           -6.26172690816076       -0.43902903901737       -1.29120725363938
H           -5.76671776582427       -1.87209082566729       -0.38887712984875
H           -5.51092812821885       -3.11908970854107       -2.53784994087084
H           -6.01082993223442       -1.67735559157022       -3.42281345241590
H           -8.22858474108708       -1.74371153259459       -2.28100207951819
H           -7.72775002292835       -3.17741867925633       -1.38423474726045
H           -7.91402678659219       -3.25347777199688       -3.13727166529838
H            2.24009222074189       -2.96937342489420        1.36231358776631
H            2.34998340276264       -2.32862179444098        3.01881036903570
H            3.55154544853865       -0.83419734329016        0.62612444615751
H            4.11136542951535       -2.17049849338223        4.10449424613014
H            5.72593137288569       -1.45611439933281        4.14212396480582
H            5.46911211607391       -3.01159704227096        3.35959047307590
H            6.88781568740465       -1.07378896360227        1.95007887906513
H            5.89690478970254       -0.52137325585930        0.59357387988039
H            5.04738378350258        1.35549836539637        1.96546256243021
H            6.03057862817682        0.82908843666706        3.32890838027301
H            6.96520944831277        1.99363056328837        0.66146055990659
H            9.63792987235245        0.83634632466116        3.54324814782815
H            7.95905238825338        0.80691765305773        4.08226059809753
H            8.91692240451910        2.28261656837853        4.23698620801565
H            9.64913101923372        3.53073184786937        2.09534872369668
H            9.03405847279657        2.97130902427783        0.53494786924675
H           10.27048948084951        2.04323608056666        1.39241635628348
74
 energy: -94.789871177446 gnorm: 0.000630753244 xtb: 6.7.1 (edcfbbe)
C           -0.34745748584486       -2.81312625094443        2.25207084238024
C            0.02229846756606       -1.61016079749779        1.82903412485157
C           -0.96154653522425       -0.54846026337554        1.41350749090383
C           -1.26590896013485       -0.62257574824377       -0.08546378716399
C           -0.03593178393032       -0.39267688534924       -0.96932545286946
C           -0.62320145685396        0.03723396985903       -2.31148023723306
C           -1.83261391959873        0.82907089890021       -1.92854915896788
N           -2.29734674829252        1.69014115162293       -2.72249799409345
O           -3.41403564494532        2.43852700830978       -2.25704085319828
C           -4.53536889705723        2.32554684317485       -2.98954290383413
O           -4.68922427117143        1.56320478447590       -3.90549512599541
C           -5.56413010578029        3.24859668811043       -2.44698577902344
C           -6.99148453334322        2.75928143488330       -2.44602008250089
C           -6.57594840127848        3.80733160296724       -3.41476753381758
C           -2.26633471519681        0.46017543478315       -0.53208192280268
C           -3.73665128622071        0.03073047664823       -0.41904707619405
C           -4.18173362189088       -0.93798990066551       -1.51320345768976
C           -5.64469464201684       -1.33708745373315       -1.33899688188263
C           -6.13404522997673       -2.21707506055302       -2.48597770889398
C           -7.59449304528667       -2.61505410733881       -2.31258320054244
O            1.29605499645767       -1.15959440826388        1.68236895808044
C            2.36318655350950       -2.04684950557598        1.96021767614856
C            3.63189189805140       -1.35841013458860        1.56699810196543
C            4.78308426594641       -1.33658228732325        2.22825546210986
C            5.03162054846219       -2.03432641543881        3.53151355029263
C            5.95476050641238       -0.56867930889034        1.67968707008495
C            5.98357425853396        0.86370771768982        2.24697424736954
C            7.13316476345185        1.63373723935603        1.67540200525705
C            8.31245656078662        1.86741803542092        2.23834142782822
C            8.72219979483427        1.41167665095252        3.60729450113517
C            9.37475290998353        2.64917623535152        1.52076040662409
H           -1.39030797269849       -3.05859410884078        2.32480846264371
H            0.34335699437770       -3.58411568581408        2.53889860236135
H           -0.53042906748806        0.42707079743833        1.64628153589172
H           -1.88676921284416       -0.67034358279715        1.97737565782078
H           -1.68293329319045       -1.60983087363203       -0.30502159723688
H            0.58577057600403       -1.28189052661759       -1.05313843094532
H            0.57264564715752        0.40988314438819       -0.54996479078081
H            0.05821579401302        0.60832950561234       -2.93808935478473
H           -0.95705588008066       -0.83433502594801       -2.88014609131317
H           -5.21824952022041        3.86653671362428       -1.63021792894770
H           -7.61490292082546        3.03123255318447       -1.60807704526265
H           -7.15889433355455        1.76349958221256       -2.82815550043995
H           -6.90254788313129        4.82437605933550       -3.26236480835856
H           -6.46353516030310        3.51997778818248       -4.44869955210256
H           -2.12863084836910        1.35457883962508        0.08926830024287
H           -3.88096187758581       -0.43432864404821        0.55977905584301
H           -4.37478773723997        0.91640328857662       -0.45562958432780
H           -3.56004318454634       -1.83617020763768       -1.49670578653534
H           -4.06004608850520       -0.47009068320564       -2.49203477127181
H           -6.25898464180628       -0.43408849322482       -1.29455431192601
H           -5.76894262653187       -1.86825098823950       -0.39134603323847
H           -5.51662918849485       -3.11694977890962       -2.53990498534312
H           -6.01206568435550       -1.67401949919867       -3.42540840195965
H           -8.22916861886878       -1.73195374673491       -2.28081877541520
H           -7.73270224904754       -3.16810472417649       -1.38555650522355
H           -7.92139667340801       -3.24239401532110       -3.13845838541398
H            2.24022703310183       -2.96718213072472        1.36634164854198
H            2.35184902616043       -2.32347594659158        3.02165329140250
H            3.54833569201589       -0.82698846653110        0.62868412235496
H            4.11827977199607       -2.16725491204818        4.10496825275276
H            5.73984760169983       -1.46807988374849        4.13263382553701
H            5.46267572102390       -3.01912646054028        3.34816231138654
H            6.88788452360143       -1.07106992190439        1.94163308443583
H            5.89216360599081       -0.51051639809274        0.59193112085930
H            5.04783244501092        1.35844275476092        1.97738302110769
H            6.03451509258258        0.82349029897304        3.33493743194294
H            6.96335096513088        2.00010737355314        0.67041348152791
H            9.63828860842699        0.82496255941116        3.54160410823477
H            7.96145796406047        0.80548613552198        4.08743668954734
H            8.92928737656274        2.27477792576839        4.24039130886433
H            9.65063879337658        3.53014684694025        2.09987462571628
H            9.03479066237061        2.97046192200980        0.53992254866341
H           10.27167652848420        2.04248297065105        1.39688830002693
74
 energy: -94.789880013610 gnorm: 0.000519509412 xtb: 6.7.1 (edcfbbe)
C           -0.34713838296259       -2.81206648829578        2.25247796914091
C            0.02228645856316       -1.60972716612855        1.82743383674180
C           -0.96117619203776       -0.54825797525787        1.41065762792304
C           -1.26571550740280       -0.62304129416399       -0.08825365730583
C           -0.03618427187689       -0.39356024653224       -0.97286714600151
C           -0.62364694496190        0.03882068441281       -2.31430345193883
C           -1.83243411369982        0.83081575093055       -1.92996051061416
N           -2.29663281226458        1.69360404603388       -2.72240179188532
O           -3.41382128859486        2.44060495871325       -2.25646579337552
C           -4.53422128510324        2.32718271726522       -2.98994968177986
O           -4.68457565126772        1.56797845069936       -3.90922411785980
C           -5.56735784346243        3.24393970586680       -2.44501680558050
C           -6.99176946869066        2.74634248697608       -2.44406286981063
C           -6.58303231646768        3.79876671243951       -3.41097816622363
C           -2.26624004806280        0.46009358569140       -0.53388367498088
C           -3.73644323938047        0.03078876801314       -0.42085150225554
C           -4.18140819332657       -0.93884739150611       -1.51434622977762
C           -5.64567520086291       -1.33377902086824       -1.34160556401302
C           -6.13712715530376       -2.21272975738764       -2.48842818011937
C           -7.59882081641329       -2.60594544014358       -2.31477958466246
O            1.29603054255311       -1.15846433098783        1.68219661264947
C            2.36390255845498       -2.04421296499985        1.96148277113961
C            3.63157066751489       -1.35448451707109        1.56709410491540
C            4.78441903927624       -1.33517452319401        2.22546762642321
C            5.03618593671894       -2.03848159484215        3.52512186714862
C            5.95411515720415       -0.56392132720619        1.67770908280017
C            5.98499947040547        0.86489287069075        2.25389910730163
C            7.13369345041045        1.63677129430978        1.68334608505047
C            8.31473637544695        1.86653822431019        2.24420273722592
C            8.72728803863670        1.40582892934767        3.61058075588401
C            9.37649006842961        2.64876717367343        1.52627768363493
H           -1.38990918384540       -3.05771975091458        2.32589754821420
H            0.34389403598380       -3.58148793970078        2.54299299489510
H           -0.52950879333160        0.42727223856249        1.64263664037730
H           -1.88652381735822       -0.66925492528698        1.97443443751436
H           -1.68325491059946       -1.61010761033207       -0.30754141193705
H            0.58407355556201       -1.28368023819177       -1.05840981550666
H            0.57392151851801        0.40755846853900       -0.55308889721980
H            0.05793886728890        0.61061170219232       -2.94011984808036
H           -0.95792943583662       -0.83157756427776       -2.88449952684236
H           -5.22518552377461        3.86233077958435       -1.62700933586243
H           -7.61594285537769        3.01320209638888       -1.60499400787163
H           -7.15399827282199        1.75047857722828       -2.82787107744892
H           -6.91596620315690        4.81344466005968       -3.25630900100374
H           -6.46982318071981        3.51412760291768       -4.44555438660507
H           -2.12841292211195        1.35392940965562        0.08829168068831
H           -3.88132603743588       -0.43324717213809        0.55838483152619
H           -4.37443911589426        0.91650093429916       -0.45863432162052
H           -3.56194263222957       -1.83849153225288       -1.49493193297690
H           -4.05675465309081       -0.47297866805301       -2.49381975819197
H           -6.25733991759570       -0.42894408487677       -1.29794374704057
H           -5.77236440684931       -1.86421962909978       -0.39388467521864
H           -5.52251207971710       -3.11453632789777       -2.54205547673566
H           -6.01342774566097       -1.67041625361241       -3.42805154022383
H           -8.23036831087838       -1.72065221196062       -2.28115017569107
H           -7.73827751841434       -3.15987767883333       -1.38844535593004
H           -7.92861208955853       -3.23088937335665       -3.14131916124116
H            2.24203145671796       -2.96560639156092        1.36907673705677
H            2.35349064130014       -2.31928571460090        3.02341570896946
H            3.54525424491376       -0.81896054408865        0.63138319722939
H            4.12596617808772       -2.16402260983472        4.10521974587444
H            5.75468356668436       -1.48092903820823        4.12207621017534
H            5.45606830237441       -3.02705971448802        3.33597010422599
H            6.88813150659500       -1.06792601070076        1.93342432351498
H            5.88806290832402       -0.49891158501702        0.59053546455060
H            5.04869346971764        1.36171146612089        1.99009396270512
H            6.03901597130063        0.81778557824955        3.34144099165433
H            6.96184537198483        2.00742746431155        0.68027231976366
H            9.63886990148521        0.81276125582877        3.53983917834528
H            7.96446935243775        0.80426309967214        4.09331346899325
H            8.94329243911113        2.26639263344302        4.24408454684011
H            9.65300261812404        3.52953382954491        2.10542301772911
H            9.03570119819217        2.97049324916014        0.54582899300579
H           10.27311547008829        2.04191520270147        1.40137306481354
74
 energy: -94.789889871905 gnorm: 0.000634238180 xtb: 6.7.1 (edcfbbe)
C           -0.34715022280189       -2.81060799825372        2.25253682141300
C            0.02251117386994       -1.60869717937925        1.82662474849015
C           -0.96003054232493       -0.54689138837542        1.40850736384281
C           -1.26641416390090       -0.62295477269805       -0.08999883049804
C           -0.03720007291321       -0.39475767433055       -0.97550479559522
C           -0.62438414127787        0.04062977643585       -2.31613206449070
C           -1.83278483917752        0.83260487047194       -1.93076837908477
N           -2.29550871528864        1.69760032797967       -2.72169006529719
O           -3.41337118834139        2.44342259585938       -2.25595004303825
C           -4.53263450025877        2.32856013127277       -2.99050609099784
O           -4.67948171785112        1.57150941081344       -3.91215437321249
C           -5.57073821432987        3.23821233373949       -2.44317735908581
C           -6.99215284206104        2.73210331228044       -2.44232935157462
C           -6.59019754260870        3.78867445670856       -3.40758468715342
C           -2.26701032091266        0.46040009702948       -0.53511664538560
C           -3.73717867100863        0.03119514538874       -0.42226852070599
C           -4.18240586418530       -0.93902455429601       -1.51520173930744
C           -5.64793709697283       -1.33010308081957       -1.34416884471424
C           -6.14094540360556       -2.20787812248380       -2.49121672109390
C           -7.60386012469033       -2.59684159098897       -2.31829702483839
O            1.29641448183690       -1.15806262190648        1.68019875493429
C            2.36506886043726       -2.04190373955290        1.96149660333996
C            3.63148691148282       -1.34978132985201        1.56690963924341
C            4.78602436191550       -1.33328639067189        2.22234484329287
C            5.04092286976419       -2.04345155957977        3.51772635350515
C            5.95400852337600       -0.55880397998604        1.67569873507888
C            5.98730976569273        0.86610594493609        2.26141970064229
C            7.13499906463886        1.64032965321372        1.69223428420120
C            8.31781032344663        1.86608747369015        2.25097739755746
C            8.73366202460348        1.39922544854969        3.61422470930128
C            9.37891899097464        2.64915756701929        1.53295525403148
H           -1.38996097620176       -3.05646661409903        2.32505746313308
H            0.34385142782891       -3.58046208115546        2.54160843692483
H           -0.52622321174779        0.42822481701717        1.63837870844506
H           -1.88489438385468       -0.66520779409666        1.97358971189259
H           -1.68466608939311       -1.60997763025220       -0.30797734150694
H            0.58106993340698       -1.28616550633816       -1.06256993322819
H            0.57494229233000        0.40453359052396       -0.55527362621690
H            0.05762152499051        0.61358249177376       -2.94047316183537
H           -0.95870067253787       -0.82827443053829       -2.88850034846874
H           -5.23261108276294        3.85723544727740       -1.62393523500391
H           -7.61704742059375        2.99422087079459       -1.60224304697605
H           -7.14940679611239        1.73612206330653       -2.82761960829312
H           -6.92928039620495        4.80103129668511       -3.25127180137292
H           -6.47558613191725        3.50621867588276       -4.44260807296805
H           -2.12933881451359        1.35395762522003        0.08755970910820
H           -3.88234552692691       -0.43231011111281        0.55716791410888
H           -4.37508113020156        0.91695814677238       -0.46063934994672
H           -3.56513437389595       -1.84009188939279       -1.49340870744545
H           -4.05490831182602       -0.47470911044687       -2.49505581569623
H           -6.25714474346920       -0.42357284909613       -1.30133771578788
H           -5.77714349191972       -1.85991467552359       -0.39644468679526
H           -5.52891118752056       -3.11145627804676       -2.54426720984921
H           -6.01510716515076       -1.66616126749388       -3.43090661544229
H           -8.23258036413415       -1.70960576316320       -2.28269663878150
H           -7.74505762986731       -3.15230946880688       -1.39311913240688
H           -7.93575669184469       -3.21894781554575       -3.14613278908657
H            2.24536763024540       -2.96465377105225        1.37070516480825
H            2.35492538104707       -2.31522405963961        3.02397179602527
H            3.54236246021075       -0.80997504221593        0.63398469466304
H            4.13397798229598       -2.16073176869912        4.10470697675536
H            5.77038798276477       -1.49574524821198        4.11039601118285
H            5.44819908075692       -3.03618847532190        3.32236131481653
H            6.88878183009638       -1.06475003970603        1.92493112232905
H            5.88441097076074       -0.48648542798921        0.58919379145999
H            5.05055063428482        1.36528081706817        2.00372331998306
H            6.04452165528236        0.81164166311364        3.34845664619019
H            6.96121118666299        2.01540097762342        0.69115419702555
H            9.63999668264148        0.79882530850380        3.53764164922786
H            7.96844676665963        0.80301296225516        4.09986914149581
H            8.95996141115239        2.25675296663310        4.24820568202765
H            9.65629065482942        3.52916457931310        2.11284594386710
H            9.03704558251531        2.97222287703793        0.55329539371840
H           10.27521235431131        2.04222737889063        1.40623123033025
74
 energy: -94.789900474395 gnorm: 0.000776069251 xtb: 6.7.1 (edcfbbe)
C           -0.34720464689070       -2.80984859735949        2.24876344978517
C            0.02294418478341       -1.60789157266324        1.82351654202341
C           -0.95871448976036       -0.54440271986395        1.40746536936334
C           -1.26774295491394       -0.62215907088841       -0.09045064643321
C           -0.03873470172704       -0.39574975025273       -0.97684453250511
C           -0.62502402695141        0.04246468759558       -2.31686102617596
C           -1.83330470212476        0.83425883166656       -1.93092947782994
N           -2.29438066130566        1.70111736951364       -2.72077125861844
O           -3.41345190665420        2.44540523227783       -2.25553511683084
C           -4.53189581262918        2.32754561426921       -2.99061116070362
O           -4.67528258833123        1.57231632523170       -3.91441720925089
C           -5.57421038685209        3.23121031446370       -2.44166436108848
C           -6.99290415896526        2.71753829208885       -2.44085009795779
C           -6.59710274534147        3.77767790767483       -3.40470230404743
C           -2.26830834409025        0.46114083030106       -0.53569957673004
C           -3.73858086640608        0.03196665916065       -0.42316889905668
C           -4.18469477418089       -0.93797675339024       -1.51602749208897
C           -5.65133089086479       -1.32590803032799       -1.34648876374623
C           -6.14530494116090       -2.20240087366222       -2.49414007704170
C           -7.60938698959216       -2.58790022886752       -2.32314169719717
O            1.29699216658174       -1.15797363214735        1.67585727919884
C            2.36651385721312       -2.03943655205742        1.96024400575396
C            3.63173696276282       -1.34451200318792        1.56629479041713
C            4.78789735958698       -1.33136035583139        2.21887858721577
C            5.04498239437734       -2.04917113866064        3.50970962555737
C            5.95451244702856       -0.55384237028073        1.67368951411923
C            5.99084443295463        0.86699663890531        2.26905314849907
C            7.13766110963964        1.64363731554526        1.70144398535576
C            8.32208070857977        1.86571081595796        2.25825418150545
C            8.74135403993383        1.39196247270304        3.61805464691917
C            9.38215300778656        2.65085901580007        1.54089709111852
H           -1.39015331108013       -3.05432310244933        2.32411818266484
H            0.34371600086298       -3.58008769836324        2.53729830090107
H           -0.52200729884576        0.43008175672416        1.63490090041664
H           -1.88250792507675       -0.65981058991566        1.97500531313770
H           -1.68666758866975       -1.60928756162252       -0.30664410301877
H            0.57742643480287       -1.28853267618094       -1.06483884395263
H            0.57543982327336        0.40160070315218       -0.55589125582627
H            0.05759678239192        0.61674594134859       -2.93934764575634
H           -0.95907311268163       -0.82493471696808       -2.89156725509891
H           -5.23945463243577        3.85055298271958       -1.62124326715778
H           -7.61820844505605        2.97542071833376       -1.59971765737008
H           -7.14564231425360        1.72136897199438       -2.82735521404676
H           -6.94164727654476        4.78795082866338       -3.24724874020312
H           -6.48129935849206        3.49673526422217       -4.44005950752717
H           -2.13106686709546        1.35470178303061        0.08713416737066
H           -3.88368040998406       -0.43165601790633        0.55621387038731
H           -4.37631022813093        0.91788501455874       -0.46120843453415
H           -3.56933693513824       -1.84028973239522       -1.49307779526943
H           -4.05505417006794       -0.47435747602825       -2.49591371503892
H           -6.25859197574225       -0.41806092868746       -1.30421864762455
H           -5.78276688099568       -1.85546473318021       -0.39893568455390
H           -5.53544350143774       -3.10746616710192       -2.54650554878935
H           -6.01703064251696       -1.66096040633183       -3.43366882587796
H           -8.23585508136559       -1.69912944286987       -2.28602300996027
H           -7.75283804781631       -3.14515233450686       -1.39936885906229
H           -7.94222351432774       -3.20723734031292       -3.15268882203840
H            2.25010899404990       -2.96357823745659        1.37086823770936
H            2.35548895062262       -2.31114814325101        3.02320484877682
H            3.53981821406614       -0.79983065089987        0.63650524599853
H            4.14112972523511       -2.15754603671957        4.10328948064829
H            5.78561260116563       -1.51234032420658        4.09841938054376
H            5.43849461789485       -3.04622881596638        3.30797343629378
H            6.88977615041806       -1.06209447715004        1.91640177021117
H            5.88139271338257       -0.47399299733390        0.58792758010464
H            5.05384371829361        1.36889621703094        2.01755771512628
H            6.05130512318401        0.80502917764676        3.35550564827189
H            6.96169849616591        2.02400120257097        0.70271254189797
H            9.64175347729854        0.78343708956727        3.53496075226899
H            7.97350833860941        0.80164237515633        4.10675426618334
H            8.97913877112253        2.24593944027282        4.25264616270670
H            9.66017639120156        3.52943308935955        2.12265866659324
H            9.03895494972032        2.97644680599078        0.56253339580429
H           10.27836716151269        2.04436657170817        1.41145930437325
74
 energy: -94.789910916132 gnorm: 0.000618970174 xtb: 6.7.1 (edcfbbe)
C           -0.34646581470759       -2.80871017565841        2.24478807406461
C            0.02380305329728       -1.60619614378265        1.82128185922371
C           -0.95772172515318       -0.54170616245863        1.40714191852766
C           -1.26967126659264       -0.62104590399736       -0.09012797710560
C           -0.04056366123687       -0.39647859448100       -0.97710132100794
C           -0.62570141496335        0.04398689022869       -2.31667230539740
C           -1.83397523678374        0.83572046121476       -1.93062581281401
N           -2.29395036654265        1.70340268514032       -2.72021029425493
O           -3.41445031606916        2.44635733696462       -2.25577535297936
C           -4.53233376326894        2.32487698033640       -2.99117304034892
O           -4.67317147060960        1.56984561274941       -3.91537853633710
C           -5.57817807295525        3.22337313115021       -2.44068686778910
C           -6.99458676089542        2.70315178407222       -2.43937420011171
C           -6.60426760240075        3.76601039304064       -3.40240814993406
C           -2.27015671483021        0.46200844609996       -0.53594140233579
C           -3.74065226292515        0.03299429996841       -0.42324129045928
C           -4.18761998255208       -0.93563478079971       -1.51695052181487
C           -5.65514815305065       -1.32105960283738       -1.34852173904129
C           -6.14953183885194       -2.19611651814639       -2.49720492106554
C           -7.61473898058959       -2.57876430493607       -2.32896695770902
O            1.29774020971367       -1.15692055330435        1.67104462872023
C            2.36816788312827       -2.03621604633799        1.95793828683584
C            3.63249034489619       -1.33906836816180        1.56483816106594
C            4.79017435543556       -1.32997478831524        2.21476387515510
C            5.04812816380367       -2.05558226269446        3.50112442159978
C            5.95569024008087       -0.54933897449962        1.67174589385319
C            5.99563591304365        0.86732070362619        2.27677014567847
C            7.14164655032507        1.64651719623710        1.71088774133259
C            8.32750049276265        1.86531132303371        2.26594678305016
C            8.75026017277264        1.38394252870867        3.62197908357843
C            9.38603630490745        2.65397331247794        1.55011824605353
H           -1.38946851756407       -3.05259506050367        2.32121754772857
H            0.34457630974117       -3.58035196574157        2.52934472356774
H           -0.51888089580891        0.43235642784656        1.63233584488957
H           -1.88020988800764       -0.65491622407991        1.97729726217694
H           -1.68932279694098       -1.60829876316769       -0.30433065535845
H            0.57361585252065       -1.29052421729540       -1.06570713436242
H            0.57557506653018        0.39910435913104       -0.55560953154134
H            0.05764820670884        0.61922008679068       -2.93746340968941
H           -0.95956066754324       -0.82215843664148       -2.89331982429010
H           -5.24549922533682        3.84301881507794       -1.61967838894793
H           -7.62036029576506        2.95730292453646       -1.59747858838246
H           -7.14306277316506        1.70668739402063       -2.82683614493129
H           -6.95317339614008        4.77458023013196       -3.24414060610532
H           -6.48744317372221        3.48616957539760       -4.43798482137998
H           -2.13345835892863        1.35564152052944        0.08689374968041
H           -3.88544861645053       -0.43136436919159        0.55588080842988
H           -4.37800926712536        0.91924934705506       -0.46022554950749
H           -3.57383582594648       -1.83902714012421       -1.49409709444865
H           -4.05675009811694       -0.47189093665690       -2.49662289107956
H           -6.26094761985171       -0.41222825554199       -1.30615005398261
H           -5.78825766827117       -1.85095380562621       -0.40140240251443
H           -5.54155379734830       -3.10247383254900       -2.54918077308692
H           -6.01877772592250       -1.65448775879301       -3.43628169557629
H           -8.23952460616112       -1.68884139905098       -2.29102600207096
H           -7.76085235288920       -3.13768060970681       -1.40663231497499
H           -7.94754957298897       -3.19569665056213       -3.16033035116650
H            2.25483288457963       -2.96140833062359        1.36960080759101
H            2.35599948338384       -2.30678346419944        3.02123297994528
H            3.53781069393036       -0.78859576619680        0.63871368859845
H            4.14704317504246       -2.15465482009623        4.10066887134653
H            5.79958931500771       -1.53044693730159        4.08651691101861
H            5.42705823294475       -3.05690404973128        3.29313108038301
H            6.89115896277452       -1.06025185959132        1.90787154422697
H            5.87912363554750       -0.46186538401173        0.58682929213536
H            5.05850620684295        1.37208876554999        2.03152013697257
H            6.05934281829148        0.79766517471145        3.36257265675145
H            6.96335994901199        2.03266814172313        0.71475195186018
H            9.64411965757722        0.76673186881566        3.53182492755629
H            7.97961292003098        0.79996492464764        4.11385314574892
H            9.00043269613950        2.23385905690553        4.25726321311588
H            9.66447042605506        3.53043810673344        2.13490099505477
H            9.04127620980382        2.98320131786339        0.57353764885655
H           10.28240615834818        2.04847209483710        1.41707487274440
74
 energy: -94.789921541531 gnorm: 0.000559878987 xtb: 6.7.1 (edcfbbe)
C           -0.34445642635784       -2.80781662413458        2.23967892828365
C            0.02505493232668       -1.60425708983144        1.81848651454518
C           -0.95749581804506       -0.53947883198314        1.40729286172401
C           -1.27162658999293       -0.61988175193557       -0.08948125426421
C           -0.04247808001861       -0.39707966790632       -0.97698227243041
C           -0.62673297732509        0.04527344004409       -2.31610807305550
C           -1.83515892978635        0.83687553854159       -1.93019722695534
N           -2.29494996181200        1.70436852425185       -2.72008339833528
O           -3.41701108748726        2.44581200568278       -2.25625905871335
C           -4.53485354618678        2.31997128979834       -2.99128115882584
O           -4.67349972417956        1.56455037822598       -3.91544896408832
C           -5.58317854005612        3.21503090242961       -2.44013252713343
C           -6.99762812270096        2.68925980550384       -2.43819509888072
C           -6.61199285847656        3.75410724574399       -3.40085351344412
C           -2.27163718493743        0.46337841092295       -0.53564729442168
C           -3.74241390861283        0.03464134993870       -0.42308215521971
C           -4.19081495767840       -0.93231247828321       -1.51759431434982
C           -5.65895807236961       -1.31608643610725       -1.35035391221542
C           -6.15358851073252       -2.18887297488700       -2.50071509376159
C           -7.61981113740490       -2.56908534237790       -2.33557440120870
O            1.29846498808278       -1.15427306016968        1.66678033295048
C            2.36996345459843       -2.03174131161970        1.95487241758520
C            3.63330464102576       -1.33196108528128        1.56324871186486
C            4.79243337061551       -1.32775612749977        2.21070128214757
C            5.05065368783202       -2.06267069665712        3.49192878938479
C            5.95774223186641       -0.54546454931898        1.66972609679182
C            6.00163136633157        0.86675782391473        2.28481813353798
C            7.14651941254093        1.64916124047409        1.72093422881371
C            8.33365891276507        1.86509479931429        2.27438432971263
C            8.76032754915703        1.37500034302781        3.62610653530041
C            9.39035029748907        2.65810372248430        1.56061923546146
H           -1.38735244290337       -3.05161268682659        2.31763849320630
H            0.34712318104711       -3.58003668989921        2.52152606858035
H           -0.51812480057100        0.43462239072543        1.63121453382348
H           -1.87873135311007       -0.65244182020439        1.97957760568034
H           -1.69201625924426       -1.60716170692113       -0.30216441162531
H            0.57002943832955       -1.29220936488809       -1.06599810892096
H            0.57528283948293        0.39700655341590       -0.55498643764663
H            0.05725266761458        0.62092855334669       -2.93578378234467
H           -0.96078531625023       -0.81995619848682       -2.89400519353643
H           -5.25157951864489        3.83510144659542       -1.61903076315624
H           -7.62399007261705        2.94011146102122       -1.59580158408159
H           -7.14197052484262        1.69235606292968       -2.82637715177986
H           -6.96448863931659        4.76128684848272       -3.24193485444389
H           -6.49455325299741        3.47510192158884       -4.43660461622295
H           -2.13505275067126        1.35712751084746        0.08707630514701
H           -3.88669650287472       -0.43108400144988        0.55544439678704
H           -4.37946295676108        0.92120415332198       -0.45829004069779
H           -3.57820814133796       -1.83652709694696       -1.49582650213804
H           -4.05916730595390       -0.46766327835349       -2.49668882730823
H           -6.26353190672885       -0.40648934465134       -1.30728262720948
H           -5.79335206652647       -1.84688016625342       -0.40392256441104
H           -5.54726362499392       -3.09632046739587       -2.55259061610834
H           -6.02019370719686       -1.64645933270324       -3.43899020921106
H           -8.24309705105407       -1.67811305606771       -2.29745705168685
H           -7.76873810255307       -3.12923017732493       -1.41445531822501
H           -7.95207659709550       -3.18406896171026       -3.16861261530111
H            2.25909320759023       -2.95741118212719        1.36677273063855
H            2.35687571725335       -2.30208460393361        3.01823385754401
H            3.53674507106156       -0.77675667219097        0.64027820704052
H            4.15215464063655       -2.15193570837570        4.09712767272799
H            5.81300019030113       -1.55024489480989        4.07451519433590
H            5.41399336117121       -3.06840739112228        3.27731045504339
H            6.89313882874187       -1.05956914976334        1.89912774770595
H            5.87758321313882       -0.45009708037527        0.58572307110085
H            5.06440921997985        1.37453605800961        2.04612836742353
H            6.06868493892378        0.78910458039199        3.36988539073354
H            6.96588154467948        2.04108348234395        0.72747644915158
H            9.64703355973729        0.74851398673160        3.52819459326010
H            7.98674887213356        0.79775977580871        4.12129358776694
H            9.02377702830457        2.22029557218700        4.26221024420508
H            9.66891853232037        3.53190691173252        2.14932875229417
H            9.04374994340274        2.99191888420636        0.58627033482891
H           10.28713848793087        2.05414608674451        1.42320539144771
74
 energy: -94.789934774358 gnorm: 0.000736205009 xtb: 6.7.1 (edcfbbe)
C           -0.34049908025404       -2.80683244303699        2.23418680450979
C            0.02696374232279       -1.60155101205181        1.81608742019137
C           -0.95806685094625       -0.53788386444749        1.40773611125457
C           -1.27407792666574       -0.61860678604550       -0.08865090803289
C           -0.04500102057687       -0.39745017204367       -0.97674710684516
C           -0.62875095403218        0.04630054237619       -2.31547127528746
C           -1.83719294191614        0.83796809865366       -1.92960753769419
N           -2.29779472652582        1.70420361425711       -2.72039087920264
O           -3.42147054285098        2.44417225610402       -2.25734094625892
C           -4.53956795270467        2.31326031693656       -2.99149923825275
O           -4.67641627778584        1.55607945017565       -3.91442031151423
C           -5.59030607976528        3.20532017926710       -2.44011963693605
C           -7.00284970120764        2.67418065891283       -2.43742247331236
C           -6.62167628148548        3.74039627740521       -3.40027054677896
C           -2.27360325660862        0.46492565563791       -0.53500980696600
C           -3.74463927096437        0.03665314567751       -0.42189159448147
C           -4.19412299200138       -0.92785544011299       -1.51806689358597
C           -5.66284928429446       -1.31007169869385       -1.35204134070384
C           -6.15748139069602       -2.17946819687374       -2.50501492410252
C           -7.62484944106193       -2.55703338819009       -2.34380660271680
O            1.29938496772170       -1.14932081877146        1.66369694161038
C            2.37226658538361       -2.02547646725973        1.95064255294010
C            3.63495269331526       -1.32397706096065        1.56024781162573
C            4.79561153108798       -1.32633372619476        2.20502786510471
C            5.05296363966838       -2.07112060220645        3.48079875732175
C            5.96084667647347       -0.54164453767759        1.66746615891572
C            6.00964474400434        0.86516306151219        2.29449888120484
C            7.15317287000514        1.65136902270790        1.73302448592844
C            8.34168854892684        1.86431266230173        2.28470708431498
C            8.77293807065083        1.36393877021864        3.63120854441363
C            9.39565790322699        2.66366187273449        1.57394725460558
H           -1.38303117691436       -3.05200703420840        2.31242605148102
H            0.35228394112084       -3.57912237538790        2.51294474113956
H           -0.52001341986741        0.43683820956858        1.63133955363222
H           -1.87812419071722       -0.65264273911392        1.98159391372829
H           -1.69535355804883       -1.60574136740136       -0.30028401661417
H            0.56594768026546       -1.29358333742917       -1.06625983264536
H            0.57434504983017        0.39526094819977       -0.55440410832533
H            0.05575025865619        0.62191857234200       -2.93457836722665
H           -0.96343563593286       -0.81824413701853       -2.89410360845280
H           -5.25950093273762        3.82634094863096       -1.61942975351679
H           -7.63019263121584        2.92207400940196       -1.59496029335930
H           -7.14282639441949        1.67666975872615       -2.82597655510271
H           -6.97761055490793        4.74629228039539       -3.24095836966969
H           -6.50377796494855        3.46198431330076       -4.43614067631434
H           -2.13668991016184        1.35868296563246        0.08758012451110
H           -3.88824221331742       -0.43080569208139        0.55592807397530
H           -4.38121558494330        0.92365099210662       -0.45483420227348
H           -3.58253575477901       -1.83281965869481       -1.49794281075486
H           -4.06191050792411       -0.46186733107213       -2.49642690388022
H           -6.26635584757315       -0.39984101766694       -1.30722344387452
H           -5.79848171473937       -1.84290832774615       -0.40693453163334
H           -5.55294791878042       -3.08806585098029       -2.55769811207785
H           -6.02115967751594       -1.63528081569974       -3.44185021089111
H           -8.24661948905488       -1.66498280839359       -2.30594632085414
H           -7.77706690170058       -3.11825835858160       -1.42391544541213
H           -7.95620448516532       -3.17016922303448       -3.17857643068384
H            2.26282305215591       -2.95055044554239        1.36141001324923
H            2.35914954135747       -2.29726453381840        3.01364703828915
H            3.53621704674389       -0.76151787194271        0.64180361104461
H            4.15758588579888       -2.14924706517893        4.09239039440642
H            5.82740364438737       -1.57351144537779        4.06010183612516
H            5.39833743803946       -3.08138390554816        3.25882289772665
H            6.89580589793432       -1.05965159633638        1.88939512773939
H            5.87731231687509       -0.43678756997185        0.58461309704095
H            5.07221780676408        1.37634912139143        2.06382681262817
H            6.08081077499354        0.77777407814622        3.37858474900401
H            6.96928741029343        2.05103702722747        0.74315506803140
H            9.65083131476567        0.72653197070807        3.52370068950673
H            7.99612761497557        0.79463380486220        4.13047795185564
H            9.05237071766159        2.20338218972982        4.26826821294696
H            9.67412057798187        3.53393823679100        2.16796334218210
H            9.04655274525112        3.00356854696724        0.60261272693701
H           10.29313974907747        2.06204716374002        1.43069817033347
74
 energy: -94.789951544077 gnorm: 0.001150211750 xtb: 6.7.1 (edcfbbe)
C           -0.33379965811806       -2.80585909871079        2.22776676975179
C            0.02959700233117       -1.59806491915855        1.81321982312431
C           -0.95975564788194       -0.53720194537175        1.40792041171210
C           -1.27707751876359       -0.61741794455070       -0.08823985275878
C           -0.04826895360475       -0.39731451843331       -0.97701500954564
C           -0.63221005522849        0.04756203009224       -2.31516301351729
C           -1.84061931835822        0.83922394623280       -1.92899343761974
N           -2.30336937607234        1.70312169437382       -2.72112393750624
O           -3.42898291608229        2.44112941395215       -2.25903135136837
C           -4.54752811402666        2.30397340627648       -2.99172606080223
O           -4.68217410768851        1.54435845694093       -3.91294924028170
C           -5.60134456838918        3.19267014099678       -2.44074034875049
C           -7.01151830543425        2.65509783425375       -2.43720862466063
C           -6.63556854816342        3.72263120115041       -3.40065386804554
C           -2.27599179141234        0.46690780705323       -0.53392380935353
C           -3.74721557818293        0.03929654214299       -0.41965480545898
C           -4.19790880137406       -0.92238436567391       -1.51774003932648
C           -5.66734483783988       -1.30255185617776       -1.35393763739389
C           -6.16218887594036       -2.16611661220525       -2.51124069520497
C           -7.63106769270872       -2.53985639807337       -2.35499975911491
O            1.30036475380811       -1.14101899652529        1.66195961684630
C            2.37543033059390       -2.01597747347406        1.94468791861131
C            3.63703483449705       -1.31161039976916        1.55622712366020
C            4.79972310376443       -1.32340084586338        2.19744138521152
C            5.05650018692308       -2.08244832334441        3.46524994452021
C            5.96565020100404       -0.53677942274231        1.66448116625909
C            6.02095437781823        0.86233703992469        2.30825718669781
C            7.16219304717437        1.65432926480095        1.75024709603383
C            8.35260423933760        1.86321845781679        2.29945763814513
C            8.79054193237583        1.34824268436698        3.63839093097013
C            9.40276733008880        2.67114116910780        1.59272600383233
H           -1.37556069773458       -3.05454439324773        2.30512979545829
H            0.36131191758094       -3.57681438705229        2.50438629415499
H           -0.52522354578760        0.43884824137567        1.63248266546205
H           -1.87869447856639       -0.65632549091955        1.98270784801582
H           -1.69945120542983       -1.60417832713576       -0.29955789339652
H            0.56134668192293       -1.29427452253309       -1.06740021594758
H            0.57255601365320        0.39428367744181       -0.55472169848998
H            0.05246117562608        0.62289025394775       -2.93430778918812
H           -0.96772443757397       -0.81657113977465       -2.89404815452823
H           -5.27201071686731        3.81544095661625       -1.62081578945214
H           -7.64019178676380        2.89980090051173       -1.59484431920208
H           -7.14616091033351        1.65672249402233       -2.82569685134902
H           -6.99583779670730        4.72698676400779       -3.24109006724073
H           -6.51706751468736        3.44481110011802       -4.43658222665810
H           -2.13794952815599        1.36064557361743        0.08839439059622
H           -3.89002308922908       -0.43031691208554        0.55724537029542
H           -4.38332993183931        0.92671472601742       -0.44990307086888
H           -3.58765900373618       -1.82830597840277       -1.49932140200484
H           -4.06464824528738       -0.45494023182123       -2.49520862783412
H           -6.26917951342464       -0.39135631173103       -1.30584735344776
H           -5.80458901183729       -1.83894787818907       -0.41108470188961
H           -5.56023311407441       -3.07631508945988       -2.56602019723619
H           -6.02198222861975       -1.61867011077045       -3.44563395904176
H           -8.25051847577477       -1.64615526611173       -2.31754968052645
H           -7.78759708532481       -3.10220239518777       -1.43652891341350
H           -7.96154604954798       -3.15065735349544       -3.19182805684594
H            2.26676487550022       -2.93930985759082        1.35254491546150
H            2.36378297799725       -2.29140123997842        3.00680322392536
H            3.53642297678372       -0.74104104679881        0.64315441551407
H            4.16572448267675       -2.14562130538169        4.08577359326287
H            5.84734940688514       -1.60510394233134        4.03992707643677
H            5.37745814281820       -3.09876577785946        3.23295840191642
H            6.89980759378522       -1.06053294970248        1.87636860030707
H            5.87779688433774       -0.41888440817370        0.58324094570180
H            5.08305848976162        1.37789082585949        2.08900602056602
H            6.09794788655703        0.76128323404069        3.39086383037170
H            6.97412898000596        2.06376209089304        0.76514782169814
H            9.65629565572379        0.69633750006611        3.51753191422112
H            8.00969560473991        0.78952312848231        4.14340141445259
H            9.09154988553659        2.17936077740529        4.27670567791020
H            9.68111059353213        3.53657247375402        2.19389936236359
H            9.05002950050373        3.01927918793108        0.62561386142238
H           10.30115196693729        2.07284444016659        1.44135685960630
74
 energy: -94.789969192413 gnorm: 0.001171494545 xtb: 6.7.1 (edcfbbe)
C           -0.32403653119033       -2.80544147588922        2.21997702853999
C            0.03370240294406       -1.59419114136011        1.81048290524488
C           -0.96137649720933       -0.53729590157632        1.40877525147234
C           -1.28065695119587       -0.61606146243046       -0.08706368168065
C           -0.05302622297374       -0.39688033591917       -0.97755421544588
C           -0.63858880877429        0.04938885174098       -2.31452842453652
C           -1.84674379353601        0.84088804276510       -1.92705542962364
N           -2.31243545881357        1.70214503214271       -2.72032839623689
O           -3.44002159997867        2.43811948583420       -2.25955025142042
C           -4.55884322377931        2.29350975984574       -2.99060637478349
O           -4.69087318382779        1.52965851158294       -3.90881366137481
C           -5.61633464940542        3.17959037736789       -2.44262621384319
C           -7.02420768829868        2.63617789569043       -2.43991470192277
C           -6.65151091620406        3.70320862232837       -3.40497135042786
C           -2.27934877054581        0.46927256539867       -0.53091397906762
C           -3.75053815431552        0.04212101699022       -0.41523195626120
C           -4.20192961437705       -0.91706362968081       -1.51510234520424
C           -5.67214635742537       -1.29522469061668       -1.35488104764922
C           -6.16670881917168       -2.14997934828957       -2.51882209927651
C           -7.63709937744789       -2.52001981987764       -2.36898467629012
O            1.30245028607110       -1.13034199332955        1.66246708784530
C            2.38003892374107       -2.00533930779809        1.93604787558053
C            3.64086024868253       -1.29839575783896        1.55004664865698
C            4.80525034956308       -1.32094216645808        2.18789755809183
C            5.06046431602430       -2.09501101292840        3.44697322005218
C            5.97229376028210       -0.53159531929189        1.66164213019854
C            6.03477845160994        0.85814362415277        2.32460476003359
C            7.17329057509103        1.65686639369102        1.77083132653295
C            8.36581220077998        1.86122586435455        2.31718807459797
C            8.81130707877862        1.32974639140599        3.64709172681278
C            9.41136948370796        2.67933048507872        1.61531583514407
H           -1.36468581461416       -3.05953695907836        2.29503055485291
H            0.37430300487877       -3.57411826816712        2.49466052741816
H           -0.53164408895617        0.44046982323980        1.63490012434748
H           -1.87894844584244       -0.66242447746671        1.98450977835076
H           -1.70425999679580       -1.60227991456615       -0.29844607665488
H            0.55524325508063       -1.29465800638093       -1.06953098965996
H            0.56944647099068        0.39359072773026       -0.55562533958665
H            0.04562718267489        0.62428933462770       -2.93455748516107
H           -0.97567033676742       -0.81430927627431       -2.89327206949126
H           -5.29002010178819        3.80563312798655       -1.62397515892562
H           -7.65543669821352        2.87954938420559       -1.59919602603870
H           -7.15360692494841        1.63649653040718       -2.82694676932850
H           -7.01600874441614        4.70630894217303       -3.24729880146983
H           -6.53102242818281        3.42430628340737       -4.44030168115608
H           -2.13950858896036        1.36281378184941        0.09124903565053
H           -3.89237350224407       -0.42962003502242        0.56073363715348
H           -4.38648471845696        0.92973888236645       -0.44280292537836
H           -3.59297298207052       -1.82386237468440       -1.49781872493602
H           -4.06669529069049       -0.44822104599043       -2.49154069441505
H           -6.27214211180791       -0.38308751648003       -1.30195400515825
H           -5.81173816783411       -1.83721268095974       -0.41555582081231
H           -5.56731884264194       -3.06159949233496       -2.57757276977977
H           -6.02206170758709       -1.59704377901773       -3.44935633254291
H           -8.25410876273473       -1.62465832285159       -2.33124298843545
H           -7.79840970238528       -3.08444119440908       -1.45262433112664
H           -7.96627177755607       -3.12751362670917       -3.20873089374050
H            2.27038630740581       -2.92457567853832        1.33774353235084
H            2.37169666121405       -2.28826756706720        2.99626288425328
H            3.53863694003260       -0.71730780530662        0.64380307505353
H            4.17581633715662       -2.14466216263851        4.07676615640451
H            5.86601287202216       -1.63866231450911        4.01633198684654
H            5.35734579628524       -3.11516749807141        3.20461844747155
H            6.90514715195157       -1.06151971509725        1.86305718380861
H            5.88122904343171       -0.39856979096837        0.58249007082014
H            5.09625303980590        1.37805376248992        2.11872282690455
H            6.11848576228339        0.74123122901873        3.40508206273093
H            6.98006746788628        2.07831393645063        0.79174318205551
H            9.66299955746135        0.66272493087251        3.51087447126415
H            8.02697946800495        0.78230728919362        4.15884680371201
H            9.13596177831349        2.15072170723969        4.28646689171129
H            9.69003482595619        3.53866915061539        2.22507328621095
H            9.05397403997913        3.03760105976271        0.65358294125859
H           10.31055131388423        2.08489006181203        1.45375265463963
74
 energy: -94.789971628190 gnorm: 0.003428693676 xtb: 6.7.1 (edcfbbe)
C           -0.31315797960834       -2.80477363138433        2.21312471661274
C            0.03730125507070       -1.59015247851354        1.80723803802820
C           -0.96420152013892       -0.53866818283910        1.40741630295284
C           -1.28338640930987       -0.61484948995671       -0.08860022366490
C           -0.05663775107986       -0.39357871185941       -0.97959504928563
C           -0.64390758755556        0.05265277255114       -2.31596779773330
C           -1.85322363344208        0.84203822581114       -1.92765836988660
N           -2.32320716883930        1.69988439004358       -2.72215912355659
O           -3.45342025536263        2.43233617732969       -2.26234369477878
C           -4.57170830053927        2.28205872677568       -2.99287540651109
O           -4.69986201899605        1.51730206372320       -3.91114835055177
C           -5.63463689084303        3.16179717844447       -2.44459833186321
C           -7.03908883624439        2.60921676819984       -2.44085282384190
C           -6.67384577286612        3.67855466723462       -3.40662410029300
C           -2.28278281314370        0.47075203330815       -0.53030543834819
C           -3.75367102571886        0.04400093938619       -0.41166402972731
C           -4.20605540459051       -0.91341959409883       -1.51269710093106
C           -5.67803978389208       -1.28625613083160       -1.35660897006799
C           -6.17431834283446       -2.12970052642487       -2.52809258675814
C           -7.64733889291647       -2.49206119050711       -2.38505487511108
O            1.30360207657711       -1.11781131098920        1.66343314705835
C            2.38491748423842       -1.99121011567019        1.92776472298500
C            3.64385032696768       -1.27971763153881        1.54401665110980
C            4.81158070929231       -1.31650151006149        2.17569569419821
C            5.06771777449803       -2.11067749595416        3.42273114000822
C            5.97902771791440       -0.52302541887456        1.65688878609145
C            6.05145454231457        0.85373905739957        2.34715267507403
C            7.18621766601287        1.66137467603679        1.79886599678661
C            8.38214691234740        1.85829563870778        2.34078351556015
C            8.83789452245588        1.30518596081236        3.65876423765721
C            9.42212526314707        2.68834795241260        1.64446303780055
H           -1.35227805888170       -3.06607816329109        2.28529058171386
H            0.38953881661252       -3.56954937419059        2.48749700531424
H           -0.54078585409962        0.44117154025682        1.63655392697290
H           -1.88114967694534       -0.67132004774322        1.98245335340884
H           -1.70679370463248       -1.60072715999236       -0.30193470541407
H            0.55246656542787       -1.29070943619704       -1.07282846132544
H            0.56519596615876        0.39727796877316       -0.55756455752186
H            0.03908491849496        0.62849865258815       -2.93649796189743
H           -0.98033836524427       -0.81129369599117       -2.89483420858078
H           -5.31247572342915        3.79051032167979       -1.62632602059419
H           -7.67163901454011        2.84872167618647       -1.59975631611701
H           -7.16219681715861        1.60857671638328       -2.82748928765755
H           -7.04513169618685        4.67936108740835       -3.24875889507040
H           -6.55240732890180        3.40043030019897       -4.44209965676729
H           -2.14074486418796        1.36425888725576        0.09139423230011
H           -3.89417121341437       -0.42892328529915        0.56390019590966
H           -4.38934368337466        0.93185825020630       -0.43713615575753
H           -3.60009718385503       -1.82222448863699       -1.49441416175283
H           -4.06703176539612       -0.44505508056959       -2.48879829194404
H           -6.27422710806092       -0.37189844371951       -1.29761829246368
H           -5.82139305400841       -1.83481364952011       -0.42165713375921
H           -5.57990568702428       -3.04433195414182       -2.59209117843188
H           -6.02380269206185       -1.57050017769028       -3.45402261602790
H           -8.25957939904818       -1.59336437216099       -2.34663369397070
H           -7.81504262305352       -3.05857966661562       -1.47108384308076
H           -7.97683746466600       -3.09503422336128       -3.22794472783076
H            2.27543907588229       -2.90661502536789        1.32340415358123
H            2.38107501346753       -2.28163709390310        2.98609891417112
H            3.53801160620950       -0.68470209744743        0.64688161699678
H            4.19154530274834       -2.13743076969444        4.06873666545193
H            5.90073806735231       -1.68514168688494        3.98224814768810
H            5.32691983206445       -3.14012518814118        3.16312854653511
H            6.91079047261022       -1.06163960408983        1.84229297409651
H            5.88176082271138       -0.36863255933877        0.58049383146453
H            5.11199270535659        1.38020944930201        2.16035236034134
H            6.14504729186689        0.71452446618541        3.42481448248885
H            6.98599795596924        2.09893152467271        0.82783632080309
H            9.67109502090660        0.61767840336225        3.50172828918507
H            8.04865677798872        0.77257988214978        4.17941646341314
H            9.19427199555372        2.11301422382467        4.29976659183724
H            9.70041284352662        3.54123048191772        2.26347979632786
H            9.05939566350843        3.05737835069508        0.68874192807621
H           10.32259040085169        2.09898125220645        1.47183225411295
74
 energy: -94.789989788639 gnorm: 0.001383278043 xtb: 6.7.1 (edcfbbe)
C           -0.31294637780860       -2.80540288351567        2.21371944342556
C            0.03743356382704       -1.59089096790050        1.80761244823042
C           -0.96379699565783       -0.53937068607627        1.40745033869027
C           -1.28276472270760       -0.61500700090100       -0.08863582546714
C           -0.05628123975883       -0.39202349157470       -0.97957022398239
C           -0.64438793872796        0.05316170525295       -2.31596663699215
C           -1.85393846599810        0.84193539994012       -1.92715520888380
N           -2.32443892859458        1.69971181306152       -2.72141281736974
O           -3.45449698109050        2.43215810050324       -2.26160793755063
C           -4.57234391582172        2.28329641851497       -2.99278172342367
O           -4.70066447620526        1.51879599707269       -3.91124806085280
C           -5.63482161659896        3.16419370667435       -2.44562500548386
C           -7.04000298436546        2.61384625776858       -2.44272581453965
C           -6.67235128644018        3.68193606201688       -3.40893754981097
C           -2.28301886049535        0.47011149643277       -0.52970713003868
C           -3.75361017207162        0.04272758653604       -0.41053574984991
C           -4.20528376132316       -0.91567844039151       -1.51107370513014
C           -5.67730324115589       -1.28842657846080       -1.35540503937701
C           -6.17350902227579       -2.13103722445454       -2.52742682636675
C           -7.64631804979897       -2.49388353681640       -2.38414171078338
O            1.30386927720360       -1.11851386749911        1.66465638194253
C            2.38503363954376       -1.99253696590488        1.92738096884292
C            3.64407396280131       -1.28094962411153        1.54402440060205
C            4.81122295321036       -1.31630066449944        2.17648044225659
C            5.06763640960365       -2.10867217201103        3.42421814742599
C            5.97901810457389       -0.52344732918169        1.65766616832996
C            6.05054766507527        0.85370226765838        2.34591484509040
C            7.18555880532601        1.66075439872141        1.79757835823250
C            8.38126021346217        1.85793631769988        2.33976477816045
C            8.83607777434156        1.30636739970375        3.65823102991713
C            9.42182969299164        2.68676036730311        1.64318606429485
H           -1.35197423798893       -3.06705214418573        2.28543950003728
H            0.38982509128580       -3.56982142438507        2.48877694173638
H           -0.54032636974546        0.44031593386617        1.63706687669415
H           -1.88090022043083       -0.67210948478699        1.98210382264365
H           -1.70544240105845       -1.60105094299581       -0.30268020992198
H            0.55403854132789       -1.28830931660943       -1.07285615790507
H            0.56449186611328        0.39982814006318       -0.55787073591522
H            0.03785176450682        0.62942266723020       -2.93694402693298
H           -0.98020085858408       -0.81128039510200       -2.89443291649375
H           -5.31311972945221        3.79308869712061       -1.62733975196111
H           -7.67256693362323        2.85525768294885       -1.60215365718270
H           -7.16479634366836        1.61323050672370       -2.82849198511829
H           -7.04241308990647        4.68334032495528       -3.25229946228393
H           -6.55036263699026        3.40274611777453       -4.44407291577991
H           -2.14111169599737        1.36362169760986        0.09200752588702
H           -3.89415268481216       -0.42936767860272        0.56543494932847
H           -4.38960238839219        0.93031303488595       -0.43699076309626
H           -3.59930973186183       -1.82443677299495       -1.49157842732231
H           -4.06584339849455       -0.44821715112856       -2.48756382356143
H           -6.27346205932950       -0.37411836559977       -1.29572953141143
H           -5.82076383763213       -1.83766332393171       -0.42093933098218
H           -5.57883846246972       -3.04539905295447       -2.59257011380883
H           -6.02350607366378       -1.57099518013369       -3.45284294639179
H           -8.25882493473146       -1.59542638722263       -2.34501960059461
H           -7.81356544761248       -3.06091158852272       -1.47043717673259
H           -7.97588978978114       -3.09651810053593       -3.22721309129377
H            2.27486349215050       -2.90711316482987        1.32186987977781
H            2.38186647107223       -2.28430038092268        2.98530635364749
H            3.53922968629770       -0.68786454223120        0.64598622893190
H            4.19137092681799       -2.13987936974993        4.06840340715091
H            5.89607373738036       -1.67919752016953        3.98444810530688
H            5.33233246891729       -3.13558812547344        3.16645223351114
H            6.91066233031295       -1.06132158353415        1.84454709156243
H            5.88292144811474       -0.37060619588402        0.58137059204817
H            5.11119575018216        1.37920873381344        2.15793211484143
H            6.14338906515189        0.71602043483130        3.42331977900106
H            6.98619383883249        2.09664185575818        0.82611099399342
H            9.67096082085882        0.62239442340630        3.50306502351297
H            8.04837338789048        0.77131087947527        4.17798770919329
H            9.18817213972624        2.11473547503904        4.29888996269430
H            9.70034272005882        3.54003793248236        2.26131859363399
H            9.05955112058103        3.05481643736641        0.68712131213753
H           10.32198363359553        2.09696335551272        1.47148563311730
74
 energy: -94.790006021804 gnorm: 0.001469860551 xtb: 6.7.1 (edcfbbe)
C           -0.30782172622932       -2.80646520659642        2.21068434171462
C            0.03985296998463       -1.59074049028020        1.80598361488020
C           -0.96300773711550       -0.54061856829194        1.40657475670332
C           -1.28209180871576       -0.61439236979078       -0.08956209937030
C           -0.05681141034575       -0.38641011759846       -0.98080989162002
C           -0.64763777272827        0.05728730765948       -2.31659814690220
C           -1.85900939192168        0.84252860140242       -1.92627682184279
N           -2.33232163645247        1.69923409122341       -2.71998407724089
O           -3.46373842048456        2.42921729509194       -2.26040841694036
C           -4.57981660390508        2.28084799541681       -2.99377274003715
O           -4.70572056056217        1.51751255573985       -3.91356080819658
C           -5.64450431815401        3.16022911567833       -2.44873841686595
C           -7.04921633317104        2.60914808018657       -2.44757742043265
C           -6.68060119607718        3.67608886501348       -3.41455087480048
C           -2.28510617096303        0.46936180916575       -0.52806108852406
C           -3.75484893360247        0.04027028271189       -0.40702081043174
C           -4.20619741628274       -0.92026848836665       -1.50589569086574
C           -5.67947132771619       -1.28931413563360       -1.35371541131347
C           -6.17713889052343       -2.12388235725655       -2.53080199461394
C           -7.65096243132273       -2.48327828149629       -2.39040958020912
O            1.30567478644843       -1.11546877623021        1.66565965824657
C            2.38823918974158       -1.98935196052859        1.92235171641425
C            3.64635323792703       -1.27506335051374        1.54063337400552
C            4.81409639657275       -1.31369308781578        2.17137176294076
C            5.07209823274468       -2.11312430440440        3.41412136528457
C            5.98148696814413       -0.51791957823652        1.65632235854926
C            6.05647192573510        0.85271808147563        2.35626905848363
C            7.18996678759035        1.66340573392034        1.81052668638568
C            8.38750227459925        1.85585027245818        2.35035034711506
C            8.84613713102392        1.29545982659539        3.66354125092025
C            9.42698159055105        2.68721879613195        1.65543700110072
H           -1.34610910970121       -3.07125324755787        2.28092430787038
H            0.39675069615044       -3.56900353137270        2.48613540602753
H           -0.54095492473880        0.43932267013330        1.63755489113048
H           -1.87991040048399       -0.67554534358715        1.98086826494316
H           -1.70246874208405       -1.60098277114189       -0.30558947487063
H            0.55685266002517       -1.28036767826795       -1.07496184041201
H            0.56104644076458        0.40781040143804       -0.55937263929645
H            0.03210931233271        0.63584497835076       -2.93820945418257
H           -0.98108186617487       -0.80810926225643       -2.89492547158411
H           -5.32613398071829        3.79069813502542       -1.63037418606450
H           -7.68257783593336        2.85226863341912       -1.60810662666704
H           -7.17409105439577        1.60813912495749       -2.83170820073862
H           -7.05184695949840        4.67735777318517       -3.26053559501627
H           -6.55660437987960        3.39493994836328       -4.44888061811829
H           -2.14303634121977        1.36292915836929        0.09361377890908
H           -3.89450951131065       -0.43044315663752        0.56969362306750
H           -4.39185079261691        0.92709657223978       -0.43469553641149
H           -3.60240546444966       -1.83035713986665       -1.48242602789473
H           -4.06302300758043       -0.45548559592266       -2.48314909830506
H           -6.27272631023127       -0.37342189408386       -1.29002583205893
H           -5.82574070294913       -1.84278442598405       -0.42225869703535
H           -5.58501550617961       -3.03950140101325       -2.60066746779353
H           -6.02483532725620       -1.55916596579440       -3.45296550182541
H           -8.26091717579734       -1.58324635196606       -2.34812968688913
H           -7.82065323153548       -3.05353426639706       -1.47914318220498
H           -7.98145996396624       -3.08150995765051       -3.23627736405056
H            2.27782588134261       -2.90101650119957        1.31248435349877
H            2.38788211557539       -2.28640920920619        2.97878959180604
H            3.54046189008081       -0.67729965750518        0.64612961119658
H            4.20064496459468       -2.14331715907872        4.06274318431068
H            5.90329884453421       -1.69068975264703        3.97091491486730
H            5.33038767015775       -3.13835339407653        3.15256183350056
H            6.91275241976083       -1.05857103135303        1.83658369162693
H            5.88359184749883       -0.35599771891089        0.58173492497950
H            5.11678707808841        1.38013539687488        2.17665022033138
H            6.15353209681625        0.70526512459693        3.43174265039371
H            6.98831237212903        2.10528911211859        0.84253252251207
H            9.67395563148655        0.60525913834709        3.49971883103400
H            8.05759459596364        0.76447279651502        4.18636869646712
H            9.20906819922053        2.09803309843610        4.30496776406519
H            9.70626899472329        3.53822051605654        2.27628609089837
H            9.06315814666205        3.05869689268774        0.70133517598361
H           10.32683332601701        2.09819930546654        1.48033002470352
74
 energy: -94.790025475765 gnorm: 0.001185777717 xtb: 6.7.1 (edcfbbe)
C           -0.30062664724978       -2.80742360744295        2.20492253058288
C            0.04306225820877       -1.58966227943103        1.80286503395808
C           -0.96278762941756       -0.54170417108927        1.40533280086657
C           -1.28169935612900       -0.61296800040379       -0.09096046444174
C           -0.05755562841965       -0.37878949294635       -0.98206825822928
C           -0.65089655302215        0.06307634515022       -2.31740921782808
C           -1.86534978257926        0.84315822042188       -1.92611321871540
N           -2.34281947793846        1.69754121094652       -2.71983820922631
O           -3.47676434599901        2.42341735776161       -2.26047640090141
C           -4.59086102292797        2.27430696123606       -2.99645214315728
O           -4.71325900065883        1.51271637926266       -3.91821678258132
C           -5.65877814328007        3.15029273518449       -2.45237213538488
C           -7.06204740012899        2.59568374776911       -2.45193065122227
C           -6.69538315756266        3.66285775740502       -3.41933881871595
C           -2.28801084170741        0.46876473642779       -0.52702004896114
C           -3.75682161042744        0.03770051696340       -0.40333659580289
C           -4.20869330672104       -0.92406772537328       -1.50098738683742
C           -5.68386545647323       -1.28740281852103       -1.35277349911425
C           -6.18402477883719       -2.11122051899395       -2.53646710813720
C           -7.65984132774297       -2.46428008264621       -2.40087668137914
O            1.30764523448782       -1.11007649755993        1.66466615298670
C            2.39262966056753       -1.98245560261112        1.91547448472522
C            3.64892452780060       -1.26352369466376        1.53619582584600
C            4.81860777252262       -1.30953468575959        2.16292413700586
C            5.07866585137608       -2.12231413207233        3.39685457994464
C            5.98521630432678       -0.50922971795962        1.65343022603636
C            6.06727018602859        0.85094254750602        2.37303590705971
C            7.19880760334293        1.66691341310259        1.83141674539224
C            8.39906551208304        1.85247570323843        2.36757667135532
C            8.86402315096966        1.27667634578520        3.67199504145865
C            9.43566409078646        2.69073655896921        1.67634339382210
H           -1.33796458004408       -3.07622200799538        2.27410469705049
H            0.40658699336878       -3.56785183240219        2.47940697147818
H           -0.54339467437153        0.43892149271821        1.63832922200886
H           -1.87936624558885       -0.68037144232206        1.97925777565172
H           -1.69892904394602       -1.60031862004715       -0.30959160297841
H            0.56043962829000       -1.26972337687092       -1.07686007984088
H            0.55636477217947        0.41824828753678       -0.56020682444991
H            0.02603533342674        0.64484182527692       -2.93915729953979
H           -0.98079860273232       -0.80349986484631       -2.89596548411751
H           -5.34368418845737        3.78220693932516       -1.63382406746866
H           -7.69607386589900        2.83847665224810       -1.61284503857700
H           -7.18515968155866        1.59421018284587       -2.83519388433360
H           -7.06937641291840        4.66326544851738       -3.26686905796704
H           -6.56970843357541        3.38074821140965       -4.45320694349504
H           -2.14582261540057        1.36247498647426        0.09448921999639
H           -3.89473532313250       -0.43227345135027        0.57394974479732
H           -4.39478642694434        0.92385509697038       -0.43101155087359
H           -3.60818738255725       -1.83620962975537       -1.47374442136704
H           -4.06090791629749       -0.46185143617070       -2.47880504285457
H           -6.27294731821882       -0.36917726763262       -1.28363848994905
H           -5.83399716817716       -1.84652489496163       -0.42529086384711
H           -5.59627887583810       -3.02922421472143       -2.61206009663740
H           -6.02760274641093       -1.54060975250294       -3.45438359916996
H           -8.26559517247901       -1.56157109701649       -2.35492205232727
H           -7.83404853702387       -3.03865169196667       -1.49300095673047
H           -7.99158842409381       -3.05634919496478       -3.25064012885869
H            2.28352727268298       -2.89133945826607        1.30112757042819
H            2.39502164940630       -2.28499397184425        2.97040518289914
H            3.54009433377324       -0.65651731649985        0.64818701326657
H            4.21425534708192       -2.14207381279513        4.05582267145172
H            5.92425307489380       -1.71803782825382        3.94662738310976
H            5.31607053263193       -3.15057451845166        3.12478284280007
H            6.91609293378129       -1.05474508361933        1.82131560520960
H            5.88254435029067       -0.33153831030412        0.58161208197871
H            5.12725509817267        1.38255434313803        2.20735928418343
H            6.17121749343790        0.68738688856388        3.44561867060980
H            6.99250893651880        2.12055472196999        0.86960533410401
H            9.68011803763260        0.57631166622492        3.49511572905992
H            8.07406177702768        0.75344544232375        4.20025604190728
H            9.24486444347493        2.06953519087763        4.31446924512095
H            9.71499721819363        3.53785780456386        2.30262709758848
H            9.06917350032157        3.06854199847270        0.72562932545638
H           10.33597422381508        2.10420538637835        1.49506772006764
74
 energy: -94.790037363140 gnorm: 0.004587422766 xtb: 6.7.1 (edcfbbe)
C           -0.28461530090888       -2.81014448096092        2.18887784720875
C            0.05130182530305       -1.58796576729719        1.79350831981072
C           -0.96052390697092       -0.54340543580265        1.40196272052521
C           -1.27967591146530       -0.60893430715797       -0.09453470763026
C           -0.05809120700828       -0.35790811043522       -0.98459201537153
C           -0.65700664039389        0.07915714011276       -2.31899445810119
C           -1.88023802741896        0.84478669662252       -1.92565589659473
N           -2.36824112413676        1.69324067365505       -2.71939012950608
O           -3.50926026159636        2.40765277684389       -2.26014816050965
C           -4.61784022536601        2.25788760993817       -3.00445078821902
O           -4.73096746690384        1.50196758340385       -3.93212740864724
C           -5.69330011194209        3.12543822020133       -2.46161907211159
C           -7.09314093442587        2.56189704011775       -2.46286051862854
C           -6.73173903166596        3.63092514365855       -3.43026075210159
C           -2.29515988309759        0.46645947614062       -0.52507509886560
C           -3.76150525849382        0.02923688923479       -0.39483951328646
C           -4.21522885214288       -0.93508636193969       -1.48968613994097
C           -5.69545368374606       -1.28300899929919       -1.35072237564892
C           -6.20266109208217       -2.08095190905868       -2.54959584702648
C           -7.68369909786176       -2.41705821977903       -2.42549751582102
O            1.31316227141347       -1.10029508294066        1.65725334071663
C            2.40391608248490       -1.96736352046323        1.89906298095251
C            3.65523897049599       -1.23624490403042        1.52585212252106
C            4.83001574361209       -1.29880970947159        2.14214953521952
C            5.09555569760308       -2.14501994385769        3.35363417723792
C            5.99295775787312       -0.48505201412678        1.64601140115328
C            6.09278423344388        0.84840861361259        2.41520417627497
C            7.21939245836655        1.67834978198602        1.88454188662232
C            8.42708223127315        1.84493146277849        2.41073438748960
C            8.90785313382601        1.23005757520629        3.69282300654989
C            9.45795899045732        2.69791486838764        1.72831281988343
H           -1.32010760340677       -3.08606215076976        2.25783373150884
H            0.42795377253323       -3.56733654199541        2.45854945971871
H           -0.54577525654785        0.43825668915949        1.63917904549248
H           -1.87600969568827       -0.68936805033011        1.97591797316011
H           -1.68778013984648       -1.59876330185627       -0.31933130373101
H            0.57164228522367       -1.24052829727899       -1.08070701383356
H            0.54505129373634        0.44647449741731       -0.56083967642985
H            0.01268220417623        0.67013878323844       -2.94006398134529
H           -0.97667689653032       -0.79034347721586       -2.89888918287186
H           -5.38483752941968        3.75938580566265       -1.64201697745396
H           -7.72883878161578        2.80226954756906       -1.62420527274983
H           -7.21116676178431        1.55946512051046       -2.84528147178720
H           -7.11247277576359        4.62915863067239       -3.28023356228192
H           -6.60196019365102        3.34773801988118       -4.46342550343207
H           -2.15428718370412        1.36052252319929        0.09639138610645
H           -3.89434824323508       -0.43927170980371        0.58382686140884
H           -4.40215873192014        0.91353902409090       -0.42184340851028
H           -3.62360015863674       -1.85273607152346       -1.45329138274208
H           -4.05600617300962       -0.47932540737835       -2.46890507240432
H           -6.27361476670767       -0.35872059210440       -1.26872936910191
H           -5.85545697058604       -1.85511211252152       -0.43268702883069
H           -5.62654216983371       -3.00524740291011       -2.63869595206743
H           -6.03580221309118       -1.49680966310906       -3.45742375197882
H           -8.27830263625440       -1.50737263545151       -2.36835292427639
H           -7.86930230559473       -3.00329646871474       -1.52724605429654
H           -8.01937373492799       -2.99180478918142       -3.28590675083002
H            2.30063632397323       -2.87169715776507        1.27684882062530
H            2.41052231124158       -2.27959192678148        2.95127204924112
H            3.53751460625317       -0.60594350000642        0.65449838876502
H            4.24871890120589       -2.13916335274451        4.03834804688506
H            5.97633024869085       -1.78581862577627        3.88574952587397
H            5.28092012473918       -3.18041678067714        3.05566108703929
H            6.92368189305453       -1.04171484080811        1.78055183167348
H            5.87601043693051       -0.26705689138915        0.58178477219336
H            5.15240496438471        1.39089705702396        2.28452240732852
H            6.21374900912350        0.64408645320995        3.48024874935969
H            7.00224054639185        2.16034132760067        0.93806989723197
H            9.69340123672497        0.50057387247917        3.48073917644096
H            8.11230359030523        0.72763774958192        4.23422255545348
H            9.33733545338592        1.99854503987738        4.33869634799115
H            9.73751626204438        3.53596609293085        2.36705635214714
H            9.08568052534509        3.09050354489156        0.78545925832931
H           10.35925355378456        2.11693918373622        1.53311444808470
74
 energy: -94.790063801013 gnorm: 0.002051087286 xtb: 6.7.1 (edcfbbe)
C           -0.28846019680204       -2.81080584312922        2.19066502437813
C            0.05021728903738       -1.58989920078747        1.79399318485828
C           -0.95930789548380       -0.54326148304672        1.40207184635180
C           -1.27762005334360       -0.60889444084795       -0.09456572457649
C           -0.05567528678703       -0.35628043977017       -0.98362479568547
C           -0.65408381473373        0.07958661430002       -2.31856699928679
C           -1.87834621102308        0.84394595293821       -1.92605742459203
N           -2.36601418066032        1.69265037699080       -2.71963249610082
O           -3.50656987940419        2.40727392129787       -2.25970159206349
C           -4.61495581232218        2.26092982438603       -3.00526031868268
O           -4.72940327240072        1.50636816695101       -3.93371400782573
C           -5.68793100128378        3.13106919324700       -2.46177779563586
C           -7.08935665366572        2.57149042321644       -2.46300544536457
C           -6.72511356877456        3.64012800448193       -3.42979056590518
C           -2.29389617113004        0.46532765511942       -0.52587912480875
C           -3.76007846011471        0.02708230461602       -0.39623494113662
C           -4.21381579941533       -0.93787790570182       -1.49051973118760
C           -5.69362628504467       -1.28680346615929       -1.34985554762986
C           -6.20103105786140       -2.08785670011463       -2.54612155600864
C           -7.68138305211905       -2.42547816976523       -2.41944200138736
O            1.31287660615917       -1.10551593596279        1.65527395880980
C            2.40247529415988       -1.97244206217942        1.90189857676280
C            3.65412743124973       -1.24236957441601        1.52807678640878
C            4.82805016219936       -1.29990856886987        2.14607045167218
C            5.09360372234445       -2.13927425745250        3.36126021899618
C            5.99032264102865       -0.48685488286298        1.64755071473149
C            6.08746018656061        0.85012191123247        2.40809485092092
C            7.21595406468620        1.67635660680149        1.87596440067926
C            8.42254849531743        1.84468115973037        2.40350715731097
C            8.89913377039061        1.23693534012439        3.68930592940321
C            9.45549380173081        2.69406725849902        1.71994764439374
H           -1.32457570141724       -3.08375950625470        2.26128630299518
H            0.42250691156029       -3.56972420081725        2.45968086581544
H           -0.54259592018622        0.43764145410496        1.63895914560795
H           -1.87527882798979       -0.68703026396078        1.97579261216348
H           -1.68427458421563       -1.59921681544044       -0.31971519430727
H            0.57573994023860       -1.23772061279802       -1.07878545593554
H            0.54563671625939        0.44921346785848       -0.55934736217255
H            0.01528416825601        0.67129585534167       -2.93922839652277
H           -0.97229761475600       -0.79043452397022       -2.89841283800218
H           -5.37701324718125        3.76326265038950       -1.64181334339861
H           -7.72426288902453        2.81293786765436       -1.62407035480479
H           -7.21010162549459        1.56960564634590       -2.84611710352236
H           -7.10281193375624        4.63936502826055       -3.27906933152270
H           -6.59617761686170        3.35729122774624       -4.46317920488169
H           -2.15436635187982        1.35950745556923        0.09574741025733
H           -3.89260353200103       -0.44117577617251        0.58259612882808
H           -4.40119702294872        0.91105458678300       -0.42347366473437
H           -3.62159545923312       -1.85505377162703       -1.45431923887752
H           -4.05569568012789       -0.48221969395126       -2.46989669755463
H           -6.27259489749941       -0.36308264214394       -1.26951290315953
H           -5.85256535214474       -1.85680203919265       -0.43054940470354
H           -5.62389390838043       -3.01142036960516       -2.63386057853781
H           -6.03598623227587       -1.50577285740692       -3.45532022240934
H           -8.27697008752897       -1.51662719309584       -2.36141106403328
H           -7.86502077323587       -3.01170219748668       -1.52099510310335
H           -8.01757295972880       -3.00062194333685       -3.27916682568288
H            2.30016503628696       -2.87872306770390        1.28256854095503
H            2.40680983458949       -2.28107461981747        2.95503484817277
H            3.53678714379770       -0.61600388376910        0.65425360604811
H            4.24377789975987       -2.14002590464120        4.04130157912744
H            5.96719380677213       -1.77057641693380        3.89585324622281
H            5.28983512006980       -3.17247355757255        3.06774700371604
H            6.92155438713505       -1.04018040824703        1.78625487978889
H            5.87453771130011       -0.27530124257567        0.58299877030278
H            5.14783896810097        1.39076770467625        2.27130547922706
H            6.20499348183561        0.65296264309251        3.47361122971414
H            7.00099751898151        2.15431672479321        0.92751235751400
H            9.69130655667040        0.51594322414947        3.48473519650739
H            8.10577970527125        0.72853204334562        4.22716444230154
H            9.31632957099244        2.00958760286854        4.33461810901171
H            9.73444124557542        3.53449872474539        2.35557900947414
H            9.08565194806561        3.08275973374005        0.77478363047646
H           10.35668973387267        2.11168808411086        1.52927407109618
74
 energy: -94.790074398291 gnorm: 0.001161580483 xtb: 6.7.1 (edcfbbe)
C           -0.28673858352415       -2.81198568080143        2.18748354615603
C            0.05175212229813       -1.59066531252582        1.79185395208503
C           -0.95814367163012       -0.54369096595842        1.40164315675015
C           -1.27631713875252       -0.60799803677324       -0.09506391611747
C           -0.05477564253938       -0.35097797114801       -0.98340345551108
C           -0.65412243547187        0.08338557552805       -2.31831601838326
C           -1.88048293393755        0.84424808125128       -1.92551899709418
N           -2.37073785657473        1.69126847707017       -2.71930355781996
O           -3.51260629014337        2.40354837942417       -2.25916174152241
C           -4.61997682084599        2.25831907911913       -3.00675257156284
O           -4.73330168013951        1.50465975389135       -3.93589661230083
C           -5.69284523815381        3.12909950226687       -2.46405841472159
C           -7.09470075070458        2.57055536315020       -2.46632026654774
C           -6.72895259689366        3.63891674394076       -3.43281765974145
C           -2.29485312574375        0.46438302424574       -0.52537983397647
C           -3.76034640482426        0.02394551200454       -0.39452709204262
C           -4.21423855312836       -0.94090011066874       -1.48888042635094
C           -5.69464406073646       -1.28773077623911       -1.34896367049156
C           -6.20347231848771       -2.08539987443124       -2.54687110196140
C           -7.68445046436879       -2.42050251199640       -2.42096153716259
O            1.31415307972640       -1.10607027692206        1.65205837622285
C            2.40436502897872       -1.97197681604093        1.89969910641777
C            3.65510652860057       -1.23983714227567        1.52692170180168
C            4.82950583680697       -1.29781102289461        2.14393929150029
C            5.09609762307737       -2.14080060021870        3.35639192309981
C            5.99068941818982       -0.48265996791465        1.64658336146420
C            6.09000000735623        0.85057142222648        2.41314160255506
C            7.21845280572273        1.67784489446049        1.88239660558638
C            8.42602964218821        1.84294770195441        2.40861854525804
C            8.90350401740391        1.23036817698821        3.69168850576055
C            9.45900715380018        2.69345141229933        1.72654700181858
H           -1.32288612540523       -3.08471476553892        2.25898341493681
H            0.42441715228540       -3.57139284729657        2.45475808859463
H           -0.54170365265475        0.43710285948439        1.63960283487905
H           -1.87396081076433       -0.68839568731447        1.97540220152490
H           -1.68056377364446       -1.59896476086848       -0.32165842839299
H            0.57965413210480       -1.23012682475112       -1.07865290849318
H            0.54367156921333        0.45633188957020       -0.55856243105544
H            0.01356443494251        0.67719855576604       -2.93870614181743
H           -0.96972433965689       -0.78740283049057       -2.89838815912760
H           -5.38163078328771        3.76082105361997       -1.64384024632599
H           -7.73018540931586        2.81228003790539       -1.62792907194877
H           -7.21563327678240        1.56874280656826       -2.84958598144771
H           -7.10600809708897        4.63844301032023       -3.28229560883755
H           -6.59944470038951        3.35609635370556       -4.46615772312348
H           -2.15650813932319        1.35855065107438        0.09652387542769
H           -3.89150732202768       -0.44472177662660        0.58430041832336
H           -4.40237431110285        0.90727249670331       -0.42098923349066
H           -3.62321678623604       -1.85876645838845       -1.45196144656475
H           -4.05509484201100       -0.48589567919337       -2.46836781093208
H           -6.27203691200354       -0.36319144958714       -1.26670318679946
H           -5.85458929093226       -1.85929394961653       -0.43084233467884
H           -5.62818773732050       -3.00990317135531       -2.63673802882407
H           -6.03742678501550       -1.50167564605753       -3.45480121496209
H           -8.27821429198282       -1.51070526950995       -2.35945462199054
H           -7.86914829336168       -3.00959084258048       -1.52467607993315
H           -8.02197283207844       -2.99178011249503       -3.28268013701637
H            2.30386634061075       -2.87854325958346        1.28038239791795
H            2.40806056791428       -2.28051558247059        2.95297454134490
H            3.53653526070472       -0.61191798844686        0.65476826425746
H            4.24794789450826       -2.14194648868403        4.03778217229601
H            5.97037945556604       -1.77513274863933        3.89009677762470
H            5.28957349657342       -3.17300787451175        3.06069330536462
H            6.92215263204190       -1.03684256961188        1.78011813827037
H            5.87190992783682       -0.26601919529363        0.58352004318384
H            5.15069799728219        1.39279058921838        2.28050268749098
H            6.20945384031596        0.64833462350189        3.47747697555648
H            7.00263706777493        2.15933747879330        0.93606108463479
H            9.69295312213393        0.50808912527925        3.48393040785950
H            8.11011464215648        0.72290044619444        4.23013906542572
H            9.32394927568250        1.99992888830320        4.33776430292405
H            9.73786735492679        3.53286732914944        2.36358891014070
H            9.08946291495625        3.08357342001833        0.78186657268242
H           10.36019273532387        2.11128013064374        1.53532936719168
74
 energy: -94.790094741274 gnorm: 0.000987420755 xtb: 6.7.1 (edcfbbe)
C           -0.27755610192501       -2.81579859999466        2.17455027567635
C            0.05803814124666       -1.59208993261567        1.78375034921755
C           -0.95528185436898       -0.54578574481829        1.40019575735563
C           -1.27331404858815       -0.60478323027690       -0.09672245927115
C           -0.05340943495746       -0.33391217912950       -0.98319588373850
C           -0.65639625436671        0.09672767284093       -2.31741135402147
C           -1.88964636164710        0.84596026817722       -1.92327752902482
N           -2.38953991519964        1.68646674597011       -2.71806023629139
O           -3.53644154106903        2.39020322893690       -2.25769491281523
C           -4.64066860618571        2.24576530459438       -3.01101882719620
O           -4.74931891748017        1.49345894756073       -3.94139683956110
C           -5.71470064390086        3.11740848234909       -2.47176891132333
C           -7.11710057831096        2.56007867144223       -2.47821236393585
C           -6.74745009251815        3.62794051054687       -3.44374816202810
C           -2.29881237695178        0.46244485432497       -0.52273937522279
C           -3.76203913816643        0.01511044954278       -0.38791230494012
C           -4.21702098226190       -0.94793692544914       -1.48340688286528
C           -5.69944823782967       -1.28778508013911       -1.34704253001665
C           -6.21298302733939       -2.07178973570765       -2.55206882789843
C           -7.69654817842724       -2.39695231972555       -2.43023261840256
O            1.31877019415725       -1.10423015689087        1.64170787535482
C            2.41202306219278       -1.96640479190205        1.89002695323024
C            3.65963891486462       -1.22710879554882        1.52118797483687
C            4.83614794091311       -1.29031978201541        2.13358226579178
C            5.10568507774042       -2.14975458775890        3.33401235239033
C            5.99413528723738       -0.46709595478590        1.64279850126522
C            6.10327836939650        0.85045874941828        2.43464594646403
C            7.23062769229581        1.68401235523587        1.91097884469383
C            8.44200990305519        1.83689555797394        2.43213072375848
C            8.92511108973737        1.20239346864398        3.70267165683186
C            9.47392333106691        2.69396068757130        1.75694703086567
H           -1.31329949148333       -3.08987729527519        2.24783969435564
H            0.43536892122163       -3.57577834374533        2.43580814870321
H           -0.54188435673801        0.43525405170494        1.64268372846664
H           -1.87018618287909       -0.69614584806494        1.97404553365754
H           -1.67046435220705       -1.59746883806700       -0.32838509031089
H            0.59016006889126       -1.20606243904532       -1.07956687522391
H            0.53641920371173        0.47874590220940       -0.55648236471725
H            0.00579397277263        0.69745396472455       -2.93693372682936
H           -0.96391069918388       -0.77622727664542       -2.89854805115782
H           -5.40389236384961        3.74858347370429       -1.65096109239808
H           -7.75561159199526        2.80175468171742       -1.64218369488149
H           -7.23655959123696        1.55821051251242       -2.86196847029347
H           -7.12385124388179        4.62787967637046       -3.29389291623441
H           -6.61516504616014        3.34557617711414       -4.47687066712956
H           -2.16334405159645        1.35646874673581        0.10000854102431
H           -3.88817003457975       -0.45663686009645        0.59008491098280
H           -4.40717582517816        0.89628859006586       -0.40993616147452
H           -3.63001778009159       -1.86823092552843       -1.44550013923738
H           -4.05422020334304       -0.49371812776798       -2.46255645900115
H           -6.27130863546619       -0.36045208982524       -1.25724027369070
H           -5.86315931267856       -1.86592731770610       -0.43373518759840
H           -5.64459711882156       -2.99978329723220       -2.64965771007771
H           -6.04203647800623       -1.48136384753273       -3.45479679298669
H           -8.28312497156449       -1.48327628020457       -2.35684935304999
H           -7.88609188166721       -2.99613366447038       -1.54171205136145
H           -8.03853802328653       -2.95419420850188       -3.29936673847005
H            2.31692703903208       -2.87272357683543        1.26925234962927
H            2.41457496215486       -2.27660365299479        2.94311900439385
H            3.53603696591902       -0.58927219389067        0.65739887188182
H            4.26544654207524       -2.14605961729508        4.02455932515720
H            5.98948329183423       -1.80208090764958        3.86170758543470
H            5.28030314443368       -3.18062142255788        3.02668931245057
H            6.92577014348756       -1.02524756585495        1.75629798317610
H            5.86533483400486       -0.22902596326136        0.58570648527825
H            5.16504495298944        1.39820637403944        2.31925613393481
H            6.22994122799492        0.62723639984144        3.49384842305495
H            7.01092922151847        2.18020451419628        0.97351225294651
H            9.70006325923014        0.46930138610029        3.47759425022852
H            8.12989937330883        0.70214831572248        4.24516581866357
H            9.36582645323761        1.95794287192192        4.35194354747361
H            9.75245504733425        3.52795297070626        2.40127894950633
H            9.10370905510286        3.09207904540262        0.81590470958919
H           10.37540884325029        2.11408576680098        1.56050662222104
74
 energy: -94.790099950673 gnorm: 0.000333385828 xtb: 6.7.1 (edcfbbe)
C           -0.27699988864252       -2.81625263284399        2.17443191328614
C            0.05795525756465       -1.59246150494507        1.78371453891735
C           -0.95584742503385       -0.54686137784746        1.39990508006492
C           -1.27362359605691       -0.60483475753198       -0.09707152400192
C           -0.05386226316892       -0.33470487590059       -0.98374716566542
C           -0.65681784911868        0.09731426839013       -2.31765922245772
C           -1.88991063012496        0.84659961600217       -1.92333269724885
N           -2.38985284441080        1.68710109928791       -2.71787065614776
O           -3.53674529622974        2.39068584818261       -2.25749806708517
C           -4.64116209004511        2.24536775631166       -3.01024594755275
O           -4.74980344054117        1.49217013731623       -3.94019664003824
C           -5.71560025384210        3.11674015129481       -2.47127161275881
C           -7.11797383258844        2.55936800735284       -2.47918782699321
C           -6.74758849147376        3.62787446831100       -3.44379921700181
C           -2.29860728137683        0.46306304848059       -0.52266285599636
C           -3.76180991675501        0.01593121065979       -0.38827540720138
C           -4.21691619719544       -0.94601634371665       -1.48466503257591
C           -5.69904437062935       -1.28704025626053       -1.34756333291666
C           -6.21242683490206       -2.07204665221954       -2.55181217060885
C           -7.69587800638289       -2.39724155148393       -2.42917542522924
O            1.31841719653154       -1.10397989423625        1.64218685140900
C            2.41194705905701       -1.96563732061997        1.89060714887080
C            3.65958801499236       -1.22663223077599        1.52143144809408
C            4.83625847177938       -1.29027651696029        2.13336614355020
C            5.10582061187693       -2.14940577443147        3.33378161654940
C            5.99412571303586       -0.46693386276309        1.64246297645736
C            6.10368805043383        0.85018828561821        2.43451768669879
C            7.23108328593451        1.68373732289546        1.91129427196823
C            8.44241937259964        1.83625508801709        2.43256462982603
C            8.92514058247564        1.20156894585233        3.70273208691047
C            9.47451967155049        2.69359204522344        1.75819033123783
H           -1.31254597343452       -3.09091626321267        2.24709518013541
H            0.43607898570914       -3.57588426488520        2.43585243996732
H           -0.54328663882604        0.43422061286816        1.64306179116788
H           -1.87080942238576       -0.69818455001637        1.97318544629305
H           -1.67136787326131       -1.59713159231972       -0.32920833765084
H            0.58888371078266       -1.20746555469554       -1.08071600311715
H            0.53667166195347        0.47714281995402       -0.55648553106417
H            0.00566570922748        0.69814893782823       -2.93677797010488
H           -0.96473316383823       -0.77504333480283       -2.89948491691535
H           -5.40557813107699        3.74781593126098       -1.65012089027368
H           -7.75728386225911        2.80050047545886       -1.64362815633639
H           -7.23704423843262        1.55773476927238       -2.86369034577185
H           -7.12408181226257        4.62771357724549       -3.29336198997936
H           -6.61469862214584        3.34643703731644       -4.47702144103169
H           -2.16257001029789        1.35678457230547        0.10038468742846
H           -3.88758444874740       -0.45715894383068        0.58906876164878
H           -4.40703322402313        0.89704120121422       -0.40885638327452
H           -3.62905702519149       -1.86597918161170       -1.44840753727300
H           -4.05489812901201       -0.49025936306887       -2.46333068088131
H           -6.27171656304613       -0.36017736320197       -1.25837070105812
H           -5.86213555481280       -1.86473157563562       -0.43386890498803
H           -5.64371165507353       -2.99983315979600       -2.64863333752677
H           -6.04167243662499       -1.48232101506508       -3.45497598416094
H           -8.28230556986598       -1.48368227777279       -2.35519544466103
H           -7.88484606496564       -2.99651071075917       -1.54066035257849
H           -8.03842556107808       -2.95418885176288       -3.29807037941623
H            2.31673974098787       -2.87198121314258        1.27020543439667
H            2.41454510108773       -2.27546507975534        2.94361522440670
H            3.53574389107652       -0.58807666278748        0.65797483473343
H            4.26555257684576       -2.14524074006021        4.02497183892560
H            5.99082483759979       -1.80212589433665        3.86086314621390
H            5.27957767073838       -3.18062876007237        3.02553259381073
H            6.92563587367830       -1.02512038439957        1.75531276839285
H            5.86519588403445       -0.22816956305985        0.58570400401764
H            5.16547006201255        1.39805998589802        2.31962559543464
H            6.23047029025579        0.62641561078403        3.49344216921956
H            7.01104449459448        2.18131321109760        0.97462779697585
H            9.70000343291168        0.46851547385088        3.47661627715532
H            8.12949282581467        0.70081590705071        4.24457614171857
H            9.36604276829367        1.95684051170420        4.35251430658025
H            9.75303074577380        3.52704258244071        2.40299389098865
H            9.10418712430991        3.09247597465394        0.81764691677544
H           10.37603581368113        2.11402536110028        1.56118697458253
74
 energy: -94.790107136450 gnorm: 0.000867424382 xtb: 6.7.1 (edcfbbe)
C           -0.27578239354453       -2.81766412648782        2.17341566947945
C            0.05765094773027       -1.59349198480623        1.78261934450574
C           -0.95739696087097       -0.54920023542061        1.39888627628914
C           -1.27460963111102       -0.60540232654375       -0.09828252558797
C           -0.05477339147918       -0.33631960720177       -0.98501613185703
C           -0.65739441752698        0.09881686147107       -2.31820673661093
C           -1.88983792450963        0.84865662553322       -1.92301947031570
N           -2.39021161002029        1.68917120746275       -2.71716470985074
O           -3.53739372222207        2.39220222986846       -2.25684829465593
C           -4.64227816553350        2.24450801376525       -3.00819166061956
O           -4.75065416110204        1.48971834228129       -3.93711673935995
C           -5.71781322504025        3.11499402786074       -2.47004005955818
C           -7.12011458154504        2.55758082407491       -2.48189207607821
C           -6.74782824648375        3.62776369957556       -3.44397749828645
C           -2.29832690414475        0.46427371550089       -0.52249012908365
C           -3.76154118445928        0.01759459862355       -0.38849816005850
C           -4.21690526802015       -0.94123443098357       -1.48750744320103
C           -5.69812319005280       -1.28493458944609       -1.34873391823782
C           -6.21120332807800       -2.07274468834248       -2.55113822089034
C           -7.69436341239633       -2.39832174328230       -2.42663467157281
O            1.31749716420893       -1.10317859336702        1.64261992516030
C            2.41171442275750       -1.96361108179756        1.89189522755339
C            3.65905537588193       -1.22449656404162        1.52214262338143
C            4.83622355483322       -1.28903872915095        2.13299083996858
C            5.10641489771027       -2.14882026803615        3.33258741544990
C            5.99405389923031       -0.46601170100259        1.64138413014199
C            6.10441842367491        0.85011683858703        2.43467174352438
C            7.23184165463519        1.68408407684257        1.91248319034486
C            8.44318491838719        1.83545883356837        2.43404100176517
C            8.92562522465799        1.19850902255662        3.70284876918401
C            9.47569936486974        2.69332705285339        1.76109542340209
H           -1.31097759816825       -3.09372228448563        2.24516826646372
H            0.43789569936023       -3.57617853650314        2.43615622953481
H           -0.54668377473578        0.43214894671939        1.64376025223439
H           -1.87252742734855       -0.70292564635166        1.97110934705446
H           -1.67396673119343       -1.59683267811091       -0.33143023122417
H            0.58595999693748       -1.21041984306703       -1.08371038687645
H            0.53777964653734        0.47358257701623       -0.55684958189719
H            0.00587486948409        0.69992426017427       -2.93622718487401
H           -0.96624988722281       -0.77210263438310       -2.90173504054055
H           -5.40971776265582        3.74534167417906       -1.64764228880283
H           -7.76142760006238        2.79718915994671       -1.64743895376683
H           -7.23807812231458        1.55658547640661       -2.86840951959639
H           -7.12463173955332        4.62730658024401       -3.29208945415108
H           -6.61321433009091        3.34858569874749       -4.47751519887245
H           -2.16120058848823        1.35722571834053        0.10137545557509
H           -3.88692295954208       -0.45855235612705        0.58741606861357
H           -4.40675208010166        0.89873842454938       -0.40605978294307
H           -3.62737268310953       -1.86041580532916       -1.45540487124228
H           -4.05734993642313       -0.48220055033934       -2.46511163016307
H           -6.27240197348490       -0.35898227102383       -1.26053292630842
H           -5.85918394216165       -1.86146791146596       -0.43396012868877
H           -5.64195317021617       -3.00031571292379       -2.64631403378705
H           -6.04122242401665       -1.48478153405950       -3.45555331771662
H           -8.28054514815283       -1.48482749003979       -2.35126633350398
H           -7.88178656927401       -2.99783967210572       -1.53798940508946
H           -8.03822093026004       -2.95486976627979       -3.29509962902104
H            2.31700380788826       -2.87050785237532        1.27247081518360
H            2.41449618964338       -2.27225199925733        2.94512377568977
H            3.53491215233384       -0.58568554320918        0.65872683513951
H            4.26725378488228       -2.14360982076135        4.02550915929285
H            5.99332153320291       -1.80333534208531        3.85839768898360
H            5.27793952501737       -3.18057053988518        3.02357281516083
H            6.92529281673066       -1.02474251431644        1.75286308407691
H            5.86430903861634       -0.22627607301100        0.58505078345738
H            5.16630126454806        1.39833102038051        2.32057302980822
H            6.23119162522122        0.62519705440180        3.49327445325776
H            7.01203824270278        2.18277492379762        0.97632520859023
H            9.70048478777351        0.46573246749458        3.47530833214593
H            8.12980737833564        0.69670491293516        4.24374873317204
H            9.36663707073479        1.95253425766311        4.35412206678039
H            9.75478611126522        3.52524527683885        2.40746052030570
H            9.10540476511026        3.09424959940039        0.82146718451537
H           10.37686894183492        2.11371104765779        1.56278151497027
74
 energy: -94.790113635768 gnorm: 0.000787349595 xtb: 6.7.1 (edcfbbe)
C           -0.27422498404374       -2.81974413757255        2.17210075631863
C            0.05714894485148       -1.59492095231926        1.78143161426173
C           -0.95962849378345       -0.55247243719161        1.39729902354155
C           -1.27600134284636       -0.60619415890213       -0.10017211885267
C           -0.05585767243699       -0.33832026976352       -0.98677372542958
C           -0.65763006614781        0.10174807313748       -2.31884072650972
C           -1.88957809712430        0.85187202286490       -1.92259705361376
N           -2.39037494397919        1.69289923982633       -2.71602587263078
O           -3.53826409682000        2.39490017934766       -2.25564123580547
C           -4.64360291609784        2.24383508274456       -3.00548750092771
O           -4.75123020008556        1.48741007663767       -3.93321093681676
C           -5.72102636990327        3.11231167539815       -2.46806608328310
C           -7.12314240456721        2.55468643410337       -2.48631557339262
C           -6.74797243196652        3.62772421781518       -3.44407282389648
C           -2.29807737006910        0.46579581317246       -0.52256267379063
C           -3.76149168242501        0.01999185770552       -0.38919477453691
C           -4.21753264138686       -0.93471808175855       -1.49141711288281
C           -5.69742393250466       -1.28204600438641       -1.35001488384965
C           -6.21009301556640       -2.07384843642079       -2.54989320538472
C           -7.69278470491237       -2.40056055378765       -2.42289807614253
O            1.31622562992109       -1.10217337266961        1.64281231741941
C            2.41144845280206       -1.96090340867910        1.89357184330625
C            3.65828612098014       -1.22167425514976        1.52251092037276
C            4.83628939572107       -1.28755745856598        2.13162203238695
C            5.10737348104660       -2.14830690650247        3.33026513166855
C            5.99372912590375       -0.46419988112518        1.63969616426727
C            6.10535765305579        0.85056544460660        2.43505271186768
C            7.23342915424326        1.68447702245311        1.91416167025441
C            8.44488420955481        1.83375754739206        2.43613715051635
C            8.92683104280371        1.19329250567511        3.70342405024996
C            9.47778085789646        2.69313892161111        1.76566982546647
H           -1.30898269370241       -3.09814014183065        2.24182912813183
H            0.44057229503151       -3.57710399640197        2.43521688024658
H           -0.55132441190119        0.42937172986797        1.64429919913777
H           -1.87507355626239       -0.70911741738768        1.96832502722007
H           -1.67729207682341       -1.59653020990696       -0.33466739278049
H            0.58217400307904       -1.21414803569021       -1.08796795759125
H            0.53937029541711        0.46866714220245       -0.55690526922693
H            0.00680341493990        0.70361905325656       -2.93487766263104
H           -0.96752900125861       -0.76693011715192       -2.90517560329769
H           -5.41583887639963        3.74085513432250       -1.64318351567247
H           -7.76756513687799        2.79157715612535       -1.65347516494748
H           -7.23922526845058        1.55478324825110       -2.87627297825027
H           -7.12535784656909        4.62674704220134       -3.29005743048573
H           -6.61019916569294        3.35197381384288       -4.47811837664108
H           -2.15960145401062        1.35754574055383        0.10269065381196
H           -3.88639435018058       -0.46011517791906        0.58485672693840
H           -4.40650694662280        0.90137277234200       -0.40269445697756
H           -3.62583837913840       -1.85269255892188       -1.46509138965731
H           -4.06159984243439       -0.47124206588942       -2.46740673970994
H           -6.27390215257388       -0.35732356590950       -1.26314747397664
H           -5.85561032020742       -1.85689542535976       -0.43365546378141
H           -5.63986425518063       -3.00108347293850       -2.64271007497177
H           -6.04133089365636       -1.48832079225821       -3.45613998310519
H           -8.27923967056888       -1.48731702488232       -2.34597045886574
H           -7.87801623479615       -3.00044934000934       -1.53401216131745
H           -8.03805436864679       -2.95703190338820       -3.29086845237617
H            2.31771782941856       -2.86909366013527        1.27586398780098
H            2.41463900813924       -2.26749744250247        2.94748993117456
H            3.53316099753381       -0.58177601272035        0.66012013387529
H            4.27029120611749       -2.14102689702652        4.02554095566132
H            5.99651868544956       -1.80562809338076        3.85385398725307
H            5.27515971609282       -3.18042463840157        3.02081507961393
H            6.92489357044570       -1.02353868214107        1.74912951435367
H            5.86262214992906       -0.22286106234552        0.58386660282762
H            5.16757489583072        1.39966633552453        2.32215743717480
H            6.23218474033785        0.62364606126885        3.49326253750518
H            7.01367284577232        2.18599919127368        0.97951151906830
H            9.70158770892889        0.46101709792812        3.47407884150300
H            8.13100808286444        0.69000606940577        4.24282556914338
H            9.36786265566787        1.94520833578897        4.35708627701764
H            9.75784784914148        3.52268043123102        2.41475841127164
H            9.10750458478515        3.09748642154252        0.82746372090970
H           10.37833366494022        2.11329915778385        1.56512990573772
74
 energy: -94.790117716530 gnorm: 0.000425476295 xtb: 6.7.1 (edcfbbe)
C           -0.27349592459745       -2.82163925058762        2.16959520154009
C            0.05669929250313       -1.59638461670330        1.77922472058699
C           -0.96103320368928       -0.55449234047610        1.39595820807333
C           -1.27703769386368       -0.60674775624487       -0.10166472969361
C           -0.05646331921847       -0.33888955410616       -0.98776058038438
C           -0.65725846693198        0.10468090311624       -2.31909799521826
C           -1.88918204360865        0.85452003384424       -1.92211985729446
N           -2.38997963479937        1.69632427723368       -2.71480948693873
O           -3.53880608121148        2.39703793309973       -2.25429709757574
C           -4.64411634912569        2.24383121091850       -3.00381185270406
O           -4.75050426960002        1.48738948553750       -3.93162282016780
C           -5.72316567363456        3.11031983399914       -2.46650692699357
C           -7.12500356098416        2.55228887307138       -2.49010743145261
C           -6.74772249843959        3.62802989787619       -3.44392607143263
C           -2.29818160407292        0.46663057646015       -0.52279184512434
C           -3.76182588177029        0.02142728779180       -0.38980741482103
C           -4.21860410860903       -0.93089931223053       -1.49373906841207
C           -5.69771275903407       -1.28032431649883       -1.35047107054534
C           -6.21022560773295       -2.07482791811521       -2.54864133154831
C           -7.69246092288730       -2.40299351142030       -2.42022170187952
O            1.31534624366058       -1.10197823640461        1.64192845725862
C            2.41137621250525       -1.95917319230632        1.89439281335738
C            3.65756202290748       -1.21906548692724        1.52279438326814
C            4.83622959923548       -1.28584561160757        2.13055930958146
C            5.10815172969972       -2.14824859444676        3.32798207104672
C            5.99341408095472       -0.46232233758797        1.63836601559726
C            6.10612160670431        0.85131179818110        2.43562134984675
C            7.23463626741514        1.68571215678722        1.91632389615135
C            8.44626588476664        1.83296536622817        2.43846866786984
C            8.92818630821773        1.18868752983893        3.70402349773224
C            9.47977699564545        2.69286353529346        1.76957114916511
H           -1.30797130876046       -3.10103789725817        2.23965282026681
H            0.44210210100753       -3.57779359637360        2.43416878159941
H           -0.55389962553262        0.42756418486268        1.64436859209139
H           -1.87655964034206       -0.71276506045192        1.96652776488732
H           -1.67918682573112       -1.59651356547153       -0.33717893673490
H            0.57998661536078       -1.21564516897642       -1.09075171196108
H            0.54027163089110        0.46609710081195       -0.55627121811804
H            0.00796844994716        0.70759195353369       -2.93325837132904
H           -0.96733035042219       -0.76233452502337       -2.90781793275620
H           -5.42026866740005        3.73681002655987       -1.63919905315037
H           -7.77181755425766        2.78660487817146       -1.65839599762335
H           -7.23947729357686        1.55337934952679       -2.88311429493592
H           -7.12586834190657        4.62650805774998       -3.28830487582615
H           -6.60704755471921        3.35503659306500       -4.47834095431636
H           -2.15911413900984        1.35747097164308        0.10363490054761
H           -3.88666397172626       -0.46055203762707        0.58334271442746
H           -4.40641731602090        0.90314645186879       -0.40129628648624
H           -3.62579181464132       -1.84814945002669       -1.47070403958829
H           -4.06508112257132       -0.46506151108787       -2.46886990236230
H           -6.27556474219233       -0.35638020058819       -1.26432646456275
H           -5.85403382023712       -1.85409841539339       -0.43311172290145
H           -5.63905753663545       -3.00165216997676       -2.64012846714658
H           -6.04256525211794       -1.49075416046004       -3.45603245055356
H           -8.27975051418397       -1.49026735310348       -2.34285426483785
H           -7.87623524317779       -3.00294702939226       -1.53106813575580
H           -8.03808408525366       -2.95995736019893       -3.28780716613551
H            2.31889261119346       -2.86859706054881        1.27818787609333
H            2.41450024672113       -2.26410119136666        2.94890949019605
H            3.53160672707537       -0.57877829752415        0.66095219851458
H            4.27268102752797       -2.13898586251263        4.02500143176334
H            5.99908753634034       -1.80787226884287        3.84960288923243
H            5.27252960344769       -3.18054099672334        3.01793287562069
H            6.92466139535294       -1.02197036882960        1.74611946852549
H            5.86122341736823       -0.21956516660511        0.58293010645468
H            5.16874916888564        1.40122288540559        2.32352510725641
H            6.23276710840283        0.62275386167824        3.49355007550384
H            7.01541649015603        2.18864966524958        0.98234476970939
H            9.70283328301145        0.45687414992144        3.47298437880243
H            8.13224734608042        0.68429099911966        4.24206329008445
H            9.36920247658955        1.93889072424978        4.35956023739660
H            9.76093412969515        3.52043956689111        2.42075838263965
H            9.10943186147834        3.10009608169259        0.83260438637536
H           10.37970685350047        2.11270454865729        1.56704210547151
74
 energy: -94.790122959786 gnorm: 0.000408216747 xtb: 6.7.1 (edcfbbe)
C           -0.27304507633368       -2.82335159863493        2.16741074348100
C            0.05617804536941       -1.59766160618633        1.77749706505397
C           -0.96227772015837       -0.55634920035031        1.39433855982752
C           -1.27811435438331       -0.60718865093776       -0.10339313617274
C           -0.05689277581044       -0.33857177638570       -0.98855499393500
C           -0.65633298513220        0.10880064475838       -2.31914813731436
C           -1.88881179905483        0.85752717833042       -1.92160901085326
N           -2.38920872355801        1.70064834304357       -2.71325502667605
O           -3.53928367706901        2.39961865713099       -2.25255285327832
C           -4.64398930807787        2.24492150048574       -3.00275618610472
O           -4.74833820900196        1.48962654477016       -3.93160447540316
C           -5.72527017537189        3.10813534571306       -2.46472703747144
C           -7.12655930693158        2.54913527143105       -2.49487451473662
C           -6.74719146728873        3.62874388189214       -3.44340953663851
C           -2.29875897095310        0.46713820773036       -0.52334134745262
C           -3.76276505873275        0.02270716866063       -0.39070360861152
C           -4.22043040907993       -0.92810172568757       -1.49552835639737
C           -5.69896466951976       -1.27904217375599       -1.35040291345788
C           -6.21140399398084       -2.07604480082655       -2.54703554991047
C           -7.69302647924266       -2.40644172428615       -2.41728919397107
O            1.31447592961260       -1.10212296585394        1.64024941137554
C            2.41147788458393       -1.95745182337149        1.89476757625065
C            3.65680398305148       -1.21611477210827        1.52251655868141
C            4.83627542431941       -1.28374826116830        2.12868035136359
C            5.10911369306389       -2.14832948417767        3.32461837670579
C            5.99293940721265       -0.45945385635891        1.63670768016918
C            6.10689958334918        0.85262609415725        2.43664683595448
C            7.23641411661772        1.68689073782158        1.91902265044230
C            8.44837547480612        1.83134576102923        2.44122661818869
C            8.93004762758382        1.18280667520584        3.70498665264184
C            9.48244273855864        2.69244264599046        1.77465220282874
H           -1.30723265601566       -3.10418955890588        2.23635098191265
H            0.44343191043236       -3.57910800566943        2.43092512769657
H           -0.55579961101932        0.42579532261490        1.64371986501253
H           -1.87779202752431       -0.71557246823115        1.96476533718242
H           -1.68053042499047       -1.59659168687507       -0.33995218925756
H            0.57845033546491       -1.21588489177728       -1.09338200256586
H            0.54080392601696        0.46452989713983       -0.55494473365245
H            0.00961407413418        0.71350870151995       -2.93076578616774
H           -0.96572993424445       -0.75641484953194       -2.91085261707694
H           -5.42512217356059        3.73155545836114       -1.63409184940147
H           -7.77614789731189        2.77978929064537       -1.66429634052707
H           -7.23896037979685        1.55160932654804       -2.89200261330601
H           -7.12661472272161        4.62637416645874       -3.28566249155396
H           -6.60273597957061        3.35937159905516       -4.47831118562902
H           -2.15944578198874        1.35698483279367        0.10447876044037
H           -3.88776158374274       -0.46020502139566        0.58197100737778
H           -4.40671325994169        0.90491482884530       -0.40111651332713
H           -3.62694646894886       -1.84484512075072       -1.47486428541771
H           -4.06898185016121       -0.46075882612437       -2.47013494491405
H           -6.27787185199434       -0.35569311805009       -1.26483428109360
H           -5.85358049004605       -1.85177341072764       -0.43209640077723
H           -5.63900020070081       -3.00224338227492       -2.63757020381848
H           -6.04525344763688       -1.49314034867729       -3.45546804394557
H           -8.28185198299018       -1.49459679458569       -2.34029563840711
H           -7.87530691926592       -3.00609805643788       -1.52760879036234
H           -8.03827998222615       -2.96468682134903       -3.28431798753351
H            2.32076059364056       -2.86840800159526        1.28041470199799
H            2.41449211697048       -2.26032681577815        2.95003414184586
H            3.52938715772804       -0.57472582770490        0.66186581177528
H            4.27577738315672       -2.13650140730638        4.02389242374436
H            6.00239199339217       -1.81132599177292        3.84381026350691
H            5.26883221688477       -3.18078818331998        3.01367845424865
H            6.92429747975219       -1.01948521408536        1.74228469054777
H            5.85945876683826       -0.21475205163530        0.58180198898129
H            5.17016805809758        1.40379243588854        2.32549442327446
H            6.23325716938093        0.62188854048911        3.49421561776243
H            7.01750949153438        2.19271385505457        0.98653462543143
H            9.70455366586388        0.45162697397597        3.47193781740723
H            8.13399824570714        0.67703069103596        4.24131886000582
H            9.37103768783939        1.93082889120580        4.36288586879315
H            9.76507420525280        3.51747356908732        2.42856188665861
H            9.11207016523916        3.10334909208368        0.83923851277750
H           10.38151423464660        2.11183814360660        1.56959718104206
74
 energy: -94.790129930397 gnorm: 0.000797462993 xtb: 6.7.1 (edcfbbe)
C           -0.27272722095231       -2.82576071361056        2.16293082379839
C            0.05553624307653       -1.59949401754317        1.77399309905504
C           -0.96359335042873       -0.55814816662598        1.39245019313166
C           -1.27918720031432       -0.60731693416731       -0.10539383147497
C           -0.05723922378117       -0.33688908013949       -0.98918902090516
C           -0.65491417942450        0.11480697123702       -2.31901371628784
C           -1.88870486762852        0.86118936845325       -1.92099655621360
N           -2.38830572318548        1.70628260064048       -2.71110105849873
O           -3.54003444187781        2.40265806979070       -2.25010430914202
C           -4.64332460270302        2.24731035383909       -3.00231447806327
O           -4.74426050978469        1.49510485336497       -3.93394291056572
C           -5.72767211010953        3.10570971835932       -2.46278987625262
C           -7.12795111696426        2.54485349569277       -2.50157624418010
C           -6.74650674490918        3.63033284506360       -3.44254433787150
C           -2.29981289135242        0.46752802236438       -0.52406436138374
C           -3.76424288385509        0.02384310167936       -0.39207926187952
C           -4.22300788700415       -0.92662651881584       -1.49669767397098
C           -5.70127639317018       -1.27844924242356       -1.34975852189140
C           -6.21386212318089       -2.07774903814004       -2.54487981102492
C           -7.69465836631475       -2.41140268531401       -2.41354626794715
O            1.31344157175846       -1.10265899127841        1.63714717217194
C            2.41172591661656       -1.95542335932803        1.89448718212949
C            3.65588181287430       -1.21221494685857        1.52173215194010
C            4.83638214802165       -1.28092485973163        2.12576505529511
C            5.11031026296499       -2.14857321488537        3.31946754070929
C            5.99219402243373       -0.45504206969644        1.63462057546118
C            6.10796564451990        0.85467074868427        2.43837373924633
C            7.23877658198194        1.68896816534587        1.92338820622374
C            8.45130001647915        1.82923265281031        2.44547446922480
C            8.93264899318502        1.17464483516542        3.70646634791487
C            9.48640006675440        2.69143463250962        1.78188500890728
H           -1.30663844457744       -3.10739400627446        2.23273807314282
H            0.44468501550107       -3.58071353060205        2.42645619053766
H           -0.55730569516090        0.42391116073013        1.64275827286557
H           -1.87894662406573       -0.71822016900028        1.96299752508493
H           -1.68108553290978       -1.59655161978871       -0.34342940043372
H            0.57764173686547       -1.21428622484043       -1.09593482193823
H            0.54062652096387        0.46443856044601       -0.55260357948263
H            0.01156452950321        0.72245024163167       -2.92717360710481
H           -0.96250581917410       -0.74834991087359       -2.91461224157393
H           -5.43120777842995        3.72457204433141       -1.62741252833252
H           -7.78098430244016        2.76998680021209       -1.67215921088522
H           -7.23738517162624        1.54935088997635       -2.90461325912978
H           -7.12809967546848        4.62655899592708       -3.28140798854792
H           -6.59709340119813        3.36635868418608       -4.47821234692138
H           -2.16060359131456        1.35623848313586        0.10548599117455
H           -3.88965155344592       -0.45891760381501        0.58061347706247
H           -4.40744212946019        0.90660928196428       -0.40249925737295
H           -3.62928427472327       -1.84314792461389       -1.47713336250150
H           -4.07293383964102       -0.45876675374285       -2.47120430824006
H           -6.28094821612613       -0.35551892819281       -1.26483103400081
H           -5.85455690077818       -1.85013527517748       -0.43056544354688
H           -5.63966674757788       -3.00291569607998       -2.63493620112482
H           -6.04988645416010       -1.49563335118827       -3.45423087118890
H           -8.28588826080961       -1.50093675540513       -2.33796684235598
H           -7.87508825236985       -3.01004872058187       -1.52279111746566
H           -8.03886655859900       -2.97213812445737       -3.27950252194393
H            2.32375221317017       -2.86803942256212        1.28210290316615
H            2.41432664787838       -2.25605070201563        2.95053489090297
H            3.52630271178000       -0.56874738386402        0.66306118606531
H            4.28009526739855       -2.13305085230415        4.02224711865201
H            6.00739917662683       -1.81690067385071        3.83511214972992
H            5.26297098946309       -3.18134838956442        3.00672721842656
H            6.92371246307199       -1.01552177635059        1.73695530554538
H            5.85699056355450       -0.20707077677706        0.58064345156326
H            5.17208564626096        1.40755223935221        2.32872194307508
H            6.23388877701518        0.62058374489611        3.49530614345950
H            7.02031122426391        2.19893253712005        0.99305205732886
H            9.70691606084866        0.44431091416292        3.47030153184819
H            8.13640059710053        0.66677465935921        4.24034586957159
H            9.37375743280819        1.91950032562220        4.36780091986494
H            9.77121113250059        3.51291269272408        2.43941243026071
H            9.11596664571609        3.10741964886210        0.84869282627561
H           10.38418242806251        2.11004607074727        1.57330799610042
74
 energy: -94.790137339409 gnorm: 0.000745916061 xtb: 6.7.1 (edcfbbe)
C           -0.27203758321210       -2.82807353572716        2.15859080994745
C            0.05493186796295       -1.60107125189677        1.77101654939584
C           -0.96509909985709       -0.56026240221362        1.39032701802628
C           -1.28042552905108       -0.60719504103917       -0.10766312674586
C           -0.05767163111021       -0.33395975204555       -0.98962615737708
C           -0.65356528357390        0.12192935437829       -2.31875843167430
C           -1.88899627408380        0.86536230384453       -1.92030191079594
N           -2.38786884240564        1.71246914156021       -2.70865419334583
O           -3.54137834791676        2.40575149842661       -2.24742710805622
C           -4.64257335378195        2.25091163127749       -3.00276713761575
O           -4.73923917808606        1.50307765747522       -3.93839759916286
C           -5.73064884287388        3.10328448899001       -2.46117361658954
C           -7.12951660174377        2.53977888056328       -2.51001732805264
C           -6.74630849004803        3.63282893123295       -3.44154861486056
C           -2.30135364913183        0.46796391854131       -0.52483806127802
C           -3.76601265449397        0.02463434910908       -0.39345806083290
C           -4.22546526362839       -0.92616560748727       -1.49754004917031
C           -5.70368548786178       -1.27829907107020       -1.34903311499647
C           -6.21673240493991       -2.07990997287054       -2.54246468950827
C           -7.69653395924032       -2.41722164875826       -2.40871799024336
O            1.31224894244985       -1.10289509493111        1.63373000492276
C            2.41209203637981       -1.95275082816002        1.89341438507236
C            3.65473811312458       -1.20678092771093        1.52075721215280
C            4.83641019420752       -1.27686469295625        2.12231194554677
C            5.11176281435461       -2.14890617417341        3.31256407147156
C            5.99127004068529       -0.44921531264441        1.63199796331700
C            6.10930855107061        0.85706599980900        2.44102967635412
C            7.24146346316921        1.69165602206131        1.92943286051369
C            8.45475490869022        1.82648998309246        2.45118478086525
C            8.93570160198274        1.16422016176755        3.70828585641427
C            9.49134161909937        2.68970617459281        1.79124940483334
H           -1.30560061628407       -3.11118816593963        2.22749198739076
H            0.44637304805953       -3.58289261056865        2.41974125419722
H           -0.55936695046913        0.42169752119927        1.64192514248002
H           -1.88031234519749       -0.72155147032805        1.96067159526243
H           -1.68134867823857       -1.59633289535015       -0.34767537920719
H            0.57729732076413       -1.21104844325362       -1.09836250773011
H            0.53980615594080        0.46590751899085       -0.54980329076194
H            0.01323387394820        0.73312014065453       -2.92303967829958
H           -0.95861245839114       -0.73913503472319       -2.91864502328978
H           -5.43867296272375        3.71662502644260       -1.62013904383392
H           -7.78654999375553        2.75775213383056       -1.68180922967222
H           -7.23515262812672        1.54689193888348       -2.92051209331737
H           -7.13078748198199        4.62710644918345       -3.27537391508980
H           -6.59147361562904        3.37622961372097       -4.47832108297594
H           -2.16249288971045        1.35544343518783        0.10662371541015
H           -3.89195247005043       -0.45736709765022        0.57957138730874
H           -4.40863072781295        0.90780945500167       -0.40460730044637
H           -3.63177054280218       -1.84272836103067       -1.47796274596103
H           -4.07608596339970       -0.45860250462894       -2.47237435576197
H           -6.28385295476322       -0.35561509876467       -1.26484758502687
H           -5.85591048066007       -1.84887639089654       -0.42897011242978
H           -5.64053862122738       -3.00381998515963       -2.63257781193621
H           -6.05565982008176       -1.49840166151737       -3.45271734822656
H           -8.29041959238310       -1.50834887324441       -2.33514895232040
H           -7.87452608364246       -3.01403400984483       -1.51624624326212
H           -8.03983304281189       -2.98133815633571       -3.27285724587720
H            2.32713481338660       -2.86681018408300        1.28278275603809
H            2.41435879011002       -2.25137828682770        2.95004885257279
H            3.52281025261317       -0.56087731080450        0.66427069863099
H            4.28570176938448       -2.12858781667623        4.02032051508167
H            6.01437985484283       -1.82461615461600        3.82347056829492
H            5.25485047014314       -3.18231123285719        2.99698652621601
H            6.92286929340495       -1.01035425884558        1.72993644036170
H            5.85382875584825       -0.19679649461345        0.57936046026688
H            5.17438514979449        1.41199158095214        2.33367421068178
H            6.23491208101505        0.61857815483206        3.49701874022601
H            7.02348482653826        2.20680854540070        1.00182896006979
H            9.70972372441021        0.43497509462253        3.46781607782709
H            8.13908493707807        0.65353332791518        4.23900302507726
H            9.37705501694383        1.90505501166836        4.37403765149488
H            9.77907803245752        3.50666388438271        2.45311142283996
H            9.12086854953059        3.11201103997450        0.86091701608090
H           10.38740252781626        2.10725344258261        1.57822144835868
74
 energy: -94.790144867886 gnorm: 0.000469379258 xtb: 6.7.1 (edcfbbe)
C           -0.27070904673372       -2.83076543081866        2.15286844283405
C            0.05439852012929       -1.60272842283391        1.76706371161250
C           -0.96709510691496       -0.56260339986936        1.38849050489163
C           -1.28136107885239       -0.60662169114365       -0.10981849215514
C           -0.05803146724693       -0.33021229381075       -0.98999267132154
C           -0.65257401186944        0.12937472858116       -2.31843891883542
C           -1.88981635633278        0.86950546736593       -1.91953730299111
N           -2.38853703181980        1.71817276763854       -2.70621320088710
O           -3.54377234101393        2.40817258759000       -2.24481111684505
C           -4.64243407455131        2.25510539678813       -3.00408162486539
O           -4.73452503345182        1.51252481479319       -3.94441563176827
C           -5.73436555523038        3.10112079080470       -2.46032643110940
C           -7.13159900514015        2.53465399593809       -2.51964531182385
C           -6.74709329366339        3.63617578200188       -3.44071992335914
C           -2.30292063100116        0.46859099289722       -0.52528870980203
C           -3.76761000761268        0.02518015478043       -0.39480629679277
C           -4.22722789316397       -0.92644435990811       -1.49812832138274
C           -5.70547178157209       -1.27859623975168       -1.34855272922925
C           -6.21925598666672       -2.08237433707017       -2.54020654370446
C           -7.69799096548508       -2.42307900549249       -2.40288567059723
O            1.31086440314107       -1.10232881924153        1.63047659045969
C            2.41246070432605       -1.94927014080111        1.89164315564645
C            3.65362348611688       -1.20074826364100        1.51902249024620
C            4.83652103950801       -1.27267206468005        2.11789503844068
C            5.11329271542623       -2.14927854580988        3.30440037915036
C            5.99007983603573       -0.44234743746776        1.62915110802760
C            6.11073682428855        0.85962985478018        2.44459257797148
C            7.24441277285297        1.69426344193933        1.93648045815102
C            8.45867849457237        1.82270703276689        2.45762300625564
C            8.93900978015664        1.15209965813217        3.71035118931080
C            9.49675163709582        2.68746396442495        1.80209160516848
H           -1.30385972154169       -3.11519754743262        2.22211198889222
H            0.44877649376382       -3.58470782304750        2.41349366319006
H           -0.56272703148939        0.41934798257952        1.64223771764741
H           -1.88226094867706       -0.72637402068904        1.95812613604655
H           -1.68109152070192       -1.59559214599096       -0.35238181275650
H            0.57762840295210       -1.20659244100662       -1.10053309005131
H            0.53843165575832        0.46871091133126       -0.54711257937979
H            0.01420449220324        0.74407180104232       -2.91920618687101
H           -0.95489663630878       -0.72989745533347       -2.92217930613492
H           -5.44720770958021        3.70850308310096       -1.61333800416360
H           -7.79273732762177        2.74443208217087       -1.69257882859059
H           -7.23292731824698        1.54479389345884       -2.93847862277086
H           -7.13473799464340        4.62813694816549       -3.26804720939000
H           -6.58719561550848        3.38846216986897       -4.47887267127313
H           -2.16450283192754        1.35487769292800        0.10801671594408
H           -3.89397217114597       -0.45617925402299        0.57848757209569
H           -4.41019779082114        0.90836340810030       -0.40675600739123
H           -3.63362540503445       -1.84313580547962       -1.47788587156263
H           -4.07782240539741       -0.45951368826095       -2.47337805970871
H           -6.28582877884847       -0.35595979372447       -1.26536915471018
H           -5.85693666841674       -1.84786036904258       -0.42753842419724
H           -5.64116006081989       -3.00502697691572       -2.63063679182171
H           -6.06153289161895       -1.50150640178379       -3.45145145150392
H           -8.29422144288618       -1.51564719017321       -2.33137741140053
H           -7.87292874827488       -3.01741608899942       -1.50815697677960
H           -8.04109349467651       -2.99102112015357       -3.26453890452678
H            2.33040258730181       -2.86400231767902        1.28178379168784
H            2.41472922827612       -2.24701042334531        2.94850223204661
H            3.51911682596250       -0.55111206583602        0.66566396919215
H            4.29232974823495       -2.12344444763993        4.01822732279813
H            6.02249184009738       -1.83395734141113        3.80968727820512
H            5.24503503429092       -3.18341104291272        2.98562173394565
H            6.92169210155719       -1.00430524955669        1.72168292569743
H            5.85007015908685       -0.18439972420738        0.57824350129303
H            5.17675017048399        1.41678802074481        2.34050478362143
H            6.23640157065094        0.61559566639771        3.49928304500946
H            7.02645869167031        2.21623457504521        1.01262624672414
H            9.71273634385865        0.42416086976126        3.46487201008832
H            8.14210312531834        0.63806757434791        4.23753757293135
H            9.38075644290813        1.88816744162111        4.38124536824659
H            9.78792122646936        3.49914421950559        2.46890132181984
H            9.12623759513051        3.11697401412945        0.87509298587517
H           10.39075123291028        2.10376740136283        1.58393097656056
74
 energy: -94.790153437666 gnorm: 0.000579194640 xtb: 6.7.1 (edcfbbe)
C           -0.26844634324000       -2.83333001073097        2.14752781031412
C            0.05406168320334       -1.60392869555335        1.76401203572288
C           -0.96955084249279       -0.56542128526974        1.38694610294696
C           -1.28215721245375       -0.60565216420593       -0.11181585557843
C           -0.05838754719913       -0.32533646077728       -0.99003088904146
C           -0.65209081113813        0.13685284065491       -2.31800746608583
C           -1.89122077252344        0.87357521165686       -1.91882756396249
N           -2.39072158874398        1.72291782327883       -2.70416670635005
O           -3.54767485022787        2.40940402989892       -2.24252596790715
C           -4.64347404409287        2.25947741627685       -3.00649092658801
O           -4.73088188686339        1.52308399460264       -3.95221323934930
C           -5.73908958538508        3.09926244093003       -2.46054793331036
C           -7.13461544130195        2.52990194978524       -2.53040733609495
C           -6.74921293651218        3.64045247767713       -3.44025351954264
C           -2.30445041781651        0.46953920549773       -0.52549084632040
C           -3.76881312506613        0.02527324049854       -0.39588234403524
C           -4.22793154269962       -0.92719672767603       -1.49870452956294
C           -5.70623730025639       -1.27913824369510       -1.34840741289266
C           -6.22106084562387       -2.08518947145438       -2.53797564700219
C           -7.69873170906620       -2.42876487372213       -2.39607080673757
O            1.30936800634354       -1.10062181570470        1.62817469232862
C            2.41286782909613       -1.94503091294002        1.88881436896325
C            3.65233549009454       -1.19340539076205        1.51681542099734
C            4.83647536087158       -1.26768056148794        2.11286995198309
C            5.11480280293748       -2.14989055104052        3.29472505252367
C            5.98875509397102       -0.43453188033577        1.62600141369785
C            6.11242033773143        0.86210715720903        2.44924178996325
C            7.24714835745332        1.69790779716898        1.94557118402907
C            8.46261254912974        1.81893956830366        2.46568104747408
C            8.94280389433478        1.13791918700788        3.71263009657305
C            9.50262280358915        2.68456169372464        1.81448265830891
H           -1.30105177870885       -3.12001116044959        2.21558485442924
H            0.45238609617775       -3.58653315235811        2.40637475523800
H           -0.56782477867051        0.41674141878298        1.64385868016050
H           -1.88491466945784       -0.73301707181248        1.95502699923355
H           -1.68036586794373       -1.59443337322137       -0.35756995147182
H            0.57864435448587       -1.20054676895579       -1.10206157334308
H            0.53640291545889        0.47329846331395       -0.54439566400514
H            0.01430269847008        0.75465764249146       -2.91599781161873
H           -0.95176997680882       -0.72116654092093       -2.92475655448729
H           -5.45679337824823        3.70032600374786       -1.60747055596188
H           -7.79976873697637        2.73068673220237       -1.70436825555042
H           -7.23138632364032        1.54346846376675       -2.95828479581016
H           -7.14000212591166        4.62983012668053       -3.25977271954388
H           -6.58490641613705        3.40289894145820       -4.48001567042175
H           -2.16660492563404        1.35470786591236        0.10954405289725
H           -3.89541126170652       -0.45572085602505        0.57756482404006
H           -4.41183823557235        0.90810244115170       -0.40850042745648
H           -3.63438596381974       -1.84400200065374       -1.47736343140340
H           -4.07795141392100       -0.46098900508027       -2.47435031181116
H           -6.28666710516919       -0.35643880473093       -1.26658379770371
H           -5.85732292408293       -1.84690892179249       -0.42639970147051
H           -5.64120630722239       -3.00665366678355       -2.62883216275493
H           -6.06695061123216       -1.50510372515076       -3.45031455352450
H           -8.29684252317366       -1.52250948570022       -2.32643846626918
H           -7.87004834898460       -3.02008620328165       -1.49865412721500
H           -8.04260120448543       -3.00076445126728       -3.25463192290405
H            2.33308683265076       -2.85962224399470        1.27857905937983
H            2.41589964717047       -2.24318016141510        2.94549373233328
H            3.51545218601229       -0.53979967856850        0.66680247508861
H            4.29988802475461       -2.11764536677378        4.01558470466552
H            6.03146598961618       -1.84492668724536        3.79334296383546
H            5.23337022645811       -3.18474778537050        2.97234263790893
H            6.92042909478571       -0.99734151836584        1.71207484926894
H            5.84571565380771       -0.16968539159626        0.57727350119356
H            5.17931161460269        1.42151186405424        2.34952362468505
H            6.23847974054165        0.61124338194472        3.50222909469068
H            7.02939111519850        2.22665361435187        1.02556545742635
H            9.71612305757112        0.41150345290816        3.46101652479845
H            8.14567257000069        0.61999106343046        4.23583942360536
H            9.38515809133002        1.86835636980808        4.38940581724678
H            9.79788745790376        3.49019517355431        2.48668167611054
H            9.13184004202661        3.12222851624894        0.89145962054156
H           10.39418206245727        2.09937549678593        1.59026334575795
74
 energy: -94.790164052681 gnorm: 0.000919914234 xtb: 6.7.1 (edcfbbe)
C           -0.26495768949265       -2.83637238090749        2.14082481618241
C            0.05386298656281       -1.60506862034210        1.76036057198864
C           -0.97281069614835       -0.56882283794432        1.38565562793709
C           -1.28268401154666       -0.60413634492782       -0.11380117568753
C           -0.05846682561221       -0.31873013644903       -0.98961941417276
C           -0.65199540800205        0.14472878996908       -2.31730071939839
C           -1.89321661163730        0.87776258926221       -1.91789182214591
N           -2.39490030888651        1.72647460087026       -2.70244353690922
O           -3.55385294117767        2.40893750926452       -2.24056450483353
C           -4.64619092164945        2.26414493631984       -3.01057818388287
O           -4.72870699948032        1.53516442771102       -3.96250031875156
C           -5.74551569867694        3.09735778125006       -2.46200415528791
C           -7.13938959101341        2.52543169199983       -2.54307882158511
C           -6.75307503856726        3.64590410342357       -3.44027938287849
C           -2.30606285641829        0.47082481379643       -0.52523378943939
C           -3.76981439303800        0.02503437136848       -0.39635131049750
C           -4.22772887581561       -0.92789357419007       -1.49932950254011
C           -5.70596438823761       -1.27966538633355       -1.34858954631258
C           -6.22196198181968       -2.08867496795578       -2.53555166212946
C           -7.69849139242246       -2.43468363103590       -2.38785406795895
O            1.30758758160799       -1.09742102963119        1.62664528074579
C            2.41339707971779       -1.93950389885171        1.88447949035336
C            3.65083398770558       -1.18409580453368        1.51350933413819
C            4.83631511838955       -1.26139041660306        2.10646249755287
C            5.11638827143671       -2.15073000771448        3.28251288464462
C            5.98711796531204       -0.42484152867502        1.62220019746948
C            6.11440725583777        0.86464004054244        2.45597067978406
C            7.25049596181462        1.70130327156222        1.95699007835708
C            8.46759353339423        1.81322094186589        2.47533576533161
C            8.94770730224264        1.12003339827046        3.71536802070177
C            9.50927526999611        2.68106537954665        1.82981681570889
H           -1.29677658452842       -3.12610912073416        2.20778405618806
H            0.45775719732612       -3.58796928315739        2.39889994268714
H           -0.57534593448558        0.41377394399323        1.64744557965577
H           -1.88861506705090       -0.74232752726599        1.95119430199693
H           -1.67899699052775       -1.59263916732327       -0.36378519558397
H            0.58096663265521       -1.19204139739482       -1.10291475753137
H            0.53365964508083        0.48053377935137       -0.54155408953650
H            0.01353855749857        0.76526228139673       -2.91338017986692
H           -0.94897918655861       -0.71277892319482       -2.92606847114148
H           -5.46819785972030        3.69124970840511       -1.60232678970395
H           -7.80869594530472        2.71609140003068       -1.71805744098437
H           -7.23145163192059        1.54309444520292       -2.98127621914466
H           -7.14680896589884        4.63240939638600       -3.25041202916976
H           -6.58473592985092        3.42019527399946       -4.48193496346177
H           -2.16890457119964        1.35491207566574        0.11143327071481
H           -3.89636963040630       -0.45624017042605        0.57697130178678
H           -4.41379651704074        0.90712548785375       -0.40919203010784
H           -3.63412143611270       -1.84472843492333       -1.47703950482914
H           -4.07714890689289       -0.46221816013072       -2.47526254559229
H           -6.28638730920843       -0.35680348684357       -1.26858360440384
H           -5.85660586217486       -1.84541155290584       -0.42525117613004
H           -5.64057325204725       -3.00911840800842       -2.62660827407007
H           -6.07183191625746       -1.50995111956356       -3.44939746512203
H           -8.29802355317494       -1.52931170102856       -2.31990973475270
H           -7.86556950007486       -3.02246690197810       -1.48732488771052
H           -8.04412012045292       -3.01095109338622       -3.24272697885603
H            2.33536702966452       -2.85285176912886        1.27225577412316
H            2.41815638660591       -2.24002942544513        2.94043970735483
H            3.51143784197160       -0.52566074046357        0.66759824954012
H            4.30896205874412       -2.11083178185897        4.01172868430560
H            6.04170524220131       -1.85834086722400        3.77299154136569
H            5.21897054986892       -3.18617732352112        2.95596271014568
H            6.91876995606024       -0.98883711800030        1.70009866645112
H            5.84038431934293       -0.15123512378640        0.57626195322942
H            5.18229927644488        1.42680695181552        2.36231591358415
H            6.24160465146453        0.60494823682093        3.50666517571403
H            7.03204436345623        2.23974222310109        1.04269748359597
H            9.72045224314901        0.39563321393651        3.45610432701807
H            8.15043641467149        0.59744529812003        4.23387255956450
H            9.39094134147555        1.84354346753227        4.39912036317310
H            9.80967904254001        3.47912535696417        2.50871682606443
H            9.13793064282578        3.12881202152875        0.91187814775929
H           10.39779759349417        2.09432795455292        1.59775451047080
74
 energy: -94.790175598137 gnorm: 0.000978709727 xtb: 6.7.1 (edcfbbe)
C           -0.26059830069698       -2.83927491263679        2.13429322707222
C            0.05385235795056       -1.60566313110417        1.75760424563705
C           -0.97642225548755       -0.57234189720470        1.38501270114645
C           -1.28271089976491       -0.60196344976448       -0.11528922854289
C           -0.05823880570892       -0.31070752364696       -0.98862248237540
C           -0.65214194970581        0.15238245153488       -2.31636271485461
C           -1.89580452419031        0.88140110499613       -1.91713956753460
N           -2.40105680650505        1.72798523739260       -2.70172171447940
O           -3.56219134963082        2.40606726553900       -2.23934676176007
C           -4.65098843987136        2.26767003545976       -3.01582023294307
O           -4.72881104118622        1.54721958349450       -3.97454734716879
C           -5.75324364011185        3.09528845013447       -2.46465839805169
C           -7.14593534977810        2.52207310492451       -2.55626317995099
C           -6.75831966771115        3.65187200901331       -3.44101148885821
C           -2.30738183828457        0.47246463755586       -0.52466032605099
C           -3.77036295859919        0.02473203599638       -0.39630846032935
C           -4.22709141225515       -0.92808064002979       -1.49984918219698
C           -5.70507159044766       -1.28014821444568       -1.34876601538076
C           -6.22192154670632       -2.09257445305585       -2.53290131584436
C           -7.69744245524728       -2.44030389666099       -2.37963095653463
O            1.30577062932046       -1.09299383158397        1.62642557322612
C            2.41401884044194       -1.93350574884079        1.87867505835859
C            3.64939102781995       -1.17442468845818        1.50868424417960
C            4.83616900159310       -1.25514436594884        2.09855887809577
C            5.11771229616107       -2.15183537594562        3.26872114221177
C            5.98537701873312       -0.41427935293110        1.61836144362022
C            6.11680438101182        0.86694903543042        2.46414135304240
C            7.25371009687867        1.70600443734107        1.97107820492979
C            8.47275700063675        1.80779168669887        2.48691484111731
C            8.95382495367458        1.09975415356112        3.71825804822184
C            9.51622646022064        2.67740619385839        1.84677945093881
H           -1.29141969021407       -3.13315632531345        2.19893948897755
H            0.46452169601906       -3.58908706476016        2.39076174842813
H           -0.58423558799879        0.41081320681337        1.65252526973280
H           -1.89286942022740       -0.75283386018267        1.94733690240241
H           -1.67662752292792       -1.59020186721165       -0.37011313326211
H            0.58474432189192       -1.18135090517765       -1.10243266332441
H            0.53006143054115        0.49025870662892       -0.53858076770996
H            0.01202175669661        0.77499708517361       -2.91177550372963
H           -0.94647375029148       -0.70564862698628       -2.92570420768789
H           -5.48013505862200        3.68174632240974       -1.59857812139122
H           -7.81873886091739        2.70309961911162       -1.73202900770687
H           -7.23421431066225        1.54399886302383       -3.00457154420663
H           -7.15411739080575        4.63572723931370       -3.24178790008986
H           -6.58677168089115        3.43772380773694       -4.48446817968611
H           -2.17083701583351        1.35572217475845        0.11324325672767
H           -3.89638588232330       -0.45771738625873        0.57647763401535
H           -4.41564131494322        0.90585249890327       -0.40843058865059
H           -3.63309914068751       -1.84468746083616       -1.47742427003339
H           -4.07616785567288       -0.46218685268032       -2.47565116155226
H           -6.28569320003425       -0.35720680892888       -1.27112500277317
H           -5.85528997369235       -1.84346396395298       -0.42385468595464
H           -5.63923633257198       -3.01225709620449       -2.62330362049128
H           -6.07517108387744       -1.51582104633548       -3.44852831947652
H           -8.29788703524744       -1.53544271767903       -2.31295151693230
H           -7.86054923422715       -3.02480266799078       -1.47625659467122
H           -8.04515267580836       -3.02029773769858       -3.23105290318228
H            2.33669877450795       -2.84442364647244        1.26274397747510
H            2.42171394312913       -2.23843100729393        2.93339465796826
H            3.50729699511156       -0.51015626355368        0.66779371100204
H            4.31847155178400       -2.10396726419139        4.00653992308840
H            6.05158974543363       -1.87276568067145        3.75049814610261
H            5.20345111121251       -3.18744043585914        2.93814557785161
H            6.91703885782247       -0.97945452821664        1.68711823102904
H            5.83484837437719       -0.13030690048643        0.57573466160396
H            5.18562286041902        1.43175086990341        2.37777143827987
H            6.24541590716871        0.59675967664317        3.51201886539883
H            7.03487057430038        2.25361621097179        1.06245602021359
H            9.72568192363543        0.37761277084326        3.45009454149711
H            8.15676630015295        0.57209528864074        4.23189131820633
H            9.39842683437870        1.81518127151582        4.40961753911232
H            9.82254632610795        3.46696943061504        2.53290755200418
H            9.14374984294365        3.13629867069315        0.93479931263541
H           10.40129565831984        2.08906446045566        1.60554573509551
74
 energy: -94.790186752630 gnorm: 0.000709021785 xtb: 6.7.1 (edcfbbe)
C           -0.25627254650485       -2.84198109475014        2.12754153632563
C            0.05399423427420       -1.60607971472854        1.75484853775715
C           -0.97961723107209       -0.57527604807109        1.38466172725129
C           -1.28260456335706       -0.59960198474998       -0.11637623868770
C           -0.05777293656805       -0.30221259374928       -0.98702796126250
C           -0.65231799519332        0.15902030716952       -2.31519216143354
C           -1.89849710758662        0.88415764479809       -1.91655402845452
N           -2.40791942924258        1.72752282761088       -2.70200487944647
O           -3.57122048482857        2.40154578349327       -2.23917554241119
C           -4.65679705230042        2.26976906476187       -3.02166673927592
O           -4.73088998882651        1.55715336658447       -3.98632486561917
C           -5.76121314927016        3.09274320005993       -2.46769746384167
C           -7.15347871240358        2.51981701872380       -2.56800580764950
C           -6.76380908947646        3.65693390503654       -3.44224963049240
C           -2.30862012189771        0.47414487335965       -0.52396103595857
C           -3.77085594232491        0.02455111492609       -0.39535435487227
C           -4.22683211598743       -0.92694565167501       -1.50034760781732
C           -5.70434265501181       -1.28000292129783       -1.34855685727824
C           -6.22118630748129       -2.09642284805736       -2.52988445850991
C           -7.69602156291930       -2.44529395188246       -2.37306760595046
O            1.30422778965385       -1.08847531921316        1.62676371265094
C            2.41479062300137       -1.92798936991280        1.87213257661629
C            3.64793833591229       -1.16444717319339        1.50396736811310
C            4.83578136923320       -1.24822134887885        2.09126287076986
C            5.11875255324693       -2.15296553785513        3.25515109358842
C            5.98398469683788       -0.40422510647447        1.61472617308426
C            6.11947547991909        0.86842093304193        2.47287246436710
C            7.25733875255666        1.70917156093070        1.98498054390433
C            8.47832134658477        1.80150016495766        2.49797900577648
C            8.96053274008736        1.07973697646431        3.72094592059514
C            9.52265704939429        2.67432720131591        1.86359716518324
H           -1.28604231831228       -3.13986456794337        2.19059364506428
H            0.47137100941011       -3.58968694446934        2.38309602397513
H           -0.59243007855222        0.40833274808626        1.65778734816462
H           -1.89664127165928       -0.76240020154328        1.94389589620274
H           -1.67394135387937       -1.58769679849433       -0.37587923035821
H            0.58928888685327       -1.16983135799871       -1.10073914974321
H            0.52620781039412        0.50112503624445       -0.53551619770727
H            0.01028337429159        0.78319930068701       -2.91069812499115
H           -0.94401601119808       -0.70022748012130       -2.92422224567482
H           -5.49106172000655        3.67246773535184       -1.59617253735358
H           -7.82890787733692        2.69345203951479       -1.74440478828507
H           -7.23978851524243        1.54553771789491       -3.02479700879321
H           -7.16034460318943        4.63891889523985       -3.23555553412115
H           -6.58961865611570        3.45199322511680       -4.48706031444317
H           -2.17244330243850        1.35694629621538        0.11460643893401
H           -3.89589484796096       -0.45975078660294        0.57664022964926
H           -4.41713066852295        0.90492513300619       -0.40576431543266
H           -3.63211241661238       -1.84307750111172       -1.47923640438368
H           -4.07662706043965       -0.45987659536351       -2.47567054536582
H           -6.28575883768638       -0.35732669731937       -1.27342526136146
H           -5.85387602521489       -1.84087020240979       -0.42204340398325
H           -5.63747800003964       -3.01566965369924       -2.61846779024765
H           -6.07640994446889       -1.52215685128273       -3.44737498242983
H           -8.29706382959627       -1.54071526563628       -2.30720453070807
H           -7.85654127881220       -3.02762830976046       -1.46787436042082
H           -8.04514076047228       -3.02769984565523       -3.22224175271329
H            2.33761970772348       -2.83596813673736        1.25164832591603
H            2.42574073977136       -2.23830729024134        2.92531475525554
H            3.50373198317450       -0.49585239221898        0.66709307987905
H            4.32736485151005       -2.09776399623380        4.00083923705698
H            6.06028646491804       -1.88652894946223        3.72868768268006
H            5.18858041366933       -3.18835979060981        2.92065131815337
H            6.91552322089280       -0.97076005853967        1.67457972615700
H            5.82979378411892       -0.10996278493302        0.57543772472910
H            5.18929640491650        1.43599169548752        2.39408329797232
H            6.24996998234290        0.58784979472660        3.51780977001323
H            7.03708852697583        2.26754583072208        1.08314426874927
H            9.73132152731820        0.35993807438719        3.44379697289351
H            8.16377012040770        0.54727958474093        4.22994667691943
H            9.40677541372048        1.78719372116651        4.41938506653822
H            9.83444634855741        3.45542455415204        2.55696523814279
H            9.14869317656814        3.14426308038780        0.95782450377853
H           10.40458965180491        2.08522271639555        1.61288264995003
74
 energy: -94.790198169393 gnorm: 0.000494316632 xtb: 6.7.1 (edcfbbe)
C           -0.25229982987315       -2.84422882992264        2.12082780764582
C            0.05421640636577       -1.60610019222724        1.75236120992595
C           -0.98228690734530       -0.57735319978156        1.38454380108055
C           -1.28232403539600       -0.59688714550048       -0.11713552895005
C           -0.05719916403907       -0.29341474896204       -0.98520633660628
C           -0.65231896890328        0.16536580618759       -2.31395477092674
C           -1.90123233462806        0.88641152697159       -1.91611183724044
N           -2.41507910195777        1.72596407409891       -2.70288792907083
O           -3.58071970307314        2.39576283246059       -2.23958221539521
C           -4.66349956987352        2.26988915537367       -3.02721820111606
O           -4.73424115840360        1.56495397298682       -3.99758293234924
C           -5.76938666133596        3.08934543365148       -2.47076846500974
C           -7.16185728639962        2.51819615885415       -2.57868969213671
C           -6.76905227841101        3.66095191200773       -3.44403377119324
C           -2.30988344365715        0.47587851371508       -0.52323724320164
C           -3.77160624750795        0.02492619964000       -0.39373964064159
C           -4.22782776526371       -0.92442145057921       -1.50045974392885
C           -5.70460162318818       -1.27938445667645       -1.34765579386459
C           -6.22025746609033       -2.10030956658263       -2.52642440029798
C           -7.69468853253747       -2.45011965382208       -2.36842288810215
O            1.30299946277850       -1.08419306229505        1.62707941676282
C            2.41572610544266       -1.92304461342234        1.86505797416811
C            3.64696907138949       -1.15584955535692        1.49819853087587
C            4.83575157549084       -1.24243907637452        2.08320463879203
C            5.11957871111002       -2.15411716543317        3.24171067493308
C            5.98278119067884       -0.39442516856391        1.61148584736876
C            6.12264324960660        0.86943071038210        2.48208074215151
C            7.26110389056752        1.71269614792594        1.99978315030504
C            8.48407098315229        1.79586794954705        2.50958818444520
C            8.96823322456423        1.05949409486176        3.72330342535791
C            9.52890608386353        2.67214790831139        1.88076053897207
H           -1.28102511360125       -3.14611592513455        2.18189157396449
H            0.47784152552389       -3.59014761651885        2.37464633621475
H           -0.59918028112466        0.40646829971993        1.66255486795036
H           -1.89968148128313       -0.77009696335695        1.94126559952136
H           -1.67099941401485       -1.58491644679162       -0.38097948166910
H            0.59430067089664       -1.15775452589050       -1.09837761476262
H            0.52206148095999        0.51267093649764       -0.53246470568333
H            0.00857734789437        0.79118814192900       -2.90963977824195
H           -0.94091312743411       -0.69541238332222       -2.92244575030359
H           -5.50132317131930        3.66278807227075       -1.59442710573717
H           -7.83921784270215        2.68661465853203       -1.75560746757033
H           -7.24782485633874        1.54718091873178       -3.04238614038109
H           -7.16534791668494        4.64182257896780       -3.23184795734645
H           -6.59227604940297        3.46287148684229       -4.48974191369753
H           -2.17372415261641        1.35852205155080        0.11551444919999
H           -3.89515437377846       -0.46189779666068        0.57717030766997
H           -4.41863674904896        0.90475586015550       -0.40139570314549
H           -3.63203821815604       -1.83986160950710       -1.48221527064324
H           -4.07955475319571       -0.45524470571471       -2.47498317447265
H           -6.28734861351363       -0.35731994331224       -1.27515584501877
H           -5.85293170643578       -1.83765936541639       -0.41938244621248
H           -5.63567730848986       -3.01935324819725       -2.61180019446600
H           -6.07595369921321       -1.52911059538390       -3.44592105337315
H           -8.29625751480030       -1.54577036189178       -2.30327260451787
H           -7.85427151896960       -3.03148864065877       -1.46246034438566
H           -8.04391750460554       -3.03373055667972       -3.21675409403413
H            2.33832079607842       -2.82764538736313        1.23955925038351
H            2.43011742419342       -2.23938776978880        2.91647920850476
H            3.50024844608828       -0.48191873255714        0.66608650301328
H            4.33593025588365       -2.09184514051927        3.99490085969593
H            6.06826241427560       -1.89989299223387        3.70709786121117
H            5.17400961699246       -3.18903613759831        2.90374369082834
H            6.91403658897483       -0.96233758101908        1.66255703012155
H            5.82542510904140       -0.08976457994420        0.57565175137475
H            5.19341335919645        1.43948046200030        2.41100607910108
H            6.25500729049804        0.57822796334687        3.52391155380630
H            7.03983867910280        2.28059252671170        1.10429184415332
H            9.73773360230658        0.34211073248993        3.43663942711621
H            8.17201287496419        0.52228819480522        4.22796400425967
H            9.41654258432467        1.75862895494049        4.42867523037009
H            9.84612063284900        3.44456520405789        2.58142227154217
H            9.15305336040242        3.15316681346916        0.98156715010787
H           10.40778342919006        2.08277063684194        1.62013209807937
74
 energy: -94.790210108368 gnorm: 0.000613736563 xtb: 6.7.1 (edcfbbe)
C           -0.24851006359128       -2.84648732204050        2.11262206524965
C            0.05460034280410       -1.60604259944293        1.74910289059968
C           -0.98444685312048       -0.57873806545880        1.38433520337470
C           -1.28225735640995       -0.59364993559563       -0.11779826356556
C           -0.05689265304604       -0.28362602351243       -0.98313625719086
C           -0.65218654216304        0.17287549406829       -2.31255828313643
C           -1.90464101579903        0.88863305189168       -1.91595750293588
N           -2.42283194359701        1.72426189940585       -2.70414435034750
O           -3.59095347057310        2.38955719455359       -2.24043700311170
C           -4.67086037413755        2.26925081839461       -3.03307170863139
O           -4.73825590126566        1.57183164040354       -4.00888261181374
C           -5.77832485491862        3.08487895986310       -2.47390645593014
C           -7.17124974196957        2.51628914492091       -2.58965501548673
C           -6.77428171599453        3.66411668061218       -3.44640194319504
C           -2.31156158272637        0.47788722564288       -0.52264730066279
C           -3.77285007083831        0.02576240347015       -0.39172814124281
C           -4.23039153580659       -0.92092305554044       -1.50012399663436
C           -5.70632063306136       -1.27861936931339       -1.34570670620785
C           -6.21971437050724       -2.10460591953219       -2.52193403699885
C           -7.69399232917656       -2.45560577363424       -2.36519386965748
O            1.30204099165553       -1.08022078027069        1.62637908889860
C            2.41699531812145       -1.91820408702856        1.85685994559458
C            3.64597438229833       -1.14618040465360        1.49227652021701
C            4.83569857363563       -1.23554673397250        2.07497327094825
C            5.12060747063700       -2.15559475416054        3.22700090296547
C            5.98188608514766       -0.38396508171180        1.60814122689517
C            6.12682150316565        0.86994449877433        2.49236381833665
C            7.26590886416226        1.71596874495407        2.01623475211715
C            8.49099157937551        1.78952136146062        2.52248225327599
C            8.97759232533555        1.03711007858468        3.72558460783692
C            9.53588690542963        2.67050056878415        1.90028795974903
H           -1.27622691880201       -3.15198506238714        2.17224056120020
H            0.48405918695329       -3.59090377779638        2.36402042225594
H           -0.60444827967462        0.40507862017792        1.66652611217966
H           -1.90192120383778       -0.77620224915789        1.93925181631751
H           -1.66778404937603       -1.58179796897772       -0.38588278646552
H            0.59944388177050       -1.14436851413564       -1.09552807846179
H            0.51712190573811        0.52531414661137       -0.52875556429772
H            0.00681371738887        0.80129866123125       -2.90765537234936
H           -0.93653974445928       -0.68924002058763       -2.92122508945006
H           -5.51228380926515        3.65186612204500       -1.59271186851629
H           -7.85053471223648        2.68062528365672       -1.76724343296179
H           -7.25779744195031        1.54837677999877       -3.05973717410911
H           -7.16987624981624        4.64429702730939       -3.22983031692960
H           -6.59414040760175        3.47179493246334       -4.49271946219856
H           -2.17518157212862        1.36058458150715        0.11601843233519
H           -3.89433022128143       -0.46390033116092        0.57798138204984
H           -4.42032435988010        0.90527252833105       -0.39577859933439
H           -3.63318772776207       -1.83544882737483       -1.48580877169344
H           -4.08483168233198       -0.44893873707693       -2.47360677228419
H           -6.29119964009488       -0.35765742612665       -1.27622574366037
H           -5.85333815323639       -1.83425410635383       -0.41565944955233
H           -5.63394134324312       -3.02335061182592       -2.60276402946109
H           -6.07457970168930       -1.53689247613900       -3.44347503984054
H           -8.29647865505986       -1.55172925982982       -2.30109777536993
H           -7.85405403602319       -3.03683467005449       -1.45921754326110
H           -8.04175119367964       -3.03988692791937       -3.21377762328337
H            2.33990259372372       -2.81932492501025        1.22612812879796
H            2.43466756921799       -2.24071174271305        2.90638435618280
H            3.49682227847771       -0.46760638667697        0.66459167253607
H            4.34580478305025       -2.08519130904090        3.98865923207840
H            6.07732378891088       -1.91540484463793        3.68321436131391
H            5.15742351599811       -3.19000708057865        2.88521012018140
H            6.91274980511905       -0.95357734226004        1.64924498871887
H            5.82080460476756       -0.06751480210490        0.57632898440376
H            5.19872452922363        1.44290742344417        2.43027801926532
H            6.26151290493326        0.56683767775787        3.53054873349618
H            7.04297360711506        2.29553741840827        1.12854689569456
H            9.74545855468384        0.32253155515921        3.42785960525076
H            8.18211821867246        0.49449726749215        4.22548716531195
H            9.42859502348686        1.72668118202147        4.43860504122793
H            9.85848399359215        3.43304820490592        2.60934172863969
H            9.15767386441068        3.16406978131601        1.00881556957523
H           10.41179144316605        2.08173034604286        1.62840096044105
74
 energy: -94.790220736758 gnorm: 0.000598345840 xtb: 6.7.1 (edcfbbe)
C           -0.24544398301062       -2.84780038780021        2.10404957276932
C            0.05527862067055       -1.60538647196335        1.74543364362710
C           -0.98555447667732       -0.57866853527050        1.38393693314380
C           -1.28250101399174       -0.59014720888604       -0.11836403112712
C           -0.05697832406797       -0.27409533278328       -0.98127021905322
C           -0.65238869270271        0.18031313388620       -2.31126858140472
C           -1.90818932272325        0.89088082873294       -1.91569267624685
N           -2.43009166674891        1.72302113814816       -2.70512123879306
O           -3.60056965019497        2.38402429165441       -2.24139393052293
C           -4.67808000884819        2.26759530322248       -3.03785050321667
O           -4.74245763360038        1.57629223812585       -4.01807380537934
C           -5.78680369614000        3.08044134060872       -2.47709436578446
C           -7.18020776426927        2.51467312756803       -2.59922326087091
C           -6.77912053680186        3.66577043384339       -3.44951645659150
C           -2.31390089200387        0.47979237073502       -0.52208508803204
C           -3.77480295392950        0.02656295201034       -0.38910315142308
C           -4.23386001494421       -0.91779061826513       -1.49889155979463
C           -5.70904459211560       -1.27811590091939       -1.34308091187503
C           -6.21944654904791       -2.10866658467578       -2.51747737392260
C           -7.69386931966623       -2.46060884079644       -2.36409358425493
O            1.30177112833552       -1.07689775694933        1.62442969951857
C            2.41853433359965       -1.91411772333701        1.84855430457521
C            3.64574452675808       -1.13812179726296        1.48613297068157
C            4.83620389482109       -1.22985358928671        2.06689953444722
C            5.12157950384979       -2.15706519258737        3.21315890283737
C            5.98138223678065       -0.37421663020202        1.60528803320866
C            6.13164061055124        0.86963648641255        2.50274119340043
C            7.27104927897600        1.71853447439542        2.03249486318100
C            8.49808581070853        1.78341257610414        2.53507122446114
C            8.98739850021660        1.01562238349735        3.72722158516638
C            9.54261701791782        2.66972036847228        1.91982333867096
H           -1.27244526464418       -3.15571760698486        2.16281901335847
H            0.48886476902216       -3.59153498123607        2.35241168065255
H           -0.60712232487712        0.40491076828607        1.66898659940675
H           -1.90272769848786       -0.77917579859779        1.93817122501152
H           -1.66503687597211       -1.57858630552798       -0.38970560568436
H            0.60370188570816       -1.13154705482165       -1.09299649919546
H            0.51230651527233        0.53737725682941       -0.52538842058259
H            0.00472436819919        0.81193533145329       -2.90505315040245
H           -0.93199451616295       -0.68269648658822       -2.92086343875614
H           -5.52245980310475        3.64230883153002       -1.59221389282454
H           -7.86098876806613        2.67693254445989       -1.77762098623484
H           -7.26789119068108        1.54906282935534       -3.07360544783250
H           -7.17394630839802        4.64565615014214       -3.23050714501705
H           -6.59581939993927        3.47700262385884       -4.49591893969485
H           -2.17736963455580        1.36275114532638        0.11621899191793
H           -3.89401023912205       -0.46542059707119        0.57970440618592
H           -4.42260490767097        0.90581865568688       -0.38983599500920
H           -3.63541907485793       -1.83154027415222       -1.48817088811059
H           -4.09115128486094       -0.44347853364337       -2.47162991860400
H           -6.29609793702929       -0.35834864995987       -1.27614459774662
H           -5.85483088342893       -1.83162412656087       -0.41160874521200
H           -5.63281949818274       -3.02726920281872       -2.59359309426919
H           -6.07231810167864       -1.54412677787355       -3.44065737624760
H           -8.29722496695622       -1.55723048091525       -2.30152493180997
H           -7.85602981975003       -3.04223682415614       -1.45873643149589
H           -8.03891829412457       -3.04494514581979       -3.21381408423789
H            2.34189870474898       -2.81192000253846        1.21304213339511
H            2.43876400432033       -2.24226403115175        2.89623896103671
H            3.49410955471506       -0.45425337439948        0.66323223468272
H            4.35552383441141       -2.07910038828469        3.98287695861104
H            6.08556103785179       -1.93014922553490        3.66028603070045
H            5.14174354252520       -3.19066506709673        2.86829866384774
H            6.91166654009490       -0.94533291247381        1.63671929529940
H            5.81697266353978       -0.04644610038963        0.57758893840066
H            5.20457930717453        1.44510504671685        2.44961749662144
H            6.26886549050651        0.55510858618474        3.53715381934943
H            7.04638646732022        2.30906898912155        1.15259214146094
H            9.75349221499137        0.30393636911008        3.41823856449533
H            8.19270634883721        0.46782896701901        4.22267836875217
H            9.44143845549834        1.69574632690900        4.44727741618355
H            9.86983038576592        3.42260329377448        2.63693483450816
H            9.16207194512201        3.17520175160155        1.03616399047440
H           10.41604438526323        2.08251360466303        1.63704761850530
74
 energy: -94.790229304573 gnorm: 0.000885182916 xtb: 6.7.1 (edcfbbe)
C           -0.24276658753876       -2.84895821525060        2.09516089729586
C            0.05601586157584       -1.60474916987322        1.74109379304149
C           -0.98638775390448       -0.57831614954172        1.38313050747929
C           -1.28322398752251       -0.58686576134154       -0.11921884140022
C           -0.05787753612262       -0.26611170441272       -0.98057532803902
C           -0.65297600137493        0.18873981246431       -2.31048911191951
C           -1.91192629878000        0.89401704156994       -1.91529286991334
N           -2.43641294227659        1.72425218774059       -2.70498125749318
O           -3.60902732442525        2.38129617689046       -2.24143583794941
C           -4.68429586299820        2.26685061102451       -3.04113152832479
O           -4.74553193265467        1.57958824458346       -4.02439788985378
C           -5.79508147938196        3.07638278642631       -2.47950689615639
C           -7.18842119007180        2.51186135284760       -2.60885263499612
C           -6.78357719300694        3.66658516364449       -3.45288380381316
C           -2.31640351186771        0.48186902183317       -0.52157829646873
C           -3.77698247566199        0.02767916310593       -0.38713788471309
C           -4.23749860503552       -0.91541071611417       -1.49734229725979
C           -5.71207981938802       -1.27811992630808       -1.34046465184722
C           -6.21981360208627       -2.11243517828043       -2.51342224938242
C           -7.69435530004732       -2.46543964176343       -2.36320548063039
O            1.30167033913318       -1.07400561619032        1.62114636599554
C            2.42012933043922       -1.90989574759382        1.84126366951181
C            3.64559354754711       -1.12987933760632        1.48110111651964
C            4.83698378147015       -1.22418104193189        2.05964351945296
C            5.12325309249508       -2.15864059265108        3.20001699072894
C            5.98119428060631       -0.36497241309058        1.60247382703449
C            6.13667019939515        0.86910929473793        2.51259609558291
C            7.27619601022370        1.72116745586677        2.04813443314775
C            8.50515275746426        1.77765497536841        2.54730847901628
C            8.99717675416649        0.99443754597420        3.72848017460688
C            9.54924041010256        2.66950014528355        1.93926564553646
H           -1.26930345881643       -3.15864301787547        2.15319229755911
H            0.49283605407403       -3.59252389955450        2.34023661600226
H           -0.60875059372570        0.40503984918434        1.67010212959608
H           -1.90300327239171       -0.78108475741561        1.93751034329926
H           -1.66346151393180       -1.57549061689861       -0.39309192636249
H            0.60560744560586       -1.12130501435107       -1.09265767057407
H            0.50828098760828        0.54643121764106       -0.52276396294948
H            0.00263529586326        0.82430561266983       -2.90181700250115
H           -0.92805796104151       -0.67395564831281       -2.92248856480553
H           -5.53342207779239        3.63396441451912       -1.59095093266638
H           -7.87160087967979        2.67150473699611       -1.78843474161330
H           -7.27579183096534        1.54815973374798       -3.08751897333272
H           -7.17850927000402        4.64598656606630       -3.23155718928285
H           -6.59616033448067        3.48167318951000       -4.49951673279222
H           -2.17977541389394        1.36480650478898        0.11682420014694
H           -3.89422072203834       -0.46596486792884        0.58103107114481
H           -4.42525205549156        0.90658480775869       -0.38532964242488
H           -3.63801961003070       -1.82849494360285       -1.48914427444330
H           -4.09687387856370       -0.43947243215788       -2.46955160826524
H           -6.30100344218616       -0.35939541164519       -1.27585049301616
H           -5.85690752778882       -1.82975158998786       -0.40772013384442
H           -5.63229916982387       -3.03079729615971       -2.58533662768585
H           -6.07090204887049       -1.55055890300230       -3.43798541142500
H           -8.29871163549479       -1.56260013408848       -2.30277027778398
H           -7.85842607280687       -3.04689638385041       -1.45802176977594
H           -8.03655838384065       -3.05052840244144       -3.21364975433007
H            2.34496470330924       -2.80543630583388        1.20239358988298
H            2.44193208097617       -2.24194837171056        2.88764509783352
H            3.49168669651891       -0.44145281707222        0.66244505910698
H            4.36616984586493       -2.07235321150255        3.97823772190147
H            6.09529069652374       -1.94571359300986        3.63766925327964
H            5.12562251851907       -3.19181902636408        2.85192161187278
H            6.91092383611670       -0.93772923798850        1.62383574948251
H            5.81280273121851       -0.02602357888549        0.57894546209191
H            5.21057678582076        1.44703984782563        2.46860518450616
H            6.27655530325398        0.54318286806817        3.54322503314784
H            7.04974924319431        2.32259049573862        1.17597164656991
H            9.76144502502486        0.28562063142890        3.40832324888103
H            8.20339541595034        0.44140923037200        4.21965693622140
H            9.45433574744730        1.66503209104002        4.45567200140991
H            9.88076945128109        3.41252665415727        2.66493231809924
H            9.16642690868535        3.18714958718923        1.06341734085520
H           10.42036742036929        2.08392165538361        1.64580997748218
74
 energy: -94.790239810669 gnorm: 0.000853426530 xtb: 6.7.1 (edcfbbe)
C           -0.24069076957092       -2.84824801319653        2.08644763595852
C            0.05741475776811       -1.60274355330639        1.73665687114269
C           -0.98568255830176       -0.57572676747341        1.38234132882934
C           -1.28430954807012       -0.58302160507129       -0.11961206267290
C           -0.05962920142241       -0.25898105954354       -0.98053690415328
C           -0.65488531852696        0.19665477432994       -2.31003958107510
C           -1.91649475426851        0.89708345943474       -1.91485294116988
N           -2.44283405948569        1.72597898695766       -2.70459491176238
O           -3.61700686536175        2.38004575589010       -2.24169354228197
C           -4.69089044281494        2.26498841446394       -3.04280758649138
O           -4.75000602637828        1.57840000067321       -4.02646421853221
C           -5.80302725294925        3.07341579131188       -2.48259214293090
C           -7.19619128854701        2.51007311665537       -2.61570390098962
C           -6.78864978631327        3.66490839280456       -3.45783756187480
C           -2.31955871417065        0.48411292329288       -0.52090367367476
C           -3.77962158262968        0.02840953855610       -0.38472661562599
C           -4.24103487706603       -0.91470555338766       -1.49450804077941
C           -5.71535811215815       -1.27916080944003       -1.33750229141455
C           -6.22005927511899       -2.11553716502605       -2.51026391115058
C           -7.69523363570575       -2.46831890594455       -2.36538692601713
O            1.30268458356594       -1.07123597588169        1.61674264214214
C            2.42208193287608       -1.90645100190421        1.83384235526336
C            3.64645853935217       -1.12337990895503        1.47628464395947
C            4.83834160032739       -1.21976888765572        2.05336270331149
C            5.12494731605650       -2.16048913855170        3.18839107551926
C            5.98186231998804       -0.35733747010289        1.60071518240032
C            6.14263324751215        0.86685729521357        2.52255189433701
C            7.28171513430783        1.72229231154783        2.06333487088270
C            8.51226684480904        1.77214948068710        2.55892994043755
C            9.00749251805624        0.97497852387737        3.72879292259961
C            9.55516972217158        2.67017573089239        1.95818010337428
H           -1.26715230512166       -3.15806467902767        2.14463354206817
H            0.49524422884910       -3.59261675153865        2.32787194973087
H           -0.60719136012543        0.40722704729344        1.66936149302819
H           -1.90124436978744       -0.77873496284753        1.93823720923047
H           -1.66262758631494       -1.57207351876005       -0.39435610100229
H            0.60563229944769       -1.11265400878328       -1.09321882518067
H            0.50463658903943        0.55406162882308       -0.52140347328646
H           -0.00084884475717        0.83622002900320       -2.89879111662584
H           -0.92576962133113       -0.66528404751349       -2.92472229353149
H           -5.54326038574099        3.62984206174821       -1.59307770761935
H           -7.88098615868822        2.67029373979487       -1.79684996657564
H           -7.28351235246017        1.54677830005234       -3.09472007377626
H           -7.18370006558230        4.64435702117464       -3.23738671068246
H           -6.59834250382338        3.48009187513665       -4.50376219989532
H           -2.18316686719878        1.36729072666411        0.11730179689530
H           -3.89479722712726       -0.46581297672806        0.58336005257177
H           -4.42864573971645        0.90673348059450       -0.38140704005507
H           -3.64083298338381       -1.82732176199174       -1.48714759383338
H           -4.10141046417554       -0.43828004532917       -2.46661384249229
H           -6.30584934641525       -0.36137086373414       -1.27454856406441
H           -5.86020542532997       -1.82995036294032       -0.40431000801245
H           -5.63241515804211       -3.03403602218651       -2.57837094883525
H           -6.06778634645946       -1.55540055335374       -3.43530747697218
H           -8.29994627746162       -1.56562136872538       -2.30761167812927
H           -7.86305660918152       -3.04980162049768       -1.46089612303483
H           -8.03381240349515       -3.05351233782431       -3.21722648553923
H            2.34816722243657       -2.79988304368067        1.19197545008370
H            2.44455042405973       -2.24185504974590        2.87903335319455
H            3.49102685218848       -0.43097435797062        0.66142049884105
H            4.37627793692824       -2.06808292292099        3.97355116158241
H            6.10239822540110       -1.95931401491486        3.61775031990000
H            5.11281557299556       -3.19230827009250        2.83853883437661
H            6.91085495383278       -0.93134639089358        1.61245743184819
H            5.80992355197684       -0.00772502119641        0.58160924312899
H            5.21726438089572        1.44647454110969        2.48797939455766
H            6.28568954370784        0.53011955725606        3.54904345729098
H            7.05293874966442        2.33404389106190        1.19921022481870
H            9.76953911391417        0.26905395572736        3.39748546971563
H            8.21478877054551        0.41733324664754        4.21639924988777
H            9.46844805330818        1.63627352584584        4.46183905056260
H            9.88937313950785        3.40408640415981        2.69129147172011
H            9.17010530818074        3.19836459490033        1.09012230628355
H           10.42498103695128        2.08796064490727        1.65505276555583
74
 energy: -94.790254377834 gnorm: 0.001195233714 xtb: 6.7.1 (edcfbbe)
C           -0.23675293739106       -2.84792601707559        2.07282557689083
C            0.05942760502829       -1.60022113021659        1.72923183322867
C           -0.98550288186620       -0.57323087223720        1.38001207469194
C           -1.28661206986889       -0.57791798175805       -0.12150348263535
C           -0.06265130936686       -0.24923123083209       -0.98184376096410
C           -0.65846199078614        0.20973681396792       -2.30990728562406
C           -1.92300571813192        0.90405830909088       -1.91327757018590
N           -2.45210016607833        1.73199628373858       -2.70214982182200
O           -3.62913258859281        2.38091639843135       -2.24001883535101
C           -4.70075283351958        2.26350589020394       -3.04373204018146
O           -4.75522549349385        1.57793474628924       -4.02873153070058
C           -5.81615654052519        3.06935013605508       -2.48645229821360
C           -7.20824075712428        2.50561365059288       -2.62852619823172
C           -6.79693214844294        3.66316213467561       -3.46535377744701
C           -2.32458179609097        0.48768484659979       -0.51982305138437
C           -3.78372940654798        0.02939730861700       -0.38167391414894
C           -4.24472311417886       -0.91430724878973       -1.49123274321356
C           -5.71880127392605       -1.28034475056520       -1.33429643900819
C           -6.22031387029873       -2.12011981205323       -2.50612383725401
C           -7.69602799302926       -2.47273988251005       -2.36582811026056
O            1.30375763566876       -1.06632770616810        1.61011907428791
C            2.42499585633746       -1.89980557870661        1.82393656328778
C            3.64751806883931       -1.11221844464357        1.46949864397438
C            4.84071540477849       -1.21290227188047        2.04307668698643
C            5.12829038509687       -2.16348007114915        3.16980991541666
C            5.98250311989394       -0.34472804419942        1.59699316791994
C            6.15155029773773        0.86386037706670        2.53832620743675
C            7.28976014908094        1.72497383528248        2.08738898140820
C            8.52317083346925        1.76341421644303        2.57729452432421
C            9.02336115844241        0.94328943076173        3.72949497645216
C            9.56445409203412        2.67110952953066        1.98809838068498
H           -1.26295714516399       -3.15878768110494        2.13078115269792
H            0.50011719888932       -3.59288524944452        2.30948687072002
H           -0.60712996283503        0.40948057104853        1.66836423287260
H           -1.89971004774110       -0.77819784860262        1.93747046771394
H           -1.66294399284706       -1.56728925344379       -0.39792343679289
H            0.60366229760124       -1.10170848164379       -1.09734246895634
H            0.50071412286859        0.56300701959643       -0.52011054803585
H           -0.00624597353787        0.85515304754647       -2.89430016563759
H           -0.92452896110302       -0.64997387798721       -2.92967714184233
H           -5.56117250249507        3.62348185705497       -1.59399826804344
H           -7.89727311081726        2.66348073528959       -1.81266582544292
H           -7.29257395829461        1.54340692425090       -3.11041528342375
H           -7.19379081755721        4.64177782390681       -3.24419863992419
H           -6.60101715104463        3.48140911517527       -4.51085009976407
H           -2.18890705858338        1.37028488904709        0.11939973364067
H           -3.89679350346636       -0.46495067452399        0.58664486375214
H           -4.43402368031665        0.90676740731382       -0.37752461386556
H           -3.64378755642534       -1.82647825218305       -1.48367857201801
H           -4.10577415083643       -0.43812251330531       -2.46361910966072
H           -6.31095160265822       -0.36345011164177       -1.27372082943440
H           -5.86367987454827       -1.82966944294157       -0.40023924119702
H           -5.63256539525142       -3.03884330683709       -2.56988638454656
H           -6.06502854636533       -1.56245634335886       -3.43217935337809
H           -8.30121386112918       -1.57012868393360       -2.31257606712719
H           -7.86743160264754       -3.05232351209586       -1.46077427723416
H           -8.03105635662857       -3.05990262444312       -3.21773124304202
H            2.35350906044204       -2.79087642258601        1.17851707392393
H            2.44837760716864       -2.23920215354523        2.86784583909212
H            3.48895744053132       -0.41215629541882        0.66150563072682
H            4.39356736601412       -2.05911616941569        3.96761989568436
H            6.11698719959407       -1.98260860716509        3.58439275581684
H            5.09023000294851       -3.19412058817531        2.81612709826093
H            6.91054485729083       -0.92066657410388        1.59318539532009
H            5.80441090617072        0.02184021021398        0.58465017287999
H            5.22725994028327        1.44621568370754        2.51858845697189
H            6.29973310770685        0.50981979237553        3.55852040752729
H            7.05716798537278        2.35332730775619        1.23583262702156
H            9.78203095412616        0.24186426984972        3.38029975720270
H            8.23226177179920        0.37798856504248        4.21117466014836
H            9.48999056670131        1.58984284919750        4.47251065023781
H            9.90405851271225        3.39008050994759        2.73397772515273
H            9.17557725408462        3.21717667868588        1.13239289294073
H           10.43159894288591        2.09300654617538        1.66883615399041
74
 energy: -94.790273758373 gnorm: 0.001329923328 xtb: 6.7.1 (edcfbbe)
C           -0.23329685814799       -2.84581158905392        2.06235249422667
C            0.06170544837465       -1.59671661461410        1.72284988690588
C           -0.98459613994176       -0.56972507808695        1.37767033679579
C           -1.28897306698291       -0.57337910299953       -0.12325460160871
C           -0.06654571861659       -0.24325248459972       -0.98531827432034
C           -0.66375078971193        0.22069979245862       -2.31099788193894
C           -1.92937611465467        0.91136087613603       -1.91143695205962
N           -2.46012548604751        1.73973925576229       -2.69870067747017
O           -3.63904837706519        2.38562761111577       -2.23756524520620
C           -4.70954845280745        2.26282121736437       -3.04209286895734
O           -4.76110170671237        1.57260497898361       -4.02416815640785
C           -5.82810081444981        3.06761128157260       -2.48960419545199
C           -7.21866777686622        2.50131435497735       -2.63716353272270
C           -6.80578690241603        3.65900170900091       -3.47331217996067
C           -2.32896339741151        0.49138164972467       -0.51846927500405
C           -3.78713003298888        0.03027121008168       -0.37972270687052
C           -4.24600839286674       -0.91610692151561       -1.48791544743303
C           -5.72021961218502       -1.28231551026118       -1.33289856194712
C           -6.22001083898750       -2.12283100105190       -2.50500554116585
C           -7.69639435182419       -2.47366031650393       -2.36756520858932
O            1.30541683679914       -1.06129920233570        1.60408521419881
C            2.42769410661243       -1.89367227155115        1.81672441647801
C            3.64926524251004       -1.10334674395282        1.46493141452017
C            4.84346083765589       -1.20804322252805        2.03572761365960
C            5.13177184842368       -2.16659814834988        3.15559013929849
C            5.98416176797843       -0.33572482263745        1.59518541284199
C            6.15972103500590        0.85965214192651        2.55204177544645
C            7.29652810881744        1.72608345147063        2.10777078710684
C            8.53232285166269        1.75615660322140        2.59239340822351
C            9.03742404427218        0.91762434748320        3.72913885934048
C            9.57146327902157        2.67249018667376        2.01287418647279
H           -1.25947068690116       -3.15714004967948        2.11987565348189
H            0.50392656735812       -3.59143197744761        2.29566832803780
H           -0.60587036077572        0.41291867330876        1.66599212627153
H           -1.89735113564387       -0.77563276460737        1.93727520770079
H           -1.66500318477683       -1.56288459599434       -0.39955230303846
H            0.59825460707721       -1.09641433770821       -1.10481581390280
H            0.49902284860316        0.56655944465812       -0.52204169604855
H           -0.01277216058737        0.87014632520269       -2.89225732789088
H           -0.92821810963002       -0.63625974486042       -2.93508079080470
H           -5.57744239126352        3.62361049174927       -1.59692347687247
H           -7.91178463504943        2.65838405512734       -1.82447924883160
H           -7.29871068995418        1.53845012826955       -3.11889633298222
H           -7.20496570359876        4.63716406780745       -3.25386886845361
H           -6.60527059988982        3.47760111405888       -4.51815804009631
H           -2.19433896956166        1.37305064108908        0.12228590675096
H           -3.89924046888405       -0.46278891819302        0.58938249177652
H           -4.43931611122520        0.90627054295027       -0.37699739735342
H           -3.64495250511723       -1.82820974350633       -1.47729584576269
H           -4.10546890106482       -0.44191648212072       -2.46110569259491
H           -6.31250169377669       -0.36543380672230       -1.27367805645488
H           -5.86617415454897       -1.83105062283380       -0.39860924117782
H           -5.63323354835212       -3.04231105216158       -2.56648443822393
H           -6.06209335174363       -1.56627404561531       -3.43131086775161
H           -8.30074556385202       -1.57025845836847       -2.31873780066690
H           -7.87083067441002       -3.05029816485966       -1.46119587353626
H           -8.02968567236999       -3.06304423441410       -3.21855699992126
H            2.35797694604694       -2.78351677591165        1.16944373504537
H            2.45096999504322       -2.23516260001082        2.86000066069304
H            3.48887896548710       -0.39758518558532        0.66222529222430
H            4.40823405830838       -2.05399539148414        3.96265966360865
H            6.12806635989656       -2.00114769042327        3.55866973109682
H            5.07424169832993       -3.19554038577317        2.79926383089525
H            6.91128041298465       -0.91289578573246        1.57853881905046
H            5.80109412838041        0.04453073092525        0.58884947745008
H            5.23598355347470        1.44316582430752        2.54507339710240
H            6.31269350025832        0.49142703143329        3.56647857063937
H            7.06048743652544        2.36674139489561        1.26666822062154
H            9.79267476708531        0.22006719020903        3.36500258088734
H            8.24796624235977        0.34656928221655        4.20673529715200
H            9.50961157784984        1.55193435364302        4.47914138039944
H            9.91468218432720        3.37948194338216        2.76857051899266
H            9.17913365326789        3.23209215161894        1.16755141949028
H           10.43697119391199        2.09906978908374        1.68089401989163
74
 energy: -94.790304777413 gnorm: 0.001289438168 xtb: 6.7.1 (edcfbbe)
C           -0.22728108624795       -2.84013943966655        2.04855044109014
C            0.06602290219141       -1.58937854444809        1.71370603788757
C           -0.98227051272812       -0.56283660135783        1.37337685242346
C           -1.29282648125783       -0.56595016781980       -0.12633113635376
C           -0.07359475409515       -0.23584731654907       -0.99311939521933
C           -0.67473195394705        0.23633527401921       -2.31414553689597
C           -1.94017417599125        0.92393166220576       -1.90850971665976
N           -2.47348485886968        1.75336237865480       -2.69289213415765
O           -3.65470849974132        2.39587117670132       -2.23304854357873
C           -4.72524950437953        2.25976365720008       -3.03574666051946
O           -4.77314267781374        1.55818368668835       -4.01034867430258
C           -5.84760023647959        3.06677013805852       -2.49486953804027
C           -7.23543210916664        2.49541749167262       -2.64660554556613
C           -6.82220699427612        3.64918803603112       -3.48751695720394
C           -2.33565806569771        0.49795112560372       -0.51626072229574
C           -3.79189358649175        0.03135463652437       -0.37770402271030
C           -4.24487162006850       -0.92114277195665       -1.48313703930311
C           -5.71985123740973       -1.28584911903530       -1.33292494261768
C           -6.21831949874278       -2.12517997308586       -2.50635858393775
C           -7.69611560500599       -2.47093020443093       -2.37179444740116
O            1.30887711593039       -1.05182119710836        1.59583971849943
C            2.43208603189187       -1.88345245370520        1.80694131322326
C            3.65286723535766       -1.09013533148378        1.45924143102056
C            4.84833618179692       -1.20183536763687        2.02598403206018
C            5.13733926322875       -2.17260457821719        3.13534023856285
C            5.98809669525896       -0.32421165897197        1.59415638350760
C            6.17311293807136        0.85078729266368        2.57411939871613
C            7.30685142860372        1.72602816565330        2.13936946807021
C            8.54628753944711        1.74490329609716        2.61511331113274
C            9.05986199672173        0.87983510188592        3.72791744411041
C            9.58099977165802        2.67458075886993        2.04929486403356
H           -1.25330610463354       -3.15225830148867        2.10548212737215
H            0.51044790266614       -3.58629658548113        2.27832251844434
H           -0.60334313688017        0.41994022016755        1.66095131528441
H           -1.89273454020561       -0.76992426768887        1.93632668868890
H           -1.66958543518463       -1.55561229573013       -0.40092685471535
H            0.58699763522812       -1.09140294630881       -1.11991692926670
H            0.49794024882729        0.56922289792783       -0.52886189292589
H           -0.02539246452164        0.88962696191572       -2.89276428154047
H           -0.94052875185940       -0.61644061995504       -2.94323423966265
H           -5.60287201774782        3.63025781970121       -1.60530599217502
H           -7.93416390396980        2.65414593720082       -1.83946798975021
H           -7.30789849409546        1.52951789375769       -3.12326187170775
H           -7.22569016573167        4.62706557487134       -3.27466777552275
H           -6.61695914049264        3.46359217859516       -4.53032466691046
H           -2.20326759024767        1.37765591677373        0.12762285764679
H           -3.90370884930538       -0.45813483620469        0.59329413120064
H           -4.44771891843535        0.90470661402671       -0.37970173547338
H           -3.64411963908731       -1.83338758755672       -1.46445440352209
H           -4.09908407232415       -0.45184595195930       -2.45803892410902
H           -6.31106587171705       -0.36816117226119       -1.27528142043824
H           -5.86933089916996       -1.83462695950774       -0.39917874145120
H           -5.63406075045648       -3.04640569196504       -2.56627902727007
H           -6.05650624245421       -1.56904512819099       -3.43221498531380
H           -8.29771236446883       -1.56528801610161       -2.32976511265378
H           -7.87477212872852       -3.04164277996036       -1.46251282194789
H           -8.02889832382278       -3.06420515351444       -3.22019403385003
H            2.36403872179229       -2.77162762470501        1.15711113526010
H            2.45488581893241       -2.22769395308781        2.84948204065197
H            3.49078105422975       -0.37626993651310        0.66424490366118
H            4.42994370160395       -2.05017396485010        3.95490165382489
H            6.14271475871071       -2.02840193026161        3.52247474654736
H            5.05377194973641       -3.19797131103839        2.77542379448594
H            6.91363739308776       -0.90303975106183        1.55876541686656
H            5.79815492327606        0.07678259501434        0.59719173525194
H            5.24989003563120        1.43515080310398        2.58725519573387
H            6.33419114958668        0.46103282243084        3.57926378335159
H            7.06388468600518        2.38673323834768        1.31541103497771
H            9.80905259347166        0.18810861027738        3.34082899770983
H            8.27336226527912        0.30076588878065        4.20055527814412
H            9.54168167125682        1.49561671599906        4.48709189740982
H            9.92854479816106        3.36438009784138        2.81858748698824
H            9.18271366227181        3.25296780170825        1.21966254330755
H           10.44475919409159        2.10963702371733        1.69880993512207
74
 energy: -94.790321727380 gnorm: 0.001237787997 xtb: 6.7.1 (edcfbbe)
C           -0.22172593488041       -2.83485611031326        2.03912655960634
C            0.06958899893888       -1.58290259063761        1.70698627763646
C           -0.98056965058255       -0.55724033790789        1.36972076228709
C           -1.29548150559215       -0.55980295630064       -0.12906074335062
C           -0.07905177394759       -0.22923794370734       -0.99971628528568
C           -0.68409704771559        0.24741008879903       -2.31727490666178
C           -1.94906886919854        0.93337069519410       -1.90680258006340
N           -2.48485825330417        1.76271155755869       -2.68949635339442
O           -3.66759781288847        2.40364826491977       -2.23078744783315
C           -4.73833145120961        2.25767050928663       -3.03187833867283
O           -4.78497948667897        1.54481400686674       -3.99794685133301
C           -5.86389281416550        3.06536158613729       -2.49868021631689
C           -7.25003862607275        2.49012329596997       -2.65141377912366
C           -6.83655288867560        3.63921322657768       -3.49837939296566
C           -2.34070511690284        0.50330747159111       -0.51485231658805
C           -3.79542302522161        0.03251422603453       -0.37655061402077
C           -4.24352756864844       -0.92417700592480       -1.48035420319066
C           -5.71908534586280       -1.28748048085730       -1.33426578614821
C           -6.21654108791945       -2.12597139091434       -2.50865821886879
C           -7.69544481955111       -2.46749527157251       -2.37577798148602
O            1.31165163699925       -1.04322106692774        1.59067892252204
C            2.43569426226533       -1.87445426474134        1.79929943471708
C            3.65597894484154       -1.07882390514656        1.45515266838097
C            4.85229054701387       -1.19682464786458        2.01873759625595
C            5.14130107455847       -2.17831066945240        3.11896404448354
C            5.99193355591770       -0.31527371119599        1.59505888613166
C            6.18366552501904        0.84354287593240        2.59283162734057
C            7.31491101018301        1.72577358103981        2.16589460304693
C            8.55750483801551        1.73589652358578        2.63357821539490
C            9.07842667728552        0.85032067668349        3.72687923679967
C            9.58852079926868        2.67576101397821        2.07790807604279
H           -1.24720324813995       -3.14873813925579        2.09550107603377
H            0.51718053971937       -3.58027868447213        2.26753394242800
H           -0.60222125987949        0.42573096108273        1.65712610852471
H           -1.88941482064829       -0.76586610604745        1.93468365179859
H           -1.67250312904755       -1.54962268141296       -0.40257156020661
H            0.57909965847341       -1.08593864868872       -1.13160349851746
H            0.49626700768179        0.57312608302142       -0.53551049531418
H           -0.03620391262722        0.90217592556705       -2.89587958953140
H           -0.95234489940205       -0.60330558821544       -2.94826963673471
H           -5.62296787072469        3.63610312657187       -1.61280815804208
H           -7.95273161788219        2.65179241547012       -1.84845617474800
H           -7.31790048766850        1.52131484435867       -3.12274393028239
H           -7.24237612946654        4.61758878630331       -3.29254029988055
H           -6.62743316478162        3.44826953796346       -4.53950287711943
H           -2.20991371984836        1.38147170113247        0.13137021634616
H           -3.90726400807379       -0.45448824014076        0.59570277668347
H           -4.45392927300198        0.90385841744936       -0.38201906329415
H           -3.64311622398496       -1.83647541900991       -1.45582269704030
H           -4.09365569616850       -0.45836224620758       -2.45631380802162
H           -6.30923687271885       -0.36898541984289       -1.27814499087752
H           -5.87156184706762       -1.83598578671010       -0.40083795630372
H           -5.63440419532722       -3.04869670942626       -2.56730336203345
H           -6.05173132065283       -1.57038976372567       -3.43431790581559
H           -8.29451172710872       -1.55993806550508       -2.33840244026664
H           -7.87720180994021       -3.03379693177393       -1.46438638620184
H           -8.02855216683071       -3.06329242476894       -3.22224153147055
H            2.36833187521334       -2.76075368764123        1.14674529561268
H            2.45868801010004       -2.22180477283026        2.84089502288362
H            3.49270804525623       -0.35783778460877        0.66687479739776
H            4.44673169386151       -2.04843120631776        3.94861569875523
H            6.15424583856664       -2.05174893066300        3.49339108086172
H            5.03649634522091       -3.20064100072200        2.75508537061008
H            6.91614724564620       -0.89508251815221        1.54608702677375
H            5.79807590234080        0.10165616923928        0.60551284603686
H            5.26068370242903        1.42748571471952        2.62102326441573
H            6.35073444396767        0.43753547825608        3.59038824988851
H            7.06747489511165        2.39879036124491        1.35444852315889
H            9.82239618665427        0.16339926641278        3.32144641815138
H            8.29446790167747        0.26515222049416        4.19615878144920
H            9.56837679669665        1.45164072478169        4.49229802777706
H            9.94005971443904        3.35264730296660        2.85674811904221
H            9.18512658909550        3.26782137605756        1.26058230467784
H           10.45059221760890        2.11753309616754        1.71288172235587
74
 energy: -94.790334805930 gnorm: 0.000872461069 xtb: 6.7.1 (edcfbbe)
C           -0.21731976282771       -2.82954067049325        2.03421800347591
C            0.07240976918887       -1.57702241274846        1.70279927004605
C           -0.97907197640287       -0.55225453735136        1.36687502243227
C           -1.29674699666378       -0.55491486750577       -0.13131514290795
C           -0.08277393238130       -0.22337888563113       -1.00508774287720
C           -0.69138720247157        0.25405973009061       -2.32058623503897
C           -1.95544178902556        0.93977057800164       -1.90639014719437
N           -2.49346278886604        1.76857996698696       -2.68802856379522
O           -3.67756522275349        2.40777184239361       -2.22938007851337
C           -4.74938674733533        2.25289167542348       -3.02756981214636
O           -4.79475574800826        1.53337152890728       -3.98913922677420
C           -5.87602778186623        3.06334884268653       -2.50087743719436
C           -7.26148028201048        2.48591135456749       -2.65212100667552
C           -6.84760749107323        3.63002359449519       -3.50607606234520
C           -2.34392930965018        0.50730280861387       -0.51440591170433
C           -3.79760059960499        0.03355568827139       -0.37624769185396
C           -4.24257954346524       -0.92596372067961       -1.47880170893929
C           -5.71868781953358       -1.28773190951265       -1.33624858360783
C           -6.21545310819266       -2.12516020540594       -2.51163948020563
C           -7.69516166212331       -2.46352385288346       -2.38026439981969
O            1.31398030833911       -1.03603616334201        1.58744646486058
C            2.43843618674440       -1.86731452916794        1.79367253991360
C            3.65871460837876       -1.07030599037501        1.45267627780620
C            4.85541851908213       -1.19360644288831        2.01425708018320
C            5.14365598573675       -2.18359587121388        3.10712791054449
C            5.99560070617603       -0.30973421238970        1.59740130025498
C            6.19180437975913        0.83726315345636        2.60752696379369
C            7.32098050713302        1.72443614622067        2.18572240180596
C            8.56607376096567        1.72868682276600        2.64670740865713
C            9.09255295398614        0.83006709412277        3.72594258744197
C            9.59393886706228        2.67553671217173        2.09740157080466
H           -1.24220763723391       -3.14536882881159        2.08996706362444
H            0.52283286929315       -3.57390957806780        2.26221058868141
H           -0.60123377197731        0.43095859629008        1.65397666515820
H           -1.88685931985633       -0.76194027237080        1.93316228805737
H           -1.67355651382304       -1.54501202411203       -0.40405094698525
H            0.57485848904170       -1.08001693029213       -1.13957281588595
H            0.49396702275179        0.57850593958666       -0.54193738011852
H           -0.04497183673676        0.90841734832081       -2.90132596979134
H           -0.96237045929309       -0.59659192534810       -2.95067331309632
H           -5.63678877990089        3.64029716123203       -1.61832450583904
H           -7.96554371740440        2.65170242658465       -1.85114824438717
H           -7.32749615475765        1.51395011136467       -3.11753309253621
H           -7.25458084886990        4.60951200144332       -3.30742627382637
H           -6.63688224692621        3.43230576657564       -4.54583270855075
H           -2.21428688235714        1.38456460528535        0.13318750983786
H           -3.90964566596757       -0.45170769561587        0.59682740378268
H           -4.45791934907545        0.90349817091682       -0.38419974286439
H           -3.64283400395254       -1.83849103470803       -1.45003085539675
H           -4.08955994454954       -0.46268442360402       -2.45542959217192
H           -6.30754315080390       -0.36834306628281       -1.28129323425517
H           -5.87378713536593       -1.83598242376940       -0.40310114068065
H           -5.63501147260272       -3.04901472952023       -2.56962589075918
H           -6.04835878707386       -1.56971795810684       -3.43695929557354
H           -8.29218836556204       -1.55451063257599       -2.34565344210753
H           -7.87916396310004       -3.02719483149450       -1.46773967091531
H           -8.02862289546198       -3.06049708705849       -3.22573077842883
H            2.37116382097652       -2.75186565978587        1.13871579404896
H            2.46167043202353       -2.21749781245708        2.83431749328956
H            3.49506600553356       -0.34382458628834        0.66966536386133
H            4.45732349805768       -2.05140215301530        3.94239601725136
H            6.15945137415872       -2.06798548767539        3.47427710863858
H            5.02676398882563       -3.20254788035580        2.74024170227813
H            6.91872835818394       -0.89031858899723        1.53957498423313
H            5.79997493243963        0.11852942388670        0.61325778181665
H            5.26900870179587        1.42072593981368        2.64685728445084
H            6.36362619424481        0.41957081822934        3.59926790140049
H            7.06866852310614        2.40925212649951        1.38502942358231
H            9.83227664525143        0.14674095828714        3.30786223628467
H            8.31052169524657        0.24116245276341        4.19360818671424
H            9.58888318311606        1.42152335108263        4.49442857523813
H            9.94826778923385        3.34377666694021        2.88227457034865
H            9.18638509240602        3.27641461860654        1.28881884467015
H           10.45484749872920        2.12252385882277        1.72241339179959
74
 energy: -94.790349022007 gnorm: 0.002001054679 xtb: 6.7.1 (edcfbbe)
C           -0.21020674196021       -2.82289759964256        2.02517232678026
C            0.07630160796929       -1.56886915869902        1.69633662713984
C           -0.97766006896013       -0.54568267287919        1.36307619975533
C           -1.29779408227566       -0.54698379129184       -0.13453551179738
C           -0.08659574691218       -0.21048993289706       -1.01028352664766
C           -0.70010859438325        0.26413502605771       -2.32433578228148
C           -1.96509576288787        0.94676405842949       -1.90728281891277
N           -2.50749049930822        1.77274738847573       -2.68883657575967
O           -3.69357541911306        2.40881792261405       -2.23010434404470
C           -4.76594092571564        2.24573952616306       -3.02592382540601
O           -4.80975807242499        1.52064718659776       -3.98312712843747
C           -5.89380506886096        3.05822204259947       -2.50540198476505
C           -7.27891614762649        2.48004541984226       -2.65421332329485
C           -6.86396402176609        3.61762439634809       -3.51594068752885
C           -2.34891774610159        0.51257027333672       -0.51461853536191
C           -3.80112871114380        0.03483478233024       -0.37513304636270
C           -4.24362534565344       -0.92680028033613       -1.47675037903853
C           -5.72037895512058       -1.28708885285626       -1.33783675687748
C           -6.21483123000255       -2.12486906291773       -2.51384940046489
C           -7.69555980441888       -2.46014152320804       -2.38639999927041
O            1.31677950486937       -1.02493062245965        1.58268930194995
C            2.44263323081172       -1.85577951345744        1.78284425041174
C            3.66201072727173       -1.05457467186460        1.44785122713666
C            4.85959557101425       -1.18657163493332        2.00576855083353
C            5.14684311366184       -2.19167614791749        3.08569328208072
C            6.00036975745688       -0.29833974411854        1.60021774463969
C            6.20398762067983        0.82935169628859        2.63165778566816
C            7.33031484953991        1.72450288813034        2.21873264741328
C            8.57947355012797        1.71780218994414        2.66901579728324
C            9.11469257905435        0.79565689123967        3.72529193722396
C            9.60334255098680        2.67474076647639        2.12957496945113
H           -1.23395128899784       -3.14222215460219        2.08057934173086
H            0.53243433925721       -3.56536601923235        2.25159799094641
H           -0.60140436791095        0.43782701156700        1.65105193987998
H           -1.88418617136273       -0.75806194179367        1.93036032036122
H           -1.67194367652324       -1.53784952666006       -0.40805110230024
H            0.57457729612125       -1.06416203338125       -1.14593123386837
H            0.48732816287087        0.59409719048086       -0.54842943438754
H           -0.05704463593496        0.91874477015732       -2.90860495651573
H           -0.97176390686047       -0.58832757615933       -2.95186080644786
H           -5.65585859674352        3.64109653589291       -1.62668364379984
H           -7.98384122138704        2.65207811479022       -1.85554750929078
H           -7.34496683362570        1.50489571569118       -3.11239696222518
H           -7.27156657383934        4.59856418763712       -3.32626862580430
H           -6.65205660885566        3.41088071654008       -4.55344063950369
H           -2.22056513832237        1.38944852409099        0.13367147912868
H           -3.91189964337947       -0.44956052570391        0.59848023809488
H           -4.46359678243923        0.90311714453893       -0.38405007352989
H           -3.64456100186787       -1.83953173349013       -1.44453197300938
H           -4.08768951165911       -0.46544621539525       -2.45372859086209
H           -6.30837408461038       -0.36698172956310       -1.28564204864898
H           -5.87883884863474       -1.83413417771222       -0.40458698072869
H           -5.63575594780754       -3.04977143087232       -2.56915288668336
H           -6.04399626100810       -1.57058710199842       -3.43915453571132
H           -8.29095104625268       -1.54988236498687       -2.35532536568584
H           -7.88322078460533       -3.02159439033619       -1.47329525448960
H           -8.02769772231496       -3.05813594708767       -3.23168693121068
H            2.37621795408943       -2.73614900479935        1.12191458293845
H            2.46713154361289       -2.21290585168006        2.82120434237628
H            3.49710099939480       -0.31874625245800        0.67392541458288
H            4.47547871289044       -2.05254625515431        3.93289519213439
H            6.17115113110428       -2.09819312338435        3.43860376454449
H            5.00469976759755       -3.20597672511386        2.71204593903683
H            6.92187613175012       -0.88073229266195        1.52729223699095
H            5.80131752659924        0.14932171465443        0.62468058360084
H            5.28165010583292        1.41288470263072        2.68899409997155
H            6.38298939603863        0.39185097262088        3.61432063526762
H            7.07137865455246        2.42761062569842        1.43469314801903
H            9.84804208967125        0.11819248219638        3.28550746996285
H            8.33582461101758        0.19954750816683        4.18938407882754
H            9.62082772909415        1.37023533720574        4.50101311028691
H            9.96385679704781        3.32833197500766        2.92451351212163
H            9.18960365370141        3.29121179132030        1.33521669009406
H           10.46125233395534        2.12842010773769        1.73741927759915
74
 energy: -94.790368093577 gnorm: 0.001447510170 xtb: 6.7.1 (edcfbbe)
C           -0.20553834689288       -2.81673765435776        2.02171250960604
C            0.07894177455197       -1.56219894318544        1.69286377221024
C           -0.97647468862887       -0.54026528801246        1.36013796158987
C           -1.29771553228538       -0.54146178991428       -0.13718711022769
C           -0.08819643963521       -0.20066071798948       -1.01358640068233
C           -0.70568425056933        0.26781510297337       -2.32789184070614
C           -1.97109375860413        0.94920274054680       -1.90994923518479
N           -2.51609690265756        1.77288260531574       -2.69206277325463
O           -3.70270426081690        2.40807790816317       -2.23285462717817
C           -4.77630414289524        2.23976467783298       -3.02575881440584
O           -4.82104130628499        1.51005224313159       -3.97908443309119
C           -5.90401968805362        3.05387431418119       -2.50761433122486
C           -7.28962863564848        2.47547097392654       -2.64962931644253
C           -6.87532216743851        3.60608318736016       -3.52068615729346
C           -2.35192272656361        0.51550245281785       -0.51634627188145
C           -3.80322334939903        0.03546094093907       -0.37514946948640
C           -4.24480776438059       -0.92668041259170       -1.47668646259539
C           -5.72230249071635       -1.28499915743500       -1.34006184539806
C           -6.21523260315687       -2.12242566935115       -2.51692594122519
C           -7.69652838288166       -2.45639172251372       -2.39257657567186
O            1.31887373205283       -1.01672045809523        1.57976814092680
C            2.44530367274856       -1.84744004578033        1.77653685066807
C            3.66474420386968       -1.04404420826620        1.44666077772003
C            4.86245781780466       -1.18269736532720        2.00273691308859
C            5.14796103787355       -2.19808876713841        3.07349263617315
C            6.00468438377334       -0.29272192651527        1.60566790466201
C            6.21152815026946        0.82385862510783        2.64783533455045
C            7.33606412558347        1.72326344321493        2.23959341207937
C            8.58778207590648        1.71110818136972        2.68212143415716
C            9.12867850243583        0.77732368915339        3.72454141931908
C            9.60905165063779        2.67288485179548        2.14691413039242
H           -1.22844131350843       -3.13831446379770        2.07792228547544
H            0.53888777904778       -3.55747590779006        2.24812400047452
H           -0.60140754043018        0.44365228837616        1.64837771625758
H           -1.88246684844420       -0.75411368215512        1.92773946923588
H           -1.66915978932427       -1.53321947235778       -0.41123109554353
H            0.57774248790231       -1.05084166505666       -1.14778045934543
H            0.48127129170965        0.60837487733418       -0.55380802907098
H           -0.06543093466325        0.92084023664710       -2.91708555042668
H           -0.97811924022621       -0.58802588064725       -2.95072996888402
H           -5.66462626923457        3.64246608310735       -1.63327884031990
H           -7.99282959099206        2.65478721820793       -1.85103519379114
H           -7.35827255847492        1.49695338398810       -3.10004562104182
H           -7.28226261931438        4.58885100928859       -3.33938698684502
H           -6.66483228105647        3.38961661483901       -4.55645641690160
H           -2.22434424168926        1.39288358952139        0.13136202083396
H           -3.91275953453754       -0.44872790587524        0.59870300543611
H           -4.46661461718973        0.90303059409307       -0.38389859129004
H           -3.64674631042901       -1.83992921231035       -1.44275354327864
H           -4.08697141514784       -0.46630670680685       -2.45376380830666
H           -6.30932549942889       -0.36415743991313       -1.28947679070862
H           -5.88352544881116       -1.83155623262580       -0.40703755707525
H           -5.63678372456264       -3.04777480230427       -2.57116295019204
H           -6.04209296073369       -1.56814352974238       -3.44176290635416
H           -8.29130455634727       -1.54568842310396       -2.36241785399370
H           -7.88643304875465       -3.01797597123709       -1.48007440246798
H           -8.02750769024859       -3.05387545134504       -3.23872429892170
H            2.37968180187527       -2.72481050369822        1.11139606591613
H            2.46986205036552       -2.20943825252151        2.81322400843618
H            3.49982740870329       -0.30145827868788        0.67936374757284
H            4.48453451322781       -2.05815025091694        3.92672059482968
H            6.17573732003589       -2.11705358881958        3.41915233648888
H            4.99297180796209       -3.20817718640371        2.69402815580535
H            6.92499938626753       -0.87571416822087        1.52636658849453
H            5.80598372947678        0.16488947600773        0.63512166662752
H            5.28932657299566        1.40590618385557        2.71428877546279
H            6.39418684229999        0.37668525883766        3.62485890155577
H            7.07404147812956        2.43309023869173        1.46447586345671
H            9.85748949819003        0.10352697915202        3.27253227047320
H            8.35207185454196        0.17778606446254        4.18786480936511
H            9.64144104498702        1.34270326276315        4.50238772601243
H            9.97329969350725        3.31947743836577        2.94531678719962
H            9.19166847302260        3.29579288874543        1.36025350792296
H           10.46499930937049        2.13052347848322        1.74614382554480
74
 energy: -94.790390351459 gnorm: 0.001890486461 xtb: 6.7.1 (edcfbbe)
C           -0.19735416896222       -2.80515777222645        2.01354314984503
C            0.08351125968495       -1.54979966716739        1.68498042233308
C           -0.97484674602873       -0.53014860957185        1.35430033663056
C           -1.29768624746012       -0.53089638752252       -0.14265365552540
C           -0.09118719373807       -0.18091009135135       -1.01937090630376
C           -0.71443831636041        0.27568775669162       -2.33518717993581
C           -1.98145240953016        0.95337384089030       -1.91629813361418
N           -2.53063576346634        1.77347364714953       -2.69908473456826
O           -3.71840908597552        2.40627066532331       -2.23926699571936
C           -4.79394616736802        2.22952050344695       -3.02754191345174
O           -4.84065836662712        1.49119388513412       -3.97401449108509
C           -5.92233301283339        3.04432631253779       -2.51128030760428
C           -7.30862929740348        2.46404115103175       -2.64131284720518
C           -6.89681184329616        3.58406255277200       -3.52771117436910
C           -2.35750355574880        0.52099400261407       -0.52080343074093
C           -3.80713431861556        0.03681878299766       -0.37527084283872
C           -4.24953806223722       -0.92522040206074       -1.47670436250360
C           -5.72824603497477       -1.28039738843191       -1.34349093234886
C           -6.21801758613290       -2.11783514377225       -2.52176092686166
C           -7.69995112415450       -2.45149126490979       -2.40372970085357
O            1.32237081979447       -1.00179676322526        1.57097371725810
C            2.45008973019225       -1.83086821212575        1.76481753759533
C            3.66977902802026       -1.02376725899550        1.44472266044417
C            4.86794597324831       -1.17523352648715        1.99646592701885
C            5.15038062359043       -2.21038913229128        3.04898630963906
C            6.01201220100310       -0.28077471407474        1.61512876157550
C            6.22638440211491        0.81396275382209        2.67887613412147
C            7.34753928250626        1.72167548210815        2.27966856412857
C            8.60448831076482        1.69718285436845        2.70720835623739
C            9.15538910194481        0.74000563810383        3.72288746199676
C            9.62131422065996        2.66904823053467        2.18119486555797
H           -1.21905862583361       -3.12987176132845        2.07165622903876
H            0.54974079684708       -3.54371238619911        2.23824542408326
H           -0.60180659644118        0.45446273295010        1.64286445895019
H           -1.87965548011681       -0.74661741821630        1.92279708169380
H           -1.66341667397825       -1.52433816147525       -0.41849579239255
H            0.58452296360960       -1.02398583692888       -1.14998612900019
H            0.46874252085251        0.63670790693197       -0.56242454920739
H           -0.07958712243662        0.92756874282074       -2.93158496654636
H           -0.98530212069790       -0.58631425421308       -2.95066120037454
H           -5.68045654932987        3.64251214025808       -1.64397867255446
H           -8.00837307769430        2.65476729307675       -1.84168184775233
H           -7.38136363913594        1.47983129654691       -3.07923112873662
H           -7.30289981045802        4.56949572644445       -3.35921386734479
H           -6.68752993731154        3.35294798402050       -4.56124715276449
H           -2.23098276692760        1.39999889855463        0.12498302481691
H           -3.91292896583524       -0.44808939979896        0.59863924639042
H           -4.47225523032404        0.90314072793306       -0.38157947967102
H           -3.65337637204538       -1.83971210092282       -1.44131569957844
H           -4.08953823091934       -0.46602136705520       -2.45400862909836
H           -6.31372283787554       -0.35842572747694       -1.29577006706625
H           -5.89355844892789       -1.82570371561464       -0.41047842921091
H           -5.63991687676396       -3.04349104004941       -2.57356248068698
H           -6.04086018753959       -1.56366510145713       -3.44592652846942
H           -8.29473312694637       -1.54080148920087       -2.37488734666577
H           -7.89415441856632       -3.01449777516265       -1.49294812264733
H           -8.02735137197559       -3.04756851097500       -3.25232412832994
H            2.38788834353644       -2.70371382528440        1.09357434050678
H            2.47302817819631       -2.19993908470694        2.79882664083826
H            3.50409461036253       -0.26670315978117        0.69142944731008
H            4.50179821626043       -2.07083618918469        3.91324947518907
H            6.18295231547886       -2.15145179903780        3.38136272984305
H            4.97273789647384       -3.21164077249911        2.65887741974678
H            6.93026139808829       -0.86505869351094        1.52199208010530
H            5.81292720117013        0.19694814082346        0.65435666536996
H            5.30462846282404        1.39428003281408        2.76424768071977
H            6.41689836432546        0.34675257734672        3.64501943642266
H            7.07826637575478        2.44904102676841        1.52356366882697
H            9.87580697460700        0.07324806256161        3.24763202067530
H            8.38243211927380        0.13394621690610        4.18395362598890
H            9.68023193403099        1.28783039996654        4.50513226490606
H            9.99399838789928        3.29981415513377        2.98932880996283
H            9.19656458103510        3.30845933076983        1.41065862288303
H           10.47288117491681        2.13345445191205        1.76098901029508
74
 energy: -94.790406945286 gnorm: 0.001792669257 xtb: 6.7.1 (edcfbbe)
C           -0.19329821291695       -2.79646657401898        2.00822024984063
C            0.08567911796402       -1.54086189797722        1.67907452518810
C           -0.97454960841896       -0.52279578460080        1.34957766337129
C           -1.29730753799146       -0.52380815777397       -0.14742558698137
C           -0.09239627898194       -0.16803039131021       -1.02363054370976
C           -0.71794115877054        0.28013445005023       -2.34125242469024
C           -1.98651602969608        0.95494045518877       -1.92290154444247
N           -2.53737072966933        1.77386247110549       -2.70576156539399
O           -3.72559102780986        2.40490115412720       -2.24518957541427
C           -4.80380215785380        2.22082570471681       -3.02805856965793
O           -4.85223495495156        1.47787422663383       -3.97133581292200
C           -5.93135348704925        3.03761409420737       -2.51299969047447
C           -7.31758168310203        2.45436110678960       -2.63247319031097
C           -6.91117937589189        3.56819795786469       -3.52941863456588
C           -2.36074574155082        0.52420759352077       -0.52609050908875
C           -3.80941177307388        0.03773658148968       -0.37690540083077
C           -4.25439632856387       -0.92398238642154       -1.47770073373228
C           -5.73388236482214       -1.27676106070247       -1.34599669372112
C           -6.22225808402053       -2.11344694500373       -2.52559385464502
C           -7.70402982142509       -2.44895243778885       -2.41107318894476
O            1.32384689400415       -0.99161497631094        1.56231162022084
C            2.45233773256010       -1.81823081423746        1.76003241020278
C            3.67242878997740       -1.00851581731312        1.44790623911404
C            4.87125823056794       -1.16980674258274        1.99551565846780
C            5.15219410070365       -2.21880168365750        3.03440750785547
C            6.01696562593385       -0.27421468607463        1.62305376572390
C            6.23612394295114        0.80771662420550        2.69804789767501
C            7.35567936314480        1.71923853792641        2.30345966183541
C            8.61498206876503        1.68866616566085        2.72212948726065
C            9.17095745595453        0.71923677170458        3.72189562599900
C            9.63007447981325        2.66486330157790        2.20104337177239
H           -1.21477235442027       -3.12193949818340        2.06788833681461
H            0.55465157966744       -3.53481933861853        2.23057706224648
H           -0.60287306724569        0.46242271086262        1.63799719493457
H           -1.87863705091232       -0.74080763564189        1.91872257081218
H           -1.65905468385371       -1.51838115528714       -0.42443497455297
H            0.59023043899578       -1.00600897386766       -1.15066499773557
H            0.46037735571881        0.65553477984253       -0.56859111829594
H           -0.08647457172221        0.93196184749947       -2.94105935104509
H           -0.98545074439399       -0.58604072308935       -2.95224175793017
H           -5.68655605993371        3.64225506491598       -1.65065169368495
H           -8.01292501543115        2.65118481304065       -1.83019714688671
H           -7.39207875732782        1.46634790502495       -3.06188600057814
H           -7.31801301448651        4.55429385229627       -3.36732900140420
H           -6.70537538655382        3.32887994923595       -4.56194952765352
H           -2.23488852306516        1.40515156624882        0.11734238231964
H           -3.91146154906688       -0.44839911487819        0.59677861802746
H           -4.47593721600774        0.90313183627585       -0.38009285726049
H           -3.66000305232015       -1.83972492216295       -1.44211703813913
H           -4.09360224701526       -0.46556888950952       -2.45524750746904
H           -6.31778821713656       -0.35382448907489       -1.29913523306349
H           -5.90112874757978       -1.82156105949736       -0.41302095419379
H           -5.64362012607532       -3.03871522398198       -2.57723318463938
H           -6.04394097000279       -1.55830468707599       -3.44898377460284
H           -8.30009781702600       -1.53913314381492       -2.38156762452166
H           -7.89988278841665       -3.01456259253099       -1.50215395059404
H           -8.02852406902123       -3.04344699999639       -3.26196781556062
H            2.39562483069553       -2.69007285744801        1.08713034572296
H            2.47111891670142       -2.18913151168380        2.79335349548381
H            3.50703600596385       -0.24299512200915        0.70382151530718
H            4.51303347623766       -2.08051596299795        3.90639416059643
H            6.18937021513204       -2.17569902698533        3.35733070271985
H            4.95807538262766       -3.21410915007057        2.63500919912836
H            6.93384485892856       -0.85926254580372        1.52161575896179
H            5.81738143832560        0.21452873637836        0.66837342306863
H            5.31484080133299        1.38670401484014        2.79427990458493
H            6.43118918184307        0.32980423808723        3.65753094184061
H            7.08182233364138        2.45749581396446        1.55958842800270
H            9.88590586319917        0.05671605879618        3.23419813641195
H            8.39996287671625        0.10986706192622        4.18166841693372
H            9.70307827258059        1.25695081647029        4.50552256107858
H           10.00590001393045        3.28891960762833        3.01082584253581
H            9.20341117733654        3.30875985405821        1.43818101893821
H           10.47954956373712        2.13402725558519        1.77387218366067
74
 energy: -94.790419984077 gnorm: 0.000620563148 xtb: 6.7.1 (edcfbbe)
C           -0.19402956778592       -2.79576844685866        2.00702405497224
C            0.08534002579234       -1.54010145695594        1.67834312282442
C           -0.97490421095257       -0.52212213852775        1.34895480527558
C           -1.29749902856263       -0.52344752527071       -0.14803196029941
C           -0.09213775196182       -0.16873839701787       -1.02403184378917
C           -0.71707897083976        0.28054613187396       -2.34145924973843
C           -1.98649455646957        0.95438652726985       -1.92424970369496
N           -2.53710902888458        1.77346108492415       -2.70719192275113
O           -3.72490094406742        2.40493724637875       -2.24678715970167
C           -4.80346552953924        2.22105299054138       -3.02901738967899
O           -4.85242442917291        1.47809619456575       -3.97220535491353
C           -5.93042478459190        3.03801598539834       -2.51353188880175
C           -7.31579115359007        2.45315894435769       -2.63179606171874
C           -6.91272599662837        3.56824782739254       -3.52788823434481
C           -2.36084686180158        0.52440072898994       -0.52723158581376
C           -3.80920538505227        0.03748605722907       -0.37774088320337
C           -4.25389976179143       -0.92463869898667       -1.47826017927802
C           -5.73334581833621       -1.27759314559868       -1.34575089134379
C           -6.22247257951796       -2.11349303584754       -2.52547907211080
C           -7.70424155913789       -2.44869690403970       -2.41016269406700
O            1.32343515083199       -0.99089029707372        1.56130266340990
C            2.45178980757944       -1.81744058150374        1.76180414093136
C            3.67185306813048       -1.00768759782244        1.44984725067725
C            4.87103867315165       -1.16953325251690        1.99605399000404
C            5.15230850526953       -2.21905242208242        3.03377519690617
C            6.01641313804105       -0.27360925550380        1.62267790587505
C            6.23640124071710        0.80799647705017        2.69808771219288
C            7.35574533419617        1.71993091653906        2.30342844511853
C            8.61528692853934        1.68849876916652        2.72194472395896
C            9.17095696562234        0.71824017346568        3.72159850919371
C            9.63048436151894        2.66481943397959        2.20122088438555
H           -1.21591322506998       -3.12010711599152        2.06705178757397
H            0.55314041084562       -3.53485088016074        2.22933279011919
H           -0.60375898289140        0.46317041134695        1.63753475107082
H           -1.87899484573476       -0.74055820404376        1.91774456696001
H           -1.65948338666797       -1.51804736276717       -0.42456396423460
H            0.58953321539948       -1.00732641133284       -1.15122151912770
H            0.46141560394489        0.65397233808824       -0.56893430700523
H           -0.08532113376165        0.93341365093206       -2.93956162198898
H           -0.98324019287417       -0.58465645890567       -2.95378155935345
H           -5.68518681635472        3.64255562140083       -1.65161422930540
H           -8.01081926689311        2.64743344126473       -1.82921843201809
H           -7.38816310650499        1.46597787098072       -3.06216901534143
H           -7.32098820439781        4.55311343959674       -3.36298799244077
H           -6.70917642952875        3.33162577148001       -4.56085933451179
H           -2.23514981852330        1.40575690257340        0.11564799878287
H           -3.91041324418087       -0.44874140264546        0.59594269596555
H           -4.47622920883692        0.90241137985619       -0.38055517082581
H           -3.65925008929637       -1.84021263621754       -1.44233319201722
H           -4.09300723278243       -0.46637830437335       -2.45588275889965
H           -6.31751591058409       -0.35481556062374       -1.29813894013133
H           -5.90034859453193       -1.82311919042822       -0.41314477931921
H           -5.64367578752724       -3.03866555165439       -2.57821264405275
H           -6.04485037001176       -1.55765724618281       -3.44857300995568
H           -8.30032181458987       -1.53892004489498       -2.37951937485624
H           -7.89926471767741       -3.01487575523876       -1.50148612284296
H           -8.02946800438929       -3.04261786401784       -3.26106510392241
H            2.39628445132979       -2.69042263994034        1.08999816863745
H            2.46899487952670       -2.18691017214512        2.79602570353995
H            3.50617115833012       -0.24113293659522        0.70694339494691
H            4.51380008275323       -2.08214814433238        3.90606173377045
H            6.18885439907780       -2.17592624774716        3.35599075580900
H            4.95844530786292       -3.21368873448093        2.63472071056645
H            6.93279099943105       -0.85883004908924        1.51946231093764
H            5.81565023771598        0.21609298243358        0.66862799574260
H            5.31539231806274        1.38740769875949        2.79531419797632
H            6.43180460889403        0.32915598334294        3.65731554652167
H            7.08217165673476        2.45754719862509        1.55896142803236
H            9.88568928521695        0.05510064519480        3.23327725117265
H            8.39960285930209        0.10907944561587        4.18126639685626
H            9.70328206974492        1.25523331806699        4.50610215382068
H           10.00624195771315        3.28725480528521        3.01348983891371
H            9.20314765424362        3.31094164014598        1.43875503402656
H           10.48007194685171        2.13290203506669        1.77335338525214
74
 energy: -94.790430514178 gnorm: 0.000870007793 xtb: 6.7.1 (edcfbbe)
C           -0.19569589547111       -2.79458243165176        2.00587867042928
C            0.08423631902641       -1.53896198593983        1.67753941358182
C           -0.97598775554540       -0.52110533257254        1.34795347962638
C           -1.29784165718986       -0.52299542396321       -0.14917525895293
C           -0.09200141168392       -0.16959134647384       -1.02505327963858
C           -0.71554497447080        0.28123595719769       -2.34267674315305
C           -1.98557773701992        0.95442069706235       -1.92628497689986
N           -2.53599358293024        1.77348798774407       -2.70943903033119
O           -3.72360202678929        2.40509806463781       -2.24944817559187
C           -4.80246809909726        2.22218790862031       -3.03140027329226
O           -4.85230411599542        1.47908371161533       -3.97447169612774
C           -5.92909862032978        3.03822066160479       -2.51400276359970
C           -7.31333388861358        2.45032432731777       -2.63009344968295
C           -6.91521488025179        3.56793425648320       -3.52503576748297
C           -2.36065402506273        0.52491399007000       -0.52926252067790
C           -3.80866079607233        0.03732633480490       -0.37920967054069
C           -4.25336392856940       -0.92547606796404       -1.47913459533413
C           -5.73254587145545       -1.27893407749147       -1.34567143623359
C           -6.22312927429609       -2.11343976862693       -2.52575872784978
C           -7.70471997830854       -2.44868190120659       -2.40859020667094
O            1.32222820721767       -0.98990833177828        1.55994118663142
C            2.45053767209851       -1.81563542097048        1.76496730057062
C            3.67040698583448       -1.00585716055201        1.45298510610211
C            4.87045788266258       -1.16879337185219        1.99688762711135
C            5.15320305712232       -2.21961768323932        3.03259364292525
C            6.01514791647898       -0.27238650859180        1.62228832823519
C            6.23685766414758        0.80816068580698        2.69840190205837
C            7.35628879591140        1.71983281339426        2.30331761081946
C            8.61588019909582        1.68760779570151        2.72173673890820
C            9.17098996046257        0.71648241135201        3.72094768936792
C            9.63145806702483        2.66431529050408        2.20249258294045
H           -1.21806594640617       -3.11763411243860        2.06543217379972
H            0.55046247717407       -3.53475805215396        2.22768731542883
H           -0.60530591553590        0.46432913812571        1.63650458479746
H           -1.88019877561274       -0.73978732737508        1.91639829570883
H           -1.66028032869166       -1.51758883175363       -0.42513698900883
H            0.58794263029355       -1.00947655496979       -1.15251530116238
H            0.46311931933592        0.65164986067684       -0.56942246597346
H           -0.08319676916872        0.93577505392297       -2.93832016094930
H           -0.98001614539420       -0.58275055911924       -2.95717525253492
H           -5.68298490904176        3.64267697902380       -1.65240334619403
H           -8.00761289849817        2.64042817590973       -1.82604441583590
H           -7.38267326238799        1.46391385838112       -3.06251511024147
H           -7.32503426648734        4.55142292042993       -3.35541927339815
H           -6.71455816503847        3.33556673047576       -4.55931021558350
H           -2.23518274801747        1.40673608326573        0.11300746839213
H           -3.90904455308728       -0.44887596044322        0.59457891330108
H           -4.47637878319888        0.90166331849115       -0.38180493108096
H           -3.65838681786270       -1.84082657160411       -1.44297069711070
H           -4.09300025071550       -0.46766550942561       -2.45704912270781
H           -6.31682024377122       -0.35630320555804       -1.29623783024204
H           -5.89835363469253       -1.82555697280298       -0.41349726775338
H           -5.64445132112399       -3.03859282461240       -2.58036891303887
H           -6.04669336616155       -1.55656378067912       -3.44846433644678
H           -8.30048356043694       -1.53876840522595       -2.37594740123679
H           -7.89844575643579       -3.01581784151690       -1.50022760893198
H           -8.03139051193517       -3.04148993863679       -3.25966684367669
H            2.39691263260196       -2.69065937563058        1.09561813774028
H            2.46541027771938       -2.18225501331718        2.80042303164664
H            3.50396228814047       -0.23795375156217        0.71165726575615
H            4.51509142664188       -2.08428712021404        3.90541529658913
H            6.18974516350606       -2.17637473136106        3.35410401557696
H            4.95921087026537       -3.21357808594448        2.63247663096228
H            6.93125527857561       -0.85741496277811        1.51670435646623
H            5.81237958424763        0.21829561178301        0.66911602398411
H            5.31617778006864        1.38791368977683        2.79703122468496
H            6.43293354741210        0.32838948042464        3.65710559339730
H            7.08261703542594        2.45789771646126        1.55946532820369
H            9.88533968972610        0.05312010984434        3.23202109153375
H            8.39928603377285        0.10744276195365        4.18021203642087
H            9.70371235816441        1.25244068507391        4.50604541573396
H           10.00810374689978        3.28479418530250        3.01619233824587
H            9.20425523135574        3.31291728932073        1.44161672283626
H           10.48068735052146        2.13293975919943        1.77280636997486
74
 energy: -94.790443512050 gnorm: 0.000906431072 xtb: 6.7.1 (edcfbbe)
C           -0.19917213593607       -2.79241389747944        2.00418805100825
C            0.08181077681491       -1.53703254803003        1.67586367740929
C           -0.97803544235935       -0.51918293911483        1.34519015054182
C           -1.29849471828915       -0.52226809083480       -0.15221020730763
C           -0.09134557445316       -0.17149588506510       -1.02738867951057
C           -0.71260525281081        0.28278551804287       -2.34509830165076
C           -1.98402700459802        0.95453592115595       -1.93045794350328
N           -2.53403087309666        1.77350963140168       -2.71405629978146
O           -3.72135961705042        2.40507218951625       -2.25416252396039
C           -4.80087209806422        2.22364963442261       -3.03552131382807
O           -4.85151801861010        1.48273958606770       -3.98030039822674
C           -5.92705779353534        3.03768564522139       -2.51410451012403
C           -7.30946177082079        2.44447912305003       -2.62652676570066
C           -6.91973824853148        3.56719082275428       -3.51889661433606
C           -2.36045163321712        0.52579692220716       -0.53357257832377
C           -3.80819220066873        0.03782609684380       -0.38302042609291
C           -4.25267400818500       -0.92643459923050       -1.48176726021566
C           -5.73126905052663       -1.28134737536055       -1.34565276169904
C           -6.22463639892113       -2.11325432265827       -2.52638245936728
C           -7.70590655819079       -2.44871042654838       -2.40564740979828
O            1.31968372663016       -0.98813927155366        1.55830655004836
C            2.44810861884071       -1.81156088773673        1.77183840760581
C            3.66755727788269       -1.00174958745918        1.45907714585288
C            4.86949583190377       -1.16724874137478        1.99805064064438
C            5.15503951015022       -2.22113370786992        3.02982986480186
C            6.01294541132661       -0.26993392984134        1.62172450228243
C            6.23799454564330        0.80844173549575        2.69921260271394
C            7.35769831136397        1.72001188236498        2.30468181971962
C            8.61727457776715        1.68653587726069        2.72294364240689
C            9.17190713181908        0.71287323219074        3.71985715758945
C            9.63352930359838        2.66323654937593        2.20535176743377
H           -1.22222032356620       -3.11353173877238        2.06337938763795
H            0.54550975688482       -3.53377967225441        2.22672238948605
H           -0.60786126222851        0.46650144501893        1.63356548800576
H           -1.88274522365711       -0.73768513532237        1.91291192185761
H           -1.66175819001760       -1.51682084728028       -0.42719161005478
H            0.58577037649582       -1.01366122745181       -1.15545824589038
H            0.46647636038881        0.64726942260830       -0.57063959684541
H           -0.07904434881939        0.94014491513071       -2.93651872768393
H           -0.97420115640848       -0.57910277646520       -2.96367149977197
H           -5.67933938161860        3.64106697554314       -1.65216220728543
H           -8.00200579155565        2.62708397168821       -1.81922158524395
H           -7.37428380220732        1.45940423943103       -3.06318341672396
H           -7.33251638142075        4.54823333287902       -3.34107016711475
H           -6.72429430343612        3.34187632642517       -4.55574227745248
H           -2.23524751448594        1.40821146839284        0.10796786263295
H           -3.90744577421203       -0.44786505771356        0.59117838402680
H           -4.47679066479910        0.90148243324411       -0.38576036489493
H           -3.65667400963915       -1.84113124093577       -1.44540357768545
H           -4.09374061330768       -0.46921877192837       -2.46020719898320
H           -6.31608649768331       -0.35925968191799       -1.29239012094540
H           -5.89439977807316       -1.83042321766925       -0.41441721590086
H           -5.64595096177558       -3.03817966987779       -2.58487402213336
H           -6.05090833582036       -1.55417100326305       -3.44827125700211
H           -8.30148139576294       -1.53879631652783       -2.36870564623128
H           -7.89679200266113       -3.01815937195845       -1.49812159770110
H           -8.03535553629445       -3.03929081449741       -3.25720250626826
H            2.39799358588908       -2.69065035970637        1.10762739074315
H            2.45931911541620       -2.17223946894540        2.80954058251323
H            3.49915190926665       -0.23122494024142        0.72090163784234
H            4.51792324116883       -2.08923672510996        3.90407789755773
H            6.19212919184550       -2.17804300145836        3.34993321201165
H            4.96103853799204       -3.21400723467622        2.62664666765152
H            6.92875587533437       -0.85462156341287        1.51180130471179
H            5.80674622821486        0.22266109544874        0.67029293131418
H            5.31807402414535        1.38892274976402        2.80059678686683
H            6.43503568512966        0.32666781071401        3.65663394586826
H            7.08413899304993        2.45877425694828        1.56151139400956
H            9.88541038155735        0.04975906414304        3.22949099716452
H            8.39991828909641        0.10365754941510        4.17833127762487
H            9.70546292167491        1.24686031424273        4.50560459388582
H           10.01266946875382        3.27994183871033        3.02061186643105
H            9.20623866212309        3.31552241131428        1.44790346233255
H           10.48118401922407        2.13259405887184        1.77197678832649
74
 energy: -94.790453516733 gnorm: 0.000831732572 xtb: 6.7.1 (edcfbbe)
C           -0.20235986331327       -2.79027718792392        2.00454524740716
C            0.07925876673803       -1.53527997011280        1.67538876025936
C           -0.98009949455432       -0.51775178170155        1.34222571633247
C           -1.29908415346438       -0.52199338050455       -0.15547753582898
C           -0.09107461852449       -0.17286752800541       -1.03012656184227
C           -0.70988331766860        0.28422071121962       -2.34816804309659
C           -1.98206167940859        0.95524504156775       -1.93465580862682
N           -2.53182339736001        1.77405782954029       -2.71866928224465
O           -3.71929385995953        2.40508783252334       -2.25850004142820
C           -4.79888085626297        2.22610435658262       -3.04036244983472
O           -4.84996281972272        1.48816664083969       -3.98739246909430
C           -5.92572268233296        3.03574252745152       -2.51319461693985
C           -7.30665396644665        2.43807461162198       -2.62238976592227
C           -6.92394694611193        3.56546695832936       -3.51208748348916
C           -2.35979179271950        0.52669362796508       -0.53813368763789
C           -3.80761846050207        0.03901467329614       -0.38749894802572
C           -4.25254712757791       -0.92629663464450       -1.48510830256569
C           -5.73039538367459       -1.28320714327870       -1.34618450842428
C           -6.22661009378714       -2.11273174499705       -2.52740367008318
C           -7.70736131386350       -2.44915152771693       -2.40293394294890
O            1.31706943400368       -0.98632926059461        1.55845116150767
C            2.44582881640565       -1.80715737123566        1.77907595722929
C            3.66469277649294       -0.99693120429542        1.46507009051765
C            4.86852039982821       -1.16507450975672        1.99901730619672
C            5.15675726277839       -2.22272596480163        3.02624994991754
C            6.01105283507006       -0.26722602522443        1.62133303818148
C            6.23908716916636        0.80858864898154        2.70064856746900
C            7.35951466423826        1.71929019740338        2.30620107451971
C            8.61916555996276        1.68460092393978        2.72407608535087
C            9.17355915065577        0.70909649539561        3.71924130352623
C            9.63569209301409        2.66198483115389        2.20833051954026
H           -1.22561848652623       -3.11110297848496        2.06177149899949
H            0.54173673275073       -3.53192118155864        2.22806729931256
H           -0.61004904660977        0.46817797201810        1.62996359321443
H           -1.88548008812664       -0.73539141555008        1.90925862547412
H           -1.66298607046110       -1.51646978268002       -0.42986880533757
H            0.58377633493557       -1.01678323675461       -1.15872142521230
H            0.46897186937045        0.64373482399900       -0.57215248973749
H           -0.07516223705055        0.94344002919645       -2.93639325732076
H           -0.96962632761857       -0.57601386114349       -2.96989332681961
H           -5.67670480021439        3.63718282039286       -1.65018110317509
H           -7.99725166273499        2.61460064193360       -1.81203550262932
H           -7.36895318285069        1.45444872706648       -3.06296911356412
H           -7.33908406862471        4.54442184706746       -3.32796533171541
H           -6.73235489775813        3.34555183783723       -4.55084968390549
H           -2.23462024567877        1.40926815989002        0.10323196404591
H           -3.90705621754560       -0.44572780776354        0.58718505426176
H           -4.47620211422780        0.90265527229251       -0.39109424186595
H           -3.65526678827835       -1.84015655598628       -1.44927121712066
H           -4.09576539800881       -0.46934331249954       -2.46401955443661
H           -6.31600229398059       -0.36187668471768       -1.28889596319978
H           -5.89021327518734       -1.83469151441299       -0.41579043245109
H           -5.64776206249333       -3.03727941351998       -2.58954840644966
H           -6.05573142108402       -1.55162437581702       -3.44861171877786
H           -8.30297373689660       -1.53944404685444       -2.36165752265535
H           -7.89529361300836       -3.02108287400764       -1.49632205882749
H           -8.03936778459349       -3.03748524359712       -3.25507014312077
H            2.39888388759088       -2.69008996421058        1.11981574860203
H            2.45483734453741       -2.16215153292231        2.81879875037872
H            3.49403100009133       -0.22399806940375        0.72992862891532
H            4.52085809980889       -2.09482125424650        3.90202202244356
H            6.19450058842793       -2.18016006733540        3.34487301050900
H            4.96283371892172       -3.21431662648700        2.61936483908401
H            6.92655121282985       -0.85179462426610        1.50766101967475
H            5.80221731594649        0.22723981423549        0.67146456118998
H            5.32008049932329        1.39010710527080        2.80460184926571
H            6.43698502109169        0.32463962400091        3.65675413307146
H            7.08571371064982        2.46035486910576        1.56532430728449
H            9.88615522825837        0.04646788519797        3.22718813882432
H            8.40140965959305        0.09957291951929        4.17699973974365
H            9.70801845340317        1.24125561903606        4.50553015400652
H           10.01763662040428        3.27507611653613        3.02479381027878
H            9.20784883665925        3.31740246619566        1.45426806334895
H           10.48145258394252        2.13169320017044        1.77122168179350
74
 energy: -94.790467029810 gnorm: 0.000727729214 xtb: 6.7.1 (edcfbbe)
C           -0.20625613125379       -2.78745432259624        2.00559428571646
C            0.07564887080918       -1.53305173598088        1.67449367631019
C           -0.98295605771570       -0.51602308005139        1.33738589105596
C           -1.29964146537051       -0.52183377539886       -0.16079804714961
C           -0.09021728235914       -0.17462109747771       -1.03430506897952
C           -0.70640509104861        0.28580511583191       -2.35256667641795
C           -1.97938702108570        0.95629524444601       -1.94055307595335
N           -2.52905152335349        1.77486481165234       -2.72500240072228
O           -3.71695584820524        2.40447948489714       -2.26363227142927
C           -4.79677317412241        2.22816891520114       -3.04582628117030
O           -4.84730173024580        1.49727540081059       -3.99830041202674
C           -5.92461025042534        3.03167405315117       -2.51084064434354
C           -7.30362979242824        2.42877224545672       -2.61643833757059
C           -6.92948706387742        3.56239014384733       -3.50215267203228
C           -2.35895884797918        0.52771588950908       -0.54468972699253
C           -3.80742687525307        0.04166152197555       -0.39460431692897
C           -4.25289911144842       -0.92473623864395       -1.49100426190073
C           -5.72954141682792       -1.28496600698470       -1.34739807989721
C           -6.22954502802252       -2.11158655755282       -2.52909652864614
C           -7.70942978379845       -2.44995781461284       -2.39934234792397
O            1.31335142297139       -0.98337022343774        1.56022827939107
C            2.44272654231919       -1.80043600070939        1.78957740488994
C            3.66070026926804       -0.98961045725538        1.47317215856269
C            4.86720822165198       -1.16187998024870        1.99978668660697
C            5.15907087541929       -2.22524948409761        3.02011548205703
C            6.00870847354188       -0.26317688476801        1.62126236129277
C            6.24077876517266        0.80885079398714        2.70340397320899
C            7.36193028146115        1.71929550152549        2.31055273032284
C            8.62183455774179        1.68243082123105        2.72729189281778
C            9.17649938007760        0.70328402023175        3.71866642056545
C            9.63908112532383        2.65967030037592        2.21250350455871
H           -1.22939873726125       -3.10892215996088        2.06089718209109
H            0.53787462292634       -3.52781865581423        2.23341499030922
H           -0.61299318223214        0.47023441265202        1.62428764599141
H           -1.88943193192283       -0.73235500135160        1.90325036639320
H           -1.66426756953346       -1.51618001059828       -0.43462621511133
H            0.58245676912134       -1.02025544277978       -1.16344067196274
H            0.47182434674980        0.63974665565454       -0.57472058437752
H           -0.07013214512137        0.94662005716443       -2.93739858046928
H           -0.96447069288987       -0.57260357291767       -2.97760182049146
H           -5.67421255037950        3.62936925959142       -1.64549509441851
H           -7.99081346604303        2.59818118774456       -1.80158747282660
H           -7.36417629629049        1.44708786539580       -3.06181700523577
H           -7.34775405258995        4.53871667224230       -3.31123437686930
H           -6.74200848198892        3.34824365924959       -4.54294433072457
H           -2.23350527112876        1.41017954984465        0.09681330838245
H           -3.90787162277963       -0.44170605608756        0.58067596983885
H           -4.47520805459632        0.90592152199377       -0.39969347095375
H           -3.65345709493320       -1.83724352878188       -1.45685202611760
H           -4.09986203084501       -0.46744823077371       -2.47037383649642
H           -6.31662096029952       -0.36494953750653       -1.28435817880065
H           -5.88423260599335       -1.83986959239903       -0.41815470646949
H           -5.65006900270542       -3.03535604350159       -2.59638741518819
H           -6.06312377381391       -1.54770469373675       -3.44944724837902
H           -8.30567701930528       -1.54095080524479       -2.35179935705865
H           -7.89284423718574       -3.02565963090438       -1.49416296111025
H           -8.04472236498829       -3.03521613964366       -3.25233618118005
H            2.39981982367346       -2.68832715018514        1.13684682650199
H            2.44978945931985       -2.14807933792917        2.83187138390113
H            3.48657276193289       -0.21289195811268        0.74283045133417
H            4.52486660892548       -2.10339490953579        3.89802605346020
H            6.19772315765079       -2.18363952894255        3.33665422249778
H            4.96510782096889       -3.21464945773232        2.60732015826566
H            6.92373970848278       -0.84759578137381        1.50271694902390
H            5.79689489422381        0.23435119208855        0.67368260736651
H            5.32293830418199        1.39152995208282        2.81081103857985
H            6.43949274706293        0.32145406750794        3.65752991193406
H            7.08849289524401        2.46234810979241        1.57146156541732
H            9.88774584572161        0.04143780242398        3.22384346472049
H            8.40426314720131        0.09327384382129        4.17558951956094
H            9.71247078512703        1.23263198034317        4.50568042662645
H           10.02566067541351        3.26789580876604        3.03008268604655
H            9.21026228518294        3.31939693372883        1.46325368456643
H           10.48179119485641        2.12951608916970        1.76975237948328
74
 energy: -94.790480889189 gnorm: 0.000686410089 xtb: 6.7.1 (edcfbbe)
C           -0.20985377122063       -2.78346142936011        2.00945492582581
C            0.07142543466771       -1.52981655974749        1.67505028821199
C           -0.98653279049815       -0.51438338716601        1.33110134158380
C           -1.30030555695760       -0.52205201965576       -0.16769414408796
C           -0.08922488451814       -0.17620298804742       -1.03952744722668
C           -0.70258330940545        0.28701633620609       -2.35825775331438
C           -1.97641312166466        0.95712780316569       -1.94833186246117
N           -2.52595819546532        1.77556089556206       -2.73312028860469
O           -3.71416299850431        2.40373310906198       -2.26969575657644
C           -4.79400068277359        2.23155678294767       -3.05272852911747
O           -4.84384085117487        1.50998226954298       -4.01220478303282
C           -5.92383792119711        3.02523872283179       -2.50668315273122
C           -7.30064312675756        2.41635622717525       -2.60838791835197
C           -6.93629958669847        3.55710070097533       -3.48920376026644
C           -2.35786064643706        0.52875028445881       -0.55312020981710
C           -3.80737178117030        0.04545637592587       -0.40417634944161
C           -4.25403841143762       -0.92101759448565       -1.49992158562228
C           -5.72897868387639       -1.28603930423580       -1.34977804348125
C           -6.23354980624015       -2.10955222106911       -2.53168503598653
C           -7.71210963697139       -2.45129570167216       -2.39519380185819
O            1.30886200366410       -0.97857744282422        1.56451534359820
C            2.43923676241684       -1.79111021962913        1.80238814135813
C            3.65597541183789       -0.97919257583134        1.48312630574480
C            4.86565887019212       -1.15710436325134        2.00050895712796
C            5.16155354431064       -2.22872930775935        3.01105133894438
C            6.00632558849309       -0.25755214685859        1.62166488971744
C            6.24297069576264        0.80919753429610        2.70809511940477
C            7.36525911089279        1.71881311963095        2.31669079624316
C            8.62580766316144        1.67855596305794        2.73118668042249
C            9.18080087218673        0.69524985693995        3.71823430100094
C            9.64356008808643        2.65604669710774        2.21776407290741
H           -1.23232704100502       -3.10764032864669        2.06064119027739
H            0.53533194048447       -3.52121927098403        2.24257736372019
H           -0.61716375534985        0.47245603866900        1.61690290147047
H           -1.89456828669136       -0.72920321011117        1.89505575033312
H           -1.66540723477121       -1.51626743853501       -0.44125874669385
H            0.58216275044833       -1.02290009117813       -1.16872512960530
H            0.47377100034419        0.63663494062636       -0.57840486159565
H           -0.06457841307512        0.94849991174823       -2.94047817952933
H           -0.95962239860181       -0.57002319033982       -2.98559922519591
H           -5.67216523544040        3.61770830762728       -1.63801647968579
H           -7.98348936114343        2.57861197784637       -1.78832839185298
H           -7.36087914004757        1.43709862655992       -3.05909925636033
H           -7.35831641511596        4.53042922160839       -3.29188151263498
H           -6.75243534375346        3.34839666674941       -4.53184867432901
H           -2.23167183560703        1.41089892667110        0.08873884730235
H           -3.90969726821158       -0.43670014821154        0.57149792476164
H           -4.47334535141293        0.91107924417451       -0.41074533769547
H           -3.65145865155536       -1.83157607760024       -1.46935768373653
H           -4.10639243441171       -0.46209838357210       -2.47939737999052
H           -6.31836435516055       -0.36800346495977       -1.27970836960959
H           -5.87694476459516       -1.84511680482823       -0.42192939034536
H           -5.65254214813093       -3.03186934569709       -2.60531570194262
H           -6.07326488272240       -1.54225365361184       -3.45104656717016
H           -8.30992735367264       -1.54373431186185       -2.33965429233703
H           -7.88919318158917       -3.03188182395341       -1.49186936562066
H           -8.05117107629884       -3.03300205654727       -3.24913875563316
H            2.40044036598354       -2.68442431544164        1.15695589754245
H            2.44514393334322       -2.13070479610264        2.84747987425467
H            3.47757521371840       -0.19735323990051        0.75933795090949
H            4.52962834583373       -2.11530122048599        3.89175331396686
H            6.20113701123873       -2.18886247634723        3.32495957263495
H            4.96738281139124       -3.21483535592786        2.59018013863813
H            6.92050431413915       -0.84213207542771        1.49708757622921
H            5.79144070776104        0.24453411791145        0.67718039265895
H            5.32663506411758        1.39337675480613        2.82033446285068
H            6.44287317212176        0.31695001616597        3.65947890423422
H            7.09180243604665        2.46567228749911        1.58135347434670
H            9.89028059350295        0.03437139000170        3.21975424200876
H            8.40852487559578        0.08459947344574        4.17424491244179
H            9.71885818929242        1.22099870073663        4.50620076834734
H           10.03620756658744        3.25792585359614        3.03704446812344
H            9.21314720715511        3.32148653785978        1.47462246110918
H           10.48220814663106        2.12571866843107        1.76764368861429
74
 energy: -94.790488411605 gnorm: 0.000529246833 xtb: 6.7.1 (edcfbbe)
C           -0.21085818783428       -2.78050269868250        2.01208867731708
C            0.06906969523110       -1.52725580366864        1.67507284165211
C           -0.98915115319005       -0.51341706105646        1.32745585903750
C           -1.30052513269000       -0.52210069743950       -0.17185082866901
C           -0.08879559145139       -0.17619810982197       -1.04276795443859
C           -0.70085883062183        0.28666670725146       -2.36228168813487
C           -1.97443038087433        0.95767715500707       -1.95321018725873
N           -2.52414728982302        1.77607843669939       -2.73800693478385
O           -3.71266611124320        2.40283647293717       -2.27292915521211
C           -4.79284241092755        2.23275266626147       -3.05583412454413
O           -4.84203828604725        1.51795558608083       -4.02029852045670
C           -5.92373874473918        3.02052014407458       -2.50350407630136
C           -7.29905624202811        2.40808714410124       -2.60323778162253
C           -6.94055079083262        3.55283369356199       -3.48111691359902
C           -2.35711239038831        0.52931494199810       -0.55835721465064
C           -3.80727613567538        0.04769986542649       -0.41015409365350
C           -4.25536522046271       -0.91739901940995       -1.50648134709101
C           -5.72902331900421       -1.28573820402039       -1.35226717027991
C           -6.23636779813967       -2.10759606262288       -2.53413114040331
C           -7.71370784031030       -2.45264799552469       -2.39288906610933
O            1.30604666888168       -0.97407967800637        1.56786698837552
C            2.43719503282661       -1.78406718148824        1.80968747779899
C            3.65322539167189       -0.97150142389322        1.48915316401386
C            4.86469396859575       -1.15365558532334        2.00067642551625
C            5.16269075663873       -2.23127385685891        3.00402424832605
C            6.00510366710551       -0.25343506507033        1.62266244387119
C            6.24477378622467        0.80927820124591        2.71245526161271
C            7.36735064549713        1.71909203513991        2.32242627580989
C            8.62860065209135        1.67593662220272        2.73454748397521
C            9.18409508335473        0.68912623351225        3.71785786782530
C            9.64683913209752        2.65300066302667        2.22129259014061
H           -1.23263348076850       -3.10694323372730        2.06193637431634
H            0.53548955357335       -3.51538144145284        2.25077902375232
H           -0.62092482986649        0.47397649330819        1.61289759810009
H           -1.89811007327446       -0.72824336526943        1.88994653745486
H           -1.66557002528143       -1.51626545444409       -0.44566993498595
H            0.58291568455625       -1.02271007159095       -1.17121388366969
H            0.47353220851184        0.63680264569820       -0.58115760947618
H           -0.06205796762340        0.94735506351665       -2.94444177127196
H           -0.95810701643965       -0.57057243954383       -2.98926363827887
H           -5.67166726246765        3.60967867095970       -1.63275495974067
H           -7.97904568851282        2.56662880404524       -1.78008998509740
H           -7.35940296767345        1.43012474755779       -3.05640076199026
H           -7.36512350827447        4.52429887410302       -3.28081197567827
H           -6.75814155166967        3.34676389390633       -4.52453274130194
H           -2.23038653606030        1.41130266516114        0.08360499268505
H           -3.91076625056031       -0.43493838989472        0.56512777536278
H           -4.47197721761309        0.91426121274654       -0.41639740054290
H           -3.65070890951529       -1.82669136735221       -1.47987008151951
H           -4.11189360928062       -0.45624251651125       -2.48551029153544
H           -6.31991602178437       -0.36905073485851       -1.27782566250920
H           -5.87239935429869       -1.84720279362751       -0.42519230938796
H           -5.65395594560354       -3.02866127060898       -2.61178236398510
H           -6.08044517762442       -1.53819970914297       -3.45294613236683
H           -8.31294758080334       -1.54639466208080       -2.33231483643255
H           -7.88625676568521       -3.03625512612773       -1.49066143110348
H           -8.05498113146710       -3.03238617759316       -3.24725783580566
H            2.40053970673654       -2.67978761157543        1.16761757303611
H            2.44283137916563       -2.12006496925734        2.85606064779642
H            3.47252943537622       -0.18575392904436        0.77027843100933
H            4.53219710870167       -2.12377153057016        3.88640590164301
H            6.20271211001268       -2.19306470333431        3.31634848439376
H            4.96800899503572       -3.21468947286080        2.57737439857573
H            6.91862517629750       -0.83808304840392        1.49417489397657
H            5.78866629520970        0.25224550104217        0.68045076379111
H            5.32925128245972        1.39401654648210        2.82809002226236
H            6.44555144216179        0.31343285585773        3.66182488307262
H            7.09388176834945        2.46789961182105        1.58911819224493
H            9.89233416791898        0.02888999884886        3.21661225310915
H            8.41181669030253        0.07799622579327        4.17325456224157
H            9.72366027873173        1.21219996941651        4.50663455152677
H           10.04375036297213        3.25069717472269        3.04164945167798
H            9.21526630805348        3.32240568978454        1.48221748831303
H           10.48268629416509        2.12238924821402        1.76608625360034
74
 energy: -94.790494530387 gnorm: 0.000480642574 xtb: 6.7.1 (edcfbbe)
C           -0.21019171676433       -2.77744305127556        2.01539918820643
C            0.06800843846109       -1.52434212451465        1.67639218243041
C           -0.99103875408600       -0.51264838572040        1.32525119839962
C           -1.30070488887903       -0.52186565073057       -0.17441563339745
C           -0.08833309827723       -0.17549761264824       -1.04426767459670
C           -0.70057417057417        0.28521835973884       -2.36446288328426
C           -1.97410074841026        0.95693517703438       -1.95657984384576
N           -2.52361576569830        1.77561787019839       -2.74125509174581
O           -3.71175239129389        2.40233760903531       -2.27494464247250
C           -4.79233153707865        2.23365373289923       -3.05748045801733
O           -4.84157937525377        1.52250393646972       -4.02452672950044
C           -5.92392095336672        3.01737090883401       -2.50116107806618
C           -7.29813274083115        2.40226711031591       -2.59965418425928
C           -6.94351973088226        3.54910915893762       -3.47615641544035
C           -2.35730628953055        0.52937696022420       -0.56161530518351
C           -3.80776027360494        0.04872292922642       -0.41379980016542
C           -4.25675099607734       -0.91396383861803       -1.51187959982015
C           -5.72949877059906       -1.28463280033734       -1.35467133806639
C           -6.23823277184905       -2.10578069162424       -2.53639509957232
C           -7.71453764885748       -2.45382748326392       -2.39180123310976
O            1.30437844053016       -0.96942064385198        1.57046216844647
C            2.43611557691215       -1.77825229872968        1.81305942943127
C            3.65176735373872       -0.96508727764664        1.49277015501975
C            4.86418528784494       -1.15080908704557        2.00063022327266
C            5.16296831361648       -2.23332424367599        2.99822841145319
C            6.00477044338571       -0.25019289739931        1.62410287725468
C            6.24631959437580        0.80916889680117        2.71679040531752
C            7.36894924931516        1.71921444799517        2.32751511052188
C            8.63094856281259        1.67348505565294        2.73712429880785
C            9.18692439496362        0.68396059336702        3.71745969482285
C            9.64945624259927        2.65029588610765        2.22395650957412
H           -1.23129899560542       -3.10627502436608        2.06321673758083
H            0.53727686757011       -3.51046469276121        2.25600942334710
H           -0.62472182812294        0.47539113899941        1.61088654931531
H           -1.90061868502575       -0.72844770261645        1.88630690387912
H           -1.66522223925843       -1.51614824970477       -0.44853253197191
H            0.58505675423066       -1.02091815695414       -1.17127678124752
H            0.47199183655412        0.63917003085540       -0.58321427537258
H           -0.06160656635015        0.94429136640073       -2.94820582617318
H           -0.95840380237828       -0.57329644787648       -2.98941089567474
H           -5.67184619408536        3.60491327662294       -1.62940399366808
H           -7.97653123651418        2.55881432658027       -1.77482700648456
H           -7.35830019262138        1.42488012167751       -3.05381640125201
H           -7.36996533175304        4.51937906377291       -3.27450964475401
H           -6.76163173617800        3.34431835061546       -4.51990653123019
H           -2.23030389802629        1.41159047641292        0.07997112001021
H           -3.91103614173305       -0.43585013140720        0.56051975026739
H           -4.47183804149449        0.91577468750313       -0.41796297285606
H           -3.65063335636214       -1.82240741564396       -1.48929187888753
H           -4.11627801194444       -0.44997478465044       -2.48998791210095
H           -6.32157468035169       -0.36893594729454       -1.27766301663592
H           -5.87001642491677       -1.84757485936802       -0.42809739896418
H           -5.65415406110042       -3.02555330064048       -2.61694497093825
H           -6.08588901517669       -1.53479936475199       -3.45480758450264
H           -8.31552250505161       -1.54897531473114       -2.32785997935930
H           -7.88331959818564       -3.03945296049403       -1.49022420540663
H           -8.05698900467074       -3.03273896337664       -3.24622191751079
H            2.40026999972143       -2.67450819591068        1.17177669503573
H            2.44184342515713       -2.11350020182757        2.85975729965065
H            3.47009279302971       -0.17596991583693        0.77793929755948
H            4.53337562819908       -2.13024750867851        3.88171443502582
H            6.20321038381147       -2.19692788591686        3.30962355665259
H            4.96748852481371       -3.21440250155531        2.56689614266906
H            6.91769625228935       -0.83501951908134        1.49272331464195
H            5.78756930259983        0.25866442992705        0.68377953009990
H            5.33129732151090        1.39408867787881        2.83542976739418
H            6.44808256207169        0.31036267836869        3.66441656313262
H            7.09500450636999        2.46989355240926        1.59635783078519
H            9.89425802533320        0.02437155839910        3.21394809186459
H            8.41475700918974        0.07229508608261        4.17234551292569
H            9.72766591504384        1.20486103366234        4.50694218658374
H           10.04939109343379        3.24513532761051        3.04501714911451
H            9.21712131743403        3.32251686804678        1.48768384461240
H           10.48334275197868        2.11952644761417        1.76517403575466
74
 energy: -94.790501391605 gnorm: 0.000530845759 xtb: 6.7.1 (edcfbbe)
C           -0.20847911835422       -2.77400724256892        2.01751278476480
C            0.06747023734609       -1.52083302821866        1.67689289805766
C           -0.99324272528717       -0.51146767762872        1.32447785425516
C           -1.30098378550507       -0.52110540150880       -0.17557719997588
C           -0.08863196885046       -0.17344271765023       -1.04484284538811
C           -0.70130160048828        0.28280850339376       -2.36642924547248
C           -1.97420129006304        0.95597916454222       -1.95938696069627
N           -2.52337701403242        1.77509685317407       -2.74385631379615
O           -3.71102225792314        2.40193565691029       -2.27645907657666
C           -4.79221986435310        2.23391195364919       -3.05820167436552
O           -4.84180113456665        1.52487951638162       -4.02679631585066
C           -5.92420626639531        3.01497367379111       -2.49932056544884
C           -7.29726059677011        2.39697971577897       -2.59654790435363
C           -6.94637312129283        3.54516786705581       -3.47260388762750
C           -2.35767949178795        0.52958949535356       -0.56402710166458
C           -3.80794232444369        0.04853763991564       -0.41622282050741
C           -4.25850324598587       -0.91032735411473       -1.51698981669201
C           -5.73043605188868       -1.28311006411517       -1.35773763867113
C           -6.24015965707604       -2.10365399125252       -2.53940674322557
C           -7.71521034234424       -2.45557428026353       -2.39152043406357
O            1.30296213382001       -0.96366623250357        1.57199123559190
C            2.43539110702945       -1.77181711681327        1.81403374465299
C            3.65083945127609       -0.95781331807367        1.49556417828741
C            4.86384751830563       -1.14756796205791        2.00050387309533
C            5.16264547863781       -2.23559591038364        2.99195484184187
C            6.00491821994836       -0.24662645068319        1.62626538955023
C            6.24829669459778        0.80885505385994        2.72233463964306
C            7.37079269989931        1.71929227994800        2.33359015323677
C            8.63375031920834        1.67062978054108        2.73995374233456
C            9.19043533644387        0.67805297771866        3.71682615333272
C            9.65235918254911        2.64730228180247        2.22685140421619
H           -1.22898011500010       -3.10458642256921        2.06574918165128
H            0.54010917255881       -3.50493799218692        2.26096858623780
H           -0.62962723760322        0.47738625006109        1.61077648482706
H           -1.90316393218125       -0.72948090773255        1.88412284687012
H           -1.66451610242946       -1.51563668674888       -0.45028380663287
H            0.58733883737091       -1.01713484827660       -1.16943857464443
H            0.46880524938226        0.64397828693292       -0.58514549148550
H           -0.06267225768678        0.93930118148112       -2.95342312114304
H           -0.96024680362056       -0.57821103834309       -2.98749872694532
H           -5.67229519351096        3.60208214254257       -1.62729498419483
H           -7.97478973312371        2.55180794683378       -1.77066358217081
H           -7.35623870076308        1.41973924183167       -3.05105614536470
H           -7.37489944135530        4.51431131790069       -3.26995969212853
H           -6.76504305401543        3.34137034686113       -4.51664434119384
H           -2.23083141630457        1.41239608038245        0.07675224469098
H           -3.91015346444573       -0.43957842076938        0.55644498847736
H           -4.47203426183066        0.91557428679080       -0.41650345773179
H           -3.65121107843707       -1.81808682583320       -1.49923488782923
H           -4.12078194241222       -0.44266335170825       -2.49368649736828
H           -6.32356867924702       -0.36827210461339       -1.27874151336201
H           -5.86866180766441       -1.84722021927657       -0.43155106274516
H           -5.65393400325062       -3.02181670465883       -2.62270662703779
H           -6.09143551725523       -1.53099473909894       -3.45736301932079
H           -8.31832180698489       -1.55235325982862       -2.32468389094879
H           -7.88001008180420       -3.04285330541065       -1.49030176926299
H           -8.05846347743157       -3.03420587641467       -3.24579738828035
H            2.40017587303905       -2.66733695386599        1.17161912104548
H            2.44097844380725       -2.10845872749237        2.86038485541779
H            3.46896899504719       -0.16496899120045        0.78498555032000
H            4.53385622480988       -2.13696817626545        3.87650775211835
H            6.20305131093892       -2.20168740106795        3.30267099269448
H            4.96600585267918       -3.21410737351882        2.55557739537666
H            6.91716384130361       -0.83178031784351        1.49200065683672
H            5.78733995519015        0.26583022477601        0.68796812401201
H            5.33370298795877        1.39375353189201        2.84443291615477
H            6.45136900707836        0.30676987230405        3.66797245209536
H            7.09588467006773        2.47231224437855        1.60523536555455
H            9.89684013879605        0.01944426460820        3.21062121360173
H            8.41852699505882        0.06553542370258        4.17102086760527
H            9.73241106410934        1.19647498954347        4.50717208682180
H           10.05503780490556        3.23954492834956        3.04859390075363
H            9.21921654510272        3.32204229069738        1.49310310171550
H           10.48442061757704        2.11630212662327        1.76481640175502
74
 energy: -94.790507548227 gnorm: 0.000493826985 xtb: 6.7.1 (edcfbbe)
C           -0.20697322354848       -2.76969731029723        2.01980119224338
C            0.06699395649635       -1.51635091181471        1.67816792885545
C           -0.99554421094134       -0.50945733013859        1.32433400931707
C           -1.30151841490322       -0.51954036834364       -0.17607099889851
C           -0.08906119073077       -0.17094410186297       -1.04471147502569
C           -0.70253869587753        0.28010237780721       -2.36775044244131
C           -1.97479889921404        0.95491518452258       -1.96169532931101
N           -2.52327357490001        1.77456125896272       -2.74611289542300
O           -3.71040969548610        2.40185524150269       -2.27810748126443
C           -4.79221621618187        2.23403759544565       -3.05899948087935
O           -4.84233999621475        1.52557906259532       -4.02807125055600
C           -5.92440248578732        3.01357472761126       -2.49846249595442
C           -7.29613267377847        2.39213844794968       -2.59371154879541
C           -6.94954536068223        3.54149726159353       -3.46997284442708
C           -2.35892231278324        0.52984361686483       -0.56601925347648
C           -3.80876099023548        0.04762151177602       -0.41793100589261
C           -4.26027820345797       -0.90762553172000       -1.52147713304109
C           -5.73155233872030       -1.28208629331430       -1.36084509118863
C           -6.24206738206223       -2.10162174151736       -2.54289000486877
C           -7.71577516453764       -2.45772413927792       -2.39169317723528
O            1.30160295018403       -0.95752451585068        1.57223164579439
C            2.43467208400945       -1.76509614920187        1.81372288306271
C            3.65004001604513       -0.95016895454708        1.49790720558929
C            4.86356372898479       -1.14420652306999        2.00009843776485
C            5.16220295349382       -2.23797582225666        2.98523632457197
C            6.00512482096264       -0.24273467766134        1.62878395502904
C            6.25082751867288        0.80836207679209        2.72854514601389
C            7.37305009935239        1.71954538839231        2.34073167781252
C            8.63702251438369        1.66781742177649        2.74350265561588
C            9.19481490924710        0.67141066903090        3.71586944910929
C            9.65577450475245        2.64430867315629        2.23040782037628
H           -1.22708553651215       -3.10167089219328        2.06750755254703
H            0.54241761804412       -3.49990307215018        2.26260145323366
H           -0.63484437514592        0.48023607982402        1.61132163262683
H           -1.90563874163078       -0.72984322535254        1.88276892759173
H           -1.66390746861605       -1.51447337743836       -0.45098763058206
H            0.58950631319058       -1.01293460440519       -1.16660377066373
H            0.46546621277003        0.64943440248098       -0.58669873992276
H           -0.06440939107761        0.93397466827649       -2.95817071459256
H           -0.96230790673934       -0.58369057851220       -2.98472345313870
H           -5.67236915439260        3.60122386443938       -1.62686178025433
H           -7.97309992104201        2.54456426750995       -1.76688445826730
H           -7.35256298375483        1.41487133485724       -3.04856264424201
H           -7.38019481305108        4.50940856555152       -3.26560629393174
H           -6.76963229033324        3.33920090165623       -4.51453543307072
H           -2.23283189558435        1.41355948369303        0.07359913170559
H           -3.90899871630242       -0.44451252546234        0.55293785461787
H           -4.47363783923421        0.91408116621930       -0.41367898392198
H           -3.65212082763749       -1.81490152441539       -1.50814115574600
H           -4.12486787302091       -0.43652671013173       -2.49678603842691
H           -6.32549215343966       -0.36791523697165       -1.27974034655907
H           -5.86783320816869       -1.84752003964146       -0.43514461341058
H           -5.65373373641481       -3.01815519973528       -2.62936246805155
H           -6.09703444989200       -1.52693469827007       -3.46019962254453
H           -8.32109848018545       -1.55617878377561       -2.32205841316025
H           -7.87666753928184       -3.04664101583328       -1.49080372859995
H           -8.05972579720828       -3.03610589476782       -3.24586476950181
H            2.40042118435088       -2.65957580016212        1.16963052005457
H            2.43959436754086       -2.10372043185840        2.85952009085863
H            3.46806359162676       -0.15313177703527        0.79201780203803
H            4.53414247960483       -2.14376175434947        3.87082948447027
H            6.20287400732932       -2.20684664428084        3.29534641097712
H            4.96418826895387       -3.21383044995218        2.54350324051567
H            6.91673332740980       -0.82813919544523        1.49140467896444
H            5.78719803186246        0.27361221680205        0.69268157465193
H            5.33671036046111        1.39318018090242        2.85440281236451
H            6.45533723953742        0.30266835111603        3.67196209977908
H            7.09713884418614        2.47488857682250        1.61519705758603
H            9.90020126733234        0.01422296589006        3.20635560029223
H            8.42331391325768        0.05768357082003        4.16910807069087
H            9.73814767806379        1.18690072254072        4.50722690205260
H           10.06109012624738        3.23412372052147        3.05262956558787
H            9.22185192357174        3.32134612338811        1.49919119614618
H           10.48611931686017        2.11331612366948        1.76519783208689
74
 energy: -94.790512073919 gnorm: 0.000371829613 xtb: 6.7.1 (edcfbbe)
C           -0.20643183117688       -2.76631105036586        2.01963896643582
C            0.06656409049962       -1.51279951058926        1.67780821008501
C           -0.99721642112380       -0.50697884886835        1.32473980382123
C           -1.30237575946200       -0.51787188902776       -0.17579549028812
C           -0.08984845804998       -0.16884862160452       -1.04409169034446
C           -0.70375237853180        0.27858660353742       -2.36813813384004
C           -1.97593485077474        0.95405779600681       -1.96311856902431
N           -2.52352438013223        1.77417567633450       -2.74765373272840
O           -3.71018268838683        2.40230578931084       -2.27956711521225
C           -4.79230779326518        2.23430203958562       -3.05993260454341
O           -4.84293012403273        1.52513444857778       -4.02849869485334
C           -5.92457373331933        3.01328145664568       -2.49867779384499
C           -7.29521532862559        2.38896735459791       -2.59177003649272
C           -6.95221776106193        3.53895273216994       -3.46867895057558
C           -2.36043422243011        0.53029217842830       -0.56711456597324
C           -3.80975365152124        0.04646172992392       -0.41901629873214
C           -4.26154553160125       -0.90677089409237       -1.52417951958415
C           -5.73249568873689       -1.28233683177823       -1.36296384938767
C           -6.24356062512094       -2.10056873950009       -2.54564609151045
C           -7.71632161822743       -2.45962359274036       -2.39242344429613
O            1.30062969396171       -0.95305583680576        1.57096512966172
C            2.43414397084186       -1.75990347805928        1.81275247844466
C            3.64941707058163       -0.94384625603393        1.49972544196458
C            4.86330013035818       -1.14113535566785        1.99981757160252
C            5.16182234709867       -2.23968197283731        2.97969721079048
C            6.00536752176359       -0.23941701163394        1.63079849949467
C            6.25318704267320        0.80782727838708        2.73372629307176
C            7.37550181458621        1.71910950948153        2.34639775511376
C            8.64028032140653        1.66499044083674        2.74624316663696
C            9.19908500452497        0.66556439183817        3.71486825118834
C            9.65884058862505        2.64216579369173        2.23401759303891
H           -1.22649719656598       -3.09812325962502        2.06924867053700
H            0.54323258269627       -3.49621433328769        2.26268572302584
H           -0.63824967666891        0.48323783926425        1.61210697818961
H           -1.90717618661888       -0.72898989469492        1.88275669564022
H           -1.66380800277097       -1.51326194953657       -0.45050340287742
H            0.59036922710242       -1.00978457288169       -1.16396608834748
H            0.46284572198007        0.65354356790802       -0.58747485040072
H           -0.06604790738789        0.93079824358669       -2.96084510247514
H           -0.96376019036196       -0.58716016522980       -2.98228469554052
H           -5.67207024821689        3.60200441353933       -1.62791271178275
H           -7.97179523721737        2.53929247736597       -1.76429991861247
H           -7.34924467594017        1.41165188425763       -3.04698618418369
H           -7.38430098502690        4.50591197715129       -3.26265395937488
H           -6.77421781719812        3.33782721143652       -4.51375181306949
H           -2.23549363201925        1.41489733270929        0.07151455553510
H           -3.90836408424391       -0.44812328300316        0.55078011797064
H           -4.47560088892800        0.91215517740798       -0.41197205876098
H           -3.65289364495557       -1.81372091272011       -1.51295584738217
H           -4.12707139490172       -0.43386085472367       -2.49869009145075
H           -6.32690307274005       -0.36861642305667       -1.28014262050827
H           -5.86784697723997       -1.84911834389400       -0.43793038037138
H           -5.65362715537369       -3.01580242265522       -2.63498087751920
H           -6.10126952977847       -1.52385992164242       -3.46210761905734
H           -8.32336176568148       -1.55938369143181       -2.32054594603401
H           -7.87435917446733       -3.04995431869460       -1.49195570924776
H           -8.06067872088948       -3.03769915328661       -3.24664333414323
H            2.40133036596591       -2.65352382234871        1.16729836888491
H            2.43788336660381       -2.10016742813253        2.85801059141667
H            3.46734991994036       -0.14372243483501        0.79739715468902
H            4.53438636908085       -2.14894612438630        3.86612926579523
H            6.20279643281418       -2.21082973960135        3.28923727458744
H            4.96264907927067       -3.21340334562657        2.53359637793935
H            6.91636720699983       -0.82517707220862        1.49055804869627
H            5.78705688489405        0.28027781057470        0.69663641003996
H            5.33967845418974        1.39287264168491        2.86305465681195
H            6.45903585004594        0.29896556010402        3.67512467737217
H            7.09851303363136        2.47738192088082        1.62426888385153
H            9.90362626549625        0.00994355640188        3.20231246073678
H            8.42806957679720        0.05055549516252        4.16716554193271
H            9.74361187958416        1.17843265895049        4.50708008595445
H           10.06590901948487        3.22998317743997        3.05672357637814
H            9.22435872654350        3.32099531003646        1.50494315644186
H           10.48805145080859        2.11168988163536        1.76638900392231
74
 energy: -94.790516359828 gnorm: 0.000310398956 xtb: 6.7.1 (edcfbbe)
C           -0.20660768200465       -2.76327489634309        2.01969229668534
C            0.06614127584101       -1.50965219075031        1.67810159797076
C           -0.99829136222372       -0.50432073346821        1.32548034238380
C           -1.30349072626292       -0.51614969984970       -0.17502172690914
C           -0.09116166164215       -0.16704860603653       -1.04351162407876
C           -0.70500842983541        0.27815599820721       -2.36830344272864
C           -1.97701095460874        0.95416807985145       -1.96374378059681
N           -2.52384013761200        1.77457850477936       -2.74848561612832
O           -3.71047830847135        2.40305593381548       -2.28072743485215
C           -4.79269700062379        2.23434761112792       -3.06078952054926
O           -4.84341879557047        1.52426901393421       -4.02874047221826
C           -5.92494223999853        3.01355514063373       -2.49966176013479
C           -7.29480944578257        2.38723788092257       -2.59064559665078
C           -6.95448581226977        3.53737342191079       -3.46846665859732
C           -2.36205806967741        0.53091510208577       -0.56772402148287
C           -3.81092526425256        0.04543427482811       -0.41974447174775
C           -4.26235623896061       -0.90759987194895       -1.52519966897159
C           -5.73321858037007       -1.28373522345363       -1.36426034423399
C           -6.24469418526762       -2.10024923793369       -2.54795489996322
C           -7.71680283047010       -2.46147295727292       -2.39359403170415
O            1.29999144843269       -0.94991998578056        1.56931638435316
C            2.43375333549495       -1.75609152646063        1.81164525548261
C            3.64894406587476       -0.93904233992817        1.50074907886144
C            4.86314582427230       -1.13866991251459        1.99914623515477
C            5.16155300541844       -2.24080397267218        2.97503081409931
C            6.00552800307140       -0.23649745374094        1.63223877300260
C            6.25561671610683        0.80715869745319        2.73803576022376
C            7.37792123266285        1.71894843035531        2.35178871292673
C            8.64336577788926        1.66286006237063        2.74916320200311
C            9.20339999300419        0.66017594228093        3.71369396563044
C            9.66165526161181        2.64076219765846        2.23774888928670
H           -1.22675681625649       -3.09484160866116        2.06983188534302
H            0.54311059524178       -3.49382280999102        2.26054378738236
H           -0.63984501395518        0.48617989204712        1.61240683850800
H           -1.90793850267235       -0.72669218820911        1.88385316756116
H           -1.66423534287435       -1.51198536670410       -0.44907859572827
H            0.58967385633256       -1.00761570262623       -1.16213977306057
H            0.46084580469526        0.65626184766634       -0.58771730563733
H           -0.06758236295222        0.92957121745440       -2.96216464361807
H           -0.96502223331958       -0.58868930118335       -2.98091961966978
H           -5.67183232569133        3.60340884659648       -1.62978835346912
H           -7.97092224314935        2.53614162520699       -1.76261465996805
H           -7.34707235726479        1.40978492114697       -3.04591833851400
H           -7.38744790213263        4.50372826557731       -3.26131377975164
H           -6.77835515304169        3.33678749487654       -4.51391661000601
H           -2.23846150623526        1.41608359279511        0.07037204285431
H           -3.90881750854053       -0.44987486718073        0.54974762514633
H           -4.47767929734552        0.91039968697275       -0.41198803324654
H           -3.65341012388999       -1.81433985913206       -1.51417796913948
H           -4.12800785458285       -0.43435748039671       -2.49953042742831
H           -6.32778705851121       -0.37027479016579       -1.27985269692840
H           -5.86811793278370       -1.85190150520016       -0.44000143348614
H           -5.65381272939336       -3.01458892510515       -2.63970305776582
H           -6.10411084656329       -1.52164554935566       -3.46347126741648
H           -8.32489240577824       -1.56210095185110       -2.31996476257031
H           -7.87315242981636       -3.05310443150750       -1.49368143871803
H           -8.06135049571558       -3.03893929871316       -3.24816277595505
H            2.40243049242457       -2.64921815589923        1.16540860313623
H            2.43643576101470       -2.09732165854294        2.85655906075853
H            3.46647377908269       -0.13631450121518        0.80150101270220
H            4.53465246318044       -2.15280304606396        3.86212193746210
H            6.20277475216324       -2.21373287323939        3.28409061805671
H            4.96150714425454       -3.21285003467901        2.52557385253028
H            6.91593886213445       -0.82258011733130        1.48937142638075
H            5.78685617433192        0.28622681837415        0.69985969434579
H            5.34272494421428        1.39243528489428        2.87044175680003
H            6.46250916558701        0.29535029178591        3.67758598199158
H            7.10030082541816        2.47941381313824        1.63221808454152
H            9.90716405881130        0.00619424409557        3.19807424044375
H            8.43293195888560        0.04380431244874        4.16505093175899
H            9.74905990973371        1.17046736242878        4.50674333339443
H           10.06993737861564        3.22666996838004        3.06113253101976
H            9.22650229831300        3.32120881208156        1.51071361133367
H           10.49006200433252        2.11100904066779        1.76799213743804
74
 energy: -94.790522133364 gnorm: 0.000420916718 xtb: 6.7.1 (edcfbbe)
C           -0.20727083022764       -2.75984247803280        2.01879839064455
C            0.06556533798695       -1.50613270336664        1.67757899753067
C           -0.99912692290694       -0.50060870138192        1.32606520161117
C           -1.30508396439656       -0.51402210045997       -0.17425757449715
C           -0.09276117027878       -0.16540406280720       -1.04299643798391
C           -0.70678978475570        0.27844725662123       -2.36806314073794
C           -1.97881738983834        0.95468042494091       -1.96390154011104
N           -2.52471751735758        1.77539953137397       -2.74894474228331
O           -3.71147451088874        2.40437426580692       -2.28199570122074
C           -4.79351532548445        2.23476079249265       -3.06208966347694
O           -4.84415212625804        1.52332473184326       -4.02905069382434
C           -5.92590809918101        3.01410329356774       -2.50123990393142
C           -7.29513204114569        2.38604814059783       -2.58964280643507
C           -6.95728565102717        3.53583772750059       -3.46896494393372
C           -2.36457776573125        0.53166815346496       -0.56803490294899
C           -3.81313716945368        0.04474316866221       -0.42067232242774
C           -4.26302281777293       -0.90973501985423       -1.52555768498668
C           -5.73387547484146       -1.28643958389402       -1.36521174807504
C           -6.24561069364235       -2.10054420985789       -2.55050622998249
C           -7.71718778416170       -2.46374671355200       -2.39553700563454
O            1.29936694016732       -0.94668466725253        1.56711052965979
C            2.43334775730938       -1.75195898509526        1.81056854762556
C            3.64832026737398       -0.93356695418782        1.50189365938075
C            4.86295609804530       -1.13556248623262        1.99830185038425
C            5.16147858125150       -2.24183522956068        2.96949550553003
C            6.00568255145865       -0.23291981281476        1.63364939166867
C            6.25889466295061        0.80597812712119        2.74319871409358
C            7.38121011042229        1.71832953648200        2.35822436126130
C            8.64747476964969        1.65995057472541        2.75262527304519
C            9.20916345568729        0.65321805271905        3.71193612400887
C            9.66515981410748        2.63947302689798        2.24298740670844
H           -1.22755393942037       -3.09075758914622        2.07059189231819
H            0.54246714130803       -3.49093955793726        2.25812159904195
H           -0.64025272034885        0.49004274911326        1.61191529799469
H           -1.90823484798107       -0.72248570945385        1.88552020428447
H           -1.66524297653818       -1.51042499291626       -0.44700347843783
H            0.58825994703050       -1.00592500331167       -1.16085431583096
H            0.45905203474561        0.65839819557309       -0.58783628079710
H           -0.06956830433544        0.92958563263714       -2.96241101224166
H           -0.96660572761286       -0.58895892117153       -2.97997671136758
H           -5.67207035757793        3.60530993751519       -1.63245105702200
H           -7.97050339097646        2.53421674597645       -1.76095025354523
H           -7.34618608618790        1.40825936318567       -3.04441049206656
H           -7.39082186755734        4.50185358656568       -3.26142247257080
H           -6.78294857567486        3.33499846806075       -4.51462543414133
H           -2.24264167344266        1.41728754464507        0.06973579215805
H           -3.91093948864429       -0.44980875804812        0.54920854721607
H           -4.48083477436565        0.90900611745090       -0.41403590166397
H           -3.65370065028627       -1.81622731515081       -1.51318538179494
H           -4.12827567853447       -0.43732900614737       -2.50027088871386
H           -6.32855410568799       -0.37324285687038       -1.27870803273850
H           -5.86845548708177       -1.85655588767229       -0.44209413713120
H           -5.65396571444788       -3.01406757328063       -2.64518021053030
H           -6.10656441294030       -1.51950159106364       -3.46470961621427
H           -8.32623559546509       -1.56520513403865       -2.31976918981462
H           -7.87220204729430       -3.05724675452383       -1.49660718669358
H           -8.06178967897189       -3.04000636877535       -3.25091606161529
H            2.40406420506729       -2.64479328518841        1.16380839887494
H            2.43483834766823       -2.09388299360556        2.85524852081131
H            3.46515407929834       -0.12817747338101        0.80592852221355
H            4.53526339730950       -2.15695318692968        3.85737238045344
H            6.20299945944964       -2.21675765652446        3.27791282165825
H            4.96038096263017       -3.21195662709517        2.51623189115387
H            6.91526148283369       -0.81945613222656        1.48711192840135
H            5.78625491926494        0.29373197759601        0.70365307923993
H            5.34683997282521        1.39160943541420        2.87972428520792
H            6.46727379160080        0.29028540536449        3.68030299562921
H            7.10265107850659        2.48206970517407        1.64243924357597
H            9.91193361105205        0.00144700755922        3.19224161713160
H            8.43943822726350        0.03499466773546        4.16202293162677
H            9.75631367311225        1.16011542728378        4.50612147033726
H           10.07464725152904        3.22273281292795        3.06759511187351
H            9.22905015054531        3.32220310661674        1.51878614415184
H           10.49283106135049        2.11117939133558        1.77040138424498
74
 energy: -94.790530667306 gnorm: 0.000561744939 xtb: 6.7.1 (edcfbbe)
C           -0.20797112882959       -2.75497469983383        2.01832580340208
C            0.06485716174539       -1.50118405145028        1.67746850684474
C           -0.99997240340641       -0.49543842709503        1.32673198192103
C           -1.30763829133808       -0.51135792241676       -0.17322545750702
C           -0.09570660430133       -0.16336697952738       -1.04283807363775
C           -0.70965907606782        0.27973201106485       -2.36808020427318
C           -1.98175913827360        0.95593709009069       -1.96413348937602
N           -2.52676188434695        1.77693395450021       -2.74946672679177
O           -3.71372349570933        2.40628721692660       -2.28342139447030
C           -4.79562473656718        2.23490513348401       -3.06329059696608
O           -4.84582215258310        1.52221801281580       -4.02934120598489
C           -5.92811586485176        3.01477443960092       -2.50332846314355
C           -7.29682445780170        2.38528528736547       -2.58860235808301
C           -6.96120140508000        3.53380537337216       -3.47045171888060
C           -2.36793284926397        0.53301328898287       -0.56838266129427
C           -3.81611499032052        0.04433702348167       -0.42218795970997
C           -4.26375718649745       -0.91302590825792       -1.52551116565922
C           -5.73456321883334       -1.29089694250634       -1.36621157976321
C           -6.24639873903987       -2.10155765312091       -2.55383505791417
C           -7.71745219477466       -2.46700909948876       -2.39897036563641
O            1.29865795385917       -0.94208585588772        1.56511257922398
C            2.43296254155653       -1.74626022240049        1.80952631358009
C            3.64758585171327       -0.92617315190830        1.50332545694187
C            4.86285985024355       -1.13128786726986        1.99688328282462
C            5.16162821417694       -2.24308505826194        2.96168751154350
C            6.00597471527968       -0.22786619825800        1.63536701136065
C            6.26386767496627        0.80383917569759        2.75057216689350
C            7.38599717393561        1.71736690629832        2.36775469882622
C            8.65347208108637        1.65567275315088        2.75778057651295
C            9.21769615085195        0.64269456116757        3.70903113471714
C            9.67012058406594        2.63787666988686        2.25109210899449
H           -1.22827486152487       -3.08563685888291        2.07137952983111
H            0.54201938578737       -3.48650688114360        2.25560267796564
H           -0.63994722215579        0.49541761746132        1.61044314060636
H           -1.90831725305219       -0.71585884126694        1.88799146352902
H           -1.66716219384204       -1.50852106340582       -0.44398163280678
H            0.58512659264818       -1.00410087929581       -1.16015369399811
H            0.45644406305032        0.66059789852178       -0.58837360799891
H           -0.07262536761670        0.93077627364392       -2.96274806995714
H           -0.96941303823254       -0.58799143299426       -2.97954399842344
H           -5.67355991658402        3.60777531880238       -1.63593305035487
H           -7.97106154038761        2.53407312662143       -1.75917002543497
H           -7.34756941251924        1.40670901724424       -3.04172682903873
H           -7.39521283688092        4.49981432919755       -3.26401280654328
H           -6.78845038032247        3.33115424078979       -4.51600486331315
H           -2.24804607319240        1.41898293092554        0.06931203068370
H           -3.91490600260966       -0.44786448382952        0.54880268364958
H           -4.48471060755723        0.90793120792580       -0.41876943409210
H           -3.65362658512215       -1.81893512748217       -1.51030831000646
H           -4.12806901274173       -0.44241502712895       -2.50102316974146
H           -6.32960773558337       -0.37823223182538       -1.27689005427584
H           -5.86892056195374       -1.86386968465996       -0.44484353932254
H           -5.65374560663615       -3.01400878944571       -2.65228049125012
H           -6.10891431272499       -1.51711879770813       -3.46608999179105
H           -8.32763822770834       -1.56949878210079       -2.32005278865334
H           -7.87107907437515       -3.06343338024019       -1.50174022126358
H           -8.06192790644334       -3.04115933592077       -3.25583168650185
H            2.40592672905053       -2.63875885647846        1.16222720419709
H            2.43333878180650       -2.08900961530193        2.85393803024306
H            3.46328204845797       -0.11710937534067        0.81194227242319
H            4.53649835293888       -2.16248491416821        3.85073343061314
H            6.20356622201403       -2.22068368926556        3.26899439583549
H            4.95902430675479       -3.21052339102764        2.50329456795227
H            6.91426592814407       -0.81498321077699        1.48290073531428
H            5.78509331328049        0.30489738667823        0.70917083857190
H            5.35298584798838        1.38978962122872        2.89363226216513
H            6.47465574453393        0.28213589961729        3.68383104377537
H            7.10597859055962        2.48587273380184        1.65760216590689
H            9.91898350734278       -0.00572036961282        3.18316856380333
H            8.44915280468933        0.02162640016815        4.15722900271498
H            9.76712233844439        1.14440470625051        4.50494510180355
H           10.08126694736711        3.21690781029855        3.07782452329572
H            9.23252460340100        3.32431954185286        1.53137050758735
H           10.49684948599097        2.11213009780606        1.77410629313405
74
 energy: -94.790542704231 gnorm: 0.000625425267 xtb: 6.7.1 (edcfbbe)
C           -0.20819333752745       -2.74783164552771        2.01804853259227
C            0.06402967214877       -1.49389440694376        1.67725171509729
C           -1.00118333262850       -0.48827514286799        1.32708421386297
C           -1.31115951841224       -0.50763425212198       -0.17238735890841
C           -0.09981221486200       -0.16075757682431       -1.04339258654405
C           -0.71441220049028        0.28138479595813       -2.36852698020690
C           -1.98627334108082        0.95792494607788       -1.96436343708496
N           -2.53054730647604        1.77910577297315       -2.74996429906248
O           -3.71776955978126        2.40890113968810       -2.28509228030294
C           -4.79951856623837        2.23531670179220       -3.06470556889975
O           -4.84936804060056        1.52046233736225       -4.02909394423716
C           -5.93234244376340        3.01552353940329       -2.50589401178718
C           -7.30069818292419        2.38475408131181       -2.58717417819653
C           -6.96702720430816        3.53055112754081       -3.47329450003968
C           -2.37295204563633        0.53477256748233       -0.56882807747387
C           -3.82080749238082        0.04438417094608       -0.42413414667715
C           -4.26473520895169       -0.91717701643929       -1.52539106466577
C           -5.73530079286515       -1.29700869668535       -1.36760064803018
C           -6.24666888760849       -2.10303789163079       -2.55864226462834
C           -7.71700172999152       -2.47181194010312       -2.40432085528606
O            1.29767305372818       -0.93456065884221        1.56375639473383
C            2.43251674650095       -1.73753683043738        1.80867782589145
C            3.64665323791574       -0.91538068602488        1.50553710105428
C            4.86288073456400       -1.12509003524556        1.99481575878312
C            5.16218652130439       -2.24484669440275        2.95026684388133
C            6.00642154905717       -0.22044598464314        1.63768677277987
C            6.27145767250948        0.80008750766839        2.76160050292330
C            7.39292063177283        1.71588460686953        2.38213914558012
C            8.66221112215225        1.64925978992349        2.76550047939558
C            9.23022639881229        0.62672480193598        3.70434620348745
C            9.67723920221096        2.63553669890558        2.26341893412105
H           -1.22829729369776       -3.07881819065430        2.07265698671841
H            0.54245807371402       -3.47900852724301        2.25445710376555
H           -0.63985212451450        0.50297543761667        1.60777607685796
H           -1.90850520185507       -0.70685198532136        1.89073321848619
H           -1.67002810272801       -1.50575287332021       -0.44029823602424
H            0.58073266494499       -1.00177212294346       -1.16039332021563
H            0.45286885050752        0.66339782783493       -0.58989341219850
H           -0.07767262260257        0.93219204883963       -2.96373450454210
H           -0.97447026290252       -0.58661549280066       -2.97948003784786
H           -5.67722929306245        3.61128185584081       -1.64054051014331
H           -7.97361415732499        2.53612479517956       -1.75714167919000
H           -7.35194854139846        1.40462308471045       -3.03681480048108
H           -7.40141815595334        4.49703588343402       -3.27007802451719
H           -6.79519114796760        3.32403009805879       -4.51826893218169
H           -2.25538532539288        1.42102581610791        0.06886371460088
H           -3.92124696462206       -0.44445151169189        0.54840493302134
H           -4.49046432333271        0.90723081697422       -0.42535631647185
H           -3.65312388975102       -1.82206556996556       -1.50666033035107
H           -4.12817795261026       -0.44879886252783       -2.50193328458905
H           -6.33121020167073       -0.38529236532615       -1.27439096981423
H           -5.86905518408412       -1.87396234148210       -0.44863683007832
H           -5.65267247690970       -3.01405710701402       -2.66182859586574
H           -6.11088745325964       -1.51414180075645       -3.46828487578941
H           -8.32866428928018       -1.57572823617900       -2.32092572220385
H           -7.86917031043617       -3.07265718728604       -1.50978173484708
H           -8.06106206233733       -3.04255471417960       -3.26363193029462
H            2.40786105481951       -2.62934709199254        1.16032443565949
H            2.43196040989763       -2.08174320659070        2.85267218691692
H            3.46089150856671       -0.10115567486651        0.82065260897827
H            4.53892847597093       -2.17043029183291        3.84117127661458
H            6.20474782321424       -2.22637981083353        3.25563553417581
H            4.95722220842907       -3.20835155034789        2.48467706763780
H            6.91277673725862       -0.80817264432923        1.47600190182278
H            5.78305803365532        0.32161190924110        0.71741642529382
H            5.36217014389503        1.38605200446824        2.91472245768421
H            6.48607459943213        0.26920537305932        3.68888348269084
H            7.11051604972870        2.49132382579600        1.68043210437856
H            9.92921434776820       -0.01663783863746        3.16915053760065
H            8.46343904207045        0.00138465189815        4.14964437959209
H            9.78309821695891        1.12051319985441        4.50289346773232
H           10.09089761969918        3.20785634591465        3.09365034150925
H            9.23725834936385        3.32787257831977        1.55071312045478
H           10.50252799172779        2.11372431760505        1.77956131863254
74
 energy: -94.790558521454 gnorm: 0.000737725519 xtb: 6.7.1 (edcfbbe)
C           -0.20747964425008       -2.73770753534309        2.01898174571823
C            0.06316612812592       -1.48353106323250        1.67780971361346
C           -1.00305577750904       -0.47913238769869        1.32707984725016
C           -1.31583304451142       -0.50306827714885       -0.17180216097063
C           -0.10552598085549       -0.15737814936835       -1.04487360077506
C           -0.72132067718298        0.28348361222066       -2.36977437219805
C           -1.99283918942075        0.96035876285177       -1.96518512016474
N           -2.53688561090032        1.78152719362626       -2.75091466141743
O           -3.72419382062505        2.41167614762416       -2.28680063022467
C           -4.80633774076363        2.23454907527784       -3.06510834837663
O           -4.85585358120324        1.51720661718721       -4.02767178782058
C           -5.93912892847741        3.01636418407081       -2.50877420131947
C           -7.30727232993848        2.38465674085342       -2.58540976005190
C           -6.97500773731178        3.52593035463428       -3.47783424229206
C           -2.37921609806969        0.53735478429360       -0.56950422784478
C           -3.82649251205599        0.04468057133975       -0.42651838427601
C           -4.26619387336768       -0.92120255490810       -1.52573817914952
C           -5.73612675800703       -1.30459884057742       -1.36967330555384
C           -6.24623503752751       -2.10524163135192       -2.56491934129864
C           -7.71565551436842       -2.47831176631333       -2.41210251325784
O            1.29631871342599       -0.92302479205761        1.56386835298971
C            2.43197940724121       -1.72485232149655        1.80826592853705
C            3.64555082908920       -0.90034274446756        1.50894010417081
C            4.86311886571482       -1.11662764082254        1.99209779041606
C            5.16335726499614       -2.24720244101019        2.93450702942438
C            6.00719697211837       -0.21038523265741        1.64086349765043
C            6.28190735358502        0.79432913576764        2.77687120989333
C            7.40231458013758        1.71330626459579        2.40192942215438
C            8.67409578240314        1.63989764369602        2.77592058534262
C            9.24716552023980        0.60436062410431        3.69753832803162
C            9.68686485748687        2.63206737597268        2.28078896572971
H           -1.22707296640506       -3.07016262345711        2.07403522334088
H            0.54434919551825       -3.46777302679932        2.25505714779101
H           -0.64104643482927        0.51292265868997        1.60408397369639
H           -1.90919344504825       -0.69602311684132        1.89326843800008
H           -1.67393282647866       -1.50237386233069       -0.43620882205330
H            0.57476635077902       -0.99864600112470       -1.16158524230499
H            0.44784193076037        0.66722682237504       -0.59303500331721
H           -0.08508949390094        0.93364269010088       -2.96621868065644
H           -0.98213973134435       -0.58506507807865       -2.97959180174974
H           -5.68369695151065        3.61613207912175       -1.64630186765389
H           -7.97878545212428        2.54084915928174       -1.75507557265243
H           -7.35960482425623        1.40200480458021       -3.02928788144711
H           -7.40987129407984        4.49336097829803       -3.28031828665933
H           -6.80344409813889        3.31311796390996       -4.52165216285608
H           -2.26413081578198        1.42407364644478        0.06800242088528
H           -3.92880040356125       -0.44051297083382        0.54766165705959
H           -4.49742427316103        0.90654161949559       -0.43286456252376
H           -3.65228241366374       -1.82444182935700       -1.50345043721455
H           -4.12900146202371       -0.45486367711577       -2.50324538891761
H           -6.33367574718201       -0.39445481709909       -1.27171037659195
H           -5.86895171584643       -1.88658443575813       -0.45377019194293
H           -5.65005675788724       -3.01419783743426       -2.67379867919737
H           -6.11248712444633       -1.51070721993341       -3.47119805630654
H           -8.32942950816800       -1.58422479518634       -2.32251737768251
H           -7.86580340050402       -3.08529400312364       -1.52135393235773
H           -8.05891605259503       -3.04434396329840       -3.27486057400015
H            2.40942636215742       -2.61542373971199        1.15809694443962
H            2.43084654494572       -2.07144445616379        2.85158038510181
H            3.45808304828443       -0.07897527100966        0.83306475804193
H            4.54307123827955       -2.18112826865670        3.82816354138675
H            6.20689827096109       -2.23426851840599        3.23666569389653
H            4.95472329823996       -3.20518165145790        2.45918587377922
H            6.91086838104111       -0.79862378964378        1.46592374042977
H            5.78005779936347        0.34477190405296        0.72921533802902
H            5.37474852668513        1.37989123216507        2.94439669085862
H            6.50214495100971        0.25049504007087        3.69545812263522
H            7.11624489411927        2.49867596859378        1.71262454245388
H            9.94285823225827       -0.03189114494663        3.14943541685545
H            8.48276604415004       -0.02685713683235        4.13869015892276
H            9.80486896257568        1.08701758415900        4.49967125433142
H           10.10411304938545        3.19479995612854        3.11593218919518
H            9.24365942335761        3.33279135221286        1.57811297337111
H           10.51011827092667        2.11600606497928        1.78720558498599
74
 energy: -94.790579093902 gnorm: 0.001117702160 xtb: 6.7.1 (edcfbbe)
C           -0.20552112865962       -2.72324806634595        2.02085024801954
C            0.06222449687543       -1.46865954951470        1.67888222215364
C           -1.00607573471495       -0.46695950737681        1.32675557211143
C           -1.32202585166889       -0.49673472939952       -0.17141640099608
C           -0.11345323231684       -0.15269472104858       -1.04766059933737
C           -0.73140467020541        0.28581412199035       -2.37228615729339
C           -2.00229077047351        0.96328343277738       -1.96690309781576
N           -2.54672565133080        1.78402603553829       -2.75276179187750
O           -3.73378661420234        2.41501097310305       -2.28923317062920
C           -4.81671530834629        2.23361252226466       -3.06552885633976
O           -4.86689975205181        1.51104777040502       -4.02407390115045
C           -5.94954474163716        3.01740932294258       -2.51231444556255
C           -7.31770391835154        2.38480143274122       -2.58262247474955
C           -6.98656075978852        3.51884150939278       -3.48459235183234
C           -2.38775476956655        0.54078294226738       -0.57076630319705
C           -3.83411247759603        0.04499872384516       -0.42923911134793
C           -4.26839388938488       -0.92511661854985       -1.52690214026424
C           -5.73719457207464       -1.31396081915340       -1.37288419889400
C           -6.24479986299592       -2.10797980520226       -2.57363215783474
C           -7.71285882447615       -2.48747275741628       -2.42328124310263
O            1.29436283285182       -0.90547499628439        1.56588934566431
C            2.43126828209519       -1.70601379435055        1.80869535357664
C            3.64422871666771       -0.87882554109953        1.51429984582197
C            4.86371570444658       -1.10478978815307        1.98828349718977
C            5.16534591673011       -2.25048812066368        2.91197967263100
C            6.00844619244451       -0.19622506516148        1.64538757338800
C            6.29680493327372        0.78563462624148        2.79830600461822
C            7.41545559021295        1.70970908866528        2.43059327074527
C            8.69060097135678        1.62678110219447        2.79121185128288
C            9.27066189441692        0.57247457505304        3.68749321767120
C            9.70040000373356        2.62677367849468        2.30576667738914
H           -1.22424732566321       -3.05830013714307        2.07601075669173
H            0.54809251001896       -3.45095667196882        2.25846256867879
H           -0.64455839814752        0.52652464575372        1.59923640244576
H           -1.91080276021443       -0.68274920745105        1.89561472524036
H           -1.67915566229547       -1.49750206873573       -0.43137504988275
H            0.56668940496298       -0.99415183239309       -1.16400202174306
H            0.44070969301725        0.67277472870717       -0.59843189972193
H           -0.09608977904012        0.93472067051363       -2.97105658516774
H           -0.99358574756267       -0.58378904437835       -2.97999475651730
H           -5.69375380678996        3.62347941700315       -1.65438947394445
H           -7.98801750338285        2.54876003839485       -1.75271014200399
H           -7.37170245868313        1.39842335237066       -3.01785631517606
H           -7.42173817741664        4.48786223882352       -3.29584519229715
H           -6.81474166872441        3.29662503310369       -4.52651793247207
H           -2.27546554819654        1.42819844117344        0.06620823746363
H           -3.93791803572092       -0.43710423296630        0.54630142901582
H           -4.50690026339763        0.90539448362445       -0.44026499263841
H           -3.65088561510381       -1.82583890296098       -1.50193351112562
H           -4.13134341286189       -0.45985598558339       -2.50498595914060
H           -6.33767876426643       -0.40638586884763       -1.26897429849549
H           -5.86834334904087       -1.90241603609329       -0.46089220350114
H           -5.64534602913661       -3.01395116390413       -2.68915521717615
H           -6.11333825363889       -1.50646202517002       -3.47563979241508
H           -8.32964086968490       -1.59631181326156       -2.32544049190131
H           -7.86055020877998       -3.10289218805193       -1.53790888822803
H           -8.05464912198271       -3.04695268985725       -3.29088835783027
H            2.41067127734416       -2.59457894730098        1.15567305698605
H            2.42979636724514       -2.05627826382092        2.85094193600211
H            3.45467096885014       -0.04729402483655        0.85142392096894
H            4.54993603600900       -2.19608905049278        3.80986437440526
H            6.21044443591307       -2.24557757535798        3.20873233558819
H            4.95099282683624       -3.20047619260795        2.42326194250262
H            6.90829286330900       -0.78464780682285        1.45157976826068
H            5.77599350071608        0.37744880009877        0.74636150857557
H            5.39261579536038        1.36992418845107        2.98617329995468
H            6.52472885689634        0.22346245494650        3.70416301013961
H            7.12456644417003        2.50811107325032        1.75833148650394
H            9.96151889426636       -0.05345023153505        3.12115622556958
H            8.50958608103605       -0.06701101510388        4.12256230557492
H            9.83527367763334        1.03906149338568        4.49451719131158
H           10.12294103601107        3.17558175083623        3.14776295324032
H            9.25268602591456        3.33941145904631        1.61763012772308
H           10.52055305903800        2.11890072867609        1.79834242383063
74
 energy: -94.790601779747 gnorm: 0.001683058649 xtb: 6.7.1 (edcfbbe)
C           -0.20251194687245       -2.70510964362592        2.02402336599041
C            0.06130853322374       -1.45000431451477        1.68075260869709
C           -1.01000673923678       -0.45256376873043        1.32571583896206
C           -1.32907352102636       -0.48917014856253       -0.17172041603906
C           -0.12262169824548       -0.14696256130661       -1.05171202578092
C           -0.74390268496109        0.28817257653488       -2.37591752203330
C           -2.01384834948540        0.96659495081375       -1.96932594097461
N           -2.55971956912445        1.78623767366482       -2.75532472503238
O           -3.74654788894700        2.41754769108787       -2.29174603086009
C           -4.83124228978498        2.22986478411648       -3.06416215020192
O           -4.88248802788966        1.50112116337395       -4.01810066426977
C           -5.96318618048654        3.01843367306135       -2.51635163927657
C           -7.33159688902415        2.38567995230129       -2.57941891019785
C           -7.00080173225657        3.51022691116920       -3.49330789118358
C           -2.39765963867258        0.54504789305406       -0.57240056368553
C           -3.84270083239620        0.04517921477214       -0.43180324860715
C           -4.27144287351910       -0.92783664996286       -1.52906388470969
C           -5.73848615760836       -1.32402744740095       -1.37722048999277
C           -6.24225445565300       -2.11141325546538       -2.58397263246469
C           -7.70867215411480       -2.49853555696086       -2.43728170010868
O            1.29195660834788       -0.88288417395061        1.56983461985114
C            2.43039668717540       -1.68206100655565        1.81054569945288
C            3.64277183137273       -0.85207653823558        1.52191592343393
C            4.86462772319549       -1.09011624687505        1.98402385576103
C            5.16813264145202       -2.25414640693170        2.88416609642889
C            6.01025558040197       -0.17915798121322        1.65096844473186
C            6.31501210003557        0.77428075070490        2.82380419279672
C            7.43199712827008        1.70366366598914        2.46459400109259
C            8.71088474353953        1.60953633350095        2.80915625931869
C            9.29844096714736        0.53378385571913        3.67497221889079
C            9.71715434667207        2.61954902482495        2.33706454014583
H           -1.22008856936571       -3.04392014607013        2.07757283861013
H            0.55324058411197       -3.42975676981895        2.26401209072132
H           -0.65043515227280        0.54289774813039        1.59346275461790
H           -1.91326145618622       -0.66814200533746        1.89699695577031
H           -1.68515894491608       -1.49159376044797       -0.42662985545555
H            0.55742462387635       -0.98857748548260       -1.16770962341037
H            0.43245355325433        0.67975619335682       -0.60595585691029
H           -0.10991639334276        0.93539157814199       -2.97785443431728
H           -1.00772525555461       -0.58294419213875       -2.98075573822222
H           -5.70693795453313        3.63252664374765       -1.66432726956802
H           -8.00076216791979        2.55956890962822       -1.75043427151071
H           -7.38727916176479        1.39457209044951       -3.00347761724749
H           -7.43617600669869        4.48127795828940       -3.31556729179231
H           -6.82863307901168        3.27624930461255       -4.53271101344042
H           -2.28822495249813        1.43352774895062        0.06351329861572
H           -3.94682273828844       -0.43544824155233        0.54439219514137
H           -4.51804472443383        0.90352306101666       -0.44564080509442
H           -3.64945487857113       -1.82542611754740       -1.50319486375990
H           -4.13568303196125       -0.46217767961062       -2.50713976208195
H           -6.34287961285119       -0.41977678081712       -1.26692155082417
H           -5.86718076337477       -1.91948679392936       -0.46945741999538
H           -5.63864907966320       -3.01376870169154       -2.70620618878076
H           -6.11309905756722       -1.50236946128528       -3.48126510201388
H           -8.32911477344356       -1.61098535608593       -2.33002493126827
H           -7.85365147896097       -3.12380704221129       -1.55836541766589
H           -8.04827965479074       -3.05029609308629       -3.31067840816158
H            2.41161408260511       -2.56830520528674        1.15421354946976
H            2.42878622524678       -2.03651206625261        2.85159136244043
H            3.45103178905073       -0.00845767633841        0.87504381382263
H            4.55958487082157       -2.21373919174894        3.78752492385346
H            6.21537228290741       -2.25945468629344        3.17311172342544
H            4.94578106160784       -3.19401390002158        2.37957685353382
H            6.90532022443178       -0.76712999897970        1.43427548651403
H            5.77147781664372        0.41657233981347        0.76781485805196
H            5.41468067907505        1.35652051322165        3.03617177907881
H            6.55199366231093        0.19018783899369        3.71362154703604
H            7.13514009792563        2.51883680880275        1.81478771882623
H            9.98318568737512       -0.07927343978780        3.08713139046445
H            8.54103246715244       -0.11537044385893        4.10215110980769
H            9.87140111499038        0.98072181081624        4.48745902080185
H           10.14578473161501        3.15107122878760        3.18737937467262
H            9.26436341387886        3.34649866658568        1.66692813073556
H           10.53361465764187        2.12217837763582        1.81322227070987
74
 energy: -94.790626110769 gnorm: 0.001192288744 xtb: 6.7.1 (edcfbbe)
C           -0.19915506192517       -2.68948622173642        2.02688004820862
C            0.06104123182813       -1.43392859008391        1.68242487217953
C           -1.01334873433413       -0.44088181696685        1.32456218248255
C           -1.33449400624098       -0.48288464517918       -0.17229767619587
C           -0.13026296591248       -0.14190980683020       -1.05577854139781
C           -0.75460089644100        0.29019502060628       -2.37963287887672
C           -2.02416642815696        0.96860630913639       -1.97205419347843
N           -2.57218917665458        1.78662550743313       -2.75826028332078
O           -3.75842004113619        2.41864798181517       -2.29417099917608
C           -4.84492834614415        2.22605856725602       -3.06280377599492
O           -4.89859307906600        1.48945029971975       -4.01063429969577
C           -5.97592904468544        3.01903671565204       -2.51957340920039
C           -7.34510847148579        2.38716981884021       -2.57655107674149
C           -7.01334743176555        3.50252988893635       -3.50120541953528
C           -2.40540860419099        0.54866818771149       -0.57390168511590
C           -3.84895610476633        0.04480265327603       -0.43286919518612
C           -4.27428596262019       -0.92789030232872       -1.53163023515584
C           -5.73953178828150       -1.33092281696125       -1.38122622637423
C           -6.23900505692334       -2.11459086197144       -2.59208073168689
C           -7.70416160727571       -2.50772027185067       -2.44967511072440
O            1.29017914977013       -0.86273462485774        1.57467033337166
C            2.42988362030218       -1.66094783354745        1.81359819168643
C            3.64211879502327       -0.82953081846307        1.52917376048699
C            4.86589550319975       -1.07800773319157        1.98048328802869
C            5.17061895954985       -2.25652251315710        2.86055304948328
C            6.01245757318245       -0.16537737070347        1.65582798403523
C            6.33033642086048        0.76392352472433        2.84385793585837
C            7.44618052099069        1.69797066547238        2.49345613995298
C            8.72759544734663        1.59499687467493        2.82513838098348
C            9.32049032823791        0.50153697707847        3.66420850191288
C            9.73178300321292        2.61222426607560        2.36458916835480
H           -1.21571208166429       -3.03166048251204        2.07836405333989
H            0.55825337387172       -3.41111027170135        2.27055767676079
H           -0.65672229133856        0.55649706229918        1.58898833560372
H           -1.91558074219428       -0.65745942400514        1.89709821089938
H           -1.68969204573796       -1.48655713062784       -0.42346824358851
H            0.54985201054276       -0.98352596984607       -1.17159140234661
H            0.42555686803437        0.68601629089123       -0.61330025074610
H           -0.12211356674056        0.93612136732583       -2.98454503917235
H           -1.01957186081659       -0.58239221338372       -2.98180689512949
H           -5.71896436160229        3.64071655411636       -1.67336514917289
H           -8.01410989404945        2.57038204919052       -1.74935807353254
H           -7.40241253901581        1.39206497021398       -2.99074273621780
H           -7.44793415142924        4.47563929156317       -3.33318771262546
H           -6.84072615374696        3.25825392833464       -4.53817957880200
H           -2.29779843160385        1.43830899390438        0.06064496474137
H           -3.95145737886058       -0.43728471059967        0.54274274730145
H           -4.52677197469634        0.90115316649806       -0.44555830926205
H           -3.64832885025500       -1.82271050683860       -1.50770862864731
H           -4.14063601447657       -0.45978347393544       -2.50877850127535
H           -6.34783713830284       -0.42981993143122       -1.26712430287969
H           -5.86608135273037       -1.93100756789300       -0.47631515995990
H           -5.63174595688197       -3.01397021552741       -2.71770144635425
H           -6.11077423145390       -1.50075752558136       -3.48613834374996
H           -8.32762186467487       -1.62321247088347       -2.33580981489828
H           -7.84759285117147       -3.14040325799908       -1.57596622763739
H           -8.04126601946472       -3.05357360797696       -3.32765912758431
H            2.41186250528850       -2.54538884786134        1.15480892256526
H            2.42829497571610       -2.01853887603482        2.85372363815817
H            3.44893951041274        0.02419967538696        0.89635402298358
H            4.56896608739717       -2.22706433051865        3.76878166282910
H            6.21993992348098       -2.27094797222779        3.14129962843614
H            4.93999724033005       -3.18743934634810        2.34364711003897
H            6.90334333295862       -0.75201076374611        1.42050115172655
H            5.76897420060093        0.44807191351241        0.78663131184053
H            5.43348329726741        1.34347969407256        3.07565789187852
H            6.57360822664848        0.16216260661198        3.71961253517430
H            7.14591413105085        2.52476809429781        1.86126486933981
H            9.99979929526651       -0.10034093670836        3.05915301337752
H            8.56569063115569       -0.15517932617116        4.08418508135592
H            9.90037844237606        0.93159451285127        4.48066280311993
H           10.16511503019416        3.12922882458057        3.22126212784760
H            9.27554598745309        3.35037875953355        1.70956470771653
H           10.54524893744636        2.12399437427872        1.82806523271648
74
 energy: -94.790647592635 gnorm: 0.002158747800 xtb: 6.7.1 (edcfbbe)
C           -0.19655941407374       -2.66942080426781        2.02974730943180
C            0.05976834564740       -1.41339701637183        1.68403322385092
C           -1.01819531653840       -0.42577315697424        1.32198428489156
C           -1.34068382674796       -0.47427663570304       -0.17439210328124
C           -0.13868761820712       -0.13510717133399       -1.06153998989601
C           -0.76621926766186        0.29291737744605       -2.38541225670341
C           -2.03561602970366        0.97123724787055       -1.97720490820759
N           -2.58636594891025        1.78681320898001       -2.76408571615858
O           -3.77235524242689        2.41875827881509       -2.29914890420780
C           -4.86161397876265        2.21972175857952       -3.06212768029967
O           -4.91834669241367        1.47497400909048       -4.00358716157956
C           -5.99077559475154        3.01862340359488       -2.52368172161305
C           -7.36026464517835        2.38632032768374       -2.57158871376351
C           -7.03045284777138        3.49259387831657       -3.50788976746275
C           -2.41472244757688        0.55330687757429       -0.57789308079921
C           -3.85624843882384        0.04381796717377       -0.43549827063148
C           -4.27832440159905       -0.92690602103162       -1.53721502315945
C           -5.74098451869853       -1.33891932512994       -1.38697250487204
C           -6.23603470357391       -2.11801907648094       -2.60268083621641
C           -7.69921935787462       -2.51966437846790       -2.46323569195026
O            1.28692965793885       -0.83732160326257        1.57978621673548
C            2.42835212087921       -1.63238915484507        1.82128738260254
C            3.63985326518724       -0.79827657638907        1.54195701834235
C            4.86703936090974       -1.06151461606962        1.97658109096144
C            5.17419823976167       -2.26047348859401        2.82890182026685
C            6.01426636998552       -0.14661771040131        1.66101862291850
C            6.34973435793322        0.75099635804742        2.86911251305620
C            7.46456459430198        1.69016089504145        2.52912618309868
C            8.74922984079628        1.57555090289740        2.84480208042069
C            9.34757134766960        0.46031750580946        3.65092911284058
C            9.75115704075046        2.60185405040698        2.39951095539256
H           -1.21210509989587       -3.01508627029607        2.07805094864007
H            0.56234160318679       -3.38810854576393        2.27714219200724
H           -0.66554422490854        0.57399910835351        1.58259357100184
H           -1.91948759984346       -0.64368830291105        1.89560605569320
H           -1.69462581984210       -1.47952971589396       -0.42103003100207
H            0.54133577547983       -0.97695879818151       -1.17669917821668
H            0.41804072064609        0.69411502171501       -0.62269687460921
H           -0.13548404039956        0.93792581519975       -2.99312607277564
H           -1.03137959772677       -0.58147073605573       -2.98494252967823
H           -5.73162227296812        3.64879260794781       -1.68444755798859
H           -8.02787041326487        2.57723900428029       -1.74499803822294
H           -7.41779302120636        1.38721197166151       -2.97601996213945
H           -7.46471310295673        4.46715454192354       -3.34774134067463
H           -6.86051097704177        3.23881500440631       -4.54299089580463
H           -2.30979358095656        1.44466416537621        0.05458815445520
H           -3.95468850033646       -0.44249545393316        0.53847333622322
H           -4.53788118171223        0.89727668633901       -0.44363980005661
H           -3.64702663873098       -1.81818038737958       -1.51841303871504
H           -4.14927630299501       -0.45402305846805       -2.51261845194373
H           -6.35447251861009       -0.44189506581353       -1.26720216833823
H           -5.86311253978617       -1.94497464522134       -0.48529223034350
H           -5.62398038067734       -3.01362189831916       -2.73326651202759
H           -6.11033786756236       -1.49803280001075       -3.49305166331859
H           -8.32687219457911       -1.63913313675984       -2.34054056121389
H           -7.83937568675096       -3.16171667631184       -1.59566401713303
H           -8.03388568411228       -3.05833879700484       -3.34661418184646
H            2.41401768906413       -2.51681378492227        1.16233277191820
H            2.42487858985533       -1.99060508549380        2.86136516603075
H            3.44367815621649        0.06947664706000        0.92876118266478
H            4.58278875707630       -2.24610517653099        3.74473753381657
H            6.22664188409174       -2.28784434389421        3.09783382293894
H            4.93138696484667       -3.17929932649686        2.29505248767768
H            6.89951492703483       -0.73216178428704        1.40068412151292
H            5.76344675150313        0.48963385810043        0.80992803448116
H            5.45794103035109        1.32833375621498        3.12694923286708
H            6.60188827089569        0.12581060218212        3.72641545084632
H            7.15921501369679        2.53500907741442        1.92216207566703
H           10.01953104243488       -0.12780906392188        3.02430215130841
H            8.59532978890451       -0.20506640975057        4.06180870331413
H            9.93643387606352        0.86858344190448        4.47238792324247
H           10.19183247876718        3.09849631654578        3.26493573964110
H            9.29081145138172        3.35585902834467        1.76505915455544
H           10.55979022498327        2.12467529631562        1.84554666687735
74
 energy: -94.790666290873 gnorm: 0.001279197520 xtb: 6.7.1 (edcfbbe)
C           -0.19553811324459       -2.66030726593279        2.03063351444322
C            0.05942375166117       -1.40414320881622        1.68442044120367
C           -1.02018498267263       -0.41935840999672        1.31971109330754
C           -1.34217271802212       -0.47010733676243       -0.17660378901602
C           -0.14115880350638       -0.13116721248085       -1.06500630382807
C           -0.77037481827641        0.29466780233386       -2.38896306926583
C           -2.04030230556549        0.97200369493430       -1.98064726560269
N           -2.59349810724581        1.78539788376512       -2.76814140429999
O           -3.77960526743683        2.41659298713544       -2.30227738451304
C           -4.87079084729843        2.21422346254564       -3.06139240182743
O           -4.93000935086913        1.46484005822282       -3.99909415496365
C           -5.99822537191561        3.01729041703414       -2.52537605034334
C           -7.36816691311812        2.38577970339176       -2.56911589376365
C           -7.03890795151353        3.48818209564216       -3.50988261967123
C           -2.41782848869352        0.55550091394980       -0.58057302130571
C           -3.85796005202862        0.04253927168150       -0.43590156157181
C           -4.28061478320339       -0.92356185580746       -1.54140873938546
C           -5.74165315490473       -1.34011271319622       -1.39036054959450
C           -6.23408969957163       -2.12009095673595       -2.60646279244458
C           -7.69643320146117       -2.52499082317613       -2.46875506265512
O            1.28554803664479       -0.82568874894086        1.58252585450954
C            2.42758138547749       -1.61851039195007        1.82849891129302
C            3.63894914945684       -0.78402448855431        1.55019378822445
C            4.86769172416302       -1.05400264821210        1.97528039301988
C            5.17578942989217       -2.26119828691652        2.81425363693453
C            6.01525775414943       -0.13857103453657        1.66303369529692
C            6.35791860720930        0.74485694716676        2.87778009996234
C            7.47339568344031        1.68500906152018        2.54318248711680
C            8.75857503495601        1.56593485689488        2.85338728481672
C            9.35690461362539        0.44270042650106        3.64534449713033
C            9.76078174888421        2.59526402542028        2.41643184153560
H           -1.21077656892917       -3.00726547861356        2.07609152820456
H            0.56346031805680       -3.37802751621225        2.28021870104311
H           -0.67036530749493        0.58154176152497        1.57957730900360
H           -1.92145448790857       -0.63877957479845        1.89288152631934
H           -1.69540291801262       -1.47594146668366       -0.42193856650292
H            0.53905566687815       -0.97294436397632       -1.17991724475177
H            0.41574047926264        0.69874073070015       -0.62771299211958
H           -0.14085602516882        0.94003717703438       -2.99752922603951
H           -1.03446213753689       -0.58061252890665       -2.98770564005867
H           -5.73717397663673        3.65109016107702       -1.68963519574674
H           -8.03521929142776        2.57905000637623       -1.74284592384800
H           -7.42522476541975        1.38542040472245       -2.97022700155367
H           -7.47220608775838        4.46331646010010       -3.35131299356301
H           -6.87168962564387        3.23160662228316       -4.54448640918985
H           -2.31371099856216        1.44799098216776        0.05036354646170
H           -3.95147431696547       -0.44976560657535        0.53564343531864
H           -4.54206300488934        0.89415649641870       -0.43664095333598
H           -3.64691324773220       -1.81325871043956       -1.52892897528042
H           -4.15553872011277       -0.44574124250488       -2.51481216184693
H           -6.35785792117488       -0.44510309452803       -1.27012487970626
H           -5.86127355276991       -1.94671180228637       -0.48880373410431
H           -5.62000752718957       -3.01432279274419       -2.73630685941390
H           -6.10860796465195       -1.49979674957591       -3.49654845815886
H           -8.32572436874679       -1.64606788768859       -2.34453859661622
H           -7.83583072510814       -3.16913435475426       -1.60288679224263
H           -8.02955432268857       -3.06209280656000       -3.35349729503783
H            2.41575533911103       -2.50482275836495        1.17209653670134
H            2.42220104179431       -1.97394709451598        2.86957896775488
H            3.44162552785057        0.08919723923657        0.94636906897609
H            4.59110771045045       -2.25229333201073        3.73417916777717
H            6.23006137030414       -2.29526780328373        3.07496644826389
H            4.92487874633188       -3.17405154081999        2.27475862054662
H            6.89782181217210       -0.72244651364176        1.39275851963421
H            5.76182826767683        0.50597107480962        0.82034970847739
H            5.46879918818995        1.32043453692288        3.14535546375856
H            6.61227806546620        0.11068573971094        3.72640689942924
H            7.16739738618285        2.53678536528138        1.94749790399691
H           10.02511586480412       -0.13940679648937        3.01078311456654
H            8.60465501565471       -0.22515013704660        4.05161014689328
H            9.94953437103791        0.84104087058244        4.46814628127555
H           10.20466704891569        3.08212614773063        3.28515568259348
H            9.30015684258004        3.35585630417204        1.79142769241475
H           10.56694581088054        2.12295564570600        1.85581301030575
74
 energy: -94.790679802735 gnorm: 0.002389263651 xtb: 6.7.1 (edcfbbe)
C           -0.19453013436604       -2.63816445507300        2.03156962337304
C            0.05751874888006       -1.38163018360967        1.68441986883345
C           -1.02503926930806       -0.40145461705483        1.31602347416123
C           -1.34836270821978       -0.45994844504839       -0.17975733686493
C           -0.14943592104175       -0.12151330543056       -1.07112474610542
C           -0.78121107009640        0.29977980607337       -2.39544153289444
C           -2.05268568143156        0.97453916052771       -1.98767091543220
N           -2.60857027728261        1.78496293200981       -2.77641100913152
O           -3.79471369584688        2.41627388035291       -2.31036967384589
C           -4.88836726667457        2.20806349725862       -3.06409553222463
O           -4.95183423534566        1.44861777385640       -3.99375349997400
C           -6.01412011871601        3.01524261988475       -2.53032288030292
C           -7.38401727593376        2.38252054754235       -2.56252302879028
C           -7.05925660071912        3.47713753249275       -3.51428919214923
C           -2.42753370389923        0.56102174377650       -0.58613581390271
C           -3.86480676259173        0.04020794739618       -0.43977641155716
C           -4.28564818183428       -0.92193994667338       -1.54940466799010
C           -5.74366125845625       -1.34852613624064       -1.39797785199060
C           -6.23221050470992       -2.12559747219419       -2.61750766728646
C           -7.69231316991876       -2.53910982613960       -2.48260600974057
O            1.28176336538497       -0.79903209086158        1.58512163200772
C            2.42538071395841       -1.58620432748507        1.84072416274968
C            3.63580274044254       -0.74875479136885        1.56684585753701
C            4.86842561595029       -1.03495917204527        1.97043935151698
C            5.17905667998702       -2.26424123166809        2.77696301084953
C            6.01662094829662       -0.11635085887099        1.66917009439063
C            6.37889366969317        0.73179538212803        2.90480023079968
C            7.49408084583863        1.67752745999889        2.58408690094524
C            8.78236176646403        1.54504847975582        2.87757012531867
C            9.38633235613538        0.39506566200975        3.63030779485900
C            9.78385942891580        2.58245259680613        2.45768433345162
H           -1.20904966056820       -2.98762809905454        2.07423471432799
H            0.56547876921586       -3.35372857635291        2.28436875446428
H           -0.67829643670712        0.60166977316979        1.57158538013782
H           -1.92534506926486       -0.62125413594858        1.89068588923751
H           -1.69926535872246       -1.46789342500568       -0.42037778072944
H            0.53140887183436       -0.96297450039299       -1.18482396355022
H            0.40766839612587        0.71017805723283       -0.63744504467206
H           -0.15397959116940        0.94562911662427       -3.00596923875607
H           -1.04336704539461       -0.57744897890357       -2.99218019340317
H           -5.74923983565780        3.65717598853989       -1.70183822774322
H           -8.04849278924017        2.58113637254103       -1.73543538257204
H           -7.44068260827337        1.37879850401763       -2.95588347476197
H           -7.49161259840795        4.45362396359973       -3.36028589464204
H           -6.89772430374436        3.21320633022619       -4.54803686825491
H           -2.32736659100025        1.45596154938731        0.04205984513993
H           -3.95226149680112       -0.45808982508570        0.52936367386078
H           -4.55370499649095        0.88798800360115       -0.43338687881426
H           -3.64662128763005       -1.80783704954022       -1.54341798325595
H           -4.16598427863691       -0.43865801705179       -2.52060924310454
H           -6.36508183664985       -0.45782032160534       -1.27283434899037
H           -5.85868816770225       -1.95999860686217       -0.49912513653610
H           -5.61308126124453       -3.01579431837934       -2.75179144638853
H           -6.10985452934731       -1.50004581237711       -3.50439665956179
H           -8.32607935193224       -1.66439872211669       -2.35096372934207
H           -7.82775910589871       -3.19084743590025       -1.62177732137271
H           -8.02302166133014       -3.07091302916947       -3.37151162793221
H            2.42115635611081       -2.47577472293223        1.18863160844757
H            2.41530575657035       -1.93731198854809        2.88353340009238
H            3.43408355429613        0.14047681496961        0.98707476662963
H            4.60799914396737       -2.27086977752514        3.70578828637838
H            6.23712165267831       -2.31373532018395        3.02121144352019
H            4.91164768866210       -3.16281658258777        2.22043041211534
H            6.89303249643500       -0.69761521183871        1.37160257403409
H            5.75558901267173        0.55301518125614        0.84705018456778
H            5.49539046640164        1.30381757371922        3.19971625437808
H            6.64088281644209        0.07189510833546        3.73249490282931
H            7.18571571784233        2.54437207807655        2.01241461395934
H           10.04535378284088       -0.17155248929362        2.97032447544533
H            8.63643048113349       -0.28216604563994        4.02606110211621
H            9.98971851702245        0.76715564275238        4.45894046713770
H           10.23807630240654        3.04514171723018        3.33486910896643
H            9.31970878631622        3.36115400266209        1.85700298461576
H           10.58301224937140        2.12194705189098        1.87643176671671
74
 energy: -94.790692645636 gnorm: 0.001296985501 xtb: 6.7.1 (edcfbbe)
C           -0.19567251428839       -2.63957393519422        2.03046428642925
C            0.05723174116562       -1.38316219502810        1.68354964746446
C           -1.02451547050756       -0.40191580447566        1.31564666731311
C           -1.34754018356209       -0.45990359329581       -0.18017857024974
C           -0.14836221625939       -0.12065220308622       -1.07088621080979
C           -0.77930359437026        0.30085494345855       -2.39545502130519
C           -2.05149367274790        0.97461753325475       -1.98821040580018
N           -2.60703968694668        1.78512872843476       -2.77706358150447
O           -3.79350965057381        2.41605555085277       -2.31127239617145
C           -4.88673488492268        2.20877797195382       -3.06571598890443
O           -4.94985236300060        1.45090706728096       -3.99642544799121
C           -6.01282876727614        3.01413547465899       -2.52997190956566
C           -7.38240489828544        2.38099294583049       -2.56231823778571
C           -7.05889936130551        3.47778043321073       -3.51189176378302
C           -2.42686574731258        0.56069583563269       -0.58696145587391
C           -3.86415199795317        0.03985233269918       -0.44075323816355
C           -4.28554627629915       -0.92230890594649       -1.55014879709180
C           -5.74381705321366       -1.34787451493591       -1.39815016845564
C           -6.23313806041048       -2.12602815512129       -2.61669855472927
C           -7.69332049755499       -2.53882763812396       -2.48058033633863
O            1.28178594901284       -0.80146796639985        1.58347113190501
C            2.42515790749925       -1.58761339109684        1.84226409526846
C            3.63534718298991       -0.74990169590690        1.56767020305800
C            4.86797997255958       -1.03531786589497        1.97053734017785
C            5.17849455025143       -2.26339119347406        2.77765331320647
C            6.01609427785319       -0.11683961266943        1.66874604436322
C            6.37767788819759        0.73293837077763        2.90265678799620
C            7.49355085359015        1.67762327968324        2.58176742745777
C            8.78138332368783        1.54539214443633        2.87662327886673
C            9.38407414446818        0.39699296450376        3.63131112687522
C            9.78371775201516        2.58163881609351        2.45635810796182
H           -1.21040567958215       -2.98829100328614        2.07384782781141
H            0.56406746106092       -3.35568906017704        2.28263521537622
H           -0.67667367137442        0.60081213113738        1.57119286820494
H           -1.92497500785842       -0.62080610815070        1.89038165955653
H           -1.69788863547734       -1.46788532794211       -0.42130456031334
H            0.53303695939331       -0.96167001722181       -1.18429663967192
H            0.40800470311358        0.71114700465108       -0.63652082291742
H           -0.15208829522777        0.94745397694983       -3.00521954548024
H           -1.04045336597095       -0.57623336979608       -2.99278892873516
H           -5.74760028410893        3.65432082747335       -1.70035447712329
H           -8.04624763412339        2.57739402319847       -1.73424048121536
H           -7.43904246728774        1.37822533149659       -2.95806592282964
H           -7.49134376427355        4.45387696810406       -3.35536369668392
H           -6.89830764341760        3.21615509900044       -4.54633345638641
H           -2.32709974895125        1.45550370029013        0.04145950885641
H           -3.95156514020104       -0.45832903590844        0.52832567486992
H           -4.55286014279940        0.88764770788053       -0.43427800391781
H           -3.64700710616798       -1.80846301687852       -1.54398225259433
H           -4.16574994427359       -0.43934884552242       -2.52139268351700
H           -6.36474779979635       -0.45675706544737       -1.27389197560999
H           -5.85906427199526       -1.95831105896533       -0.49864054813668
H           -5.61447414420839       -3.01659543232579       -2.75028395325691
H           -6.11101768608849       -1.50154749418418       -3.50435351630095
H           -8.32691741310681       -1.66377654124023       -2.35073514127965
H           -7.82877236762599       -3.18872451495323       -1.61838571598241
H           -8.02431545698937       -3.07248448850559       -3.36825944347878
H            2.42254361970696       -2.47882626610442        1.19250798684036
H            2.41388990415969       -1.93616736029559        2.88595712017062
H            3.43309827699630        0.13890194662526        0.98809660015583
H            4.60822123282544       -2.26907830535849        3.70663847225979
H            6.23647416977479       -2.31276442990781        3.02074011592918
H            4.91020055789398       -3.16209545032546        2.22260909681498
H            6.89273703429340       -0.69773097965830        1.37259587060656
H            5.75553253339673        0.55109470647920        0.84590981879606
H            5.49423664051894        1.30527744257181        3.19595740385226
H            6.63853221089448        0.07448569032890        3.73116128230184
H            7.18605923735611        2.54380883909853        2.00910084716456
H           10.04319808628720       -0.17071964101995        2.97329719415223
H            8.63346767666266       -0.27894821526570        4.02759745197586
H            9.98697272162129        0.77033083402590        4.45896742387798
H           10.23808844230447        3.04434232573229        3.33289955218652
H            9.32014754564940        3.36008751471302        1.85562048017813
H           10.58261001058114        2.12077123621448        1.87549977501841
74
 energy: -94.790716563522 gnorm: 0.001619294115 xtb: 6.7.1 (edcfbbe)
C           -0.19829995783252       -2.62953608458830        2.02832697872815
C            0.05484036127979       -1.37328375610832        1.68109353861837
C           -1.02612139410684       -0.39152541699221        1.31185652452401
C           -1.34924942231212       -0.45263881311733       -0.18370054646475
C           -0.15046141614759       -0.11053310892011       -1.07389496488818
C           -0.78089230834897        0.30783604936496       -2.39955036435110
C           -2.05554723006630        0.97800055928536       -1.99382969447550
N           -2.61145502099879        1.78746272005367       -2.78343678784491
O           -3.79947013569976        2.41600429177216       -2.31812253815701
C           -4.89290721030698        2.20682564457035       -3.07141877071656
O           -4.95559759095200        1.45129024950227       -4.00350729776643
C           -6.01920023159106        3.00901361669334       -2.53139762436066
C           -7.38744847789306        2.37375817629675       -2.55817904382222
C           -7.07050702431988        3.47282558462094       -3.50713512848410
C           -2.43208520269527        0.56307034743261       -0.59326721819050
C           -3.86813394622422        0.03808978293140       -0.44771898253247
C           -4.28778489205800       -0.92478351252655       -1.55721274223009
C           -5.74548565674806       -1.35226962999540       -1.40382871684420
C           -6.23523430094157       -2.13123578819871       -2.62176863935720
C           -7.69417636088990       -2.54772978778391       -2.48281323236409
O            1.27925722690643       -0.79160562042318        1.58000317543952
C            2.42312954299854       -1.57074473682035        1.85360113157378
C            3.63142094118482       -0.72881964528917        1.58149473465126
C            4.86669418290560       -1.02251631922380        1.96858596720149
C            5.17879227563946       -2.26337265991482        2.75451807386981
C            6.01530563066223       -0.10326141166025        1.67217033169209
C            6.38812007254819        0.72792301516437        2.91473567254314
C            7.50646157639162        1.67142743031732        2.60064229591594
C            8.79488897426003        1.53073665618266        2.88798508489320
C            9.39628085208370        0.37195752939458        3.62484262638604
C            9.79872112357790        2.56998846435140        2.47888856181508
H           -1.21296679154012       -2.97841038239512        2.07252872431290
H            0.56198685948068       -3.34539192098852        2.27999050298790
H           -0.67605456036434        0.61125679442265        1.56403749284267
H           -1.92638424870620       -0.60697550097890        1.88809735634073
H           -1.69576744039683       -1.46219584385625       -0.42330460840175
H            0.53408655517335       -0.94918813853908       -1.18530351627225
H            0.40246901516691        0.72344315894284       -0.63936527256331
H           -0.15519324637153        0.95644643611972       -3.00873684175448
H           -1.03830051516039       -0.57037788704606       -2.99678842304665
H           -5.75162636677322        3.64789851427495       -1.70165928936415
H           -8.04719376210893        2.56742544139355       -1.72626332487202
H           -7.44493962314029        1.37183519655930       -2.95599334623911
H           -7.50361175597054        4.44824107213677       -3.34723922691594
H           -6.91482602075400        3.21281336366942       -4.54268171051272
H           -2.33653881369719        1.45835481895410        0.03497625674123
H           -3.95400446326436       -0.46096643326215        0.52074894559522
H           -4.55882596526034        0.88400218277922       -0.44043218079957
H           -3.64750613209807       -1.80958292663075       -1.55188462817546
H           -4.16983343580611       -0.44103709070615       -2.52807262297966
H           -6.36786050964509       -0.46230121165034       -1.27915286151031
H           -5.85898516984954       -1.96280312223190       -0.50419981054381
H           -5.61500207998846       -3.02033050743079       -2.75632504659837
H           -6.11611991604004       -1.50669351604538       -3.50968984127184
H           -8.33012827899928       -1.67432480907778       -2.35482353743152
H           -7.82739099608177       -3.19585674969889       -1.61900503288204
H           -8.02459399909332       -3.08462148426781       -3.36876112815879
H            2.43077063967796       -2.46814455026978        1.21264592254983
H            2.40540229011321       -1.91016489827138        2.90057289795245
H            3.42496712738961        0.16809308179859        1.01752147741227
H            4.62059671924950       -2.27751025289606        3.69067004390139
H            6.23921571908718       -2.32386228273604        2.98262210144489
H            4.89592899175261       -3.15228356624754        2.19129745512240
H            6.88825780940732       -0.68163970579451        1.36235588662168
H            5.75150080683580        0.57642922090407        0.86070926790283
H            5.50897066413914        1.29950356433003        3.22114874333532
H            6.65074484559759        0.05746196353107        3.73219523748973
H            7.19877653878162        2.54897812647830        2.04383402152076
H           10.04969149298847       -0.18939678418870        2.95738721741964
H            8.64486181064201       -0.30574807607484        4.01601423565328
H           10.00478419074452        0.73282682379274        4.45259507274574
H           10.26017779724679        3.01588307149669        3.36000960685340
H            9.33443704893448        3.36020825762773        1.89460446657660
H           10.59217218848120        2.11635272533379        1.88550176731658
74
 energy: -94.790736351592 gnorm: 0.001501642665 xtb: 6.7.1 (edcfbbe)
C           -0.19900509547210       -2.61296687198548        2.02765314110634
C            0.05256283981813       -1.35674800343524        1.67920185258471
C           -1.02928028589707       -0.37670531183444        1.30733081409546
C           -1.35295557785226       -0.44321221597524       -0.18787016522799
C           -0.15503673321476       -0.09762102155632       -1.07801671382074
C           -0.78680107479886        0.31529437473278       -2.40468929323610
C           -2.06349515415832        0.98231033463280       -2.00010619029308
N           -2.62044581466243        1.79059910467799       -2.79019234375285
O           -3.80982474670987        2.41671990463641       -2.32499799406023
C           -4.90400098835142        2.20409647441276       -3.07622940752613
O           -4.96672274937676        1.44834593279679       -4.00823273648385
C           -6.03041336360276        3.00451044715233       -2.53364384407311
C           -7.39745953363508        2.36669069240699       -2.55352287676802
C           -7.08669910409798        3.46514652617434       -3.50532980098577
C           -2.44004518938566        0.56714634286120       -0.59964506159852
C           -3.87427467569822        0.03625702550280       -0.45522443553010
C           -4.29086514076654       -0.92765289596674       -1.56513725228872
C           -5.74738930709759       -1.35948959512617       -1.41161106940943
C           -6.23618753890919       -2.13847919972579       -2.63001589348718
C           -7.69344749765753       -2.56045529286378       -2.48935329699258
O            1.27621946758846       -0.77324206241134        1.57827685010709
C            2.42122459740091       -1.54529668658283        1.86475623187343
C            3.62791071941336       -0.69905147629621        1.59758432715415
C            4.86652015905125       -1.00529195270575        1.96521380785398
C            5.17998763497764       -2.26458107815541        2.72203515347016
C            6.01564185414116       -0.08372041318147        1.67807356860882
C            6.40336834016883        0.71923807566235        2.93563923962187
C            7.52359204823452        1.66419211232765        2.63214744572642
C            8.81366082907108        1.51196797534580        2.90685814471379
C            9.41628863272713        0.33440928053507        3.61425032022006
C            9.81888273787826        2.55547318264916        2.51193950752512
H           -1.21308376554951       -2.96361303278739        2.07152720153286
H            0.56254748011261       -3.32727122648785        2.28012843162597
H           -0.67902744546140        0.62700535712252        1.55576069848701
H           -1.92901212947521       -0.59016760786256        1.88512836343021
H           -1.69501351988819       -1.45493195736734       -0.42490909624088
H            0.53349233298064       -0.93333034743596       -1.18709066148934
H            0.39382054286409        0.73988754592282       -0.64485379080770
H           -0.16335916005766        0.96490349545484       -3.01512157306492
H           -1.04107749165337       -0.56519128464411       -3.00000212316269
H           -5.76083503250054        3.64484065398502       -1.70552483152890
H           -8.05334383886210        2.56039532884393       -1.71856623714351
H           -7.45565785109069        1.36416057913533       -2.94978369136015
H           -7.52065502679420        4.44011378266574       -3.34547421181832
H           -6.93502776981576        3.20350411387190       -4.54106660185985
H           -2.34951750856859        1.46359287755237        0.02775389690706
H           -3.95853053422514       -0.46360259083834        0.51301693567965
H           -4.56816622413142        0.87962736837485       -0.44789237800392
H           -3.64802459678294       -1.81058046851675       -1.56000269388684
H           -4.17462745417732       -0.44331616340114       -2.53594289813869
H           -6.37190625991713       -0.47123991240701       -1.28538266691470
H           -5.85857853168410       -1.97134566493121       -0.51259339295278
H           -5.61296422611812       -3.02514411275175       -2.76700626559280
H           -6.12094826504399       -1.51203638802358       -3.51714157060372
H           -8.33283782929472       -1.68950390777746       -2.36139709549524
H           -7.82329408765893       -3.20858584014549       -1.62497294270968
H           -8.02251144844315       -3.09932132322507       -3.37466923776463
H            2.43894191235952       -2.44684926996398        1.23003956313059
H            2.39711791282737       -1.87867973841161        2.91382413480873
H            3.41655672010262        0.21147855631471        1.05613030556734
H            4.63678668046089       -2.29089659106157        3.66707543839721
H            6.24368837598076       -2.34015206914402        2.93173939659152
H            4.87852774878973       -3.14003026524013        2.14653167748852
H            6.88328628790135       -0.65934035310608        1.34716390392710
H            5.74667677668767        0.61479251196900        0.88355228595606
H            5.52973573548292        1.28895390823477        3.26204834157137
H            6.67001881369982        0.02953402753745        3.73659568877526
H            7.21617681117487        2.55323355255710        2.09433401629760
H           10.06112977177515       -0.21595364799496        2.92814360617488
H            8.66524485180373       -0.34849956351778        3.99743699243320
H           10.03414324091357        0.67432010677279        4.44505920795543
H           10.29034723154382        2.97962985443863        3.39883691843881
H            9.35335750901573        3.36051862793967        1.94909466359774
H           10.60489297167727        2.11120736926184        1.90167511798874
74
 energy: -94.790751186479 gnorm: 0.001758630706 xtb: 6.7.1 (edcfbbe)
C           -0.19821271501278       -2.60308199491806        2.02760960514664
C            0.05161785343188       -1.34696319242708        1.67759624592873
C           -1.03118542259259       -0.36824465305747        1.30442868489978
C           -1.35465650648796       -0.43717876088388       -0.19071743627915
C           -0.15715687816443       -0.08658489310376       -1.07966207554419
C           -0.79030920697893        0.32106504206823       -2.40721473957765
C           -2.06813534480669        0.98611071917950       -2.00324510991002
N           -2.62532498554775        1.79487772200816       -2.79268909780066
O           -3.81566112799568        2.41871587300952       -2.32714267622743
C           -4.90946256516055        2.20502788939254       -3.07895708635907
O           -4.97036702618679        1.45185703958564       -4.01368860922315
C           -6.03720095818698        3.00191686541185       -2.53369125887532
C           -7.40308212549797        2.36141992898459       -2.55259025278887
C           -7.09550648881383        3.46160049292727       -3.50368227333737
C           -2.44480520778852        0.56973358201415       -0.60306457227803
C           -3.87809438250106        0.03548134023916       -0.46102257424228
C           -4.29126592336427       -0.93209215857492       -1.56925124346651
C           -5.74804896244360       -1.36416534557700       -1.41717415181049
C           -6.23699217164217       -2.14512137386951       -2.63427913185356
C           -7.69348896749299       -2.56913772695607       -2.49151797679718
O            1.27489844421202       -0.76222521190263        1.57607501380232
C            2.42046490664633       -1.53048889492011        1.86848319686748
C            3.62638363050922       -0.68167658598767        1.60626763308285
C            4.86618917417679       -0.99441854274755        1.96365412233440
C            5.17959208036074       -2.26440358004484        2.70214496185900
C            6.01578869903430       -0.07143680033887        1.68303871253507
C            6.41106299715986        0.71478851652802        2.94859701392035
C            7.53303949151811        1.66017881936927        2.65162808133869
C            8.82388138452372        1.50056494383280        2.91868251677367
C            9.42609523464837        0.31156652688515        3.60841185903829
C            9.83098784406196        2.54485387092548        2.53103743996766
H           -1.21164676667625       -2.95553637841317        2.07186481039539
H            0.56472528551596       -3.31587391695528        2.28020742149924
H           -0.68134928234897        0.63597685592619        1.55164666587929
H           -1.93064191638049       -0.58151823669172        1.88271208997935
H           -1.69262390087479       -1.45036582234731       -0.42745215173507
H            0.53636848099441       -0.91845984231793       -1.18659134802148
H            0.38630217084545        0.75502775889686       -0.64724277733354
H           -0.16876277829208        0.97041701278496       -3.01982425289778
H           -1.04295753103121       -0.56192331365667       -2.99961885688125
H           -5.76832673456699        3.64141404209632       -1.70435091930721
H           -8.05721931164477        2.55404538590182       -1.71591800679090
H           -7.46147521029823        1.35890820275179       -2.94898777324378
H           -7.53116869022747        4.43556514430039       -3.34371944716880
H           -6.94356323396005        3.20015346963225       -4.53953173062489
H           -2.35798723856073        1.46649845948628        0.02453843377660
H           -3.96405124996802       -0.46159632061761        0.50877155749702
H           -4.57368900739583        0.87777480500371       -0.45832756208612
H           -3.64841889777159       -1.81507227196495       -1.55948589059027
H           -4.17281767314520       -0.45073284362972       -2.54160262545768
H           -6.37228955125830       -0.47552344774160       -1.29238092886498
H           -5.85995059017702       -1.97478280107992       -0.51744501635376
H           -5.61260193816534       -3.03097061667644       -2.77143287089637
H           -6.12411893129379       -1.51923577567145       -3.52203881796387
H           -8.33449595447289       -1.69864130644597       -2.36783676431076
H           -7.82169519240098       -3.21288356007309       -1.62356009862525
H           -8.02178411826097       -3.11337009222166       -3.37396306578930
H            2.44400811924767       -2.43247899824479        1.23520969536856
H            2.39237425845248       -1.86294074600249        2.91761825716785
H            3.41360110788336        0.23486447152396        1.07744615966357
H            4.64719813379791       -2.29727526703371        3.65291953607259
H            6.24506223027272       -2.34978832093673        2.89850489962331
H            4.86477304151194       -3.13103187631972        2.12095580562863
H            6.88034862604692       -0.64506253993920        1.34094327529043
H            5.74476193178185        0.63729634693398        0.89857014008751
H            5.54086067548610        1.28350311006541        3.28513608918793
H            6.67862889605046        0.01454811534090        3.74015924704268
H            7.22704352769777        2.55491203360457        2.12411232755377
H           10.06539331066453       -0.23269004067545        2.91139017591359
H            8.67483442584287       -0.37362206135403        3.98744457346654
H           10.04966460242869        0.63860075554533        4.44093629687915
H           10.30984828937518        2.95509248296306        3.42052191287726
H            9.36557377933723        3.35889835723579        1.98180581056654
H           10.61122003240752        2.10534012957269        1.91017575775473
74
 energy: -94.790766988921 gnorm: 0.002372453180 xtb: 6.7.1 (edcfbbe)
C           -0.19554103942559       -2.59031806794342        2.02905721732608
C            0.05074270049549       -1.33407906172068        1.67696521258382
C           -1.03470994722178       -0.35927650671068        1.30117406918422
C           -1.35662033213148       -0.42993251548634       -0.19421678120436
C           -0.16032805941115       -0.07452397124464       -1.08288893943555
C           -0.79534697575353        0.32717048782821       -2.41135402076726
C           -2.07406205257797        0.99036396454244       -2.00777174665333
N           -2.63252032739192        1.79941576336661       -2.79606495465845
O           -3.82321611979529        2.42100770635523       -2.32879347875637
C           -4.91705336363598        2.20666389125824       -3.08059810769953
O           -4.97659336384297        1.45557867115422       -4.01723324399900
C           -6.04647256622230        2.99960690221364       -2.53319677176183
C           -7.41109464948633        2.35571981026193       -2.55206009455666
C           -7.10630986539849        3.45702472802542       -3.50282287252886
C           -2.45008219396242        0.57300673199152       -0.60756820281893
C           -3.88209802584886        0.03513825644054       -0.46735851051960
C           -4.29113299697244       -0.93617162940615       -1.57390546035409
C           -5.74801848897683       -1.36902683416450       -1.42325068284153
C           -6.23584284501338       -2.15269726693059       -2.63898949513162
C           -7.69151861716859       -2.57905286650600       -2.49429924953503
O            1.27279870844664       -0.74608136151966        1.57681635131807
C            2.41913379693936       -1.51210365676469        1.87146013295714
C            3.62461733328421       -0.66116995938363        1.61532999782559
C            4.86592145564514       -0.98285242731231        1.96109567999158
C            5.17976332192343       -2.26483262906490        2.67840475712562
C            6.01592934251681       -0.05776083628746        1.68889618803835
C            6.42069457421620        0.70792003937098        2.96416075970149
C            7.54452201080634        1.65375182507807        2.67466134191833
C            8.83639172776660        1.48511001667909        2.93177442785559
C            9.43727580528771        0.28437641660354        3.60180901008272
C            9.84535663277561        2.53112710904013        2.55329124253510
H           -1.20789331469889       -2.94591861178327        2.07271300434796
H            0.56926553380415       -3.30012115883734        2.28441044134405
H           -0.68865935836279        0.64629632772143        1.54826267691277
H           -1.93416260058391       -0.57533057208386        1.87843298264393
H           -1.69044706452566       -1.44438400509849       -0.43119600275181
H            0.53844453490687       -0.90224683865156       -1.18770224838802
H            0.37750199028117        0.77143788213069       -0.65190172923251
H           -0.17596022450914        0.97530761820861       -3.02737609699227
H           -1.04705366616944       -0.55886185308263       -2.99958764182016
H           -5.77916237160092        3.63879234054928       -1.70304015095877
H           -8.06494322165189        2.54748164218025       -1.71493040434611
H           -7.46822152069811        1.35304530848624       -2.94785930208536
H           -7.54486102822395        4.42956967420950       -3.34331347795981
H           -6.95290595546969        3.19557361439418       -4.53852151815632
H           -2.36664123471357        1.47006086402228        0.02008906677934
H           -3.96947264380357       -0.45930450738829        0.50391641611644
H           -4.57968651029154        0.87607417375219       -0.46867830169135
H           -3.64744954625787       -1.81875872762291       -1.55973614007563
H           -4.17042496580972       -0.45736069002599       -2.54759340528999
H           -6.37291284595804       -0.48041681084814       -1.30068723261436
H           -5.86058986904992       -1.97809369184355       -0.52249614748639
H           -5.60988323782367       -3.03762187571754       -2.77522061423862
H           -6.12495532495255       -1.52805443846083       -3.52781071302428
H           -8.33449429700477       -1.70917495163430       -2.37548587958331
H           -7.81838062089310       -3.21815199643463       -1.62263357116192
H           -8.01860403641837       -3.12897163203748       -3.37367977017200
H            2.44669383506669       -2.41261072976576        1.23648907961955
H            2.38849645697499       -1.84677305989825        2.91976222629431
H            3.40978099958890        0.26700790739132        1.10477038536511
H            4.66044123650292       -2.30614269509150        3.63639942319108
H            6.24734654855926       -2.36144009011116        2.85874629952449
H            4.84964652447974       -3.12093278427152        2.08997241868942
H            6.87729079309809       -0.62826237622859        1.33286089043962
H            5.74191418438318        0.66413230365339        0.91704925609139
H            5.55448371875244        1.27523567019260        3.31406729062964
H            6.69020203397066       -0.00495085411919        3.74403518600585
H            7.23840176242167        2.55872273692339        2.16292789919803
H           10.07076637541119       -0.25311734863658        2.89511118651858
H            8.68519267398748       -0.40241093983815        3.97606230018657
H           10.06615359946578        0.59827990440103        4.43499056632528
H           10.33282330126534        2.92458460648471        3.44624023113040
H            9.37945487637409        3.35697878117178        2.02097802057485
H           10.61887890039769        2.09772915347043        1.91898418023335
74
 energy: -94.790780772005 gnorm: 0.001762390515 xtb: 6.7.1 (edcfbbe)
C           -0.19207083081212       -2.58692625140592        2.03081396111991
C            0.05105586916164       -1.33053317265665        1.67703036819457
C           -1.03693651579512       -0.35929868099193        1.30002330882967
C           -1.35598160499856       -0.42746414626019       -0.19606916128982
C           -0.16030691813077       -0.06791148098673       -1.08379474211409
C           -0.79651176756782        0.33017809023483       -2.41277369179271
C           -2.07499598907893        0.99320953229423       -2.00895380719233
N           -2.63426897851058        1.80349255200415       -2.79541178469376
O           -3.82469851574735        2.42354924821520       -2.32586873148195
C           -4.91787807908678        2.21114155012255       -3.07938462800209
O           -4.97521774392752        1.46399691311115       -4.01912924309611
C           -6.04955754929102        2.99966251775623       -2.53068164660852
C           -7.41305605008310        2.35286602517524       -2.55553708148976
C           -7.10784571460607        3.45755706384207       -3.50204197830466
C           -2.45059626384531        0.57433056632220       -0.60893690002214
C           -3.88225795270631        0.03605910165644       -0.47014994610726
C           -4.28834250045826       -0.93965547807498       -1.57378839959656
C           -5.74636469550765       -1.36954333972925       -1.42507446831238
C           -6.23338241063833       -2.15774673464683       -2.63809785498047
C           -7.68940232896854       -2.58233765330878       -2.49158379444116
O            1.27202623998087       -0.73983362160436        1.57817914475801
C            2.41873640810913       -1.50788637883200        1.86709761085099
C            3.62458125543814       -0.65652933356004        1.61567994633408
C            4.86527922689995       -0.97964028219071        1.96113257219044
C            5.17899253158947       -2.26406359120268        2.67208959639756
C            6.01553899403398       -0.05406467371046        1.69207212743591
C            6.42042808082868        0.70684443431283        2.96845309161774
C            7.54545096407972        1.65175536674650        2.68080058387325
C            8.83701170060970        1.48047978382601        2.93536144449828
C            9.43506872863899        0.27842589185006        3.60219245868126
C            9.84832568268929        2.52376017317792        2.55680036898341
H           -1.20353621861159       -2.94497819717135        2.07418541983481
H            0.57403432245718       -3.29434842222708        2.28853204174416
H           -0.69595273483897        0.64718741015511        1.55028567987972
H           -1.93695935096831       -0.58062720273543        1.87443831327138
H           -1.68757172778275       -1.44192811057716       -0.43575826156387
H            0.54233105303422       -0.89236070370156       -1.18766435609834
H            0.37308725408983        0.78090962850217       -0.65322256740100
H           -0.17817290496030        0.97631539427570       -3.03182837842528
H           -1.04893344321392       -0.55795035392103       -2.99744689418617
H           -5.78593444002733        3.63633833750856       -1.69756127117290
H           -8.06966480775351        2.54169350444688       -1.71989005822512
H           -7.46726229168281        1.35114340989551       -2.95355587723332
H           -7.54988932309924        4.42821112912754       -3.34130074172370
H           -6.94983984669631        3.19918928035573       -4.53785261869281
H           -2.36789445385168        1.47078432659305        0.01957531320859
H           -3.97250713490039       -0.45421120411948        0.50310531973036
H           -4.58000358289544        0.87694012636474       -0.47671932240564
H           -3.64581075915951       -1.82320181849332       -1.55337599751262
H           -4.16329665000711       -0.46500663792852       -2.54926334994600
H           -6.37021573768249       -0.47938801373135       -1.30760811674882
H           -5.86184070055148       -1.97465528833101       -0.52191222593436
H           -5.60788343422828       -3.04362880323404       -2.77032313780411
H           -6.12192793779486       -1.53699166709955       -3.52954551762922
H           -8.33223813398218       -1.71116250697433       -2.38058870959211
H           -7.81743386958693       -3.21414097959146       -1.61463214198136
H           -8.01584696839056       -3.13943638590917       -3.36667236484887
H            2.44468249323325       -2.40420887570674        1.22585746097150
H            2.38914844049263       -1.84926259270095        2.91321843504833
H            3.41162597761245        0.27318843703038        1.10912259779303
H            4.66617188628664       -2.30725046131450        3.63318346705788
H            6.24681182212905       -2.36416913388617        2.84466338945393
H            4.84215461025474       -3.11657654417974        2.08375600741819
H            6.87675174702304       -0.62269441985139        1.33392803224839
H            5.74139868002244        0.67001552581239        0.92352588921209
H            5.55502763944486        1.27365561877625        3.31981128454170
H            6.68900276776571       -0.00771309135603        3.74587549099269
H            7.24062817977185        2.55746946898038        2.17180858274003
H           10.06664431986127       -0.25900380397596        2.89511964689824
H            8.68127827321598       -0.40661149456242        3.97586115184586
H           10.06493287244040        0.58975818525817        4.43463402861331
H           10.33974463043167        2.91327338392167        3.44801356934587
H            9.38400315404179        3.35148284408106        2.02851516918700
H           10.61833305684508        2.09007671030099        1.91960174920452
74
 energy: -94.790789960986 gnorm: 0.000537202954 xtb: 6.7.1 (edcfbbe)
C           -0.19277425934187       -2.58689616329337        2.03027567486941
C            0.05046970474312       -1.33025558771718        1.67737884360831
C           -1.03761332802457       -0.35938436104901        1.30031478649741
C           -1.35605687761918       -0.42693796231706       -0.19600482866712
C           -0.16030610083596       -0.06814853100999       -1.08381277036496
C           -0.79613686287687        0.33075129350178       -2.41283808168086
C           -2.07468815323508        0.99383355841121       -2.00898926151558
N           -2.63418755172501        1.80342850585824       -2.79592858566606
O           -3.82476773058387        2.42381859409836       -2.32670609554290
C           -4.91805578030719        2.21114637204894       -3.07976934479289
O           -4.97595884144646        1.46261073391714       -4.01790574908412
C           -6.04976807346826        2.99980428405060       -2.53124806211171
C           -7.41272465818198        2.35240876366047       -2.55606831845290
C           -7.10832293921161        3.45766399368386       -3.50207578709831
C           -2.45044222686606        0.57507738691223       -0.60908813195738
C           -3.88183126315971        0.03637018107074       -0.46914887261133
C           -4.28822496421246       -0.93880796869683       -1.57295924725546
C           -5.74577506489039       -1.36934412756321       -1.42420054394636
C           -6.23197265988287       -2.15841112133997       -2.63700821716792
C           -7.68818387514134       -2.58268694434250       -2.49158522293436
O            1.27103407510287       -0.73917872086529        1.57903328307603
C            2.41825239625197       -1.50768904108788        1.86646175737066
C            3.62392942119258       -0.65577950231792        1.61497982616702
C            4.86459287640247       -0.97861940236577        1.96020197597238
C            5.17891795352652       -2.26354746449246        2.67086686629314
C            6.01474264967026       -0.05281417531707        1.69169571007710
C            6.42024089472462        0.70725777888542        2.96904843574499
C            7.54521750825226        1.65205170274700        2.68205085379396
C            8.83687192905244        1.47991802398959        2.93613667869697
C            9.43531144857090        0.27706461513006        3.60283528867081
C            9.84809998942823        2.52345527343898        2.55724855028047
H           -1.20429616884157       -2.94487887479019        2.07295527292417
H            0.57309324781786       -3.29468871096968        2.28753225677567
H           -0.69741748853544        0.64718656991486        1.55107486253741
H           -1.93785933410075       -0.58143399948265        1.87411011785726
H           -1.68814507671158       -1.44131081277539       -0.43580846526062
H            0.54106994918507       -0.89359545524569       -1.18816839353981
H            0.37446604665996        0.77962405901530       -0.65295266881271
H           -0.17753531957114        0.97738255149056       -3.03113118335645
H           -1.04837063845629       -0.55685876196880       -2.99847289532900
H           -5.78590870179573        3.63667884819225       -1.69857327156948
H           -8.07008650354592        2.53964299649792       -1.72056716662189
H           -7.46536261556560        1.35101243764111       -2.95557617838324
H           -7.55027467518875        4.42838042321299       -3.33970313793380
H           -6.95117443941632        3.20078862061404       -4.53834727233914
H           -2.36759670356946        1.47164194566139        0.01922203869368
H           -3.97059635441841       -0.45480909659453        0.50327780682288
H           -4.57989222853419        0.87646453766628       -0.47406822417856
H           -3.64522786192436       -1.82157366456974       -1.55380406119445
H           -4.16456576515563       -0.46355984146441       -2.54776352543118
H           -6.37023685383926       -0.47966596559088       -1.30760578535132
H           -5.86117350400279       -1.97378937975719       -0.52063655218344
H           -5.60662146835603       -3.04462967082912       -2.76757039433209
H           -6.11906448558790       -1.53856936854654       -3.52906703355043
H           -8.33063973062914       -1.71147929650776       -2.38086909073960
H           -7.81730171408979       -3.21466231429257       -1.61508285340321
H           -8.01429237196301       -3.13928615225687       -3.36696285379510
H            2.44327358124873       -2.40412915715800        1.22458065682230
H            2.38955613348453       -1.84978765474180        2.91272052703691
H            3.41121778972046        0.27219252500232        1.10627884012300
H            4.66667065998738       -2.30675019157395        3.63216323575577
H            6.24693928336301       -2.36350620027699        2.84301670839650
H            4.84201819693055       -3.11674521620270        2.08278708703710
H            6.87600412554258       -0.62089605370731        1.33304828335024
H            5.74060706027072        0.67166712866650        0.92338980703958
H            5.55470370707537        1.27338527538605        3.32126007085552
H            6.68891265805338       -0.00847012157787        3.74553740391785
H            7.23997256383214        2.55873982957265        2.17405875837166
H           10.06651239659012       -0.26040839353314        2.89455164293007
H            8.68158909210034       -0.40839977996726        3.97609179786204
H           10.06585273804577        0.58736719026714        4.43556519947226
H           10.34069198597833        2.91222050939980        3.44860810126709
H            9.38340354583696        3.35193717891589        2.02923580536424
H           10.61719560625609        2.08941151922709        1.91881817117916
74
 energy: -94.790796304119 gnorm: 0.000744747928 xtb: 6.7.1 (edcfbbe)
C           -0.19373645851536       -2.58697014220892        2.02890290702363
C            0.04974240986467       -1.32997790771591        1.67732996373984
C           -1.03853628034691       -0.35928930688834        1.30060073519391
C           -1.35623982660732       -0.42635632682772       -0.19595211632893
C           -0.16009075600951       -0.06882105749282       -1.08363057150855
C           -0.79546688185979        0.33194036788752       -2.41239923480079
C           -2.07453782196970        0.99445455282762       -2.00886524059248
N           -2.63423131932571        1.80336821062851       -2.79635767617344
O           -3.82507098516509        2.42380078126772       -2.32741414371502
C           -4.91859156679865        2.21009353704247       -3.07969966086379
O           -4.97684946165617        1.46045276997611       -4.01692965068763
C           -6.05010877455429        2.99973417411828       -2.53186157842906
C           -7.41252604044481        2.35170219350558       -2.55734851484044
C           -7.10881775620620        3.45812410573515       -3.50220381711392
C           -2.45010520087299        0.57630630434372       -0.60885247609129
C           -3.88129177635674        0.03728051300924       -0.46772057126598
C           -4.28805582531513       -0.93694808649462       -1.57226527261846
C           -5.74499388766955       -1.36893969393324       -1.42274586490823
C           -6.22949224325885       -2.16007800331660       -2.63491632800809
C           -7.68617110181906       -2.58326503668537       -2.49155914321139
O            1.26990907956344       -0.73836255698339        1.58019329694227
C            2.41768772554569       -1.50752609725173        1.86493140309292
C            3.62310393108037       -0.65535505050405        1.61277855118829
C            4.86386972109541       -0.97749337815809        1.95831430986697
C            5.17881154877631       -2.26225123464840        2.66935143261532
C            6.01370277199783       -0.05101997187636        1.69109254725390
C            6.41954774960379        0.70715124106618        2.96994990294122
C            7.54463204436325        1.65198503726103        2.68437196095508
C            8.83631703015391        1.47895614660497        2.93764819821998
C            9.43496175822799        0.27504204831354        3.60274241494325
C            9.84784116833106        2.52224701859738        2.55849815651761
H           -1.20537912069996       -2.94474646760614        2.07074027797791
H            0.57174841161073       -3.29507620745208        2.28637703378468
H           -0.69927969653389        0.64736740966951        1.55225201374252
H           -1.93910367980936       -0.58231650887921        1.87353475701287
H           -1.68916286048783       -1.44048170180177       -0.43591372531422
H            0.53965563714958       -0.89560136475696       -1.18882369305757
H            0.37648978804577        0.77759122887484       -0.65242051254061
H           -0.17648467021670        0.97958143166321       -3.02928533455385
H           -1.04705971456891       -0.55475090362535       -2.99968064397614
H           -5.78608571533569        3.63660096857839       -1.69927521458600
H           -8.07074074877372        2.53637283329078       -1.72201178215940
H           -7.46306472488580        1.35088814575882       -2.95887473189235
H           -7.55096246151731        4.42852692685374       -3.33753164867411
H           -6.95282813908737        3.20351600344802       -4.53914733090946
H           -2.36672480512647        1.47309085205481        0.01910724831643
H           -3.96802890965001       -0.45523904996228        0.50405882207164
H           -4.57978534574003        0.87683325901785       -0.47067422210421
H           -3.64436806828702       -1.81908018806516       -1.55449634726742
H           -4.16582510994551       -0.46062240061778       -2.54655522916472
H           -6.37049604191033       -0.47984576842219       -1.30753461055018
H           -5.86013446333522       -1.97246274089592       -0.51851742629761
H           -5.60425129088276       -3.04678055455540       -2.76295267027679
H           -6.11467560736887       -1.54171425534393       -3.52780622852245
H           -8.32810240881195       -1.71165429162167       -2.38137409592048
H           -7.81674092954680       -3.21550838129799       -1.61551155020953
H           -8.01141416286529       -3.13930470524985       -3.36760053906594
H            2.44113313823643       -2.40318739130787        1.22169988570261
H            2.39045041956826       -1.85116068440174        2.91082271044456
H            3.40999486446688        0.27229342608047        1.10404326536478
H            4.66720367051323       -2.30552405322615        3.63091631444502
H            6.24702525260701       -2.36201708647629        2.84055669888292
H            4.84175273581033       -3.11560999194344        2.08137682664193
H            6.87518278777882       -0.61811898035086        1.33152948133598
H            5.73940296442493        0.67481272895301        0.92404042916315
H            5.55395802158510        1.27246935709862        3.32333001054630
H            6.68828912237460       -0.01027905422813        3.74490071932927
H            7.23941160121638        2.55936301541484        2.17727013731579
H           10.06570481234667       -0.26185586033959        2.89328785842290
H            8.68132701424615       -0.41071411188185        3.97564961776182
H           10.06614628627315        0.58428471102033        4.43539383840440
H           10.34229883550941        2.90989147293686        3.44936396978342
H            9.38279094197638        3.35168554284023        2.03202604605692
H           10.61551939588338        2.08849823914736        1.91807051055379
74
 energy: -94.790802394458 gnorm: 0.000791282673 xtb: 6.7.1 (edcfbbe)
C           -0.19481852461890       -2.58720811834192        2.02693206914466
C            0.04878238363845       -1.32959777633133        1.67763759071656
C           -1.03978108175201       -0.35914173076145        1.30121886836778
C           -1.35663822871319       -0.42533171411389       -0.19553731021319
C           -0.15996569936661       -0.06955324100468       -1.08312610970454
C           -0.79428953926790        0.33416094222028       -2.41161988400148
C           -2.07396359412978        0.99592546551780       -2.00842670196398
N           -2.63399021306404        1.80388067821978       -2.79671617260614
O           -3.82536396258403        2.42408563741508       -2.32849734391305
C           -4.91883070565037        2.20957731738479       -3.08047206246807
O           -4.97755009094461        1.45813234240657       -4.01633092833905
C           -6.05064961922326        2.99889946661754       -2.53254069404365
C           -7.41259166711642        2.34998049304522       -2.55962621417715
C           -7.10942298687746        3.45855145937198       -3.50219140987171
C           -2.44941779623945        0.57840863923681       -0.60831220770084
C           -3.88046648482805        0.03932698304868       -0.46570121328811
C           -4.28774170608637       -0.93386300397032       -1.57098047086390
C           -5.74379392844117       -1.36827951009245       -1.42075156356179
C           -6.22561565035646       -2.16299298822304       -2.63165037787674
C           -7.68295387927115       -2.58477830399514       -2.49138102416244
O            1.26849637437950       -0.73717403457392        1.58206845608163
C            2.41692278865705       -1.50739707025320        1.86199566590244
C            3.62165408910391       -0.65433419201343        1.60993235857716
C            4.86256371768967       -0.97516944894275        1.95625451403177
C            5.17855561648026       -2.26002383749828        2.66661284680283
C            6.01175797875989       -0.04775215099420        1.69022301266418
C            6.41834632276804        0.70636933052921        2.97141159610664
C            7.54371865474059        1.65120382231455        2.68739179856982
C            8.83547127140716        1.47686251096540        2.93926249450653
C            9.43389172992032        0.27156709815950        3.60182647002763
C            9.84732954134345        2.52004530755012        2.56088375386472
H           -1.20653248804436       -2.94507264419702        2.06671836636309
H            0.57034501575711       -3.29592964101621        2.28366900481063
H           -0.70145571817092        0.64753463582481        1.55395232387237
H           -1.94064131061922       -0.58325451312245        1.87327307813671
H           -1.69086383068943       -1.43896631932186       -0.43572959188254
H            0.53735141121978       -0.89827024561186       -1.18958608577958
H            0.37926637010888        0.77469450706720       -0.65103853009932
H           -0.17468301056682        0.98350920345539       -3.02612934588114
H           -1.04489640338478       -0.55097549748197       -3.00162619171846
H           -5.78672603240051        3.63524970408888       -1.69949979086733
H           -8.07211114508811        2.53101719637277       -1.72464539182943
H           -7.46067671762879        1.35019863707837       -2.96418309262118
H           -7.55181103159307        4.42833072504505       -3.33416498095566
H           -6.95429944027796        3.20751972823710       -4.54007140880880
H           -2.36500083002989        1.47536285586275        0.01925756464448
H           -3.96526914671115       -0.45486418123285        0.50546552279344
H           -4.57949385844706        0.87847716239521       -0.46629171759898
H           -3.64279872592852       -1.81519199179170       -1.55535040344771
H           -4.16742286132149       -0.45604043762116       -2.54478730796159
H           -6.37114217843778       -0.48016459809113       -1.30788251555448
H           -5.85800509416212       -1.96998045717099       -0.51518061772549
H           -5.60056087349248       -3.05051262945740       -2.75492911546031
H           -6.10762546889246       -1.54751738648194       -3.52613148469760
H           -8.32402388960677       -1.71233552555324       -2.38262440013445
H           -7.81623395345269       -3.21693372599169       -1.61564455719747
H           -8.00679870603496       -3.14032926399242       -3.36827532097869
H            2.43834205846541       -2.40109641844221        1.21610877548535
H            2.39197651150635       -1.85385798343268        2.90689277508256
H            3.40779961581474        0.27312451648661        1.10094912111602
H            4.66827229853911       -2.30332135150145        3.62882334272646
H            6.24699636871377       -2.35958129412668        2.83628881456568
H            4.84083561709745       -3.11327793238472        2.07898331701191
H            6.87322707409281       -0.61344538021997        1.32839147957204
H            5.73668109568594        0.68049264039556        0.92574490485239
H            5.55312542442289        1.27090297270419        3.32685730985560
H            6.68724831990913       -0.01355269410660        3.74397059415520
H            7.23870512994786        2.56006674310441        2.18294635721568
H           10.06376316155687       -0.26429238162266        2.89097623288507
H            8.68024415298634       -0.41440434835263        3.97424114790711
H           10.06591907499741        0.57913637054770        4.43435441051596
H           10.34463744076656        2.90472231073839        3.45133873478460
H            9.38196613090905        3.35139514853280        2.03785551325926
H           10.61272533221594        2.08705341108527        1.91726820833537
74
 energy: -94.790806976050 gnorm: 0.000584714936 xtb: 6.7.1 (edcfbbe)
C           -0.19531609284205       -2.58781963013715        2.02426799638052
C            0.04799656066997       -1.32955163113518        1.67717631301806
C           -1.04067313353400       -0.35882846881985        1.30175525624438
C           -1.35710225403230       -0.42435958586663       -0.19507220089871
C           -0.15977708556062       -0.06970773042060       -1.08227746440079
C           -0.79314851196270        0.33661839444843       -2.41047079658172
C           -2.07336781667537        0.99764172515866       -2.00765431615579
N           -2.63377050480405        1.80488179914667       -2.79645227021377
O           -3.82572199642183        2.42422318882932       -2.32871711698388
C           -4.91906456286739        2.20859747759085       -3.08047385931822
O           -4.97712059475268        1.45778896996336       -4.01692745785805
C           -6.05130818136689        2.99738092510795       -2.53271205633434
C           -7.41304395931428        2.34811684985093       -2.56231497747152
C           -7.10954829169121        3.45891656573516       -3.50217938488422
C           -2.44901470300522        0.58030823197793       -0.60755988165678
C           -3.88016731901082        0.04171432650360       -0.46460630255955
C           -4.28743599468220       -0.93111446458313       -1.57013070824173
C           -5.74277508486642       -1.36761806885006       -1.41926775685928
C           -6.22217280806727       -2.16598955201558       -2.62870380177494
C           -7.68011717468001       -2.58643224006562       -2.49095936209646
O            1.26742072709319       -0.73629460830695        1.58331884530981
C            2.41618982319922       -1.50742207464107        1.85900628256551
C            3.62031577959282       -0.65353366295696        1.60729074462585
C            4.86132132082898       -0.97337048427712        1.95407318665489
C            5.17818205510972       -2.25813987985080        2.66402254925510
C            6.00969980653493       -0.04458701918242        1.68968819140522
C            6.41732086237388        0.70570251177881        2.97261246936605
C            7.54293317451462        1.65091576234774        2.69063758457192
C            8.83476646560591        1.47514954193412        2.94109463615162
C            9.43274418171159        0.26803345842667        3.60043799112776
C            9.84710103237537        2.51802922893461        2.56344604656195
H           -1.20700775585552       -2.94579371583589        2.06349385052921
H            0.56985304539565       -3.29655140746315        2.28099412779455
H           -0.70243588882621        0.64768565656028        1.55529470860851
H           -1.94155107718757       -0.58348116647986        1.87355459810606
H           -1.69223873092402       -1.43760703598292       -0.43552713066444
H            0.53590812762970       -0.89970294118667       -1.18969016340516
H            0.38115169972398        0.77294130316379       -0.64922740240927
H           -0.17293007338152        0.98738132174872       -3.02289302371061
H           -1.04286299142966       -0.54717465334379       -3.00280848060151
H           -5.78815545903307        3.63229409191398       -1.69829322260643
H           -8.07329933870985        2.52665412252960       -1.72744828518983
H           -7.45992144644447        1.34921523966598       -2.96917371302306
H           -7.55235762026522        4.42808179506036       -3.33183548059007
H           -6.95406261822526        3.21058119691336       -4.54062463050470
H           -2.36378332182234        1.47725100410428        0.01992030125491
H           -3.96459851508007       -0.45287281723000        0.50650078637099
H           -4.57927593717775        0.88088095278416       -0.46447138043493
H           -3.64142137145791       -1.81178795631586       -1.55560167200887
H           -4.16819395572549       -0.45264406743906       -2.54383731775018
H           -6.37169535965623       -0.48029877135442       -1.30870828834300
H           -5.85624633632430       -1.96745860547806       -0.51236292517885
H           -5.59727129488886       -3.05423061774386       -2.74765255608904
H           -6.10171495482926       -1.55337752160697       -3.52477476478143
H           -8.32071984081409       -1.71334490598366       -2.38417797355805
H           -7.81572687816934       -3.21781700898305       -1.61502066444034
H           -8.00262896209728       -3.14237293408890       -3.36811157436397
H            2.43638070804221       -2.39884687240444        1.21013470149785
H            2.39318767977348       -1.85712482730143        2.90275889770849
H            3.40573505861576        0.27432059155898        1.09906453847829
H            4.66937078476693       -2.30132792433667        3.62708095596843
H            6.24684452818917       -2.35772240340923        2.83218432832638
H            4.83950867216524       -3.11123904298741        2.07695052166042
H            6.87094059837004       -0.60888182248590        1.32507052110076
H            5.73347062556041        0.68591195833313        0.92785728608994
H            5.55261674174884        1.26968014457328        3.33011770779210
H            6.68635619889092       -0.01637749582441        3.74302855129135
H            7.23835406127414        2.56068677077798        2.18781793195785
H           10.06164363734566       -0.26697674916276        2.88827756742643
H            8.67885045262665       -0.41798035343129        3.97226644216741
H           10.06554530608337        0.57359629114968        4.43308925625319
H           10.34704965208475        2.89910114607372        3.45389691171982
H            9.38164688296956        3.35156781647754        2.04419083218745
H           10.61033954768587        2.08591235743404        1.91669180176978
74
 energy: -94.790813282251 gnorm: 0.000487937329 xtb: 6.7.1 (edcfbbe)
C           -0.19573367125648       -2.58881882607998        2.02093749291272
C            0.04680704937772       -1.32955139123991        1.67706281553750
C           -1.04183670647797       -0.35838201302822        1.30277473294866
C           -1.35802281508433       -0.42290780488203       -0.19409219919114
C           -0.15977104280053       -0.06911228485040       -1.08051143381112
C           -0.79153886521549        0.34055733733265       -2.40843351842627
C           -2.07256522574580        1.00042148523699       -2.00631209760454
N           -2.63335488608749        1.80694179368564       -2.79561503639899
O           -3.82614280896289        2.42497325603636       -2.32866011686852
C           -4.91870447675654        2.20893538102531       -3.08145800733268
O           -4.97526731249884        1.45948818571313       -4.01920741525543
C           -6.05243515050952        2.99457782077429       -2.53241697731956
C           -7.41395473089456        2.34480846479699       -2.56633728207464
C           -7.10948103385464        3.45895494011156       -3.50192377486070
C           -2.44875973085512        0.58300138907528       -0.60635945442888
C           -3.88026937105365        0.04548957384192       -0.46386193311943
C           -4.28687103730164       -0.92775016110362       -1.56916485513978
C           -5.74141669216933       -1.36666850117229       -1.41772212871138
C           -6.21768239035922       -2.17042518625524       -2.62480221096759
C           -7.67634871491379       -2.58921154606252       -2.48997223480071
O            1.26599784992601       -0.73542077837242        1.58469806218634
C            2.41520232489584       -1.50766160723807        1.85433297721939
C            3.61843241445338       -0.65217678056644        1.60412197727119
C            4.85959970349153       -0.97064949709412        1.95151523633412
C            5.17774813601363       -2.25560962590083        2.66031865542781
C            6.00676383361017       -0.03987653634401        1.68898399645699
C            6.41591110300276        0.70493341738240        2.97423723513771
C            7.54210934492788        1.65019107906328        2.69438119855553
C            8.83399833242025        1.47226607846982        2.94298705598047
C            9.43101846999906        0.26256966325981        3.59806248173921
C            9.84719895236840        2.51511756937271        2.56779370359532
H           -1.20717943260290       -2.94765890206343        2.05855028556063
H            0.56991020423832       -3.29771212208040        2.27581577379760
H           -0.70307216981830        0.64777962185109        1.55703060606905
H           -1.94266959063259       -0.58311856389018        1.87457070538810
H           -1.69401454355114       -1.43571129991587       -0.43505734888920
H            0.53429952639074       -0.90033690423370       -1.18896410524859
H            0.38271429734087        0.77172989602991       -0.64593267808253
H           -0.17041606451251        0.99307431740837       -3.01811504087260
H           -1.04005663399625       -0.54153983251446       -3.00372621889108
H           -5.79110903842555        3.62673970504295       -1.69526846205576
H           -8.07527725134086        2.52060433608852       -1.73173966555573
H           -7.46022684287181        1.34723303548544       -2.97636713347978
H           -7.55294315946323        4.42729558622364       -3.32910223815807
H           -6.95206466896217        3.21401097049908       -4.54089155712768
H           -2.36262379378194        1.47970930307118        0.02135837259084
H           -3.96556246716783       -0.44848928577159        0.50762242268026
H           -4.57903245864353        0.88506509711784       -0.46452018340877
H           -3.63957002795314       -1.80761273256079       -1.55497388268987
H           -4.16851293945895       -0.44920528112494       -2.54306889226887
H           -6.37227514123572       -0.48024998771057       -1.31077845518450
H           -5.85426238685361       -1.96358928833679       -0.50879812257158
H           -5.59299855523114       -3.05963539166009       -2.73765974335059
H           -6.09410516276627       -1.56208034889917       -3.52330836362379
H           -8.31646988431991       -1.71522402073509       -2.38704110087832
H           -7.81494695480866       -3.21842589691691       -1.61291579082154
H           -7.99687359973183       -3.14691070892991       -3.36677501234848
H            2.43417190219022       -2.39574994173710        1.20099824451437
H            2.39468851368706       -1.86238644109427        2.89631403536669
H            3.40284088198521        0.27632987409570        1.09724281217270
H            4.67145936455632       -2.29866055791281        3.62481720747445
H            6.24678548697989       -2.35562012492107        2.82576515877640
H            4.83715955647761       -3.10834171516157        2.07408375328771
H            6.86764162489772       -0.60209591790698        1.32011063018898
H            5.72842503631527        0.69368310238331        0.93089841752216
H            5.55210792934060        1.26838012762851        3.33483100243252
H            6.68528301146877       -0.02005951574590        3.74172133362330
H            7.23800930665004        2.56196276452751        2.19515457757433
H           10.05849064849255       -0.27118076202238        2.88393712636441
H            8.67656125641343       -0.42343807671180        3.96876657687146
H           10.06494523142689        0.56489579843038        4.43102725781238
H           10.35084526153363        2.89042521671153        3.45854383191870
H            9.38184134192379        3.35221825658589        2.05451315856327
H           10.60745153422338        2.08489171597562        1.91631861532078
74
 energy: -94.790820130075 gnorm: 0.000626762682 xtb: 6.7.1 (edcfbbe)
C           -0.19612026502347       -2.59063358419361        2.01579998599185
C            0.04530110649623       -1.33004269549705        1.67610340444407
C           -1.04327575977463       -0.35789171948996        1.30435381232785
C           -1.35916445350980       -0.42069020588946       -0.19262855385550
C           -0.15994369554920       -0.06691841736207       -1.07786514978127
C           -0.78971055339114        0.34585998963698       -2.40573592251171
C           -2.07134700883517        1.00479310730058       -2.00421359002477
N           -2.63266759430015        1.81064409771023       -2.79385747086415
O           -3.82683262047818        2.42621272119111       -2.32760016280000
C           -4.91811881645222        2.20977428898805       -3.08227699730623
O           -4.97164076674568        1.46393568370227       -4.02307307084463
C           -6.05416545830435        2.99087472990719       -2.53174832988647
C           -7.41526784002423        2.34043620440269       -2.57184968606727
C           -7.10923524296242        3.45890644359747       -3.50176953494181
C           -2.44874131520437        0.58639565369071       -0.60478668444568
C           -3.88083575851761        0.05016798488401       -0.46377798358651
C           -4.28597524162245       -0.92481649251921       -1.56799257027483
C           -5.73993161794136       -1.36560203361930       -1.41673571457647
C           -6.21300531727949       -2.17573948570115       -2.62078275219712
C           -7.67226069990810       -2.59319063274457       -2.48821067613670
O            1.26428666469330       -0.73490548952225        1.58565988275842
C            2.41405561840904       -1.50811894400923        1.84871380997321
C            3.61617011835063       -0.65032684226844        1.60113623430047
C            4.85756811901697       -0.96730683790481        1.94892612841743
C            5.17751032973357       -2.25298427808245        2.65549589002974
C            6.00325532913133       -0.03412642782576        1.68836574858613
C            6.41460366262960        0.70452114986692        2.97614924578254
C            7.54160301049959        1.64984673086485        2.69934023879795
C            8.83347023322574        1.46899689432204        2.94584529751078
C            9.42914735855265        0.25539189903990        3.59477245023444
C            9.84789267362202        2.51172835410829        2.57383406155292
H           -1.20723693497748       -2.95038718368742        2.05317243344197
H            0.57032288365634       -3.29927252367742        2.26896733607469
H           -0.70354297341459        0.64771293639514        1.55956832828115
H           -1.94399925780446       -0.58266945717053        1.87629374027825
H           -1.69566813514716       -1.43303806254600       -0.43460965295668
H            0.53303976214488       -0.89891939665153       -1.18715360754346
H            0.38335206731315        0.77231966048580       -0.64120642209436
H           -0.16757825456336        0.99998548062941       -3.01266933488222
H           -1.03710191343681       -0.53463346679853       -3.00386347417707
H           -5.79576642086621        3.61900212495672       -1.69061319118193
H           -8.07791407535830        2.51333291613095       -1.73761594400225
H           -7.46123913620928        1.34444661340770       -2.98556763704349
H           -7.55397196763345        4.42617636486226       -3.32678989898455
H           -6.94822120625821        3.21766675180727       -4.54110414410491
H           -2.36208892892368        1.48246896688640        0.02375569478369
H           -3.96854499097521       -0.44199133057251        0.50847718736627
H           -4.57898603750413        0.89031024385304       -0.46726627549658
H           -3.63752487932488       -1.80386713334779       -1.55274331729595
H           -4.16787870193155       -0.44718881479900       -2.54242863613927
H           -6.37254361386693       -0.47986823938898       -1.31458093892387
H           -5.85270594946903       -1.95860599933872       -0.50523903793239
H           -5.58846467708589       -3.06591128964148       -2.72658921286003
H           -6.08628389178269       -1.57258763256611       -3.52234971329330
H           -8.31209956486740       -1.71828586172263       -2.39128599664446
H           -7.81396661862938       -3.21822829476389       -1.60864061822839
H           -7.99051085173933       -3.15471975215573       -3.36341810149665
H            2.43233676338459       -2.39222886995860        1.18991924870086
H            2.39593557567513       -1.86909273819451        2.88851729832854
H            3.39947693170138        0.27865613273016        1.09547872599060
H            4.67495097918622       -2.29588863038769        3.62200588608266
H            6.24708444443606       -2.35384468369383        2.81692487581782
H            4.83395874156233       -3.10519649160675        2.07034382013411
H            6.86374270157813       -0.59378393285068        1.31459250214660
H            5.72233516294239        0.70276993131805        0.93447975863331
H            5.55187032258254        1.26739871966119        3.34018418669033
H            6.68404776293499       -0.02391300527653        3.74030739392519
H            7.23822845868992        2.56396605492889        2.20409487918628
H           10.05472607490039       -0.27648787899585        2.87768523313352
H            8.67394388480632       -0.43081567165339        3.96359918559700
H           10.06462390039796        0.55303921459792        4.42823112427943
H           10.35599730100269        2.87935544341435        3.46523679846395
H            9.38277494925343        3.35360943307194        2.06824221447972
H           10.60446611517695        2.08401750530890        1.91641081821458
74
 energy: -94.790825640955 gnorm: 0.000556887207 xtb: 6.7.1 (edcfbbe)
C           -0.19662046776619       -2.59216536414655        2.01169122140003
C            0.04392352642645       -1.33039776851943        1.67582489987900
C           -1.04462988886376       -0.35765548217762        1.30578457137324
C           -1.36019281315776       -0.41843335592307       -0.19140025312995
C           -0.15997365295723       -0.06372045175483       -1.07498189945377
C           -0.78830159086831        0.35109468400372       -2.40281953445285
C           -2.07081079505496        1.00877600598731       -2.00214165813303
N           -2.63233978949850        1.81435480717622       -2.79191582825712
O           -3.82764088624314        2.42803797340463       -2.32621285448777
C           -4.91738398376510        2.21186775656048       -3.08334877703113
O           -4.96781491217234        1.46933162512580       -4.02681078856646
C           -6.05601840011928        2.98801797545831       -2.53126921389000
C           -7.41632217008498        2.33629902186889       -2.57714429451058
C           -7.10928701985742        3.45874366214470       -3.50191476955445
C           -2.44928685956550        0.58929238333717       -0.60329051938863
C           -3.88180489898377        0.05384620740588       -0.46410252800508
C           -4.28499218263831       -0.92318881960085       -1.56723802764773
C           -5.73880423338260       -1.36458557285643       -1.41646006945548
C           -6.20932529689780       -2.18043334371702       -2.61765992420928
C           -7.66892705920019       -2.59701982893527       -2.48610477728266
O            1.26276692858650       -0.73470108323437        1.58622576291596
C            2.41319437522536       -1.50856192142780        1.84401027248445
C            3.61439020704715       -0.64879979067803        1.59854588113236
C            4.85606576298860       -0.96458930575960        1.94626299384117
C            5.17770129846599       -2.25097391509572        2.65089034744985
C            6.00045544866215       -0.02916337139870        1.68794203420928
C            6.41355756468237        0.70467647842469        2.97792019253488
C            7.54151757204311        1.64961669447541        2.70365618084828
C            8.83335758609295        1.46589986617354        2.94835776360772
C            9.42785837686032        0.24855342024225        3.59156528732365
C            9.84899850634654        2.50877312614684        2.58002619202509
H           -1.20737092251635       -2.95309326753125        2.04776816095300
H            0.57064264464150       -3.30114165861224        2.26145879875828
H           -0.70448747612185        0.64745575023733        1.56237268380949
H           -1.94534882976402       -0.58293457465572        1.87748434074280
H           -1.69654345070368       -1.43050451744314       -0.43470134047832
H            0.53303532594821       -0.89564462675786       -1.18471154798443
H            0.38295557025691        0.77485572566446       -0.63660183291641
H           -0.16549290894027        1.00631092293031       -3.00788144795486
H           -1.03466820779820       -0.52844309914754       -3.00275831203786
H           -5.80056296420995        3.61257246709287       -1.68660569024296
H           -8.08061667923240        2.50622703345057       -1.74349848424582
H           -7.46145809273454        1.34177369549366       -2.99438244861010
H           -7.55563981738715        4.42491527476107       -3.32521681111235
H           -6.94464544273055        3.22088932041974       -4.54152079473689
H           -2.36284573386128        1.48473358452596        0.02620318103751
H           -3.97180353362294       -0.43607898738201        0.50901548130312
H           -4.57947644726547        0.89429706108339       -0.47090417606370
H           -3.63610214481585       -1.80179591010245       -1.54963892257179
H           -4.16600537789558       -0.44717885375195       -2.54235158310524
H           -6.37230811723301       -0.47898233967581       -1.31898370992289
H           -5.85254341396008       -1.95390574700491       -0.50269409046340
H           -5.58465718964684       -3.07114496546492       -2.71799235554008
H           -6.08083466417294       -1.58165142811882       -3.52186692250827
H           -8.30905127634909       -1.72164432639840       -2.39563973486660
H           -7.81259029700948       -3.21701022392773       -1.60331316606447
H           -7.98520492394820       -3.16361704169777       -3.35875825452341
H            2.43106597861260       -2.38946086496469        1.18074431184315
H            2.39691875843019       -1.87469520036502        2.88203702383636
H            3.39661293208786        0.28082727713913        1.09467131966899
H            4.67907631136499       -2.29393091549249        3.61945759761050
H            6.24784748481865       -2.35285028731251        2.80796701167965
H            4.83105061857820       -3.10260589388265        2.06668457756599
H            6.86070838751579       -0.58660755911008        1.31037019249025
H            5.71760943068865        0.71041100679877        0.93741965810452
H            5.55175537321657        1.26719441962694        3.34473589294080
H            6.68286275614950       -0.02675658483438        3.73926499023190
H            7.23877797444875        2.56639429247329        2.21281580251420
H           10.05164200481240       -0.28128633705417        2.87129688087776
H            8.67196337039783       -0.43804870372038        3.95823998238516
H           10.06488040836640        0.54140710837343        4.42559923193763
H           10.36096991445356        2.86923621209291        3.47219417481740
H            9.38422699754316        3.35511171691295        2.08145594691026
H           10.60234541733242        2.08360873220285        1.91722135571750
74
 energy: -94.790831275313 gnorm: 0.000479765457 xtb: 6.7.1 (edcfbbe)
C           -0.19701630861829       -2.59396499449486        2.00689332557651
C            0.04287091740008       -1.33115693936910        1.67450850535964
C           -1.04608487218461       -0.35779007335928        1.30735654501406
C           -1.36084295025237       -0.41597124319868       -0.19015929702859
C           -0.16015554233473       -0.05913953004273       -1.07221213105454
C           -0.78733358848673        0.35638396748187       -2.40029984873571
C           -2.07046796918476        1.01300347391688       -1.99997590127417
N           -2.63212268459374        1.81862648320191       -2.78959856913362
O           -3.82874640066390        2.43017900906878       -2.32434209353063
C           -4.91680958364940        2.21434293330483       -3.08415011649668
O           -4.96399476209377        1.47494548372670       -4.03015926812044
C           -6.05801962571102        2.98618591249523       -2.53126695006112
C           -7.41712792079336        2.33254158794416       -2.58247774659467
C           -7.10976625870118        3.45865195052819       -3.50263391000683
C           -2.44989115694606        0.59189861320380       -0.60182169821679
C           -3.88255040015117        0.05631973706902       -0.46445742881576
C           -4.28389492995413       -0.92287990360363       -1.56639992274419
C           -5.73802535701449       -1.36359625038211       -1.41697960910011
C           -6.20682303537698       -2.18425764749732       -2.61555616209771
C           -7.66635485178703       -2.60099094759582       -2.48367431191921
O            1.26146480096638       -0.73476032671439        1.58617318611665
C            2.41262601117368       -1.50880648130736        1.84034783655927
C            3.61299215005844       -0.64706485335071        1.59720203537265
C            4.85503539040332       -0.96196702563463        1.94442787715929
C            5.17836771063169       -2.24957089607260        2.64628726538674
C            5.99850950594224       -0.02496028118710        1.68762143806738
C            6.41278890361953        0.70502312260458        2.97958433888689
C            7.54172217526636        1.64948405613056        2.70784497427618
C            8.83348252034579        1.46303384874147        2.95092635333675
C            9.42693283284747        0.24192341437179        3.58822626268984
C            9.85036485003215        2.50609791698326        2.58635543530838
H           -1.20755573382661       -2.95541271423777        2.04322602493034
H            0.57077970850606       -3.30290451288704        2.25505962695731
H           -0.70626427075775        0.64691733351301        1.56593945842891
H           -1.94681808233123       -0.58456115383599        1.87846305334254
H           -1.69640497473411       -1.42784961434003       -0.43538420495449
H            0.53378913925625       -0.89024523331348       -1.18202287070985
H            0.38144360877692        0.77948891588629       -0.63227836639043
H           -0.16434427627947        1.01228946177168       -3.00440538461831
H           -1.03287732253173       -0.52288575779893       -3.00100404055077
H           -5.80545910411918        3.60784551088437       -1.68364603905789
H           -8.08336928541140        2.49903382305694       -1.74961438504898
H           -7.46037844825209        1.33935142964533       -3.00307545587210
H           -7.55816997661951        4.42357462029193       -3.32429089887543
H           -6.94187233720120        3.22413475045040       -4.54250875049329
H           -2.36425217678186        1.48661466020003        0.02882217144760
H           -3.97454894965863       -0.43167855438177        0.50934013047594
H           -4.58011685058480        0.89672422069909       -0.47438303027668
H           -3.63528379787906       -1.80153916612841       -1.54582141026492
H           -4.16322614123430       -0.44875070206090       -2.54218268332436
H           -6.37162432033362       -0.47761306838668       -1.32410711154706
H           -5.85348719320404       -1.94934175287936       -0.50114076656990
H           -5.58176050481492       -3.07512662326685       -2.71157669002677
H           -6.07756541448656       -1.58914084953127       -3.52207860689635
H           -8.30708613534981       -1.72541545775500       -2.40016188753160
H           -7.81104142097034       -3.21509428942642       -1.59692833304758
H           -7.98088687646079       -3.17368093203549       -3.35299093411858
H            2.43055679959521       -2.38730709653588        1.17374980428951
H            2.39737076134728       -1.87882525254139        2.87698353008114
H            3.39426418296799        0.28294651887283        1.09464418014403
H            4.68395138086775       -2.29281344812710        3.61696399102480
H            6.24910843170551       -2.35269086503906        2.79861338166364
H            4.82832448500920       -3.10040221851050        2.06281867860722
H            6.85875281301064       -0.58060649335177        1.30742431703107
H            5.71433060223819        0.71674487346294        0.93968706303352
H            5.55164749837159        1.26730739021782        3.34827364644064
H            6.68162949252634       -0.02888861112731        3.73873824917810
H            7.23972007385559        2.56884078377061        2.22122879761460
H           10.04913077079199       -0.28558040391306        2.86471166753515
H            8.67043386709651       -0.44526379706879        3.95255910178509
H           10.06539807692736        0.52999923261404        4.42282702936584
H           10.36554938095569        2.86004461506995        3.47928175950823
H            9.38606953608771        3.35647442334057        2.09416337676730
H           10.60101341383626        2.08352188734839        1.91883725169878
74
 energy: -94.790838339706 gnorm: 0.000512206683 xtb: 6.7.1 (edcfbbe)
C           -0.19717533009161       -2.59575600601396        2.00227507746174
C            0.04204058446348       -1.33179826861943        1.67376120080875
C           -1.04773214238867       -0.35847812485798        1.30884151044294
C           -1.36115364737654       -0.41278988837726       -0.18915444686545
C           -0.15993803116742       -0.05229449760707       -1.06892365080893
C           -0.78658839696258        0.36303476913137       -2.39725969764139
C           -2.07068909119343        1.01800981029796       -1.99730376414779
N           -2.63234266749401        1.82401313413124       -2.78649733302338
O           -3.83055588727701        2.43312696999412       -2.32183774356069
C           -4.91649410725817        2.21760451769666       -3.08487387646143
O           -4.95980555281068        1.48147639400791       -4.03348934467296
C           -6.06071504590430        2.98510832861567       -2.53204451981996
C           -7.41797561394270        2.32833026546671       -2.58924185657808
C           -7.11103907694524        3.45868614835802       -3.50431217400608
C           -2.45099008162496        0.59456222383960       -0.60008910664102
C           -3.88348072819400        0.05802820182348       -0.46451253908770
C           -4.28256702715627       -0.92334224127374       -1.56541941201310
C           -5.73747360377616       -1.36215211487977       -1.41810374643859
C           -6.20443875498968       -2.18825260149641       -2.61366641274490
C           -7.66364230071131       -2.60585607308843       -2.48046786761878
O            1.26022161567083       -0.73459584630861        1.58622413243960
C            2.41229800120684       -1.50864426666558        1.83718233761971
C            3.61181203685970       -0.64505148298825        1.59587724023490
C            4.85434500807085       -0.95936986154901        1.94184438465216
C            5.17954114801857       -2.24848585293155        2.64031520530322
C            5.99688061932941       -0.02054719342187        1.68739767859323
C            6.41205800019876        0.70547231667265        2.98156919052371
C            7.54213631785737        1.64957711004545        2.71342064010176
C            8.83381550342578        1.45971139144321        2.95433165581850
C            9.42600362410594        0.23382110039028        3.58390054793098
C            9.85211559624444        2.50298316144179        2.59422395496737
H           -1.20746349403315       -2.95807445408175        2.03729808203998
H            0.57116865342443       -3.30533457681233        2.24699473089710
H           -0.70941330182088        0.64586673001463        1.57066210007047
H           -1.94860566217685       -0.58809864886685        1.87856863391857
H           -1.69509515567125       -1.42451119199696       -0.43726414401445
H            0.53618874719244       -0.88158669410068       -1.17864902977200
H            0.37893447845942        0.78723419839616       -0.62730783506983
H           -0.16397252236238        1.01970000293302       -3.00087534813389
H           -1.03097399147793       -0.51643903742365       -2.99820371871736
H           -5.81157972679137        3.60411270635945       -1.68152210025630
H           -8.08693570466366        2.48983306907884       -1.75754297162474
H           -7.45749626460352        1.33665846359433       -3.01387128643377
H           -7.56235391337393        4.42186141612821       -3.32361058044029
H           -6.93983652512412        3.22851589024270       -4.54462663936403
H           -2.36672928925158        1.48839442651473        0.03199096556753
H           -3.97694490605943       -0.42838828483720        0.50983160205518
H           -4.58146332452019        0.89794414997085       -0.47720836119404
H           -3.63494946930246       -1.80256926281168       -1.54103285473469
H           -4.15908650307477       -0.45145650931206       -2.54191385517444
H           -6.37054015593731       -0.47523751230757       -1.33090851979693
H           -5.85569320245029       -1.94355053829640       -0.49983577030848
H           -5.57846012699152       -3.07892539935359       -2.70539075352844
H           -6.07523678498190       -1.59701746763812       -3.52275722047038
H           -8.30572136701386       -1.73051831781077       -2.40577758445766
H           -7.80880094931260       -3.21218728161288       -1.58844713832699
H           -7.97609788516644       -3.18682748469364       -3.34503710379838
H            2.43037389603167       -2.38499896917108        1.16766682210901
H            2.39796575485951       -1.88198465661250        2.87262859132396
H            3.39190151637946        0.28586388401000        1.09564937321985
H            4.69049582186976       -2.29212078507391        3.61364756272546
H            6.25097798201881       -2.35331266745710        2.78662267198169
H            4.82507388315719       -3.09814217501548        2.05771587720965
H            6.85726648881654       -0.57431304916263        1.30489967196410
H            5.71180400611364        0.72343557139717        0.94206783308040
H            5.55141518324696        1.26743713966938        3.35178974529541
H            6.67995033301002       -0.03114211247492        3.73848000661222
H            7.24119649553495        2.57194643856224        2.23173817907165
H           10.04634799384978       -0.29053298915122        2.85635846822258
H            8.66883477877970       -0.45426116306733        3.94514861596983
H           10.06615109080817        0.51591157355126        4.41925569665419
H           10.37056888930077        2.84933937976876        3.48824889258313
H            9.38843513454072        3.35795828533602        2.10928166753088
H           10.59992813067881        2.08338637991272        1.92161461610131
74
 energy: -94.790845630881 gnorm: 0.000618147157 xtb: 6.7.1 (edcfbbe)
C           -0.19662786226167       -2.59812418806417        1.99588168657900
C            0.04159493678966       -1.33285538463081        1.67161492483562
C           -1.04969118395942       -0.35975032811023        1.31032885546434
C           -1.36098829186434       -0.40915882240615       -0.18829249007793
C           -0.15944909898266       -0.04325744429288       -1.06528903134300
C           -0.78577692048296        0.37162836521513       -2.39384939238512
C           -2.07150284521759        1.02365964450003       -1.99415525820818
N           -2.63319963458110        1.83026531984506       -2.78264429537596
O           -3.83326726664016        2.43665251941944       -2.31894978953786
C           -4.91655100503557        2.22162880367721       -3.08592128174060
O           -4.95567439556061        1.48813708693152       -4.03669180256064
C           -6.06425972190407        2.98451989043651       -2.53373971343382
C           -7.41914880209225        2.32352299675952       -2.59766517906606
C           -7.11324078772394        3.45875154371899       -3.50704928012793
C           -2.45208777436053        0.59743397248787       -0.59784474545729
C           -3.88400688352332        0.05908777614664       -0.46379453422945
C           -4.28118435092224       -0.92360715855925       -1.56426634636401
C           -5.73706900970400       -1.36005687343431       -1.41938949359157
C           -6.20165602434339       -2.19282588290964       -2.61127673843085
C           -7.66037189921561       -2.61177963532770       -2.47672346562875
O            1.25898740543077       -0.73394257745928        1.58627984898655
C            2.41216556958677       -1.50767743240040        1.83436491848496
C            3.61072816169499       -0.64210688013660        1.59492852567240
C            4.85389681692759       -0.95626760459444        1.93878458585275
C            5.18105538289989       -2.24743899095415        2.63273661716989
C            5.99550721868641       -0.01557196687291        1.68713675474697
C            6.41095312851470        0.70559286815823        2.98417659979304
C            7.54238989815273        1.64916750102132        2.71999942187459
C            8.83406814158243        1.45512777640760        2.95786550634343
C            9.42475391306603        0.22377677918318        3.57827299556618
C            9.85398415409419        2.49898845680948        2.60391357488858
H           -1.20672161993071       -2.96097902329861        2.03061675280579
H            0.57208475325366       -3.30770247311103        2.23932094952882
H           -0.71398557959271        0.64426495722333        1.57681296248100
H           -1.95073049762575       -0.59390696037275        1.87797720529520
H           -1.69254379640521       -1.42068285136201       -0.44055082212341
H            0.53986433268327       -0.86985896249180       -1.17503946463101
H            0.37560770118058        0.79771792809132       -0.62174111821124
H           -0.16415471113073        1.02963113140431       -2.99703257932670
H           -1.02829142329213       -0.50825666219693       -2.99498896042487
H           -5.81913195107025        3.60115413799272       -1.68034754668547
H           -8.09168036748020        2.47841704123126       -1.76761734917073
H           -7.45314957123338        1.33367437487611       -3.02720587405120
H           -7.56809573402324        4.41968109342865       -3.32289692355408
H           -6.93884188454393        3.23422281246634       -4.54805311207438
H           -2.36941302106233        1.49034491284468        0.03579378694400
H           -3.97798218757619       -0.42657779099234        0.51082426714013
H           -4.58287099904134        0.89816372508706       -0.47800848560231
H           -3.63507113077528       -1.80378560249590       -1.53610928959294
H           -4.15421424906034       -0.45376700399381       -2.54132864150055
H           -6.36939022309628       -0.47194948178563       -1.33914535724265
H           -5.85882632765422       -1.93618132154328       -0.49822461405639
H           -5.57426685237985       -3.08305211907864       -2.69806366583872
H           -6.07279911376032       -1.60607191907651       -3.52333516836160
H           -8.30437066266811       -1.73703269367693       -2.41236116661950
H           -7.80582080582589       -3.20899281613220       -1.57860383653565
H           -7.97011416912107       -3.20253494155531       -3.33564322886438
H            2.43054791764645       -2.38196103051405        1.16212257602829
H            2.39867441227839       -1.88413979625367        2.86869323832672
H            3.38943272239008        0.29021180627798        1.09796992528332
H            4.69860938848863       -2.29173705879093        3.60933418967230
H            6.25328542817760       -2.35466878078504        2.77158761820586
H            4.82092963543290       -3.09533873479138        2.05104226492375
H            6.85607823013055       -0.56726990122065        1.30202450856729
H            5.70958327156445        0.73118076700978        0.94487900128653
H            5.55079557541746        1.26714672030891        3.35615443083442
H            6.67781727998875       -0.03415493997096        3.73845187070397
H            7.24254002845736        2.57575078561576        2.24557441372312
H           10.04296997107549       -0.29662275133033        2.84602523612205
H            8.66673245695170       -0.46537552652690        3.93566970335146
H           10.06676042758369        0.49862384952909        4.41466111876405
H           10.37586194084589        2.83658870200603        3.49935481606108
H            9.39112634652269        3.35916866561800        2.12733619027341
H           10.59883408933040        2.08313760134280        1.92567305480142
74
 energy: -94.790851448636 gnorm: 0.000514920146 xtb: 6.7.1 (edcfbbe)
C           -0.19526970531655       -2.59995216488184        1.99151334514792
C            0.04156796078095       -1.33352510366136        1.67076936518080
C           -1.05127641725066       -0.36145668948124        1.31125070778346
C           -1.36034073480241       -0.40584184063256       -0.18794506252729
C           -0.15874826791779       -0.03437878146301       -1.06243420329002
C           -0.78496842881247        0.38014994420914       -2.39114817419970
C           -2.07227921801626        1.02910021856800       -1.99136971708465
N           -2.63444963086899        1.83607606076116       -2.77908887513243
O           -3.83646760495608        2.43932220587060       -2.31633109518286
C           -4.91744147644260        2.22421352892292       -3.08650460126411
O           -4.95277071538529        1.49297718228627       -4.03922594554300
C           -6.06798494926244        2.98399029697426       -2.53584778970190
C           -7.42082806714202        2.31945495938706       -2.60583214565661
C           -7.11569398525503        3.45884958022250       -3.51024983277705
C           -2.45283878544967        0.59985969356753       -0.59594752464832
C           -3.88406796523912        0.05965701128270       -0.46246905150786
C           -4.28020520872178       -0.92325565170080       -1.56310816825461
C           -5.73683622186378       -1.35784457080360       -1.42035707736786
C           -6.19897929147332       -2.19678116110002       -2.60883585641499
C           -7.65714542904394       -2.61738072529495       -2.47346753452692
O            1.25807684407427       -0.73281030132795        1.58696262016790
C            2.41223304827145       -1.50604777213169        1.83259734095664
C            3.60993182226018       -0.63887851248682        1.59455059141985
C            4.85368642923540       -0.95345214961830        1.93595348934444
C            5.18232050689900       -2.24676339501540        2.62523000461110
C            5.99456121692811       -0.01114724374726        1.68704506263453
C            6.40993914292278        0.70515733127839        2.98680757136851
C            7.54232334282213        1.64893556530739        2.72732371819125
C            8.83400946215778        1.45094914739317        2.96180787639601
C            9.42332032694909        0.21407995909773        3.57249528837879
C            9.85541350486619        2.49500936303054        2.61288632090256
H           -1.20499204310266       -2.96416025057420        2.02373677247242
H            0.57403164995123       -3.30980204812993        2.23240457843724
H           -0.71839940558554        0.64230674204981        1.58206614613609
H           -1.95256946018341       -0.59992864135735        1.87667858124874
H           -1.68944463293202       -1.41711966590788       -0.44438285841550
H            0.54369784835002       -0.85826242438658       -1.17245945132816
H            0.37257132709165        0.80789510772583       -0.61682609623466
H           -0.16460204117654        1.03993515223900       -2.99365173004901
H           -1.02529576615566       -0.49998801453400       -2.99284033015802
H           -5.82651840440976        3.59877956119941       -1.68006240611937
H           -8.09650527360693        2.46842207575052       -1.77737817860577
H           -7.44961842453078        1.33123895386635       -3.03956940756921
H           -7.57360772431471        4.41772714748718       -3.32279403563415
H           -6.93875181690902        3.23946306905076       -4.55185923034788
H           -2.37122834891091        1.49184117193102        0.03914553798535
H           -3.97757125344765       -0.42662115806683        0.51192053811522
H           -4.58395726193340        0.89791309744210       -0.47631934773670
H           -3.63532324346327       -1.80430855026044       -1.53303372375764
H           -4.15084123387066       -0.45422313717045       -2.54026193703178
H           -6.36875411487497       -0.46890943440693       -1.34649110238048
H           -5.86141330695579       -1.92902836621866       -0.49648771198177
H           -5.57021435452094       -3.08653261369855       -2.69063416895219
H           -6.07001306850521       -1.61430608608610       -3.52363873958359
H           -8.30285261408364       -1.74333625040259       -2.41786934022425
H           -7.80315234982252       -3.20705359653803       -1.57048357401803
H           -7.96416545578533       -3.21610626399551       -3.32777682791944
H            2.43084999790437       -2.37888419627775        1.15855698474468
H            2.39962857756184       -1.88458696241925        2.86614874691212
H            3.38743421781496        0.29502942621949        1.10106816613200
H            4.70588381391000       -2.29180247953466        3.60475420959096
H            6.25516192364373       -2.35648480926252        2.75730315254471
H            4.81678179846068       -3.09276558472774        2.04423893126493
H            6.85540822452386       -0.56081874622123        1.29962688947482
H            5.70796355112372        0.73829861632506        0.94775431320352
H            5.54994128921531        1.26593213169038        3.36021772648957
H            6.67574575279928       -0.03750991817531        3.73860497404520
H            7.24357552535026        2.57879837099615        2.25886346898922
H           10.03961972443170       -0.30238725890184        2.83586961349182
H            8.66450567034344       -0.47611592960177        3.92619161448765
H           10.06694407605378        0.48201173636793        4.40986698376092
H           10.38006606156906        2.82496920058458        3.50949376134662
H            9.39334234468363        3.35960393770573        2.14371762031659
H           10.59784671945556        2.08261090297961        1.92990509480920
74
 energy: -94.790856814469 gnorm: 0.000412351328 xtb: 6.7.1 (edcfbbe)
C           -0.19322874291258       -2.60176859745169        1.98711017378329
C            0.04188674881759       -1.33430702219583        1.66916053405750
C           -1.05240004212431       -0.36316891638485        1.31139243843813
C           -1.35936758766049       -0.40309510828845       -0.18828205004995
C           -0.15756748035874       -0.02631874092389       -1.06017271417380
C           -0.78399350859158        0.38844874174854       -2.38870783102439
C           -2.07326688816978        1.03366408360556       -1.98897828467006
N           -2.63630495627589        1.84063263840662       -2.77604697758877
O           -3.84002774935187        2.44103732034704       -2.31425033301302
C           -4.91892550316155        2.22601682451217       -3.08730340627663
O           -4.95120827155456        1.49613825694602       -4.04117275210736
C           -6.07189862602860        2.98304625518039       -2.53800001433459
C           -7.42326363481931        2.31600453745262       -2.61329071270128
C           -7.11822663813583        3.45868713420876       -3.51356173140206
C           -2.45336449167740        0.60181480501632       -0.59422229458386
C           -3.88394294104741        0.06010578296587       -0.46071232689163
C           -4.27973412826079       -0.92182035709468       -1.56233757478811
C           -5.73669419654446       -1.35563234048801       -1.42072793594910
C           -6.19606240079686       -2.20042140213851       -2.60611316432241
C           -7.65391458181450       -2.62222218263101       -2.47094138930216
O            1.25746574971266       -0.73137363255790        1.58778938695866
C            2.41240438031308       -1.50383594497991        1.83188870490495
C            3.60934882256577       -0.63548683754028        1.59465049449876
C            4.85360437812753       -0.95102948693516        1.93328045141415
C            5.18320926952391       -2.24642578165647        2.61801447363951
C            5.99383030829119       -0.00723696334081        1.68730478755440
C            6.40896885693915        0.70431409129607        2.98962276734199
C            7.54210174326422        1.64828660481641        2.73400624900081
C            8.83387641345336        1.44662812037519        2.96480707082003
C            9.42182615381927        0.20498379478882        3.56678356343870
C            9.85638889403153        2.49121051878518        2.62098728463989
H           -1.20253549991731       -2.96719882207582        2.01823054131189
H            0.57671340529577       -3.31093557006296        2.22785075533455
H           -0.72211859938145        0.64034654484735        1.58630135307364
H           -1.95394817102194       -0.60563475770730        1.87467820618573
H           -1.68618603577388       -1.41410373545203       -0.44868385127259
H            0.54780675737598       -0.84761453250601       -1.17083671528948
H            0.37026286759428        0.81704513702400       -0.61247070301526
H           -0.16494954909991        1.05056072639967       -2.99000592747838
H           -1.02170869113648       -0.49155495635896       -2.99163674347634
H           -5.83361970325404        3.59632653114700       -1.68023588856899
H           -8.10163869687501        2.46042047683552       -1.78637053323724
H           -7.44805670277893        1.32918802302712       -3.05039941904288
H           -7.57831699275955        4.41599428923594       -3.32346466707264
H           -6.93893609708243        3.24352911911047       -4.55558730780513
H           -2.37221379498532        1.49300523369179        0.04206785347586
H           -3.97624313141789       -0.42766499752591        0.51312603750452
H           -4.58476569559969        0.89768067110813       -0.47285004054839
H           -3.63553411547027       -1.80342230207166       -1.53205758169467
H           -4.14917179112284       -0.45250305695032       -2.53924001305943
H           -6.36872237546898       -0.46634716639412       -1.35240318552242
H           -5.86317453862017       -1.92245155263714       -0.49443621034845
H           -5.56601891084347       -3.08973215190689       -2.68299524971996
H           -6.06655728177640       -1.62195025319780       -3.52334809616399
H           -8.30112476141737       -1.74895538984397       -2.42193702639612
H           -7.80071742967695       -3.20651961770340       -1.56469476511428
H           -7.95832988727789       -3.22666889691859       -3.32203805387268
H            2.43153373327347       -2.37557009174096        1.15655038518692
H            2.40052779306737       -1.88389107174916        2.86489504204052
H            3.38583084240092        0.30025632282737        1.10499587852152
H            4.71197240063992       -2.29242092180885        3.60002273081576
H            6.25647966341179       -2.35858357694812        2.74418779449099
H            4.81276609983142       -3.09041244241512        2.03735984767659
H            6.85483860043960       -0.55503086011146        1.29761212791433
H            5.70666727055992        0.74477398839581        0.95088189757818
H            5.54907529201491        1.26416128533499        3.36462748256669
H            6.67404565547922       -0.04113876633128        3.73891175731602
H            7.24398817187201        2.58168432553704        2.27228798431890
H           10.03635932047784       -0.30768444403817        2.82618420094216
H            8.66228899571145       -0.48621535750587        3.91694518711590
H           10.06688321341162        0.46646429320198        4.40506985980116
H           10.38306862130359        2.81438875845907        3.51883827397231
H            9.39500085261992        3.35957151619656        2.15826577807452
H           10.59695954651075        2.08193185330157        1.93416897152472
74
 energy: -94.790863501457 gnorm: 0.000429598051 xtb: 6.7.1 (edcfbbe)
C           -0.19022469942757       -2.60376011769008        1.98285562451146
C            0.04235612039699       -1.33511853466864        1.66778797491325
C           -1.05357979489041       -0.36537707520082        1.31141155689645
C           -1.35798035302593       -0.40004705334558       -0.18884195857508
C           -0.15630771045900       -0.01659978244416       -1.05793949213715
C           -0.78237933539689        0.39940122836868       -2.38627221777734
C           -2.07428912385759        1.03936525870508       -1.98640792322284
N           -2.63918018846730        1.84572673345401       -2.77274714857098
O           -3.84521050065278        2.44184407610081       -2.31183328593685
C           -4.92176328633713        2.22668788893419       -3.08809229992912
O           -4.95034702049120        1.49878241720775       -4.04369519850457
C           -6.07735893122463        2.98088625296641       -2.54054666542204
C           -7.42754373573081        2.31212497380308       -2.62238292719087
C           -7.12136818934547        3.45821494712097       -3.51791991603608
C           -2.45337524090899        0.60431253942805       -0.59232345160698
C           -3.88316516619605        0.06092117216931       -0.45841964026501
C           -4.27945788969142       -0.91886246434336       -1.56171274031091
C           -5.73636291064267       -1.35302668616782       -1.42068576946303
C           -6.19215746244901       -2.20488327893048       -2.60234826716974
C           -7.64977956229843       -2.62786717198917       -2.46849415832708
O            1.25679663527166       -0.72941529190816        1.58912704506638
C            2.41268103752829       -1.50065578120355        1.83164353899308
C            3.60867680122375       -0.63074368794745        1.59569233379074
C            4.85354971814451       -0.94794769187722        1.93049245130946
C            5.18404495235281       -2.24635186639978        2.60891753421094
C            5.99315082198485       -0.00259008324931        1.68796883828601
C            6.40771930025870        0.70288035029818        2.99362137852861
C            7.54152609158408        1.64741366904145        2.74290575393022
C            8.83351717392432        1.44127766796297        2.96862693259239
C            9.42009287362759        0.19358444358754        3.55912238469131
C            9.85735222727876        2.48644538579888        2.63083303947670
H           -1.19877987227463       -2.97151132460792        2.01150463980188
H            0.58089898584876       -3.31184083907050        2.22303556368224
H           -0.72611481369323        0.63782833697249        1.59077905021761
H           -1.95549305051588       -0.61215064646201        1.87219937865617
H           -1.68209873718596       -1.41065579326811       -0.45415080078683
H            0.55227188634608       -0.83493656165697       -1.16975574982927
H            0.36772298929576        0.82756664302593       -0.60730851252985
H           -0.16493702378656        1.06505739404697       -2.98535105734003
H           -1.01641340482499       -0.47997460216497       -2.99152705362372
H           -5.84278032895895        3.59213249127621       -1.68027203899098
H           -8.10888339593411        2.45244490715418       -1.79729395021893
H           -7.44893738164742        1.32680596184964       -3.06295738120822
H           -7.58335763990975        4.41411529128126       -3.32549625353633
H           -6.93892787196202        3.24723423091356       -4.56021111952126
H           -2.37232964360781        1.49450066341205        0.04545252898326
H           -3.97374949051289       -0.42930716951981        0.51444647376627
H           -4.58489103881096        0.89785340369491       -0.46751339623032
H           -3.63539390510119       -1.80067521914027       -1.53284565547649
H           -4.14877190690300       -0.44814006688222       -2.53797102538870
H           -6.36923048617955       -0.46390393554036       -1.35852453568831
H           -5.86424138791318       -1.91492091256177       -0.49159705926984
H           -5.56082506097438       -3.09383302374235       -2.67278474591079
H           -6.06123937129774       -1.63139249644017       -3.52247355099735
H           -8.29827870223660       -1.75524332770812       -2.42578746771016
H           -7.79793138594797       -3.20743979190405       -1.55947840718865
H           -7.95115336621769       -3.23731525701489       -3.31705536256899
H            2.43274154473394       -2.37140727876781        1.15516404405257
H            2.40165825336571       -1.88213961073033        2.86415044330844
H            3.38400815480974        0.30740412687892        1.11107379202949
H            4.71874229180976       -2.29414125152347        3.59372995590042
H            6.25776749691098       -2.36165377843908        2.72819504008950
H            4.80776302325123       -3.08748727879046        2.02803077605996
H            6.85433172178204       -0.54807005748627        1.29535294706860
H            5.70521010798338        0.75269237601269        0.95522717216376
H            5.54791512145178        1.26137185155505        3.37082789608368
H            6.67214250407653       -0.04603273925769        3.73967877559687
H            7.24399073489788        2.58487610842794        2.28934013818328
H           10.03243943670499       -0.31415340362221        2.81343071759756
H            8.65973842651024       -0.49895704923739        3.90480678378058
H           10.06690808423475        0.44689094605360        4.39858331865745
H           10.38622160656902        2.80184611669989        3.53013758630314
H            9.39671884080456        3.35904897815437        2.17557579911952
H           10.59593540303583        2.08099115010667        1.93963383151718
74
 energy: -94.790870845114 gnorm: 0.000508342130 xtb: 6.7.1 (edcfbbe)
C           -0.18677690386996       -2.60599469006220        1.97778936368688
C            0.04283157392328       -1.33603188336752        1.66586241954218
C           -1.05467290360943       -0.36760845066820        1.31097217773652
C           -1.35631700155963       -0.39617000213529       -0.18991357571846
C           -0.15438669999320       -0.00552049906418       -1.05542605157245
C           -0.78024365823019        0.41264424423597       -2.38321099449678
C           -2.07543583910244        1.04621163754046       -1.98343764431547
N           -2.64315699947977        1.85108189453157       -2.76925928089775
O           -3.85200601566854        2.44183709856783       -2.30924563435549
C           -4.92586185242910        2.22676222422241       -3.08932814613964
O           -4.95021228758552        1.50127907984632       -4.04693352259265
C           -6.08451237689848        2.97724128229884       -2.54326711898436
C           -7.43389339084631        2.30773240707278       -2.63278794491577
C           -7.12511356055415        3.45717390233128       -3.52312304665858
C           -2.45360391688262        0.60736086604524       -0.59028106966861
C           -3.88271621165345        0.06251521941612       -0.45599414693335
C           -4.27912651974773       -0.91489976123069       -1.56131708408011
C           -5.73557846793422       -1.35045581664689       -1.42035824780554
C           -6.18720274862383       -2.21002202580275       -2.59799162871196
C           -7.64473281856313       -2.63392281182047       -2.46599101753843
O            1.25604826547630       -0.72724027554736        1.59051841083994
C            2.41296705800078       -1.49682273272914        1.83195584658141
C            3.60784244835270       -0.62501326941898        1.59772413020985
C            4.85344005826768       -0.94442813186338        1.92765778839003
C            5.18490334392905       -2.24676675687282        2.59791914841660
C            5.99235278613916        0.00277580900984        1.68946399052423
C            6.40665340725870        0.70104748369234        2.99891111388704
C            7.54111922182740        1.64633106124661        2.75385444063605
C            8.83335148864302        1.43498973477996        2.97316695896551
C            9.41845648035913        0.18002164029486        3.54953570235533
C            9.85856940518323        2.48097492643617        2.64239216215654
H           -1.19436085078776       -2.97648255262976        2.00449980932467
H            0.58590436120665       -3.31241373943303        2.21784407904213
H           -0.73008471380847        0.63516606861640        1.59527100947055
H           -1.95706641766457       -0.61888311073731        1.86896428232439
H           -1.67750362666165       -1.40628244573495       -0.46058013923573
H            0.55757851657470       -0.82069246094066       -1.16896322739607
H            0.36555594469818        0.83915273367757       -0.60098467423188
H           -0.16449055714414        1.08295343149420       -2.97883706228064
H           -1.00956492920634       -0.46542639552194       -2.99217010288403
H           -5.85405561805398        3.58577616048060       -1.67993401760118
H           -8.11847874816827        2.44488946434137       -1.80986282679238
H           -7.45299494277698        1.32392418387634       -3.07673909671554
H           -7.58855348102832        4.41202970142090       -3.32921479250507
H           -6.93828217131405        3.24992333882046       -4.56539005470218
H           -2.37246767378600        1.49628440364509        0.04927962963355
H           -3.97141689835020       -0.43068039430278        0.51560183637901
H           -4.58533375215267        0.89881733167524       -0.46161737234588
H           -3.63442135296011       -1.79642286952378       -1.53503316967340
H           -4.14951924873261       -0.44200009081154       -2.53668440472248
H           -6.37004956050923       -0.46205938011268       -1.36450112356116
H           -5.86407990498736       -1.90718798232916       -0.48825375314807
H           -5.55477133497946       -3.09875266144834       -2.66085226041807
H           -6.05404444143743       -1.64223027117791       -3.52131388110403
H           -8.29423842553371       -1.76179065141873       -2.42893777425089
H           -7.79486386672393       -3.20970774977865       -1.55487745234153
H           -7.94307945335398       -3.24737489446415       -3.31273156222420
H            2.43463089235428       -2.36658495716173        1.15430947321228
H            2.40253329581207       -1.87983302239338        2.86395414638372
H            3.38184688336827        0.31610655119157        1.11945702799355
H            4.72605125791543       -2.29751901873842        3.58566227318394
H            6.25906068780110       -2.36558774401905        2.70959271828954
H            4.80227636094824       -3.08423831689293        2.01598079299454
H            6.85377883878007       -0.53993126903022        1.29362921751572
H            5.70368016157879        0.76190247193288        0.96101749540442
H            5.54687113486516        1.25774925903256        3.37868351199406
H            6.67038411905563       -0.05198608667730        3.74107461928791
H            7.24405146390790        2.58867514133962        2.31029163805793
H           10.02816478048129       -0.32141154558710        2.79747642943232
H            8.65729407185437       -0.51437632572416        3.88972857551398
H           10.06751725867809        0.42340253894853        4.39023500273283
H           10.38968581927831        2.78755227358052        3.54341481874872
H            9.39877952131058        3.35837997482940        2.19563484769459
H           10.59509123563674        2.08008750290086        1.94636287033317
74
 energy: -94.790877498486 gnorm: 0.000486166832 xtb: 6.7.1 (edcfbbe)
C           -0.18399783580327       -2.60771130546715        1.97331738604990
C            0.04308189814271       -1.33661510842541        1.66422475647565
C           -1.05571845660838       -0.36925797048884        1.31075359251617
C           -1.35501122571113       -0.39229858212854       -0.19069786988590
C           -0.15312991938160        0.00530537427810       -1.05303626881868
C           -0.77797824283983        0.42631830857161       -2.38042454098125
C           -2.07651023115695        1.05323103507582       -1.98082074470204
N           -2.64759075853287        1.85598341205628       -2.76639473938949
O           -3.85931999225366        2.44097085457140       -2.30686092894873
C           -4.93073976958500        2.22575695458132       -3.09035951001253
O           -4.95086089601994        1.50332973249295       -4.05034249937396
C           -6.09215419398193        2.97289471645997       -2.54574217107314
C           -7.44112199505690        2.30368421135364       -2.64273342818879
C           -7.12886574431429        3.45582128796687       -3.52834704935562
C           -2.45356097557542        0.61087864487413       -0.58845541196683
C           -3.88196824925136        0.06431681402012       -0.45427638682949
C           -4.27856329343202       -0.91105264745080       -1.56128509090275
C           -5.73424886911515       -1.34896246706639       -1.41994620998421
C           -6.18238529201426       -2.21504195300293       -2.59405720322626
C           -7.63999109470012       -2.63919368871610       -2.46399586325193
O            1.25531373740900       -0.72537841541141        1.59144491770956
C            2.41322892449535       -1.49323855667633        1.83264787195470
C            3.60708941161666       -0.61943130239346        1.60072321991640
C            4.85343382187521       -0.94111477176012        1.92557892947244
C            5.18587233179334       -2.24770732586485        2.58700230062433
C            5.99179741181578        0.00773796575709        1.69170582291094
C            6.40595631983729        0.69929323305906        3.00478205975889
C            7.54110302238897        1.64502909848136        2.76470207763774
C            8.83365285287560        1.42871604635914        2.97730091825196
C            9.41766298467373        0.16685339975322        3.53953665969464
C            9.86005534688955        2.47580216384320        2.65381828103583
H           -1.19062649389585       -2.98092140932073        1.99789746192957
H            0.59023131910670       -3.31278024167915        2.21242236339782
H           -0.73350368597036        0.63303269958424        1.59945752235975
H           -1.95854196885099       -0.62438291073527        1.86626926149519
H           -1.67350415426000       -1.40193063006201       -0.46638054100686
H            0.56156955438544       -0.80717316813680       -1.16835856556665
H            0.36350225398809        0.84992003233638       -0.59473790094935
H           -0.16368206503782        1.10145740200934       -2.97214655016813
H           -1.00251603233322       -0.45013542080891       -2.99344817687762
H           -5.86545743850816        3.57852019465468       -1.67939052598571
H           -8.12861856159187        2.43904500982086       -1.82188277277137
H           -7.45923002956332        1.32108574959722       -3.08932621361997
H           -7.59326067239313        4.41012316116352       -3.33412850591710
H           -6.93732121690262        3.25111798810712       -4.57028682227359
H           -2.37262801418933        1.49855351477133        0.05294536725740
H           -3.96957873588266       -0.43104549983886        0.51630071059690
H           -4.58528865421280        0.89997633497778       -0.45756591199436
H           -3.63271198636463       -1.79177369505641       -1.53727353879775
H           -4.15036835135783       -0.43628745652238       -2.53591752299266
H           -6.37053195280928       -0.46161638395518       -1.36897770830550
H           -5.86274011090342       -1.90162362298105       -0.48544759147435
H           -5.54921963482951       -3.10361275017602       -2.65050540731122
H           -6.04714549582090       -1.65208669216869       -3.51995288544178
H           -8.29001365340683       -1.76734205631003       -2.43060219994782
H           -7.79171299217486       -3.21265485509801       -1.55171557607192
H           -7.93625767481174       -3.25508014210729       -3.30971095645676
H            2.43696733069978       -2.36222029185021        1.15404631091412
H            2.40274466192661       -1.87757896929621        2.86422966722133
H            3.37978366498798        0.32471330497618        1.12914259889408
H            4.73270082940969       -2.30251492409596        3.57715413258766
H            6.26036192759851       -2.36957341892736        2.69178905670490
H            4.79782714477696       -3.08125931477348        2.00306150391313
H            6.85333794470494       -0.53242620441277        1.29270473286063
H            5.70248392180357        0.77053193210634        0.96738185590408
H            5.54637283502697        1.25436262104393        3.38734776604061
H            6.66925788083518       -0.05769198127790        3.74308907171003
H            7.24427616772840        2.59237087050982        2.33165452438965
H           10.02464863391527       -0.32796152849235        2.78091896603699
H            8.65590089959151       -0.52954256433799        3.87421534722603
H           10.06912909402117        0.40027475743478        4.38121398578070
H           10.39300531155646        2.77398556749419        3.55660637608402
H            9.40097227382934        3.35766367676993        2.21513905499145
H           10.59485489781673        2.07956215590792        1.95335021387284
74
 energy: -94.790883308446 gnorm: 0.000372514713 xtb: 6.7.1 (edcfbbe)
C           -0.18239077647959       -2.60876036934575        1.96894415661525
C            0.04311598221660       -1.33677263584782        1.66236094387228
C           -1.05656817173806       -0.36983510684718        1.31057453242576
C           -1.35409218446857       -0.38820991790355       -0.19131271688273
C           -0.15204660885429        0.01463284512311       -1.05088809656840
C           -0.77614535051987        0.43856278358789       -2.37771099661926
C           -2.07768274570501        1.05958327480169       -1.97848120582810
N           -2.65188838960117        1.86005005086215       -2.76412283466646
O           -3.86618225078920        2.43999189988748       -2.30506008839338
C           -4.93540228454272        2.22497260127778       -3.09177386938316
O           -4.95195383250794        1.50498892455667       -4.05359451449416
C           -6.09934679982456        2.96869507058067       -2.54782773384639
C           -7.44809080819989        2.30010324909938       -2.65112355522668
C           -7.13244247086971        3.45420820424100       -3.53295053166623
C           -2.45413082988572        0.61417107725394       -0.58695835341033
C           -3.88207082652281        0.06626616891387       -0.45345746992990
C           -4.27745368594604       -0.90864943440736       -1.56132844119913
C           -5.73241332227536       -1.34878225192195       -1.41956734339284
C           -6.17822044883973       -2.21905936258754       -2.59139880389590
C           -7.63591749610632       -2.64318873828535       -2.46239335238361
O            1.25470902736951       -0.72395612924365        1.59158750871365
C            2.41336769396897       -1.49042105063868        1.83341979844503
C            3.60642363048196       -0.61465333460919        1.60447492824090
C            4.85347216913466       -0.93832161848909        1.92464731488771
C            5.18697666197886       -2.24907024797813        2.57734871655262
C            5.99143537413083        0.01189470735884        1.69445575736087
C            6.40594738392032        0.69763089499891        3.01059104786702
C            7.54156699125909        1.64397862243625        2.77505607399741
C            8.83442763222956        1.42352409882392        2.98140064234649
C            9.41792604673432        0.15537523829463        3.53006660173270
C            9.86176690474913        2.47152685325147        2.66397031503221
H           -1.18836294172308       -2.98369167115477        1.99260914789155
H            0.59291914806831       -3.31291840871072        2.20724128705065
H           -0.73610322524440        0.63197250644955        1.60286837102183
H           -1.95969230260462       -0.62801904537343        1.86419162693347
H           -1.67039861279368       -1.39744398212879       -0.47081919291981
H            0.56466670872365       -0.79582922133239       -1.16790850657737
H            0.36208616601919        0.85887404767136       -0.58913094251448
H           -0.16296482159816        1.11812202561227       -2.96552904182607
H           -0.99631379226167       -0.43613604064905       -2.99478267812748
H           -5.87576393548123        3.57178036246003       -1.67892229895057
H           -8.13810028825630        2.43462052536967       -1.83211614445293
H           -7.46599617098077        1.31839333117116       -3.09967882080061
H           -7.59737983606857        4.40832067438451       -3.33914529396655
H           -6.93649489385221        3.25109841112524       -4.57444803001699
H           -2.37380991395307        1.50070414310307        0.05610351699562
H           -3.96920768295953       -0.43018482142403        0.51652785917728
H           -4.58610656729288        0.90128518155647       -0.45591997145076
H           -3.63018818368032       -1.78835181721457       -1.53863241994668
H           -4.15062997482118       -0.43277461189769       -2.53554409902620
H           -6.37040839324272       -0.46252308061948       -1.37152253032513
H           -5.86036790732324       -1.89899396825696       -0.48356835913594
H           -5.54489498070013       -3.10772535969028       -2.64339499031992
H           -6.04137436490428       -1.65949209725918       -3.51910439842944
H           -8.28587083173800       -1.77118971700226       -2.43095081579511
H           -7.78880024752098       -3.21550619594342       -1.54951736156606
H           -7.93120968486018       -3.26013548288951       -3.30773664496950
H            2.43942913524929       -2.35872530014586        1.15395904101779
H            2.40199689108162       -1.87598598912672        2.86461345967281
H            3.37797200634815        0.33223231449326        1.13913910478722
H            4.73805903862516       -2.30871671051271        3.56914087416445
H            6.26173014983460       -2.37304357684256        2.67671502333090
H            4.79513872202463       -3.07886991456032        1.99056303446122
H            6.85306198634780       -0.52611280276126        1.29279208961230
H            5.70161784292026        0.77789716937899        0.97370512352459
H            5.54659263204439        1.25128679629455        3.39558302689269
H            6.66891094983024       -0.06274866917269        3.74557809945225
H            7.24500495345721        2.59522648817701        2.35075888660261
H           10.02233742625437       -0.33314550452005        2.76524017795716
H            8.65585201398905       -0.54299456884716        3.85984442027373
H           10.07178652973247        0.37974925113717        4.37234210875346
H           10.39615262282131        2.76257911833290        3.56823705491091
H            9.40316507464262        3.35708707534168        2.23227684038444
H           10.59526334147038        2.07955276827481        1.95973879130145
74
 energy: -94.790889004369 gnorm: 0.000410067028 xtb: 6.7.1 (edcfbbe)
C           -0.18177106928465       -2.60899676125146        1.96475303308308
C            0.04297737780655       -1.33625441221991        1.66071594578659
C           -1.05734288913864       -0.36942915453498        1.31056041038795
C           -1.35363152138563       -0.38381079197554       -0.19164685103624
C           -0.15148029270328        0.02374590497645       -1.04878431532244
C           -0.77468924377019        0.45057547628269       -2.37512298859533
C           -2.07892564578520        1.06619897411856       -1.97624544519840
N           -2.65623693932810        1.86418640830636       -2.76216227332148
O           -3.87310541419985        2.43904742837286       -2.30354595374623
C           -4.94040844161660        2.22355522152587       -3.09284371686355
O           -4.95342724277630        1.50625235247675       -4.05665977501205
C           -6.10655649963315        2.96470613039366       -2.55006284658690
C           -7.45501144005212        2.29670236801890       -2.65907059843301
C           -7.13629636216188        3.45249586537264       -3.53757394189297
C           -2.45491741829263        0.61786478372058       -0.58558182502921
C           -3.88221458494840        0.06799249921748       -0.45313287770966
C           -4.27582038855496       -0.90754135085285       -1.56109958999670
C           -5.73000614874233       -1.35007401356593       -1.41924437301697
C           -6.17449377205803       -2.22263291418874       -2.58982824770768
C           -7.63235736906194       -2.64637431540452       -2.46122860251761
O            1.25419577721798       -0.72258602310577        1.59128988605062
C            2.41339263944462       -1.48796936717187        1.83434830542834
C            3.60584174488229       -0.61040975292966        1.60884724273979
C            4.85358351603425       -0.93596460120071        1.92437668981606
C            5.18834537760679       -2.25090952804083        2.56801440444565
C            5.99111856099344        0.01569781358112        1.69795405873403
C            6.40663620823784        0.69578457974331        3.01683108119473
C            7.54272650431064        1.64244017553279        2.78475144940347
C            8.83594204155125        1.41823768507382        2.98469631857724
C            9.41912027901952        0.14449153979578        3.52045863803965
C            9.86379747447685        2.46774403959559        2.67377554594938
H           -1.18737444453059       -2.98493960646472        1.98756444835117
H            0.59419386599863       -3.31303587360731        2.20134575954907
H           -0.73828261371054        0.63189672545951        1.60599420717996
H           -1.96065949863178       -0.63019351601915        1.86263925712227
H           -1.66796844575947       -1.39277507471345       -0.47433459591673
H            0.56664612776827       -0.78520602569102       -1.16748390958087
H            0.36087605532943        0.86729847022237       -0.58379511451971
H           -0.16249443124834        1.13441469254116       -2.95897572449440
H           -0.99069852343825       -0.42226816691401       -2.99625029924406
H           -5.88576490984565        3.56553631742165       -1.67891951551595
H           -8.14726756611826        2.43051165674911       -1.84173069771933
H           -7.47261815823313        1.31569587009728       -3.10920433112873
H           -7.60186976395657        4.40643692251540       -3.34436189484001
H           -6.93635724280465        3.25064451256271       -4.57860471639690
H           -2.37574232679632        1.50331170550854        0.05912986990189
H           -3.96965517925149       -0.42847121050517        0.51675167446849
H           -4.58716592289264        0.90214554065332       -0.45637303955471
H           -3.62704783552953       -1.78605850877113       -1.53839117834307
H           -4.14991618031740       -0.43149484018666       -2.53529536076959
H           -6.36945475476649       -0.46481690825719       -1.37243422140736
H           -5.85709577916433       -1.89923605855592       -0.48252274658777
H           -5.54114949617878       -3.11136841536782       -2.63941338104604
H           -6.03673388165360       -1.66490667257820       -3.51846806023957
H           -8.28204683821430       -1.77416313438441       -2.43023404191101
H           -7.78575302777910       -3.21838391419569       -1.54824141314552
H           -7.92763160547103       -3.26347665180083       -3.30648924568472
H            2.44196505270953       -2.35545979780037        1.15389417562584
H            2.40041956863237       -1.87492220613770        2.86508411685956
H            3.37627885790468        0.33939212084194        1.15015531520832
H            4.74251238089384       -2.31643347689559        3.56077353176304
H            6.26330243217307       -2.37611941976592        2.66320287652777
H            4.79413049587262       -3.07689767874301        1.97738518690951
H            6.85268178694499       -0.52026908935745        1.29351951448371
H            5.70081716724008        0.78485233569190        0.98074104373047
H            5.54769299642005        1.24812775155063        3.40456546577156
H            6.66962143317005       -0.06791993339997        3.74844182606609
H            7.24602885567909        2.59828734520676        2.37052386989580
H           10.02086427170342       -0.33760908751819        2.74945508981463
H            8.65695945335110       -0.55594319444851        3.84561844296144
H           10.07561097251590        0.36013715657954        4.36294014055150
H           10.39932931008217        2.75184104889001        3.57963814015383
H            9.40556881211228        3.35688753326135        2.24891328739494
H           10.59626371182679        2.08018449620089        1.96605231546118
74
 energy: -94.790895063611 gnorm: 0.000580639909 xtb: 6.7.1 (edcfbbe)
C           -0.18179456941623       -2.60850305501726        1.95984462019225
C            0.04276068224333       -1.33500410543616        1.65879367839571
C           -1.05815632487056       -0.36796474897910        1.31086707719902
C           -1.35336535125340       -0.37862790066340       -0.19162098468472
C           -0.15131196204090        0.03357867431377       -1.04659971443200
C           -0.77352159708578        0.46369560052481       -2.37234517624464
C           -2.08087619885525        1.07314361601327       -1.97393027007942
N           -2.66115605326251        1.86865883519288       -2.76017886388144
O           -3.88054985090382        2.43876163243629       -2.30241732144909
C           -4.94567061695421        2.22288969707406       -3.09464788031570
O           -4.95530959360793        1.50720769576753       -4.05954003608155
C           -6.11437760389914        2.96088054674032       -2.55287812282632
C           -7.46220752208557        2.29269573244272       -2.66739819396540
C           -7.14110364185309        3.45027591364291       -3.54266085267955
C           -2.45619252153651        0.62192922731703       -0.58405507913108
C           -3.88262105821475        0.06952552026130       -0.45298881296278
C           -4.27346074906794       -0.90768898601818       -1.56049937412741
C           -5.72690649161954       -1.35268165648131       -1.41867431875281
C           -6.17074814510675       -2.22589916953493       -2.58901831754764
C           -7.62870579284424       -2.64933337917724       -2.46040704937695
O            1.25373986176699       -0.72079392684126        1.59078592960417
C            2.41333125106002       -1.48538647850914        1.83529274488704
C            3.60529782210087       -0.60589166668480        1.61434536339060
C            4.85380768681567       -0.93351162468881        1.92474995384103
C            5.19008980348138       -2.25320266890528        2.55792339543042
C            5.99090244354822        0.01971612595610        1.70239361669993
C            6.40783565949398        0.69342436995806        3.02431521991058
C            7.54417962118832        1.64095107278270        2.79658989343160
C            8.83791384141298        1.41291209231677        2.98906008468175
C            9.42141197207914        0.13274630597856        3.50941925508183
C            9.86621794896717        2.46380975370214        2.68442554180626
H           -1.18730114865902       -2.98476057936866        1.98191185726017
H            0.59437281403584       -3.31292558356249        2.19462172042736
H           -0.74036986469456        0.63285709555931        1.60934591148151
H           -1.96156355766191       -0.63126745857169        1.86160432438986
H           -1.66555141335285       -1.38742067693055       -0.47730402941650
H            0.56810629297008       -0.77395331987195       -1.16710756653878
H            0.35946376546307        0.87630631190872       -0.57842709332717
H           -0.16247105169766        1.15221787566044       -2.95195226836638
H           -0.98501029482510       -0.40712617985704       -2.99778178505292
H           -5.89651670757164        3.55987123759479       -1.67976872554893
H           -8.15700825920021        2.42519062908484       -1.85190240005018
H           -7.47871024160735        1.31245836040293       -3.11931007414310
H           -7.60760821353199        4.40382482972333       -3.34965427037636
H           -6.93737512707114        3.25010786047962       -4.58332467921358
H           -2.37876871480660        1.50633151588482        0.06232491681343
H           -3.97050800837850       -0.42605788149055        0.51724710660422
H           -4.58890800797063        0.90246723799553       -0.45802468448955
H           -3.62307616854872       -1.78490097273969       -1.53653574204002
H           -4.14782940480759       -0.43226224317282       -2.53500931241552
H           -6.36771628683476       -0.46840036714327       -1.37175156254213
H           -5.85307889857574       -1.90208389608083       -0.48195717553815
H           -5.53745102729554       -3.11468296208132       -2.63801836362826
H           -6.03283497487562       -1.66868022413720       -3.51792581812270
H           -8.27808381877669       -1.77689687103110       -2.42888188995908
H           -7.78199434445866       -3.22156158189454       -1.54755409211855
H           -7.92450828320265       -3.26606256030740       -3.30578162609003
H            2.44464213977641       -2.35171942019439        1.15343633519848
H            2.39810158049332       -1.87425401563004        2.86535439157853
H            3.37463522981039        0.34715152515726        1.16310197789269
H            4.74644911475158       -2.32621975616108        3.55111331038172
H            6.26526311051501       -2.37904460719513        2.64974193128054
H            4.79461503587733       -3.07488471015970        1.96202315214957
H            6.85216304543270       -0.51398430315245        1.29428611286881
H            5.69974932040854        0.79251820744199        0.98940916166364
H            5.54947394411647        1.24413854302309        3.41558775781812
H            6.67114970286629       -0.07403146334693        3.75196846495316
H            7.24744190791280        2.60062388121297        2.39182051613900
H           10.01984049635946       -0.34218133534111        2.73126083542721
H            8.65943555993299       -0.57003096330936        3.82986412894148
H           10.08117992116934        0.33872027044804        4.35181396786521
H           10.40323385250212        2.74053791156500        3.59174342329599
H            9.40803676831353        3.35659213588445        2.26709905489118
H           10.59743726614610        2.08116545775120        1.97269164899849
74
 energy: -94.790901675350 gnorm: 0.000706887907 xtb: 6.7.1 (edcfbbe)
C           -0.18207722042092       -2.60716909353698        1.95388902857867
C            0.04254520104104       -1.33272354500392        1.65679884032706
C           -1.05891891435873       -0.36536280312920        1.31119555109934
C           -1.35303157802825       -0.37196802062533       -0.19155877642629
C           -0.15107900428447        0.04534383050032       -1.04417578402399
C           -0.77277188018494        0.47883864089499       -2.36907185262987
C           -2.08345418962778        1.08157001060013       -1.97097921102450
N           -2.66680821943800        1.87459322380416       -2.75746532651805
O           -3.88928459096692        2.43908547957516       -2.30102864466521
C           -4.95191969648647        2.22174154834871       -3.09627006787437
O           -4.95729274000043        1.50783244642974       -4.06256140110881
C           -6.12349944713082        2.95692701580471       -2.55669077354139
C           -7.47012563256423        2.28757912737090       -2.67738599686565
C           -7.14732490242577        3.44753539436538       -3.54890614580915
C           -2.45819200401199        0.62670058753907       -0.58218796446864
C           -3.88344287119637        0.07097622450469       -0.45258791767122
C           -4.27037188738910       -0.90900563468239       -1.55910576218186
C           -5.72310043103556       -1.35649400274075       -1.41782683636475
C           -6.16660551976521       -2.22890113507005       -2.58895250446925
C           -7.62442503318038       -2.65270889431631       -2.45983722283640
O            1.25330115096347       -0.71800600130766        1.59070295760953
C            2.41316208779693       -1.48216456922315        1.83626812046840
C            3.60464730472112       -0.60050793920206        1.62107619605035
C            4.85401013270669       -0.93056568603150        1.92549203638173
C            5.19214729796379       -2.25585686773011        2.54600731254934
C            5.99047018261318        0.02462701690304        1.70796697394143
C            6.40984233438195        0.68964436825230        3.03367643322524
C            7.54630555148824        1.63811388869464        2.81021977870126
C            8.84066657253544        1.40591344808455        2.99349748000014
C            9.42462423559482        0.11887893366439        3.49615088048114
C            9.86909453313516        2.45907592901797        2.69692558756335
H           -1.18765491959812       -2.98337101370700        1.97464910825505
H            0.59397557596437       -3.31251536040287        2.18628331067622
H           -0.74249414275765        0.63489294923012        1.61294403642069
H           -1.96240563481675       -0.63136849515059        1.86051809879626
H           -1.66258074235223       -1.38068605923098       -0.48029196700035
H            0.56983201410785       -0.76056700954077       -1.16679932419429
H            0.35789465418538        0.88723299782088       -0.57254391234492
H           -0.16327044137496        1.17266859116912       -2.94398011072898
H           -0.97912747791035       -0.38970130415976       -2.99933432679783
H           -5.90921812875338        3.55423625787787       -1.68151694739417
H           -8.16788558406816        2.41744471455905       -1.86395922464191
H           -7.48394530234745        1.30830229317958       -3.13155077065307
H           -7.61556773763872        4.40015968026067       -3.35532257664265
H           -6.93991638747577        3.25000831613689       -4.58936363696716
H           -2.38308220381538        1.50993514321143        0.06605529770145
H           -3.97158355582729       -0.42335035029243        0.51822784426538
H           -4.59170417742451        0.90221757623339       -0.45993771216205
H           -3.61820055408304       -1.78481318503650       -1.53305601833030
H           -4.14465425322956       -0.43467828178150       -2.53412726305242
H           -6.36531104645681       -0.47324898425348       -1.36963409225824
H           -5.84815573604769       -1.90726953868659       -0.48174001358636
H           -5.53316564076389       -3.11758212531604       -2.63883142112124
H           -6.02912808295722       -1.67092611040959       -3.51753372140732
H           -8.27367630139979       -1.78015437047581       -2.42730313297478
H           -7.77721756863784       -3.22554963101691       -1.54723106003654
H           -7.92081720459278       -3.26877361016058       -3.30552317837848
H            2.44735286716113       -2.34666803095976        1.15220840273733
H            2.39534686093584       -1.87390964306698        2.86526942088028
H            3.37278374763034        0.35652627393198        1.17898593803641
H            4.74989006526123       -2.33857755372344        3.53906059980654
H            6.26755843278444       -2.38178998569041        2.63509928005464
H            4.79646342512220       -3.07232992429810        1.94296811782823
H            6.85121581936078       -0.50610684318715        1.29490725165968
H            5.69800377716071        0.80219517648110        1.00061413136544
H            5.55236760202944        1.23818420803276        3.42991804589751
H            6.67414956044441       -0.08259226912343        3.75604550068784
H            7.24887784156097        2.60344529852587        2.41885327149852
H           10.01884133645330       -0.34749150830847        2.70955172574910
H            8.66300795782874       -0.58660780093224        3.81145776167781
H           10.08857876532658        0.31377792065020        4.33791399828743
H           10.40795881051644        2.72689038272589        3.60591404448163
H            9.41077540127892        3.35620452462731        2.28896650457968
H           10.59879748690375        2.08276376202625        1.98023858618863
74
 energy: -94.790908651122 gnorm: 0.000702278240 xtb: 6.7.1 (edcfbbe)
C           -0.18233344017997       -2.60489043153121        1.94804058243593
C            0.04246219699222       -1.32951834103259        1.65508150496932
C           -1.05936473395843       -0.36179736751653        1.31145856351117
C           -1.35277135052805       -0.36533934192875       -0.19141579851762
C           -0.15128100239592        0.05714538767628       -1.04214651597108
C           -0.77278989735821        0.49322691078727       -2.36628520504304
C           -2.08648676379708        1.08959770946891       -1.96831348855800
N           -2.67236027485762        1.88065393063982       -2.75488146502451
O           -3.89758169050259        2.44034797434558       -2.30014483428699
C           -4.95779810598542        2.22116325992589       -3.09809615563843
O           -4.95945480283976        1.50735138369646       -4.06437012402285
C           -6.13227599270647        2.95356270801646       -2.56095031978681
C           -7.47725988854732        2.28194177127743       -2.68671417689411
C           -7.15420300506615        3.44409165570903       -3.55515666838411
C           -2.46023547910345        0.63137288393632       -0.58040195742502
C           -3.88392542660292        0.07159838597590       -0.45166775373982
C           -4.26745225281713       -0.91084291097737       -1.55718019924227
C           -5.71941669607267       -1.36103785645146       -1.41669458973379
C           -6.16303388615784       -2.23065956784236       -2.58985764572850
C           -7.62047265450255       -2.65571548526557       -2.46026974593388
O            1.25303287123294       -0.71428539071696        1.59151151742480
C            2.41293388526863       -1.47841610959835        1.83749572732564
C            3.60416561368589       -0.59515746759521        1.62780165342775
C            4.85424028684496       -0.92784353812657        1.92636794523703
C            5.19390425378433       -2.25845071623089        2.53435544695550
C            5.99014553341298        0.02930392538530        1.71423564992506
C            6.41249944170719        0.68480711731317        3.04372079003199
C            7.54866624409189        1.63484305668437        2.82493404262333
C            8.84370213539737        1.39907580545210        2.99841725758219
C            9.42861003239724        0.10550548716440        3.48278636791664
C            9.87182335400118        2.45440298392832        2.70884679784810
H           -1.18808187637031       -2.98080120635655        1.96704630865231
H            0.59334199128122       -3.31123774805897        2.17856362078155
H           -0.74392768314228        0.63795296477982        1.61581450409832
H           -1.96290063601305       -0.62986378814727        1.85965213723770
H           -1.65953579874376       -1.37416995868155       -0.48271988550461
H            0.57112486720669       -0.74711066498598       -1.16672884806923
H            0.35601193430492        0.89844549967998       -0.56767554313052
H           -0.16513722165775        1.19191313919642       -2.93721676642126
H           -0.97447596434215       -0.37334527731082       -3.00063547197262
H           -5.92149602616965        3.55016090438334       -1.68448072326250
H           -8.17793284605841        2.40855894514250       -1.87536390264448
H           -7.48729484243373        1.30359142254845       -3.14295221400443
H           -7.62460536347882        4.39545575577691       -3.36048503190358
H           -6.94394159877790        3.24950126986239       -4.59553604675626
H           -2.38752370224798        1.51367577063707        0.06941274892477
H           -3.97201008974883       -0.42148304681047        0.51981205621699
H           -4.59438049613281        0.90090989362488       -0.46118331916690
H           -3.61363625895147       -1.78530699075979       -1.52884495495184
H           -4.14138875651730       -0.43771918329129       -2.53277008217959
H           -6.36281677584715       -0.47881808215233       -1.36555385830320
H           -5.84312560846466       -1.91468694090721       -0.48212133677467
H           -5.52882689557673       -3.11862466696546       -2.64296320704463
H           -6.02699349125445       -1.66989527255669       -3.51694606555017
H           -8.27029426396927       -1.78372398829505       -2.42521137036783
H           -7.77191572515786       -3.23045115497390       -1.54871666620162
H           -7.91740537589252       -3.27025297143878       -3.30681075950250
H            2.44946694435302       -2.34070939101777        1.15084686113747
H            2.39281051369678       -1.87353016406247        2.86521167464281
H            3.37138808363352        0.36590062079541        1.19503862206372
H            4.75098314724186       -2.35163224363337        3.52611487773701
H            6.26938298306073       -2.38357649958147        2.62298425159999
H            4.79991839341900       -3.06966326466551        1.92311138153539
H            6.85011628746507       -0.49817765212091        1.29549720327930
H            5.69621913082982        0.81207838946338        1.01325700316957
H            5.55588787152490        1.23045214310834        3.44571912152473
H            6.67827527340904       -0.09265203932773        3.76000633455053
H            7.25042542789196        2.60449797364722        2.44565164849104
H           10.01812279113262       -0.35231723780997        2.68769036563419
H            8.66772122319930       -0.60266947848652        3.79373576605245
H           10.09725277367727        0.28972911114670        4.32318035628095
H           10.41283384160606        2.71373325445109        3.61897829531642
H            9.41288669174862        3.35537398519375        2.31026405513805
H           10.59978862156693        2.08445005590838        1.98716451171995
74
 energy: -94.790916801902 gnorm: 0.000693274004 xtb: 6.7.1 (edcfbbe)
C           -0.18225899016498       -2.60169901687233        1.94136358292071
C            0.04238049876621       -1.32506188616119        1.65372618114832
C           -1.05976794268754       -0.35698876240949        1.31202173277732
C           -1.35221018773355       -0.35756165813831       -0.19102655222866
C           -0.15150000901652        0.07049628850371       -1.04007621461844
C           -0.77331414267023        0.50879457394623       -2.36333264327541
C           -2.09029708331724        1.09818123494826       -1.96530825609863
N           -2.67838702908576        1.88786658491129       -2.75154913349018
O           -3.90651821535795        2.44246786337795       -2.29878151134715
C           -4.96400479764327        2.22034083454465       -3.09954293910171
O           -4.96104138229811        1.50649196998294       -4.06594799564219
C           -6.14194739830217        2.94960043873475       -2.56567807355434
C           -7.48450297580409        2.27410989728355       -2.69733246403208
C           -7.16228524611189        3.43934973355378       -3.56205185168457
C           -2.46273935089644        0.63636514728870       -0.57823734160847
C           -3.88472734742490        0.07239384905317       -0.45003064934264
C           -4.26448398235427       -0.91243130063797       -1.55474268315609
C           -5.71573040190213       -1.36544353478122       -1.41506021824167
C           -6.15886608716262       -2.23144330415818       -2.59124893106715
C           -7.61544511048076       -2.65945171125715       -2.46163672257265
O            1.25263524608736       -0.70883499026550        1.59410147863195
C            2.41258611385557       -1.47348000316746        1.83824283117231
C            3.60344521961160       -0.58829712157766        1.63490675061465
C            4.85422655992379       -0.92396095536576        1.92719016502567
C            5.19539151990359       -2.26058312702138        2.52088398793218
C            5.98953171238496        0.03518530563622        1.72103633804458
C            6.41572000449876        0.67781250754842        3.05562285731881
C            7.55116959789228        1.63010319268801        2.84237072057046
C            8.84710417538194        1.39058760787941        3.00419944647062
C            9.43342211387185        0.08987486219406        3.46747594999253
C            9.87459796749025        2.44863274864283        2.72247541001074
H           -1.18807908957703       -2.97769546146700        1.95732576000714
H            0.59307163473147       -3.30893137677233        2.17024228060140
H           -0.74513418506806        0.64225973363733        1.61883338099593
H           -1.96340044194037       -0.62694238715591        1.85914937238005
H           -1.65566701835918       -1.36658582826080       -0.48501502547624
H            0.57310250396314       -0.73151970132258       -1.16655145843502
H            0.35337522354858        0.91174634538251       -0.56297823614422
H           -0.16798181038187        1.21238295318702       -2.93074652773155
H           -0.97019517470191       -0.35613948072770       -3.00130288664622
H           -5.93561963242857        3.54562509429395       -1.68764596412114
H           -8.18855555661927        2.39575693002427       -1.88822864561852
H           -7.48882860076014        1.29693455558625       -3.15627762755859
H           -7.63599135113934        4.38871229496981       -3.36540156809400
H           -6.94907196098510        3.24888293522015       -4.60258168647584
H           -2.39252624298218        1.51779275483369        0.07306888493513
H           -3.97184055747263       -0.41987468465655        0.52200626549947
H           -4.59777883656927        0.89952748220143       -0.46082918492833
H           -3.60892169071681       -1.78556934330063       -1.52442312964484
H           -4.13800811646399       -0.44013793109736       -2.53075703044122
H           -6.36061384504713       -0.48440175541756       -1.36034658696442
H           -5.83806091309526       -1.92280567487023       -0.48242403394337
H           -5.52316147479331       -3.11821538746356       -2.64858967196442
H           -6.02495743701302       -1.66683689757869       -3.51643681708391
H           -8.26679212625290       -1.78860504250099       -2.42399938626088
H           -7.76511065652688       -3.23659546257348       -1.55124684216684
H           -7.91191991983586       -3.27254633152120       -3.30944119694553
H            2.45076024481916       -2.33246795238420        1.14760866024280
H            2.39104031781681       -1.87359280271575        2.86403242243331
H            3.36981232053713        0.37706527208190        1.21225526094450
H            4.75048178854307       -2.36594328507401        3.51062467088464
H            6.27100868972372       -2.38466736246558        2.61028000096406
H            4.80424361088991       -3.06562344985599        1.89958341526898
H            6.84817368767134       -0.48826848265926        1.29436958651827
H            5.69335711329373        0.82482542438344        1.02864145508029
H            5.56045866849888        1.21956715311027        3.46579292522765
H            6.68392602026941       -0.10645581599184        3.76366821619668
H            7.25146491460100        2.60524814356371        2.47821174089004
H           10.01682388160210       -0.35835478853023        2.66243724502388
H            8.67354520191771       -0.62118368033492        3.77425379209797
H           10.10803126691103        0.26201418155366        4.30578227499228
H           10.41923674006924        2.69733975090834        3.63363047815469
H            9.41447347652291        3.35444904349365        2.33595872856360
H           10.59964628368945        2.08641304887176        1.99377829253004
74
 energy: -94.790926689195 gnorm: 0.000503975242 xtb: 6.7.1 (edcfbbe)
C           -0.18180941818082       -2.59713186010329        1.93508411654146
C            0.04242297874215       -1.31920563568166        1.65304609628635
C           -1.05970561287728       -0.35080724938174        1.31238172966208
C           -1.35164189755788       -0.34972129536463       -0.19067167768511
C           -0.15202182900879        0.08381402186223       -1.03851015458709
C           -0.77507151064894        0.52224807765053       -2.36112625926658
C           -2.09439822140310        1.10612586072890       -1.96271272768065
N           -2.68411377851006        1.89509331787815       -2.74838653181742
O           -3.91479229189379        2.44529055463738       -2.29765899590878
C           -4.96981705116739        2.21936173091735       -3.10054407608583
O           -4.96257276419438        1.50419479409624       -4.06599909025428
C           -6.15125233496004        2.94537344778801       -2.57024577798858
C           -7.49087018192066        2.26495268615422       -2.70642593803256
C           -7.17097821535183        3.43263185623360       -3.56858133451817
C           -2.46533196795228        0.64123223930216       -0.57627603405318
C           -3.88537650109911        0.07269547614723       -0.44775033021279
C           -4.26235033086938       -0.91340841671141       -1.55219832765856
C           -5.71272208817143       -1.36970452389126       -1.41353685434117
C           -6.15564474082649       -2.22960915658933       -2.59426454335287
C           -7.61067213149304       -2.66290017036131       -2.46474990591361
O            1.25231976349257       -0.70177157436003        1.59859399896638
C            2.41216146145175       -1.46741552312553        1.83926381296590
C            3.60288357757619       -0.58102408439363        1.64161974904342
C            4.85407376761526       -0.92001693583027        1.92806230463983
C            5.19582446428785       -2.26227537907021        2.50792653449716
C            5.98912835442432        0.04075981936278        1.72867617431054
C            6.42019318129097        0.66869830647615        3.06840268715005
C            7.55434070744547        1.62371125166489        2.86052635565415
C            8.85113814182980        1.38175659532034        3.01025482443830
C            9.43952364945714        0.07511497134544        3.45251294701400
C            9.87727297761656        2.44276055384168        2.73535323730685
H           -1.18754674768380       -2.97353114624089        1.94723758317285
H            0.59325442020367       -3.30485943136792        2.16318992421165
H           -0.74523559933817        0.64805830492735        1.62052530951462
H           -1.96346574549889       -0.62151512938653        1.85887652606506
H           -1.65161296245288       -1.35920262903321       -0.48655265566387
H            0.57521337355031       -0.71560840205295       -1.16622971007819
H            0.35003799178083        0.92588660405567       -0.55990217065719
H           -0.17236375087909        1.22931338137445       -2.92681487396584
H           -0.96832294977129       -0.34200488262640       -3.00094177035768
H           -5.94938215152714        3.54183218326226       -1.69150231674595
H           -8.19799991178530        2.38172012072001       -1.89955293014370
H           -7.48876436525770        1.28870305423940       -3.16717459917719
H           -7.64857908106081        4.37970361064178       -3.37038021859493
H           -6.95538838929939        3.24568802835718       -4.60910780570581
H           -2.39741602448928        1.52216847248868        0.07596859633526
H           -3.97078543901931       -0.41965219311731        0.52447496829505
H           -4.60103287289313        0.89762274083565       -0.45849750902200
H           -3.60500954789922       -1.78521006083947       -1.52113102419797
H           -4.13603713599332       -0.44110421415297       -2.52827431600471
H           -6.35915454687048       -0.49016836930641       -1.35303663932996
H           -5.83310820501662       -1.93268383460954       -0.48403091206413
H           -5.51731245837214       -3.11405100892626       -2.65859257048936
H           -6.02509347839303       -1.65855983789429       -3.51599959471027
H           -8.26476224426720       -1.79437998291911       -2.42216975571257
H           -7.75736414995825       -3.24480872619957       -1.55694183659845
H           -7.90622219688310       -3.27291972099421       -3.31501118134257
H            2.45092568820126       -2.32253439755029        1.14401516848146
H            2.39026289481272       -1.87327549799124        2.86279206303114
H            3.36883026429043        0.38860580174094        1.22912476603208
H            4.74556670703537       -2.38085030063127        3.49372689543558
H            6.27124179711863       -2.38430618913425        2.60183218520588
H            4.81050985493531       -3.06097635427860        1.87493772866430
H            6.84601615464491       -0.47834996425682        1.29344538793268
H            5.69093848096062        0.83788253452640        1.04593306651622
H            5.56627653834189        1.20540123313100        3.48780347634196
H            6.69167595585010       -0.12292698444300        3.76686844656462
H            7.25259450655072        2.60332392265146        2.51118378605104
H           10.01599106588579       -0.36366645161744        2.63760740639989
H            8.68120551161687       -0.63871969774468        3.75655952210814
H           10.12086495055797        0.23628013877083        4.28730115057696
H           10.42589465975638        2.68200190201593        3.64628578836176
H            9.41542843083030        3.35219880292079        2.36064110364267
H           10.59909055069139        2.08865081361260        1.99979238785893
74
 energy: -94.790935376732 gnorm: 0.001741058528 xtb: 6.7.1 (edcfbbe)
C           -0.18062871520808       -2.59106647094039        1.92450432542933
C            0.04201591573159       -1.31064581801860        1.65229089773864
C           -1.06049559625657       -0.34200783477118        1.31377051505426
C           -1.35087601055993       -0.33706654834749       -0.18954834359016
C           -0.15258803324287        0.10567888002233       -1.03469819123993
C           -0.77674637659602        0.54437519021278       -2.35673755726031
C           -2.10006901857630        1.11944195661590       -1.95808351484421
N           -2.69290397240841        1.90679744311114       -2.74303140226010
O           -3.92800939143891        2.44911944167987       -2.29503746147280
C           -4.97877900016882        2.21754225452073       -3.10202906413997
O           -4.96368397567699        1.50215896938128       -4.06750064493432
C           -6.16667389190347        2.93627268636707       -2.57625973090315
C           -7.50165669237835        2.24819589363767       -2.72209338241898
C           -7.18413182593372        3.42098073407477       -3.57840881492972
C           -2.46894438539245        0.64983493265749       -0.57263733853091
C           -3.88633531070116        0.07496627821658       -0.44378803231529
C           -4.25973974828297       -0.91143348903188       -1.54911188931183
C           -5.70850186783212       -1.37351665943782       -1.41177012452491
C           -6.14875929168628       -2.22814359182411       -2.59747161047365
C           -7.60147668599073       -2.66959452710120       -2.46935508691843
O            1.25097850498584       -0.69049130821956        1.60662021398530
C            2.41132952378904       -1.45742304368693        1.83945936718108
C            3.60127101824645       -0.56824984699562        1.65053210465415
C            4.85327487056239       -0.91224046206733        1.92777794096315
C            5.19620213611062       -2.26386753399890        2.48541403597739
C            5.98782459848351        0.05141361426778        1.73963858706421
C            6.42643660556785        0.65454931741534        3.08854065197692
C            7.55877446635769        1.61423629498054        2.89116999776686
C            8.85706935412316        1.36690500435573        3.02102940234469
C            9.44834974777819        0.04869573808818        3.42746189773905
C            9.88143370630254        2.43282490747651        2.75817608723261
H           -1.18575347864592       -2.96933948752013        1.93026640364506
H            0.59484202423682       -3.29886151789525        2.15101442499157
H           -0.74682327943444        0.65621373936052        1.62505375591880
H           -1.96460510186384       -0.61483613480992        1.85871589230235
H           -1.64547337609638       -1.34698649195082       -0.48950892590143
H            0.57927393739630       -0.68928991107193       -1.16403581934628
H            0.34427863829591        0.94928142423218       -0.55317572930472
H           -0.17768594926140        1.25684721733546       -2.91972133912806
H           -0.96418614513983       -0.31914324438379       -2.99945550555434
H           -5.97283354544078        3.53177695213478       -1.69485000890063
H           -8.21432850292291        2.35688513278984       -1.91893866112386
H           -7.48993284437248        1.27376084931493       -3.18675547936223
H           -7.66814751858554        4.36438348431869       -3.37805123501248
H           -6.96262994726759        3.24017085169761       -4.61888783871286
H           -2.40402065594069        1.52985062297949        0.08125508956856
H           -3.96911391150573       -0.41876795576467        0.52810350400860
H           -4.60555107224776        0.89691549311816       -0.45329118150115
H           -3.59933944511207       -1.78102557897909       -1.51852031642136
H           -4.13451274224987       -0.43781238720365       -2.52478741955993
H           -6.35807699474729       -0.49656869585368       -1.34570889862491
H           -5.82610917802431       -1.94234883683732       -0.48539157820776
H           -5.50585182325572       -3.10891830719146       -2.66844107563401
H           -6.02219640961385       -1.65031402362825       -3.51563107488004
H           -8.26035123806450       -1.80483625744949       -2.42166463618694
H           -7.74448873463088       -3.25731407494701       -1.56463260809690
H           -7.89408166087817       -3.27665885706731       -3.32280344975266
H            2.45052602120489       -2.30565990763254        1.13583017905146
H            2.39035398357665       -1.87354568546484        2.85901778142129
H            3.36600019179520        0.40811998673599        1.25393516534153
H            4.73984160787037       -2.40222570052625        3.46622059520975
H            6.27149090218988       -2.38422724065950        2.58395122590670
H            4.81765760921914       -3.05217167104224        1.83505720415334
H            6.84195498377882       -0.46036389472992        1.28995407917198
H            5.68624465588844        0.86146228879378        1.07326088853760
H            5.57478112088935        1.18291781060323        3.52327798100165
H            6.70267872461071       -0.15007933068032        3.77067597072686
H            7.25413502085240        2.60226181295846        2.56696408767498
H           10.01290897304181       -0.37435119589864        2.59524503435235
H            8.69236095591732       -0.66991635304829        3.72649804201227
H           10.14121767783347        0.19025121828192        4.25719255906929
H           10.43901806223939        2.65254905159108        3.66959062928113
H            9.41662599972483        3.35113519407881        2.40653645332308
H           10.59594180709443        2.09253720875735        2.00815685486027
74
 energy: -94.790948832489 gnorm: 0.000975976258 xtb: 6.7.1 (edcfbbe)
C           -0.18003878815741       -2.58666286009427        1.92171940308328
C            0.04170349521835       -1.30535149571138        1.65339723003326
C           -1.06052744941076       -0.33660324126368        1.31467242331916
C           -1.35085818021887       -0.33232051178874       -0.18860978206102
C           -0.15356783822378        0.11217694036060       -1.03401771544290
C           -0.77903731109146        0.54771404502230       -2.35644673795517
C           -2.10251952866501        1.12209847020400       -1.95769179176285
N           -2.69556701527746        1.90967515216345       -2.74218643339600
O           -3.93126421282706        2.45057714661573       -2.29437984039805
C           -4.98135594283503        2.21552676027200       -3.10116991809133
O           -4.96386607208869        1.49969145877353       -4.06627463145105
C           -6.17139521819038        2.93129193758264       -2.57678902089092
C           -7.50412035937472        2.23938106430731       -2.72396862515533
C           -7.18915366178266        3.41278159763913       -3.58025086974561
C           -2.47055426919550        0.65256698807996       -0.57196198596195
C           -3.88724019112592        0.07622921948746       -0.44233508473901
C           -4.26045938549303       -0.90827376662637       -1.54936978564482
C           -5.70840351107649       -1.37305426614030       -1.41188692798175
C           -6.14750018506657       -2.22305308866585       -2.60136111900033
C           -7.59826962478845       -2.67100317587480       -2.47394633995967
O            1.25030126560300       -0.68415187796271        1.61216359569551
C            2.41079638735890       -1.45217594433761        1.83940851000830
C            3.60083453653644       -0.56263642761965        1.65344321200344
C            4.85257742015275       -0.90879138829035        1.92862454838614
C            5.19434339937633       -2.26327789772236        2.47896717480161
C            5.98807012663239        0.05409119356886        1.74444382640086
C            6.43083347954683        0.64627613307754        3.09634576826307
C            7.56182178401564        1.60788861160949        2.90207318811490
C            8.86055286749222        1.36106291642865        3.02481611643529
C            9.45395297385515        0.04164021551223        3.42003206259051
C            9.88312305463870        2.42919961765123        2.76475094307444
H           -1.18460488898152       -2.96635689108175        1.92397790843748
H            0.59590781247353       -3.29390323997363        2.14837423180831
H           -0.74610359353191        0.66158812366729        1.62521165147163
H           -1.96472813941649       -0.60847941079811        1.85994556219607
H           -1.64378691596879       -1.34263047794664       -0.48858020298826
H            0.58067781600892       -0.68073842492889       -1.16217286815374
H            0.34063782263193        0.95793765697487       -0.55364025151986
H           -0.18117722527938        1.25900968998068       -2.92202901373774
H           -0.96680833346636       -0.31764541463955       -2.99647692462133
H           -5.98021462799838        3.52744836209982       -1.69534325704762
H           -8.21778486465506        2.34631278554158       -1.92165880565781
H           -7.48903310757187        1.26489119287773       -3.18809264617755
H           -7.67620953741889        4.35476750864593       -3.38096399343419
H           -6.96580405592308        3.23216911459624       -4.62028107956277
H           -2.40632330975398        1.53295056835969        0.08147514165964
H           -3.96797194230053       -0.41963998960487        0.52864042856797
H           -4.60740928324322        0.89739640696751       -0.44904494292938
H           -3.59863661632779       -1.77690732127442       -1.52151088187576
H           -4.13691877946271       -0.43229240264818       -2.52410577763877
H           -6.35944501661004       -0.49754791506335       -1.34140712742354
H           -5.82419434770274       -1.94616163624785       -0.48791557295017
H           -5.50137897119169       -3.10096143943357       -2.67794484546774
H           -6.02448313784418       -1.63996914752015       -3.51668997752037
H           -8.26078535940861       -1.80934024518486       -2.42075536331206
H           -7.73779181896655       -3.26441728487651       -1.57235875110820
H           -7.88917436265814       -3.27463060467957       -3.33044960446114
H            2.44851194275030       -2.29711018728788        1.13181098224271
H            2.39172312413998       -1.87313042194133        2.85696067460893
H            3.36616771693416        0.41479143952521        1.26049981964761
H            4.73068177868876       -2.40950614327999        3.45489398020719
H            6.26916314291993       -2.38218198586110        2.58476156380115
H            4.82238038297425       -3.04743555696413        1.82014887891689
H            6.84018664052895       -0.45518751359727        1.28854956986487
H            5.68564895661824        0.86927120091886        1.08534091964265
H            5.58053438587166        1.17035718178782        3.53848208175021
H            6.71009223691438       -0.16328707133002        3.77075993361149
H            7.25535197530601        2.59727781840618        2.58616221593630
H           10.01284599592786       -0.37676568653801        2.58256530483801
H            8.69977082876148       -0.67826537981450        3.72016437430144
H           10.15213723309754        0.17889831179105        4.24524233038329
H           10.44460887493674        2.64331573823730        3.67462348983962
H            9.41618162848891        3.34897659626082        2.42139498187208
H           10.59434589433324        2.09461856910113        2.00956932476749
74
 energy: -94.790961860624 gnorm: 0.001050090773 xtb: 6.7.1 (edcfbbe)
C           -0.17884806074362       -2.57986111658778        1.91340899567022
C            0.04101761387390       -1.29646635348953        1.65365465399257
C           -1.06171123025719       -0.32776180795510        1.31661157688529
C           -1.35097201338214       -0.32106603182170       -0.18685189336236
C           -0.15481089857136        0.13030912735146       -1.03025115122074
C           -0.78161928129889        0.56208777121560       -2.35321746920286
C           -2.10702623783370        1.13216612239770       -1.95470444928982
N           -2.70282796615918        1.91775112449301       -2.73910133180076
O           -3.94182372834078        2.45223392665737       -2.29229303784613
C           -4.98906351528965        2.21176528169412       -3.10133186356894
O           -4.96503822156905        1.49715191681155       -4.06717032922059
C           -6.18475398456221        2.91960238387914       -2.57932990245510
C           -7.51341379260480        2.22149443157190       -2.73297001152928
C           -7.20056793600115        3.39719457992125       -3.58664162453973
C           -2.47382193223565        0.66067200803395       -0.56922629586401
C           -3.88879220955849        0.07996036161666       -0.43992557758358
C           -4.26022066311467       -0.90177886836198       -1.55002571261754
C           -5.70631415365214       -1.37255139548357       -1.41333707825317
C           -6.14294768214994       -2.21745803453464       -2.60711912885669
C           -7.59039846405853       -2.67613610863338       -2.48028620474293
O            1.24869655503459       -0.67294770547158        1.62020914013935
C            2.40993022139115       -1.44177624172821        1.83979003316690
C            3.59964334259083       -0.55027712515357        1.66110012919059
C            4.85166557670571       -0.90152321175050        1.92897479969586
C            5.19245492509681       -2.26401283308371        2.46068455786883
C            5.98809857978612        0.06207441062780        1.75479933910981
C            6.43871607768242        0.63167634232411        3.11397671433355
C            7.56783399383311        1.59711682766404        2.92827812812335
C            8.86763484870160        1.34796980875352        3.03476494375597
C            9.46463496969008        0.02077134893288        3.39955863941871
C            9.88796928629317        2.42056417999897        2.78421680555226
H           -1.18237241560186       -2.96211561649084        1.91024374707176
H            0.59817906053794       -3.28639001530681        2.13864090043284
H           -0.74787867321947        0.67001955341597        1.62913960117023
H           -1.96607733957440       -0.60108041433291        1.86095648836146
H           -1.63969731660989       -1.33185681040147       -0.48955004953133
H            0.58443140364465       -0.65813000382371       -1.15749865155033
H            0.33354370673428        0.97924588338971       -0.54930926241584
H           -0.18624916556780        1.27429144909261       -2.92028783203921
H           -0.96691783475863       -0.30513791061266       -2.99165284433645
H           -6.00012797005631        3.51510568242284       -1.69615573274769
H           -8.23073570899869        2.32499777016185       -1.93345443810039
H           -7.49250454416333        1.24742846984523       -3.19755161300446
H           -7.69333331068490        4.33663403311367       -3.38965591713646
H           -6.97102508333129        3.21779175883048       -4.62550924437064
H           -2.41191283583505        1.54091156754702        0.08468332503024
H           -3.96700977122527       -0.41968375286075        0.52924901005749
H           -4.61124155860749        0.89914478090561       -0.44277585360492
H           -3.59509595423593       -1.76802647601592       -1.52661527519322
H           -4.13976032764762       -0.42178009955432       -2.52307570927292
H           -6.36072389976738       -0.50012677639348       -1.33731631572732
H           -5.81901403962492       -1.95120554237662       -0.49256885820302
H           -5.49147059848771       -3.09060302747373       -2.69048654719276
H           -6.02494950797196       -1.62766846370811       -3.51872076214030
H           -8.25828939585792       -1.81929886261766       -2.41873524577167
H           -7.72430231977301       -3.27785382116773       -1.58332802635711
H           -7.87911913053386       -3.27454385404842       -3.34112337539708
H            2.44747349947057       -2.28053108065048        1.12486377286207
H            2.39231274214715       -1.87177328747748        2.85364621603291
H            3.36446216061033        0.43294133779947        1.28181540107887
H            4.72030418660511       -2.42799905533838        3.42996031985595
H            6.26654802269030       -2.38168853861627        2.57417157079455
H            4.82900151307739       -3.03842087261067        1.78539152129337
H            6.83692945464219       -0.44165933135699        1.28690314324644
H            5.68429960406742        0.88824317911247        1.11014606952323
H            5.59085734067307        1.14776175763150        3.56997311799400
H            6.72275947919979       -0.18875997880884        3.77316706152230
H            7.25836383971579        2.59293676306259        2.63438618955677
H           10.01132862279318       -0.38441907387573        2.54696060741491
H            8.71339536711615       -0.70311270447116        3.69774702090877
H           10.17432283518177        0.14281798745978        4.21775818001717
H           10.45674251024737        2.62046483290438        3.69209348566610
H            9.41829177131076        3.34497838150923        2.45962294372536
H           10.59293756254404        2.09920506176624        2.01795132088467
74
 energy: -94.790972022790 gnorm: 0.000930946542 xtb: 6.7.1 (edcfbbe)
C           -0.17886005230351       -2.57425200127728        1.90715778895850
C            0.03976270407810       -1.28927859653674        1.65415104029354
C           -1.06371295685338       -0.32061720692535        1.31927304253861
C           -1.35252783572727       -0.31232705916522       -0.18427231550505
C           -0.15661226568029        0.14221910313906       -1.02614582047481
C           -0.78370454470707        0.56958310501429       -2.35035427099201
C           -2.10944482559544        1.13922760464517       -1.95283821840737
N           -2.70723840569377        1.92235172617185       -2.73817315603146
O           -3.94842161017531        2.45249937381158       -2.29144374635099
C           -4.99404528900507        2.20807653606002       -3.10150107026130
O           -4.96546207499190        1.49579063442793       -4.06883188904792
C           -6.19415654114828        2.90814031168354       -2.57911786604192
C           -7.51969800567259        2.20519460837106       -2.73657421238960
C           -7.20880383874180        3.38232505868648       -3.58902241924496
C           -2.47645691464914        0.66793815726317       -0.56726716310132
C           -3.89066253456622        0.08479064483957       -0.43927318577785
C           -4.26108193164487       -0.89336711054108       -1.55292469937933
C           -5.70546370534115       -1.36918952477390       -1.41694485926647
C           -6.13941691519763       -2.21230622300376       -2.61287813891138
C           -7.58412852963470       -2.67919666453362       -2.48571943089216
O            1.24675720339563       -0.66440265064207        1.62542699510658
C            2.40875494127335       -1.43386880166886        1.83892478117065
C            3.59841064539876       -0.54105512107623        1.66605946044967
C            4.85039774288906       -0.89563126994131        1.92943923749992
C            5.18995353866708       -2.26334797132198        2.44816781756449
C            5.98826151577680        0.06759683679054        1.76247777965363
C            6.44588319941945        0.62068837338238        3.12608969836050
C            7.57406667411308        1.58822836360376        2.94637854259344
C            8.87448301397645        1.33783357850308        3.04129878367808
C            9.47365397540578        0.00653251415597        3.38537736004498
C            9.89300896446830        2.41432258737716        2.79906109898293
H           -1.18160227820120       -2.95822523147047        1.90101545655215
H            0.59911884986855       -3.28053102483117        2.13003521991473
H           -0.75067580202217        0.67690059563046        1.63338382266906
H           -1.96793247769368       -0.59548057253539        1.86310411982100
H           -1.63929324507388       -1.32331129025038       -0.48830295135584
H            0.58571176370214       -0.64354333534404       -1.15125109391098
H            0.32774693080811        0.99371177560636       -0.54565154948286
H           -0.18897172396144        1.28015137405615       -2.92013027687714
H           -0.96886830450076       -0.30009378711371       -2.98580697886262
H           -6.01403094716086        3.50271664752706       -1.69449140871095
H           -8.23905542432671        2.30740875332353       -1.93839080081757
H           -7.49592253233114        1.23090743347839       -3.20074003020155
H           -7.70597106407437        4.32014059965717       -3.39535374948090
H           -6.97392703792632        3.20231700491862       -4.62675903658955
H           -2.41617652199991        1.54838825076158        0.08647078859675
H           -3.96802856254278       -0.41855898580753        0.52791957226671
H           -4.61405509166318        0.90300868353821       -0.43907215794762
H           -3.59315662256324       -1.75748081912311       -1.53414793361818
H           -4.14363942450848       -0.40933449417682       -2.52419059304789
H           -6.36266377900583       -0.49919675731025       -1.33830046262739
H           -5.81575500249014       -1.95059837602122       -0.49773724427889
H           -5.48339443480800       -3.08154208922993       -2.69985045856721
H           -6.02550886267371       -1.61890742045239       -3.52254359572544
H           -8.25635109620449       -1.82635214120896       -2.41706932555627
H           -7.71279911940452       -3.28751438918562       -1.59249456618918
H           -7.87166623939881       -3.27337402755988       -3.34985883114767
H            2.44618960840310       -2.26755958243320        1.11803567079458
H            2.39213239952407       -1.87114079421243        2.84969974686730
H            3.36323472065778        0.44521943656912        1.29530578106432
H            4.71158399586397       -2.43908514832027        3.41187301603699
H            6.26335659715963       -2.38083952902495        2.56737486237304
H            4.83254109954403       -3.03037018669673        1.76174143542237
H            6.83430208657936       -0.43247032686670        1.28588967084497
H            5.68406800798053        0.90171780999310        1.12852247616536
H            5.60019406436914        1.13085564191155        3.59215960992971
H            6.73332586927333       -0.20760940317908        3.77365110996746
H            7.26318242333884        2.58693226573480        2.66643983149601
H           10.01052328941456       -0.39005523743978        2.52301224785387
H            8.72487839139852       -0.71967704143181        3.68406877220749
H           10.19230158731127        0.11946039768139        4.19652812283917
H           10.46973965794293        2.59971598292385        3.70594341361492
H            9.42053537449566        3.34465416049257        2.49278186766159
H           10.59128353554489        2.10414626036286        2.02153032057408
74
 energy: -94.790977121359 gnorm: 0.000789927483 xtb: 6.7.1 (edcfbbe)
C           -0.17930323599747       -2.57166980340828        1.90432324249725
C            0.03918521234718       -1.28624474460644        1.65367319059010
C           -1.06519312496135       -0.31783365127284        1.32067854013536
C           -1.35364747606897       -0.30794310289933       -0.18295257916023
C           -0.15766901800496        0.14772649289626       -1.02399233337905
C           -0.78413634561270        0.57435264449946       -2.34867474095715
C           -2.11091575352281        1.14257242500005       -1.95221875932102
N           -2.71007222642627        1.92369752978551       -2.73852259597180
O           -3.95226148609403        2.45178645141119       -2.29184630076858
C           -4.99719673247562        2.20593027024047       -3.10231903109032
O           -4.96686389473001        1.49530725311170       -4.07069887599555
C           -6.19893029510267        2.90291946574382       -2.57963174454995
C           -7.52325212923725        2.19807563986987       -2.73775022975561
C           -7.21345397095493        3.37539424297230       -3.59034531353475
C           -2.47818025197701        0.67138883647589       -0.56660839074726
C           -3.89210808587362        0.08707470846597       -0.44004777910317
C           -4.26097164184002       -0.88994387391859       -1.55525791566725
C           -5.70465813831385       -1.36772024584508       -1.41943825018859
C           -6.13763624023355       -2.21066608695758       -2.61593083524033
C           -7.58147173500465       -2.67983356025240       -2.48752759000450
O            1.24597546948627       -0.66112759398623        1.62535251156252
C            2.40818275324537       -1.43024237482357        1.83959304955314
C            3.59796850748758       -0.53660755725974        1.67091239943737
C            4.85013488478723       -0.89311367941804        1.93119964138668
C            5.18957565481970       -2.26400024679674        2.44215509695722
C            5.98891095020637        0.06932829289846        1.76631428061799
C            6.44968433692713        0.61654304610628        3.13118666758061
C            7.57773934818060        1.58484316939793        2.95417599932487
C            8.87825133632314        1.33395998401712        3.04497347040275
C            9.47824724815862        0.00021994025851        3.37866379666991
C            9.89638017201930        2.41138152636502        2.80637414535150
H           -1.18205186772711       -2.95570437671079        1.89785589374425
H            0.59880125977558       -3.27849558373362        2.12501008749493
H           -0.75340052558396        0.67951318514686        1.63637968263655
H           -1.96909847973839       -0.59467130792225        1.86402294572666
H           -1.63972264916742       -1.31883981954607       -0.48789650722057
H            0.58575011128470       -0.63712727976580       -1.14828166293232
H            0.32514409964485        0.99984421542876       -0.54314100726058
H           -0.18948769260253        1.28502773776413       -2.91857575082231
H           -0.96838933244529       -0.29590002509968       -2.98368570435330
H           -6.02021261123737        3.49727189291300       -1.69466858697038
H           -8.24292106945133        2.30026267290267       -1.93973629940203
H           -7.49882156334178        1.22344033579702       -3.20123879580854
H           -7.71229242359239        4.31266389835525       -3.39840387658161
H           -6.97683523151859        3.19459732645522       -4.62756283596830
H           -2.41923244835923        1.55172749159800        0.08732525807208
H           -3.96963193202822       -0.41761211313429        0.52637818554116
H           -4.61617276422017        0.90465194681505       -0.43939345694036
H           -3.59178610355629       -1.75301421535479       -1.53758417808249
H           -4.14427489659369       -0.40460429776016       -2.52588386081039
H           -6.36284715397494       -0.49849791297049       -1.34042463945265
H           -5.81422523991286       -1.94971214694377       -0.50046314508242
H           -5.48014439352407       -3.07864470337158       -2.70415203387389
H           -6.02573924115199       -1.61653164762454       -3.52537910854423
H           -8.25499131336927       -1.82835531668831       -2.41506872933952
H           -7.70737547816061       -3.29084060867124       -1.59586918294100
H           -7.86985193722420       -3.27205232138642       -3.35271406716262
H            2.44741296715964       -2.26259954851390        1.11735324710575
H            2.38960056680755       -1.86936082208694        2.84943895310369
H            3.36297787118850        0.45083528491230        1.30414111405903
H            4.71038348613179       -2.44538680304967        3.40426512391287
H            6.26286474577438       -2.38217904847734        2.56153157828941
H            4.83280672017940       -3.02698777136360        1.75077279147066
H            6.83354699441936       -0.42974487767326        1.28600841837610
H            5.68444513804530        0.90638186111375        1.13642541634592
H            5.60520945366654        1.12475107594808        3.60166177484783
H            6.73832665209467       -0.21482481994609        3.77422035792092
H            7.26638709263894        2.58602904154612        2.68215714222256
H           10.01017526007442       -0.39194043387107        2.51105747317041
H            8.73050041522210       -0.72729001988678        3.67695681742317
H           10.20139935978895        0.10776628984302        4.18673298141044
H           10.47469629156789        2.59202093153269        3.71235432828307
H            9.42371351285786        3.34260016632436        2.50617966055704
H           10.59305025878279        2.10597706854093        2.02642628656057
74
 energy: -94.790981409698 gnorm: 0.001240804418 xtb: 6.7.1 (edcfbbe)
C           -0.17982501251367       -2.56761719155858        1.89918398840986
C            0.03849748941953       -1.28129054426604        1.65269961720075
C           -1.06699351189676       -0.31312573370166        1.32226141879705
C           -1.35478933485523       -0.30085882073181       -0.18149431966572
C           -0.15892705955438        0.15772359855827       -1.02108042900565
C           -0.78480442991871        0.58475518153489       -2.34584124301866
C           -2.11365830447946        1.14914220330512       -1.95045039627027
N           -2.71458443500202        1.92796466580402       -2.73766871948007
O           -3.95892406887539        2.45228632002318       -2.29230299402184
C           -5.00210317234278        2.20389358700829       -3.10428448022515
O           -4.96846160890912        1.49456744827646       -4.07355391001618
C           -6.20669384588340        2.89667731721231       -2.58238640818064
C           -7.52858488860244        2.18755111944652       -2.74217143101415
C           -7.22178584608349        3.36638478373352       -3.59382189639056
C           -2.48081708864564        0.67677627074206       -0.56516598202371
C           -3.89381260270542        0.08977866271718       -0.44043501290358
C           -4.25946620167630       -0.88762265937970       -1.55639590126722
C           -5.70245042806782       -1.36776996964378       -1.42168117504631
C           -6.13461253393436       -2.20926373498103       -2.61961888522030
C           -7.57728119716484       -2.68193423129574       -2.49005427164456
O            1.24503429055143       -0.65553763969104        1.62588886297124
C            2.40733445375536       -1.42486057935634        1.84034617880336
C            3.59723265887337       -0.53003479408372        1.67795489524054
C            4.84979052528463       -0.88937208678062        1.93280975163116
C            5.18957782198300       -2.26500228309027        2.43131116917971
C            5.98899954460185        0.07352717088608        1.77255155931388
C            6.45475745957880        0.60972106970218        3.14072392992770
C            7.58250177788403        1.57928406114611        2.96791370805568
C            8.88352698206385        1.32644152928539        3.05000885037057
C            9.48457068108409       -0.01154934532500        3.36647481337462
C            9.90115869432991        2.40608726906978        2.81892020954897
H           -1.18275918953872       -2.95144397869511        1.89162815029470
H            0.59812111014738       -3.27544049628022        2.11707592117503
H           -0.75682785495491        0.68390822892901        1.64034753226270
H           -1.97054646787086       -0.59267312764261        1.86478071665805
H           -1.63906897454225       -1.31177323384075       -0.48817444823606
H            0.58596571012426       -0.62577583897285       -1.14540844096537
H            0.32195496290668        1.01013531805543       -0.53882493186234
H           -0.19108070946855        1.29750259677234       -2.91415326648253
H           -0.96631303747690       -0.28509516112630       -2.98212357723118
H           -6.03077829103475        3.49103816018984       -1.69681037960411
H           -8.24933466557203        2.28701159096018       -1.94472730056799
H           -7.50064358626292        1.21314096919560       -3.20613406985568
H           -7.72395728966382        4.30193649263925       -3.40186433682981
H           -6.98361068238546        3.18689512219960       -4.63089091386944
H           -2.42414940919471        1.55674092467153        0.08942535738643
H           -3.97127996123288       -0.41558655466315        0.52559847990499
H           -4.61956621551827        0.90586650375264       -0.44007886416703
H           -3.58869123373483       -1.74941193505727       -1.53846139993842
H           -4.14281259328744       -0.40176488872097       -2.52669694058507
H           -6.36200417996573       -0.49959345994584       -1.34132487991117
H           -5.81140086889207       -1.95153747272831       -0.50364298161910
H           -5.47533088952372       -3.07578217757394       -2.71040224136513
H           -6.02501935103736       -1.61307897131106       -3.52821765544859
H           -8.25223366039431       -1.83182656176654       -2.41343960041412
H           -7.70016144664841       -3.29594405239890       -1.59992930786316
H           -7.86638264500743       -3.27204212211270       -3.35655248391925
H            2.44896085220605       -2.25464694026905        1.11512492413014
H            2.38613731111212       -1.86781440141102        2.84861186889539
H            3.36193774770373        0.46106281797682        1.32047014835295
H            4.70943316487220       -2.45615038397999        3.39146429377038
H            6.26297886765728       -2.38344657330276        2.55037651178907
H            4.83383299977534       -3.02184976270292        1.73194762659252
H            6.83155247790940       -0.42302627728161        1.28541510771100
H            5.68339156609737        0.91598677656269        1.14985285605160
H            5.61216588935055        1.11470669298350        3.61870616706193
H            6.74565971968245       -0.22709472038320        3.77626441028831
H            7.27042445588749        2.58369635059612        2.70774399511674
H           10.00918911607712       -0.39634999109282        2.49070142624600
H            8.73811786243881       -0.74077045147452        3.66372543632725
H           10.21431117999346        0.08715297234133        4.17004578051143
H           10.48365274457842        2.57595778677591        3.72476105478618
H            9.42749328097020        3.34140303105251        2.53150482583438
H           10.59426537560475        2.10905455396247        2.03198878751581
74
 energy: -94.790985279169 gnorm: 0.001162362505 xtb: 6.7.1 (edcfbbe)
C           -0.18124200919575       -2.56483712373416        1.89769580224691
C            0.03777785676451       -1.27874334716805        1.65098212478275
C           -1.06968273431317       -0.31152753122253        1.32339340174329
C           -1.35720699276375       -0.29750263197297       -0.18043903795159
C           -0.16040368368587        0.16091753096306       -1.01877294364226
C           -0.78438935937716        0.58970319721824       -2.34377114259860
C           -2.11440922138975        1.15254559219393       -1.95004834365689
N           -2.71610151864978        1.92876883252512       -2.73923308183451
O           -3.96175163732844        2.45146170532123       -2.29543908507814
C           -5.00419159516643        2.20299678492305       -3.10821095713798
O           -4.97009226546182        1.49518733687739       -4.07858050399830
C           -6.20951974583888        2.89345316987713       -2.58462744651523
C           -7.52989034920021        2.18037653963338       -2.73964494747728
C           -7.22889472838356        3.35918967501345       -3.59348792931509
C           -2.48276110973774        0.68038185636630       -0.56499007812526
C           -3.89555970569994        0.09226468883502       -0.44352938975891
C           -4.25800824661803       -0.88639268785531       -1.55947637929157
C           -5.70133735352580       -1.36562192269203       -1.42696876761633
C           -6.13407840026304       -2.20917472762129       -2.62315490262376
C           -7.57663596047645       -2.68138710518534       -2.49084261071498
O            1.24451471724315       -0.65353360020481        1.62018421272517
C            2.40640282253489       -1.42228443743438        1.84200792246084
C            3.59706753472197       -0.52780806149626        1.68392374978479
C            4.84991997765498       -0.88873998270057        1.93484309815665
C            5.18977801256600       -2.26568967742115        2.42714349285485
C            5.98972245288227        0.07399859053781        1.77551071099298
C            6.45875112622973        0.60818405257680        3.14302534695050
C            7.58749395391222        1.57676236939774        2.97079901386352
C            8.88834752682798        1.32342758734452        3.05183919611499
C            9.48846944935706       -0.01521144256330        3.36195547537876
C            9.90696188061041        2.40321203463596        2.82623879563367
H           -1.18513637757630       -2.94652064832104        1.89332888183956
H            0.59588103225588       -3.27443617016243        2.11224279788671
H           -0.76242254001467        0.68549892888305        1.64405014113681
H           -1.97238773634611       -0.59507405428388        1.86518381088318
H           -1.64173264979865       -1.30820024385689       -0.48788152710985
H            0.58351390569375       -0.62352749784764       -1.14307450337448
H            0.32119748986139        1.01212789255718       -0.53515138594673
H           -0.19010877129822        1.30406226610527       -2.90943962743928
H           -0.96388593599524       -0.27892107027347       -2.98216690988734
H           -6.03287928357809        3.48921642688609       -1.70008781048658
H           -8.24859688600617        2.27836128692838       -1.94017831927990
H           -7.50057361427139        1.20559817201367       -3.20284014200252
H           -7.73307488050679        4.29345641210486       -3.40053275716854
H           -6.99381424137721        3.17971309778834       -4.63116979002075
H           -2.42804515417530        1.56014727273756        0.08992110589398
H           -3.97485444650181       -0.41272531328064        0.52249695824153
H           -4.62209432815060        0.90761776317020       -0.44515657842960
H           -3.58735051598379       -1.74811959171640       -1.53921164259841
H           -4.13930330781520       -0.40160576522461       -2.52996536002161
H           -6.36052681398563       -0.49697259227211       -1.34929893615101
H           -5.81218545221733       -1.94748844529036       -0.50802037282569
H           -5.47524844754734       -3.07611307511012       -2.71274681491129
H           -6.02482183957735       -1.61486183042783       -3.53303625499101
H           -8.25015426680025       -1.83041518573234       -2.41261000122506
H           -7.69781705169381       -3.29480188977400       -1.60017428705397
H           -7.86877965123807       -3.27124764623702       -3.35652662294459
H            2.45242809852321       -2.25291877263553        1.11816348358135
H            2.37926358373959       -1.86391330332427        2.85065229903359
H            3.36167750175910        0.46643202262212        1.33414710435233
H            4.71515949153623       -2.45892847664676        3.38891387125061
H            6.26369995931511       -2.38683755214484        2.53942546836293
H            4.82839456885714       -3.01913473763975        1.72803754454372
H            6.83079113925416       -0.42291419318274        1.28687552311051
H            5.68458888537566        0.91693243130462        1.15386477830438
H            5.61779799346749        1.11359663126338        3.62259154913337
H            6.74947182499205       -0.22907925716438        3.77730608527182
H            7.27665156357422        2.58128055449402        2.71387727305811
H           10.00839965205980       -0.39773208184573        2.48335431215365
H            8.74232723630728       -0.74420406716747        3.66032223046160
H           10.22164223139545        0.08049213872965        4.16182219788125
H           10.49131744791538        2.56582227755342        3.73203439986119
H            9.43418479649384        3.34084227876994        2.54650202505458
H           10.59835509603690        2.11111834212728        2.03617586157664
74
 energy: -94.790991651999 gnorm: 0.000801507005 xtb: 6.7.1 (edcfbbe)
C           -0.18048228318081       -2.56268895543861        1.89596070945843
C            0.03765348313545       -1.27611286444480        1.65073734399094
C           -1.06989956652183       -0.30918771281011        1.32285342276769
C           -1.35696845555071       -0.29432403952060       -0.18100932725016
C           -0.16034512225918        0.16669456638639       -1.01828071028102
C           -0.78476834050491        0.59587483441859       -2.34301066007985
C           -2.11579427047242        1.15627964825577       -1.94923553255524
N           -2.71816303464435        1.93223377762459       -2.73821476240685
O           -3.96503477985608        2.45286965319772       -2.29561866560481
C           -5.00631797483721        2.20281978741479       -3.10941997553809
O           -4.97030689805059        1.49449694583697       -4.07941553700501
C           -6.21329976882054        2.89122829086203       -2.58679714486910
C           -7.53187986867885        2.17458604762595       -2.74222272842021
C           -7.23399241669464        3.35460797003470       -3.59549953619914
C           -2.48370225367221        0.68250728749533       -0.56462166883305
C           -3.89563654893160        0.09252363930525       -0.44246146380370
C           -4.25795357791346       -0.88562874828217       -1.55889032148304
C           -5.70105808040470       -1.36594787537550       -1.42693965396546
C           -6.13230555623698       -2.20879233446684       -2.62415963971249
C           -7.57445715199041       -2.68254383730818       -2.49278565995810
O            1.24400195100202       -0.64989425191116        1.62216863130534
C            2.40596353764013       -1.41840926819166        1.84337944064407
C            3.59642312857026       -0.52345602552348        1.68743753432766
C            4.84944457520655       -0.88610558599299        1.93527539532137
C            5.18934063671917       -2.26590729969165        2.42056915202020
C            5.98949432307304        0.07677751633241        1.77866337693124
C            6.46092585290965        0.60398408208695        3.14802971134074
C            7.58933818697349        1.57369962886903        2.97889465469283
C            8.89026988942174        1.31924193673426        3.05529720918178
C            9.49065302880449       -0.02242108134136        3.35534121774435
C            9.90860286976379        2.39995549516882        2.83285199246774
H           -1.18402890562697       -2.94517328802923        1.89004595893465
H            0.59693023369590       -3.27182979539502        2.11092836833187
H           -0.76304291605244        0.68779716747322        1.64411781056051
H           -1.97278410231045       -0.59316640829550        1.86408544017675
H           -1.63995578885034       -1.30513573670541       -0.48941627694120
H            0.58466125949194       -0.61662032183726       -1.14326356175663
H            0.32007158114720        1.01806551694225       -0.53362566962900
H           -0.19158710002419        1.31215329855812       -2.90739003326868
H           -0.96231091352174       -0.27217173096109       -2.98285072486487
H           -6.03835205073185        3.48770811492158       -1.70233522451604
H           -8.25122704001450        2.26961045166740       -1.94301640175148
H           -7.49907436871844        1.20031401607895       -3.20622116042253
H           -7.74049786571492        4.28735854045880       -3.40119274442220
H           -6.99889327924437        3.17692998994382       -4.63356981912887
H           -2.42942496000018        1.56200878741474        0.09072794586338
H           -3.97404527551240       -0.41287223855067        0.52360261114596
H           -4.62291067798161        0.90726272343600       -0.44349427425847
H           -3.58700687801729       -1.74725931865264       -1.53850293758344
H           -4.13892533337748       -0.40060249335045       -2.52942083858806
H           -6.36059832804266       -0.49764994319107       -1.34844664241961
H           -5.81163170324415       -1.94875237779508       -0.50858694481049
H           -5.47211404033132       -3.07464537572344       -2.71489049434674
H           -6.02384050248011       -1.61302005575764       -3.53305450473923
H           -8.24965509947419       -1.83277761931027       -2.41380027936199
H           -7.69518520856183       -3.29755145256814       -1.60309407196582
H           -7.86499670990127       -3.27177042349512       -3.35937056462427
H            2.45254942110095       -2.24803248399921        1.11851670847922
H            2.37857376603299       -1.86138762066063        2.85139155544455
H            3.36134398509300        0.47090405020252        1.34009531487323
H            4.71469378403113       -2.46372231570608        3.38166288900337
H            6.26316124739616       -2.38764801350996        2.53253807471230
H            4.82803368212919       -3.01622582693080        1.71783821708424
H            6.82972647921683       -0.41799738281652        1.28614834075733
H            5.68350828514132        0.92340764024270        1.16194204292054
H            5.62054851596747        1.10686114873541        3.63151988361439
H            6.75269718188340       -0.23707642193628        3.77746305172673
H            7.27788540770143        2.58059016170906        2.72923348310680
H           10.00656793737511       -0.40079730616866        2.47204488954320
H            8.74505207247330       -0.75243530437638        3.65296658440120
H           10.22750495266906        0.06801380298633        4.15302560314478
H           10.49587454803132        2.55674778291462        3.73815154100314
H            9.43538287269412        3.33989195316774        2.56000665759805
H           10.59757632065532        2.11173488095950        2.03895824810269
74
 energy: -94.790995512651 gnorm: 0.000289477021 xtb: 6.7.1 (edcfbbe)
C           -0.17989224277341       -2.56252437601624        1.89733341428131
C            0.03785341768893       -1.27604422988525        1.65108283333734
C           -1.06929213173310       -0.30911237261578        1.32197292582513
C           -1.35621528066547       -0.29468999407043       -0.18192812575786
C           -0.15993580784537        0.16659506177577       -1.01939082873290
C           -0.78449767719273        0.59649927334953       -2.34382618055307
C           -2.11576183819512        1.15605931999485       -1.94986813533981
N           -2.71810082796697        1.93262804015453       -2.73829277214213
O           -3.96485434706650        2.45310881037689       -2.29557357348788
C           -5.00612082290091        2.20309038869261       -3.10937149868834
O           -4.96992577155702        1.49495937055583       -4.07942811989584
C           -6.21303518043344        2.89144633095062       -2.58679031807392
C           -7.53131990301808        2.17420864272743       -2.74154723765126
C           -7.23442373612518        3.35418579616867       -3.59510823882900
C           -2.48325965362702        0.68181486785690       -0.56532589224969
C           -3.89533054904291        0.09235649043968       -0.44245585827440
C           -4.25815561138529       -0.88617402204527       -1.55838107294265
C           -5.70148303685863       -1.36599704550900       -1.42629575143425
C           -6.13246710043616       -2.20866866508708       -2.62367350123137
C           -7.57472921726067       -2.68234264972672       -2.49353934490543
O            1.24411535872976       -0.64969819335420        1.62315049441262
C            2.40611239888698       -1.41795918904952        1.84403240265290
C            3.59645954884236       -0.52293223437075        1.68696659630766
C            4.84945856457496       -0.88563735356336        1.93452282452848
C            5.18903007444610       -2.26532695382163        2.42016953042519
C            5.98938041131769        0.07735349342298        1.77846489429681
C            6.46046687524345        0.60337135837448        3.14811915130054
C            7.58886470447016        1.57309402070040        2.97972812882128
C            8.88973576908164        1.31867252332750        3.05551678784920
C            9.48975989148568       -0.02272144716045        3.35518607844385
C            9.90821785629047        2.39915867987894        2.83295210625431
H           -1.18309428856105       -2.94566097819785        1.89090267603653
H            0.59781286041227       -3.27097205296819        2.11388608993286
H           -0.76188623692912        0.68799907523055        1.64245366104655
H           -1.97245749865176       -0.59210074796102        1.86333096238542
H           -1.63893806632499       -1.30548692421427       -0.49029344938029
H            0.58519180384389       -0.61646780083775       -1.14479076368948
H            0.32040991613169        1.01776130399484       -0.53446096446571
H           -0.19164403317260        1.31332045464157       -2.90770260259641
H           -0.96163466188532       -0.27108525951705       -2.98420120576288
H           -6.03800927556699        3.48813463807817       -1.70252030910434
H           -8.25024343841620        2.26887306043212       -1.94206817400280
H           -7.49809467920902        1.20006363581502       -3.20542855233111
H           -7.74128232878578        4.28659924467639       -3.40063930634984
H           -6.99995501433994        3.17642066314628       -4.63328992963889
H           -2.42853575203076        1.56122489382280        0.09015412033155
H           -3.97346391663164       -0.41271182877323        0.52379329134845
H           -4.62246649692725        0.90728024898511       -0.44342256955551
H           -3.58752811791029       -1.74813190326445       -1.53790544977261
H           -4.13900715087638       -0.40138480741698       -2.52903563784273
H           -6.36086965151763       -0.49758090992342       -1.34798219478289
H           -5.81217391451592       -1.94867808199515       -0.50788042860408
H           -5.47250693248119       -3.07463204121726       -2.71375419113421
H           -6.02329782610234       -1.61312959197799       -3.53258047568700
H           -8.24995847188331       -1.83263597094868       -2.41563116061175
H           -7.69655315554866       -3.29703412841394       -1.60380782890407
H           -7.86436291386524       -3.27183937304185       -3.36016328612691
H            2.45223097686490       -2.24801882660569        1.11957430314158
H            2.37949631925736       -1.86038831709334        2.85238196281162
H            3.36121092169485        0.47185076797368        1.34036817044164
H            4.71501780172719       -2.46258188282002        3.38175230654607
H            6.26277138056450       -2.38742695662964        2.53120367943599
H            4.82670964421670       -3.01567212315377        1.71796548525246
H            6.82963056846977       -0.41667877691383        1.28541900277278
H            5.68310921639044        0.92426004662101        1.16276118175093
H            5.62005135081922        1.10565798187217        3.63206768996991
H            6.75240811792611       -0.23796020723249        3.77665288391824
H            7.27738181882170        2.57978242611113        2.73055255535177
H           10.00505246033010       -0.40091917233812        2.47181915331569
H            8.74404953281680       -0.75243290598759        3.65313169541273
H           10.22691253157685        0.06751806361837        4.15226460984944
H           10.49620686813223        2.55549100012894        3.73730242026165
H            9.43527902446723        3.33894769374445        2.56119438713954
H           10.59637657288607        2.11165262751950        2.03856932870168
74
 energy: -94.790999109977 gnorm: 0.000467835198 xtb: 6.7.1 (edcfbbe)
C           -0.17911299790501       -2.56190312770235        1.89994635196480
C            0.03806379154325       -1.27572410967702        1.65159676446932
C           -1.06836064379876       -0.30894369225977        1.32006987416613
C           -1.35506457114753       -0.29557512676649       -0.18388792083481
C           -0.15910882351985        0.16652603018496       -1.02137254365154
C           -0.78395125282797        0.59741380790113       -2.34541825014313
C           -2.11541989833205        1.15601311134451       -1.95089113205620
N           -2.71773860896783        1.93347300274315       -2.73846501587069
O           -3.96440129573074        2.45361724627949       -2.29561506620870
C           -5.00562309010255        2.20386153355047       -3.10959122063234
O           -4.96921467547472        1.49575169548211       -4.07965514996983
C           -6.21257094146308        2.89174486784053       -2.58668807478164
C           -7.53032793173514        2.17313809002007       -2.73985130903066
C           -7.23540764947981        3.35304315119802       -3.59417621683590
C           -2.48239681575213        0.68089836939977       -0.56654761126517
C           -3.89449256052425        0.09186365516181       -0.44237965706506
C           -4.25849735675351       -0.88707563801387       -1.55752519636063
C           -5.70218618884505       -1.36605363001477       -1.42537145388617
C           -6.13262822295997       -2.20883465970294       -2.62284696750708
C           -7.57536871280343       -2.68169198467236       -2.49494016744554
O            1.24417321358496       -0.64904217367642        1.62469743942152
C            2.40624452084813       -1.41680921281354        1.84542138410611
C            3.59625515880407       -0.52166992478393        1.68672289316481
C            4.84930315491075       -0.88448242024604        1.93364829992659
C            5.18868889208801       -2.26426473737817        2.41906505752907
C            5.98898262982354        0.07873923628111        1.77813281252862
C            6.45977797227133        0.60234898646181        3.14863436283806
C            7.58797754887513        1.57243297082898        2.98137046715024
C            8.88882380881832        1.31770912637913        3.05617085148244
C            9.48841727071989       -0.02390215174983        3.35473964330783
C            9.90739316552796        2.39801482651596        2.83327996482323
H           -1.18181888252570       -2.94619177026866        1.89269502975478
H            0.59906762746762       -3.26905848984026        2.11922990768921
H           -0.76003457095307        0.68833675542008        1.63930887021357
H           -1.97200737063374       -0.59024641714918        1.86152672817434
H           -1.63734642446641       -1.30651136614370       -0.49210340257461
H            0.58608250497982       -0.61630602042957       -1.14769760692270
H            0.32137560555934        1.01737760417476       -0.53602549966853
H           -0.19153238828020        1.31527951391347       -2.90836646829204
H           -0.96046318308495       -0.26944913309803       -2.98686738924479
H           -6.03732647297648        3.48907752218861       -1.70290576917093
H           -8.24855777084836        2.26722844617652       -1.93974061252620
H           -7.49631704652012        1.19896976587213       -3.20350193823847
H           -7.74284596538535        4.28503627978227       -3.39941604603398
H           -7.00190109738949        3.17517161459179       -4.63255171427733
H           -2.42691069776989        1.56022788034748        0.08907984899886
H           -3.97226796162267       -0.41248588446065        0.52428876053080
H           -4.62125741812119        0.90712592826206       -0.44344316092495
H           -3.58854674861866       -1.74957536573515       -1.53657738050678
H           -4.13900186689223       -0.40293360902284       -2.52849257453715
H           -6.36117505071522       -0.49732247166868       -1.34732345404290
H           -5.81328774232858       -1.94850160362412       -0.50687215441494
H           -5.47309078046676       -3.07518794689247       -2.71183753730428
H           -6.02197051263287       -1.61355655433107       -3.53171019974139
H           -8.25053460989397       -1.83177664326813       -2.41921344465237
H           -7.69924132073448       -3.29564547308035       -1.60498139152977
H           -7.86329406588481       -3.27185216601378       -3.36166940983213
H            2.45189914572818       -2.24785132542153        1.12202247059600
H            2.38094436611353       -1.85796500802894        2.85443750752721
H            3.36073651746783        0.47312934851061        1.34011225181622
H            4.71639127482789       -2.46043481852430        3.38174973881183
H            6.26247039474197       -2.38732434244972        2.52793848474165
H            4.82401478453694       -3.01466312712993        1.71811645194158
H            6.82923197207586       -0.41426181160960        1.28411029136082
H            5.68217711147977        0.92639204785962        1.16393905408688
H            5.61927108013245        1.10373747580282        3.63331455473131
H            6.75179022302959       -0.23986611917223        3.77575886711461
H            7.27640565383803        2.57917291714074        2.73305048297478
H           10.00250908333359       -0.40220209946895        2.47086385586937
H            8.74260918267608       -0.75324605026922        3.65334902743061
H           10.22635164663818        0.06567283606072        4.15103095312695
H           10.49709028674369        2.55266749870482        3.73659337072918
H            9.43437406621321        3.33817037413188        2.56360606031611
H           10.59370853166037        2.11102468948536        2.03724622792441
74
 energy: -94.791001503831 gnorm: 0.000341906988 xtb: 6.7.1 (edcfbbe)
C           -0.17881365172432       -2.56094005263393        1.90267988157646
C            0.03805794406825       -1.27515705247833        1.65216011374399
C           -1.06772654501590       -0.30861610134038        1.31830460414719
C           -1.35388913803248       -0.29611323284659       -0.18575581468130
C           -0.15816658044247        0.16622781564065       -1.02352754544870
C           -0.78325026303407        0.59825993836764       -2.34716914447570
C           -2.11500422385428        1.15595450579107       -1.95221500473678
N           -2.71733838201009        1.93408833228207       -2.73909223846637
O           -3.96386910519343        2.45395710058757       -2.29582359017377
C           -5.00524468713884        2.20426277064244       -3.10969287489206
O           -4.96871392738544        1.49657569108504       -4.08007499337958
C           -6.21214157973872        2.89185064517969       -2.58637829609501
C           -7.52933131354049        2.17168963215988       -2.73754409072120
C           -7.23665885467235        3.35140965804159       -3.59293573703751
C           -2.48156110488365        0.68013337577608       -0.56802416367709
C           -3.89373602807762        0.09158790531810       -0.44269149212671
C           -4.25843279257362       -0.88808042991742       -1.55692362600202
C           -5.70250238023190       -1.36606985728806       -1.42473198030449
C           -6.13262201257379       -2.20905459112357       -2.62222589574654
C           -7.57600046289568       -2.68057380451510       -2.49640564594573
O            1.24406287114940       -0.64815047383738        1.62590030156136
C            2.40618298811920       -1.41545758424520        1.84697497558988
C            3.59587050634810       -0.52036245609664        1.68642069937035
C            4.84903179714729       -0.88330585658998        1.93245548311600
C            5.18849346446728       -2.26310167228484        2.41771003827847
C            5.98839683005457        0.08030970590975        1.77789898830791
C            6.45905018611433        0.60170200586532        3.14934803554463
C            7.58723224940341        1.57196068791707        2.98334910578807
C            8.88802538355261        1.31656814254326        3.05706551457782
C            9.48720802333378       -0.02569815014184        3.35408672283242
C            9.90682162289182        2.39664622724067        2.83396979947283
H           -1.18119151424080       -2.94609730522188        1.89487969543672
H            0.59968237844675       -3.26695042925922        2.12446787779639
H           -0.75883404558415        0.68884659417556        1.63644704838982
H           -1.97187989322366       -0.58858132189023        1.85958658692128
H           -1.63586640535748       -1.30717204280436       -0.49378111264401
H            0.58693164721794       -0.61661402915218       -1.15068099953124
H            0.32259144718380        1.01668972974549       -0.53776993201363
H           -0.19113368983933        1.31714428280242       -2.90922720583272
H           -0.95919425771610       -0.26791701066103       -2.98971254771339
H           -6.03653812545499        3.48994765742284       -1.70316896961545
H           -8.24674295761219        2.26531383360789       -1.93662471914238
H           -7.49459429297710        1.19728462322218       -3.20076330380604
H           -7.74487993303156        4.28298265430710       -3.39801280166080
H           -7.00430874011979        3.17322592416828       -4.63151497643574
H           -2.42544067145380        1.55934815108709        0.08773417812243
H           -3.97097591085236       -0.41207102827934        0.52437541730935
H           -4.62029106738143        0.90705137788679       -0.44383334442461
H           -3.58915313998495       -1.75107834827885       -1.53528076401816
H           -4.13852634459659       -0.40465277883512       -2.52820637295321
H           -6.36107783285898       -0.49698009421674       -1.34729593663226
H           -5.81429552988478       -1.94807388111134       -0.50602395211892
H           -5.47386097548300       -3.07616682187868       -2.70981182151287
H           -6.02006227926956       -1.61440246040026       -3.53130023444613
H           -8.25067245681089       -1.83002000286289       -2.42329883888862
H           -7.70225716474599       -3.29326815341673       -1.60590478326850
H           -7.86253000200149       -3.27166834823160       -3.36300616344666
H            2.45145714137517       -2.24762480970056        1.12488277768975
H            2.38187265608163       -1.85508715562139        2.85672773691490
H            3.35997869691441        0.47440527615211        1.34019195993723
H            4.71896422436939       -2.45811444971931        3.38201236889972
H            6.26250686538461       -2.38727141186403        2.52331758576753
H            4.82078044862981       -3.01350479769756        1.71838598120861
H            6.82872950203233       -0.41157296208849        1.28288249870565
H            5.68121466232690        0.92901672764277        1.16523008469299
H            5.61846704710637        1.10212896855367        3.63493099355491
H            6.75107649218596       -0.24169863293594        3.77494246841025
H            7.27566743613805        2.57910729082459        2.73640414106408
H            9.99972646159100       -0.40408943944389        2.46923010372916
H            8.74134672406480       -0.75469795682820        3.65350016629405
H           10.22639201236064        0.06295569674937        4.14943567079011
H           10.49892123860629        2.54915866783012        3.73619688530038
H            9.43365599912118        3.33768508726715        2.56714366498550
H           10.59091331590377        2.11058030338546        2.03554561354637
74
 energy: -94.791001589574 gnorm: 0.000466907257 xtb: 6.7.1 (edcfbbe)
C           -0.17851430554363       -2.55997697756551        1.90541341118811
C            0.03805209659326       -1.27458999527965        1.65272346301866
C           -1.06709244623305       -0.30828851042100        1.31653933412825
C           -1.35271370491743       -0.29665133892668       -0.18762370852778
C           -0.15722433736509        0.16592960109633       -1.02568254724587
C           -0.78254927324016        0.59910606883415       -2.34892003880827
C           -2.11458854937650        1.15589590023764       -1.95353887741736
N           -2.71693815505235        1.93470366182100       -2.73971946106206
O           -3.96333691465611        2.45429695489564       -2.29603211413883
C           -5.00486628417513        2.20466400773441       -3.10979452915178
O           -4.96821317929617        1.49739968668797       -4.08049483678933
C           -6.21171221801437        2.89195642251886       -2.58606851740839
C           -7.52833469534583        2.17024117429970       -2.73523687241174
C           -7.23791005986489        3.34977616488517       -3.59169525723912
C           -2.48072539401517        0.67936838215239       -0.56950071608900
C           -3.89297949563099        0.09131215547439       -0.44300332718835
C           -4.25836822839373       -0.88908522182097       -1.55632205564342
C           -5.70281857161875       -1.36608608456135       -1.42409250672280
C           -6.13261580218762       -2.20927452254421       -2.62160482398600
C           -7.57663221298793       -2.67945562435784       -2.49787112444592
O            1.24395252871384       -0.64725877399834        1.62710316370121
C            2.40612145539028       -1.41410595567686        1.84852856707364
C            3.59548585389214       -0.51905498740936        1.68611850557589
C            4.84876043938383       -0.88212929293392        1.93126266630541
C            5.18829803684655       -2.26193860719151        2.41635501902787
C            5.98781103028560        0.08188017553838        1.77766516408720
C            6.45832239995733        0.60105502526883        3.15006170825120
C            7.58648694993170        1.57148840500516        2.98532774442590
C            8.88722695828690        1.31542715870740        3.05796017767320
C            9.48599877594768       -0.02749414853385        3.35343380235702
C            9.90625008025568        2.39527762796539        2.83465963412243
H           -1.18056414595589       -2.94600284017509        1.89706436111867
H            0.60029712942588       -3.26484236867819        2.12970584790356
H           -0.75763352021523        0.68935643293104        1.63358522656607
H           -1.97175241581358       -0.58691622663129        1.85764644566823
H           -1.63438638624854       -1.30783271946502       -0.49545882271341
H            0.58778078945605       -0.61692203787480       -1.15366439213979
H            0.32380728880827        1.01600185531621       -0.53951436435873
H           -0.19073499139847        1.31900905169137       -2.91008794337341
H           -0.95792533234724       -0.26638488822402       -2.99255770618199
H           -6.03574977793351        3.49081779265708       -1.70343217005997
H           -8.24492814437601        2.26339922103926       -1.93350882575857
H           -7.49287153943408        1.19559948057222       -3.19802466937360
H           -7.74691390067778        4.28092902883192       -3.39660955728763
H           -7.00671638285009        3.17128023374477       -4.63047823859414
H           -2.42397064513770        1.55846842182670        0.08638850724599
H           -3.96968386008205       -0.41165617209804        0.52446207408790
H           -4.61932471664167        0.90697682751152       -0.44422352792427
H           -3.58975953135125       -1.75258133082255       -1.53398414752954
H           -4.13805082230096       -0.40637194864740       -2.52792017136927
H           -6.36098061500273       -0.49663771676479       -1.34726841922162
H           -5.81530331744098       -1.94764615859857       -0.50517574982291
H           -5.47463117049925       -3.07714569686489       -2.70778610572147
H           -6.01815404590624       -1.61524836646946       -3.53089026915087
H           -8.25081030372782       -1.82826336245765       -2.42738423312486
H           -7.70527300875750       -3.29089083375311       -1.60682817500724
H           -7.86176593811816       -3.27148453044942       -3.36434291706119
H            2.45101513702216       -2.24739829397959        1.12774308478351
H            2.38280094604973       -1.85220930321383        2.85901796630260
H            3.35922087636100        0.47568120379362        1.34027166805824
H            4.72153717391089       -2.45579408091433        3.38227499898760
H            6.26254333602724       -2.38721848127834        2.51869668679342
H            4.81754611272267       -3.01234646826518        1.71865551047564
H            6.82822703198881       -0.40888411256737        1.28165470605048
H            5.68025221317402        0.93164140742591        1.16652111529910
H            5.61766301408028        1.10052046130453        3.63654743237851
H            6.75036276134232       -0.24353114669964        3.77412606970588
H            7.27492921843807        2.57904166450844        2.73975779915339
H            9.99694383984841       -0.40597677941882        2.46759635158895
H            8.74008426545353       -0.75614986338718        3.65365130515750
H           10.22643237808309        0.06023855743803        4.14784038845326
H           10.50075219046890        2.54564983695542        3.73580039987158
H            9.43293793202913        3.33719980040242        2.57068126965488
H           10.58811810014717        2.11013591728556        2.03384499916834
